Price,Date,Adj Close,Close,High,Low,Open,Volume
Ticker,,AAPL,AAPL,AAPL,AAPL,AAPL,AAPL
0,2000-01-03,0.8400941491127014,0.9994419813156128,1.004464030265808,0.9079239964485168,0.9363840222358704,535796800
1,2000-01-04,0.76926589012146,0.9151790142059326,0.9877229928970337,0.9034600257873535,0.966517984867096,512377600
2,2000-01-05,0.7805225849151611,0.9285709857940674,0.9871649742126465,0.919642984867096,0.9263389706611633,778321600
3,2000-01-06,0.712977409362793,0.8482139706611633,0.955357015132904,0.8482139706611633,0.9475449919700623,767972800
4,2000-01-07,0.7467504143714905,0.888392984867096,0.9017860293388367,0.8526790142059326,0.861607015132904,460734400
5,2000-01-10,0.7336166501045227,0.872767984867096,0.9129459857940674,0.845982015132904,0.9107139706611633,505064000
6,2000-01-11,0.6960912346839905,0.828125,0.8872770071029663,0.8080360293388367,0.8565850257873535,441548800
7,2000-01-12,0.6543449759483337,0.7784600257873535,0.8526790142059326,0.7723209857940674,0.8482139706611633,976068800
8,2000-01-13,0.7261112332344055,0.8638389706611633,0.8816959857940674,0.825892984867096,0.8436099886894226,1032684800
9,2000-01-14,0.7537859082221985,0.896763026714325,0.9129459857940674,0.8872770071029663,0.892857015132904,390376000
10,2000-01-18,0.7800536751747131,0.928013026714325,0.9464290142059326,0.896763026714325,0.9017860293388367,459177600
11,2000-01-19,0.799754798412323,0.9514510035514832,0.970982015132904,0.9229909777641296,0.9430800080299377,597643200
12,2000-01-20,0.8518209457397461,1.0133930444717407,1.0848209857940674,1.0133930444717407,1.03125,1831132800
13,2000-01-21,0.8354038000106812,0.993861973285675,1.020089030265808,0.9838169813156128,1.020089030265808,495924800
14,2000-01-24,0.7974095344543457,0.9486610293388367,1.0066959857940674,0.9386159777641296,0.9681919813156128,440876800
15,2000-01-25,0.8424394130706787,1.0022319555282593,1.010045051574707,0.9140629768371582,0.9375,497145600
16,2000-01-26,0.8269604444503784,0.9838169813156128,1.019531011581421,0.9799110293388367,0.982142984867096,367158400
17,2000-01-27,0.8255533576011658,0.982142984867096,1.0089290142059326,0.955357015132904,0.9715399742126465,340144000
18,2000-01-28,0.7626984715461731,0.9073659777641296,0.9899550080299377,0.8984379768371582,0.9659600257873535,423348800
19,2000-01-31,0.7786463499069214,0.9263389706611633,0.9274550080299377,0.84375,0.9017860293388367,701680000
20,2000-02-01,0.7523791790008545,0.8950889706611633,0.9375,0.892857015132904,0.9285709857940674,318035200
21,2000-02-02,0.7415903210639954,0.8822540044784546,0.9118300080299377,0.8660709857940674,0.8995540142059326,464195200
22,2000-02-03,0.7753633260726929,0.9224330186843872,0.9308040142059326,0.8950889706611633,0.8956469893455505,475193600
23,2000-02-04,0.8105435371398926,0.9642860293388367,0.982142984867096,0.9252229928970337,0.928013026714325,425320000
24,2000-02-07,0.8560421466827393,1.0184149742126465,1.020089030265808,0.9458709955215454,0.9642860293388367,441067200
25,2000-02-08,0.8621403574943542,1.025670051574707,1.036829948425293,0.9933040142059326,1.0178569555282593,408643200
26,2000-02-09,0.8452535271644592,1.005579948425293,1.0457589626312256,1.003906011581421,1.0189729928970337,299364800
27,2000-02-10,0.8518209457397461,1.0133930444717407,1.0167410373687744,0.982142984867096,1.0078129768371582,302982400
28,2000-02-11,0.8161718845367432,0.970982015132904,1.0189729928970337,0.966517984867096,1.0145089626312256,212251200
29,2000-02-14,0.8691762089729309,1.0340399742126465,1.0345979928970337,0.9698659777641296,0.9760040044784546,367539200
30,2000-02-15,0.8930984139442444,1.0625,1.0708709955215454,1.0284600257873535,1.0290180444717407,485744000
31,2000-02-16,0.8565112948417664,1.0189729928970337,1.0546879768371582,1.0011160373687744,1.051339030265808,378246400
32,2000-02-17,0.8621403574943542,1.025670051574707,1.03125,1.010045051574707,1.0284600257873535,289497600
33,2000-02-18,0.8349349498748779,0.9933040142059326,1.0301339626312256,0.9899550080299377,1.0234379768371582,233441600
34,2000-02-22,0.8541662096977234,1.0161830186843872,1.0440850257873535,0.9525669813156128,0.9832590222358704,422296000
35,2000-02-23,0.872459352016449,1.0379459857940674,1.0625,0.9910709857940674,1.0110210180282593,473099200
36,2000-02-24,0.8646026849746704,1.0285990238189697,1.0636160373687744,0.997767984867096,1.0474330186843872,376432000
37,2000-02-25,0.8283673524856567,0.9854909777641296,1.0446430444717407,0.9832590222358704,1.0251120328903198,249144000
38,2000-02-28,0.8499447703361511,1.011160969734192,1.026785969734192,0.9676340222358704,0.9832590222358704,328328000
39,2000-02-29,0.8602644205093384,1.0234379768371582,1.046875,1.0050220489501953,1.0139509439468384,368961600
40,2000-03-01,0.977998673915863,1.1635040044784546,1.1791290044784546,1.058035969734192,1.058593988418579,1077003200
41,2000-03-02,0.9156136512756348,1.089285969734192,1.1422990560531616,1.0775669813156128,1.1339290142059326,311259200
42,2000-03-03,0.9606437683105469,1.1428569555282593,1.144950032234192,1.0714290142059326,1.114954948425293,323366400
43,2000-03-06,0.9432883858680725,1.1222100257873535,1.1529020071029663,1.1160709857940674,1.125,210560000
44,2000-03-07,0.9221803545951843,1.0970979928970337,1.1378350257873535,1.0814729928970337,1.128906011581421,273011200
45,2000-03-08,0.9156136512756348,1.089285969734192,1.1065850257873535,1.058593988418579,1.0970979928970337,271230400
46,2000-03-09,0.9174897074699402,1.0915180444717407,1.1160709857940674,1.0558040142059326,1.0792410373687744,276718400
47,2000-03-10,0.9437577724456787,1.1227680444717407,1.1422990560531616,1.0803569555282593,1.0864959955215454,248606400
48,2000-03-13,0.9104534983634949,1.0831470489501953,1.129464030265808,1.066964030265808,1.0904020071029663,303956800
49,2000-03-14,0.8574492931365967,1.020089030265808,1.109375,1.0178569555282593,1.0823099613189697,428579200
50,2000-03-15,0.872459352016449,1.0379459857940674,1.073660969734192,1.0189729928970337,1.0323660373687744,443609600
51,2000-03-16,0.9123296737670898,1.0853790044784546,1.089285969734192,1.0223209857940674,1.0474330186843872,378100800
52,2000-03-17,0.9381285309791565,1.1160709857940674,1.1160709857940674,1.068079948425293,1.072545051574707,305043200
53,2000-03-20,0.9231186509132385,1.098214030265808,1.1272319555282593,1.0926339626312256,1.1026790142059326,204489600
54,2000-03-21,1.0127099752426147,1.2047990560531616,1.2209819555282593,1.0859379768371582,1.0943080186843872,524328000
55,2000-03-22,1.0821313858032227,1.2873879671096802,1.2890629768371582,1.1746649742126465,1.1855469942092896,567996800
56,2000-03-23,1.0605548620224,1.261718988418579,1.3426339626312256,1.25,1.2678569555282593,562564800
57,2000-03-24,1.0408533811569214,1.238281011581421,1.285156011581421,1.2098209857940674,1.2717629671096802,446913600
58,2000-03-27,1.0474209785461426,1.246093988418579,1.292410969734192,1.2220979928970337,1.228795051574707,279182400
59,2000-03-28,1.0441373586654663,1.2421879768371582,1.2678569555282593,1.224329948425293,1.2254459857940674,202966400
60,2000-03-29,1.0202152729034424,1.2137279510498047,1.2449779510498047,1.1948939561843872,1.244420051574707,239836800
61,2000-03-30,0.9437577724456787,1.1227680444717407,1.2293529510498047,1.1199779510498047,1.1925220489501953,414400000
62,2000-03-31,1.0192770957946777,1.2126120328903198,1.2254459857940674,1.125,1.1378350257873535,404633600
63,2000-04-03,1.000514268875122,1.1902899742126465,1.245535969734192,1.1556919813156128,1.2098209857940674,328563200
64,2000-04-04,0.95548415184021,1.136718988418579,1.1875,1.042410969734192,1.1841520071029663,660329600
65,2000-04-05,0.9784688949584961,1.1640629768371582,1.1863839626312256,1.1071430444717407,1.1291849613189697,457665600
66,2000-04-06,0.9395363330841064,1.1177459955215454,1.2008930444717407,1.1004459857940674,1.166295051574707,259627200
67,2000-04-07,0.9887874722480774,1.176339030265808,1.177454948425293,1.120535969734192,1.136160969734192,242435200
68,2000-04-10,0.9381285309791565,1.1160709857940674,1.1852680444717407,1.113839030265808,1.175781011581421,212262400
69,2000-04-11,0.896381676197052,1.066406011581421,1.114954948425293,1.0541290044784546,1.1026790142059326,541822400
70,2000-04-12,0.8199243545532227,0.9754459857940674,1.0625,0.9363840222358704,1.0625,941136000
71,2000-04-13,0.8541662096977234,1.0161830186843872,1.0714290142059326,0.96875,0.9955360293388367,529827200
72,2000-04-14,0.8396252393722534,0.9988840222358704,1.0535709857940674,0.9732139706611633,0.9760040044784546,667620800
73,2000-04-17,0.929685652256012,1.1060270071029663,1.1065850257873535,0.9737719893455505,0.9776790142059326,409561600
74,2000-04-18,0.9522005319595337,1.1328129768371582,1.1328129768371582,1.0658479928970337,1.1026790142059326,390924800
75,2000-04-19,0.9090464115142822,1.0814729928970337,1.1629459857940674,1.0691959857940674,1.1266740560531616,520150400
76,2000-04-20,0.8921602368354797,1.0613839626312256,1.113839030265808,1.0452009439468384,1.1043529510498047,722120000
77,2000-04-24,0.9043563008308411,1.0758930444717407,1.0758930444717407,1.0245540142059326,1.026785969734192,443620800
78,2000-04-25,0.9629887342453003,1.1456470489501953,1.1495540142059326,1.089843988418579,1.0904020071029663,391641600
79,2000-04-26,0.9104534983634949,1.0831470489501953,1.1428569555282593,1.0714290142059326,1.130579948425293,366912000
80,2000-04-27,0.9512622356414795,1.1316959857940674,1.1339290142059326,1.040876030921936,1.0463169813156128,326603200
81,2000-04-28,0.9310929775238037,1.1077009439468384,1.1383930444717407,1.0831470489501953,1.135045051574707,249580800
82,2000-05-01,0.9329686760902405,1.1099330186843872,1.1171879768371582,1.088170051574707,1.114954948425293,226195200
83,2000-05-02,0.8846552968025208,1.052454948425293,1.1272319555282593,1.0491069555282593,1.1004459857940674,236432000
84,2000-05-03,0.8635477423667908,1.027343988418579,1.082589030265808,0.9966520071029663,1.0619419813156128,489798400
85,2000-05-04,0.8307129144668579,0.9882810115814209,1.0290180444717407,0.9871649742126465,1.0279020071029663,399515200
86,2000-05-05,0.8490070104598999,1.010045051574707,1.0245540142059326,0.9885600209236145,0.9893969893455505,284076800
87,2000-05-08,0.8264912962913513,0.9832590222358704,1.0150669813156128,0.982142984867096,1.000836968421936,184900800
88,2000-05-09,0.7913110852241516,0.9414060115814209,0.9933040142059326,0.9363840222358704,0.9849330186843872,327140800
89,2000-05-10,0.7453434467315674,0.8867189884185791,0.9375,0.8816959857940674,0.9291290044784546,535091200
90,2000-05-11,0.7716107368469238,0.9179689884185791,0.9308040142059326,0.8839290142059326,0.9051340222358704,499744000
91,2000-05-12,0.8077290654182434,0.9609379768371582,0.986607015132904,0.9354069828987122,0.9464290142059326,306913600
92,2000-05-15,0.7580081820487976,0.9017860293388367,0.9648439884185791,0.8939729928970337,0.9648439884185791,678932800
93,2000-05-16,0.7931874394416809,0.943638026714325,0.9737719893455505,0.9174110293388367,0.9331750273704529,440451200
94,2000-05-17,0.7608222961425781,0.9051340222358704,0.9257810115814209,0.8962050080299377,0.9252229928970337,398092800
95,2000-05-18,0.7561322450637817,0.8995540142059326,0.9369419813156128,0.8984379768371582,0.919642984867096,373777600
96,2000-05-19,0.705473005771637,0.8392860293388367,0.8861610293388367,0.8337050080299377,0.8861610293388367,740667200
97,2000-05-22,0.6749833226203918,0.803013026714325,0.8370540142059326,0.767857015132904,0.8370540142059326,755507200
98,2000-05-23,0.6440252661705017,0.7661830186843872,0.8337050080299377,0.7645090222358704,0.8080360293388367,517585600
99,2000-05-24,0.658096969127655,0.7829239964485168,0.8013389706611633,0.7410709857940674,0.7695310115814209,678462400
100,2000-05-25,0.6549306511878967,0.7791569828987122,0.8272879719734192,0.767857015132904,0.7901790142059326,406750400
101,2000-05-26,0.648246705532074,0.7712050080299377,0.8024550080299377,0.7611610293388367,0.7857139706611633,181148800
102,2000-05-30,0.6571589112281799,0.7818080186843872,0.7868300080299377,0.7299110293388367,0.7823659777641296,713059200
103,2000-05-31,0.6304224729537964,0.75,0.814732015132904,0.7483260035514832,0.7756699919700623,433507200
104,2000-06-01,0.6688860058784485,0.7957590222358704,0.7996649742126465,0.7176340222358704,0.7299110293388367,903840000
105,2000-06-02,0.6946842670440674,0.8264510035514832,0.890625,0.794642984867096,0.8370540142059326,792848000
106,2000-06-05,0.6853028535842896,0.8152899742126465,0.8504459857940674,0.8007810115814209,0.8331469893455505,323668800
107,2000-06-06,0.6970295310020447,0.8292409777641296,0.8638389706611633,0.806361973285675,0.821150004863739,525481600
108,2000-06-07,0.7247042655944824,0.8621649742126465,0.8660709857940674,0.8180800080299377,0.8359379768371582,337019200
109,2000-06-08,0.7115702033042908,0.8465399742126465,0.8794639706611633,0.8314729928970337,0.8716520071029663,238526400
110,2000-06-09,0.71860671043396,0.8549110293388367,0.8744419813156128,0.8426340222358704,0.8638389706611633,252358400
111,2000-06-12,0.6843648552894592,0.8141739964485168,0.8610489964485168,0.8113840222358704,0.8604909777641296,290337600
112,2000-06-13,0.709225594997406,0.84375,0.8454239964485168,0.787388026714325,0.8141739964485168,351456000
113,2000-06-14,0.6787362098693848,0.8074780106544495,0.859375,0.8046879768371582,0.8454239964485168,277446400
114,2000-06-15,0.6932774186134338,0.8247770071029663,0.8337050080299377,0.794642984867096,0.814732015132904,248572800
115,2000-06-16,0.6843648552894592,0.8141739964485168,0.8370540142059326,0.7952010035514832,0.8348209857940674,303564800
116,2000-06-19,0.7251733541488647,0.8627229928970337,0.8738840222358704,0.8018969893455505,0.8085939884185791,394004800
117,2000-06-20,0.7598842978477478,0.904017984867096,0.928013026714325,0.8783479928970337,0.8794639706611633,501390400
118,2000-06-21,0.8349349498748779,0.9933040142059326,1.0167410373687744,0.8984379768371582,0.9017860293388367,490000000
119,2000-06-22,0.8067901134490967,0.9598209857940674,1.0290180444717407,0.9564729928970337,0.9955360293388367,467712000
120,2000-06-23,0.7758322954177856,0.9229909777641296,0.9754459857940674,0.9073659777641296,0.9603790044784546,204965600
121,2000-06-26,0.8124195337295532,0.966517984867096,0.9776790142059326,0.9308040142059326,0.9375,185354400
122,2000-06-27,0.7767705321311951,0.924107015132904,0.9910709857940674,0.921875,0.9603790044784546,203470400
123,2000-06-28,0.817110002040863,0.9720979928970337,0.9888389706611633,0.919642984867096,0.9520090222358704,286428800
124,2000-06-29,0.76926589012146,0.9151790142059326,0.9631699919700623,0.9118300080299377,0.9475449919700623,203660800
125,2000-06-30,0.7861518859863281,0.935267984867096,0.9810270071029663,0.9229909777641296,0.9430800080299377,323097600
126,2000-07-03,0.8002238273620605,0.9520090222358704,0.9698659777641296,0.9308040142059326,0.9308040142059326,70828800
127,2000-07-05,0.7748943567276001,0.921875,0.9854909777641296,0.90625,0.950892984867096,265216000
128,2000-07-06,0.7777084112167358,0.9252229928970337,0.9453129768371582,0.8861610293388367,0.9375,309545600
129,2000-07-07,0.817110002040863,0.9720979928970337,0.9787949919700623,0.9308040142059326,0.9391739964485168,263603200
130,2000-07-10,0.8574492931365967,1.020089030265808,1.0401790142059326,0.9598209857940674,0.9659600257873535,397796000
131,2000-07-11,0.8546351790428162,1.0167410373687744,1.058035969734192,0.9899550080299377,1.0178569555282593,357896000
132,2000-07-12,0.8837170004844666,1.051339030265808,1.052454948425293,1.0066959857940674,1.0379459857940674,225433600
133,2000-07-13,0.8480686545372009,1.0089290142059326,1.082589030265808,0.9776790142059326,1.0446430444717407,445659200
134,2000-07-14,0.8658925890922546,1.0301339626312256,1.0535709857940674,1.015625,1.020089030265808,190276800
135,2000-07-17,0.8752741813659668,1.041295051574707,1.0502229928970337,1.020089030265808,1.0401790142059326,260002400
136,2000-07-18,0.8593255877494812,1.0223209857940674,1.051339030265808,1.015625,1.0446430444717407,318404800
137,2000-07-19,0.7908421754837036,0.9408479928970337,1.0145089626312256,0.924107015132904,0.9854909777641296,457872800
138,2000-07-20,0.8274294137954712,0.984375,1.0189729928970337,0.966517984867096,0.982142984867096,465572800
139,2000-07-21,0.8039761185646057,0.9564729928970337,0.9933040142059326,0.9453129768371582,0.9707030057907104,196235200
140,2000-07-24,0.7308027148246765,0.8694199919700623,0.9441959857940674,0.8482139706611633,0.9386159777641296,412171200
141,2000-07-25,0.7514407634735107,0.8939729928970337,0.904017984867096,0.8761159777641296,0.8984379768371582,211607200
142,2000-07-26,0.7514407634735107,0.8939729928970337,0.9151790142059326,0.8794639706611633,0.8900669813156128,210470400
143,2000-07-27,0.7805225849151611,0.9285709857940674,0.950892984867096,0.890625,0.892857015132904,294985600
144,2000-07-28,0.7251733541488647,0.8627229928970337,0.9375,0.8370540142059326,0.9335939884185791,237893600
145,2000-07-31,0.7626984715461731,0.9073659777641296,0.921875,0.8705360293388367,0.8777899742126465,155299200
146,2000-08-01,0.7401830554008484,0.8805800080299377,0.9135040044784546,0.8794639706611633,0.8984379768371582,137284000
147,2000-08-02,0.709225594997406,0.84375,0.8917409777641296,0.8426340222358704,0.875,162355200
148,2000-08-03,0.7204828858375549,0.857142984867096,0.8582590222358704,0.7901790142059326,0.8136159777641296,339897600
149,2000-08-04,0.7111013531684875,0.845982015132904,0.9151790142059326,0.8270090222358704,0.8833709955215454,263121600
150,2000-08-07,0.7195447683334351,0.8560270071029663,0.8761159777641296,0.8426340222358704,0.8549110293388367,187348000
151,2000-08-08,0.7017198801040649,0.8348209857940674,0.857142984867096,0.8270090222358704,0.8560270071029663,176674400
152,2000-08-09,0.712977409362793,0.8482139706611633,0.8649550080299377,0.84375,0.859375,379640800
153,2000-08-10,0.7139154672622681,0.8493300080299377,0.8649550080299377,0.845982015132904,0.857142984867096,251714400
154,2000-08-11,0.7157924771308899,0.8515629768371582,0.857142984867096,0.8136159777641296,0.8364959955215454,238056000
155,2000-08-14,0.7064109444618225,0.8404020071029663,0.8515629768371582,0.8270090222358704,0.849888026714325,156660000
156,2000-08-15,0.7007818222045898,0.8337050080299377,0.8560270071029663,0.830357015132904,0.84375,114200800
157,2000-08-16,0.7279874086380005,0.8660709857940674,0.875,0.8359379768371582,0.8370540142059326,143673600
158,2000-08-17,0.7720800042152405,0.9185270071029663,0.9363840222358704,0.8627229928970337,0.8638389706611633,270900000
159,2000-08-18,0.7505030035972595,0.892857015132904,0.9252229928970337,0.890625,0.9174110293388367,190176000
160,2000-08-21,0.7580081820487976,0.9017860293388367,0.9207590222358704,0.8861610293388367,0.8973209857940674,134467200
161,2000-08-22,0.7758322954177856,0.9229909777641296,0.9430800080299377,0.8995540142059326,0.904017984867096,276802400
162,2000-08-23,0.8152337670326233,0.9698659777641296,0.9776790142059326,0.9118300080299377,0.9190850257873535,236863200
163,2000-08-24,0.8422050476074219,1.0019530057907104,1.011160969734192,0.953125,0.9762830138206482,310766400
164,2000-08-25,0.8527588844299316,1.0145089626312256,1.026785969734192,1.0066959857940674,1.0089290142059326,334460000
165,2000-08-28,0.8715214133262634,1.036829948425293,1.0535709857940674,1.0189729928970337,1.0223209857940674,359004800
166,2000-08-29,0.8884080052375793,1.056920051574707,1.0613839626312256,1.0301339626312256,1.0334819555282593,267030400
167,2000-08-30,0.8930984139442444,1.0625,1.0714290142059326,1.0482699871063232,1.0535709857940674,285392800
168,2000-08-31,0.9146755933761597,1.088170051574707,1.098214030265808,1.052454948425293,1.0530129671096802,419596800
169,2000-09-01,0.9522005319595337,1.1328129768371582,1.136160969734192,1.0915180444717407,1.0948660373687744,256872000
170,2000-09-05,0.9371904134750366,1.114954948425293,1.145089030265808,1.1116069555282593,1.1188620328903198,298642400
171,2000-09-06,0.8771506547927856,1.0435270071029663,1.113839030265808,1.03125,1.0959819555282593,355404000
172,2000-09-07,0.9306237101554871,1.1071430444717407,1.1171879768371582,1.0401790142059326,1.0558040142059326,217464800
173,2000-09-08,0.8837170004844666,1.051339030265808,1.1004459857940674,1.0446430444717407,1.1004459857940674,195518400
174,2000-09-11,0.8771506547927856,1.0435270071029663,1.078125,1.0379459857940674,1.0479910373687744,187381600
175,2000-09-12,0.8668310046195984,1.03125,1.072545051574707,1.0178569555282593,1.0239959955215454,187997600
176,2000-09-13,0.8705829381942749,1.035714030265808,1.0625,1.0133930444717407,1.0133930444717407,305984000
177,2000-09-14,0.8534627556800842,1.0153460502624512,1.0647319555282593,1.0145089626312256,1.0457589626312256,426552000
178,2000-09-15,0.8290709257125854,0.9863280057907104,1.0390629768371582,0.96875,1.03125,394514400
179,2000-09-18,0.9104534983634949,1.0831470489501953,1.0848209857940674,0.9832590222358704,0.986607015132904,424536000
180,2000-09-19,0.8996658325195312,1.0703129768371582,1.0803569555282593,1.0457589626312256,1.066964030265808,271510400
181,2000-09-20,0.9163177013397217,1.0901230573654175,1.0970979928970337,1.0457589626312256,1.0608259439468384,227388000
182,2000-09-21,0.8508827090263367,1.0122770071029663,1.0647319555282593,0.986607015132904,1.0446430444717407,510490400
183,2000-09-22,0.7833376526832581,0.9319199919700623,0.9363840222358704,0.892857015132904,0.8984379768371582,726700800
184,2000-09-25,0.8030379414558411,0.955357015132904,0.9910709857940674,0.9296879768371582,0.9419639706611633,435551200
185,2000-09-26,0.7720800042152405,0.9185270071029663,0.9776790142059326,0.9174110293388367,0.9520090222358704,290936800
186,2000-09-27,0.7345549464225769,0.8738840222358704,0.9419639706611633,0.861607015132904,0.924107015132904,402259200
187,2000-09-28,0.8030379414558411,0.955357015132904,0.9609379768371582,0.859375,0.8805800080299377,979585600
188,2000-09-29,0.38650861382484436,0.4598209857940674,0.517857015132904,0.453125,0.5033479928970337,7421640800
189,2000-10-02,0.36399415135383606,0.4330359995365143,0.4776790142059326,0.41964301466941833,0.4765630066394806,2424788800
190,2000-10-03,0.33491235971450806,0.3984380066394806,0.4464290142059326,0.39620500802993774,0.4453130066394806,2038120000
191,2000-10-04,0.354612797498703,0.421875,0.42410698533058167,0.390625,0.3995540142059326,1466024000
192,2000-10-05,0.33115920424461365,0.3939729928970337,0.4375,0.39285698533058167,0.41964301466941833,873006400
193,2000-10-06,0.3330354392528534,0.39620500802993774,0.4095979928970337,0.375,0.405133992433548,612656800
194,2000-10-09,0.326468825340271,0.38839301466941833,0.40848198533058167,0.37723198533058167,0.40401801466941833,597564800
195,2000-10-10,0.31333503127098083,0.37276801466941833,0.40066999197006226,0.3660709857940674,0.3861609995365143,691101600
196,2000-10-11,0.29457199573516846,0.3504459857940674,0.375,0.34151801466941833,0.359375,1198422400
197,2000-10-12,0.30020129680633545,0.35714301466941833,0.3716520071029663,0.3482140004634857,0.3627229928970337,1191064000
198,2000-10-13,0.33115920424461365,0.3939729928970337,0.3950890004634857,0.35714301466941833,0.36160698533058167,1247752800
199,2000-10-16,0.32271668314933777,0.3839290142059326,0.4151790142059326,0.3816959857940674,0.3984380066394806,820176000
200,2000-10-17,0.30207744240760803,0.359375,0.391741007566452,0.3515630066394806,0.3872770071029663,601720000
201,2000-10-18,0.30207744240760803,0.359375,0.376116007566452,0.3348209857940674,0.3470979928970337,834265600
202,2000-10-19,0.28425320982933044,0.33816999197006226,0.35379499197006226,0.327008992433548,0.34207600355148315,1506724800
203,2000-10-20,0.29269593954086304,0.3482140004634857,0.3638390004634857,0.33816999197006226,0.3404020071029663,791263200
204,2000-10-23,0.3058297634124756,0.3638390004634857,0.3671880066394806,0.3470979928970337,0.36188599467277527,551292000
205,2000-10-24,0.28331512212753296,0.3370540142059326,0.37276801466941833,0.3359380066394806,0.36941999197006226,804451200
206,2000-10-25,0.2776859998703003,0.33035698533058167,0.342633992433548,0.329241007566452,0.3404020071029663,663969600
207,2000-10-26,0.2776859998703003,0.33035698533058167,0.3370540142059326,0.3125,0.3359380066394806,721851200
208,2000-10-27,0.2786239981651306,0.3314729928970337,0.342633992433548,0.3191959857940674,0.3370540142059326,744503200
209,2000-10-30,0.2898816764354706,0.344866007566452,0.3560270071029663,0.3348209857940674,0.34151801466941833,639189600
210,2000-10-31,0.2936338782310486,0.34933000802993774,0.36160698533058167,0.34375,0.3526790142059326,885880800
211,2000-11-01,0.3077058792114258,0.3660709857940674,0.37276801466941833,0.3470979928970337,0.3470979928970337,575366400
212,2000-11-02,0.33491235971450806,0.3984380066394806,0.40066999197006226,0.376116007566452,0.37723198533058167,590693600
213,2000-11-03,0.33397337794303894,0.3973209857940674,0.4107140004634857,0.391741007566452,0.4107140004634857,515821600
214,2000-11-06,0.3217785358428955,0.3828130066394806,0.40401801466941833,0.37276801466941833,0.40066999197006226,393478400
215,2000-11-07,0.31990158557891846,0.38058000802993774,0.389508992433548,0.3716520071029663,0.3839290142059326,301963200
216,2000-11-08,0.3011392652988434,0.358258992433548,0.3828130066394806,0.35379499197006226,0.3816959857940674,422088800
217,2000-11-09,0.30301547050476074,0.360491007566452,0.3660709857940674,0.3404020071029663,0.3549109995365143,476834400
218,2000-11-10,0.2861294746398926,0.3404020071029663,0.3549109995365143,0.3404020071029663,0.34570300579071045,422251200
219,2000-11-13,0.2908197343349457,0.34598198533058167,0.35714301466941833,0.32589301466941833,0.3348209857940674,431816000
220,2000-11-14,0.3039535582065582,0.36160698533058167,0.3660709857940674,0.34933000802993774,0.3560270071029663,409001600
221,2000-11-15,0.29832515120506287,0.3549109995365143,0.360491007566452,0.34375,0.35770100355148315,282357600
222,2000-11-16,0.2851913273334503,0.3392859995365143,0.35379499197006226,0.3370540142059326,0.3482140004634857,239372000
223,2000-11-17,0.2776859998703003,0.33035698533058167,0.34375,0.32589301466941833,0.342633992433548,446180000
224,2000-11-20,0.28425320982933044,0.33816999197006226,0.3482140004634857,0.32589301466941833,0.3320310115814209,408066400
225,2000-11-21,0.28237706422805786,0.3359380066394806,0.3482140004634857,0.3348209857940674,0.342633992433548,301952000
226,2000-11-22,0.2776859998703003,0.33035698533058167,0.34151801466941833,0.328125,0.3359380066394806,280532000
227,2000-11-24,0.2898816764354706,0.344866007566452,0.3482140004634857,0.3359380066394806,0.336775004863739,160932800
228,2000-11-27,0.28050023317337036,0.33370500802993774,0.3560270071029663,0.33035698533058167,0.3549109995365143,258792800
229,2000-11-28,0.27065038681030273,0.32198700308799744,0.3392859995365143,0.3203130066394806,0.33370500802993774,269124800
230,2000-11-29,0.26361405849456787,0.313616007566452,0.327008992433548,0.3080359995365143,0.32310301065444946,492150400
231,2000-11-30,0.2476661205291748,0.29464301466941833,0.3035709857940674,0.2879459857940674,0.297991007566452,809597600
232,2000-12-01,0.2561095356941223,0.3046880066394806,0.3125,0.3002229928970337,0.3035709857940674,385705600
233,2000-12-04,0.2504803538322449,0.297991007566452,0.30691999197006226,0.2935270071029663,0.30691999197006226,371520800
234,2000-12-05,0.25517064332962036,0.3035709857940674,0.311383992433548,0.2924109995365143,0.30245500802993774,613978400
235,2000-12-06,0.21483120322227478,0.25558000802993774,0.26785698533058167,0.25,0.2611609995365143,1374464000
236,2000-12-07,0.21483120322227478,0.25558000802993774,0.265625,0.25,0.2578130066394806,408917600
237,2000-12-08,0.22608885169029236,0.2689729928970337,0.2734380066394806,0.2578130066394806,0.264508992433548,435624000
238,2000-12-11,0.22796501219272614,0.27120500802993774,0.2745540142059326,0.265625,0.27120500802993774,332511200
239,2000-12-12,0.23078007996082306,0.2745540142059326,0.2857140004634857,0.26785698533058167,0.2723209857940674,386260000
240,2000-12-13,0.22515073418617249,0.26785698533058167,0.2779020071029663,0.265625,0.2779020071029663,344887200
241,2000-12-14,0.2167082130908966,0.2578130066394806,0.2723209857940674,0.2578130066394806,0.26841500401496887,263317600
242,2000-12-15,0.2110789269208908,0.251116007566452,0.2622770071029663,0.25,0.26004499197006226,513945600
243,2000-12-18,0.2138930708169937,0.2544640004634857,0.2611609995365143,0.24888400733470917,0.26004499197006226,325808000
244,2000-12-19,0.21014080941677094,0.25,0.2723209857940674,0.25,0.2566959857940674,374007200
245,2000-12-20,0.2157691866159439,0.2566959857940674,0.2611609995365143,0.24330399930477142,0.2460940033197403,565331200
246,2000-12-21,0.2110789269208908,0.251116007566452,0.26785698533058167,0.24776799976825714,0.2544640004634857,366844800
247,2000-12-22,0.22515073418617249,0.26785698533058167,0.26785698533058167,0.25223198533058167,0.25223198533058167,318052000
248,2000-12-26,0.22046039998531342,0.2622770071029663,0.26785698533058167,0.2544640004634857,0.265625,216815200
249,2000-12-27,0.2223365157842636,0.264508992433548,0.264508992433548,0.2533479928970337,0.25613799691200256,325466400
250,2000-12-28,0.2223365157842636,0.264508992433548,0.266741007566452,0.25558000802993774,0.2566959857940674,305177600
251,2000-12-29,0.2232746034860611,0.265625,0.26785698533058167,0.2589290142059326,0.2622770071029663,630336000
252,2001-01-02,0.2232746034860611,0.265625,0.2723209857940674,0.26004499197006226,0.265625,452312000
253,2001-01-03,0.2457900196313858,0.2924109995365143,0.297991007566452,0.2578130066394806,0.2589290142059326,817073600
254,2001-01-04,0.2561095356941223,0.3046880066394806,0.33035698533058167,0.3002229928970337,0.3239400088787079,739396000
255,2001-01-05,0.2457900196313858,0.2924109995365143,0.31026801466941833,0.28683000802993774,0.30245500802993774,412356000
256,2001-01-08,0.2486042082309723,0.295758992433548,0.30329200625419617,0.2845979928970337,0.30245500802993774,373699200
257,2001-01-09,0.2579856216907501,0.30691999197006226,0.31501099467277527,0.295758992433548,0.3002229928970337,588929600
258,2001-01-10,0.2486042082309723,0.295758992433548,0.3035709857940674,0.28683000802993774,0.297991007566452,580781600
259,2001-01-11,0.27018141746520996,0.3214290142059326,0.33035698533058167,0.2901790142059326,0.2901790142059326,803734400
260,2001-01-12,0.2579856216907501,0.30691999197006226,0.3214290142059326,0.3046880066394806,0.3191959857940674,423376800
261,2001-01-16,0.25704774260520935,0.3058040142059326,0.32589301466941833,0.3035709857940674,0.311383992433548,306118400
262,2001-01-17,0.2523564100265503,0.3002229928970337,0.313616007566452,0.29464301466941833,0.313616007566452,840873600
263,2001-01-18,0.28050023317337036,0.33370500802993774,0.3348209857940674,0.31473198533058167,0.31808000802993774,1227010400
264,2001-01-19,0.29269593954086304,0.3482140004634857,0.34933000802993774,0.33370500802993774,0.3470979928970337,776664000
265,2001-01-22,0.2889436185359955,0.34375,0.3504459857940674,0.329241007566452,0.3404020071029663,519327200
266,2001-01-23,0.3077058792114258,0.3660709857940674,0.373883992433548,0.3404020071029663,0.344866007566452,879530400
267,2001-01-24,0.3077058792114258,0.3660709857940674,0.36941999197006226,0.34933000802993774,0.3683040142059326,717091200
268,2001-01-25,0.2992631494998932,0.3560270071029663,0.3671880066394806,0.3526790142059326,0.3671880066394806,489708800
269,2001-01-26,0.2936338782310486,0.34933000802993774,0.35379499197006226,0.3404020071029663,0.3482140004634857,482820800
270,2001-01-29,0.3255307972431183,0.3872770071029663,0.38839301466941833,0.34933000802993774,0.34933000802993774,855528800
271,2001-01-30,0.326468825340271,0.38839301466941833,0.39285698533058167,0.37276801466941833,0.38504499197006226,692423200
272,2001-01-31,0.3245927393436432,0.3861609995365143,0.4017859995365143,0.3828130066394806,0.3839290142059326,730704800
273,2001-02-01,0.3170872926712036,0.37723198533058167,0.3839290142059326,0.3660709857940674,0.36941999197006226,369695200
274,2001-02-02,0.30958274006843567,0.3683040142059326,0.391741007566452,0.3660709857940674,0.37723198533058167,427341600
275,2001-02-05,0.30301547050476074,0.360491007566452,0.3671880066394806,0.3526790142059326,0.3660709857940674,286115200
276,2001-02-06,0.3170872926712036,0.37723198533058167,0.381974995136261,0.35714301466941833,0.3599329888820648,462711200
277,2001-02-07,0.311458945274353,0.3705359995365143,0.37276801466941833,0.35379499197006226,0.36886200308799744,393887200
278,2001-02-08,0.311458945274353,0.3705359995365143,0.376116007566452,0.360491007566452,0.3671880066394806,604128000
279,2001-02-09,0.2870675325393677,0.34151801466941833,0.3716520071029663,0.33370500802993774,0.3660709857940674,590083200
280,2001-02-12,0.2955109775066376,0.3515630066394806,0.35714301466941833,0.3359380066394806,0.3404020071029663,274120000
281,2001-02-13,0.2870675325393677,0.34151801466941833,0.36495500802993774,0.3392859995365143,0.3560270071029663,237070400
282,2001-02-14,0.29269593954086304,0.3482140004634857,0.3504459857940674,0.33035698533058167,0.342633992433548,309120000
283,2001-02-15,0.3011392652988434,0.358258992433548,0.3671880066394806,0.3515630066394806,0.3515630066394806,311416000
284,2001-02-16,0.2851913273334503,0.3392859995365143,0.3482140004634857,0.3348209857940674,0.3392859995365143,263911200
285,2001-02-20,0.274871826171875,0.327008992433548,0.3470979928970337,0.3247770071029663,0.342633992433548,314893600
286,2001-02-21,0.28331512212753296,0.3370540142059326,0.3560270071029663,0.32589301466941833,0.32589301466941833,390258400
287,2001-02-22,0.28237706422805786,0.3359380066394806,0.34598198533058167,0.3214290142059326,0.3404020071029663,431961600
288,2001-02-23,0.28237706422805786,0.3359380066394806,0.3370540142059326,0.32589301466941833,0.3325890004634857,293865600
289,2001-02-26,0.29269593954086304,0.3482140004634857,0.3515630066394806,0.3314729928970337,0.3404020071029663,206438400
290,2001-02-27,0.2908197343349457,0.34598198533058167,0.3470979928970337,0.33370500802993774,0.3443079888820648,348516000
291,2001-02-28,0.27393367886543274,0.32589301466941833,0.3470979928970337,0.3236609995365143,0.34598198533058167,508233600
292,2001-03-01,0.28143826127052307,0.3348209857940674,0.3348209857940674,0.30691999197006226,0.31808000802993774,330461600
293,2001-03-02,0.2889436185359955,0.34375,0.36495500802993774,0.32589301466941833,0.327008992433548,406201600
294,2001-03-05,0.3058297634124756,0.3638390004634857,0.3660709857940674,0.34375,0.34598198533058167,324172800
295,2001-03-06,0.32271668314933777,0.3839290142059326,0.3939729928970337,0.36941999197006226,0.36997801065444946,731802400
296,2001-03-07,0.31896349787712097,0.3794640004634857,0.3861609995365143,0.3705359995365143,0.38058000802993774,419540800
297,2001-03-08,0.31239697337150574,0.3716520071029663,0.37723198533058167,0.36495500802993774,0.36941999197006226,204859200
298,2001-03-09,0.3039535582065582,0.36160698533058167,0.36941999197006226,0.35714301466941833,0.3683040142059326,299135200
299,2001-03-12,0.2795620858669281,0.3325890004634857,0.3549109995365143,0.3236609995365143,0.3515630066394806,391020000
300,2001-03-13,0.2936338782310486,0.34933000802993774,0.34933000802993774,0.3247770071029663,0.3370540142059326,443329600
301,2001-03-14,0.30676785111427307,0.36495500802993774,0.3660709857940674,0.329241007566452,0.33035698533058167,477775200
302,2001-03-15,0.2955109775066376,0.3515630066394806,0.3816959857940674,0.3515630066394806,0.37276801466941833,529317600
303,2001-03-16,0.29457199573516846,0.3504459857940674,0.3627229928970337,0.3370540142059326,0.3392859995365143,470316000
304,2001-03-19,0.30864471197128296,0.3671880066394806,0.3683040142059326,0.3482140004634857,0.3526790142059326,356008800
305,2001-03-20,0.2955109775066376,0.3515630066394806,0.373883992433548,0.3515630066394806,0.36997801065444946,499206400
306,2001-03-21,0.30207744240760803,0.359375,0.37276801466941833,0.34598198533058167,0.35323700308799744,371375200
307,2001-03-22,0.3245927393436432,0.3861609995365143,0.38839301466941833,0.360491007566452,0.3638390004634857,723301600
308,2001-03-23,0.3452310562133789,0.4107140004634857,0.420758992433548,0.39285698533058167,0.3939729928970337,944888000
309,2001-03-26,0.32691940665245056,0.38892900943756104,0.42410698533058167,0.3773210048675537,0.4130359888076782,734451200
310,2001-03-27,0.3432801067829132,0.408392995595932,0.4116069972515106,0.39107099175453186,0.39178600907325745,543821600
311,2001-03-28,0.3327731490135193,0.39589300751686096,0.4017859995365143,0.3839290142059326,0.39428600668907166,584662400
312,2001-03-29,0.3381762206554413,0.4023210108280182,0.41874998807907104,0.3839290142059326,0.38874998688697815,613065600
313,2001-03-30,0.33127179741859436,0.39410701394081116,0.4057140052318573,0.381071001291275,0.4026789963245392,400349600
314,2001-04-02,0.3240673542022705,0.38553598523139954,0.4046429991722107,0.3821429908275604,0.39446398615837097,340911200
315,2001-04-03,0.30380383133888245,0.36142900586128235,0.3821429908275604,0.35946398973464966,0.381428986787796,368687200
316,2001-04-04,0.29269593954086304,0.3482140004634857,0.36160698533058167,0.3348209857940674,0.35285699367523193,685484800
317,2001-04-05,0.31326016783714294,0.3726789951324463,0.4017859995365143,0.35714301466941833,0.3678570091724396,446762400
318,2001-04-06,0.3090575635433197,0.36767899990081787,0.3757140040397644,0.35535699129104614,0.3714289963245392,324889600
319,2001-04-09,0.30830681324005127,0.36678600311279297,0.381071001291275,0.35821399092674255,0.3694640100002289,266582400
320,2001-04-10,0.33082133531570435,0.39357098937034607,0.4053570032119751,0.3710710108280182,0.3732140064239502,457374400
321,2001-04-11,0.32721948623657227,0.38928601145744324,0.4107140004634857,0.3799999952316284,0.4103569984436035,334096000
322,2001-04-12,0.3365253508090973,0.4003570079803467,0.4110710024833679,0.3776789903640747,0.3824999928474426,298933600
323,2001-04-16,0.3218155801296234,0.38285699486732483,0.4000000059604645,0.3725000023841858,0.39446398615837097,285224800
324,2001-04-17,0.3062054216861725,0.36428600549697876,0.3787499964237213,0.3499999940395355,0.3785710036754608,685199200
325,2001-04-18,0.3420790433883667,0.4069640040397644,0.4300000071525574,0.3764289915561676,0.3851790130138397,1100842400
326,2001-04-19,0.3860589563846588,0.45928600430488586,0.4598209857940674,0.42142900824546814,0.45625001192092896,1873670400
327,2001-04-20,0.37585192918777466,0.44714298844337463,0.45767900347709656,0.4392859935760498,0.4451789855957031,693403200
328,2001-04-23,0.36399415135383606,0.4330359995365143,0.4464290142059326,0.4285709857940674,0.4346430003643036,541525600
329,2001-04-24,0.3606916666030884,0.42910701036453247,0.4419640004634857,0.41982099413871765,0.4344640076160431,377137600
330,2001-04-25,0.37104901671409607,0.4414289891719818,0.443928986787796,0.42089301347732544,0.4323210120201111,330780800
331,2001-04-26,0.3705984354019165,0.4408929944038391,0.4660710096359253,0.4407140016555786,0.44946399331092834,799696800
332,2001-04-27,0.3932633697986603,0.4678570032119751,0.4694640040397644,0.4419640004634857,0.44999998807907104,453012000
333,2001-04-30,0.38260677456855774,0.45517900586128235,0.48428601026535034,0.4441069960594177,0.4767859876155853,494776800
334,2001-05-01,0.38921093940734863,0.4630360007286072,0.4732140004634857,0.44999998807907104,0.45375001430511475,427252000
335,2001-05-02,0.39911705255508423,0.474821001291275,0.4767859876155853,0.46000000834465027,0.4703570008277893,368524800
336,2001-05-03,0.3746508061885834,0.44571399688720703,0.46875,0.4416069984436035,0.4637500047683716,301543200
337,2001-05-04,0.38650861382484436,0.4598209857940674,0.4616070091724396,0.42785701155662537,0.4328570067882538,281052800
338,2001-05-07,0.3746508061885834,0.44571399688720703,0.46000000834465027,0.443571001291275,0.45750001072883606,276550400
339,2001-05-08,0.3687972128391266,0.4387499988079071,0.45446398854255676,0.42767900228500366,0.45267900824546814,315436800
340,2001-05-09,0.3599410355091095,0.42821401357650757,0.4383929967880249,0.42267900705337524,0.431071013212204,324889600
341,2001-05-10,0.3452310562133789,0.4107140004634857,0.4375,0.4098210036754608,0.4323210120201111,288976800
342,2001-05-11,0.3429800868034363,0.4080359935760498,0.41946399211883545,0.4064289927482605,0.4108929932117462,203044800
343,2001-05-14,0.34958431124687195,0.41589298844337463,0.42285698652267456,0.40625,0.4087499976158142,309220800
344,2001-05-15,0.34793350100517273,0.4139289855957031,0.45535698533058167,0.4114289879798889,0.41732099652290344,237025600
345,2001-05-16,0.3617423474788666,0.4303570091724396,0.4375,0.4080359935760498,0.41535699367523193,322330400
346,2001-05-17,0.35348716378211975,0.42053601145744324,0.4344640076160431,0.4151790142059326,0.4326789975166321,332119200
347,2001-05-18,0.35318705439567566,0.42017900943756104,0.42214301228523254,0.4128569960594177,0.41714298725128174,159051200
348,2001-05-21,0.35363680124282837,0.42071399092674255,0.42696401476860046,0.4116069972515106,0.42196398973464966,460997600
349,2001-05-22,0.3527365028858185,0.41964301466941833,0.4308930039405823,0.41785699129104614,0.4285709857940674,412916000
350,2001-05-23,0.3486833870410919,0.41482099890708923,0.42410698533058167,0.4082140028476715,0.42410698533058167,281041600
351,2001-05-24,0.34823349118232727,0.4142859876155853,0.41607099771499634,0.4039289951324463,0.41589298844337463,271756800
352,2001-05-25,0.3416293263435364,0.4064289927482605,0.41589298844337463,0.4017859995365143,0.4142859876155853,158743200
353,2001-05-29,0.3222661018371582,0.38339298963546753,0.4017859995365143,0.3716070055961609,0.3985710144042969,515989600
354,2001-05-30,0.2968987822532654,0.35321399569511414,0.370714008808136,0.3446429967880249,0.370714008808136,777078400
355,2001-05-31,0.2994506061077118,0.35624998807907104,0.36142900586128235,0.348035991191864,0.35357099771499634,442892800
356,2001-06-01,0.3135603666305542,0.3730359971523285,0.3766070008277893,0.35678601264953613,0.35946398973464966,456075200
357,2001-06-04,0.3101081848144531,0.368928998708725,0.3769640028476715,0.36535701155662537,0.3764289915561676,281920800
358,2001-06-05,0.31431105732917786,0.3739289939403534,0.3767859935760498,0.36339300870895386,0.3714289963245392,471794400
359,2001-06-06,0.3111588656902313,0.3701789975166321,0.3737500011920929,0.36303600668907166,0.3737500011920929,223176800
360,2001-06-07,0.3251180648803711,0.38678601384162903,0.38749998807907104,0.36517900228500366,0.3698210120201111,325180800
361,2001-06-08,0.3200141489505768,0.3807139992713928,0.38660699129104614,0.3698210120201111,0.38660699129104614,342624800
362,2001-06-11,0.30080151557922363,0.35785698890686035,0.3762499988079071,0.35624998807907104,0.3758929967880249,294000000
363,2001-06-12,0.3048546612262726,0.36267900466918945,0.3694640100002289,0.35285699367523193,0.35303598642349243,303794400
364,2001-06-13,0.30725616216659546,0.36553600430488586,0.38803601264953613,0.35821399092674255,0.3824999928474426,511487200
365,2001-06-14,0.298399955034256,0.35499998927116394,0.36517900228500366,0.35303598642349243,0.35785698890686035,297348800
366,2001-06-15,0.3068056106567383,0.36500000953674316,0.3705359995365143,0.3455359935760498,0.35892900824546814,454624800
367,2001-06-18,0.3051546812057495,0.36303600668907166,0.3723210096359253,0.35714301466941833,0.36446401476860046,345912000
368,2001-06-19,0.3030532896518707,0.36053600907325745,0.3821429908275604,0.35732099413871765,0.3723210096359253,321087200
369,2001-06-20,0.3252677321434021,0.38696399331092834,0.39017900824546814,0.35678601264953613,0.35714301466941833,431620000
370,2001-06-21,0.33757609128952026,0.4016070067882538,0.4107140004634857,0.3767859935760498,0.38482099771499634,341331200
371,2001-06-22,0.3341238796710968,0.39750000834465027,0.4107140004634857,0.38857099413871765,0.4014289975166321,286025600
372,2001-06-25,0.3600914478302002,0.42839300632476807,0.4285709857940674,0.4008930027484894,0.4017859995365143,439549600
373,2001-06-26,0.3564887046813965,0.42410698533058167,0.42446398735046387,0.4108929932117462,0.41678598523139954,272781600
374,2001-06-27,0.3503350019454956,0.41678598523139954,0.4285709857940674,0.4017859995365143,0.42553600668907166,374130400
375,2001-06-28,0.3533366322517395,0.42035698890686035,0.42696401476860046,0.4096429944038391,0.4116069972515106,348409600
376,2001-06-29,0.3489842712879181,0.4151790142059326,0.44821399450302124,0.4142859876155853,0.42250001430511475,515390400
377,2001-07-02,0.3587406873703003,0.42678600549697876,0.4326789975166321,0.4132139980792999,0.42214301228523254,230048000
378,2001-07-03,0.35783955454826355,0.42571398615837097,0.4317860007286072,0.41964301466941833,0.41982099413871765,112543200
379,2001-07-05,0.3480830788612366,0.41410699486732483,0.42446398735046387,0.4108929932117462,0.42142900824546814,152292000
380,2001-07-06,0.33067166805267334,0.39339300990104675,0.4099999964237213,0.38785699009895325,0.4064289927482605,302920800
381,2001-07-09,0.340728223323822,0.4053570032119751,0.4107140004634857,0.38714298605918884,0.39446398615837097,337467200
382,2001-07-10,0.317312628030777,0.3774999976158142,0.4119639992713928,0.3721430003643036,0.4098210036754608,395270400
383,2001-07-11,0.3383268117904663,0.4025000035762787,0.4026789963245392,0.375,0.3755359947681427,470506400
384,2001-07-12,0.36564505100250244,0.4350000023841858,0.4430359899997711,0.41607099771499634,0.41607099771499634,614801600
385,2001-07-13,0.37300002574920654,0.4437499940395355,0.44660699367523193,0.42571398615837097,0.4308930039405823,454742400
386,2001-07-16,0.3596409559249878,0.42785701155662537,0.44821399450302124,0.42696401476860046,0.4442859888076782,278667200
387,2001-07-17,0.37675222754478455,0.44821399450302124,0.45035699009895325,0.4108929932117462,0.42821401357650757,647830400
388,2001-07-18,0.31205904483795166,0.3712500035762787,0.4067859947681427,0.36464300751686096,0.38892900943756104,1137012800
389,2001-07-19,0.29960110783576965,0.35642901062965393,0.3824999928474426,0.3526790142059326,0.3791069984436035,861140000
390,2001-07-20,0.29990115761756897,0.35678601264953613,0.35821399092674255,0.348035991191864,0.3517859876155853,444584000
391,2001-07-23,0.29329681396484375,0.3489289879798889,0.3660709857940674,0.3483929932117462,0.35874998569488525,241360000
392,2001-07-24,0.2865421175956726,0.3408930003643036,0.35571399331092834,0.33446401357650757,0.3462499976158142,348376000
393,2001-07-25,0.2772352397441864,0.32982099056243896,0.3446429967880249,0.32089298963546753,0.3414289951324463,443878400
394,2001-07-26,0.2790367007255554,0.33196398615837097,0.3357140123844147,0.3187499940395355,0.33000001311302185,369140800
395,2001-07-27,0.28459039330482483,0.3385710120201111,0.34375,0.33035698533058167,0.3348209857940674,334135200
396,2001-07-30,0.2841407060623169,0.3380360007286072,0.3457140028476715,0.33053600788116455,0.3414289951324463,243359200
397,2001-07-31,0.2820391356945038,0.33553600311279297,0.3467859923839569,0.33053600788116455,0.3441070020198822,235026400
398,2001-08-01,0.28609156608581543,0.3403570055961609,0.35321399569511414,0.3383930027484894,0.339464008808136,304136000
399,2001-08-02,0.29749974608421326,0.3539290130138397,0.35482099652290344,0.3439289927482605,0.3508929908275604,252089600
400,2001-08-03,0.29269593954086304,0.3482140004634857,0.35535699129104614,0.3392859995365143,0.3551790118217468,186054400
401,2001-08-06,0.28714221715927124,0.341607004404068,0.35107100009918213,0.3392859995365143,0.3400000035762787,99652000
402,2001-08-07,0.2889436185359955,0.34375,0.3512499928474426,0.3389289975166321,0.3451789915561676,168548800
403,2001-08-08,0.2836901843547821,0.3375000059604645,0.3517859876155853,0.33107098937034607,0.3439289927482605,276169600
404,2001-08-09,0.28594207763671875,0.3401789963245392,0.3419640064239502,0.33428600430488586,0.3385710120201111,200664800
405,2001-08-10,0.2854914963245392,0.3396430015563965,0.3449999988079071,0.33196398615837097,0.3400000035762787,186961600
406,2001-08-13,0.2865421175956726,0.3408930003643036,0.3451789915561676,0.33500000834465027,0.3410710096359253,147996800
407,2001-08-14,0.2811381220817566,0.33446401357650757,0.3457140028476715,0.33339300751686096,0.3428570032119751,228950400
408,2001-08-15,0.27678585052490234,0.32928600907325745,0.3382140100002289,0.32499998807907104,0.33500000834465027,289279200
409,2001-08-16,0.27993783354759216,0.33303600549697876,0.3348209857940674,0.32089298963546753,0.32624998688697815,288092000
410,2001-08-17,0.271232008934021,0.3226790130138397,0.32946398854255676,0.32124999165534973,0.3214290142059326,208426400
411,2001-08-20,0.2719818949699402,0.32357099652290344,0.32553601264953613,0.3180359899997711,0.3239290118217468,252302400
412,2001-08-21,0.2689802348613739,0.3199999928474426,0.3239290118217468,0.3160710036754608,0.3239290118217468,185701600
413,2001-08-22,0.2733335494995117,0.32517901062965393,0.32589301466941833,0.3144640028476715,0.32035699486732483,173975200
414,2001-08-23,0.2673293650150299,0.3180359899997711,0.32749998569488525,0.3139289915561676,0.32499998807907104,217078400
415,2001-08-24,0.2787367105484009,0.33160701394081116,0.33250001072883606,0.3151789903640747,0.3214290142059326,290332000
416,2001-08-27,0.2839902639389038,0.3378570079803467,0.3446429967880249,0.32428601384162903,0.33214300870895386,175644000
417,2001-08-28,0.27618470788002014,0.32857099175453186,0.3417859971523285,0.32857099175453186,0.3375000059604645,171735200
418,2001-08-29,0.2676294147968292,0.3183929920196533,0.3362500071525574,0.3183929920196533,0.32928600907325745,239971200
419,2001-08-30,0.2676294147968292,0.3183929920196533,0.32464298605918884,0.3085710108280182,0.316785991191864,368692800
420,2001-08-31,0.278436541557312,0.33125001192092896,0.33214300870895386,0.3151789903640747,0.3166069984436035,216904800
421,2001-09-04,0.27393367886543274,0.32589301466941833,0.3407140076160431,0.32464298605918884,0.33035698533058167,348213600
422,2001-09-05,0.278436541557312,0.33125001192092896,0.3383930027484894,0.32357099652290344,0.32571399211883545,360057600
423,2001-09-06,0.2659786343574524,0.3164289891719818,0.3380360007286072,0.3151789903640747,0.32857099175453186,282368800
424,2001-09-07,0.2593734860420227,0.3085710108280182,0.32321399450302124,0.3071430027484894,0.3125,241830400
425,2001-09-10,0.26072511076927185,0.3101789951324463,0.3125,0.30214300751686096,0.3035709857940674,308845600
426,2001-09-17,0.2550210654735565,0.30339300632476807,0.3048210144042969,0.2808929979801178,0.2857140004634857,458007200
427,2001-09-18,0.24436354637145996,0.29071399569511414,0.3164289891719818,0.2887499928474426,0.30178600549697876,327101600
428,2001-09-19,0.2554716169834137,0.30392900109291077,0.3053570091724396,0.2785710096359253,0.29464301466941833,373318400
429,2001-09-20,0.23535773158073425,0.2800000011920929,0.30267900228500366,0.2767859995365143,0.29089298844337463,411174400
430,2001-09-21,0.23610840737819672,0.2808929979801178,0.2901790142059326,0.26214298605918884,0.26428601145744324,570516800
431,2001-09-24,0.24691544473171234,0.29374998807907104,0.30071398615837097,0.2848210036754608,0.287678986787796,294537600
432,2001-09-25,0.2332562953233719,0.2775000035762787,0.28964298963546753,0.2741070091724396,0.2882139980792999,374404800
433,2001-09-26,0.22740259766578674,0.27053600549697876,0.2837499976158142,0.26660698652267456,0.2823210060596466,493796800
434,2001-09-27,0.23280568420886993,0.276964008808136,0.28125,0.27142900228500366,0.2723209857940674,322240800
435,2001-09-28,0.23280568420886993,0.276964008808136,0.2841069996356964,0.274821013212204,0.2805359959602356,365108800
436,2001-10-01,0.2332562953233719,0.2775000035762787,0.285535991191864,0.27196401357650757,0.2766070067882538,208208000
437,2001-10-02,0.22590133547782898,0.26875001192092896,0.2826789915561676,0.26571398973464966,0.2755360007286072,235883200
438,2001-10-03,0.22485072910785675,0.26750001311302185,0.2742860019207001,0.26482099294662476,0.26696398854255676,683043200
439,2001-10-04,0.2383595108985901,0.2835710048675537,0.2901790142059326,0.26767900586128235,0.2741070091724396,401122400
440,2001-10-05,0.2422621101140976,0.2882139980792999,0.2883929908275604,0.26767900586128235,0.2750000059604645,342686400
441,2001-10-08,0.24316318333148956,0.2892859876155853,0.29196399450302124,0.2767859995365143,0.2780359983444214,207984000
442,2001-10-09,0.24016073346138,0.2857140004634857,0.2892859876155853,0.279107004404068,0.2866069972515106,174025600
443,2001-10-10,0.2524690330028534,0.30035701394081116,0.30089300870895386,0.2848210036754608,0.2874999940395355,307759200
444,2001-10-11,0.2662787139415741,0.316785991191864,0.316785991191864,0.30089300870895386,0.30214300751686096,334163200
445,2001-10-12,0.2703310549259186,0.32160699367523193,0.32285699248313904,0.3010709881782532,0.3091070055961609,287812000
446,2001-10-15,0.2700309455394745,0.32124999165534973,0.32821398973464966,0.3205359876155853,0.3205359876155853,318752000
447,2001-10-16,0.2703310549259186,0.32160699367523193,0.32499998807907104,0.3173210024833679,0.32303598523139954,202949600
448,2001-10-17,0.2550210654735565,0.30339300632476807,0.32875001430511475,0.30285701155662537,0.32749998569488525,285538400
449,2001-10-18,0.27018141746520996,0.3214290142059326,0.32553601264953613,0.3087500035762787,0.3087500035762787,612572800
450,2001-10-19,0.2746843099594116,0.32678601145744324,0.32857099175453186,0.3192859888076782,0.32035699486732483,166790400
451,2001-10-22,0.2854914963245392,0.3396430015563965,0.3405359983444214,0.32303598523139954,0.32517901062965393,391938400
452,2001-10-23,0.27228274941444397,0.3239290118217468,0.3467859923839569,0.3191069960594177,0.3414289951324463,684980800
453,2001-10-24,0.2844407856464386,0.3383930027484894,0.3408930003643036,0.3169640004634857,0.32249999046325684,374427200
454,2001-10-25,0.28804346919059753,0.3426789939403534,0.34375,0.32428601384162903,0.32928600907325745,254951200
455,2001-10-26,0.28023791313171387,0.33339300751686096,0.34375,0.33250001072883606,0.3367860019207001,278964000
456,2001-10-29,0.26462703943252563,0.3148210048675537,0.33339300751686096,0.3142859935760498,0.33160701394081116,239181600
457,2001-10-30,0.2641773521900177,0.3142859935760498,0.3214290142059326,0.30464300513267517,0.310357004404068,276763200
458,2001-10-31,0.26357632875442505,0.3135710060596466,0.32857099175453186,0.3114289939403534,0.3166069984436035,273750400
459,2001-11-01,0.2790367007255554,0.33196398615837097,0.33535701036453247,0.3080359995365143,0.3151789903640747,312995200
460,2001-11-02,0.2787367105484009,0.33160701394081116,0.3367860019207001,0.32428601384162903,0.33071398735046387,197204000
461,2001-11-05,0.28624212741851807,0.3405359983444214,0.34375,0.3323209881782532,0.33642899990081787,235793600
462,2001-11-06,0.29374662041664124,0.3494639992713928,0.3503569960594177,0.33089300990104675,0.3385710120201111,316019200
463,2001-11-07,0.2940466105937958,0.349821001291275,0.35946398973464966,0.3451789915561676,0.3474999964237213,382989600
464,2001-11-08,0.28083810210227966,0.33410701155662537,0.3551790118217468,0.33160701394081116,0.3505359888076782,342143200
465,2001-11-09,0.28083810210227966,0.33410701155662537,0.34375,0.33125001192092896,0.33214300870895386,134293600
466,2001-11-12,0.28143826127052307,0.3348209857940674,0.3423210084438324,0.32071399688720703,0.33321401476860046,201499200
467,2001-11-13,0.2907448709011078,0.345892995595932,0.3462499976158142,0.33410701155662537,0.3407140076160431,224672000
468,2001-11-14,0.2943475842475891,0.350178986787796,0.35535699129104614,0.3419640064239502,0.349821001291275,221149600
469,2001-11-15,0.29194527864456177,0.3473210036754608,0.35535699129104614,0.3433929979801178,0.3473210036754608,213029600
470,2001-11-16,0.2847408056259155,0.3387500047683716,0.3444640040397644,0.32857099175453186,0.3441070020198822,230664000
471,2001-11-19,0.30020129680633545,0.35714301466941833,0.35803601145744324,0.3385710120201111,0.3392859995365143,332589600
472,2001-11-20,0.2931464910507202,0.3487499952316284,0.36071398854255676,0.3482140004634857,0.3539290130138397,276584000
473,2001-11-21,0.2953982651233673,0.3514289855957031,0.35357099771499634,0.3439289927482605,0.350178986787796,201583200
474,2001-11-23,0.29779982566833496,0.35428598523139954,0.35624998807907104,0.3494639992713928,0.35196399688720703,60004000
475,2001-11-26,0.32076480984687805,0.3816069960594177,0.38482099771499634,0.35499998927116394,0.35607099533081055,460689600
476,2001-11-27,0.3152112364768982,0.375,0.38428598642349243,0.3660709857940674,0.3785710036754608,268553600
477,2001-11-28,0.3081563413143158,0.36660701036453247,0.3787499964237213,0.36446401476860046,0.3723210096359253,250611200
478,2001-11-29,0.3065055310726166,0.36464300751686096,0.3696430027484894,0.36053600907325745,0.3678570091724396,202764800
479,2001-11-30,0.31971412897109985,0.3803569972515106,0.38285699486732483,0.36160698533058167,0.36553600430488586,303912000
480,2001-12-03,0.31596195697784424,0.3758929967880249,0.3799999952316284,0.3678570091724396,0.3760710060596466,181165600
481,2001-12-04,0.3362252414226532,0.4000000059604645,0.4028570055961609,0.3700000047683716,0.3758929967880249,380419200
482,2001-12-05,0.35663923621177673,0.42428600788116455,0.42910701036453247,0.39589300751686096,0.3992860019207001,568579200
483,2001-12-06,0.34192946553230286,0.4067859947681427,0.41964301466941833,0.39535701274871826,0.41928601264953613,338934400
484,2001-12-07,0.3383268117904663,0.4025000035762787,0.4055359959602356,0.39285698533058167,0.4010710120201111,203515200
485,2001-12-10,0.3383268117904663,0.4025000035762787,0.410535991191864,0.39696401357650757,0.39803600311279297,170010400
486,2001-12-11,0.32691940665245056,0.38892900943756104,0.4080359935760498,0.38660699129104614,0.4048210084438324,205475200
487,2001-12-12,0.32256603240966797,0.38374999165534973,0.39142900705337524,0.3794640004634857,0.39053601026535034,192460800
488,2001-12-13,0.3152112364768982,0.375,0.38482099771499634,0.3660709857940674,0.38374999165534973,197842400
489,2001-12-14,0.3060550093650818,0.36410701274871826,0.3719640076160431,0.35874998569488525,0.3701789975166321,189884800
490,2001-12-17,0.30950722098350525,0.3682140111923218,0.375,0.36053600907325745,0.36428600549697876,173712000
491,2001-12-18,0.3153616487979889,0.3751789927482605,0.3808929920196533,0.36107099056243896,0.3730359971523285,235239200
492,2001-12-19,0.32451707124710083,0.38607099652290344,0.38714298605918884,0.36553600430488586,0.3675000071525574,289956800
493,2001-12-20,0.3102577328681946,0.3691070079803467,0.38339298963546753,0.3682140111923218,0.3821429908275604,220864000
494,2001-12-21,0.3152112364768982,0.375,0.38464298844337463,0.3714289963245392,0.3751789927482605,256334400
495,2001-12-24,0.3206152319908142,0.381428986787796,0.3830359876155853,0.3732140064239502,0.3732140064239502,50629600
496,2001-12-26,0.32256603240966797,0.38374999165534973,0.3982140123844147,0.3774999976158142,0.3812499940395355,146400800
497,2001-12-27,0.33127179741859436,0.39410701394081116,0.3973209857940674,0.38535699248313904,0.38535699248313904,191508800
498,2001-12-28,0.3366759419441223,0.4005360007286072,0.4107140004634857,0.39214301109313965,0.39232099056243896,299124000
499,2001-12-31,0.32871997356414795,0.39107099175453186,0.4046429991722107,0.38982099294662476,0.401964008808136,137782400
500,2002-01-02,0.34973403811454773,0.41607099771499634,0.41607099771499634,0.39214301109313965,0.39375001192092896,529496800
501,2002-01-03,0.3539367914199829,0.42107099294662476,0.42410698533058167,0.4066070020198822,0.4107140004634857,612007200
502,2002-01-04,0.35558852553367615,0.42303600907325745,0.42767900228500366,0.410535991191864,0.41678598523139954,409976000
503,2002-01-07,0.3437306582927704,0.4089289903640747,0.4285709857940674,0.40625,0.42357099056243896,444584000
504,2002-01-08,0.3393774628639221,0.4037500023841858,0.4116069972515106,0.4010710120201111,0.40625,450038400
505,2002-01-09,0.324967622756958,0.38660699129104614,0.4094640016555786,0.3799999952316284,0.4071429967880249,327835200
506,2002-01-10,0.3186633884906769,0.3791069984436035,0.38321399688720703,0.36160698533058167,0.3789289891719818,452737600
507,2002-01-11,0.31596195697784424,0.3758929967880249,0.38999998569488525,0.3678570091724396,0.3819639980792999,348801600
508,2002-01-14,0.3174630105495453,0.3776789903640747,0.3821429908275604,0.3732140064239502,0.3751789927482605,415996000
509,2002-01-15,0.3257182240486145,0.38749998807907104,0.38857099413871765,0.3787499964237213,0.3807139992713928,290320800
510,2002-01-16,0.31190863251686096,0.3710710108280182,0.38232100009918213,0.3660709857940674,0.38232100009918213,566893600
511,2002-01-17,0.33742648363113403,0.4014289975166321,0.4060710072517395,0.39053601026535034,0.39214301109313965,660576000
512,2002-01-18,0.3327731490135193,0.39589300751686096,0.4035710096359253,0.39214301109313965,0.39285698533058167,338811200
513,2002-01-22,0.32751956582069397,0.38964301347732544,0.3994640111923218,0.38964301347732544,0.39767900109291077,327314400
514,2002-01-23,0.345531165599823,0.4110710024833679,0.4114289879798889,0.38553598523139954,0.38928601145744324,443279200
515,2002-01-24,0.34838318824768066,0.41446399688720703,0.41982099413871765,0.4089289903640747,0.4091069996356964,344002400
516,2002-01-25,0.3489842712879181,0.4151790142059326,0.41821399331092834,0.4046429991722107,0.4087499976158142,185914400
517,2002-01-28,0.34928420186042786,0.41553598642349243,0.42053601145744324,0.4057140052318573,0.41785699129104614,186446400
518,2002-01-29,0.34628188610076904,0.4119639992713928,0.42035698890686035,0.4080359935760498,0.41464298963546753,240324000
519,2002-01-30,0.3615926504135132,0.43017899990081787,0.431071013212204,0.4096429944038391,0.4119639992713928,471576000
520,2002-01-31,0.37104901671409607,0.4414289891719818,0.4416069984436035,0.4305360019207001,0.431428998708725,468445600
521,2002-02-01,0.36639565229415894,0.4358929991722107,0.44571399688720703,0.4346430003643036,0.4346430003643036,398305600
522,2002-02-04,0.380505234003067,0.45267900824546814,0.45571398735046387,0.4321430027484894,0.4342859983444214,522373600
523,2002-02-05,0.3820057213306427,0.45446398854255676,0.4639289975166321,0.44785699248313904,0.44803598523139954,456887200
524,2002-02-06,0.3702983856201172,0.4405359923839569,0.4639289975166321,0.4312500059604645,0.45714300870895386,597576000
525,2002-02-07,0.36474475264549255,0.4339289963245392,0.45160698890686035,0.4300000071525574,0.4401789903640747,347832800
526,2002-02-08,0.3606916666030884,0.42910701036453247,0.4399999976158142,0.41732099652290344,0.4357140064239502,355331200
527,2002-02-11,0.37495094537734985,0.44607099890708923,0.4464290142059326,0.42392900586128235,0.4273209869861603,398602400
528,2002-02-12,0.3708985149860382,0.4412499964237213,0.44714298844337463,0.4366070032119751,0.4403569996356964,224280000
529,2002-02-13,0.37540143728256226,0.44660699367523193,0.45071399211883545,0.4401789903640747,0.4416069984436035,312872000
530,2002-02-14,0.3692476451396942,0.4392859935760498,0.45053601264953613,0.435357004404068,0.44732099771499634,260170400
531,2002-02-15,0.3587406873703003,0.42678600549697876,0.44607099890708923,0.42589300870895386,0.4380359947681427,260187200
532,2002-02-19,0.33952781558036804,0.4039289951324463,0.42625001072883606,0.4014289975166321,0.42428600788116455,390258400
533,2002-02-20,0.34718284010887146,0.4130359888076782,0.4142859876155853,0.3991070091724396,0.4066070020198822,285443200
534,2002-02-21,0.32271668314933777,0.3839290142059326,0.4107140004634857,0.3830359876155853,0.4092859923839569,446751200
535,2002-02-22,0.3413284718990326,0.4060710072517395,0.4098210036754608,0.3839290142059326,0.38678601384162903,406476000
536,2002-02-25,0.3573898375034332,0.42517900466918945,0.4414289891719818,0.3992860019207001,0.4080359935760498,426848800
537,2002-02-26,0.3552885055541992,0.42267900705337524,0.4351789951324463,0.4151790142059326,0.42696401476860046,260131200
538,2002-02-27,0.3296211063861847,0.39214301109313965,0.4330359995365143,0.3739289939403534,0.42750000953674316,1030159200
539,2002-02-28,0.3257182240486145,0.38749998807907104,0.4033930003643036,0.3812499940395355,0.39553600549697876,456937600
540,2002-03-01,0.351985901594162,0.41874998807907104,0.41964301466941833,0.38964301347732544,0.39160698652267456,348992000
541,2002-03-04,0.36459434032440186,0.4337500035762787,0.4389289915561676,0.4064289927482605,0.41535699367523193,348258400
542,2002-03-05,0.35318705439567566,0.42017900943756104,0.4362500011920929,0.41785699129104614,0.4312500059604645,274702400
543,2002-03-06,0.3612917959690094,0.4298210144042969,0.4346430003643036,0.4094640016555786,0.41928601264953613,226206400
544,2002-03-07,0.36594516038894653,0.435357004404068,0.4380359947681427,0.42160698771476746,0.42964300513267517,258249600
545,2002-03-08,0.3701479732990265,0.4403569996356964,0.44803598523139954,0.4339289963245392,0.441785991191864,269774400
546,2002-03-11,0.37615203857421875,0.44749999046325684,0.4489290118217468,0.4303570091724396,0.4392859935760498,262785600
547,2002-03-12,0.37104901671409607,0.4414289891719818,0.441785991191864,0.4303570091724396,0.4376789927482605,254055200
548,2002-03-13,0.36759594082832336,0.4373210072517395,0.4437499940395355,0.4312500059604645,0.4351789951324463,200765600
549,2002-03-14,0.3666956126689911,0.4362500011920929,0.4392859935760498,0.42625001072883606,0.4339289963245392,217296800
550,2002-03-15,0.37450122833251953,0.4455359876155853,0.44571399688720703,0.4330359995365143,0.4367859959602356,240900800
551,2002-03-18,0.37134912610054016,0.441785991191864,0.44732099771499634,0.4342859983444214,0.4455359876155853,304556000
552,2002-03-19,0.37300002574920654,0.4437499940395355,0.45178601145744324,0.4339289963245392,0.4408929944038391,242345600
553,2002-03-20,0.3740506172180176,0.4449999928474426,0.4489290118217468,0.4375,0.4403569996356964,294319200
554,2002-03-21,0.36429423093795776,0.4333930015563965,0.4339289963245392,0.41535699367523193,0.4260709881782532,616352800
555,2002-03-22,0.3615926504135132,0.43017899990081787,0.4385710060596466,0.42625001072883606,0.4325000047683716,202193600
556,2002-03-25,0.35048457980155945,0.41696399450302124,0.43017899990081787,0.41499999165534973,0.4298210144042969,262830400
557,2002-03-26,0.35213637351989746,0.41892901062965393,0.42214301228523254,0.4107140004634857,0.4142859876155853,257840800
558,2002-03-27,0.35228583216667175,0.41910699009895325,0.42357099056243896,0.41535699367523193,0.41696399450302124,127702400
559,2002-03-28,0.3552885055541992,0.42267900705337524,0.42642900347709656,0.41892901062965393,0.42321398854255676,108455200
560,2002-04-01,0.3671462833881378,0.4367859959602356,0.4410710036754608,0.41571399569511414,0.41749998927116394,199046400
561,2002-04-02,0.3612917959690094,0.4298210144042969,0.4339289963245392,0.42625001072883606,0.4285709857940674,203795200
562,2002-04-03,0.3564887046813965,0.42410698533058167,0.4373210072517395,0.42142900824546814,0.4294640123844147,214530400
563,2002-04-04,0.37375059723854065,0.4446429908275604,0.44732099771499634,0.42267900705337524,0.42267900705337524,338497600
564,2002-04-05,0.37134912610054016,0.441785991191864,0.44982099533081055,0.4303570091724396,0.4455359876155853,278348000
565,2002-04-08,0.3686467111110687,0.4385710060596466,0.4407140016555786,0.42464300990104675,0.431428998708725,261514400
566,2002-04-09,0.3617423474788666,0.4303570091724396,0.4464290142059326,0.42875000834465027,0.4391070008277893,191531200
567,2002-04-10,0.3701479732990265,0.4403569996356964,0.4455359876155853,0.42875000834465027,0.4323210120201111,224980000
568,2002-04-11,0.3731503486633301,0.443928986787796,0.44999998807907104,0.4419640004634857,0.44696399569511414,407254400
569,2002-04-12,0.37615203857421875,0.44749999046325684,0.44946399331092834,0.4387499988079071,0.44660699367523193,320241600
570,2002-04-15,0.3752519190311432,0.4464290142059326,0.44910699129104614,0.4428569972515106,0.44749999046325684,299370400
571,2002-04-16,0.3863590657711029,0.45964300632476807,0.4641070067882538,0.44857099652290344,0.44910699129104614,614577600
572,2002-04-17,0.39191263914108276,0.4662500023841858,0.4673210084438324,0.45321398973464966,0.4630360007286072,396250400
573,2002-04-18,0.38140571117401123,0.45375001430511475,0.45571398735046387,0.4442859888076782,0.45535698533058167,401710400
574,2002-04-19,0.37495094537734985,0.44607099890708923,0.45517900586128235,0.4451789855957031,0.45517900586128235,375407200
575,2002-04-22,0.36819687485694885,0.4380359947681427,0.4451789855957031,0.4326789975166321,0.443571001291275,269427200
576,2002-04-23,0.36399415135383606,0.4330359995365143,0.4424999952316284,0.43017899990081787,0.4382140040397644,233469600
577,2002-04-24,0.35678884387016296,0.42446398735046387,0.4375,0.42285698652267456,0.4339289963245392,140448000
578,2002-04-25,0.3620424270629883,0.4307140111923218,0.4346430003643036,0.42053601145744324,0.42071399092674255,194202400
579,2002-04-26,0.3453815281391144,0.4108929932117462,0.4351789951324463,0.4107140004634857,0.4335710108280182,304981600
580,2002-04-29,0.3596409559249878,0.42785701155662537,0.42964300513267517,0.412321001291275,0.41357100009918213,272288800
581,2002-04-30,0.36429423093795776,0.4333930015563965,0.435357004404068,0.42410698533058167,0.42660701274871826,280963200
582,2002-05-01,0.3599410355091095,0.42821401357650757,0.4337500035762787,0.41714298725128174,0.4337500035762787,214704000
583,2002-05-02,0.35558852553367615,0.42303600907325745,0.4346430003643036,0.42142900824546814,0.42517900466918945,239344000
584,2002-05-03,0.35288605093955994,0.41982099413871765,0.42892900109291077,0.41839298605918884,0.42089301347732544,230781600
585,2002-05-06,0.33997759222984314,0.4044640064239502,0.41964301466941833,0.4010710120201111,0.41696399450302124,249664800
586,2002-05-07,0.33727601170539856,0.4012500047683716,0.4098210036754608,0.39535701274871826,0.4096429944038391,242748800
587,2002-05-08,0.36579543352127075,0.4351789951324463,0.4378570020198822,0.4114289879798889,0.4142859876155853,436682400
588,2002-05-09,0.3630930781364441,0.4319640100002289,0.4348210096359253,0.42500001192092896,0.4330359995365143,224616000
589,2002-05-10,0.3500348627567291,0.4164290130138397,0.4337500035762787,0.4103569984436035,0.4337500035762787,235396000
590,2002-05-13,0.3593409061431885,0.42750000953674316,0.43017899990081787,0.4096429944038391,0.41999998688697815,265608000
591,2002-05-14,0.38440725207328796,0.4573209881782532,0.4585709869861603,0.4325000047683716,0.4366070032119751,526506400
592,2002-05-15,0.3794545829296112,0.45142900943756104,0.4639289975166321,0.443571001291275,0.45303601026535034,335826400
593,2002-05-16,0.3784038722515106,0.45017901062965393,0.45446398854255676,0.4419640004634857,0.44749999046325684,227052000
594,2002-05-17,0.37540143728256226,0.44660699367523193,0.46035701036453247,0.4394640028476715,0.45517900586128235,236493600
595,2002-05-20,0.37134912610054016,0.441785991191864,0.4451789855957031,0.4380359947681427,0.4387499988079071,269914400
596,2002-05-21,0.35213637351989746,0.41892901062965393,0.4464290142059326,0.41785699129104614,0.4433929920196533,280991200
597,2002-05-22,0.3650447726249695,0.4342859983444214,0.4351789951324463,0.4164290130138397,0.41732099652290344,290875200
598,2002-05-23,0.37795332074165344,0.44964298605918884,0.45071399211883545,0.4298210144042969,0.4366070032119751,369398400
599,2002-05-24,0.3624928891658783,0.4312500059604645,0.44624999165534973,0.42785701155662537,0.44624999165534973,166174400
600,2002-05-28,0.3599410355091095,0.42821401357650757,0.4321430027484894,0.41839298605918884,0.42303600907325745,149716000
601,2002-05-29,0.3599410355091095,0.42821401357650757,0.4364289939403534,0.41874998807907104,0.42714300751686096,221793600
602,2002-05-30,0.3632434904575348,0.4321430027484894,0.435357004404068,0.41982099413871765,0.42446398735046387,196375200
603,2002-05-31,0.34973403811454773,0.41607099771499634,0.4330359995365143,0.41571399569511414,0.43017899990081787,365495200
604,2002-06-03,0.343880295753479,0.4091069996356964,0.41874998807907104,0.4032140076160431,0.4176790118217468,235110400
605,2002-06-04,0.34192946553230286,0.4067859947681427,0.4114289879798889,0.3960709869861603,0.4085710048675537,347821600
606,2002-06-05,0.34102824330329895,0.4057140052318573,0.4076789915561676,0.3991070091724396,0.4076789915561676,277082400
607,2002-06-06,0.3326227366924286,0.39571401476860046,0.41482099890708923,0.39357098937034607,0.4099999964237213,259996800
608,2002-06-07,0.3212153911590576,0.3821429908275604,0.39178600907325745,0.3737500011920929,0.38857099413871765,612376800
609,2002-06-10,0.32241567969322205,0.38357099890708923,0.38999998569488525,0.381071001291275,0.38357099890708923,277575200
610,2002-06-11,0.3071056008338928,0.36535701155662537,0.38749998807907104,0.36446401476860046,0.3864290118217468,349496000
611,2002-06-12,0.30155205726623535,0.35874998569488525,0.3705359995365143,0.35607099533081055,0.36446401476860046,528718400
612,2002-06-13,0.29329681396484375,0.3489289879798889,0.35803601145744324,0.3460710048675537,0.35749998688697815,352083200
613,2002-06-14,0.3017025887966156,0.35892900824546814,0.3635709881782532,0.32339298725128174,0.3435710072517395,424900000
614,2002-06-17,0.30830681324005127,0.36678600311279297,0.3683930039405823,0.35446399450302124,0.36142900586128235,324609600
615,2002-06-18,0.30245229601860046,0.35982099175453186,0.36767899990081787,0.35678601264953613,0.36464300751686096,353360000
616,2002-06-19,0.25697195529937744,0.3057140111923218,0.3142859935760498,0.30142900347709656,0.3101789951324463,1709467200
617,2002-06-20,0.2568223178386688,0.3055360019207001,0.3142859935760498,0.30089300870895386,0.3066070079803467,396636800
618,2002-06-21,0.2529197037220001,0.30089300870895386,0.3123210072517395,0.29982098937034607,0.30303600430488586,445177600
619,2002-06-24,0.2592237889766693,0.3083930015563965,0.3166069984436035,0.29821398854255676,0.29946398735046387,431933600
620,2002-06-25,0.25727206468582153,0.306071013212204,0.3157140016555786,0.3010709881782532,0.3107140064239502,301201600
621,2002-06-26,0.2484167516231537,0.29553601145744324,0.3087500035762787,0.2853569984436035,0.30000001192092896,558952800
622,2002-06-27,0.25607168674468994,0.30464300513267517,0.3083930015563965,0.29321399331092834,0.29982098937034607,251658400
623,2002-06-28,0.2659786343574524,0.3164289891719818,0.3182139992713928,0.3035709857940674,0.3053570091724396,269858400
624,2002-07-01,0.25607168674468994,0.30464300513267517,0.3192859888076782,0.3044640123844147,0.3162499964237213,222689600
625,2002-07-02,0.25427040457725525,0.30250000953674316,0.306428998708725,0.30053600668907166,0.30410701036453247,305188800
626,2002-07-03,0.26342663168907166,0.3133929967880249,0.3157140016555786,0.29910698533058167,0.30017900466918945,199029600
627,2002-07-05,0.28128865361213684,0.33464300632476807,0.3348209857940674,0.3162499964237213,0.3162499964237213,161649600
628,2002-07-08,0.2703310549259186,0.32160699367523193,0.3323209881782532,0.3157140016555786,0.33071398735046387,211204000
629,2002-07-09,0.26312655210494995,0.3130359947681427,0.32660698890686035,0.3117859959602356,0.32303598523139954,226749600
630,2002-07-10,0.2599743902683258,0.3092859983444214,0.32446399331092834,0.3080359995365143,0.3162499964237213,206880800
631,2002-07-11,0.2746843099594116,0.32678601145744324,0.32767900824546814,0.30303600430488586,0.308214008808136,373676800
632,2002-07-12,0.26282650232315063,0.3126789927482605,0.33553600311279297,0.308214008808136,0.33125001192092896,443492000
633,2002-07-15,0.2736336290836334,0.32553601264953613,0.33214300870895386,0.30017900466918945,0.3112500011920929,295993600
634,2002-07-16,0.2680799961090088,0.318928986787796,0.33160701394081116,0.3144640028476715,0.32410699129104614,446768000
635,2002-07-17,0.23460710048675537,0.279107004404068,0.2892859876155853,0.27125000953674316,0.2880359888076782,1215485600
636,2002-07-18,0.22500112652778625,0.26767900586128235,0.2778570055961609,0.26339301466941833,0.2767859995365143,559462400
637,2002-07-19,0.22455061972141266,0.26714301109313965,0.27089300751686096,0.25946399569511414,0.26249998807907104,385207200
638,2002-07-22,0.22395041584968567,0.26642900705337524,0.27125000953674316,0.26089298725128174,0.26339301466941833,430897600
639,2002-07-23,0.21719570457935333,0.25839298963546753,0.27017900347709656,0.25785699486732483,0.26607099175453186,399890400
640,2002-07-24,0.22815319895744324,0.27142900228500366,0.27178600430488586,0.2544640004634857,0.2558929920196533,406593600
641,2002-07-25,0.21554483473300934,0.256428986787796,0.26696398854255676,0.2501789927482605,0.26660698652267456,479354400
642,2002-07-26,0.215243861079216,0.256071001291275,0.25946399569511414,0.24642899632453918,0.25821399688720703,207704000
643,2002-07-29,0.22545082867145538,0.26821398735046387,0.26964300870895386,0.2566069960594177,0.25857099890708923,274960000
644,2002-07-30,0.23160533607006073,0.2755360007286072,0.276964008808136,0.25999999046325684,0.26517900824546814,354838400
645,2002-07-31,0.22905345261096954,0.27250000834465027,0.2753570079803467,0.26607099175453186,0.2750000059604645,310699200
646,2002-08-01,0.22214916348457336,0.26428601145744324,0.2753570079803467,0.26303601264953613,0.2698209881782532,228956000
647,2002-08-02,0.21689563989639282,0.2580359876155853,0.26785698533058167,0.2544640004634857,0.26321399211883545,179060000
648,2002-08-05,0.20999038219451904,0.2498210072517395,0.26249998807907104,0.2494640052318573,0.25910699367523193,204024800
649,2002-08-06,0.22124797105789185,0.26321399211883545,0.27196401357650757,0.2514289915561676,0.2537499964237213,272053600
650,2002-08-07,0.22560128569602966,0.26839300990104675,0.2742860019207001,0.2562499940395355,0.26946398615837097,333474400
651,2002-08-08,0.22965370118618011,0.2732140123844147,0.2746430039405823,0.26374998688697815,0.26374998688697815,227348800
652,2002-08-09,0.22515073418617249,0.26785698533058167,0.2723209857940674,0.26339301466941833,0.2723209857940674,205716000
653,2002-08-12,0.22500112652778625,0.26767900586128235,0.26821398735046387,0.26232099533081055,0.26607099175453186,179765600
654,2002-08-13,0.218997061252594,0.26053598523139954,0.27160701155662537,0.25982099771499634,0.26607099175453186,269869600
655,2002-08-14,0.22770269215106964,0.27089300751686096,0.2741070091724396,0.25964298844337463,0.26196399331092834,399084000
656,2002-08-15,0.23430699110031128,0.2787500023841858,0.28125,0.26803600788116455,0.2723209857940674,322078400
657,2002-08-16,0.23730871081352234,0.2823210060596466,0.2874999940395355,0.27285701036453247,0.2758930027484894,245224000
658,2002-08-19,0.2398606389760971,0.2853569984436035,0.2901790142059326,0.2807140052318573,0.2817859947681427,216557600
659,2002-08-20,0.23880985379219055,0.2841069996356964,0.287321001291275,0.2773210108280182,0.2851789891719818,186625600
660,2002-08-21,0.2419620156288147,0.2878569960594177,0.28999999165534973,0.2758930027484894,0.2858929932117462,202428800
661,2002-08-22,0.23971089720726013,0.2851789891719818,0.2901790142059326,0.2796429991722107,0.2892859876155853,258311200
662,2002-08-23,0.23610840737819672,0.2808929979801178,0.2844640016555786,0.2758930027484894,0.2839289903640747,163245600
663,2002-08-26,0.2331058531999588,0.2773210108280182,0.2848210036754608,0.27071401476860046,0.2848210036754608,189968800
664,2002-08-27,0.22289977967739105,0.26517900824546814,0.2810710072517395,0.26267901062965393,0.2805359959602356,262231200
665,2002-08-28,0.22064781188964844,0.26249998807907104,0.27000001072883606,0.26160699129104614,0.26428601145744324,247973600
666,2002-08-29,0.22064781188964844,0.26249998807907104,0.26928600668907166,0.25910699367523193,0.26160699129104614,164169600
667,2002-08-30,0.2213984727859497,0.26339301466941833,0.27035701274871826,0.26035699248313904,0.26303601264953613,193519200
668,2002-09-03,0.21089142560958862,0.2508929967880249,0.25982099771499634,0.2508929967880249,0.25874999165534973,276936800
669,2002-09-04,0.21734528243541718,0.25857099890708923,0.26392900943756104,0.2530359923839569,0.2535710036754608,420660800
670,2002-09-05,0.21284234523773193,0.2532140016555786,0.256428986787796,0.2508929967880249,0.2539289891719818,226178400
671,2002-09-06,0.21584485471248627,0.2567859888076782,0.26160699129104614,0.2541069984436035,0.25910699367523193,181591200
672,2002-09-09,0.21569445729255676,0.2566069960594177,0.25946399569511414,0.2526789903640747,0.2549999952316284,158244800
673,2002-09-10,0.21509426832199097,0.2558929920196533,0.25874999165534973,0.252142995595932,0.25732100009918213,249468800
674,2002-09-11,0.21449407935142517,0.2551789879798889,0.26071399450302124,0.2526789903640747,0.256071001291275,202412000
675,2002-09-12,0.2122422307729721,0.2524999976158142,0.25910699367523193,0.252142995595932,0.2535710036754608,269830400
676,2002-09-13,0.21269267797470093,0.2530359923839569,0.256071001291275,0.2508929967880249,0.2523210048675537,282951200
677,2002-09-16,0.21764621138572693,0.2589290142059326,0.26089298725128174,0.252142995595932,0.2524999976158142,286641600
678,2002-09-17,0.22214916348457336,0.26428601145744324,0.26839300990104675,0.2601790130138397,0.2601790130138397,427996800
679,2002-09-18,0.22545082867145538,0.26821398735046387,0.26946398615837097,0.25928598642349243,0.26232099533081055,328641600
680,2002-09-19,0.21884655952453613,0.26035699248313904,0.26428601145744324,0.25857099890708923,0.26339301466941833,205945600
681,2002-09-20,0.2231997549533844,0.26553601026535034,0.26678600907325745,0.25928598642349243,0.26107099652290344,352788800
682,2002-09-23,0.22289977967739105,0.26517900824546814,0.26714301109313965,0.2580359876155853,0.26357099413871765,263709600
683,2002-09-24,0.21974767744541168,0.2614290118217468,0.26464301347732544,0.2571429908275604,0.2571429908275604,250661600
684,2002-09-25,0.22410006821155548,0.26660698652267456,0.27089300751686096,0.26160699129104614,0.26232099533081055,254682400
685,2002-09-26,0.22064781188964844,0.26249998807907104,0.27125000953674316,0.25982099771499634,0.26964300870895386,208644800
686,2002-09-27,0.22094792127609253,0.26285699009895325,0.26517900824546814,0.25857099890708923,0.25874999165534973,206152800
687,2002-09-30,0.21764621138572693,0.2589290142059326,0.2601790130138397,0.2524999976158142,0.2571429908275604,237697600
688,2002-10-01,0.21779575943946838,0.25910699367523193,0.26071399450302124,0.25,0.26053598523139954,342423200
689,2002-10-02,0.21269267797470093,0.2530359923839569,0.26124998927116394,0.2517859935760498,0.2558929920196533,229348000
690,2002-10-03,0.214643657207489,0.2553569972515106,0.26071399450302124,0.2510710060596466,0.2532140016555786,217896000
691,2002-10-04,0.2105913609266281,0.2505359947681427,0.2571429908275604,0.2498210072517395,0.256428986787796,190825600
692,2002-10-07,0.20668859779834747,0.24589300155639648,0.2537499964237213,0.2457139939069748,0.2494640052318573,244697600
693,2002-10-08,0.20533785223960876,0.24428600072860718,0.2492859959602356,0.23857100307941437,0.2482140064239502,453644800
694,2002-10-09,0.20398704707622528,0.24267899990081787,0.2473209947347641,0.23946399986743927,0.24178600311279297,356686400
695,2002-10-10,0.21179167926311493,0.2519640028476715,0.2539289891719818,0.24250000715255737,0.24339300394058228,321574400
696,2002-10-11,0.21779575943946838,0.25910699367523193,0.26392900943756104,0.2517859935760498,0.2544640004634857,294677600
697,2002-10-14,0.22169864177703857,0.26374998688697815,0.26750001311302185,0.25785699486732483,0.25982099771499634,194404000
698,2002-10-15,0.22755227982997894,0.27071401476860046,0.2723209857940674,0.26392900943756104,0.27178600430488586,405518400
699,2002-10-16,0.21854642033576965,0.25999999046325684,0.27017900347709656,0.2482140064239502,0.26535698771476746,307624800
700,2002-10-17,0.21179167926311493,0.2519640028476715,0.2567859888076782,0.2496429979801178,0.2537499964237213,469296800
701,2002-10-18,0.215243861079216,0.256071001291275,0.2562499940395355,0.2487500011920929,0.25,288299200
702,2002-10-21,0.21854642033576965,0.25999999046325684,0.26124998927116394,0.25,0.2546429932117462,238520800
703,2002-10-22,0.22064781188964844,0.26249998807907104,0.26571398973464966,0.2546429932117462,0.25839298963546753,218148000
704,2002-10-23,0.22334939241409302,0.26571398973464966,0.26750001311302185,0.2589290142059326,0.26124998927116394,209036800
705,2002-10-24,0.22049742937088013,0.26232099533081055,0.27160701155662537,0.25982099771499634,0.26821398735046387,174748000
706,2002-10-25,0.23145495355129242,0.2753570079803467,0.2758930027484894,0.26053598523139954,0.26232099533081055,279070400
707,2002-10-28,0.23430699110031128,0.2787500023841858,0.2848210036754608,0.2723209857940674,0.2776789963245392,349300000
708,2002-10-29,0.2317550629377365,0.2757140100002289,0.2835710048675537,0.26714301109313965,0.2780359983444214,259179200
709,2002-10-30,0.2398606389760971,0.2853569984436035,0.29232099652290344,0.2764289975166321,0.2766070067882538,270676000
710,2002-10-31,0.2412114143371582,0.2869639992713928,0.29357099533081055,0.2842859923839569,0.285535991191864,295836800
711,2002-11-01,0.24556468427181244,0.29214298725128174,0.29464301466941833,0.2837499976158142,0.2846429944038391,189828800
712,2002-11-04,0.253519743680954,0.30160701274871826,0.310357004404068,0.29196399450302124,0.29464301466941833,376818400
713,2002-11-05,0.25367024540901184,0.30178600549697876,0.30285701155662537,0.29196399450302124,0.29910698533058167,210694400
714,2002-11-06,0.25847312808036804,0.3075000047683716,0.3092859983444214,0.29821398854255676,0.3050000071525574,216389600
715,2002-11-07,0.24016073346138,0.2857140004634857,0.3053570091724396,0.2823210060596466,0.30250000953674316,336179200
716,2002-11-08,0.23775924742221832,0.2828570008277893,0.2892859876155853,0.2771430015563965,0.2858929932117462,190064000
717,2002-11-11,0.22755227982997894,0.27071401476860046,0.2837499976158142,0.27000001072883606,0.2810710072517395,152975200
718,2002-11-12,0.23475752770900726,0.2792859971523285,0.2864289879798889,0.27285701036453247,0.2735710144042969,223792800
719,2002-11-13,0.2340068817138672,0.2783930003643036,0.2869639992713928,0.27285701036453247,0.2767859995365143,231739200
720,2002-11-14,0.24466368556022644,0.29107099771499634,0.29303601384162903,0.2817859947681427,0.2839289903640747,141713600
721,2002-11-15,0.23941010236740112,0.2848210036754608,0.28999999165534973,0.2814289927482605,0.28982099890708923,160994400
722,2002-11-18,0.2349071502685547,0.2794640064239502,0.2892859876155853,0.2771430015563965,0.28910699486732483,164578400
723,2002-11-19,0.22920387983322144,0.27267900109291077,0.28125,0.26803600788116455,0.2776789963245392,210952000
724,2002-11-20,0.2331058531999588,0.2773210108280182,0.2803570032119751,0.2723209857940674,0.2732140123844147,208740000
725,2002-11-21,0.24541419744491577,0.29196399450302124,0.29357099533081055,0.28125,0.2839289903640747,418482400
726,2002-11-22,0.24031110107898712,0.2858929932117462,0.29107099771499634,0.2839289903640747,0.287321001291275,227858400
727,2002-11-25,0.23971089720726013,0.2851789891719818,0.2882139980792999,0.2805359959602356,0.2862499952316284,199427200
728,2002-11-26,0.2313053160905838,0.275178998708725,0.2839289903640747,0.27267900109291077,0.2830359935760498,240262400
729,2002-11-27,0.23595792055130005,0.2807140052318573,0.2832140028476715,0.2758930027484894,0.2785710096359253,286798400
730,2002-11-29,0.23265616595745087,0.2767859995365143,0.2835710048675537,0.275178998708725,0.2819640040397644,143432800
731,2002-12-02,0.22785232961177826,0.2710709869861603,0.2874999940395355,0.26803600788116455,0.2839289903640747,398742400
732,2002-12-03,0.22755227982997894,0.27071401476860046,0.27392899990081787,0.26964300870895386,0.27142900228500366,227869600
733,2002-12-04,0.2247001826763153,0.26732099056243896,0.27125000953674316,0.2589290142059326,0.2710709869861603,325757600
734,2002-12-05,0.21959707140922546,0.26124998927116394,0.26928600668907166,0.25946399569511414,0.26839300990104675,243398400
735,2002-12-06,0.22440005838871002,0.26696398854255676,0.27125000953674316,0.25928598642349243,0.26160699129104614,245358400
736,2002-12-09,0.2213984727859497,0.26339301466941833,0.26696398854255676,0.26196399331092834,0.26678600907325745,236084800
737,2002-12-10,0.22935357689857483,0.27285701036453247,0.2758930027484894,0.26303601264953613,0.26339301466941833,308610400
738,2002-12-11,0.2325056940317154,0.2766070067882538,0.2766070067882538,0.26928600668907166,0.2732140123844147,253500800
739,2002-12-12,0.22800280153751373,0.27125000953674316,0.2776789963245392,0.26803600788116455,0.276964008808136,149340800
740,2002-12-13,0.2219986468553543,0.26410698890686035,0.27053600549697876,0.26160699129104614,0.27035701274871826,164780000
741,2002-12-16,0.22289977967739105,0.26517900824546814,0.26964300870895386,0.26089298725128174,0.26446399092674255,251624800
742,2002-12-17,0.22635193169116974,0.26928600668907166,0.27125000953674316,0.26178601384162903,0.26517900824546814,222661600
743,2002-12-18,0.2186969816684723,0.2601790130138397,0.26535698771476746,0.2589290142059326,0.26428601145744324,150701600
744,2002-12-19,0.2131424844264984,0.2535710036754608,0.26642900705337524,0.2517859935760498,0.25946399569511414,347519200
745,2002-12-20,0.2122422307729721,0.2524999976158142,0.25999999046325684,0.246070995926857,0.2551789879798889,318096800
746,2002-12-23,0.21749567985534668,0.25874999165534973,0.25982099771499634,0.252142995595932,0.2528569996356964,125826400
747,2002-12-24,0.21554483473300934,0.256428986787796,0.25839298963546753,0.2553569972515106,0.25785699486732483,39340000
748,2002-12-26,0.21614493429660797,0.2571429908275604,0.26446399092674255,0.2549999952316284,0.2574999928474426,85422400
749,2002-12-27,0.21104103326797485,0.2510710060596466,0.2567859888076782,0.2501789927482605,0.2555359899997711,80035200
750,2002-12-30,0.21119149029254913,0.2512499988079071,0.2526789903640747,0.2471430003643036,0.2514289915561676,155041600
751,2002-12-31,0.21509426832199097,0.2558929920196533,0.256428986787796,0.2491070032119751,0.25,200726400
752,2003-01-02,0.22214916348457336,0.26428601145744324,0.26642900705337524,0.2562499940395355,0.256428986787796,181428800
753,2003-01-03,0.22364948689937592,0.26607099175453186,0.26660698652267456,0.26053598523139954,0.26428601145744324,147453600
754,2003-01-06,0.22364948689937592,0.26607099175453186,0.2746430039405823,0.26571398973464966,0.26839300990104675,390532800
755,2003-01-07,0.22289977967739105,0.26517900824546814,0.26785698533058167,0.25839298963546753,0.26410698890686035,342344800
756,2003-01-08,0.21839596331119537,0.25982099771499634,0.26267901062965393,0.25785699486732483,0.26035699248313904,229644800
757,2003-01-09,0.22034777700901031,0.26214298605918884,0.26642900705337524,0.2589290142059326,0.26107099652290344,215252800
758,2003-01-10,0.22094792127609253,0.26285699009895325,0.26464301347732544,0.25874999165534973,0.26035699248313904,175100800
759,2003-01-13,0.21959707140922546,0.26124998927116394,0.26607099175453186,0.256428986787796,0.26607099175453186,178942400
760,2003-01-14,0.2192971259355545,0.26089298725128174,0.26464301347732544,0.25874999165534973,0.26232099533081055,186860800
761,2003-01-15,0.21659554541110992,0.2576789855957031,0.26249998807907104,0.2546429932117462,0.26053598523139954,371128800
762,2003-01-16,0.21944671869277954,0.26107099652290344,0.26357099413871765,0.2537499964237213,0.2537499964237213,559070400
763,2003-01-17,0.21164202690124512,0.2517859935760498,0.25999999046325684,0.2514289915561676,0.25999999046325684,266761600
764,2003-01-21,0.21044091880321503,0.2503570020198822,0.25732100009918213,0.25,0.2537499964237213,253456000
765,2003-01-22,0.20833949744701385,0.247857004404068,0.2526789903640747,0.24642899632453918,0.2496429979801178,215140800
766,2003-01-23,0.21269267797470093,0.2530359923839569,0.256428986787796,0.2491070032119751,0.2508929967880249,228256000
767,2003-01-24,0.20713916420936584,0.24642899632453918,0.254285991191864,0.24214300513267517,0.254285991191864,305468800
768,2003-01-27,0.21209174394607544,0.2523210048675537,0.2589290142059326,0.24375000596046448,0.24428600072860718,391406400
769,2003-01-28,0.21884655952453613,0.26035699248313904,0.26232099533081055,0.2528569996356964,0.254285991191864,286255200
770,2003-01-29,0.22410006821155548,0.26660698652267456,0.26964300870895386,0.2553569972515106,0.25982099771499634,373044000
771,2003-01-30,0.21494373679161072,0.2557139992713928,0.26910701394081116,0.2551789879798889,0.26750001311302185,407058400
772,2003-01-31,0.21554483473300934,0.256428986787796,0.25982099771499634,0.2508929967880249,0.2533929944038391,341224800
773,2003-02-03,0.2200477421283722,0.26178601384162903,0.26625001430511475,0.2562499940395355,0.25732100009918213,264784800
774,2003-02-04,0.21914663910865784,0.26071399450302124,0.26160699129104614,0.2555359899997711,0.2580359876155853,317413600
775,2003-02-05,0.21689563989639282,0.2580359876155853,0.26660698652267456,0.25785699486732483,0.26267901062965393,221614400
776,2003-02-06,0.21659554541110992,0.2576789855957031,0.26053598523139954,0.2539289891719818,0.256428986787796,179149600
777,2003-02-07,0.2123926877975464,0.2526789903640747,0.26071399450302124,0.2512499988079071,0.25982099771499634,269701600
778,2003-02-10,0.2153943032026291,0.2562499940395355,0.2601790130138397,0.2510710060596466,0.2546429932117462,167888000
779,2003-02-11,0.2153943032026291,0.2562499940395355,0.26124998927116394,0.2535710036754608,0.2589290142059326,164780000
780,2003-02-12,0.21599449217319489,0.2569639980792999,0.26071399450302124,0.2548210024833679,0.2548210024833679,228687200
781,2003-02-13,0.21824632585048676,0.25964298844337463,0.2614290118217468,0.254285991191864,0.25732100009918213,208493600
782,2003-02-14,0.22019727528095245,0.26196399331092834,0.26285699009895325,0.2562499940395355,0.26089298725128174,243297600
783,2003-02-18,0.22920387983322144,0.27267900109291077,0.2732140123844147,0.26285699009895325,0.26339301466941833,290897600
784,2003-02-19,0.22289977967739105,0.26517900824546814,0.27053600549697876,0.26214298605918884,0.26910701394081116,240368800
785,2003-02-20,0.22169864177703857,0.26374998688697815,0.26714301109313965,0.26267901062965393,0.26517900824546814,224352800
786,2003-02-21,0.22515073418617249,0.26785698533058167,0.26892900466918945,0.26160699129104614,0.26464301347732544,157444000
787,2003-02-24,0.22124797105789185,0.26321399211883545,0.26839300990104675,0.24642899632453918,0.26535698771476746,180252800
788,2003-02-25,0.22545082867145538,0.26821398735046387,0.26928600668907166,0.26035699248313904,0.26214298605918884,188641600
789,2003-02-26,0.21764621138572693,0.2589290142059326,0.26821398735046387,0.25857099890708923,0.26767900586128235,217095200
790,2003-02-27,0.22304926812648773,0.26535698771476746,0.26785698533058167,0.25910699367523193,0.2601790130138397,154341600
791,2003-02-28,0.22530123591423035,0.26803600788116455,0.26946398615837097,0.26374998688697815,0.26535698771476746,195098400
792,2003-03-03,0.21989719569683075,0.26160699129104614,0.27071401476860046,0.25982099771499634,0.26803600788116455,203761600
793,2003-03-04,0.21854642033576965,0.25999999046325684,0.26446399092674255,0.25785699486732483,0.26321399211883545,126414400
794,2003-03-05,0.21944671869277954,0.26107099652290344,0.26428601145744324,0.25928598642349243,0.26089298725128174,126683200
795,2003-03-06,0.21854642033576965,0.25999999046325684,0.26071399450302124,0.2571429908275604,0.26035699248313904,99859200
796,2003-03-07,0.21809589862823486,0.25946399569511414,0.26267901062965393,0.2555359899997711,0.25839298963546753,200984000
797,2003-03-10,0.21569445729255676,0.2566069960594177,0.26196399331092834,0.2553569972515106,0.25910699367523193,134573600
798,2003-03-11,0.213592991232872,0.2541069984436035,0.25874999165534973,0.252142995595932,0.256428986787796,161190400
799,2003-03-12,0.2134433537721634,0.2539289891719818,0.2569639980792999,0.2510710060596466,0.2530359923839569,222560800
800,2003-03-13,0.22094792127609253,0.26285699009895325,0.26428601145744324,0.2530359923839569,0.25839298963546753,335445600
801,2003-03-14,0.22184903919696808,0.26392900943756104,0.26803600788116455,0.2614290118217468,0.26214298605918884,153098400
802,2003-03-17,0.22530123591423035,0.26803600788116455,0.26910701394081116,0.26267901062965393,0.26589301228523254,399912800
803,2003-03-18,0.22515073418617249,0.26785698533058167,0.26946398615837097,0.26464301347732544,0.26785698533058167,229980800
804,2003-03-19,0.22440005838871002,0.26696398854255676,0.27053600549697876,0.26410698890686035,0.26910701394081116,141316000
805,2003-03-20,0.22379997372627258,0.26625001430511475,0.26767900586128235,0.26071399450302124,0.26660698652267456,163178400
806,2003-03-21,0.22515073418617249,0.26785698533058167,0.27053600549697876,0.26464301347732544,0.26946398615837097,297948000
807,2003-03-24,0.21569445729255676,0.2566069960594177,0.26428601145744324,0.2562499940395355,0.26196399331092834,161100800
808,2003-03-25,0.21839596331119537,0.25982099771499634,0.26482099294662476,0.2566069960594177,0.25732100009918213,167697600
809,2003-03-26,0.21629458665847778,0.25732100009918213,0.25999999046325684,0.2553569972515106,0.25982099771499634,178343200
810,2003-03-27,0.21749567985534668,0.25874999165534973,0.26249998807907104,0.2557139992713928,0.2557139992713928,122393600
811,2003-03-28,0.2186969816684723,0.2601790130138397,0.26107099652290344,0.2566069960594177,0.2571429908275604,145303200
812,2003-03-31,0.2122422307729721,0.2524999976158142,0.25946399569511414,0.2507140040397644,0.2558929920196533,256659200
813,2003-04-01,0.21254228055477142,0.2528569996356964,0.2555359899997711,0.2512499988079071,0.2535710036754608,154341600
814,2003-04-02,0.21914663910865784,0.26071399450302124,0.26232099533081055,0.2548210024833679,0.256428986787796,171371200
815,2003-04-03,0.2170451432466507,0.25821399688720703,0.26249998807907104,0.2562499940395355,0.25999999046325684,145712000
816,2003-04-04,0.21629458665847778,0.25732100009918213,0.26196399331092834,0.2569639980792999,0.25928598642349243,146020000
817,2003-04-07,0.21749567985534668,0.25874999165534973,0.26696398854255676,0.25732100009918213,0.26517900824546814,196862400
818,2003-04-08,0.21689563989639282,0.2580359876155853,0.26160699129104614,0.256428986787796,0.25910699367523193,128934400
819,2003-04-09,0.2129928320646286,0.2533929944038391,0.26107099652290344,0.2524999976158142,0.25928598642349243,146725600
820,2003-04-10,0.21569445729255676,0.2566069960594177,0.2569639980792999,0.2535710036754608,0.2535710036754608,107100000
821,2003-04-11,0.19813252985477448,0.23571400344371796,0.25785699486732483,0.23089300096035004,0.2508929967880249,1392708800
822,2003-04-14,0.203836590051651,0.24250000715255737,0.24553599953651428,0.24107100069522858,0.2448209971189499,502958400
823,2003-04-15,0.20098458230495453,0.23910699784755707,0.24285699427127838,0.23749999701976776,0.24267899990081787,303968000
824,2003-04-16,0.19873350858688354,0.23642900586128235,0.24410699307918549,0.23071399331092834,0.23196400701999664,1016176000
825,2003-04-17,0.19693221151828766,0.23428599536418915,0.23660700023174286,0.22714300453662872,0.23571400344371796,616257600
826,2003-04-21,0.19723226130008698,0.23464299738407135,0.23553599417209625,0.23178599774837494,0.23446400463581085,152320000
827,2003-04-22,0.20278587937355042,0.24124999344348907,0.24321399629116058,0.23375000059604645,0.23535700142383575,300568800
828,2003-04-23,0.203836590051651,0.24250000715255737,0.24339300394058228,0.23857100307941437,0.24160699546337128,209680800
829,2003-04-24,0.20173513889312744,0.23999999463558197,0.24303600192070007,0.23214299976825714,0.24142900109291077,325108000
830,2003-04-25,0.20038436353206635,0.23839299380779266,0.24250000715255737,0.23624999821186066,0.24035699665546417,205318400
831,2003-04-28,0.20803934335708618,0.2475000023841858,0.2492859959602356,0.23982100188732147,0.24071399867534637,636798400
832,2003-04-29,0.21104103326797485,0.2510710060596466,0.2528569996356964,0.24250000715255737,0.2496429979801178,458236800
833,2003-04-30,0.2134433537721634,0.2539289891719818,0.2562499940395355,0.2473209947347641,0.2487500011920929,458175200
834,2003-05-01,0.21554483473300934,0.256428986787796,0.2569639980792999,0.25,0.2544640004634857,342759200
835,2003-05-02,0.21689563989639282,0.2580359876155853,0.26053598523139954,0.256071001291275,0.25821399688720703,321182400
836,2003-05-05,0.24151144921779633,0.287321001291275,0.30142900347709656,0.26339301466941833,0.26374998688697815,1555708000
837,2003-05-06,0.26267606019973755,0.3125,0.3196429908275604,0.2874999940395355,0.2878569960594177,1514492000
838,2003-05-07,0.2649278938770294,0.3151789903640747,0.32571399211883545,0.3055360019207001,0.3094640076160431,1054379200
839,2003-05-08,0.27018141746520996,0.3214290142059326,0.3226790130138397,0.3087500035762787,0.3160710036754608,687736000
840,2003-05-09,0.2746843099594116,0.32678601145744324,0.32857099175453186,0.3192859888076782,0.32732099294662476,588386400
841,2003-05-12,0.2785870432853699,0.33142900466918945,0.33464300632476807,0.32374998927116394,0.32410699129104614,419372800
842,2003-05-13,0.28023791313171387,0.33339300751686096,0.3387500047683716,0.3205359876155853,0.32910698652267456,446796000
843,2003-05-14,0.278436541557312,0.33125001192092896,0.33642899990081787,0.32910698652267456,0.3362500071525574,355488000
844,2003-05-15,0.2811381220817566,0.33446401357650757,0.3366070091724396,0.32982099056243896,0.33214300870895386,284995200
845,2003-05-16,0.28218895196914673,0.3357140123844147,0.339464008808136,0.32642900943756104,0.33196398615837097,341628000
846,2003-05-19,0.27168187499046326,0.32321399450302124,0.33303600549697876,0.32249999046325684,0.33089300990104675,445888800
847,2003-05-20,0.26702943444252014,0.3176789879798889,0.32428601384162903,0.3142859935760498,0.32321399450302124,416220000
848,2003-05-21,0.2679295241832733,0.3187499940395355,0.32303598523139954,0.3155359923839569,0.3176789879798889,305009600
849,2003-05-22,0.27378323674201965,0.32571399211883545,0.32857099175453186,0.316785991191864,0.3194639980792999,178460800
850,2003-05-23,0.2749843895435333,0.32714301347732544,0.32964301109313965,0.32071399688720703,0.32517901062965393,206718400
851,2003-05-27,0.283390074968338,0.3371430039405823,0.3375000059604645,0.31982100009918213,0.32071399688720703,290130400
852,2003-05-28,0.2743842899799347,0.32642900943756104,0.33321401476860046,0.32410699129104614,0.33035698533058167,339679200
853,2003-05-29,0.27168187499046326,0.32321399450302124,0.33035698533058167,0.3196429908275604,0.32660698890686035,333765600
854,2003-05-30,0.26943087577819824,0.3205359876155853,0.32464298605918884,0.3130359947681427,0.32357099652290344,382748800
855,2003-06-02,0.26192545890808105,0.3116070032119751,0.32660698890686035,0.3083930015563965,0.32321399450302124,418588800
856,2003-06-03,0.2598240375518799,0.3091070055961609,0.3155359923839569,0.30392900109291077,0.3114289939403534,360858400
857,2003-06-04,0.2641773521900177,0.3142859935760498,0.3176789879798889,0.306071013212204,0.3089289963245392,271202400
858,2003-06-05,0.26477742195129395,0.3149999976158142,0.316785991191864,0.3094640076160431,0.3116070032119751,205497600
859,2003-06-06,0.25742247700691223,0.3062500059604645,0.32214298844337463,0.306071013212204,0.316785991191864,241388000
860,2003-06-09,0.2520185112953186,0.29982098937034607,0.30428600311279297,0.29696398973464966,0.30250000953674316,259952000
861,2003-06-10,0.2578730285167694,0.3067860007286072,0.3087500035762787,0.29910698533058167,0.30160701274871826,176646400
862,2003-06-11,0.26192545890808105,0.3116070032119751,0.3126789927482605,0.30017900466918945,0.3062500059604645,225114400
863,2003-06-12,0.26672834157943726,0.3173210024833679,0.3192859888076782,0.3116070032119751,0.3133929967880249,252588000
864,2003-06-13,0.26147493720054626,0.3110710084438324,0.3205359876155853,0.3058930039405823,0.3169640004634857,191245600
865,2003-06-16,0.2742336690425873,0.32624998688697815,0.32624998688697815,0.3116070032119751,0.3142859935760498,238526400
866,2003-06-17,0.27303263545036316,0.32482099533081055,0.33035698533058167,0.32124999165534973,0.32875001430511475,177464000
867,2003-06-18,0.2869926989078522,0.3414289951324463,0.3478569984436035,0.32696399092674255,0.32946398854255676,454983200
868,2003-06-19,0.2872927486896515,0.3417859971523285,0.350178986787796,0.33517900109291077,0.3457140028476715,381528000
869,2003-06-20,0.2881929874420166,0.3428570032119751,0.3496429920196533,0.3375000059604645,0.3455359935760498,356546400
870,2003-06-23,0.28609156608581543,0.3403570055961609,0.35160699486732483,0.3348209857940674,0.3446429967880249,307361600
871,2003-06-24,0.2818887531757355,0.33535701036453247,0.3512499928474426,0.33428600430488586,0.3476789891719818,514382400
872,2003-06-25,0.2865421175956726,0.3408930003643036,0.3464289903640747,0.33410701155662537,0.3367860019207001,329812000
873,2003-06-26,0.28954383730888367,0.3444640040397644,0.3449999988079071,0.33392900228500366,0.33392900228500366,161705600
874,2003-06-27,0.2811381220817566,0.33446401357650757,0.3448210060596466,0.33000001311302185,0.3446429967880249,365792000
875,2003-06-30,0.28609156608581543,0.3403570055961609,0.3430359959602356,0.33196398615837097,0.3335709869861603,222152000
876,2003-07-01,0.2865421175956726,0.3408930003643036,0.3425000011920929,0.33053600788116455,0.3369640111923218,180992000
877,2003-07-02,0.2892436385154724,0.3441070020198822,0.3464289903640747,0.3396430015563965,0.3398210108280182,325298400
878,2003-07-03,0.28714221715927124,0.341607004404068,0.3491069972515106,0.3389289975166321,0.3392859995365143,137771200
879,2003-07-07,0.2982494533061981,0.35482099652290344,0.36035698652267456,0.341607004404068,0.3441070020198822,286272000
880,2003-07-08,0.3062054216861725,0.36428600549697876,0.3660709857940674,0.348035991191864,0.3485710024833679,256737600
881,2003-07-09,0.29855042695999146,0.3551790118217468,0.36517900228500366,0.3551790118217468,0.36089301109313965,213645600
882,2003-07-10,0.2938969135284424,0.3496429920196533,0.35607099533081055,0.345892995595932,0.35499998927116394,170934400
883,2003-07-11,0.2979494631290436,0.35446399450302124,0.35714301466941833,0.3487499952316284,0.35107100009918213,136858400
884,2003-07-14,0.2986999452114105,0.35535699129104614,0.36428600549697876,0.35482099652290344,0.35732099413871765,188406400
885,2003-07-15,0.2943475842475891,0.350178986787796,0.36142900586128235,0.3469640016555786,0.35749998688697815,206645600
886,2003-07-16,0.2982494533061981,0.35482099652290344,0.35714301466941833,0.3460710048675537,0.35660699009895325,250930400
887,2003-07-17,0.3137100338935852,0.3732140064239502,0.3741070032119751,0.35946398973464966,0.36053600907325745,751212000
888,2003-07-18,0.3131098449230194,0.3725000023841858,0.3782140016555786,0.36428600549697876,0.3732140064239502,298838400
889,2003-07-21,0.30935758352279663,0.3680360019207001,0.3714289963245392,0.36250001192092896,0.3694640100002289,183808800
890,2003-07-22,0.3122096061706543,0.3714289963245392,0.3742859959602356,0.3660709857940674,0.3726789951324463,198424800
891,2003-07-23,0.31205904483795166,0.3712500035762787,0.3742859959602356,0.36535701155662537,0.3741070032119751,143035200
892,2003-07-24,0.3078562915325165,0.36625000834465027,0.3839290142059326,0.36392900347709656,0.3757140040397644,229236000
893,2003-07-25,0.3233168125152588,0.38464298844337463,0.3851790130138397,0.36428600549697876,0.36446401476860046,216686400
894,2003-07-28,0.31506064534187317,0.3748210072517395,0.3839290142059326,0.3725000023841858,0.3839290142059326,170357600
895,2003-07-29,0.311008483171463,0.3700000047683716,0.3764289915561676,0.36642900109291077,0.3748210072517395,197120000
896,2003-07-30,0.3044041693210602,0.36214300990104675,0.3732140064239502,0.36017900705337524,0.3708930015563965,173594400
897,2003-07-31,0.3164122998714447,0.3764289915561676,0.3812499940395355,0.3673210144042969,0.3703570067882538,301464800
898,2003-08-01,0.3111588656902313,0.3701789975166321,0.3798210024833679,0.368571013212204,0.375,149604000
899,2003-08-04,0.31836339831352234,0.3787499964237213,0.3839290142059326,0.36214300990104675,0.36660701036453247,230115200
900,2003-08-05,0.3059053421020508,0.36392900347709656,0.3821429908275604,0.35892900824546814,0.3812499940395355,249440800
901,2003-08-06,0.2946476936340332,0.3505359888076782,0.36017900705337524,0.3482140004634857,0.35821399092674255,245464800
902,2003-08-07,0.299150675535202,0.35589298605918884,0.35874998569488525,0.3467859923839569,0.35232099890708923,174378400
903,2003-08-08,0.2947973310947418,0.3507139980792999,0.35946398973464966,0.3499999940395355,0.35910698771476746,137659200
904,2003-08-11,0.2950974702835083,0.35107100009918213,0.35589298605918884,0.3483929932117462,0.3539290130138397,137228000
905,2003-08-12,0.2956983745098114,0.3517859876155853,0.35357099771499634,0.3474999964237213,0.35285699367523193,164438400
906,2003-08-13,0.3029029369354248,0.36035698652267456,0.36321398615837097,0.3496429920196533,0.35464298725128174,284099200
907,2003-08-14,0.2997507154941559,0.35660699009895325,0.36303600668907166,0.35607099533081055,0.36089301109313965,192780000
908,2003-08-15,0.29584798216819763,0.35196399688720703,0.35839301347732544,0.35107100009918213,0.35749998688697815,125865600
909,2003-08-18,0.30530428886413574,0.36321398615837097,0.36446401476860046,0.35214298963546753,0.35464298725128174,192774400
910,2003-08-19,0.30500438809394836,0.36285701394081116,0.36517900228500366,0.35714301466941833,0.36375001072883606,133688800
911,2003-08-20,0.3153616487979889,0.3751789927482605,0.3798210024833679,0.35964301228523254,0.36035698652267456,273212800
912,2003-08-21,0.3254181742668152,0.38714298605918884,0.38767901062965393,0.3741070032119751,0.3755359947681427,255326400
913,2003-08-22,0.31340986490249634,0.372857004404068,0.39285698533058167,0.368571013212204,0.38946399092674255,250264000
914,2003-08-25,0.3131098449230194,0.3725000023841858,0.3733929991722107,0.36589300632476807,0.3710710108280182,137782400
915,2003-08-26,0.31596195697784424,0.3758929967880249,0.3762499988079071,0.36339300870895386,0.3705359995365143,164959200
916,2003-08-27,0.32241567969322205,0.38357099890708923,0.38357099890708923,0.368928998708725,0.3733929991722107,225702400
917,2003-08-28,0.3330731689929962,0.39625000953674316,0.39678600430488586,0.3808929920196533,0.3808929920196533,319625600
918,2003-08-29,0.3393774628639221,0.4037500023841858,0.4080359935760498,0.39375001192092896,0.39642900228500366,263155200
919,2003-09-02,0.3429800868034363,0.4080359935760498,0.4089289903640747,0.4000000059604645,0.4046429991722107,242132800
920,2003-09-03,0.3444804251194,0.4098210036754608,0.4164290130138397,0.4064289927482605,0.4071429967880249,268828000
921,2003-09-04,0.3426800072193146,0.4076789915561676,0.4151790142059326,0.4066070020198822,0.41357100009918213,199780000
922,2003-09-05,0.33772650361061096,0.4017859995365143,0.4133929908275604,0.400178998708725,0.4058929979801178,240133600
923,2003-09-08,0.3413284718990326,0.4060710072517395,0.4069640040397644,0.4012500047683716,0.4014289975166321,167244000
924,2003-09-09,0.3357747793197632,0.3994640111923218,0.4048210084438324,0.39500001072883606,0.4023210108280182,180370400
925,2003-09-10,0.33292269706726074,0.3960709869861603,0.4037500023841858,0.3948209881782532,0.3973209857940674,224890400
926,2003-09-11,0.3386268615722656,0.4028570055961609,0.4069640040397644,0.39464300870895386,0.3973209857940674,213684800
927,2003-09-12,0.34673231840133667,0.4124999940395355,0.4132139980792999,0.39839300513267517,0.401964008808136,179989600
928,2003-09-15,0.3333732485771179,0.39660701155662537,0.4089289903640747,0.39500001072883606,0.4073210060596466,226844800
929,2003-09-16,0.33562517166137695,0.3992860019207001,0.4051789939403534,0.39642900228500366,0.39660701155662537,269007200
930,2003-09-17,0.3320225179195404,0.39500001072883606,0.3996430039405823,0.39017900824546814,0.3994640111923218,289396800
931,2003-09-18,0.3434297740459442,0.4085710048675537,0.410535991191864,0.39196398854255676,0.39464300870895386,252907200
932,2003-09-19,0.33892691135406494,0.4032140076160431,0.4116069972515106,0.4005360007286072,0.4085710048675537,205956800
933,2003-09-22,0.3314222991466522,0.39428600668907166,0.4017859995365143,0.39142900705337524,0.3960709869861603,179821600
934,2003-09-23,0.3366759419441223,0.4005360007286072,0.4010710120201111,0.39071398973464966,0.39321398735046387,132451200
935,2003-09-24,0.3200141489505768,0.3807139992713928,0.39839300513267517,0.3764289915561676,0.39660701155662537,301285600
936,2003-09-25,0.30665507912635803,0.3648209869861603,0.3816069960594177,0.36160698533058167,0.381071001291275,574380800
937,2003-09-26,0.3105578124523163,0.3694640100002289,0.38749998807907104,0.35982099175453186,0.36250001192092896,347250400
938,2003-09-29,0.31971412897109985,0.3803569972515106,0.38696399331092834,0.3687500059604645,0.38374999165534973,365702400
939,2003-09-30,0.311008483171463,0.3700000047683716,0.3789289891719818,0.36500000953674316,0.3766070008277893,285426400
940,2003-10-01,0.31205904483795166,0.3712500035762787,0.3767859935760498,0.36053600907325745,0.3698210120201111,236112800
941,2003-10-02,0.3087565004825592,0.3673210144042969,0.3714289963245392,0.36214300990104675,0.3714289963245392,204058400
942,2003-10-03,0.3255678713321686,0.38732099533081055,0.39035698771476746,0.372857004404068,0.3748210072517395,299600000
943,2003-10-06,0.33457452058792114,0.39803600311279297,0.3987500071525574,0.38535699248313904,0.38696399331092834,268329600
944,2003-10-07,0.3485336899757385,0.41464298963546753,0.41803601384162903,0.39125001430511475,0.39375001192092896,418174400
945,2003-10-08,0.34613195061683655,0.4117859899997711,0.42035698890686035,0.4058929979801178,0.4151790142059326,428668800
946,2003-10-09,0.351985901594162,0.41874998807907104,0.42267900705337524,0.4069640040397644,0.41607099771499634,347748800
947,2003-10-10,0.3554379940032959,0.42285698652267456,0.42517900466918945,0.41732099652290344,0.41964301466941833,174837600
948,2003-10-13,0.3654945492744446,0.4348210096359253,0.4358929991722107,0.42357099056243896,0.42375001311302185,279865600
949,2003-10-14,0.3684970736503601,0.4383929967880249,0.441785991191864,0.4319640100002289,0.4342859983444214,275419200
950,2003-10-15,0.3725493252277374,0.4432139992713928,0.44660699367523193,0.4389289915561676,0.4437499940395355,610103200
951,2003-10-16,0.3489842712879181,0.4151790142059326,0.42571398615837097,0.400178998708725,0.42500001192092896,975682400
952,2003-10-17,0.34147879481315613,0.40625,0.41946399211883545,0.4005360007286072,0.41749998927116394,359811200
953,2003-10-20,0.3485336899757385,0.41464298963546753,0.41678598523139954,0.3996430039405823,0.4035710096359253,279132000
954,2003-10-21,0.34793350100517273,0.4139289855957031,0.41785699129104614,0.40625,0.41624999046325684,176461600
955,2003-10-22,0.3416293263435364,0.4064289927482605,0.4142859876155853,0.4050000011920929,0.4096429944038391,161599200
956,2003-10-23,0.3450813889503479,0.410535991191864,0.4133929908275604,0.4033930003643036,0.4058929979801178,165211200
957,2003-10-24,0.33922696113586426,0.4035710096359253,0.4080359935760498,0.39696401357650757,0.4028570055961609,219856000
958,2003-10-27,0.33922696113586426,0.4035710096359253,0.4087499976158142,0.4016070067882538,0.40625,162013600
959,2003-10-28,0.3560381829738617,0.42357099056243896,0.42446398735046387,0.4000000059604645,0.4028570055961609,251714400
960,2003-10-29,0.35558852553367615,0.42303600907325745,0.42678600549697876,0.41678598523139954,0.41982099413871765,267080800
961,2003-10-30,0.34658190608024597,0.412321001291275,0.4285709857940674,0.408392995595932,0.42839300632476807,260556800
962,2003-10-31,0.3435802161693573,0.4087499976158142,0.41696399450302124,0.4067859947681427,0.41607099771499634,218153600
963,2003-11-03,0.3474828898906708,0.4133929908275604,0.41607099771499634,0.4067859947681427,0.4076789915561676,302842400
964,2003-11-04,0.343880295753479,0.4091069996356964,0.4124999940395355,0.4033930003643036,0.4119639992713928,249233600
965,2003-11-05,0.3456815481185913,0.4112499952316284,0.4130359888076782,0.4012500047683716,0.4074999988079071,322470400
966,2003-11-06,0.34703248739242554,0.4128569960594177,0.4133929908275604,0.4044640064239502,0.4091069996356964,397073600
967,2003-11-07,0.33772650361061096,0.4017859995365143,0.41499999165534973,0.4008930027484894,0.41410699486732483,210145600
968,2003-11-10,0.32871997356414795,0.39107099175453186,0.4044640064239502,0.38999998569488525,0.4008930027484894,234276000
969,2003-11-11,0.3233168125152588,0.38464298844337463,0.39321398735046387,0.38357099890708923,0.39107099175453186,215073600
970,2003-11-12,0.3351746201515198,0.3987500071525574,0.4057140052318573,0.38357099890708923,0.38357099890708923,300003200
971,2003-11-13,0.3365253508090973,0.4003570079803467,0.4028570055961609,0.39142900705337524,0.39410701394081116,212772000
972,2003-11-14,0.32211562991142273,0.38321399688720703,0.4037500023841858,0.3799999952316284,0.4014289975166321,237048000
973,2003-11-17,0.31716209650039673,0.3773210048675537,0.3816069960594177,0.3741070032119751,0.3812499940395355,228256000
974,2003-11-18,0.3063550591468811,0.36446401476860046,0.381071001291275,0.36339300870895386,0.3787499964237213,267192800
975,2003-11-19,0.3065055310726166,0.36464300751686096,0.3687500059604645,0.36178600788116455,0.36714300513267517,344584800
976,2003-11-20,0.3059053421020508,0.36392900347709656,0.3764289915561676,0.35892900824546814,0.35892900824546814,239590400
977,2003-11-21,0.3044041693210602,0.36214300990104675,0.3675000071525574,0.35446399450302124,0.36321398615837097,241836000
978,2003-11-24,0.3174630105495453,0.3776789903640747,0.3798210024833679,0.36517900228500366,0.3660709857940674,381824800
979,2003-11-25,0.31040823459625244,0.3692860007286072,0.3794640004634857,0.3680360019207001,0.3791069984436035,268654400
980,2003-11-26,0.311008483171463,0.3700000047683716,0.3776789903640747,0.36160698533058167,0.3730359971523285,245128800
981,2003-11-28,0.3138604164123535,0.3733929991722107,0.3762499988079071,0.36642900109291077,0.3710710108280182,76098400
982,2003-12-01,0.32586878538131714,0.38767901062965393,0.39017900824546814,0.375,0.3757140040397644,361536000
983,2003-12-02,0.3233168125152588,0.38464298844337463,0.39107099175453186,0.38232100009918213,0.38571399450302124,205296000
984,2003-12-03,0.315661758184433,0.3755359947681427,0.38999998569488525,0.3742859959602356,0.38464298844337463,191296000
985,2003-12-04,0.3174630105495453,0.3776789903640747,0.3780359923839569,0.3708930015563965,0.3739289939403534,177940000
986,2003-12-05,0.31295934319496155,0.3723210096359253,0.3776789903640747,0.3701789975166321,0.3732140064239502,186177600
987,2003-12-08,0.31596195697784424,0.3758929967880249,0.3764289915561676,0.36446401476860046,0.3710710108280182,148237600
988,2003-12-09,0.3069559931755066,0.36517900228500366,0.3794640004634857,0.36428600549697876,0.3780359923839569,135144800
989,2003-12-10,0.3059053421020508,0.36392900347709656,0.3680360019207001,0.35642901062965393,0.36517900228500366,271336800
990,2003-12-11,0.31836339831352234,0.3787499964237213,0.381071001291275,0.36089301109313965,0.36160698533058167,183136800
991,2003-12-12,0.3135603666305542,0.3730359971523285,0.3807139992713928,0.3696430027484894,0.3807139992713928,192673600
992,2003-12-15,0.3027532994747162,0.36017900705337524,0.38374999165534973,0.35839301347732544,0.38374999165534973,388908800
993,2003-12-16,0.3020026385784149,0.35928601026535034,0.36589300632476807,0.35732099413871765,0.36053600907325745,373956800
994,2003-12-17,0.298399955034256,0.35499998927116394,0.35946398973464966,0.35339298844337463,0.35857099294662476,274260000
995,2003-12-18,0.30080151557922363,0.35785698890686035,0.36035698652267456,0.35535699129104614,0.35535699129104614,330915200
996,2003-12-19,0.2956983745098114,0.3517859876155853,0.36464300751686096,0.3503569960594177,0.36053600907325745,453560800
997,2003-12-22,0.2979494631290436,0.35446399450302124,0.3551790118217468,0.34375,0.3508929908275604,377064800
998,2003-12-23,0.2973492741584778,0.35374999046325684,0.35624998807907104,0.3499999940395355,0.35571399331092834,308498400
999,2003-12-24,0.3063550591468811,0.36446401476860046,0.36767899990081787,0.3508929908275604,0.35214298963546753,177475200
1000,2003-12-26,0.31190863251686096,0.3710710108280182,0.3733929991722107,0.36321398615837097,0.36339300870895386,103695200
1001,2003-12-29,0.3174630105495453,0.3776789903640747,0.3778569996356964,0.3725000023841858,0.3733929991722107,233458400
1002,2003-12-30,0.31941404938697815,0.3799999952316284,0.3839290142059326,0.3776789903640747,0.3782140016555786,204853600
1003,2003-12-31,0.32076480984687805,0.3816069960594177,0.38446399569511414,0.3782140016555786,0.3812499940395355,174451200
1004,2004-01-02,0.31941404938697815,0.3799999952316284,0.38839301466941833,0.3782140016555786,0.38482099771499634,144642400
1005,2004-01-05,0.3327731490135193,0.39589300751686096,0.399821013212204,0.3824999928474426,0.3824999928474426,395018400
1006,2004-01-06,0.33157190680503845,0.39446398615837097,0.4003570079803467,0.38767901062965393,0.3973209857940674,509348000
1007,2004-01-07,0.3390773832798004,0.4033930003643036,0.4076789915561676,0.39160698652267456,0.39464300870895386,586874400
1008,2004-01-08,0.35063502192497253,0.41714298725128174,0.42375001311302185,0.4044640064239502,0.4078570008277893,460303200
1009,2004-01-09,0.3452310562133789,0.4107140004634857,0.4308930039405823,0.4069640040397644,0.41482099890708923,427459200
1010,2004-01-12,0.35618874430656433,0.42375001311302185,0.4285709857940674,0.4124999940395355,0.4151790142059326,487547200
1011,2004-01-13,0.3620424270629883,0.4307140111923218,0.443571001291275,0.4260709881782532,0.4410710036754608,679016800
1012,2004-01-14,0.3632434904575348,0.4321430027484894,0.4382140040397644,0.42464300990104675,0.4357140064239502,620043200
1013,2004-01-15,0.3429800868034363,0.4080359935760498,0.41785699129104614,0.4017859995365143,0.4091069996356964,1018208800
1014,2004-01-16,0.34102824330329895,0.4057140052318573,0.4114289879798889,0.4037500023841858,0.4087499976158142,372820000
1015,2004-01-20,0.3411787152290344,0.4058929979801178,0.4071429967880249,0.3973209857940674,0.4048210084438324,315946400
1016,2004-01-21,0.3393774628639221,0.4037500023841858,0.4101789891719818,0.4005360007286072,0.4053570032119751,226660000
1017,2004-01-22,0.33292269706726074,0.3960709869861603,0.4076789915561676,0.3960709869861603,0.4028570055961609,205004800
1018,2004-01-23,0.3386268615722656,0.4028570055961609,0.4060710072517395,0.3973209857940674,0.4003570079803467,227169600
1019,2004-01-26,0.3453815281391144,0.4108929932117462,0.4117859899997711,0.4005360007286072,0.4010710120201111,271269600
1020,2004-01-27,0.34628188610076904,0.4119639992713928,0.4151790142059326,0.4071429967880249,0.4114289879798889,307070400
1021,2004-01-28,0.33802658319473267,0.4021430015563965,0.41749998927116394,0.400178998708725,0.4078570008277893,275402400
1022,2004-01-29,0.3404282033443451,0.4050000011920929,0.4071429967880249,0.39625000953674316,0.404107004404068,212699200
1023,2004-01-30,0.3386268615722656,0.4028570055961609,0.408392995595932,0.4003570079803467,0.4044640064239502,185298400
1024,2004-02-02,0.3350240886211395,0.3985710144042969,0.4073210060596466,0.39428600668907166,0.4010710120201111,287431200
1025,2004-02-03,0.3341238796710968,0.39750000834465027,0.4000000059604645,0.39285698533058167,0.3982140123844147,180812800
1026,2004-02-04,0.3270690143108368,0.38910698890686035,0.39446398615837097,0.38749998807907104,0.39285698533058167,305552800
1027,2004-02-05,0.3365253508090973,0.4003570079803467,0.4091069996356964,0.38946399092674255,0.38964301347732544,352844800
1028,2004-02-06,0.3408786654472351,0.4055359959602356,0.4087499976158142,0.4000000059604645,0.4008930027484894,193340000
1029,2004-02-09,0.3402777910232544,0.4048210084438324,0.4082140028476715,0.4017859995365143,0.4039289951324463,188260800
1030,2004-02-10,0.3449309468269348,0.4103569984436035,0.4128569960594177,0.4007140100002289,0.4039289951324463,255343200
1031,2004-02-11,0.35723942518234253,0.42500001192092896,0.42625001072883606,0.4116069972515106,0.412321001291275,348544000
1032,2004-02-12,0.35618874430656433,0.42375001311302185,0.42839300632476807,0.42142900824546814,0.42160698771476746,183988000
1033,2004-02-13,0.3452310562133789,0.4107140004634857,0.4303570091724396,0.4076789915561676,0.42589300870895386,315980000
1034,2004-02-17,0.34763267636299133,0.41357100009918213,0.41946399211883545,0.4124999940395355,0.4124999940395355,170956800
1035,2004-02-18,0.3491339087486267,0.41535699367523193,0.41857099533081055,0.4116069972515106,0.4139289855957031,141635200
1036,2004-02-19,0.33727601170539856,0.4012500047683716,0.42214301228523254,0.400178998708725,0.41660699248313904,323080800
1037,2004-02-20,0.3362252414226532,0.4000000059604645,0.401964008808136,0.39660701155662537,0.4017859995365143,277603200
1038,2004-02-23,0.3330731689929962,0.39625000953674316,0.4010710120201111,0.39089301228523254,0.39892899990081787,194079200
1039,2004-02-24,0.33562517166137695,0.3992860019207001,0.4060710072517395,0.39285698533058167,0.39535701274871826,259056000
1040,2004-02-25,0.3423791229724884,0.4073210060596466,0.4089289903640747,0.39660701155662537,0.39785701036453247,276276000
1041,2004-02-26,0.34583204984664917,0.4114289879798889,0.4139289855957031,0.4071429967880249,0.4085710048675537,198408000
1042,2004-02-27,0.359040766954422,0.42714300751686096,0.42892900109291077,0.4098210036754608,0.4099999964237213,468837600
1043,2004-03-01,0.36054185032844543,0.42892900109291077,0.4339289963245392,0.42625001072883606,0.4303570091724396,321680800
1044,2004-03-02,0.3573898375034332,0.42517900466918945,0.4303570091724396,0.42446398735046387,0.4285709857940674,256687200
1045,2004-03-03,0.359040766954422,0.42714300751686096,0.4319640100002289,0.42142900824546814,0.42142900824546814,225131200
1046,2004-03-04,0.3776533305644989,0.44928601384162903,0.45035699009895325,0.42696401476860046,0.4273209869861603,660223200
1047,2004-03-05,0.40136903524398804,0.47749999165534973,0.49089300632476807,0.4446429908275604,0.4455359876155853,1540599200
1048,2004-03-08,0.390261709690094,0.4642859995365143,0.47839298844337463,0.4607140123844147,0.4753569960594177,522872000
1049,2004-03-09,0.40677303075790405,0.48392900824546814,0.48625001311302185,0.4598209857940674,0.4625000059604645,618363200
1050,2004-03-10,0.41547858715057373,0.4942860007286072,0.5024999976158142,0.48107099533081055,0.48285698890686035,1006964000
1051,2004-03-11,0.4075227379798889,0.48482099175453186,0.5007140040397644,0.48374998569488525,0.48696398735046387,595851200
1052,2004-03-12,0.4136773347854614,0.49214300513267517,0.4960710108280182,0.48517900705337524,0.48785701394081116,329224000
1053,2004-03-15,0.39701569080352783,0.4723210036754608,0.48839300870895386,0.4689289927482605,0.48267900943756104,481717600
1054,2004-03-16,0.38755929470062256,0.4610710144042969,0.475178986787796,0.45339301228523254,0.4741069972515106,605432800
1055,2004-03-17,0.39311379194259644,0.4676789939403534,0.4710710048675537,0.46035701036453247,0.4635710120201111,411432000
1056,2004-03-18,0.38530826568603516,0.45839300751686096,0.4653570055961609,0.45696398615837097,0.4632140100002289,321081600
1057,2004-03-19,0.38816022872924805,0.4617860019207001,0.48107099533081055,0.45607098937034607,0.45642900466918945,408576000
1058,2004-03-22,0.38816022872924805,0.4617860019207001,0.4673210084438324,0.45089301466941833,0.45303601026535034,419031200
1059,2004-03-23,0.3796042799949646,0.45160698890686035,0.4642859995365143,0.45035699009895325,0.4621430039405823,385515200
1060,2004-03-24,0.3827563226222992,0.45535698533058167,0.4598209857940674,0.45124998688697815,0.45124998688697815,428215200
1061,2004-03-25,0.4033198356628418,0.47982099652290344,0.48053601384162903,0.462321013212204,0.4667859971523285,566445600
1062,2004-03-26,0.40587183833122253,0.48285698890686035,0.4885709881782532,0.48053601384162903,0.48214301466941833,419893600
1063,2004-03-29,0.4189307987689972,0.4983929991722107,0.4998210072517395,0.48571398854255676,0.48875001072883606,350728000
1064,2004-03-30,0.4190804958343506,0.4985710084438324,0.4991070032119751,0.48821398615837097,0.4953570067882538,359676800
1065,2004-03-31,0.40587183833122253,0.48285698890686035,0.4996429979801178,0.48124998807907104,0.4985710084438324,390773600
1066,2004-04-01,0.4069225490093231,0.48410698771476746,0.48696398735046387,0.4753569960594177,0.4801790118217468,318332000
1067,2004-04-02,0.41277623176574707,0.4910709857940674,0.4987500011920929,0.48625001311302185,0.4955359995365143,274478400
1068,2004-04-05,0.42508456110954285,0.5057139992713928,0.5066069960594177,0.49000000953674316,0.49071401357650757,385672000
1069,2004-04-06,0.4177296459674835,0.4969640076160431,0.5026789903640747,0.4898209869861603,0.4948210120201111,257992000
1070,2004-04-07,0.4099249839782715,0.48767900466918945,0.4946430027484894,0.48071399331092834,0.4930360019207001,255119200
1071,2004-04-08,0.41322681307792664,0.49160701036453247,0.5,0.48571398854255676,0.497857004404068,240917600
1072,2004-04-12,0.42088183760643005,0.5007140040397644,0.5017859935760498,0.49089300632476807,0.4910709857940674,230540800
1073,2004-04-13,0.4042209982872009,0.48089298605918884,0.5005360245704651,0.47928598523139954,0.4996429979801178,436396800
1074,2004-04-14,0.39986780285835266,0.4757139980792999,0.48339301347732544,0.4698210060596466,0.47749999165534973,639732800
1075,2004-04-15,0.4397943913936615,0.5232139825820923,0.5282139778137207,0.5028570294380188,0.5146430134773254,1761446400
1076,2004-04-16,0.43799328804016113,0.5210710167884827,0.5233929753303528,0.5089290142059326,0.5205360054969788,402931200
1077,2004-04-19,0.4255351126194,0.5062500238418579,0.513392984867096,0.4969640076160431,0.5021430253982544,712353600
1078,2004-04-20,0.416229248046875,0.4951789975166321,0.5073210000991821,0.49214300513267517,0.5037500262260437,354519200
1079,2004-04-21,0.416229248046875,0.4951789975166321,0.5021430253982544,0.48875001072883606,0.4928570091724396,325875200
1080,2004-04-22,0.4169790744781494,0.4960710108280182,0.5032140016555786,0.48410698771476746,0.49214300513267517,344584800
1081,2004-04-23,0.41577866673469543,0.4946430027484894,0.5,0.48303601145744324,0.4946430027484894,315828800
1082,2004-04-26,0.40722256898880005,0.48446398973464966,0.493571013212204,0.48214301466941833,0.4925000071525574,231128800
1083,2004-04-27,0.40437063574790955,0.48107099533081055,0.49000000953674316,0.47660699486732483,0.48642900586128235,283864000
1084,2004-04-28,0.39701569080352783,0.4723210036754608,0.48232099413871765,0.4703570008277893,0.4789290130138397,231168000
1085,2004-04-29,0.40181949734687805,0.47803598642349243,0.48214301466941833,0.4639289975166321,0.4723210036754608,460790400
1086,2004-04-30,0.38695916533470154,0.46035701036453247,0.48142901062965393,0.45517900586128235,0.47696399688720703,466502400
1087,2004-05-03,0.3913124203681946,0.4655359983444214,0.4701789915561676,0.45964300632476807,0.4642859995365143,297634400
1088,2004-05-04,0.39236313104629517,0.4667859971523285,0.4741069972515106,0.45535698533058167,0.4637500047683716,279983200
1089,2004-05-05,0.4000181257724762,0.4758929908275604,0.4776790142059326,0.4635710120201111,0.4678570032119751,238106400
1090,2004-05-06,0.3989674746990204,0.4746429920196533,0.4776790142059326,0.4625000059604645,0.4714289903640747,263558400
1091,2004-05-07,0.4003182351589203,0.4762499928474426,0.4923210144042969,0.4741069972515106,0.4741069972515106,419036800
1092,2004-05-10,0.39446452260017395,0.4692859947681427,0.4749999940395355,0.4632140100002289,0.4691070020198822,249978400
1093,2004-05-11,0.4073731005191803,0.48464301228523254,0.48553600907325745,0.4714289903640747,0.4714289903640747,305172000
1094,2004-05-12,0.40977466106414795,0.48750001192092896,0.48821398615837097,0.4685710072517395,0.47839298844337463,245420000
1095,2004-05-13,0.40812382102012634,0.48553600907325745,0.4950000047683716,0.48035699129104614,0.48392900824546814,229852000
1096,2004-05-14,0.4061719477176666,0.48321399092674255,0.48785701394081116,0.4723210036754608,0.48660698533058167,257801600
1097,2004-05-17,0.39986780285835266,0.4757139980792999,0.48321399092674255,0.4707140028476715,0.4767859876155853,300445600
1098,2004-05-18,0.4061719477176666,0.48321399092674255,0.48732098937034607,0.47857099771499634,0.48160699009895325,206063200
1099,2004-05-19,0.397316575050354,0.4726789891719818,0.4910709857940674,0.4717859923839569,0.48928600549697876,375592000
1100,2004-05-20,0.4009183943271637,0.47696399688720703,0.48214301466941833,0.4726789891719818,0.4755359888076782,196296800
1101,2004-05-21,0.4069225490093231,0.48410698771476746,0.48571398854255676,0.47732099890708923,0.48035699129104614,179894400
1102,2004-05-24,0.41037479043006897,0.48821398615837097,0.4982140064239502,0.48410698771476746,0.48732098937034607,235603200
1103,2004-05-25,0.4264354407787323,0.5073210000991821,0.5091069936752319,0.48732098937034607,0.4910709857940674,319978400
1104,2004-05-26,0.4279366731643677,0.5091069936752319,0.513929009437561,0.5,0.5058929920196533,322168000
1105,2004-05-27,0.4228336215019226,0.5030360221862793,0.5107139945030212,0.4967859983444214,0.508213996887207,235972800
1106,2004-05-28,0.4211817979812622,0.5010709762573242,0.5048210024833679,0.4964289963245392,0.50142902135849,145717600
1107,2004-06-01,0.4211817979812622,0.5010709762573242,0.5035709738731384,0.4930360019207001,0.4962500035762787,182134400
1108,2004-06-02,0.43409109115600586,0.5164290070533752,0.5208929777145386,0.4964289963245392,0.5005360245704651,318712800
1109,2004-06-03,0.4262857735157013,0.5071430206298828,0.51767897605896,0.5051789879798889,0.5128570199012756,250930400
1110,2004-06-04,0.431989848613739,0.513929009437561,0.5223209857940674,0.5091069936752319,0.5099999904632568,399112000
1111,2004-06-07,0.44744932651519775,0.5323209762573242,0.5353569984436035,0.5144640207290649,0.5185710191726685,295876000
1112,2004-06-08,0.4555550813674927,0.5419639945030212,0.5435709953308105,0.53267902135849,0.535535991191864,415620800
1113,2004-06-09,0.4533039927482605,0.5392860174179077,0.5483930110931396,0.5357139706611633,0.5373209714889526,349204800
1114,2004-06-10,0.46140944957733154,0.54892897605896,0.5530359745025635,0.5392860174179077,0.5392860174179077,257577600
1115,2004-06-14,0.45210278034210205,0.5378569960594177,0.5478569865226746,0.5267860293388367,0.5473210215568542,243986400
1116,2004-06-15,0.46065884828567505,0.5480359792709351,0.5560709834098816,0.5403569936752319,0.5453569889068604,444634400
1117,2004-06-16,0.4914295971393585,0.5846430063247681,0.5950000286102295,0.545179009437561,0.5475000143051147,909641600
1118,2004-06-17,0.49248018860816956,0.5858929753303528,0.5916069746017456,0.5751789808273315,0.5814290046691895,551320000
1119,2004-06-18,0.4939814507961273,0.5876790285110474,0.5966070294380188,0.5791069865226746,0.5832139849662781,406252000
1120,2004-06-21,0.4852747619152069,0.5773209929466248,0.5982139706611633,0.5735710263252258,0.5914289951324463,390213600
1121,2004-06-22,0.4953322410583496,0.5892860293388367,0.5908929705619812,0.5766069889068604,0.5767859816551208,360511200
1122,2004-06-23,0.5058394074440002,0.6017860174179077,0.6041070222854614,0.5873209834098816,0.5892860293388367,390868800
1123,2004-06-24,0.498033732175827,0.5924999713897705,0.6017860174179077,0.5889289975166321,0.5983930230140686,252515200
1124,2004-06-25,0.5058394074440002,0.6017860174179077,0.6017860174179077,0.5892860293388367,0.5905359983444214,323428000
1125,2004-06-28,0.48767712712287903,0.58017897605896,0.6105359792709351,0.5751789808273315,0.6103569865226746,521096800
1126,2004-06-29,0.48782673478126526,0.580357015132904,0.5891069769859314,0.5608929991722107,0.5726789832115173,590553600
1127,2004-06-30,0.48842692375183105,0.5810710191726685,0.5887500047683716,0.5694640278816223,0.5814290046691895,373044000
1128,2004-07-01,0.48482516407966614,0.5767859816551208,0.5799999833106995,0.5696430206298828,0.5732139945030212,341941600
1129,2004-07-02,0.4665125906467438,0.5550000071525574,0.5567860007286072,0.5308930277824402,0.5442860126495361,910683200
1130,2004-07-06,0.464561402797699,0.5526790022850037,0.56107097864151,0.550000011920929,0.5583930015563965,348980800
1131,2004-07-07,0.45615607500076294,0.5426790118217468,0.5600000023841858,0.5380359888076782,0.5508930087089539,397992000
1132,2004-07-08,0.4524027705192566,0.5382140278816223,0.5478569865226746,0.5348209738731384,0.5380359888076782,233380000
1133,2004-07-09,0.450751930475235,0.5362499952316284,0.544642984867096,0.5362499952316284,0.5405359864234924,208863200
1134,2004-07-12,0.43739306926727295,0.5203570127487183,0.5364289879798889,0.5166069865226746,0.5360710024833679,511621600
1135,2004-07-13,0.438594251871109,0.5217859745025635,0.5285710096359253,0.5182139873504639,0.5223209857940674,316176000
1136,2004-07-14,0.4439972937107086,0.5282139778137207,0.5351790189743042,0.5132139921188354,0.5153570175170898,835800000
1137,2004-07-15,0.49428170919418335,0.5880360007286072,0.6005359888076782,0.5733929872512817,0.5832139849662781,1767724000
1138,2004-07-16,0.48332393169403076,0.574999988079071,0.5878570079803467,0.5735710263252258,0.5857139825820923,488381600
1139,2004-07-19,0.479871541261673,0.5708929896354675,0.5753570199012756,0.5653570294380188,0.5716069936752319,533170400
1140,2004-07-20,0.48332393169403076,0.574999988079071,0.574999988079071,0.5633929967880249,0.5705360174179077,323747200
1141,2004-07-21,0.4746182858943939,0.5646430253982544,0.584106981754303,0.5596429705619812,0.5789290070533752,301257600
1142,2004-07-22,0.47551849484443665,0.5657140016555786,0.5666069984436035,0.5546429753303528,0.5580360293388367,334118400
1143,2004-07-23,0.46080848574638367,0.5482140183448792,0.5669639706611633,0.5442860126495361,0.5630360245704651,273571200
1144,2004-07-26,0.46921420097351074,0.558214008808136,0.5616070032119751,0.5496429800987244,0.5508930087089539,393932000
1145,2004-07-27,0.48677605390548706,0.5791069865226746,0.5848209857940674,0.5637500286102295,0.567857027053833,425006400
1146,2004-07-28,0.4843747317790985,0.5762500166893005,0.5787500143051147,0.5564290285110474,0.5769640207290649,285051200
1147,2004-07-29,0.48992833495140076,0.5828570127487183,0.5860710144042969,0.5737500190734863,0.579820990562439,222157600
1148,2004-07-30,0.4854254126548767,0.5774999856948853,0.5892860293388367,0.5714290142059326,0.5830360054969788,243023200
1149,2004-08-02,0.4740182161331177,0.56392902135849,0.574999988079071,0.5558930039405823,0.5567860007286072,365092000
1150,2004-08-03,0.46966466307640076,0.5587499737739563,0.5664290189743042,0.5562499761581421,0.5616070032119751,211629600
1151,2004-08-04,0.4771701395511627,0.5676789879798889,0.5735710263252258,0.5566070079803467,0.5569639801979065,276488800
1152,2004-08-05,0.47116604447364807,0.5605360269546509,0.5767859816551208,0.5580360293388367,0.5680360198020935,244501600
1153,2004-08-06,0.446999728679657,0.5317860245704651,0.5553569793701172,0.5303570032119751,0.5517860054969788,492290400
1154,2004-08-09,0.4548042118549347,0.5410709977149963,0.543749988079071,0.5323209762573242,0.5330359935760498,290847200
1155,2004-08-10,0.47311681509017944,0.5628569722175598,0.5632140040397644,0.5419639945030212,0.5426790118217468,351036000
1156,2004-08-11,0.46546193957328796,0.5537499785423279,0.5558930039405823,0.5403569936752319,0.5553569793701172,322392000
1157,2004-08-12,0.45585519075393677,0.5423210263252258,0.5508930087089539,0.5407140254974365,0.543749988079071,226200800
1158,2004-08-13,0.46290990710258484,0.5507140159606934,0.5585709810256958,0.5428569912910461,0.5464289784431458,328048000
1159,2004-08-16,0.46200963854789734,0.5496429800987244,0.5664290189743042,0.5471429824829102,0.5535709857940674,435674400
1160,2004-08-17,0.4633604884147644,0.5512499809265137,0.5558930039405823,0.5419639945030212,0.5460709929466248,323019200
1161,2004-08-18,0.4764195382595062,0.566785991191864,0.5687500238418579,0.5444639921188354,0.54482102394104,364655200
1162,2004-08-19,0.4609590172767639,0.5483930110931396,0.5689290165901184,0.5421429872512817,0.5626789927482605,388920000
1163,2004-08-20,0.46230998635292053,0.550000011920929,0.5533930063247681,0.5444639921188354,0.5483930110931396,316780800
1164,2004-08-23,0.4665125906467438,0.5550000071525574,0.5583930015563965,0.5464289784431458,0.5510709881782532,254660000
1165,2004-08-24,0.4795715808868408,0.5705360174179077,0.5705360174179077,0.5569639801979065,0.558214008808136,374136000
1166,2004-08-25,0.4960828721523285,0.5901790261268616,0.5919640064239502,0.5666069984436035,0.5691069960594177,505618400
1167,2004-08-26,0.5202491879463196,0.6189290285110474,0.6282140016555786,0.5846430063247681,0.5899999737739563,955858400
1168,2004-08-27,0.5155956149101257,0.6133930087089539,0.620714008808136,0.607142984867096,0.6192860007286072,388813600
1169,2004-08-30,0.5121433734893799,0.6092860102653503,0.6200000047683716,0.6064289808273315,0.607142984867096,218142400
1170,2004-08-31,0.5176970958709717,0.6158930063247681,0.6241070032119751,0.607142984867096,0.6083930134773254,376560800
1171,2004-09-01,0.5382606387138367,0.6403570175170898,0.64267897605896,0.6105359792709351,0.612500011920929,515726400
1172,2004-09-02,0.5352588295936584,0.6367859840393066,0.6394640207290649,0.6219639778137207,0.6339290142059326,406324800
1173,2004-09-03,0.5288042426109314,0.6291069984436035,0.6414290070533752,0.6251789927482605,0.6251789927482605,293468000
1174,2004-09-07,0.5367594361305237,0.63857102394104,0.6462500095367432,0.6291069984436035,0.6321430206298828,301957600
1175,2004-09-08,0.5456154942512512,0.6491069793701172,0.6530359983444214,0.6371430158615112,0.637499988079071,343526400
1176,2004-09-09,0.5358590483665466,0.637499988079071,0.6482139825820923,0.6299999952316284,0.6446430087089539,461339200
1177,2004-09-10,0.5384109020233154,0.6405360102653503,0.6469640135765076,0.633213996887207,0.6367859840393066,328014400
1178,2004-09-13,0.5342081189155579,0.6355360150337219,0.6441069841384888,0.6307139992713928,0.6407139897346497,281976800
1179,2004-09-14,0.5327070355415344,0.6337500214576721,0.6348209977149963,0.6210709810256958,0.629285991191864,254822400
1180,2004-09-15,0.528353750705719,0.6285709738731384,0.6335710287094116,0.6214290261268616,0.6314290165901184,232668800
1181,2004-09-16,0.5456154942512512,0.6491069793701172,0.6564289927482605,0.62642902135849,0.6285709738731384,501916800
1182,2004-09-17,0.5574734210968018,0.6632140278816223,0.6675000190734863,0.6499999761581421,0.6526790261268616,502308800
1183,2004-09-20,0.56602942943573,0.6733930110931396,0.6782140135765076,0.6583930253982544,0.6585710048675537,245000000
1184,2004-09-21,0.5705323815345764,0.6787499785423279,0.6941069960594177,0.6689289808273315,0.674107015132904,386652000
1185,2004-09-22,0.5541713833808899,0.6592860221862793,0.6810709834098816,0.6573209762573242,0.6803569793701172,401688000
1186,2004-09-23,0.5594249367713928,0.6655359864234924,0.669642984867096,0.6594640016555786,0.6614289879798889,397404000
1187,2004-09-24,0.559725284576416,0.665893018245697,0.6785709857940674,0.6633930206298828,0.668749988079071,369488000
1188,2004-09-27,0.5633277893066406,0.670179009437561,0.6782140135765076,0.65767902135849,0.6598209738731384,397516000
1189,2004-09-28,0.5709829926490784,0.679286003112793,0.6837499737739563,0.668749988079071,0.6689289808273315,353186400
1190,2004-09-29,0.5805889368057251,0.6907140016555786,0.6939290165901184,0.6753569841384888,0.6773210167884827,273509600
1191,2004-09-30,0.5816394686698914,0.6919639706611633,0.7012500166893005,0.6866070032119751,0.6964290142059326,425012000
1192,2004-10-01,0.5804390907287598,0.6905360221862793,0.6998209953308105,0.68892902135849,0.6985710263252258,465404800
1193,2004-10-04,0.5822405219078064,0.6926789879798889,0.6996430158615112,0.6919639706611633,0.6996430158615112,574084000
1194,2004-10-05,0.5909462571144104,0.7030360102653503,0.7083929777145386,0.6857140064239502,0.6885709762573242,406162400
1195,2004-10-06,0.6100087761878967,0.7257140278816223,0.7278569936752319,0.704820990562439,0.705357015132904,446303200
1196,2004-10-07,0.5946985483169556,0.7074999809265137,0.7308930158615112,0.7046430110931396,0.7239289879798889,426148800
1197,2004-10-08,0.5862929821014404,0.6974999904632568,0.7101789712905884,0.6935709714889526,0.7064290046691895,359228800
1198,2004-10-11,0.5792378187179565,0.6891070008277893,0.6974999904632568,0.682142972946167,0.692857027053833,323870400
1199,2004-10-12,0.5747350454330444,0.6837499737739563,0.68892902135849,0.6723210215568542,0.6875,460191200
1200,2004-10-13,0.5966493487358093,0.7098209857940674,0.7099999785423279,0.691785991191864,0.6941069960594177,1163008000
1201,2004-10-14,0.6751521825790405,0.8032140135765076,0.8169639706611633,0.7598209977149963,0.7712500095367432,2768427200
1202,2004-10-15,0.6829575896263123,0.8125,0.8144639730453491,0.7891070246696472,0.8014289736747742,1031128000
1203,2004-10-18,0.716730535030365,0.8526790142059326,0.8526790142059326,0.7982140183448792,0.7982140183448792,1200752000
1204,2004-10-19,0.7117772102355957,0.8467860221862793,0.8633930087089539,0.8448209762573242,0.8589289784431458,801992800
1205,2004-10-20,0.7125279307365417,0.8476790189743042,0.8500000238418579,0.8330360054969788,0.8424999713897705,605108000
1206,2004-10-21,0.719581663608551,0.8560709953308105,0.8594639897346497,0.8457139730453491,0.8478569984436035,724505600
1207,2004-10-22,0.7116265296936035,0.8466070294380188,0.8512499928474426,0.8396430015563965,0.8489289879798889,483067200
1208,2004-10-25,0.7137279510498047,0.849107027053833,0.8542860150337219,0.8405359983444214,0.8428570032119751,392644000
1209,2004-10-26,0.7200323343276978,0.8566070199012756,0.8580359816551208,0.8387500047683716,0.8473209738731384,594361600
1210,2004-10-27,0.7550055980682373,0.8982139825820923,0.9039289951324463,0.8601790070533752,0.8662499785423279,1193494400
1211,2004-10-28,0.7833746671676636,0.9319639801979065,0.9325000047683716,0.8839290142059326,0.8924999833106995,864264800
1212,2004-10-29,0.7865267395973206,0.9357140064239502,0.949999988079071,0.925000011920929,0.9257140159606934,810219200
1213,2004-11-01,0.7872776389122009,0.9366070032119751,0.95107102394104,0.929286003112793,0.9375,602050400
1214,2004-11-02,0.8030379414558411,0.955357015132904,0.9657139778137207,0.9357140064239502,0.9357140064239502,729988000
1215,2004-11-03,0.8302068114280701,0.9876790046691895,1.0019639730453491,0.9641069769859314,0.9708930253982544,1204173600
1216,2004-11-04,0.8172972798347473,0.9723209738731384,0.9919639825820923,0.9708930253982544,0.982679009437561,928625600
1217,2004-11-05,0.8213505148887634,0.9771429896354675,0.982142984867096,0.929286003112793,0.9796429872512817,1205047200
1218,2004-11-08,0.816246747970581,0.9710710048675537,0.9901790022850037,0.9617859721183777,0.9691069722175598,526920800
1219,2004-11-09,0.81129390001297,0.9651790261268616,0.974107027053833,0.9532139897346497,0.9683930277824402,475764800
1220,2004-11-10,0.8218011856079102,0.9776790142059326,0.9891070127487183,0.9626790285110474,0.963392972946167,508676000
1221,2004-11-11,0.8300562500953674,0.987500011920929,0.9898210167884827,0.9683930277824402,0.981249988079071,407299200
1222,2004-11-12,0.8330578804016113,0.9910709857940674,0.9944639801979065,0.9792860150337219,0.98232102394104,395701600
1223,2004-11-15,0.8291559815406799,0.98642897605896,0.990356981754303,0.9703570008277893,0.9857140183448792,376045600
1224,2004-11-16,0.8246521949768066,0.9810709953308105,0.9857140183448792,0.9728569984436035,0.9850000143051147,295103200
1225,2004-11-17,0.8240522146224976,0.9803569912910461,0.9901790022850037,0.9682139754295349,0.9855359792709351,397751200
1226,2004-11-18,0.8314070701599121,0.9891070127487183,0.9901790022850037,0.9694640040397644,0.9696429967880249,459149600
1227,2004-11-19,0.8281053304672241,0.9851790070533752,1.0162500143051147,0.9732139706611633,0.9908930063247681,765279200
1228,2004-11-22,0.9208675026893616,1.0955359935760498,1.1428569555282593,1.0339289903640747,1.1035710573196411,2568210400
1229,2004-11-23,0.9196661114692688,1.0941070318222046,1.1151789426803589,1.0901789665222168,1.1124999523162842,911450400
1230,2004-11-24,0.9613940715789795,1.1437499523162842,1.1642860174179077,1.099107027053833,1.1016069650650024,1390788000
1231,2004-11-26,0.968899667263031,1.1526789665222168,1.1742860078811646,1.1489289999008179,1.166964054107666,550144000
1232,2004-11-29,1.027288794517517,1.2221430540084839,1.2423210144042969,1.2037500143051147,1.2312500476837158,1712916800
1233,2004-11-30,1.0064241886138916,1.1973210573196411,1.2283929586410522,1.1973210573196411,1.2283929586410522,1028518400
1234,2004-12-01,1.017532229423523,1.210536003112793,1.213392972946167,1.1833930015563965,1.210536003112793,800553600
1235,2004-12-02,0.978805661201477,1.164463996887207,1.1946430206298828,1.1546430587768555,1.1808929443359375,987442400
1236,2004-12-03,0.9408308267593384,1.1192859411239624,1.160714030265808,1.1026790142059326,1.1523209810256958,1238848800
1237,2004-12-06,0.9873617887496948,1.1746430397033691,1.1828570365905762,1.124107003211975,1.1473209857940674,1247920800
1238,2004-12-07,0.9439829587936401,1.1230360269546509,1.1916069984436035,1.1171430349349976,1.177320957183838,1056899200
1239,2004-12-08,0.9498363733291626,1.1299999952316284,1.1505359411239624,1.1080360412597656,1.1264289617538452,691902400
1240,2004-12-09,0.9604939222335815,1.14267897605896,1.149999976158142,1.1083929538726807,1.1216069459915161,741501600
1241,2004-12-10,0.9779056310653687,1.1633930206298828,1.1794639825820923,1.155357003211975,1.1612499952316284,775773600
1242,2004-12-13,0.9743024706840515,1.159106969833374,1.176785945892334,1.1535710096359253,1.1717859506607056,395040800
1243,2004-12-14,0.9800068736076355,1.1658929586410522,1.176429033279419,1.1610709428787231,1.167857050895691,415721600
1244,2004-12-15,0.979556143283844,1.165356993675232,1.1689289808273315,1.1546430587768555,1.1649999618530273,398361600
1245,2004-12-16,0.9996700882911682,1.1892859935760498,1.2053569555282593,1.1794639825820923,1.181249976158142,1126115200
1246,2004-12-17,0.9755038022994995,1.1605360507965088,1.1971429586410522,1.1589289903640747,1.1935709714889526,783496000
1247,2004-12-20,0.941430926322937,1.1200000047683716,1.1785709857940674,1.102856993675232,1.1691069602966309,1168126400
1248,2004-12-21,0.9559900760650635,1.1373209953308105,1.1387499570846558,1.100000023841858,1.1349999904632568,1064414400
1249,2004-12-22,0.9568914771080017,1.1383930444717407,1.1492860317230225,1.1321430206298828,1.1367859840393066,565829600
1250,2004-12-23,0.9607940912246704,1.1430360078811646,1.1473209857940674,1.135714054107666,1.1383930444717407,245929600
1251,2004-12-27,0.9480353593826294,1.127856969833374,1.1633930206298828,1.1228569746017456,1.157142996788025,559490400
1252,2004-12-28,0.9633455872535706,1.146070957183838,1.1473209857940674,1.1080360412597656,1.130357027053833,611755200
1253,2004-12-29,0.9672483801841736,1.1507140398025513,1.1603569984436035,1.135179042816162,1.139464020729065,449562400
1254,2004-12-30,0.9726518392562866,1.157142996788025,1.1612499952316284,1.1467859745025635,1.1573209762573242,345340800
1255,2004-12-31,0.9666478633880615,1.149999976158142,1.160714030265808,1.1433930397033691,1.158750057220459,278588800
1256,2005-01-03,0.9499872326850891,1.1301790475845337,1.1626789569854736,1.1178569793701172,1.1567859649658203,691992000
1257,2005-01-04,0.959743082523346,1.141785979270935,1.1691069602966309,1.1244640350341797,1.1391069889068604,1096810400
1258,2005-01-05,0.9681490063667297,1.151785969734192,1.1651790142059326,1.1437499523162842,1.1510709524154663,680433600
1259,2005-01-06,0.968899667263031,1.1526789665222168,1.159106969833374,1.1308929920196533,1.1548210382461548,705555200
1260,2005-01-07,1.0394457578659058,1.2366069555282593,1.2433929443359375,1.15625,1.160714030265808,2227450400
1261,2005-01-10,1.0350942611694336,1.2314289808273315,1.2625000476837158,1.2121429443359375,1.2469639778137207,1725309600
1262,2005-01-11,0.9690490365028381,1.1528569459915161,1.2348209619522095,1.1453570127487183,1.21875,2611627200
1263,2005-01-12,0.9825591444969177,1.1689289808273315,1.176785945892334,1.130357027053833,1.1687500476837158,1919702400
1264,2005-01-13,1.047702670097351,1.2464289665222168,1.3289289474487305,1.2451790571212769,1.316249966621399,3164716800
1265,2005-01-14,1.0537056922912598,1.2535710334777832,1.2807140350341797,1.235535979270935,1.254464030265808,1770742400
1266,2005-01-18,1.0604605674743652,1.261607050895691,1.2625000476837158,1.2098209857940674,1.2473210096359253,1006460000
1267,2005-01-19,1.0489028692245483,1.2478569746017456,1.2760709524154663,1.245535969734192,1.2587499618530273,751895200
1268,2005-01-20,1.0576084852218628,1.258213996887207,1.2726789712905884,1.2405359745025635,1.243749976158142,914922400
1269,2005-01-21,1.0580589771270752,1.2587499618530273,1.2785710096359253,1.25,1.2733930349349976,911332800
1270,2005-01-24,1.062111496925354,1.26357102394104,1.2817859649658203,1.2598210573196411,1.2675000429153442,841629600
1271,2005-01-25,1.0814744234085083,1.286607027053833,1.3007140159606934,1.266785979270935,1.2744640111923218,969231200
1272,2005-01-26,1.084477424621582,1.2901790142059326,1.2991069555282593,1.2717859745025635,1.2975000143051147,739496800
1273,2005-01-27,1.0903306007385254,1.2971429824829102,1.3021429777145386,1.2776789665222168,1.2885710000991821,496227200
1274,2005-01-28,1.1104438304901123,1.3210710287094116,1.3210710287094116,1.2935709953308105,1.2967859506607056,801612000
1275,2005-01-31,1.1542727947235107,1.3732140064239502,1.3908929824829102,1.3305360078811646,1.331786036491394,1681097600
1276,2005-02-01,1.1637296676635742,1.3844640254974365,1.3887499570846558,1.3674999475479126,1.375892996788025,678395200
1277,2005-02-02,1.1952511072158813,1.4219640493392944,1.4269640445709229,1.3873209953308105,1.3919639587402344,1020062400
1278,2005-02-03,1.1679325103759766,1.389464020729065,1.4183930158615112,1.3808929920196533,1.412500023841858,731651200
1279,2005-02-04,1.1833927631378174,1.4078569412231445,1.4094640016555786,1.3844640254974365,1.3905359506607056,563556000
1280,2005-02-07,1.18489408493042,1.4096430540084839,1.416964054107666,1.3839290142059326,1.4094640016555786,524456800
1281,2005-02-08,1.2143139839172363,1.4446430206298828,1.4532140493392944,1.4069639444351196,1.4119640588760376,890019200
1282,2005-02-09,1.1818917989730835,1.4060709476470947,1.4641070365905762,1.394642949104309,1.4471429586410522,1191456000
1283,2005-02-10,1.176188349723816,1.3992860317230225,1.4157140254974365,1.3689290285110474,1.4057140350341797,1093019200
1284,2005-02-11,1.2189671993255615,1.4501789808273315,1.4600000381469727,1.4096430540084839,1.426071047782898,1201054400
1285,2005-02-14,1.2703009843826294,1.5112500190734863,1.5141069889068604,1.4651789665222168,1.4773210287094116,1271463200
1286,2005-02-15,1.3270390033721924,1.5787500143051147,1.5907139778137207,1.535714030265808,1.5475000143051147,2312217600
1287,2005-02-16,1.352856159210205,1.6094640493392944,1.6107139587402344,1.5598210096359253,1.574107050895691,1639243200
1288,2005-02-17,1.318033218383789,1.5680359601974487,1.6228569746017456,1.561607003211975,1.618749976158142,1518473600
1289,2005-02-18,1.3030235767364502,1.5501790046691895,1.5689289569854736,1.5401790142059326,1.5667860507965088,1163254400
1290,2005-02-22,1.2802077531814575,1.523036003112793,1.5767860412597656,1.523036003112793,1.5410710573196411,1219293600
1291,2005-02-23,1.3243378400802612,1.5755360126495361,1.5794639587402344,1.5276789665222168,1.548570990562439,1345181600
1292,2005-02-24,1.3348443508148193,1.5880359411239624,1.5948209762573242,1.5666069984436035,1.5800000429153442,1519028000
1293,2005-02-25,1.3357447385787964,1.5891070365905762,1.6055359840393066,1.5748209953308105,1.6003570556640625,915510400
1294,2005-02-28,1.3467028141021729,1.6021430492401123,1.6121430397033691,1.5700000524520874,1.5957139730453491,651610400
1295,2005-03-01,1.335895299911499,1.589285969734192,1.611070990562439,1.5771429538726807,1.6067860126495361,468188000
1296,2005-03-02,1.3244878053665161,1.5757139921188354,1.6032140254974365,1.5742859840393066,1.5803569555282593,458161200
1297,2005-03-03,1.254540205001831,1.4924999475479126,1.5860710144042969,1.4721430540084839,1.584643006324768,1411653600
1298,2005-03-04,1.2851614952087402,1.5289289951324463,1.5360709428787231,1.494642972946167,1.5271430015563965,756618800
1299,2005-03-07,1.2833603620529175,1.526785969734192,1.5446430444717407,1.5125000476837158,1.5285710096359253,450632000
1300,2005-03-08,1.216715693473816,1.4474999904632568,1.5057140588760376,1.432142972946167,1.4964289665222168,1021451200
1301,2005-03-09,1.181291103363037,1.405357003211975,1.4385709762573242,1.3867859840393066,1.4157140254974365,1322465200
1302,2005-03-10,1.195701241493225,1.4225000143051147,1.4378570318222046,1.3964289426803589,1.4117859601974487,777109200
1303,2005-03-11,1.208909511566162,1.4382139444351196,1.4496430158615112,1.4214290380477905,1.4360710382461548,632830800
1304,2005-03-14,1.2104113101959229,1.440000057220459,1.456786036491394,1.4114290475845337,1.4471429586410522,605385200
1305,2005-03-15,1.2296239137649536,1.4628570079803467,1.4692859649658203,1.4375,1.451429009437561,508608800
1306,2005-03-16,1.2362284660339355,1.4707139730453491,1.511070966720581,1.4564290046691895,1.4717860221862793,697813200
1307,2005-03-17,1.2683498859405518,1.5089290142059326,1.5314290523529053,1.4757139682769775,1.483214020729065,801920000
1308,2005-03-18,1.2896645069122314,1.5342860221862793,1.551429033279419,1.5178569555282593,1.5475000143051147,940150400
1309,2005-03-21,1.311879277229309,1.5607140064239502,1.5703569650650024,1.5307140350341797,1.5460710525512695,541128000
1310,2005-03-22,1.2857619524002075,1.5296430587768555,1.5700000524520874,1.5242860317230225,1.5610710382461548,551415200
1311,2005-03-23,1.277355670928955,1.519642949104309,1.5499999523162842,1.5007139444351196,1.5160709619522095,609823200
1312,2005-03-24,1.2758547067642212,1.5178569555282593,1.535714030265808,1.5178569555282593,1.5325000286102295,352704800
1313,2005-03-28,1.2767560482025146,1.5189290046691895,1.5342860221862793,1.516785979270935,1.526785969734192,275410800
1314,2005-03-29,1.2533392906188965,1.4910709857940674,1.5296430587768555,1.4821430444717407,1.5199999809265137,461356000
1315,2005-03-30,1.2848608493804932,1.5285710096359253,1.5285710096359253,1.4935710430145264,1.502500057220459,394959600
1316,2005-03-31,1.250937581062317,1.4882140159606934,1.5185710191726685,1.4853570461273193,1.5160709619522095,636134800
1317,2005-04-01,1.2275224924087524,1.4603569507598877,1.5064289569854736,1.448928952217102,1.5032140016555786,641284000
1318,2005-04-04,1.233526587486267,1.4674999713897705,1.4753570556640625,1.4342859983444214,1.4639290571212769,580014400
1319,2005-04-05,1.2575421333312988,1.4960709810256958,1.5085710287094116,1.4674999713897705,1.4721430540084839,556239600
1320,2005-04-06,1.2707513570785522,1.5117859840393066,1.5289289951324463,1.505357027053833,1.5142860412597656,414825600
1321,2005-04-07,1.3076757192611694,1.5557140111923218,1.5625,1.5089290142059326,1.5117859840393066,506987600
1322,2005-04-08,1.313080072402954,1.5621429681777954,1.587499976158142,1.5549999475479126,1.5607140064239502,649950000
1323,2005-04-11,1.2584433555603027,1.497143030166626,1.5803569555282593,1.4967859983444214,1.5767860412597656,821662800
1324,2005-04-12,1.2806577682495117,1.5235710144042969,1.5425000190734863,1.5003570318222046,1.5175000429153442,981061200
1325,2005-04-13,1.2320255041122437,1.4657139778137207,1.5353569984436035,1.4424999952316284,1.5339289903640747,1371946800
1326,2005-04-14,1.118549108505249,1.3307139873504639,1.4128570556640625,1.3157140016555786,1.386070966720581,2753192400
1327,2005-04-15,1.0612107515335083,1.2625000476837158,1.3303569555282593,1.2599999904632568,1.3078570365905762,1728087200
1328,2005-04-18,1.0693166255950928,1.272143006324768,1.2964290380477905,1.214285969734192,1.25,1327177600
1329,2005-04-19,1.1134462356567383,1.3246430158615112,1.3371429443359375,1.2810709476470947,1.307142972946167,1081642800
1330,2005-04-20,1.0660138130187988,1.2682139873504639,1.3478569984436035,1.2657140493392944,1.3450000286102295,945131600
1331,2005-04-21,1.116147756576538,1.3278570175170898,1.3289289474487305,1.282142996788025,1.2999999523162842,759592400
1332,2005-04-22,1.0657134056091309,1.2678569555282593,1.3214290142059326,1.2464289665222168,1.3157140016555786,839129200
1333,2005-04-25,1.110143780708313,1.320713996887207,1.3221429586410522,1.2896430492401123,1.3032139539718628,746460400
1334,2005-04-26,1.0864280462265015,1.2925000190734863,1.3396430015563965,1.2899999618530273,1.3135709762573242,810507600
1335,2005-04-27,1.079223394393921,1.2839289903640747,1.298570990562439,1.2682139873504639,1.2817859649658203,613888800
1336,2005-04-28,1.0669151544570923,1.269286036491394,1.2978570461273193,1.2585710287094116,1.2960710525512695,575106000
1337,2005-04-29,1.082525372505188,1.2878570556640625,1.2939289808273315,1.2578569650650024,1.2910710573196411,671630400
1338,2005-05-02,1.0936328172683716,1.301071047782898,1.3089289665222168,1.2864290475845337,1.293213963508606,465920000
1339,2005-05-03,1.0870285034179688,1.293213963508606,1.3121429681777954,1.2867859601974487,1.2999999523162842,496739600
1340,2005-05-04,1.1152478456497192,1.3267860412597656,1.3285709619522095,1.2892860174179077,1.2896430492401123,448176400
1341,2005-05-05,1.1011381149291992,1.309999942779541,1.3310710191726685,1.3025000095367432,1.3303569555282593,387366000
1342,2005-05-06,1.1179487705230713,1.3300000429153442,1.3332140445709229,1.3139289617538452,1.3174999952316284,326247600
1343,2005-05-09,1.1098432540893555,1.3203569650650024,1.337499976158142,1.3125,1.3314290046691895,355695200
1344,2005-05-10,1.0933326482772827,1.3007140159606934,1.3303569555282593,1.2975000143051147,1.3125,440263600
1345,2005-05-11,1.0690168142318726,1.2717859745025635,1.2739289999008179,1.1825000047683716,1.2571430206298828,2041981200
1346,2005-05-12,1.024586796760559,1.2189290523529053,1.271070957183838,1.214285969734192,1.2649999856948853,970242000
1347,2005-05-13,1.0438001155853271,1.241786003112793,1.258213996887207,1.2167860269546509,1.2214289903640747,702713200
1348,2005-05-16,1.0672149658203125,1.269642949104309,1.274999976158142,1.233214020729065,1.2342859506607056,474294800
1349,2005-05-17,1.0615110397338867,1.2628569602966309,1.2664289474487305,1.2335710525512695,1.2549999952316284,588344400
1350,2005-05-18,1.0759209394454956,1.2799999713897705,1.3414289951324463,1.2496429681777954,1.2660709619522095,636722800
1351,2005-05-19,1.1272553205490112,1.3410710096359253,1.3457139730453491,1.2778569459915161,1.2778569459915161,793161600
1352,2005-05-20,1.1272553205490112,1.3410710096359253,1.344642996788025,1.3282140493392944,1.3303569555282593,452650800
1353,2005-05-23,1.193599820137024,1.4199999570846558,1.4249999523162842,1.3517860174179077,1.3517860174179077,1042574400
1354,2005-05-24,1.1917986869812012,1.417857050895691,1.4282139539718628,1.3939290046691895,1.4089289903640747,593460000
1355,2005-05-25,1.194199800491333,1.420714020729065,1.426785945892334,1.4042860269546509,1.410714030265808,396006800
1356,2005-05-26,1.2230195999145508,1.4550000429153442,1.4621429443359375,1.426429033279419,1.426429033279419,525520800
1357,2005-05-27,1.2176157236099243,1.448570966720581,1.456786036491394,1.4289289712905884,1.451429009437561,316008000
1358,2005-05-31,1.193599820137024,1.4199999570846558,1.4550000429153442,1.4135710000991821,1.4521429538726807,404205200
1359,2005-06-01,1.2098109722137451,1.4392859935760498,1.4557139873504639,1.423570990562439,1.4246430397033691,453812800
1360,2005-06-02,1.2020052671432495,1.4299999475479126,1.440000057220459,1.4142860174179077,1.4303569793701172,373973600
1361,2005-06-03,1.1479694843292236,1.3657139539718628,1.377856969833374,1.3489290475845337,1.3628569841384888,956869200
1362,2005-06-06,1.138363242149353,1.3542859554290771,1.3796429634094238,1.3414289951324463,1.3689290285110474,811966400
1363,2005-06-07,1.0969346761703491,1.3049999475479126,1.347499966621399,1.301785945892334,1.342857003211975,745264800
1364,2005-06-08,1.1083420515060425,1.3185709714889526,1.3303569555282593,1.3060710430145264,1.3082139492034912,404006400
1365,2005-06-09,1.1302576065063477,1.344642996788025,1.3550000190734863,1.315000057220459,1.3214290142059326,390255600
1366,2005-06-10,1.0750203132629395,1.2789289951324463,1.3357139825820923,1.2685710191726685,1.3357139825820923,678932800
1367,2005-06-13,1.0777226686477661,1.282142996788025,1.3075000047683716,1.2792860269546509,1.2817859649658203,435772400
1368,2005-06-14,1.0807240009307861,1.285714030265808,1.2910710573196411,1.276785969734192,1.2828569412231445,347846800
1369,2005-06-15,1.114646315574646,1.32607102394104,1.332142949104309,1.2964290380477905,1.3167860507965088,563343200
1370,2005-06-16,1.1401644945144653,1.3564289808273315,1.3600000143051147,1.315000057220459,1.3282140493392944,547674400
1371,2005-06-17,1.1500699520111084,1.3682140111923218,1.3764289617538452,1.3510710000991821,1.3739290237426758,596125600
1372,2005-06-20,1.1290560960769653,1.3432140350341797,1.3603570461273193,1.337499976158142,1.3517860174179077,323716400
1373,2005-06-21,1.1365622282028198,1.3521430492401123,1.363929033279419,1.3350000381469727,1.3471430540084839,370526800
1374,2005-06-22,1.1572757959365845,1.3767859935760498,1.3785710334777832,1.3621430397033691,1.3664289712905884,424925200
1375,2005-06-23,1.167482614517212,1.388929009437561,1.420714020729065,1.380357027053833,1.3867859840393066,674254000
1376,2005-06-24,1.1335593461990356,1.3485709428787231,1.397143006324768,1.3457139730453491,1.396070957183838,410709600
1377,2005-06-27,1.113746166229248,1.3250000476837158,1.3607139587402344,1.309999942779541,1.3157140016555786,600171600
1378,2005-06-28,1.1200507879257202,1.3324999809265137,1.3424999713897705,1.3274999856948853,1.3389290571212769,350299600
1379,2005-06-29,1.091831922531128,1.29892897605896,1.331786036491394,1.2899999618530273,1.3296430110931396,448358400
1380,2005-06-30,1.1050407886505127,1.3146430253982544,1.3271429538726807,1.2967859506607056,1.3075000047683716,418390000
1381,2005-07-01,1.0957337617874146,1.3035709857940674,1.3203569650650024,1.2960710525512695,1.315356969833374,250000800
1382,2005-07-05,1.1401644945144653,1.3564289808273315,1.3624999523162842,1.3035709857940674,1.3053569793701172,454269200
1383,2005-07-06,1.1224524974822998,1.3353569507598877,1.3628569841384888,1.3285709619522095,1.3467860221862793,394626400
1384,2005-07-07,1.1296571493148804,1.3439290523529053,1.3485709428787231,1.3142859935760498,1.3146430253982544,383723200
1385,2005-07-08,1.1482694149017334,1.3660709857940674,1.3671430349349976,1.3382140398025513,1.3524999618530273,290735200
1386,2005-07-11,1.1437666416168213,1.3607139587402344,1.380357027053833,1.3492859601974487,1.3703570365905762,388788400
1387,2005-07-12,1.1479694843292236,1.3657139539718628,1.3714289665222168,1.353929042816162,1.3653570413589478,387038400
1388,2005-07-13,1.1512712240219116,1.369642972946167,1.375,1.3535710573196411,1.3674999475479126,684835200
1389,2005-07-14,1.2233198881149292,1.4553569555282593,1.5003570318222046,1.4367860555648804,1.456786036491394,2096060400
1390,2005-07-15,1.247336506843567,1.4839290380477905,1.4846429824829102,1.4450000524520874,1.4632140398025513,687682800
1391,2005-07-18,1.245535135269165,1.4817860126495361,1.5035710334777832,1.4774999618530273,1.478929042816162,586297600
1392,2005-07-19,1.296568751335144,1.5425000190734863,1.5439289808273315,1.4667860269546509,1.4828569889068604,671062000
1393,2005-07-20,1.3097773790359497,1.5582139492034912,1.5642859935760498,1.5232139825820923,1.5307140350341797,453395600
1394,2005-07-21,1.2995705604553223,1.5460710525512695,1.5728570222854614,1.532142996788025,1.5607140064239502,404264000
1395,2005-07-22,1.3208853006362915,1.5714290142059326,1.5714290142059326,1.5496430397033691,1.551429033279419,301106400
1396,2005-07-25,1.3151814937591553,1.5646430253982544,1.5814290046691895,1.5617860555648804,1.5710710287094116,294627200
1397,2005-07-26,1.3097773790359497,1.5582139492034912,1.5753569602966309,1.548570990562439,1.5717860460281372,268592800
1398,2005-07-27,1.320584774017334,1.5710710287094116,1.573928952217102,1.5239289999008179,1.565356969833374,283749200
1399,2005-07-28,1.314881682395935,1.5642859935760498,1.5714290142059326,1.5464290380477905,1.5660710334777832,251311200
1400,2005-07-29,1.2803579568862915,1.5232139825820923,1.5850000381469727,1.5092860460281372,1.5557140111923218,562080400
1401,2005-08-01,1.2833603620529175,1.526785969734192,1.5385710000991821,1.502856969833374,1.5203570127487183,314249600
1402,2005-08-02,1.296568751335144,1.5425000190734863,1.5535709857940674,1.5217859745025635,1.5317859649658203,296875600
1403,2005-08-03,1.297469139099121,1.5435709953308105,1.5467859506607056,1.527500033378601,1.5425000190734863,258322400
1404,2005-08-04,1.2821589708328247,1.5253570079803467,1.535714030265808,1.5103570222854614,1.5317859649658203,269304000
1405,2005-08-05,1.2905645370483398,1.5353569984436035,1.548570990562439,1.5007139444351196,1.5175000429153442,241931200
1406,2005-08-08,1.2803579568862915,1.5232139825820923,1.5446430444717407,1.5217859745025635,1.535714030265808,176383200
1407,2005-08-09,1.3154815435409546,1.565000057220459,1.5674999952316284,1.5325000286102295,1.5332139730453491,380839200
1408,2005-08-10,1.302273154258728,1.5492860078811646,1.5853569507598877,1.5467859506607056,1.5714290142059326,360945200
1409,2005-08-11,1.3208853006362915,1.5714290142059326,1.5757139921188354,1.5446430444717407,1.5496430397033691,271983600
1410,2005-08-12,1.3839279413223267,1.6464289426803589,1.6507140398025513,1.548570990562439,1.5521429777145386,916036800
1411,2005-08-15,1.4313591718673706,1.7028570175170898,1.7260710000991821,1.6589289903640747,1.659999966621399,1086727600
1412,2005-08-16,1.3884307146072388,1.651785969734192,1.6964290142059326,1.6503570079803467,1.6924999952316284,537622400
1413,2005-08-17,1.4154489040374756,1.6839289665222168,1.6942859888076782,1.6560709476470947,1.657142996788025,499724400
1414,2005-08-18,1.3899308443069458,1.6535710096359253,1.6785709857940674,1.6339290142059326,1.6753569841384888,442559600
1415,2005-08-19,1.3758220672607422,1.6367859840393066,1.667857050895691,1.6346429586410522,1.6528569459915161,376569200
1416,2005-08-22,1.3770227432250977,1.6382139921188354,1.6696430444717407,1.6164289712905884,1.6482139825820923,387732800
1417,2005-08-23,1.373119592666626,1.6335710287094116,1.6464289426803589,1.6185710430145264,1.6375000476837158,295604400
1418,2005-08-24,1.3740209341049194,1.6346429586410522,1.6828570365905762,1.6282140016555786,1.6285710334777832,572070800
1419,2005-08-25,1.3827261924743652,1.6449999809265137,1.6603569984436035,1.636070966720581,1.647143006324768,276253600
1420,2005-08-26,1.373119592666626,1.6335710287094116,1.6549999713897705,1.6200000047683716,1.647143006324768,261058000
1421,2005-08-29,1.3761218786239624,1.6371430158615112,1.6439290046691895,1.6164289712905884,1.616786003112793,256295200
1422,2005-08-30,1.3980367183685303,1.6632139682769775,1.6710710525512695,1.6399999856948853,1.6425000429153442,518761600
1423,2005-08-31,1.4076430797576904,1.6746430397033691,1.6796430349349976,1.652500033378601,1.673570990562439,402956400
1424,2005-09-01,1.3887304067611694,1.6521430015563965,1.684643030166626,1.646070957183838,1.6785709857940674,356367200
1425,2005-09-02,1.3875292539596558,1.6507140398025513,1.6714290380477905,1.647143006324768,1.6535710096359253,222378800
1426,2005-09-06,1.4649814367294312,1.7428569793701172,1.7457139492034912,1.662500023841858,1.667857050895691,818619200
1427,2005-09-07,1.461379051208496,1.738571047782898,1.7642860412597656,1.7114289999008179,1.7517859935760498,963074000
1428,2005-09-08,1.494401216506958,1.7778569459915161,1.7899999618530273,1.7549999952316284,1.7625000476837158,702640400
1429,2005-09-09,1.5403320789337158,1.8324999809265137,1.8339289426803589,1.7782139778137207,1.7882139682769775,615641600
1430,2005-09-12,1.5430337190628052,1.8357139825820923,1.8439290523529053,1.8064290285110474,1.8250000476837158,452796400
1431,2005-09-13,1.525622844696045,1.815000057220459,1.831786036491394,1.7971429824829102,1.8221429586410522,492884000
1432,2005-09-14,1.4892977476119995,1.7717859745025635,1.8282140493392944,1.7664289474487305,1.823570966720581,474426400
1433,2005-09-15,1.497103214263916,1.7810709476470947,1.7921429872512817,1.7617859840393066,1.785714030265808,415156000
1434,2005-09-16,1.5373303890228271,1.8289289474487305,1.8289289474487305,1.7839289903640747,1.7939289808273315,591004400
1435,2005-09-19,1.580258846282959,1.8799999952316284,1.888929009437561,1.823214054107666,1.823214054107666,783731200
1436,2005-09-20,1.59676992893219,1.8996429443359375,1.9217859506607056,1.8899999856948853,1.8925000429153442,819828800
1437,2005-09-21,1.5643476247787476,1.861070990562439,1.894642949104309,1.8521430492401123,1.8914289474487305,434747600
1438,2005-09-22,1.5580434799194336,1.8535710573196411,1.8739290237426758,1.8328570127487183,1.852856993675232,463727600
1439,2005-09-23,1.5970702171325684,1.899999976158142,1.910714030265808,1.8514289855957031,1.8607139587402344,558457200
1440,2005-09-26,1.6162828207015991,1.9228570461273193,1.948570966720581,1.9042860269546509,1.9296430349349976,546562800
1441,2005-09-27,1.6042746305465698,1.9085710048675537,1.9371429681777954,1.9082139730453491,1.9257140159606934,341703600
1442,2005-09-28,1.5334275960922241,1.8242859840393066,1.8967859745025635,1.8067859411239624,1.8953570127487183,1125544000
1443,2005-09-29,1.5712532997131348,1.8692859411239624,1.8782140016555786,1.8146430253982544,1.8296430110931396,636846000
1444,2005-09-30,1.6093788146972656,1.9146430492401123,1.9160710573196411,1.852856993675232,1.8689290285110474,531633200
1445,2005-10-03,1.6342955827713013,1.9442859888076782,1.9478570222854614,1.9171429872512817,1.9342859983444214,507553200
1446,2005-10-04,1.6135809421539307,1.9196430444717407,1.9767860174179077,1.9157140254974365,1.962499976158142,539459200
1447,2005-10-05,1.5844612121582031,1.8849999904632568,1.9414290189743042,1.8839290142059326,1.940356969833374,610769600
1448,2005-10-06,1.552040457725525,1.8464289903640747,1.9103569984436035,1.8167860507965088,1.899999976158142,757537200
1449,2005-10-07,1.5400322675704956,1.832142949104309,1.8546429872512817,1.8053569793701172,1.8471430540084839,677882800
1450,2005-10-10,1.512113332748413,1.79892897605896,1.853929042816162,1.795714020729065,1.8485709428787231,507505600
1451,2005-10-11,1.5487375259399414,1.8424999713897705,1.8524999618530273,1.7999999523162842,1.8296430110931396,1225884800
1452,2005-10-12,1.4784908294677734,1.7589290142059326,1.7964290380477905,1.709643006324768,1.7374999523162842,2697486400
1453,2005-10-13,1.6132811307907104,1.9192860126495361,1.926785945892334,1.7596429586410522,1.7657140493392944,1865575600
1454,2005-10-14,1.6210860013961792,1.9285709857940674,1.9410710334777832,1.8853570222854614,1.9296430349349976,1035552000
1455,2005-10-17,1.6042746305465698,1.9085710048675537,1.9367860555648804,1.8814289569854736,1.9278570413589478,616834400
1456,2005-10-18,1.5673506259918213,1.8646429777145386,1.926785945892334,1.864285945892334,1.901785969734192,609588000
1457,2005-10-19,1.649304986000061,1.9621429443359375,1.9628570079803467,1.8289289474487305,1.8596429824829102,1008683200
1458,2005-10-20,1.685329556465149,2.005000114440918,2.017857074737549,1.9410710334777832,1.9453569650650024,1357762000
1459,2005-10-21,1.6709192991256714,1.9878569841384888,2.0350000858306885,1.9771430492401123,2.0299999713897705,796726000
1460,2005-10-24,1.7048417329788208,2.0282139778137207,2.0282139778137207,1.9674999713897705,1.973214030265808,609753200
1461,2005-10-25,1.6841281652450562,2.003571033477783,2.0303568840026855,1.988929033279419,2.0142860412597656,465127600
1462,2005-10-26,1.7120474576950073,2.0367860794067383,2.0557138919830322,1.997143030166626,2.009999990463257,631593200
1463,2005-10-27,1.6634148359298706,1.978929042816162,2.0360710620880127,1.978929042816162,2.0353569984436035,411541200
1464,2005-10-28,1.6351953744888306,1.9453569650650024,2.01535701751709,1.934643030166626,2.0014290809631348,769787200
1465,2005-10-31,1.7288585901260376,2.056786060333252,2.070713996887207,1.9553569555282593,1.9714289903640747,940844800
1466,2005-11-01,1.7261563539505005,2.0535709857940674,2.0764288902282715,2.0310709476470947,2.044286012649536,749686000
1467,2005-11-02,1.7997057437896729,2.141071081161499,2.142857074737549,2.057142972946167,2.061429023742676,857060400
1468,2005-11-03,1.8567442893981934,2.2089290618896484,2.2257139682769775,2.1453568935394287,2.1521430015563965,884382800
1469,2005-11-04,1.8357301950454712,2.183928966522217,2.187143087387085,2.129286050796509,2.1553568840026855,878035200
1470,2005-11-07,1.8081117868423462,2.151071071624756,2.202500104904175,2.1478569507598877,2.1732139587402344,638831200
1471,2005-11-08,1.798205018043518,2.1392860412597656,2.1564290523529053,2.1107139587402344,2.141071081161499,473765600
1472,2005-11-09,1.8045096397399902,2.1467859745025635,2.1860709190368652,2.142857074737549,2.142857074737549,552930000
1473,2005-11-10,1.8366304636001587,2.184999942779541,2.18571400642395,2.1075000762939453,2.1657140254974365,665344400
1474,2005-11-11,1.8474377393722534,2.197856903076172,2.2182140350341797,2.190713882446289,2.197856903076172,425448800
1475,2005-11-14,1.8447365760803223,2.194643020629883,2.213571071624756,2.1753571033477783,2.197856903076172,369933200
1476,2005-11-15,1.8696528673171997,2.2242860794067383,2.252856969833374,2.194999933242798,2.200000047683716,536841200
1477,2005-11-16,1.949806571006775,2.319643020629883,2.323570966720581,2.253213882446289,2.255357027053833,784515200
1478,2005-11-17,1.9368988275527954,2.304286003112793,2.3528571128845215,2.294642925262451,2.3424999713897705,676205600
1479,2005-11-18,1.9380980730056763,2.3057138919830322,2.3367860317230225,2.29892897605896,2.3324999809265137,524960800
1480,2005-11-21,1.9501067399978638,2.319999933242798,2.328213930130005,2.2757139205932617,2.315000057220459,511711200
1481,2005-11-22,1.9969377517700195,2.375714063644409,2.3842859268188477,2.304286003112793,2.315713882446289,540282400
1482,2005-11-23,2.0146501064300537,2.3967859745025635,2.427856922149658,2.3817861080169678,2.38857102394104,485853200
1483,2005-11-25,2.081594705581665,2.476428985595703,2.4835710525512695,2.4107139110565186,2.416429042816162,395012800
1484,2005-11-28,2.091200828552246,2.4878571033477783,2.5382139682769775,2.4667859077453613,2.5257139205932617,1018519600
1485,2005-11-29,2.044369697570801,2.432142972946167,2.510714054107666,2.4053568840026855,2.499643087387085,891433200
1486,2005-11-30,2.035964250564575,2.42214298248291,2.4589290618896484,2.411428928375244,2.4439289569854736,595674800
1487,2005-12-01,2.1494410037994385,2.557142972946167,2.561785936355591,2.4574999809265137,2.4625000953674316,812893200
1488,2005-12-02,2.1803619861602783,2.5939290523529053,2.5978569984436035,2.5250000953674316,2.581070899963379,895762000
1489,2005-12-05,2.1560440063476562,2.565000057220459,2.5903570652008057,2.5532140731811523,2.569643020629883,583671200
1490,2005-12-06,2.222989797592163,2.6446430683135986,2.672499895095825,2.619642972946167,2.64035701751709,857029600
1491,2005-12-07,2.219987154006958,2.641071081161499,2.6592860221862793,2.61142897605896,2.651071071624756,679464800
1492,2005-12-08,2.2238895893096924,2.645714044570923,2.6489291191101074,2.5928568840026855,2.614285945892334,790479200
1493,2005-12-09,2.2313966751098633,2.6546430587768555,2.663928985595703,2.619642972946167,2.6503570079803467,555402400
1494,2005-12-12,2.2488059997558594,2.6753571033477783,2.691071033477783,2.6628570556640625,2.67392897605896,524994400
1495,2005-12-13,2.250908374786377,2.677856922149658,2.694999933242798,2.6503570079803467,2.6732139587402344,493816400
1496,2005-12-14,2.1617484092712402,2.5717859268188477,2.617856979370117,2.509643077850342,2.5903570652008057,1450716400
1497,2005-12-15,2.1668519973754883,2.57785701751709,2.6021430492401123,2.5482139587402344,2.5957140922546387,561162000
1498,2005-12-16,2.134730577468872,2.5396430492401123,2.5821430683135986,2.5378570556640625,2.5764288902282715,671171200
1499,2005-12-19,2.142836093902588,2.549285888671875,2.5928568840026855,2.5371429920196533,2.5396430492401123,529295200
1500,2005-12-20,2.164750814437866,2.575356960296631,2.5850000381469727,2.5399999618530273,2.558213949203491,479108000
1501,2005-12-21,2.2064781188964844,2.625,2.6289288997650146,2.5907139778137207,2.5928568840026855,475736800
1502,2005-12-22,2.222088575363159,2.643570899963379,2.6603569984436035,2.628571033477783,2.6396429538726807,370610800
1503,2005-12-23,2.2019755840301514,2.619642972946167,2.6521430015563965,2.617856979370117,2.6489291191101074,229857600
1504,2005-12-27,2.2283928394317627,2.651071071624756,2.684999942779541,2.641071081161499,2.642857074737549,590590000
1505,2005-12-28,2.208580255508423,2.627500057220459,2.6700000762939453,2.6185710430145264,2.6596429347991943,398115200
1506,2005-12-29,2.1449368000030518,2.551785945892334,2.6364290714263916,2.5507140159606934,2.634999990463257,490025200
1507,2005-12-30,2.1581459045410156,2.567500114440918,2.5867860317230225,2.5121428966522217,2.5325000286102295,624262800
1508,2006-01-03,2.244004249572754,2.669642925262451,2.669642925262451,2.580357074737549,2.5850000381469727,807234400
1509,2006-01-04,2.2506086826324463,2.677500009536743,2.713571071624756,2.6607139110565186,2.683213949203491,619603600
1510,2006-01-05,2.232896566390991,2.6564290523529053,2.674999952316284,2.6339290142059326,2.672499895095825,449422400
1511,2006-01-06,2.2905349731445312,2.7249999046325684,2.739285945892334,2.6624999046325684,2.6875,704457600
1512,2006-01-09,2.2830300331115723,2.7160708904266357,2.757143020629883,2.7049999237060547,2.740356922149658,675040800
1513,2006-01-10,2.42742657661438,2.887856960296631,2.924643039703369,2.708214044570923,2.7232139110565186,2279869200
1514,2006-01-11,2.5186879634857178,2.996428966522217,3.0285708904266357,2.9496428966522217,2.994286060333252,1493794400
1515,2006-01-12,2.5303955078125,3.010356903076172,3.085714101791382,2.98642897605896,3.0346429347991943,1280809600
1516,2006-01-13,2.5694222450256348,3.056786060333252,3.0717859268188477,3.0214290618896484,3.0353569984436035,776305600
1517,2006-01-17,2.543003797531128,3.0253570079803467,3.0850000381469727,2.995357036590576,3.06071400642395,835623600
1518,2006-01-18,2.4763593673706055,2.946070909500122,3.00178599357605,2.9232139587402344,2.9671430587768555,1200637200
1519,2006-01-19,2.3727893829345703,2.822856903076172,2.916429042816162,2.812143087387085,2.9017860889434814,1695848000
1520,2006-01-20,2.2842319011688232,2.7174999713897705,2.8585710525512695,2.708214044570923,2.8314290046691895,1134758800
1521,2006-01-23,2.331663131713867,2.7739291191101074,2.8414289951324463,2.7142860889434814,2.7178568840026855,1059730000
1522,2006-01-24,2.2827301025390625,2.7157139778137207,2.8364291191101074,2.706070899963379,2.812856912612915,1142254400
1523,2006-01-25,2.227492332458496,2.6500000953674316,2.767857074737549,2.6160709857940674,2.7639288902282715,1275786400
1524,2006-01-26,2.1713552474975586,2.583214044570923,2.6939289569854736,2.5689289569854736,2.6617860794067383,1181387200
1525,2006-01-27,2.162349224090576,2.572499990463257,2.628571033477783,2.539285898208618,2.6053569316864014,953864800
1526,2006-01-30,2.251508951187134,2.6785709857940674,2.7357139587402344,2.5310709476470947,2.541785955429077,1398401200
1527,2006-01-31,2.2668187618255615,2.6967859268188477,2.726428985595703,2.6339290142059326,2.6964290142059326,913542000
1528,2006-02-01,2.2641167640686035,2.693571090698242,2.7307140827178955,2.6657140254974365,2.676785945892334,521186400
1529,2006-02-02,2.1644506454467773,2.575000047683716,2.6914288997650146,2.573214054107666,2.682142972946167,707322000
1530,2006-02-03,2.156944751739502,2.566071033477783,2.5996429920196533,2.5371429920196533,2.5799999237060547,692123600
1531,2006-02-06,2.0203540325164795,2.4035708904266357,2.5896430015563965,2.383570909500122,2.572143077850342,1651767600
1532,2006-02-07,2.029360055923462,2.414285898208618,2.481429100036621,2.3814289569854736,2.438214063644409,1388830800
1533,2006-02-08,2.0656850337982178,2.4574999809265137,2.4671430587768555,2.357142925262451,2.446070909500122,953114400
1534,2006-02-09,1.949806571006775,2.319643020629883,2.4725000858306885,2.304642915725708,2.4678568840026855,1149764000
1535,2006-02-10,2.0206542015075684,2.4039289951324463,2.416785955429077,2.246428966522217,2.32785701751709,1760477600
1536,2006-02-13,1.9426013231277466,2.3110709190368652,2.3839290142059326,2.3085711002349854,2.379642963409424,883498000
1537,2006-02-14,2.0305607318878174,2.4157140254974365,2.432142972946167,2.3214290142059326,2.325000047683716,1160938800
1538,2006-02-15,2.0779922008514404,2.4721429347991943,2.48642897605896,2.3839290142059326,2.398571014404297,1159771200
1539,2006-02-16,2.118518352508545,2.5203568935394287,2.5360710620880127,2.481429100036621,2.496786117553711,948175200
1540,2006-02-17,2.1101136207580566,2.510356903076172,2.5317859649658203,2.4860711097717285,2.510714054107666,575999200
1541,2006-02-21,2.073789596557617,2.4671430587768555,2.5285708904266357,2.45285701751709,2.521070957183838,779606800
1542,2006-02-22,2.1410343647003174,2.54714298248291,2.559643030166626,2.4285709857940674,2.4642860889434814,978238800
1543,2006-02-23,2.1539437770843506,2.5625,2.607142925262451,2.5510709285736084,2.5639290809631348,856917600
1544,2006-02-24,2.1452372074127197,2.552143096923828,2.6032140254974365,2.5428569316864014,2.5764288902282715,534744000
1545,2006-02-27,2.1311275959014893,2.5353569984436035,2.575714111328125,2.523214101791382,2.571070909500122,791240800
1546,2006-02-28,2.056077241897583,2.446070909500122,2.585714101791382,2.432142972946167,2.556428909301758,1266980400
1547,2006-03-01,2.0743889808654785,2.4678568840026855,2.481786012649536,2.429286003112793,2.458570957183838,763817600
1548,2006-03-02,2.08970046043396,2.4860711097717285,2.499643087387085,2.452500104904175,2.4639289379119873,625273600
1549,2006-03-03,2.032961845397949,2.4185709953308105,2.496786117553711,2.4117860794067383,2.4785709381103516,737668400
1550,2006-03-06,1.9657174348831177,2.338571071624756,2.4185709953308105,2.3192861080169678,2.4175000190734863,912665600
1551,2006-03-07,1.9906344413757324,2.3682138919830322,2.3892860412597656,2.3242859840393066,2.3485710620880127,872877600
1552,2006-03-08,1.9711205959320068,2.3450000286102295,2.4000000953674316,2.3339290618896484,2.367500066757202,653251200
1553,2006-03-09,1.9191865921020508,2.2832140922546387,2.373929023742676,2.2789289951324463,2.356429100036621,799304800
1554,2006-03-10,1.8969712257385254,2.2567861080169678,2.3032140731811523,2.2303569316864014,2.2874999046325684,1043142800
1555,2006-03-13,1.971720576286316,2.3457140922546387,2.367142915725708,2.3139290809631348,2.323214054107666,861187600
1556,2006-03-14,2.0209546089172363,2.4042859077453613,2.4042859077453613,2.3392860889434814,2.348928928375244,642020400
1557,2006-03-15,1.9882322549819946,2.365356922149658,2.430000066757202,2.3399999141693115,2.4182140827178955,891996000
1558,2006-03-16,1.9305942058563232,2.296786069869995,2.3892860412597656,2.296428918838501,2.387500047683716,749638400
1559,2006-03-17,1.9411007165908813,2.309286117553711,2.3407139778137207,2.2896430492401123,2.3125,812042000
1560,2006-03-20,1.9209873676300049,2.2853569984436035,2.3378570079803467,2.2810709476470947,2.3292860984802246,605441200
1561,2006-03-21,1.8555439710617065,2.2074999809265137,2.2978570461273193,2.192500114440918,2.2074999809265137,1345366400
1562,2006-03-22,1.851340413093567,2.202500104904175,2.2589290142059326,2.188214063644409,2.2200000286102295,1345895600
1563,2006-03-23,1.8060098886489868,2.148571014404297,2.210714101791382,2.1289288997650146,2.2078568935394287,1427826400
1564,2006-03-24,1.8000062704086304,2.1414289474487305,2.176429033279419,2.1082139015197754,2.1517860889434814,1071980000
1565,2006-03-27,1.7864965200424194,2.125356912612915,2.192142963409424,2.121428966522217,2.1553568840026855,1108072000
1566,2006-03-28,1.7624810934066772,2.0967860221862793,2.1478569507598877,2.080357074737549,2.129642963409424,1370322800
1567,2006-03-29,1.8711532354354858,2.2260708808898926,2.2328569889068604,2.059643030166626,2.111785888671875,2346834000
1568,2006-03-30,1.8837618827819824,2.2410709857940674,2.260714054107666,2.197499990463257,2.2435710430145264,1390650800
1569,2006-03-31,1.882861852645874,2.240000009536743,2.2717859745025635,2.2228569984436035,2.2589290142059326,815357200
1570,2006-04-03,1.8807605504989624,2.237499952316284,2.2899999618530273,2.2360711097717285,2.2739291191101074,815791200
1571,2006-04-04,1.8363302946090698,2.184643030166626,2.2221429347991943,2.180356979370117,2.2178568840026855,931924000
1572,2006-04-05,2.0176517963409424,2.4003570079803467,2.4003570079803467,2.2910709381103516,2.3110709190368652,2233408800
1573,2006-04-06,2.1386332511901855,2.544286012649536,2.573214054107666,2.43571400642395,2.43928599357605,2663768800
1574,2006-04-07,2.095104455947876,2.492500066757202,2.5432140827178955,2.445357084274292,2.5332140922546387,1545238800
1575,2006-04-10,2.0614805221557617,2.452500104904175,2.5332140922546387,2.444643020629883,2.510356903076172,903515200
1576,2006-04-11,2.041067361831665,2.4282140731811523,2.4749999046325684,2.3953568935394287,2.4639289379119873,939316000
1577,2006-04-12,2.002641201019287,2.382499933242798,2.434643030166626,2.367856979370117,2.428929090499878,739894400
1578,2006-04-13,1.995437502861023,2.373929023742676,2.4085710048675537,2.3503570556640625,2.369286060333252,734678000
1579,2006-04-17,1.945603609085083,2.314642906188965,2.3871428966522217,2.2982139587402344,2.375356912612915,721938000
1580,2006-04-18,1.9879307746887207,2.365000009536743,2.373929023742676,2.3139290809631348,2.322856903076172,794844400
1581,2006-04-19,1.9708213806152344,2.3446431159973145,2.392857074737549,2.3382139205932617,2.3864290714263916,1086033200
1582,2006-04-20,2.030259609222412,2.4153571128845215,2.5,2.364285945892334,2.4825000762939453,1666982800
1583,2006-04-21,2.0125489234924316,2.3942859172821045,2.4514288902282715,2.373929023742676,2.435357093811035,788986800
1584,2006-04-24,1.9738229513168335,2.3482139110565186,2.390000104904175,2.3392860889434814,2.387500047683716,707028000
1585,2006-04-25,1.9864311218261719,2.3632140159606934,2.378213882446289,2.3414289951324463,2.3557140827178955,529062800
1586,2006-04-26,2.0458714962005615,2.433928966522217,2.438570976257324,2.371428966522217,2.380357027053833,710886400
1587,2006-04-27,2.08219575881958,2.4771430492401123,2.494999885559082,2.4053568840026855,2.418929100036621,845947200
1588,2006-04-28,2.1131162643432617,2.5139288902282715,2.546428918838501,2.4714291095733643,2.4778571128845215,760037600
1589,2006-05-01,2.089400053024292,2.4857139587402344,2.555000066757202,2.4700000286102295,2.5274999141693115,750380400
1590,2006-05-02,2.1500396728515625,2.557857036590576,2.570713996887207,2.5039288997650146,2.505357027053833,771663200
1591,2006-05-03,2.135631561279297,2.5407140254974365,2.569643020629883,2.5064289569854736,2.565356969833374,686991200
1592,2006-05-04,2.1353304386138916,2.5403571128845215,2.6032140254974365,2.5164289474487305,2.5435709953308105,860420400
1593,2006-05-05,2.1581459045410156,2.567500114440918,2.580357074737549,2.5410709381103516,2.5664288997650146,563911600
1594,2006-05-08,2.1581459045410156,2.567500114440918,2.635714054107666,2.561429023742676,2.606786012649536,594851600
1595,2006-05-09,2.1323304176330566,2.5367860794067383,2.5914289951324463,2.5221428871154785,2.565000057220459,531666800
1596,2006-05-10,2.119420289993286,2.5214290618896484,2.547499895095825,2.4860711097717285,2.5460710525512695,459888800
1597,2006-05-11,2.0458714962005615,2.433928966522217,2.5299999713897705,2.4124999046325684,2.5282139778137207,812688800
1598,2006-05-12,2.032362222671509,2.4178569316864014,2.453213930130005,2.387856960296631,2.4232139587402344,641774000
1599,2006-05-15,2.0350635051727295,2.4210710525512695,2.442142963409424,2.3971428871154785,2.4060709476470947,529177600
1600,2006-05-16,1.9507068395614624,2.320713996887207,2.4375,2.3125,2.432142972946167,936740000
1601,2006-05-17,1.959112286567688,2.330713987350464,2.3464291095733643,2.2882139682769775,2.3110709190368652,754194000
1602,2006-05-18,1.896670937538147,2.2564289569854736,2.366429090499878,2.254286050796509,2.3457140922546387,658442400
1603,2006-05-19,1.936598300933838,2.303929090499878,2.317142963409424,2.2435710430145264,2.2592859268188477,985866000
1604,2006-05-22,1.9026743173599243,2.26357102394104,2.2853569984436035,2.241786003112793,2.2810709476470947,718975600
1605,2006-05-23,1.8957704305648804,2.255357027053833,2.328213930130005,2.25,2.3164288997650146,694414000
1606,2006-05-24,1.9014737606048584,2.2621428966522217,2.273214101791382,2.198570966720581,2.249643087387085,916031200
1607,2006-05-25,1.9311937093734741,2.297499895095825,2.301785945892334,2.260356903076172,2.2950000762939453,463372000
1608,2006-05-26,1.9077790975570679,2.2696430683135986,2.3057138919830322,2.255000114440918,2.296786069869995,432950000
1609,2006-05-30,1.8378320932388306,2.186429023742676,2.260714054107666,2.186429023742676,2.260356903076172,563402000
1610,2006-05-31,1.7943021059036255,2.134643077850342,2.2067859172821045,2.0960710048675537,2.205713987350464,1280977600
1611,2006-06-01,1.8663506507873535,2.2203569412231445,2.2242860794067383,2.125714063644409,2.137500047683716,942508000
1612,2006-06-02,1.8510410785675049,2.2021429538726807,2.253571033477783,2.174285888671875,2.249643087387085,685787200
1613,2006-06-05,1.8012069463729858,2.142857074737549,2.183928966522217,2.1417860984802246,2.183928966522217,605785600
1614,2006-06-06,1.7928017377853394,2.132857084274292,2.1653571128845215,2.103929042816162,2.1507139205932617,726037200
1615,2006-06-07,1.7579787969589233,2.0914289951324463,2.1571431159973145,2.0839290618896484,2.1464290618896484,750506400
1616,2006-06-08,1.8240224123001099,2.1700000762939453,2.1760709285736084,2.0410709381103516,2.0871429443359375,1397482800
1617,2006-06-09,1.7783914804458618,2.1157140731811523,2.198570966720581,2.1107139587402344,2.184999942779541,775838000
1618,2006-06-12,1.7111459970474243,2.0357139110565186,2.133213996887207,2.0342860221862793,2.121428966522217,717785600
1619,2006-06-13,1.7510733604431152,2.083214044570923,2.1107139587402344,2.0485711097717285,2.057499885559082,1080643200
1620,2006-06-14,1.7294588088989258,2.057499885559082,2.0992860794067383,2.0246429443359375,2.0814290046691895,878136000
1621,2006-06-15,1.7825937271118164,2.120713949203491,2.133570909500122,2.0267860889434814,2.046428918838501,1190383600
1622,2006-06-16,1.7279576063156128,2.0557138919830322,2.113929033279419,2.054286003112793,2.1057140827178955,838101600
1623,2006-06-19,1.7171502113342285,2.0428569316864014,2.07785701751709,2.0357139110565186,2.065356969833374,704575200
1624,2006-06-20,1.7252562046051025,2.052500009536743,2.0839290618896484,2.0460710525512695,2.057499885559082,672974400
1625,2006-06-21,1.736964464187622,2.0664288997650146,2.0967860221862793,2.046428918838501,2.062143087387085,863296000
1626,2006-06-22,1.7885984182357788,2.127856969833374,2.1339290142059326,2.0739290714263916,2.078571081161499,965633200
1627,2006-06-23,1.7660828828811646,2.1010708808898926,2.1489291191101074,2.0975000858306885,2.132857084274292,660203600
1628,2006-06-26,1.7708871364593506,2.106786012649536,2.114285945892334,2.0846428871154785,2.1132140159606934,466536000
1629,2006-06-27,1.7240549325942993,2.0510709285736084,2.115000009536743,2.049999952316284,2.1103570461273193,550611600
1630,2006-06-28,1.6817266941070557,2.000714063644409,2.046428918838501,1.978929042816162,2.0460710525512695,850704400
1631,2006-06-29,1.7702856063842773,2.1060709953308105,2.1103570461273193,2.0139288902282715,2.0271430015563965,873398400
1632,2006-06-30,1.7192519903182983,2.0453569889068604,2.0625,2.017857074737549,2.056786060333252,739695600
1633,2006-07-03,1.7396661043167114,2.069643020629883,2.07785701751709,2.0478570461273193,2.054286003112793,194770800
1634,2006-07-05,1.7111459970474243,2.0357139110565186,2.057142972946167,2.0199999809265137,2.0410709381103516,518240800
1635,2006-07-06,1.674222469329834,1.991786003112793,2.049999952316284,1.986070990562439,2.038928985595703,633208800
1636,2006-07-07,1.6631138324737549,1.9785710573196411,2.0196430683135986,1.9524999856948853,1.9814289808273315,799360800
1637,2006-07-10,1.6511067152023315,1.964285969734192,2.0174999237060547,1.9464290142059326,1.989285945892334,529345600
1638,2006-07-11,1.6706197261810303,1.9874999523162842,1.9996429681777954,1.9474999904632568,1.9682140350341797,825022800
1639,2006-07-12,1.589865803718567,1.8914289474487305,1.9728569984436035,1.8899999856948853,1.9703569412231445,927329200
1640,2006-07-13,1.5685510635375977,1.8660709857940674,1.9328570365905762,1.8360710144042969,1.858214020729065,1249906000
1641,2006-07-14,1.521119236946106,1.809643030166626,1.888929009437561,1.791429042816162,1.875,993036800
1642,2006-07-17,1.5721534490585327,1.8703570365905762,1.8967859745025635,1.844642996788025,1.847499966621399,1024542400
1643,2006-07-18,1.5880646705627441,1.8892860412597656,1.9232139587402344,1.8517860174179077,1.8985710144042969,1000448400
1644,2006-07-19,1.6240885257720947,1.932142972946167,1.9671430587768555,1.8700000047683716,1.8914289474487305,1390743200
1645,2006-07-20,1.8162168264389038,2.1607139110565186,2.1996428966522217,2.132857084274292,2.177143096923828,1972146400
1646,2006-07-21,1.822820782661438,2.1685709953308105,2.183928966522217,2.130000114440918,2.1364290714263916,891892400
1647,2006-07-24,1.8438353538513184,2.193571090698242,2.2178568840026855,2.1582140922546387,2.187856912612915,722856400
1648,2006-07-25,1.8591455221176147,2.2117860317230225,2.2174999713897705,2.1707139015197754,2.2064290046691895,589069600
1649,2006-07-26,1.9173842668533325,2.2810709476470947,2.3085711002349854,2.20285701751709,2.2142860889434814,898427600
1650,2006-07-27,1.9032762050628662,2.2642860412597656,2.322143077850342,2.244999885559082,2.3035709857940674,735044800
1651,2006-07-28,1.9690195322036743,2.3424999713897705,2.3457140922546387,2.267857074737549,2.2835710048675537,691507600
1652,2006-07-31,2.0401675701141357,2.427143096923828,2.45107102394104,2.367142915725708,2.3867859840393066,892841600
1653,2006-08-01,2.016751289367676,2.3992860317230225,2.4260709285736084,2.3550000190734863,2.4007139205932617,711765600
1654,2006-08-02,2.046170949935913,2.434286117553711,2.45285701751709,2.4110710620880127,2.4160709381103516,550768400
1655,2006-08-03,2.0890989303588867,2.4853570461273193,2.5,2.421786069869995,2.4253571033477783,841044400
1656,2006-08-04,2.0503735542297363,2.43928599357605,2.450356960296631,2.319999933242798,2.3946430683135986,1852866400
1657,2006-08-07,2.0176517963409424,2.4003570079803467,2.4857139587402344,2.3682138919830322,2.4185709953308105,1245512800
1658,2006-08-08,1.9447029829025269,2.313570976257324,2.3967859745025635,2.303929090499878,2.396070957183838,997864000
1659,2006-08-09,1.9089784622192383,2.271070957183838,2.3428568840026855,2.2642860412597656,2.3367860317230225,955838800
1660,2006-08-10,1.9233883619308472,2.2882139682769775,2.314642906188965,2.239285945892334,2.2589290142059326,697760000
1661,2006-08-11,1.9107798337936401,2.273214101791382,2.2903571128845215,2.234999895095825,2.258213996887207,777529200
1662,2006-08-14,1.9194852113723755,2.2835710048675537,2.3292860984802246,2.2714290618896484,2.2874999046325684,717620400
1663,2006-08-15,1.9948359727859497,2.37321400642395,2.375,2.31428599357605,2.333570957183838,861352800
1664,2006-08-16,2.040766477584839,2.427856922149658,2.4310710430145264,2.368928909301758,2.3964290618896484,781284000
1665,2006-08-17,2.029060125350952,2.413928985595703,2.4521429538726807,2.3992860317230225,2.4285709857940674,581148400
1666,2006-08-18,2.0386669635772705,2.4253571033477783,2.442857027053833,2.4021430015563965,2.4182140827178955,536354000
1667,2006-08-21,1.9981390237808228,2.377142906188965,2.4039289951324463,2.362499952316284,2.4035708904266357,526226400
1668,2006-08-22,2.0299601554870605,2.4149999618530273,2.440000057220459,2.375,2.3814289569854736,576968000
1669,2006-08-23,2.0206542015075684,2.4039289951324463,2.4517860412597656,2.390713930130005,2.4285709857940674,536258800
1670,2006-08-24,2.0356647968292236,2.421786069869995,2.435357093811035,2.366786003112793,2.424643039703369,655191600
1671,2006-08-25,2.063882827758789,2.455357074737549,2.4660708904266357,2.4039289951324463,2.4049999713897705,543958800
1672,2006-08-28,2.0107474327087402,2.3921430110931396,2.450356960296631,2.3814289569854736,2.4464290142059326,738161200
1673,2006-08-29,1.9957367181777954,2.374285936355591,2.4021430015563965,2.325714111328125,2.3924999237060547,947332400
1674,2006-08-30,2.0101473331451416,2.3914289474487305,2.42214298248291,2.3814289569854736,2.4049999713897705,680142400
1675,2006-08-31,2.036865472793579,2.4232139587402344,2.43928599357605,2.380713939666748,2.4028570652008057,574697200
1676,2006-09-01,2.052774429321289,2.442142963409424,2.4517860412597656,2.42214298248291,2.445713996887207,408494800
1677,2006-09-05,2.1458373069763184,2.552856922149658,2.5535709857940674,2.448214054107666,2.4632139205932617,1012457600
1678,2006-09-06,2.102308511734009,2.501070976257324,2.560357093811035,2.489285945892334,2.5385708808898926,974103200
1679,2006-09-07,2.18546462059021,2.5999999046325684,2.624285936355591,2.5089290142059326,2.5214290618896484,1267957600
1680,2006-09-08,2.177058696746826,2.5899999141693115,2.627500057220459,2.568213939666748,2.620357036590576,895921600
1681,2006-09-11,2.176459312438965,2.5892860889434814,2.633213996887207,2.5507140159606934,2.5867860317230225,949124400
1682,2006-09-12,2.1803619861602783,2.5939290523529053,2.62321400642395,2.551785945892334,2.6003570556640625,1684687200
1683,2006-09-13,2.227492332458496,2.6500000953674316,2.6542859077453613,2.5821430683135986,2.601785898208618,1146138000
1684,2006-09-14,2.226592779159546,2.6489291191101074,2.666785955429077,2.6235709190368652,2.632857084274292,801729600
1685,2006-09-15,2.2244908809661865,2.6464290618896484,2.677856922149658,2.617500066757202,2.664285898208618,981853600
1686,2006-09-18,2.218186378479004,2.6389288902282715,2.6735711097717285,2.617856979370117,2.635714054107666,705278000
1687,2006-09-19,2.2145843505859375,2.634643077850342,2.6557140350341797,2.5999999046325684,2.6464290618896484,710049200
1688,2006-09-20,2.2593135833740234,2.687856912612915,2.70285701751709,2.6507139205932617,2.6564290523529053,822791200
1689,2006-09-21,2.2410011291503906,2.6660709381103516,2.7164289951324463,2.643570899963379,2.6875,794124800
1690,2006-09-22,2.1914684772491455,2.607142925262451,2.6549999713897705,2.5921430587768555,2.6535708904266357,665112000
1691,2006-09-25,2.2740235328674316,2.705357074737549,2.7092859745025635,2.632857084274292,2.636070966720581,858992400
1692,2006-09-26,2.3298614025115967,2.7717859745025635,2.7778570652008057,2.7178568840026855,2.7207140922546387,1102948000
1693,2006-09-27,2.293837308883667,2.728929042816162,2.7667860984802246,2.7078568935394287,2.756071090698242,810373200
1694,2006-09-28,2.3118488788604736,2.750356912612915,2.7671430110931396,2.7125000953674316,2.750714063644409,723609600
1695,2006-09-29,2.310947895050049,2.749285936355591,2.768570899963379,2.7385709285736084,2.7539288997650146,405812400
1696,2006-10-02,2.247305393218994,2.6735711097717285,2.7096428871154785,2.6535708904266357,2.682142972946167,712639200
1697,2006-10-03,2.2238895893096924,2.645714044570923,2.676785945892334,2.613929033279419,2.6589291095733643,790708800
1698,2006-10-04,2.262916326522827,2.692142963409424,2.694999933242798,2.6128571033477783,2.6464290618896484,829082800
1699,2006-10-05,2.2464053630828857,2.672499895095825,2.7200000286102295,2.6475000381469727,2.6617860794067383,683883200
1700,2006-10-06,2.228092670440674,2.6507139205932617,2.680000066757202,2.636070966720581,2.6578569412231445,466958800
1701,2006-10-09,2.240400791168213,2.6653571128845215,2.681428909301758,2.626070976257324,2.635714054107666,438222400
1702,2006-10-10,2.2157838344573975,2.636070966720581,2.6635708808898926,2.609999895095825,2.6621429920196533,531588400
1703,2006-10-11,2.198373317718506,2.615356922149658,2.6421430110931396,2.5928568840026855,2.622143030166626,571855200
1704,2006-10-12,2.2593135833740234,2.687856912612915,2.692500114440918,2.628571033477783,2.6289288997650146,592855200
1705,2006-10-13,2.2521092891693115,2.679286003112793,2.745713949203491,2.669286012649536,2.70107102394104,684196800
1706,2006-10-16,2.2635178565979004,2.692857027053833,2.7100000381469727,2.6710710525512695,2.685357093811035,508692800
1707,2006-10-17,2.230194091796875,2.6532139778137207,2.688214063644409,2.6442859172821045,2.680000066757202,480925200
1708,2006-10-18,2.237399101257324,2.6617860794067383,2.691786050796509,2.6396429538726807,2.669642925262451,1133907600
1709,2006-10-19,2.371288776397705,2.821070909500122,2.8553569316864014,2.791429042816162,2.830713987350464,1512977200
1710,2006-10-20,2.4001078605651855,2.8553569316864014,2.856786012649536,2.809643030166626,2.820357084274292,639413600
1711,2006-10-23,2.445439338684082,2.9092860221862793,2.924999952316284,2.8482139110565186,2.856786012649536,832507200
1712,2006-10-24,2.4331305027008057,2.8946430683135986,2.9171431064605713,2.864285945892334,2.9003570079803467,463212400
1713,2006-10-25,2.4520435333251953,2.9171431064605713,2.9285709857940674,2.893213987350464,2.9053568840026855,485214800
1714,2006-10-26,2.4673540592193604,2.935357093811035,2.950000047683716,2.8975000381469727,2.924999952316284,432756800
1715,2006-10-27,2.4139177799224854,2.871786117553711,2.944643020629883,2.8575000762939453,2.919642925262451,594966400
1716,2006-10-30,2.4142186641693115,2.872143030166626,2.8892860412597656,2.8392860889434814,2.856786012649536,499917600
1717,2006-10-31,2.4340312480926514,2.895714044570923,2.9171431064605713,2.865356922149658,2.9089291095733643,501474400
1718,2006-11-01,2.3763930797576904,2.8271429538726807,2.9064290523529053,2.7985711097717285,2.8964290618896484,611192400
1719,2006-11-02,2.370988607406616,2.820713996887207,2.8328568935394287,2.8035709857940674,2.818571090698242,465483200
1720,2006-11-03,2.3502748012542725,2.7960710525512695,2.8403570652008057,2.7782139778137207,2.8342859745025635,431888800
1721,2006-11-06,2.3929038047790527,2.8467860221862793,2.859286069869995,2.8010709285736084,2.819643020629883,434576800
1722,2006-11-07,2.416919708251953,2.875356912612915,2.892857074737549,2.861785888671875,2.87321400642395,525932400
1723,2006-11-08,2.475159168243408,2.944643020629883,2.953213930130005,2.8532140254974365,2.8578569889068604,690916800
1724,2006-11-09,2.50187611579895,2.976428985595703,3.0246429443359375,2.932857036590576,2.960714101791382,923053600
1725,2006-11-10,2.495271682739258,2.9685709476470947,2.9857139587402344,2.9464290142059326,2.983928918838501,373864400
1726,2006-11-13,2.5321977138519287,3.012500047683716,3.016071081161499,2.9514288902282715,2.9721429347991943,450674000
1727,2006-11-14,2.5517094135284424,3.0357139110565186,3.0357139110565186,2.996428966522217,3.0285708904266357,588954800
1728,2006-11-15,2.523191452026367,3.00178599357605,3.067857027053833,3.0,3.0374999046325684,655323200
1729,2006-11-16,2.5700221061706543,3.057499885559082,3.0821430683135986,3.0221428871154785,3.0310709476470947,693940800
1730,2006-11-17,2.577226161956787,3.066071033477783,3.0692861080169678,3.0357139110565186,3.0407140254974365,466424000
1731,2006-11-20,2.595839262008667,3.0882139205932617,3.107142925262451,3.0428569316864014,3.049999952316284,570794000
1732,2006-11-21,2.6597824096679688,3.164285898208618,3.164285898208618,3.1110711097717285,3.122143030166626,622666800
1733,2006-11-22,2.7111167907714844,3.2253570556640625,3.2410709857940674,3.137500047683716,3.1782140731811523,671941200
1734,2006-11-24,2.7507424354553223,3.2725000381469727,3.3242859840393066,3.1964290142059326,3.197499990463257,518677600
1735,2006-11-27,2.688000440597534,3.197856903076172,3.3271429538726807,3.1964290142059326,3.303929090499878,1074836000
1736,2006-11-28,2.7561466693878174,3.2789289951324463,3.2846429347991943,3.211071014404297,3.2271430492401123,1036173600
1737,2006-11-29,2.755845785140991,3.2785708904266357,3.3267860412597656,3.2232139110565186,3.3214290142059326,1157083200
1738,2006-11-30,2.751643419265747,3.273571014404297,3.309999942779541,3.252142906188965,3.2932140827178955,870486400
1739,2006-12-01,2.7414374351501465,3.2614290714263916,3.297499895095825,3.2178568840026855,3.2785708904266357,795079600
1740,2006-12-04,2.735434055328369,3.254286050796509,3.2874999046325684,3.232142925262451,3.2814290523529053,709536800
1741,2006-12-05,2.7399370670318604,3.259643077850342,3.297499895095825,3.245357036590576,3.273214101791382,662838400
1742,2006-12-06,2.696706533432007,3.208214044570923,3.2639288902282715,3.202500104904175,3.237143039703369,638184400
1743,2006-12-07,2.6129508018493652,3.1085710525512695,3.232142925262451,3.1035709381103516,3.2153570652008057,1004827600
1744,2006-12-08,2.649575710296631,3.1521430015563965,3.192500114440918,3.107142925262451,3.115356922149658,784277200
1745,2006-12-11,2.664285659790039,3.169642925262451,3.18928599357605,3.1446430683135986,3.174999952316284,499780400
1746,2006-12-12,2.585932970046997,3.0764288902282715,3.1728570461273193,3.054642915725708,3.1646430492401123,1026620000
1747,2006-12-13,2.6732914447784424,3.180356979370117,3.1810710430145264,3.112499952316284,3.141071081161499,857052000
1748,2006-12-14,2.658280611038208,3.1624999046325684,3.2142860889434814,3.1521430015563965,3.180356979370117,832330800
1749,2006-12-15,2.63336443901062,3.132857084274292,3.186429023742676,3.118928909301758,3.179286003112793,739939200
1750,2006-12-18,2.565819263458252,3.052500009536743,3.142857074737549,3.021070957183838,3.129642963409424,721576800
1751,2006-12-19,2.591035842895508,3.0824999809265137,3.0957140922546387,2.98642897605896,3.026071071624756,911405600
1752,2006-12-20,2.5445055961608887,3.0271430015563965,3.0953569412231445,3.0264289379119873,3.0882139205932617,567691600
1753,2006-12-21,2.4886670112609863,2.960714101791382,3.052856922149658,2.93571400642395,3.0250000953674316,903599200
1754,2006-12-22,2.467653512954712,2.93571400642395,3.0014290809631348,2.914285898208618,2.9807140827178955,613303600
1755,2006-12-26,2.44693922996521,2.9110710620880127,2.9489290714263916,2.8889288902282715,2.933928966522217,490688800
1756,2006-12-27,2.4472403526306152,2.911428928375244,2.9285709857940674,2.741786003112793,2.7910709381103516,1935754800
1757,2006-12-28,2.427727222442627,2.888214111328125,2.9017860889434814,2.8446431159973145,2.865000009536743,1119876800
1758,2006-12-29,2.5469071865081787,3.0299999713897705,3.049999952316284,2.9771430492401123,2.99821400642395,1076429200
1759,2007-01-03,2.5156853199005127,2.992856979370117,3.0921430587768555,2.924999952316284,3.0817859172821045,1238319600
1760,2007-01-04,2.571523904800415,3.059286117553711,3.069643020629883,2.9935710430145264,3.00178599357605,847260400
1761,2007-01-05,2.5532114505767822,3.0374999046325684,3.078571081161499,3.0142860412597656,3.063214063644409,834741600
1762,2007-01-08,2.565819263458252,3.052500009536743,3.0903570652008057,3.0457139015197754,3.069999933242798,797106800
1763,2007-01-09,2.7789621353149414,3.3060710430145264,3.320713996887207,3.0410709381103516,3.0875000953674316,3349298400
1764,2007-01-10,2.9119515419006348,3.4642860889434814,3.492856979370117,3.3375000953674316,3.3839290142059326,2952880000
1765,2007-01-11,2.875927209854126,3.421428918838501,3.4564290046691895,3.3964290618896484,3.426429033279419,1440252800
1766,2007-01-12,2.840503454208374,3.379286050796509,3.3949999809265137,3.3296430110931396,3.378213882446289,1312690400
1767,2007-01-16,2.914952516555786,3.4678568840026855,3.4732139110565186,3.4089291095733643,3.4171431064605713,1244076400
1768,2007-01-17,2.8504092693328857,3.391071081161499,3.4857139587402344,3.3864290714263916,3.484286069869995,1646260000
1769,2007-01-18,2.673892021179199,3.1810710430145264,3.2896430492401123,3.180356979370117,3.289285898208618,2364605600
1770,2007-01-19,2.656780481338501,3.1607139110565186,3.2017860412597656,3.1471428871154785,3.1653571128845215,1364473600
1771,2007-01-22,2.6054461002349854,3.0996429920196533,3.184286117553711,3.058928966522217,3.1835711002349854,1454026000
1772,2007-01-23,2.572723388671875,3.06071400642395,3.125356912612915,3.053929090499878,3.061785936355591,1207424400
1773,2007-01-24,2.6027443408966064,3.0964291095733643,3.112499952316284,3.0742859840393066,3.0957140922546387,927813600
1774,2007-01-25,2.5892348289489746,3.080357074737549,3.1607139110565186,3.072499990463257,3.1110711097717285,905973600
1775,2007-01-26,2.5631179809570312,3.049285888671875,3.120357036590576,3.0353569984436035,3.1110711097717285,986874000
1776,2007-01-29,2.5799291133880615,3.0692861080169678,3.0946431159973145,3.054642915725708,3.0821430683135986,901664400
1777,2007-01-30,2.568220376968384,3.055356979370117,3.0889289379119873,3.044642925262451,3.0867860317230225,577970400
1778,2007-01-31,2.5736243724823,3.061785936355591,3.0714290142059326,3.012500047683716,3.0307140350341797,856069200
1779,2007-02-01,2.543905258178711,3.0264289379119873,3.081070899963379,3.0264289379119873,3.0796430110931396,664342000
1780,2007-02-02,2.544205904006958,3.0267860889434814,3.044642925262451,2.989285945892334,3.004286050796509,621530000
1781,2007-02-05,2.5198886394500732,2.997857093811035,3.043929100036621,2.997857093811035,3.010714054107666,578852400
1782,2007-02-06,2.526193141937256,3.005357027053833,3.0167860984802246,2.9592859745025635,3.016071081161499,864393600
1783,2007-02-07,2.586232900619507,3.0767860412597656,3.0850000381469727,2.983928918838501,3.0171430110931396,1066825200
1784,2007-02-08,2.5871334075927734,3.07785701751709,3.0896430015563965,3.0503571033477783,3.0510709285736084,679030800
1785,2007-02-09,2.499774694442749,2.973928928375244,3.078571081161499,2.9717860221862793,3.067142963409424,860540800
1786,2007-02-12,2.548107147216797,3.0314290523529053,3.0421431064605713,2.986785888671875,3.01535701751709,724071600
1787,2007-02-13,2.542703866958618,3.0250000953674316,3.0460710525512695,3.010714054107666,3.041429042816162,580986000
1788,2007-02-14,2.560716390609741,3.046428918838501,3.0585711002349854,3.0203568935394287,3.0225000381469727,507981600
1789,2007-02-15,2.558013916015625,3.0432140827178955,3.057857036590576,3.0278570652008057,3.051429033279419,363661200
1790,2007-02-16,2.5466065406799316,3.0296430587768555,3.0503571033477783,3.023571014404297,3.044642925262451,399868000
1791,2007-02-20,2.578727960586548,3.067857027053833,3.0771429538726807,3.005713939666748,3.023214101791382,617702400
1792,2007-02-21,2.677793502807617,3.18571400642395,3.196070909500122,3.069999933242798,3.070713996887207,1155313600
1793,2007-02-22,2.687101125717163,3.1967859268188477,3.2432138919830322,3.1617860794067383,3.242856979370117,838224800
1794,2007-02-23,2.673892021179199,3.1810710430145264,3.226428985595703,3.1732139587402344,3.184286117553711,517893600
1795,2007-02-26,2.6570804119110107,3.1610710620880127,3.2142860889434814,3.1289288997650146,3.208570957183838,615848800
1796,2007-02-27,2.519587755203247,2.997499942779541,3.109999895095825,2.978929042816162,3.0821430683135986,1145813200
1797,2007-02-28,2.5400023460388184,3.0217859745025635,3.057142972946167,2.9642860889434814,2.9642860889434814,919475200
1798,2007-03-01,2.613551378250122,3.109286069869995,3.1539289951324463,2.9910709857940674,3.001070976257324,1415528800
1799,2007-03-02,2.564018487930298,3.0503571033477783,3.1264290809631348,3.0432140827178955,3.098928928375244,860000400
1800,2007-03-05,2.591337203979492,3.0828568935394287,3.1660709381103516,3.062856912612915,3.067500114440918,838899600
1801,2007-03-06,2.647475004196167,3.1496429443359375,3.1539289951324463,3.121428966522217,3.135714054107666,723186800
1802,2007-03-07,2.63336443901062,3.132857084274292,3.177500009536743,3.12321400642395,3.1446430683135986,626284400
1803,2007-03-08,2.6417698860168457,3.142857074737549,3.1685709953308105,3.1235709190368652,3.163928985595703,511011200
1804,2007-03-09,2.640871047973633,3.1417860984802246,3.1732139587402344,3.121428966522217,3.171428918838501,451836000
1805,2007-03-12,2.6979074478149414,3.2096428871154785,3.2139289379119873,3.1424999237060547,3.1453568935394287,729408400
1806,2007-03-13,2.653778314590454,3.1571431159973145,3.2357139587402344,3.1571431159973145,3.193213939666748,867890800
1807,2007-03-14,2.701810598373413,3.2142860889434814,3.2142860889434814,3.140000104904175,3.164285898208618,796586000
1808,2007-03-15,2.6889028549194336,3.1989290714263916,3.2271430492401123,3.189642906188965,3.2128570079803467,559498800
1809,2007-03-16,2.6895029544830322,3.1996428966522217,3.2139289379119873,3.190000057220459,3.197856903076172,571704000
1810,2007-03-19,2.7357330322265625,3.254642963409424,3.2696430683135986,3.1996428966522217,3.2228569984436035,712961200
1811,2007-03-20,2.7462401390075684,3.2671430110931396,3.2799999713897705,3.252142906188965,3.262500047683716,488916400
1812,2007-03-21,2.817988872528076,3.3524999618530273,3.357142925262451,3.273214101791382,3.2853569984436035,686896000
1813,2007-03-22,2.8206896781921387,3.3557140827178955,3.369999885559082,3.3214290142059326,3.3475000858306885,561492400
1814,2007-03-23,2.807480573654175,3.3399999141693115,3.35964298248291,3.3321430683135986,3.3339290618896484,450884000
1815,2007-03-26,2.877427816390991,3.4232139587402344,3.424999952316284,3.3321430683135986,3.356786012649536,864987200
1816,2007-03-27,2.865720748901367,3.4092860221862793,3.458214044570923,3.392857074737549,3.4182140827178955,932052800
1817,2007-03-28,2.7990753650665283,3.3299999237060547,3.4071431159973145,3.3267860412597656,3.38857102394104,942337200
1818,2007-03-29,2.8143858909606934,3.3482139110565186,3.363929033279419,3.293929100036621,3.363929033279419,725723600
1819,2007-03-30,2.789167881011963,3.318213939666748,3.3814289569854736,3.3125,3.367142915725708,600558000
1820,2007-04-02,2.8113842010498047,3.3446431159973145,3.3660709857940674,3.322143077850342,3.362143039703369,501992400
1821,2007-04-03,2.836902379989624,3.375,3.401071071624756,3.3485710620880127,3.362143039703369,583934400
1822,2007-04-04,2.8299965858459473,3.366786003112793,3.3978569507598877,3.361785888671875,3.390713930130005,476784000
1823,2007-04-05,2.8423054218292236,3.3814289569854736,3.3814289569854736,3.3399999141693115,3.36142897605896,355516000
1824,2007-04-09,2.8113842010498047,3.3446431159973145,3.4035708904266357,3.322856903076172,3.4003570079803467,413341600
1825,2007-04-10,2.8293957710266113,3.3660709857940674,3.366429090499878,3.336071014404297,3.3453569412231445,352466800
1826,2007-04-11,2.7795634269714355,3.306786060333252,3.3553569316864014,3.297499895095825,3.3535709381103516,549018400
1827,2007-04-12,2.767554521560669,3.2925000190734863,3.296786069869995,3.240000009536743,3.2871429920196533,656675600
1828,2007-04-13,2.7090156078338623,3.2228569984436035,3.2642860412597656,3.2164289951324463,3.246428966522217,719941600
1829,2007-04-16,2.7447397708892822,3.26535701751709,3.267857074737549,3.2232139110565186,3.23464298248291,609033600
1830,2007-04-17,2.712317705154419,3.226785898208618,3.296428918838501,3.203571081161499,3.2857139110565186,751920400
1831,2007-04-18,2.713817596435547,3.2285709381103516,3.244642972946167,3.200000047683716,3.2200000286102295,464044000
1832,2007-04-19,2.7099151611328125,3.223928928375244,3.2589290142059326,3.208214044570923,3.2210710048675537,425913600
1833,2007-04-20,2.7309305667877197,3.248929023742676,3.2564289569854736,3.233928918838501,3.2460711002349854,522779600
1834,2007-04-23,2.8071815967559814,3.3396430015563965,3.3499999046325684,3.265000104904175,3.271070957183838,780290000
1835,2007-04-24,2.7990753650665283,3.3299999237060547,3.442500114440918,3.260714054107666,3.3557140827178955,1055252800
1836,2007-04-25,2.8624181747436523,3.4053568840026855,3.4071431159973145,3.3499999046325684,3.365356922149658,1187144000
1837,2007-04-26,2.9671881198883057,3.5299999713897705,3.6607139110565186,3.510714054107666,3.627856969833374,1737778000
1838,2007-04-27,2.99960994720459,3.568571090698242,3.569643020629883,3.488929033279419,3.5064289569854736,699403600
1839,2007-04-30,2.9960086345672607,3.56428599357605,3.607142925262451,3.559643030166626,3.5746428966522217,616509600
1840,2007-05-01,2.9861013889312744,3.552500009536743,3.5839290618896484,3.5196430683135986,3.556786060333252,532523600
1841,2007-05-02,3.013718605041504,3.5853569507598877,3.5907139778137207,3.552500009536743,3.558928966522217,505145200
1842,2007-05-03,3.01401948928833,3.585714101791382,3.62321400642395,3.5717859268188477,3.5975000858306885,576077600
1843,2007-05-04,3.026327610015869,3.6003570556640625,3.628571033477783,3.5892860889434814,3.5999999046325684,381987200
1844,2007-05-07,3.1196911334991455,3.7114291191101074,3.726785898208618,3.6075000762939453,3.609999895095825,861557200
1845,2007-05-08,3.1539134979248047,3.752142906188965,3.755357027053833,3.693571090698242,3.695357084274292,783997200
1846,2007-05-09,3.208549737930298,3.817142963409424,3.819999933242798,3.7460711002349854,3.746786117553711,717757600
1847,2007-05-10,3.222358465194702,3.833570957183838,3.8871428966522217,3.7828569412231445,3.808213949203491,1197257600
1848,2007-05-11,3.2643864154815674,3.883570909500122,3.8975000381469727,3.813570976257324,3.8478569984436035,653696400
1849,2007-05-14,3.2829999923706055,3.9057140350341797,3.9285709857940674,3.8660709857940674,3.9149999618530273,651946400
1850,2007-05-15,3.227762222290039,3.8399999141693115,3.93571400642395,3.802856922149658,3.9132139682769775,954514400
1851,2007-05-16,3.222358465194702,3.833570957183838,3.8867859840393066,3.693571090698242,3.876070976257324,1126767600
1852,2007-05-17,3.2854013442993164,3.9085710048675537,3.92392897605896,3.8267860412597656,3.8267860412597656,735291200
1853,2007-05-18,3.3028132915496826,3.929286003112793,3.9514288902282715,3.9203569889068604,3.936785936355591,621345200
1854,2007-05-21,3.3616528511047363,3.999285936355591,4.01607084274292,3.930356979370117,3.939642906188965,639892400
1855,2007-05-22,3.4084837436676025,4.054999828338623,4.0625,4.000357151031494,4.017499923706055,572409600
1856,2007-05-23,3.3889715671539307,4.03178596496582,4.107142925262451,4.021070957183838,4.072143077850342,911374800
1857,2007-05-24,3.3229258060455322,3.953213930130005,4.087856769561768,3.941786050796509,4.028929233551025,887362000
1858,2007-05-25,3.4108853340148926,4.057857036590576,4.063570976257324,3.982142925262451,4.0,632959600
1859,2007-05-29,3.4328010082244873,4.083929061889648,4.102142810821533,4.0246429443359375,4.087500095367432,645694000
1860,2007-05-30,3.5654895305633545,4.241786003112793,4.24571418762207,4.054643154144287,4.0821428298950195,1478444800
1861,2007-05-31,3.638136386871338,4.328214168548584,4.363214015960693,4.269286155700684,4.288214206695557,1297066400
1862,2007-06-01,3.554382562637329,4.228570938110352,4.328214168548584,4.224643230438232,4.324999809265137,885262000
1863,2007-06-04,3.642340660095215,4.333213806152344,4.347499847412109,4.210713863372803,4.236785888671875,886673200
1864,2007-06-05,3.6825673580169678,4.381071090698242,4.381785869598389,4.3035712242126465,4.336071014404297,920785600
1865,2007-06-06,3.7116858959198,4.415713787078857,4.430356979370117,4.3553571701049805,4.367856979370117,1112241200
1866,2007-06-07,3.7245960235595703,4.431070804595947,4.557499885559082,4.3996429443359375,4.463929176330566,1915079600
1867,2007-06-08,3.7372052669525146,4.446071147918701,4.493928909301758,4.367499828338623,4.493570804595947,1241682400
1868,2007-06-11,3.6081182956695557,4.292500019073486,4.505356788635254,4.269286155700684,4.5,1874258400
1869,2007-06-12,3.6138217449188232,4.299285888671875,4.346786022186279,4.2253570556640625,4.262499809265137,1426566400
1870,2007-06-13,3.5273642539978027,4.1964287757873535,4.328214168548584,4.121428966522217,4.326786041259766,1721353200
1871,2007-06-14,3.5648884773254395,4.2410712242126465,4.26607084274292,4.1578569412231445,4.185713768005371,973266000
1872,2007-06-15,3.617424726486206,4.3035712242126465,4.309642791748047,4.28071403503418,4.307857036590576,811218800
1873,2007-06-18,3.755216598510742,4.46750020980835,4.470714092254639,4.376429080963135,4.402856826782227,910604800
1874,2007-06-19,3.7122881412506104,4.416429042816162,4.4646430015563965,4.38964319229126,4.453214168548584,943026000
1875,2007-06-20,3.6489453315734863,4.341071128845215,4.45214319229126,4.339285850524902,4.423929214477539,897512000
1876,2007-06-21,3.7194902896881104,4.425000190734863,4.438929080963135,4.311429023742676,4.346428871154785,867045200
1877,2007-06-22,3.6924750804901123,4.392857074737549,4.444643020629883,4.37071418762207,4.423213958740234,631876000
1878,2007-06-25,3.6726605892181396,4.369286060333252,4.46750020980835,4.32357120513916,4.435357093811035,965403600
1879,2007-06-26,3.591906785964966,4.273213863372803,4.4285712242126465,4.239999771118164,4.427856922149658,1345005200
1880,2007-06-27,3.659151792526245,4.353213787078857,4.3585710525512695,4.259285926818848,4.307499885559082,974696800
1881,2007-06-28,3.6192240715026855,4.305714130401611,4.374642848968506,4.285714149475098,4.369999885559082,838143600
1882,2007-06-29,3.6636555194854736,4.3585710525512695,4.4285712242126465,4.324643135070801,4.3560709953308105,1137841600
1883,2007-07-02,3.6402394771575928,4.330714225769043,4.36035680770874,4.260714054107666,4.323214054107666,994862400
1884,2007-07-03,3.8176565170288086,4.541786193847656,4.550000190734863,4.339285850524902,4.357142925262451,1162481600
1885,2007-07-05,3.9851698875427246,4.7410712242126465,4.748929023742676,4.596070766448975,4.599999904632568,1453051600
1886,2007-07-06,3.971662998199463,4.724999904632568,4.762143135070801,4.6571431159973145,4.754642963409424,874694800
1887,2007-07-09,3.9125216007232666,4.6546430587768555,4.746428966522217,4.6135711669921875,4.7278571128845215,995820000
1888,2007-07-10,3.973163366317749,4.726786136627197,4.8035712242126465,4.6003570556640625,4.6028571128845215,1255007600
1889,2007-07-11,3.9743635654449463,4.728213787078857,4.775000095367432,4.689642906188965,4.716785907745361,821772000
1890,2007-07-12,4.024796962738037,4.788214206695557,4.794285774230957,4.728213787078857,4.7803568840026855,704608800
1891,2007-07-13,4.134672164916992,4.918929100036621,4.923213958740234,4.804286003112793,4.822500228881836,907606000
1892,2007-07-16,4.145778179168701,4.932143211364746,4.99928617477417,4.910714149475098,4.942500114440918,936112800
1893,2007-07-17,4.170093536376953,4.961071014404297,4.985713958740234,4.910714149475098,4.939286231994629,709959600
1894,2007-07-18,4.146378040313721,4.932857036590576,4.944285869598389,4.8585710525512695,4.935357093811035,756856800
1895,2007-07-19,4.202816963195801,5.0,5.028929233551025,4.987500190734863,5.010714054107666,732891600
1896,2007-07-20,4.31539249420166,5.1339287757873535,5.149285793304443,5.0,5.058928966522217,1167773600
1897,2007-07-23,4.313889980316162,5.132143020629883,5.186429023742676,5.033214092254639,5.118214130401611,1036490000
1898,2007-07-24,4.049412727355957,4.817500114440918,5.035714149475098,4.791070938110352,4.960000038146973,1795292800
1899,2007-07-25,4.120560169219971,4.9021430015563965,4.941429138183594,4.8214287757873535,4.9053568840026855,1496182800
1900,2007-07-26,4.382936954498291,5.214285850524902,5.3035712242126465,4.8914289474487305,5.211071014404297,2186629200
1901,2007-07-27,4.318392276763916,5.137499809265137,5.318571090698242,5.135000228881836,5.221070766448975,1161098400
1902,2007-07-30,4.245744705200195,5.0510711669921875,5.194643020629883,4.98464298248291,5.1546430587768555,1106988400
1903,2007-07-31,3.9554502964019775,4.705714225769043,5.12428617477417,4.697143077850342,5.1060709953308105,1762392800
1904,2007-08-01,4.052715301513672,4.8214287757873535,4.835000038146973,4.56321382522583,4.772857189178467,1750156800
1905,2007-08-02,4.097445487976074,4.874642848968506,4.8914289474487305,4.791070938110352,4.880356788635254,852644800
1906,2007-08-03,3.9581522941589355,4.708929061889648,4.8553571701049805,4.6964287757873535,4.830714225769043,679187600
1907,2007-08-06,4.060220718383789,4.830357074737549,4.831070899963379,4.5821428298950195,4.746428966522217,925170400
1908,2007-08-07,4.05361795425415,4.822500228881836,4.901429176330566,4.736785888671875,4.819285869598389,949936400
1909,2007-08-08,4.022995948791504,4.786070823669434,4.887856960296631,4.714285850524902,4.884285926818848,808096800
1910,2007-08-09,3.7942421436309814,4.5139288902282715,4.75,4.46750020980835,4.682499885559082,1125395600
1911,2007-08-10,3.7525150775909424,4.464285850524902,4.5625,4.29642915725708,4.3971428871154785,1410749200
1912,2007-08-13,3.836270570755005,4.563929080963135,4.619643211364746,4.517857074737549,4.582857131958008,752911600
1913,2007-08-14,3.7233965396881104,4.429643154144287,4.5821428298950195,4.418213844299316,4.581786155700684,739006800
1914,2007-08-15,3.599412441253662,4.2821431159973145,4.459286212921143,4.273213863372803,4.383571147918701,992852000
1915,2007-08-16,3.513854503631592,4.180356979370117,4.232142925262451,3.98642897605896,4.178928852081299,1866690000
1916,2007-08-17,3.664255380630493,4.359285831451416,4.410714149475098,4.279285907745361,4.357500076293945,1195062400
1917,2007-08-20,3.6690585613250732,4.364999771118164,4.4464287757873535,4.3035712242126465,4.427143096923828,803317200
1918,2007-08-21,3.829665422439575,4.556070804595947,4.605713844299316,4.3214287757873535,4.364643096923828,1303047200
1919,2007-08-22,3.9779651165008545,4.732500076293945,4.7410712242126465,4.6546430587768555,4.686429023742676,1061765600
1920,2007-08-23,3.934736728668213,4.681070804595947,4.762143135070801,4.634285926818848,4.753213882446289,866838000
1921,2007-08-24,4.061720848083496,4.8321428298950195,4.8346428871154785,4.63607120513916,4.661786079406738,911834000
1922,2007-08-27,3.970160484313965,4.723214149475098,4.809286117553711,4.7178568840026855,4.7639288902282715,707439600
1923,2007-08-28,3.807152032852173,4.529285907745361,4.728929042816162,4.522500038146973,4.678214073181152,1179365600
1924,2007-08-29,4.025097370147705,4.788570880889893,4.792142868041992,4.626429080963135,4.638570785522461,1166860800
1925,2007-08-30,4.090238571166992,4.8660712242126465,4.9375,4.724999904632568,4.738214015960693,1435582400
1926,2007-08-31,4.157186508178711,4.945713996887207,4.987500190734863,4.90749979019165,4.981785774230957,876887200
1927,2007-09-04,4.327701568603516,5.148571014404297,5.2046427726745605,4.994286060333252,4.997857093811035,1316842800
1928,2007-09-05,4.105548858642578,4.884285926818848,5.208570957183838,4.860713958740234,5.177499771118164,2328222400
1929,2007-09-06,4.053018093109131,4.821785926818848,4.913214206695557,4.739643096923828,4.841429233551025,1901261600
1930,2007-09-07,3.9557509422302246,4.706070899963379,4.724999904632568,4.642857074737549,4.7146430015563965,1430576000
1931,2007-09-10,4.104051113128662,4.882500171661377,4.929999828338623,4.783928871154785,4.892499923706055,1487838800
1932,2007-09-11,4.0674262046813965,4.838929176330566,4.939286231994629,4.776785850524902,4.925000190734863,971885600
1933,2007-09-12,4.108251094818115,4.887499809265137,4.978570938110352,4.848214149475098,4.856785774230957,1022770000
1934,2007-09-13,4.118759632110596,4.900000095367432,4.964285850524902,4.880356788635254,4.958213806152344,656163200
1935,2007-09-14,4.167093276977539,4.957499980926514,4.963571071624756,4.864285945892334,4.877500057220459,607320000
1936,2007-09-17,4.155083656311035,4.943213939666748,5.021070957183838,4.914286136627197,4.963929176330566,793371600
1937,2007-09-18,4.230434894561768,5.0328569412231445,5.101786136627197,4.922500133514404,4.966429233551025,1064089600
1938,2007-09-19,4.225932598114014,5.027500152587891,5.112856864929199,4.978570938110352,5.1078572273254395,1026880400
1939,2007-09-20,4.212122917175293,5.01107120513916,5.063929080963135,4.975714206695557,5.005356788635254,691840800
1940,2007-09-21,4.327398300170898,5.148213863372803,5.166070938110352,5.01107120513916,5.040713787078857,1138880400
1941,2007-09-24,4.451382637023926,5.295713901519775,5.351786136627197,5.237500190734863,5.240356922149658,1052161600
1942,2007-09-25,4.598483085632324,5.470714092254639,5.472143173217773,5.243570804595947,5.244286060333252,1192550800
1943,2007-09-26,4.5861735343933105,5.456070899963379,5.535714149475098,5.401785850524902,5.516786098480225,975268000
1944,2007-09-27,4.6381072998046875,5.517857074737549,5.518570899963379,5.440000057220459,5.491786003112793,658198800
1945,2007-09-28,4.6071882247924805,5.4810709953308105,5.521429061889648,5.455357074737549,5.480000019073486,615101200
1946,2007-10-01,4.693344593048096,5.583570957183838,5.621786117553711,5.461785793304443,5.522500038146973,837068400
1947,2007-10-02,4.756688117980957,5.658928871154785,5.663928985595703,5.567500114440918,5.591071128845215,792069600
1948,2007-10-03,4.740777015686035,5.639999866485596,5.684999942779541,5.607500076293945,5.635000228881836,692518400
1949,2007-10-04,4.690343856811523,5.579999923706055,5.645713806152344,5.482142925262451,5.642857074737549,656958400
1950,2007-10-05,4.846747875213623,5.76607084274292,5.770713806152344,5.632143020629883,5.656071186065674,943471200
1951,2007-10-08,5.040678977966309,5.996786117553711,5.996786117553711,5.820356845855713,5.838929176330566,835928800
1952,2007-10-09,5.039175510406494,5.994999885559082,6.1110711097717285,5.95285701751709,6.07857084274292,1104286400
1953,2007-10-10,5.007054328918457,5.956786155700684,5.99571418762207,5.914286136627197,5.98392915725708,667590000
1954,2007-10-11,4.87016487121582,5.793929100036621,6.138570785522461,5.471786022186279,6.053214073181152,1643992000
1955,2007-10-12,5.020864009857178,5.973214149475098,5.974286079406738,5.778571128845215,5.821785926818848,988176000
1956,2007-10-15,5.012757301330566,5.963571071624756,6.056070804595947,5.839285850524902,5.99928617477417,1077930000
1957,2007-10-16,5.0908122062683105,6.056428909301758,6.07785701751709,5.898213863372803,5.912143230438232,1067830400
1958,2007-10-17,5.185976028442383,6.169642925262451,6.179999828338623,6.042142868041992,6.167500019073486,1127613200
1959,2007-10-18,5.208490371704102,6.1964287757873535,6.221070766448975,6.10892915725708,6.125,823676000
1960,2007-10-19,5.116028308868408,6.086429119110107,6.236785888671875,6.0714287757873535,6.2228569984436035,1291780000
1961,2007-10-22,5.234306335449219,6.227142810821533,6.246428966522217,6.070000171661377,6.083929061889648,1649499600
1962,2007-10-23,5.588544845581055,6.648571014404297,6.735713958740234,6.5271430015563965,6.734285831451416,1795164000
1963,2007-10-24,5.581641674041748,6.64035701751709,6.686070919036865,6.401429176330566,6.63607120513916,1288481600
1964,2007-10-25,5.487076759338379,6.527856826782227,6.639286041259766,6.487856864929199,6.602499961853027,973602000
1965,2007-10-26,5.544715881347656,6.596428871154785,6.620357036590576,6.531428813934326,6.617499828338623,706876800
1966,2007-10-29,5.556422710418701,6.61035680770874,6.663928985595703,6.596428871154785,6.623213768005371,540554000
1967,2007-10-30,5.613761901855469,6.6785712242126465,6.763214111328125,6.597499847412109,6.649285793304443,939414000
1968,2007-10-31,5.7023210525512695,6.783928871154785,6.789999961853027,6.6053571701049805,6.701070785522461,833310800
1969,2007-11-01,5.6269707679748535,6.694285869598389,6.789286136627197,6.4285712242126465,6.735713958740234,805036400
1970,2007-11-02,5.63987922668457,6.7096428871154785,6.765714168548584,6.553214073181152,6.757500171661377,1002114400
1971,2007-11-05,5.589145660400391,6.649285793304443,6.748570919036865,6.579999923706055,6.617499828338623,804176800
1972,2007-11-06,5.757559299468994,6.849643230438232,6.857142925262451,6.616786003112793,6.680356979370117,954727200
1973,2007-11-07,5.592748641967773,6.653571128845215,6.881429195404053,6.647500038146973,6.807499885559082,994327600
1974,2007-11-08,5.2676310539245605,6.266786098480225,6.675000190734863,5.991786003112793,6.666786193847656,1890378000
1975,2007-11-09,4.964426517486572,5.906071186065674,6.25428581237793,5.900356769561768,6.112500190734863,1526380800
1976,2007-11-12,4.615891933441162,5.491428852081299,5.989285945892334,5.379642963409424,5.902856826782227,1769065200
1977,2007-11-13,5.1022186279296875,6.070000171661377,6.106429100036621,5.491428852081299,5.744643211364746,1739446800
1978,2007-11-14,4.986640930175781,5.932499885559082,6.341785907745361,5.8478569984436035,6.32714319229126,1449168000
1979,2007-11-15,4.932304382324219,5.867856979370117,6.056786060333252,5.724999904632568,5.942500114440918,1487410400
1980,2007-11-16,4.9950480461120605,5.942500114440918,5.965000152587891,5.690357208251953,5.903571128845215,1383494000
1981,2007-11-19,4.9217987060546875,5.8553571701049805,6.007143020629883,5.789286136627197,5.932143211364746,1154428800
1982,2007-11-20,5.068896293640137,6.0303568840026855,6.135356903076172,5.840356826782227,5.916786193847656,1543642800
1983,2007-11-21,5.057188510894775,6.0164289474487305,6.1553568840026855,5.881071090698242,5.92285680770874,1217809600
1984,2007-11-23,5.149652004241943,6.126429080963135,6.1446428298950195,6.0625,6.142857074737549,465757600
1985,2007-11-26,5.179671287536621,6.162143230438232,6.331070899963379,6.1553568840026855,6.199643135070801,1305754800
1986,2007-11-27,5.247814655303955,6.243214130401611,6.278213977813721,6.071785926818848,6.257856845855713,1317030400
1987,2007-11-28,5.410227298736572,6.436429023742676,6.449999809265137,6.262499809265137,6.315000057220459,1150912000
1988,2007-11-29,5.532409191131592,6.581786155700684,6.613214015960693,6.398213863372803,6.408214092254639,1050926800
1989,2007-11-30,5.470264434814453,6.507856845855713,6.70357084274292,6.4178571701049805,6.690713882446289,1187802000
1990,2007-12-03,5.369398593902588,6.387856960296631,6.5764288902282715,6.346428871154785,6.494999885559082,961469600
1991,2007-12-04,5.397917747497559,6.421785831451416,6.460713863372803,6.321071147918701,6.326786041259766,773799600
1992,2007-12-05,5.568729877471924,6.625,6.642857074737549,6.51464319229126,6.53178596496582,892402000
1993,2007-12-06,5.7023210525512695,6.783928871154785,6.789286136627197,6.6471428871154785,6.6496429443359375,899810800
1994,2007-12-07,5.832909107208252,6.939286231994629,6.963929176330566,6.715713977813721,6.804999828338623,1066066400
1995,2007-12-10,5.83020544052124,6.936070919036865,6.987856864929199,6.881785869598389,6.913928985595703,722377600
1996,2007-12-11,5.659992694854736,6.7335710525512695,7.0296430587768555,6.692500114440918,6.955357074737549,1110925200
1997,2007-12-12,5.729639053344727,6.816429138183594,6.945713996887207,6.634285926818848,6.908570766448975,1225660800
1998,2007-12-13,5.758758068084717,6.851070880889893,6.861429214477539,6.707857131958008,6.792500019073486,864617600
1999,2007-12-14,5.715529441833496,6.799643039703369,6.900000095367432,6.769286155700684,6.798929214477539,674312800
2000,2007-12-17,5.535709857940674,6.585713863372803,6.880356788635254,6.534999847412109,6.811429023742676,1024693600
2001,2007-12-18,5.4930806159973145,6.534999847412109,6.690357208251953,6.378571033477783,6.661428928375244,1222603200
2002,2007-12-19,5.497283458709717,6.539999961853027,6.59428596496582,6.460713863372803,6.534999847412109,827478400
2003,2007-12-20,5.620066165924072,6.686070919036865,6.708213806152344,6.547500133514404,6.622499942779541,774057200
2004,2007-12-21,5.821202754974365,6.925356864929199,6.925356864929199,6.78178596496582,6.789999961853027,993960800
2005,2007-12-24,5.968000411987305,7.099999904632568,7.118928909301758,6.956786155700684,6.965356826782227,480202800
2006,2007-12-26,5.972501277923584,7.1053571701049805,7.177143096923828,7.029285907745361,7.107500076293945,703732400
2007,2007-12-27,5.961094379425049,7.091785907745361,7.248570919036865,7.064286231994629,7.1053571701049805,795527600
2008,2007-12-28,5.998920440673828,7.136785984039307,7.19857120513916,7.031428813934326,7.163928985595703,699647200
2009,2007-12-31,5.946384906768799,7.074285984039307,7.160714149475098,7.0625,7.125,539333200
2010,2008-01-02,5.849119186401367,6.958570957183838,7.1521430015563965,6.876786231994629,7.116786003112793,1079178800
2011,2008-01-03,5.851821422576904,6.961785793304443,7.049643039703369,6.881785869598389,6.978929042816162,842066400
2012,2008-01-04,5.405122756958008,6.430356979370117,6.892857074737549,6.3889288902282715,6.837500095367432,1455832000
2013,2008-01-07,5.332772254943848,6.34428596496582,6.557143211364746,6.0796427726745605,6.473214149475098,2072193200
2014,2008-01-08,5.140944957733154,6.1160712242126465,6.5164289474487305,6.099999904632568,6.433570861816406,1523816000
2015,2008-01-09,5.3856096267700195,6.4071431159973145,6.410714149475098,6.010714054107666,6.117856979370117,1813882000
2016,2008-01-10,5.344180583953857,6.3578572273254395,6.464285850524902,6.26464319229126,6.3421430587768555,1482975200
2017,2008-01-11,5.18417501449585,6.167500019073486,6.351786136627197,6.0714287757873535,6.285714149475098,1232285600
2018,2008-01-14,5.366997241973877,6.385000228881836,6.4078569412231445,6.256071090698242,6.340000152587891,1100450400
2019,2008-01-15,5.0746002197265625,6.037143230438232,6.400713920593262,5.880713939666748,6.347143173217773,2343278000
2020,2008-01-16,4.792409896850586,5.7014288902282715,6.036070823669434,5.596428871154785,5.901071071624756,2213845200
2021,2008-01-17,4.829935550689697,5.746070861816406,5.90571403503418,5.6578569412231445,5.768214225769043,1757859600
2022,2008-01-18,4.844046115875244,5.762856960296631,5.919642925262451,5.700356960296631,5.775356769561768,1724343600
2023,2008-01-22,4.672329902648926,5.558570861816406,5.713571071624756,5.214285850524902,5.2878570556640625,2434754000
2024,2008-01-23,4.174898147583008,4.966785907745361,5.0,4.505000114440918,4.86392879486084,3372969600
2025,2008-01-24,4.070727348327637,4.8428568840026855,5.025000095367432,4.7146430015563965,4.999642848968506,2005866800
2026,2008-01-25,3.9029147624969482,4.643214225769043,4.96750020980835,4.628929138183594,4.963929176330566,1554739200
2027,2008-01-28,3.9029147624969482,4.643214225769043,4.757143020629883,4.51607084274292,4.57714319229126,1474844000
2028,2008-01-29,3.9488446712493896,4.697856903076172,4.742499828338623,4.60892915725708,4.683928966522217,1099982800
2029,2008-01-30,3.9680593013763428,4.720714092254639,4.837500095367432,4.642857074737549,4.69178581237793,1243051600
2030,2008-01-31,4.063523769378662,4.834286212921143,4.880356788635254,4.621428966522217,4.623213768005371,1345674400
2031,2008-02-01,4.015190124511719,4.776785850524902,4.878213882446289,4.720714092254639,4.865714073181152,1010744000
2032,2008-02-04,3.9521484375,4.701786041259766,4.853570938110352,4.693571090698242,4.793213844299316,899234000
2033,2008-02-05,3.8834033012390137,4.619999885559082,4.785714149475098,4.603570938110352,4.658214092254639,1141042000
2034,2008-02-06,3.6624536514282227,4.357142925262451,4.711429119110107,4.348928928375244,4.672500133514404,1573272400
2035,2008-02-07,3.6396381855010986,4.329999923706055,4.4564290046691895,4.18821382522583,4.284643173217773,2083331600
2036,2008-02-08,3.766923189163208,4.481429100036621,4.489285945892334,4.3428568840026855,4.360000133514404,1355972800
2037,2008-02-11,3.8861048221588135,4.623213768005371,4.6421427726745605,4.5428571701049805,4.571785926818848,1201432400
2038,2008-02-12,3.7483115196228027,4.459286212921143,4.6785712242126465,4.414999961853027,4.6678571701049805,1225980000
2039,2008-02-13,3.8846018314361572,4.621428966522217,4.635000228881836,4.486785888671875,4.524285793304443,968534000
2040,2008-02-14,3.826364278793335,4.552143096923828,4.67142915725708,4.536070823669434,4.621428966522217,954097200
2041,2008-02-15,3.7414064407348633,4.451070785522461,4.538570880889893,4.430714130401611,4.509643077850342,901300400
2042,2008-02-19,3.667858600616455,4.3635711669921875,4.526785850524902,4.3371429443359375,4.499642848968506,1005046000
2043,2008-02-20,3.7170913219451904,4.42214298248291,4.449999809265137,4.345714092254639,4.364285945892334,967439200
2044,2008-02-21,3.6486451625823975,4.340713977813721,4.516786098480225,4.316429138183594,4.501786231994629,938114800
2045,2008-02-22,3.58620285987854,4.2664289474487305,4.375357151031494,4.138214111328125,4.37428617477417,1529878000
2046,2008-02-25,3.5946097373962402,4.276429176330566,4.291786193847656,4.166429042816162,4.23535680770874,1256774400
2047,2008-02-26,3.5768959522247314,4.255356788635254,4.324643135070801,4.122857093811035,4.2014288902282715,1504888000
2048,2008-02-27,3.6912732124328613,4.3914289474487305,4.3946428298950195,4.21750020980835,4.222499847412109,1475138000
2049,2008-02-28,3.8999147415161133,4.63964319229126,4.721428871154785,4.491786003112793,4.5428571701049805,1618254400
2050,2008-02-29,3.7531158924102783,4.465000152587891,4.650356769561768,4.4571428298950195,4.617499828338623,1255480800
2051,2008-03-03,3.6543493270874023,4.347499847412109,4.49928617477417,4.214285850524902,4.444285869598389,1593043200
2052,2008-03-04,3.7411069869995117,4.450714111328125,4.460000038146973,4.300000190734863,4.356785774230957,1785383600
2053,2008-03-05,3.7372052669525146,4.446071147918701,4.46928596496582,4.3660712242126465,4.413570880889893,1221836000
2054,2008-03-06,3.6303327083587646,4.318929195404053,4.5535712242126465,4.314642906188965,4.450356960296631,1473698800
2055,2008-03-07,3.6699581146240234,4.3660712242126465,4.3921427726745605,4.251786231994629,4.300356864929199,1230462800
2056,2008-03-10,3.5931074619293213,4.2746429443359375,4.409286022186279,4.263214111328125,4.356429100036621,999588800
2057,2008-03-11,3.8230621814727783,4.548213958740234,4.552856922149658,4.357142925262451,4.432143211364746,1163943200
2058,2008-03-12,3.783435344696045,4.501070976257324,4.595714092254639,4.4703569412231445,4.537143230438232,1059629200
2059,2008-03-13,3.840775728225708,4.569285869598389,4.625,4.392857074737549,4.432143211364746,1262102800
2060,2008-03-14,3.8008475303649902,4.521786212921143,4.653571128845215,4.435713768005371,4.638570785522461,1156640800
2061,2008-03-17,3.8044490814208984,4.526071071624756,4.59250020980835,4.376786231994629,4.376786231994629,1072598800
2062,2008-03-18,3.987271785736084,4.743570804595947,4.75,4.5953569412231445,4.6135711669921875,1205120000
2063,2008-03-19,3.8927085399627686,4.631071090698242,4.7960710525512695,4.631071090698242,4.75428581237793,1010536800
2064,2008-03-20,4.000781059265137,4.759643077850342,4.760356903076172,4.6135711669921875,4.682857036590576,908787600
2065,2008-03-24,4.188708782196045,4.983213901519775,5.0303568840026855,4.772857189178467,4.786070823669434,1066920400
2066,2008-03-25,4.232235908508301,5.034999847412109,5.110713958740234,4.9046430587768555,4.998570919036865,1052391200
2067,2008-03-26,4.354717254638672,5.180714130401611,5.204999923706055,5.022857189178467,5.031071186065674,1182084400
2068,2008-03-27,4.21032190322876,5.0089287757873535,5.189642906188965,4.999642848968506,5.176785945892334,999829600
2069,2008-03-28,4.293176651000977,5.107500076293945,5.166070938110352,5.057143211364746,5.064286231994629,714610400
2070,2008-03-31,4.307887554168701,5.125,5.2039289474487305,5.090000152587891,5.116786003112793,768065200
2071,2008-04-01,4.4889068603515625,5.340356826782227,5.34499979019165,5.128929138183594,5.224999904632568,1032567200
2072,2008-04-02,4.427667617797852,5.267499923706055,5.400000095367432,5.208929061889648,5.313570976257324,1044968400
2073,2008-04-03,4.551351070404053,5.414642810821533,5.486785888671875,5.25,5.252142906188965,1051568000
2074,2008-04-04,4.5954790115356445,5.4671430587768555,5.525356769561768,5.3839287757873535,5.435357093811035,854417200
2075,2008-04-07,4.679835796356201,5.567500114440918,5.703214168548584,5.539642810821533,5.576070785522461,1158326400
2076,2008-04-08,4.5882744789123535,5.458570957183838,5.587500095367432,5.440000057220459,5.48392915725708,1014294400
2077,2008-04-09,4.546247959136963,5.408570766448975,5.496070861816406,5.373570919036865,5.4753570556640625,873398400
2078,2008-04-10,4.639607906341553,5.5196428298950195,5.550714015960693,5.378571033477783,5.397500038146973,955763200
2079,2008-04-11,4.417160511016846,5.255000114440918,5.474999904632568,5.228570938110352,5.454286098480225,1210076000
2080,2008-04-14,4.43637228012085,5.277856826782227,5.330357074737549,5.162143230438232,5.241786003112793,845087600
2081,2008-04-15,4.454383850097656,5.299285888671875,5.347143173217773,5.204286098480225,5.335713863372803,698037200
2082,2008-04-16,4.6140899658203125,5.489285945892334,5.503571033477783,5.37928581237793,5.4185709953308105,795774000
2083,2008-04-17,4.637807846069336,5.517499923706055,5.5714287757873535,5.476786136627197,5.506071090698242,704267200
2084,2008-04-18,4.834439754486084,5.751429080963135,5.795000076293945,5.656428813934326,5.682857036590576,1026765600
2085,2008-04-21,5.048183441162109,6.005713939666748,6.017857074737549,5.7771430015563965,5.793213844299316,1039152800
2086,2008-04-22,4.80922269821167,5.721428871154785,6.0,5.646070957183838,5.978570938110352,1439572400
2087,2008-04-23,4.8899760246276855,5.817500114440918,5.887143135070801,5.752857208251953,5.85892915725708,1504190800
2088,2008-04-24,5.071597576141357,6.033570766448975,6.070713996887207,5.685357093811035,5.90500020980835,1696066400
2089,2008-04-25,5.095315456390381,6.06178617477417,6.110713958740234,5.943571090698242,6.096428871154785,992474000
2090,2008-04-28,5.1706647872924805,6.151429176330566,6.205357074737549,6.0403571128845215,6.0625,787214400
2091,2008-04-29,5.255023956298828,6.251786231994629,6.273571014404297,6.080357074737549,6.1110711097717285,923476400
2092,2008-04-30,5.221999168395996,6.212500095367432,6.4285712242126465,6.175714015960693,6.292500019073486,1139524400
2093,2008-05-01,5.40362024307251,6.4285712242126465,6.4285712242126465,6.244999885559082,6.248570919036865,903576800
2094,2008-05-02,5.431840419769287,6.4621429443359375,6.497142791748047,6.376786231994629,6.435357093811035,1006082000
2095,2008-05-05,5.545616149902344,6.597499847412109,6.618214130401611,6.466071128845215,6.497142791748047,854557200
2096,2008-05-06,5.603555202484131,6.666429042816162,6.682857036590576,6.506429195404053,6.59499979019165,918870400
2097,2008-05-07,5.481373310089111,6.521070957183838,6.721428871154785,6.447856903076172,6.6446428298950195,1157133600
2098,2008-05-08,5.555522918701172,6.609285831451416,6.660714149475098,6.538214206695557,6.56321382522583,899085600
2099,2008-05-09,5.507189750671387,6.551785945892334,6.580357074737549,6.477499961853027,6.541429042816162,673072400
2100,2008-05-12,5.64858341217041,6.71999979019165,6.745357036590576,6.5303568840026855,6.614643096923828,818563200
2101,2008-05-13,5.702621936798096,6.784286022186279,6.837500095367432,6.709286212921143,6.7360711097717285,823236400
2102,2008-05-14,5.59154748916626,6.6521430015563965,6.865714073181152,6.627500057220459,6.8296427726745605,916823600
2103,2008-05-15,5.695715427398682,6.776071071624756,6.7821431159973145,6.57857084274292,6.671785831451416,873208000
2104,2008-05-16,5.6323747634887695,6.700714111328125,6.79642915725708,6.6785712242126465,6.789642810821533,765769200
2105,2008-05-19,5.511693000793457,6.557143211364746,6.73892879486084,6.474999904632568,6.709286212921143,945820400
2106,2008-05-20,5.580739498138428,6.639286041259766,6.648571014404297,6.432857036590576,6.493570804595947,969850000
2107,2008-05-21,5.3492841720581055,6.36392879486084,6.712500095367432,6.294642925262451,6.631071090698242,1157657200
2108,2008-05-22,5.315061569213867,6.323214054107666,6.476070880889893,6.142857074737549,6.4021430015563965,1206735600
2109,2008-05-23,5.438744068145752,6.4703569412231445,6.499642848968506,6.349999904632568,6.456070899963379,906917200
2110,2008-05-27,5.596649646759033,6.658214092254639,6.658214092254639,6.494286060333252,6.526785850524902,789905200
2111,2008-05-28,5.6140618324279785,6.678928852081299,6.712500095367432,6.561429023742676,6.693213939666748,743979600
2112,2008-05-29,5.604454040527344,6.667500019073486,6.721428871154785,6.625,6.670000076293945,647186400
2113,2008-05-30,5.6662983894348145,6.7410712242126465,6.769286155700684,6.692142963409424,6.694643020629883,610184400
2114,2008-06-02,5.586745738983154,6.646429061889648,6.773213863372803,6.590356826782227,6.735713958740234,679840000
2115,2008-06-03,5.564828872680664,6.620357036590576,6.721428871154785,6.512143135070801,6.6735711097717285,750520400
2116,2008-06-04,5.559424877166748,6.61392879486084,6.681786060333252,6.543929100036621,6.572143077850342,726983600
2117,2008-06-05,5.686709403991699,6.76535701751709,6.78000020980835,6.632143020629883,6.65500020980835,755445600
2118,2008-06-06,5.572934627532959,6.630000114440918,6.783928871154785,6.626786231994629,6.714285850524902,966422800
2119,2008-06-09,5.45195198059082,6.4860711097717285,6.605000019073486,6.276785850524902,6.599643230438232,1888392800
2120,2008-06-10,5.572934627532959,6.630000114440918,6.670713901519775,6.393570899963379,6.446785926818848,1140941200
2121,2008-06-11,5.427937030792236,6.457499980926514,6.642857074737549,6.413928985595703,6.583570957183838,961550800
2122,2008-06-12,5.201284885406494,6.187857151031494,6.521429061889648,6.114285945892334,6.481785774230957,1308333600
2123,2008-06-13,5.174567222595215,6.156071186065674,6.21999979019165,5.903929233551025,6.130000114440918,1345957200
2124,2008-06-16,5.308756351470947,6.315713882446289,6.353570938110352,6.038214206695557,6.117856979370117,1051730400
2125,2008-06-17,5.446549892425537,6.479642868041992,6.499642848968506,6.336071014404297,6.360713958740234,899656800
2126,2008-06-18,5.366097927093506,6.3839287757873535,6.507143020629883,6.333929061889648,6.468571186065674,811468000
2127,2008-06-19,5.430637836456299,6.460713863372803,6.512143135070801,6.314286231994629,6.376786231994629,791949200
2128,2008-06-20,5.2616286277771,6.259643077850342,6.464285850524902,6.25,6.4053568840026855,888367200
2129,2008-06-23,5.198284149169922,6.184286117553711,6.281428813934326,6.127142906188965,6.240714073181152,645780800
2130,2008-06-24,5.200984954833984,6.1875,6.277856826782227,6.129642963409424,6.156071186065674,621947200
2131,2008-06-25,5.325267314910889,6.335357189178467,6.386785984039307,6.210000038146973,6.2360711097717285,644450800
2132,2008-06-26,5.051184177398682,6.009285926818848,6.244286060333252,6.000357151031494,6.216785907745361,869610000
2133,2008-06-27,5.1061224937438965,6.074643135070801,6.091785907745361,5.862500190734863,5.946785926818848,1042249600
2134,2008-06-30,5.02656888961792,5.980000019073486,6.142857074737549,5.950714111328125,6.078214168548584,684196800
2135,2008-07-01,5.243912220001221,6.2385711669921875,6.239999771118164,5.857142925262451,5.865356922149658,1111280800
2136,2008-07-02,5.048782825469971,6.006429195404053,6.337500095367432,6.006429195404053,6.257143020629883,837519200
2137,2008-07-03,5.107022285461426,6.075714111328125,6.148929119110107,5.919642925262451,6.056786060333252,523362000
2138,2008-07-07,5.258324146270752,6.255713939666748,6.326070785522461,6.139286041259766,6.184286117553711,820391600
2139,2008-07-08,5.390112400054932,6.412499904632568,6.4178571701049805,6.169285774230957,6.264286041259766,888350400
2140,2008-07-09,5.231006622314453,6.223214149475098,6.461071014404297,6.21928596496582,6.435713768005371,895776000
2141,2008-07-10,5.302452087402344,6.30821418762207,6.333570957183838,6.120357036590576,6.247142791748047,840688800
2142,2008-07-11,5.180871963500977,6.163570880889893,6.325356960296631,6.107142925262451,6.266786098480225,930011600
2143,2008-07-14,5.219898223876953,6.210000038146973,6.403571128845215,6.181428909301758,6.401429176330566,886054400
2144,2008-07-15,5.092612266540527,6.058570861816406,6.204999923706055,5.942500114440918,6.159999847412109,1040043200
2145,2008-07-16,5.187776565551758,6.171785831451416,6.1760711669921875,6.021429061889648,6.07857084274292,747790400
2146,2008-07-17,5.157756328582764,6.13607120513916,6.24928617477417,6.121070861816406,6.2178568840026855,757526000
2147,2008-07-18,4.957820415496826,5.898213863372803,6.058928966522217,5.892857074737549,6.018570899963379,868414400
2148,2008-07-21,4.992045879364014,5.938929080963135,5.982142925262451,5.75428581237793,5.960713863372803,1360469600
2149,2008-07-22,4.863860607147217,5.786428928375244,5.812857151031494,5.233213901519775,5.3214287757873535,1879592400
2150,2008-07-23,4.991144180297852,5.937857151031494,6.013214111328125,5.769999980926514,5.892499923706055,1061768400
2151,2008-07-24,4.7740983963012695,5.679643154144287,5.9021430015563965,5.658928871154785,5.868570804595947,839619200
2152,2008-07-25,4.866862773895264,5.789999961853027,5.8214287757873535,5.666070938110352,5.728570938110352,633637200
2153,2008-07-28,4.635105133056641,5.514286041259766,5.802499771118164,5.50071382522583,5.79785680770874,780712800
2154,2008-07-29,4.715559959411621,5.610000133514404,5.694643020629883,5.487500190734863,5.550356864929199,684070800
2155,2008-07-30,4.799617767333984,5.710000038146973,5.731785774230957,5.574285984039307,5.635000228881836,725183200
2156,2008-07-31,4.771697521209717,5.676785945892334,5.7928571701049805,5.606429100036621,5.626429080963135,637498400
2157,2008-08-01,4.702950477600098,5.59499979019165,5.713929176330566,5.5625,5.710713863372803,544639200
2158,2008-08-04,4.599981784820557,5.472499847412109,5.639286041259766,5.461071014404297,5.5928568840026855,592527600
2159,2008-08-05,4.822431564331055,5.737143039703369,5.742856979370117,5.529285907745361,5.550714015960693,688371600
2160,2008-08-06,4.929004669189453,5.86392879486084,5.978570938110352,5.642857074737549,5.713213920593262,791408800
2161,2008-08-07,4.910391330718994,5.841785907745361,5.933928966522217,5.767857074737549,5.811070919036865,672372400
2162,2008-08-08,5.089911937713623,6.055356979370117,6.058928966522217,5.848214149475098,5.852142810821533,713997200
2163,2008-08-11,5.210291862487793,6.19857120513916,6.3035712242126465,6.059642791748047,6.0739288330078125,891304400
2164,2008-08-12,5.30545711517334,6.31178617477417,6.403213977813721,6.196785926818848,6.197143077850342,836278800
2165,2008-08-13,5.382606029510498,6.403571128845215,6.4285712242126465,6.2821431159973145,6.356429100036621,842346400
2166,2008-08-14,5.383206367492676,6.404285907745361,6.444643020629883,6.351428985595703,6.368928909301758,711300800
2167,2008-08-15,5.275735855102539,6.276429176330566,6.419642925262451,6.251786231994629,6.394286155700684,708251600
2168,2008-08-18,5.265229225158691,6.2639288902282715,6.3503570556640625,6.207857131958008,6.270357131958008,552014400
2169,2008-08-19,5.2093915939331055,6.197500228881836,6.3239288330078125,6.13607120513916,6.2335710525512695,616204400
2170,2008-08-20,5.278738021850586,6.28000020980835,6.319285869598389,6.200356960296631,6.241786003112793,506951200
2171,2008-08-21,5.232207298278809,6.224643230438232,6.26607084274292,6.1389288902282715,6.2310709953308105,539744800
2172,2008-08-22,5.307257175445557,6.313929080963135,6.339285850524902,6.270357131958008,6.279285907745361,439611200
2173,2008-08-25,5.179971218109131,6.162499904632568,6.293929100036621,6.130713939666748,6.291070938110352,484425200
2174,2008-08-26,5.212692737579346,6.2014288902282715,6.24571418762207,6.164642810821533,6.170000076293945,445550000
2175,2008-08-27,5.2436137199401855,6.238214015960693,6.2771430015563965,6.1496429443359375,6.189642906188965,477780800
2176,2008-08-28,5.215694904327393,6.204999923706055,6.294642925262451,6.169642925262451,6.260000228881836,431384800
2177,2008-08-29,5.089310169219971,6.054643154144287,6.1964287757873535,6.037143230438232,6.177143096923828,599289600
2178,2008-09-02,4.989044666290283,5.935357093811035,6.1964287757873535,5.892857074737549,6.1571431159973145,780763200
2179,2008-09-03,5.0121564865112305,5.962856769561768,6.024285793304443,5.857142925262451,5.958570957183838,734834800
2180,2008-09-04,4.839842796325684,5.757856845855713,5.996786117553711,5.743214130401611,5.9235711097717285,743386000
2181,2008-09-05,4.808621883392334,5.720714092254639,5.800000190734863,5.630356788635254,5.663928985595703,786884000
2182,2008-09-08,4.740777015686035,5.639999866485596,5.8889288902282715,5.409286022186279,5.877500057220459,1045979200
2183,2008-09-09,4.553452014923096,5.417142868041992,5.712856769561768,5.349643230438232,5.602142810821533,1245025600
2184,2008-09-10,4.551351070404053,5.414642810821533,5.5353569984436035,5.314286231994629,5.440000057220459,973142800
2185,2008-09-11,4.582572937011719,5.451786041259766,5.463929176330566,5.214285850524902,5.292142868041992,971135200
2186,2008-09-12,4.471196174621582,5.319285869598389,5.38964319229126,5.232142925262451,5.38964319229126,793027200
2187,2008-09-15,4.213624000549316,5.012856960296631,5.2746429443359375,5.012856960296631,5.072500228881836,920634400
2188,2008-09-16,4.199214935302734,4.99571418762207,5.089285850524902,4.7196431159973145,4.78071403503418,1199836400
2189,2008-09-17,3.8374712467193604,4.565357208251953,4.946785926818848,4.565357208251953,4.946071147918701,1200455200
2190,2008-09-18,4.025399208068848,4.788928985595703,4.836785793304443,4.309999942779541,4.663214206695557,1676253600
2191,2008-09-19,4.230136394500732,5.03249979019165,5.150000095367432,4.868214130401611,5.0928568840026855,1430875600
2192,2008-09-22,3.9341354370117188,4.680356979370117,5.0089287757873535,4.666429042816162,4.997857093811035,856713200
2193,2008-09-23,3.8077518939971924,4.53000020980835,4.849999904632568,4.523571014404297,4.708929061889648,1280364400
2194,2008-09-24,3.863889455795288,4.596786022186279,4.676785945892334,4.4696431159973145,4.5453572273254395,1047015200
2195,2008-09-25,3.960552930831909,4.711785793304443,4.813929080963135,4.590000152587891,4.635714054107666,1006045600
2196,2008-09-26,3.849780559539795,4.579999923706055,4.635714054107666,4.392857074737549,4.461071014404297,1126451200
2197,2008-09-29,3.1599178314208984,3.7592859268188477,4.274285793304443,3.5924999713897705,4.2721428871154785,2622057200
2198,2008-09-30,3.412085771560669,4.059286117553711,4.107142925262451,3.796428918838501,3.8660709857940674,1626682400
2199,2008-10-01,3.2757959365844727,3.8971428871154785,4.012856960296631,3.8353569507598877,3.997143030166626,1296484000
2200,2008-10-02,3.005014181137085,3.575000047683716,3.885356903076172,3.5714290142059326,3.8575000762939453,1609364400
2201,2008-10-03,2.914052963256836,3.4667859077453613,3.8035709857940674,3.380357027053833,3.7142860889434814,2294398400
2202,2008-10-06,2.9461746215820312,3.505000114440918,3.5278570652008057,3.1264290809631348,3.2842860221862793,2107417200
2203,2008-10-07,2.6765942573547363,3.184286117553711,3.625,3.176785945892334,3.588571071624756,1878772000
2204,2008-10-08,2.6955060958862305,3.2067859172821045,3.440356969833374,3.059999942779541,3.068213939666748,2207741200
2205,2008-10-09,2.6639859676361084,3.169286012649536,3.421428918838501,3.0928568840026855,3.3339290618896484,1617383600
2206,2008-10-10,2.905947208404541,3.4571430683135986,3.5714290142059326,3.0357139110565186,3.06071400642395,2219299600
2207,2008-10-13,3.3100173473358154,3.937856912612915,3.947499990463257,3.6078569889068604,3.733928918838501,1539076000
2208,2008-10-14,3.1244945526123047,3.7171430587768555,4.1571431159973145,3.6835711002349854,4.1521430015563965,1980994400
2209,2008-10-15,2.940469741821289,3.49821400642395,3.8214290142059326,3.4960711002349854,3.708570957183838,1584175600
2210,2008-10-16,3.0587499141693115,3.6389288902282715,3.6939289569854736,3.2764289379119873,3.563214063644409,1980521200
2211,2008-10-17,2.9239587783813477,3.4785709381103516,3.6442859172821045,3.067500114440918,3.557142972946167,1762227600
2212,2008-10-20,2.9551801681518555,3.515713930130005,3.572499990463257,3.3442859649658203,3.563570976257324,1549170000
2213,2008-10-21,2.7465403079986572,3.2674999237060547,3.496428966522217,3.255713939666748,3.4625000953674316,2193660000
2214,2008-10-22,2.908048391342163,3.4596428871154785,3.6160709857940674,3.3189289569854736,3.4774999618530273,2248808800
2215,2008-10-23,2.948876142501831,3.508213996887207,3.544642925262451,3.2821431159973145,3.4467859268188477,1675430400
2216,2008-10-24,2.893338918685913,3.442142963409424,3.496428966522217,3.2182140350341797,3.2260708808898926,1590058400
2217,2008-10-27,2.764551877975464,3.288928985595703,3.486785888671875,3.2807140350341797,3.3953568935394287,1208771200
2218,2008-10-28,2.99931001663208,3.568213939666748,3.5892860889434814,3.29892897605896,3.4082140922546387,1634133200
2219,2008-10-29,3.138603687286377,3.733928918838501,3.9121429920196533,3.5692861080169678,3.6021430492401123,1950978400
2220,2008-10-30,3.333433151245117,3.9657139778137207,4.006785869598389,3.8432140350341797,3.865356922149658,1638089600
2221,2008-10-31,3.2298645973205566,3.8424999713897705,3.9564290046691895,3.755000114440918,3.835714101791382,1659756000
2222,2008-11-03,3.2109522819519043,3.819999933242798,3.8964290618896484,3.744999885559082,3.7832140922546387,1057938000
2223,2008-11-04,3.3319337368011475,3.9639289379119873,3.992500066757202,3.809643030166626,3.9282140731811523,1398681200
2224,2008-11-05,3.101079225540161,3.68928599357605,3.9185709953308105,3.6782140731811523,3.8896429538726807,1256455200
2225,2008-11-06,2.974993944168091,3.539285898208618,3.6707139015197754,3.5,3.608928918838501,1319074400
2226,2008-11-07,2.94917631149292,3.508570909500122,3.566071033477783,3.4185709953308105,3.544286012649536,1095253600
2227,2008-11-10,2.878328561782837,3.424285888671875,3.585714101791382,3.375,3.577500104904175,1123822000
2228,2008-11-11,2.8450067043304443,3.384643077850342,3.4703569412231445,3.2950000762939453,3.386070966720581,1224538000
2229,2008-11-12,2.705411911010742,3.2185709476470947,3.3299999237060547,3.2146430015563965,3.3010709285736084,1178976400
2230,2008-11-13,2.8951406478881836,3.4442861080169678,3.4442861080169678,3.072143077850342,3.2096428871154785,1854087200
2231,2008-11-14,2.7090156078338623,3.2228569984436035,3.356786012649536,3.2142860889434814,3.3485710620880127,1405266800
2232,2008-11-17,2.645972967147827,3.1478569507598877,3.233928918838501,3.116429090499878,3.1600000858306885,1162526400
2233,2008-11-18,2.6991090774536133,3.211071014404297,3.249643087387085,3.1021430492401123,3.2014288902282715,1209695200
2234,2008-11-19,2.5904364585876465,3.0817859172821045,3.270714044570923,3.0789289474487305,3.1942861080169678,1171900800
2235,2008-11-20,2.416318893432617,2.874643087387085,3.0875000953674316,2.857142925262451,3.044286012649536,1716814400
2236,2008-11-21,2.4790611267089844,2.9492859840393066,3.004286050796509,2.8264288902282715,2.9260709285736084,1569271200
2237,2008-11-24,2.790369749069214,3.319643020629883,3.385356903076172,3.0299999713897705,3.0432140827178955,1442257600
2238,2008-11-25,2.7258262634277344,3.242856979370117,3.382499933242798,3.148571014404297,3.379642963409424,1235292800
2239,2008-11-26,2.8519108295440674,3.392857074737549,3.4017860889434814,3.2089290618896484,3.2114291191101074,899836000
2240,2008-11-28,2.781964063644409,3.309643030166626,3.3842859268188477,3.2807140350341797,3.382143020629883,297774400
2241,2008-12-01,2.6696877479553223,3.1760709285736084,3.2953569889068604,3.1757140159606934,3.260714054107666,923767600
2242,2008-12-02,2.7759597301483154,3.302500009536743,3.308928966522217,3.0892860889434814,3.2153570652008057,1148722400
2243,2008-12-03,2.8789284229278564,3.424999952316284,3.436785936355591,3.171428918838501,3.192857027053833,1338680000
2244,2008-12-04,2.7441389560699463,3.2646429538726807,3.4003570079803467,3.1807138919830322,3.372499942779541,1091370000
2245,2008-12-05,2.8218908309936523,3.357142925262451,3.374643087387085,3.1735711097717285,3.226785898208618,1043795200
2246,2008-12-08,2.9936068058013916,3.561429023742676,3.5999999046325684,3.421428918838501,3.4742860794067383,1185142000
2247,2008-12-09,3.003812313079834,3.573570966720581,3.700000047683716,3.4717860221862793,3.5014290809631348,1203496000
2248,2008-12-10,2.948275089263916,3.507499933242798,3.5532140731811523,3.4464290142059326,3.495357036590576,938047600
2249,2008-12-11,2.8519108295440674,3.392857074737549,3.6157140731811523,3.3867859840393066,3.476785898208618,1040617200
2250,2008-12-12,2.950077772140503,3.509643077850342,3.5357139110565186,3.304642915725708,3.31428599357605,1041174400
2251,2008-12-15,2.8444061279296875,3.3839290142059326,3.4360709190368652,3.3214290142059326,3.4282140731811523,891758000
2252,2008-12-16,2.864819049835205,3.4082140922546387,3.445713996887207,3.3125,3.356429100036621,1093506400
2253,2008-12-17,2.6765942573547363,3.184286117553711,3.253571033477783,3.143570899963379,3.251070976257324,1293860400
2254,2008-12-18,2.684699773788452,3.1939289569854736,3.243928909301758,3.1585710048675537,3.189642906188965,857416000
2255,2008-12-19,2.701810598373413,3.2142860889434814,3.247857093811035,3.171428918838501,3.2121429443359375,801920000
2256,2008-12-22,2.5739245414733887,3.062143087387085,3.2153570652008057,3.0246429443359375,3.2149999141693115,844740400
2257,2008-12-23,2.593137502670288,3.0850000381469727,3.138214111328125,3.067857027053833,3.1024999618530273,635031600
2258,2008-12-24,2.5529110431671143,3.0371429920196533,3.080357074737549,3.0196430683135986,3.0764288902282715,271334000
2259,2008-12-26,2.57602596282959,3.064642906188965,3.122143030166626,3.044286012649536,3.0942859649658203,308324800
2260,2008-12-29,2.6000418663024902,3.0932140350341797,3.129286050796509,3.0382139682769775,3.0899999141693115,686000000
2261,2008-12-30,2.5904364585876465,3.0817859172821045,3.1446430683135986,3.0257139205932617,3.122143030166626,967601600
2262,2008-12-31,2.562216281890869,3.0482139587402344,3.133570909500122,3.0478570461273193,3.070357084274292,607541200
2263,2009-01-02,2.724325656890869,3.2410709857940674,3.2514290809631348,3.041429042816162,3.067142963409424,746015200
2264,2009-01-05,2.8393032550811768,3.377856969833374,3.434999942779541,3.3110709190368652,3.327500104904175,1181608400
2265,2009-01-06,2.7924721240997314,3.322143077850342,3.4703569412231445,3.299643039703369,3.426785945892334,1289310400
2266,2009-01-07,2.732130765914917,3.250356912612915,3.3035709857940674,3.2235710620880127,3.2789289951324463,753048800
2267,2009-01-08,2.782865047454834,3.31071400642395,3.3267860412597656,3.2157139778137207,3.2296431064605713,673500800
2268,2009-01-09,2.719221591949463,3.234999895095825,3.3350000381469727,3.2192859649658203,3.3289289474487305,546845600
2269,2009-01-12,2.661583185195923,3.166429042816162,3.249643087387085,3.12678599357605,3.2307140827178955,617716400
2270,2009-01-13,2.6330645084381104,3.132499933242798,3.2049999237060547,3.0839290618896484,3.1514289379119873,798397600
2271,2009-01-14,2.5616166591644287,3.047499895095825,3.1160709857940674,3.0257139205932617,3.0799999237060547,1021664000
2272,2009-01-15,2.5030767917633057,2.9778571128845215,3.004286050796509,2.858928918838501,2.877500057220459,1831634000
2273,2009-01-16,2.471557140350342,2.940356969833374,3.01357102394104,2.871428966522217,3.010714054107666,1047625600
2274,2009-01-20,2.3475730419158936,2.7928569316864014,2.9285709857940674,2.7928569316864014,2.9260709285736084,919914800
2275,2009-01-21,2.4865663051605225,2.958214044570923,2.9600000381469727,2.8324999809265137,2.8353569507598877,1089270000
2276,2009-01-22,2.6525771617889404,3.1557140350341797,3.2142860889434814,3.065000057220459,3.1442859172821045,1409528400
2277,2009-01-23,2.6525771617889404,3.1557140350341797,3.2096428871154785,3.0892860889434814,3.1007139682769775,763770000
2278,2009-01-26,2.6910037994384766,3.2014288902282715,3.248929023742676,3.1535708904266357,3.1735711097717285,692238400
2279,2009-01-27,2.723724842071533,3.240356922149658,3.2696430683135986,3.2049999237060547,3.2210710048675537,618038400
2280,2009-01-28,2.827895402908325,3.364285945892334,3.392857074737549,3.267857074737549,3.2899999618530273,861406000
2281,2009-01-29,2.7918717861175537,3.3214290142059326,3.369286060333252,3.307142972946167,3.3246428966522217,592729200
2282,2009-01-30,2.7057127952575684,3.2189290523529053,3.3435709476470947,3.2146430015563965,3.307142972946167,651478800
2283,2009-02-02,2.747141122817993,3.268213987350464,3.2857139110565186,3.174999952316284,3.182142972946167,558247200
2284,2009-02-03,2.7912704944610596,3.320713996887207,3.3350000381469727,3.2242860794067383,3.2828569412231445,599309200
2285,2009-02-04,2.8083815574645996,3.3410708904266357,3.4375,3.325000047683716,3.3292860984802246,808421600
2286,2009-02-05,2.895739793777466,3.444999933242798,3.4732139110565186,3.307857036590576,3.313214063644409,749246400
2287,2009-02-06,2.9936068058013916,3.561429023742676,3.5714290142059326,3.4642860889434814,3.4649999141693115,687209600
2288,2009-02-09,3.077362060546875,3.6610710620880127,3.6785709857940674,3.5535709857940674,3.5714290142059326,715010800
2289,2009-02-10,2.9368691444396973,3.493928909301758,3.6610710620880127,3.4664289951324463,3.618928909301758,849060800
2290,2009-02-11,2.9065475463867188,3.4578568935394287,3.511070966720581,3.4203569889068604,3.441786050796509,674973600
2291,2009-02-12,2.9800968170166016,3.5453569889068604,3.5625,3.422499895095825,3.422499895095825,817188400
2292,2009-02-13,2.976794719696045,3.541429042816162,3.5692861080169678,3.504286050796509,3.5353569984436035,608977600
2293,2009-02-17,2.837801218032837,3.376070976257324,3.4657139778137207,3.367142915725708,3.4596428871154785,678238400
2294,2009-02-18,2.8329994678497314,3.370357036590576,3.4232139587402344,3.311429023742676,3.3946430683135986,684779200
2295,2009-02-19,2.7210233211517334,3.237143039703369,3.3660709857940674,3.2182140350341797,3.3346428871154785,922804400
2296,2009-02-20,2.737834930419922,3.257143020629883,3.299999952316284,3.1785709857940674,3.192857027053833,750316000
2297,2009-02-23,2.610248565673828,3.1053569316864014,3.2857139110565186,3.0896430015563965,3.273214101791382,786982000
2298,2009-02-24,2.709315299987793,3.2232139110565186,3.2460711002349854,3.107142925262451,3.12321400642395,807105600
2299,2009-02-25,2.736633777618408,3.255713939666748,3.318571090698242,3.1875,3.2092859745025635,833053200
2300,2009-02-26,2.6774938106536865,3.185357093811035,3.318571090698242,3.177143096923828,3.2857139110565186,629868400
2301,2009-02-27,2.6810972690582275,3.189642906188965,3.260714054107666,3.131071090698242,3.14035701751709,706658400
2302,2009-03-02,2.6399686336517334,3.140713930130005,3.257143020629883,3.131071090698242,3.1471428871154785,770929600
2303,2009-03-03,2.6528778076171875,3.1560709476470947,3.2407140731811523,3.13857102394104,3.1760709285736084,724340400
2304,2009-03-04,2.736933708190918,3.256071090698242,3.313214063644409,3.194643020629883,3.2207140922546387,741403600
2305,2009-03-05,2.6669869422912598,3.1728570461273193,3.2810709476470947,3.1589291095733643,3.2307140827178955,706899200
2306,2009-03-06,2.560716390609741,3.046428918838501,3.1571431159973145,2.940356969833374,3.1549999713897705,1011147200
2307,2009-03-09,2.49497127532959,2.9682140350341797,3.128571033477783,2.9489290714263916,3.0064289569854736,698297600
2308,2009-03-10,2.6606826782226562,3.1653571128845215,3.184643030166626,3.012856960296631,3.0310709476470947,844258800
2309,2009-03-11,2.782263994216919,3.309999942779541,3.35964298248291,3.1992859840393066,3.2074999809265137,846372800
2310,2009-03-12,2.8924379348754883,3.441071033477783,3.4492859840393066,3.2857139110565186,3.317857027053833,768457200
2311,2009-03-13,2.8798294067382812,3.4260709285736084,3.4714291095733643,3.393213987350464,3.43928599357605,601168400
2312,2009-03-16,2.8645195960998535,3.4078569412231445,3.4782140254974365,3.3635709285736084,3.447499990463257,797244000
2313,2009-03-17,2.9918055534362793,3.559286117553711,3.560357093811035,3.3953568935394287,3.4014289379119873,786646000
2314,2009-03-18,3.047642230987549,3.625714063644409,3.695713996887207,3.561429023742676,3.568213939666748,796037200
2315,2009-03-19,3.050644874572754,3.629286050796509,3.68571400642395,3.580357074737549,3.637500047683716,500180800
2316,2009-03-20,3.049743413925171,3.628213882446289,3.682499885559082,3.5917859077453613,3.646070957183838,695587200
2317,2009-03-23,3.231966018676758,3.8450000286102295,3.8628571033477783,3.6339290142059326,3.6682140827178955,666397200
2318,2009-03-24,3.197143316268921,3.8035709857940674,3.9085710048675537,3.7639288902282715,3.7985711097717285,640612000
2319,2009-03-25,3.196842670440674,3.8032140731811523,3.869999885559082,3.7092859745025635,3.8421430587768555,646618000
2320,2009-03-26,3.2983107566833496,3.92392897605896,3.927856922149658,3.8421430587768555,3.8510708808898926,616252000
2321,2009-03-27,3.2076492309570312,3.816071033477783,3.876070976257324,3.799999952316284,3.865356922149658,492872800
2322,2009-03-30,3.1368024349212646,3.731786012649536,3.750356912612915,3.6646430492401123,3.7325000762939453,502796000
2323,2009-03-31,3.155714988708496,3.754286050796509,3.8375000953674316,3.75,3.766071081161499,570080000
2324,2009-04-01,3.262885808944702,3.8817861080169678,3.892857074737549,3.7103569507598877,3.7174999713897705,589372000
2325,2009-04-02,3.3835668563842773,4.025356769561768,4.098214149475098,3.9207139015197754,3.9335711002349854,812366800
2326,2009-04-03,3.4820334911346436,4.142499923706055,4.147500038146973,4.054286003112793,4.078214168548584,636241200
2327,2009-04-06,3.5558834075927734,4.2303571701049805,4.2410712242126465,4.045713901519775,4.105000019073486,658064400
2328,2009-04-07,3.4523134231567383,4.107142925262451,4.166786193847656,4.078214168548584,4.161786079406738,536580800
2329,2009-04-08,3.4919393062591553,4.154285907745361,4.1710710525512695,4.0921430587768555,4.122499942779541,455630000
2330,2009-04-09,3.589505672454834,4.270357131958008,4.285714149475098,4.212856769561768,4.229286193847656,530756800
2331,2009-04-13,3.609018325805664,4.2935709953308105,4.320713996887207,4.25,4.286070823669434,389236400
2332,2009-04-14,3.55168080329895,4.2253570556640625,4.291786193847656,4.1875,4.270357131958008,454622000
2333,2009-04-15,3.5315661430358887,4.2014288902282715,4.223214149475098,4.134285926818848,4.185713768005371,412882400
2334,2009-04-16,3.645942449569702,4.337500095367432,4.398213863372803,4.242499828338623,4.256785869598389,593446000
2335,2009-04-17,3.705082893371582,4.4078569412231445,4.4375,4.294642925262451,4.32785701751709,497495600
2336,2009-04-20,3.617424726486206,4.3035712242126465,4.392499923706055,4.255713939666748,4.347499847412109,466466000
2337,2009-04-21,3.6552491188049316,4.348570823669434,4.362143039703369,4.235713958740234,4.246070861816406,470685600
2338,2009-04-22,3.647745370864868,4.3396430015563965,4.476786136627197,4.32857084274292,4.379642963409424,938767200
2339,2009-04-23,3.7645225524902344,4.478570938110352,4.5428571701049805,4.411070823669434,4.5221428871154785,945156800
2340,2009-04-24,3.7194902896881104,4.425000190734863,4.46928596496582,4.391786098480225,4.4514288902282715,540764000
2341,2009-04-27,3.74440860748291,4.4546427726745605,4.464285850524902,4.380713939666748,4.389286041259766,480690000
2342,2009-04-28,3.7194902896881104,4.425000190734863,4.507500171661377,4.4021430015563965,4.4053568840026855,455856800
2343,2009-04-29,3.7567176818847656,4.46928596496582,4.5303568840026855,4.422500133514404,4.458929061889648,458110800
2344,2009-04-30,3.7774314880371094,4.493928909301758,4.535714149475098,4.461429119110107,4.507856845855713,498489600
2345,2009-05-01,3.819758653640747,4.544285774230957,4.569643020629883,4.492856979370117,4.492856979370117,397516000
2346,2009-05-04,3.9647581577301025,4.716785907745361,4.723214149475098,4.559999942779541,4.579999923706055,609358400
2347,2009-05-05,3.9839701652526855,4.739643096923828,4.744999885559082,4.682857036590576,4.705357074737549,398255200
2348,2009-05-06,3.9776663780212402,4.732142925262451,4.767857074737549,4.650713920593262,4.761785984039307,473538800
2349,2009-05-07,3.8743948936462402,4.609285831451416,4.728213787078857,4.567856788635254,4.726070880889893,531776000
2350,2009-05-08,3.8782992362976074,4.61392879486084,4.68678617477417,4.509285926818848,4.6085710525512695,467964000
2351,2009-05-11,3.889706611633301,4.627500057220459,4.677143096923828,4.539999961853027,4.548929214477539,404658800
2352,2009-05-12,3.735102415084839,4.443571090698242,4.632500171661377,4.401785850524902,4.627142906188965,609481600
2353,2009-05-13,3.5871028900146484,4.267499923706055,4.429286003112793,4.263570785522461,4.400356769561768,595971600
2354,2009-05-14,3.6909735202789307,4.39107084274292,4.411786079406738,4.275000095367432,4.277856826782227,447826400
2355,2009-05-15,3.6750619411468506,4.372142791748047,4.450714111328125,4.34321403503418,4.368570804595947,367567200
2356,2009-05-18,3.8020474910736084,4.523213863372803,4.525000095367432,4.341785907745361,4.418929100036621,458841600
2357,2009-05-19,3.8260648250579834,4.551785945892334,4.618214130401611,4.490714073181152,4.529285907745361,372422400
2358,2009-05-20,3.7786312103271484,4.495357036590576,4.614643096923828,4.474999904632568,4.55821418762207,388584000
2359,2009-05-21,3.727898359298706,4.434999942779541,4.527856826782227,4.3889288902282715,4.4696431159973145,407946000
2360,2009-05-22,3.677464246749878,4.375,4.434999942779541,4.348214149475098,4.430356979370117,297998400
2361,2009-05-26,3.926029920578003,4.670713901519775,4.672500133514404,4.448214054107666,4.455714225769043,636927200
2362,2009-05-27,3.9941763877868652,4.751786231994629,4.820713996887207,4.675356864929199,4.7064290046691895,646422000
2363,2009-05-28,4.054817199707031,4.8239288330078125,4.835357189178467,4.715356826782227,4.76607084274292,487552800
2364,2009-05-29,4.077033996582031,4.8503570556640625,4.853570938110352,4.7803568840026855,4.835357189178467,456534400
2365,2009-06-01,4.183304309844971,4.976786136627197,4.999642848968506,4.857142925262451,4.873929023742676,452499600
2366,2009-06-02,4.187506675720215,4.981785774230957,5.04785680770874,4.941071033477783,4.963929176330566,456223600
2367,2009-06-03,4.231337070465088,5.033928871154785,5.039642810821533,4.966785907745361,5.0,565199600
2368,2009-06-04,4.315089702606201,5.133571147918701,5.149285793304443,5.001429080963135,5.004642963409424,550634000
2369,2009-06-05,4.3430094718933105,5.166786193847656,5.228570938110352,5.114643096923828,5.189642906188965,632716000
2370,2009-06-08,4.318392276763916,5.137499809265137,5.151071071624756,4.979642868041992,5.1364288330078125,931652400
2371,2009-06-09,4.284471035003662,5.097143173217773,5.1628570556640625,5.0196428298950195,5.13607120513916,676964400
2372,2009-06-10,4.21032190322876,5.0089287757873535,5.083929061889648,4.939286231994629,5.0814290046691895,688623600
2373,2009-06-11,4.201314926147461,4.998213768005371,5.055714130401611,4.948214054107666,4.98392915725708,524823600
2374,2009-06-12,4.111856937408447,4.891786098480225,4.9678568840026855,4.8585710525512695,4.957499980926514,563085600
2375,2009-06-15,4.085437297821045,4.86035680770874,4.89035701751709,4.817500114440918,4.857500076293945,539750400
2376,2009-06-16,4.09324312210083,4.869643211364746,4.945356845855713,4.860713958740234,4.880713939666748,514805200
2377,2009-06-17,4.070127964019775,4.8421430587768555,4.908928871154785,4.804643154144287,4.881071090698242,571412800
2378,2009-06-18,4.0791335105896,4.8528571128845215,4.9285712242126465,4.84250020980835,4.8610711097717285,427680400
2379,2009-06-19,4.187206745147705,4.981429100036621,4.982142925262451,4.889286041259766,4.931070804595947,721856800
2380,2009-06-22,4.12386417388916,4.906071186065674,5.055714130401611,4.868928909301758,5.023929119110107,634914000
2381,2009-06-23,4.022995948791504,4.786070823669434,4.89107084274292,4.74571418762207,4.871428966522217,706532400
2382,2009-06-24,4.089339256286621,4.864999771118164,4.910714149475098,4.816429138183594,4.836429119110107,485525600
2383,2009-06-25,4.198612689971924,4.994999885559082,5.007143020629883,4.8289289474487305,4.848214149475098,589447600
2384,2009-06-26,4.276066303253174,5.0871429443359375,5.127142906188965,4.990714073181152,4.992499828338623,439384400
2385,2009-06-29,4.261955738067627,5.070356845855713,5.14107084274292,5.054999828338623,5.123570919036865,567616000
2386,2009-06-30,4.275765895843506,5.086785793304443,5.135714054107666,5.064286231994629,5.0921430587768555,434224000
2387,2009-07-01,4.287772178649902,5.101070880889893,5.166429042816162,5.090000152587891,5.125,414178800
2388,2009-07-02,4.203415393829346,5.00071382522583,5.101070880889893,4.992499828338623,5.044642925262451,370479200
2389,2009-07-06,4.161087989807129,4.950356960296631,4.963929176330566,4.8660712242126465,4.95357084274292,498688400
2390,2009-07-07,4.064724445343018,4.835713863372803,4.9885711669921875,4.82785701751709,4.945713996887207,461596800
2391,2009-07-08,4.119359970092773,4.900713920593262,4.929999828338623,4.800714015960693,4.854286193847656,575929200
2392,2009-07-09,4.093543529510498,4.869999885559082,4.928214073181152,4.854642868041992,4.920000076293945,343025200
2393,2009-07-10,4.158384799957275,4.947143077850342,4.963213920593262,4.868570804595947,4.869286060333252,445275600
2394,2009-07-13,4.273060321807861,5.083570957183838,5.083570957183838,4.911786079406738,4.9835710525512695,483501200
2395,2009-07-14,4.270962715148926,5.081070899963379,5.1135711669921875,5.041429042816162,5.072500228881836,347247600
2396,2009-07-15,4.409353256225586,5.24571418762207,5.25,5.154285907745361,5.179999828338623,485587200
2397,2009-07-16,4.428569316864014,5.268570899963379,5.286428928375244,5.1989288330078125,5.205714225769043,393570800
2398,2009-07-17,4.555552005767822,5.419642925262451,5.429286003112793,5.30821418762207,5.324285984039307,602154000
2399,2009-07-20,4.590376853942871,5.461071014404297,5.537143230438232,5.3889288902282715,5.473928928375244,735526400
2400,2009-07-21,4.548346519470215,5.411070823669434,5.479642868041992,5.348214149475098,5.474643230438232,874781600
2401,2009-07-22,4.705353736877441,5.5978569984436035,5.668929100036621,5.575356960296631,5.635356903076172,874104000
2402,2009-07-23,4.737775802612305,5.6364288330078125,5.658570766448975,5.555714130401611,5.593928813934326,526962800
2403,2009-07-24,4.802918434143066,5.713929176330566,5.714285850524902,5.589285850524902,5.6053571701049805,438362400
2404,2009-07-27,4.80621862411499,5.7178568840026855,5.74571418762207,5.616428852081299,5.7203569412231445,433311200
2405,2009-07-28,4.803218364715576,5.714285850524902,5.7178568840026855,5.628571033477783,5.674285888671875,363554800
2406,2009-07-29,4.804119110107422,5.715356826782227,5.7303571701049805,5.651785850524902,5.675000190734863,382158000
2407,2009-07-30,4.886975288391113,5.813929080963135,5.882856845855713,5.767857074737549,5.775000095367432,469604800
2408,2009-07-31,4.904988765716553,5.835357189178467,5.892857074737549,5.818213939666748,5.821071147918701,422536800
2409,2009-08-03,4.996248722076416,5.943929195404053,5.9514288902282715,5.888214111328125,5.900356769561768,394240000
2410,2009-08-04,4.969830513000488,5.912499904632568,5.913214206695557,5.864643096923828,5.89035701751709,395810800
2411,2009-08-05,4.956621170043945,5.896786212921143,5.978213787078857,5.864643096923828,5.919642925262451,423183600
2412,2009-08-06,4.920598030090332,5.853929042816162,5.946785926818848,5.824643135070801,5.913570880889893,341616800
2413,2009-08-07,4.968628883361816,5.911070823669434,5.949999809265137,5.885714054107666,5.9103569984436035,387354800
2414,2009-08-10,4.944914817810059,5.882856845855713,5.949999809265137,5.84499979019165,5.916429042816162,300294400
2415,2009-08-11,4.8881754875183105,5.815357208251953,5.87071418762207,5.781428813934326,5.846070766448975,355342400
2416,2009-08-12,4.962625980377197,5.903929233551025,5.9539289474487305,5.802143096923828,5.805356979370117,445071200
2417,2009-08-13,5.05598783493042,6.014999866485596,6.023929119110107,5.9464287757873535,5.951786041259766,439980800
2418,2009-08-14,5.006752014160156,5.9564290046691895,6.008213996887207,5.911786079406738,5.997857093811035,305816000
2419,2009-08-17,4.790909767150879,5.699643135070801,5.84250020980835,5.693571090698242,5.841071128845215,524381200
2420,2009-08-18,4.923299789428711,5.857142925262451,5.865714073181152,5.76464319229126,5.772500038146973,431152400
2421,2009-08-19,4.941309928894043,5.878571033477783,5.903571128845215,5.801785945892334,5.8125,413271600
2422,2009-08-20,4.993247032165527,5.940357208251953,5.954286098480225,5.878929138183594,5.8921427726745605,342031200
2423,2009-08-21,5.080004692077637,6.0435709953308105,6.048929214477539,5.9571428298950195,5.987500190734863,416074400
2424,2009-08-24,5.075201034545898,6.0378570556640625,6.096786022186279,6.009643077850342,6.075714111328125,406929600
2425,2009-08-25,5.085407733917236,6.050000190734863,6.105000019073486,6.0403571128845215,6.052143096923828,324354800
2426,2009-08-26,5.025668621063232,5.978929042816162,6.055356979370117,5.955714225769043,6.0328569412231445,303998800
2427,2009-08-27,5.08690881729126,6.051785945892334,6.056070804595947,5.886785984039307,6.026785850524902,449181600
2428,2009-08-28,5.104920864105225,6.073214054107666,6.1603569984436035,6.0189290046691895,6.152500152587891,453700800
2429,2009-08-31,5.0496826171875,6.007500171661377,6.0303568840026855,5.9464287757873535,6.005713939666748,311337600
2430,2009-09-01,4.962325572967529,5.903571128845215,6.0714287757873535,5.890714168548584,5.999642848968506,469028000
2431,2009-09-02,4.9587225914001465,5.899285793304443,5.9860711097717285,5.8610711097717285,5.87928581237793,364249200
2432,2009-09-03,4.999849796295166,5.948214054107666,5.9678568840026855,5.892857074737549,5.944285869598389,293955200
2433,2009-09-04,5.112726211547852,6.082499980926514,6.096428871154785,5.96750020980835,5.974286079406738,374628800
2434,2009-09-08,5.191376686096191,6.1760711669921875,6.183570861816406,6.142857074737549,6.177856922149658,315047600
2435,2009-09-09,5.137642860412598,6.112143039703369,6.2310709953308105,6.060713768005371,6.170713901519775,811087200
2436,2009-09-10,5.180272579193115,6.1628570556640625,6.1875,6.1003570556640625,6.144999980926514,491134000
2437,2009-09-11,5.168264389038086,6.148571014404297,6.184999942779541,6.102499961853027,6.175356864929199,348961200
2438,2009-09-14,5.215094089508057,6.204286098480225,6.210713863372803,6.080357074737549,6.101070880889893,322011200
2439,2009-09-15,5.258324146270752,6.255713939666748,6.273213863372803,6.199643135070801,6.215713977813721,426470800
2440,2009-09-16,5.459758281707764,6.495357036590576,6.526785850524902,6.3528571128845215,6.356785774230957,754023200
2441,2009-09-17,5.540212631225586,6.591071128845215,6.6710710525512695,6.498929023742676,6.49928617477417,810572000
2442,2009-09-18,5.554322719573975,6.6078572273254395,6.662499904632568,6.598570823669434,6.636785984039307,601582800
2443,2009-09-21,5.524301052093506,6.572143077850342,6.612856864929199,6.486429214477539,6.581786155700684,437715600
2444,2009-09-22,5.538106918334961,6.588571071624756,6.62071418762207,6.5303568840026855,6.61392879486084,356753600
2445,2009-09-23,5.568729877471924,6.625,6.746428966522217,6.608213901519775,6.621428966522217,593563600
2446,2009-09-24,5.5182976722717285,6.565000057220459,6.70357084274292,6.527500152587891,6.685713768005371,550880400
2447,2009-09-25,5.47476863861084,6.513214111328125,6.625,6.480000019073486,6.500357151031494,445239200
2448,2009-09-28,5.58824348449707,6.648213863372803,6.667142868041992,6.547500133514404,6.56678581237793,337444800
2449,2009-09-29,5.565128803253174,6.62071418762207,6.692856788635254,6.582499980926514,6.668929100036621,345385600
2450,2009-09-30,5.564228057861328,6.619643211364746,6.658928871154785,6.521786212921143,6.647500038146973,539585200
2451,2009-10-01,5.429437637329102,6.459286212921143,6.650713920593262,6.45357084274292,6.619643211364746,524711600
2452,2009-10-02,5.550719738006592,6.603570938110352,6.640714168548584,6.476786136627197,6.478929042816162,553308000
2453,2009-10-05,5.584343433380127,6.643570899963379,6.6735711097717285,6.581070899963379,6.650000095367432,423133200
2454,2009-10-06,5.704123497009277,6.786070823669434,6.786070823669434,6.689286231994629,6.704999923706055,605085600
2455,2009-10-07,5.7113261222839355,6.794642925262451,6.805356979370117,6.751070976257324,6.7771430015563965,465668000
2456,2009-10-08,5.681907653808594,6.759643077850342,6.837500095367432,6.746070861816406,6.809286117553711,438211200
2457,2009-10-09,5.717929840087891,6.802499771118164,6.810713768005371,6.736429214477539,6.748929023742676,293272000
2458,2009-10-12,5.728138446807861,6.814642906188965,6.8396430015563965,6.772857189178467,6.822143077850342,288024800
2459,2009-10-13,5.704422950744629,6.786428928375244,6.827499866485596,6.775000095367432,6.80821418762207,348020400
2460,2009-10-14,5.742546081542969,6.831786155700684,6.868570804595947,6.793929100036621,6.8660712242126465,375510800
2461,2009-10-15,5.720633029937744,6.805714130401611,6.818571090698242,6.7689290046691895,6.772500038146973,373556400
2462,2009-10-16,5.645280838012695,6.716071128845215,6.7985711097717285,6.708570957183838,6.762499809265137,431426800
2463,2009-10-19,5.699619770050049,6.78071403503418,6.785714149475098,6.626786231994629,6.708929061889648,942230800
2464,2009-10-20,5.966798305511475,7.098570823669434,7.205357074737549,7.066071033477783,7.164286136627197,1141039200
2465,2009-10-21,6.151722431182861,7.318571090698242,7.4539289474487305,7.115356922149658,7.12571382522583,1193726800
2466,2009-10-22,6.160128116607666,7.32857084274292,7.423213958740234,7.232500076293945,7.310713768005371,791392000
2467,2009-10-23,6.1223015785217285,7.283570766448975,7.349999904632568,7.258213996887207,7.346428871154785,420786800
2468,2009-10-26,6.078473091125488,7.231429100036621,7.3839287757873535,7.146429061889648,7.273929119110107,484338400
2469,2009-10-27,5.925072193145752,7.048929214477539,7.243214130401611,7.01607084274292,7.20214319229126,756551600
2470,2009-10-28,5.775872230529785,6.871428966522217,7.072143077850342,6.824999809265137,7.061070919036865,818386800
2471,2009-10-29,5.894449710845947,7.012499809265137,7.028929233551025,6.862143039703369,6.964285850524902,570270400
2472,2009-10-30,5.658792495727539,6.732142925262451,7.028571128845215,6.7203569412231445,7.002142906188965,717525200
2473,2009-11-02,5.683109283447266,6.76107120513916,6.888570785522461,6.627500057220459,6.778571128845215,678983200
2474,2009-11-03,5.6662983894348145,6.7410712242126465,6.768570899963379,6.639999866485596,6.708929061889648,522541600
2475,2009-11-04,5.728138446807861,6.814642906188965,6.923213958740234,6.793929100036621,6.81178617477417,487530400
2476,2009-11-05,5.824802875518799,6.929643154144287,6.964285850524902,6.850714206695557,6.871428966522217,384801200
2477,2009-11-06,5.834107875823975,6.940713882446289,6.971070766448975,6.871428966522217,6.875357151031494,295097600
2478,2009-11-09,6.047850608825684,7.195000171661377,7.210713863372803,7.009285926818848,7.033570766448975,528855600
2479,2009-11-10,6.093482494354248,7.24928617477417,7.320713996887207,7.178928852081299,7.179286003112793,401195200
2480,2009-11-11,6.101588249206543,7.2589287757873535,7.3214287757873535,7.208213806152344,7.305714130401611,443870000
2481,2009-11-12,6.0637640953063965,7.213929176330566,7.31678581237793,7.193929195404053,7.255000114440918,363731200
2482,2009-11-13,6.137612819671631,7.301785945892334,7.315357208251953,7.216785907745361,7.245357036590576,343240800
2483,2009-11-16,6.203058242797852,7.379642963409424,7.4285712242126465,7.321785926818848,7.338571071624756,485206400
2484,2009-11-17,6.214165210723877,7.392857074737549,7.408570766448975,7.3214287757873535,7.360000133514404,396513600
2485,2009-11-18,6.1829423904418945,7.355713844299316,7.392857074737549,7.285714149475098,7.376429080963135,374320800
2486,2009-11-19,6.01933479309082,7.161070823669434,7.307499885559082,7.135714054107666,7.307499885559082,542326400
2487,2009-11-20,6.001623153686523,7.139999866485596,7.15678596496582,7.062857151031494,7.112500190734863,406666400
2488,2009-11-23,6.180543422698975,7.3528571128845215,7.357142925262451,7.248213768005371,7.25,474896800
2489,2009-11-24,6.1373114585876465,7.30142879486084,7.3528571128845215,7.246428966522217,7.333213806152344,318438400
2490,2009-11-25,6.12980842590332,7.292500019073486,7.3446431159973145,7.2771430015563965,7.335713863372803,286454000
2491,2009-11-27,6.021735668182373,7.163928985595703,7.248570919036865,7.0846428871154785,7.114999771118164,295257200
2492,2009-11-30,6.001321792602539,7.13964319229126,7.20285701751709,7.098928928375244,7.182499885559082,424858000
2493,2009-12-01,5.91306209564209,7.034643173217773,7.241786003112793,7.0296430587768555,7.2228569984436035,465763200
2494,2009-12-02,5.8908467292785645,7.008213996887207,7.193571090698242,6.9910712242126465,7.105713844299316,715260000
2495,2009-12-03,5.898353099822998,7.0171427726745605,7.106429100036621,7.009643077850342,7.050714015960693,448719600
2496,2009-12-04,5.80349063873291,6.904285907745361,7.138570785522461,6.795713901519775,7.132143020629883,826884800
2497,2009-12-07,5.67230224609375,6.748213768005371,6.9203572273254395,6.7385711669921875,6.904285907745361,714758800
2498,2009-12-08,5.699919700622559,6.781071186065674,6.869643211364746,6.739285945892334,6.762856960296631,690398800
2499,2009-12-09,5.9379801750183105,7.064286231994629,7.07714319229126,6.796785831451416,6.8314290046691895,684782000
2500,2009-12-10,5.896852970123291,7.01535701751709,7.132143020629883,7.00428581237793,7.125,489669600
2501,2009-12-11,5.844016075134277,6.952499866485596,7.0714287757873535,6.908214092254639,7.063570976257324,429774800
2502,2009-12-14,5.913362979888916,7.034999847412109,7.0510711669921875,6.877142906188965,6.977499961853027,495790400
2503,2009-12-15,5.829006195068359,6.934642791748047,7.053928852081299,6.902500152587891,6.993928909301758,419459600
2504,2009-12-16,5.854824066162109,6.965356826782227,7.017857074737549,6.948214054107666,6.9678568840026855,352984800
2505,2009-12-17,5.759659767150879,6.852142810821533,6.964285850524902,6.8214287757873535,6.937857151031494,388838800
2506,2009-12-18,5.866830825805664,6.979642868041992,6.982142925262451,6.878571033477783,6.898929119110107,608770400
2507,2009-12-21,5.950887680053711,7.0796427726745605,7.1339287757873535,6.988214015960693,7.001786231994629,611906400
2508,2009-12-22,6.01483154296875,7.15571403503418,7.173213958740234,7.09499979019165,7.122857093811035,349515600
2509,2009-12-23,6.0670647621154785,7.2178568840026855,7.2278571128845215,7.171785831451416,7.185713768005371,345525600
2510,2009-12-24,6.275406360626221,7.465713977813721,7.476786136627197,7.262499809265137,7.2696428298950195,500889200
2511,2009-12-28,6.3525590896606445,7.557499885559082,7.64107084274292,7.4860711097717285,7.561429023742676,644565600
2512,2009-12-29,6.2772064208984375,7.4678568840026855,7.597143173217773,7.4546427726745605,7.593928813934326,445205600
2513,2009-12-30,6.353457450866699,7.558570861816406,7.5714287757873535,7.439642906188965,7.458213806152344,412084400
2514,2009-12-31,6.326138973236084,7.526071071624756,7.619643211364746,7.519999980926514,7.611785888671875,352410800
2515,2010-01-04,6.424605369567871,7.643214225769043,7.660714149475098,7.585000038146973,7.622499942779541,493729600
2516,2010-01-05,6.4357123374938965,7.656428813934326,7.699643135070801,7.6160712242126465,7.664286136627197,601904800
2517,2010-01-06,6.333343982696533,7.534643173217773,7.68678617477417,7.526785850524902,7.656428813934326,552160000
2518,2010-01-07,6.321638107299805,7.520713806152344,7.5714287757873535,7.466071128845215,7.5625,477131200
2519,2010-01-08,6.3636627197265625,7.570713996887207,7.5714287757873535,7.466429233551025,7.510714054107666,447610800
2520,2010-01-11,6.307528495788574,7.503929138183594,7.607142925262451,7.444643020629883,7.599999904632568,462229600
2521,2010-01-12,6.235778331756592,7.4185709953308105,7.491786003112793,7.372142791748047,7.471070766448975,594459600
2522,2010-01-13,6.32373571395874,7.523213863372803,7.533214092254639,7.289286136627197,7.423929214477539,605892000
2523,2010-01-14,6.287110805511475,7.479642868041992,7.5164289474487305,7.465000152587891,7.503929138183594,432894000
2524,2010-01-15,6.182043075561523,7.354642868041992,7.557143211364746,7.352499961853027,7.533214092254639,594067600
2525,2010-01-19,6.455524444580078,7.679999828338623,7.685357093811035,7.401429176330566,7.440357208251953,730007600
2526,2010-01-20,6.356159687042236,7.56178617477417,7.698214054107666,7.482142925262451,7.675356864929199,612152800
2527,2010-01-21,6.2462849617004395,7.431070804595947,7.618214130401611,7.400356769561768,7.574285984039307,608154400
2528,2010-01-22,5.936479091644287,7.0625,7.410714149475098,7.041429042816162,7.385000228881836,881767600
2529,2010-01-25,6.096185684204102,7.252500057220459,7.310713768005371,7.1496429443359375,7.232500076293945,1065699600
2530,2010-01-26,6.182343482971191,7.355000019073486,7.632500171661377,7.235000133514404,7.3553571701049805,1867110000
2531,2010-01-27,6.2405829429626465,7.424285888671875,7.520713806152344,7.126070976257324,7.387499809265137,1722568400
2532,2010-01-28,5.98270845413208,7.117499828338623,7.339285850524902,7.096428871154785,7.318929195404053,1173502400
2533,2010-01-29,5.765665054321289,6.859285831451416,7.221428871154785,6.794642925262451,7.181428909301758,1245952400
2534,2010-02-01,5.845818042755127,6.9546427726745605,7.0,6.8321428298950195,6.870357036590576,749876400
2535,2010-02-02,5.879741191864014,6.994999885559082,7.0114288330078125,6.906428813934326,6.996786117553711,698342400
2536,2010-02-03,5.980907917022705,7.115356922149658,7.150000095367432,6.943571090698242,6.9703569412231445,615328000
2537,2010-02-04,5.765364170074463,6.85892915725708,7.0846428871154785,6.841785907745361,7.026071071624756,757652000
2538,2010-02-05,5.867729663848877,6.980713844299316,7.0,6.816071033477783,6.879642963409424,850306800
2539,2010-02-08,5.827505111694336,6.932857036590576,7.067142963409424,6.9285712242126465,6.98892879486084,478270800
2540,2010-02-09,5.889647006988525,7.006785869598389,7.0535712242126465,6.955357074737549,7.014999866485596,632886800
2541,2010-02-10,5.8575239181518555,6.968571186065674,7.021429061889648,6.937857151031494,6.996070861816406,370361600
2542,2010-02-11,5.964097023010254,7.0953569412231445,7.1339287757873535,6.930714130401611,6.960000038146973,550345600
2543,2010-02-12,6.0154314041137695,7.156428813934326,7.2014288902282715,6.982142925262451,7.075356960296631,655468800
2544,2010-02-16,6.106092929840088,7.264286041259766,7.2746429443359375,7.197143077850342,7.2121429443359375,543737600
2545,2010-02-17,6.080576419830322,7.23392915725708,7.296785831451416,7.1735711097717285,7.292500019073486,436396800
2546,2010-02-18,6.091982841491699,7.247499942779541,7.28178596496582,7.175714015960693,7.201070785522461,422825200
2547,2010-02-19,6.0541558265686035,7.202499866485596,7.257143020629883,7.182499885559082,7.209286212921143,415469600
2548,2010-02-22,6.016631126403809,7.1578569412231445,7.232142925262451,7.11392879486084,7.226428985595703,390563600
2549,2010-02-23,5.915764331817627,7.0378570556640625,7.190357208251953,6.989643096923828,7.142857074737549,575094800
2550,2010-02-24,6.023836612701416,7.166429042816162,7.194285869598389,7.065713882446289,7.0796427726745605,460566400
2551,2010-02-25,6.0640645027160645,7.214285850524902,7.244999885559082,7.03178596496582,7.049285888671875,665126000
2552,2010-02-26,6.142716407775879,7.307857036590576,7.327499866485596,7.214285850524902,7.2278571128845215,507460800
2553,2010-03-01,6.273904323577881,7.463929176330566,7.482142925262451,7.337500095367432,7.348214149475098,550093600
2554,2010-03-02,6.2697014808654785,7.458929061889648,7.5296430587768555,7.419285774230957,7.497499942779541,566546400
2555,2010-03-03,6.2841105461120605,7.476070880889893,7.495357036590576,7.42642879486084,7.4621429443359375,372052800
2556,2010-03-04,6.325537204742432,7.525356769561768,7.5328569412231445,7.451070785522461,7.474286079406738,366041200
2557,2010-03-05,6.572903633117676,7.819643020629883,7.846428871154785,7.6653571128845215,7.67642879486084,899620400
2558,2010-03-08,6.576807022094727,7.824285984039307,7.86035680770874,7.794642925262451,7.857500076293945,429889600
2559,2010-03-09,6.695087432861328,7.965000152587891,8.035714149475098,7.78178596496582,7.796785831451416,920259200
2560,2010-03-10,6.749724864959717,8.029999732971191,8.052857398986816,7.971428871154785,7.993928909301758,596218000
2561,2010-03-11,6.769536018371582,8.053570747375488,8.053570747375488,7.975714206695557,7.996786117553711,405700400
2562,2010-03-12,6.802557468414307,8.092857360839844,8.133213996887207,8.0625,8.120356559753418,416323600
2563,2010-03-15,6.719703674316406,7.994286060333252,8.053570747375488,7.8660712242126465,8.049285888671875,493502800
2564,2010-03-16,6.738014221191406,8.016071319580078,8.03499984741211,7.946785926818848,8.006428718566895,446908000
2565,2010-03-17,6.728108882904053,8.00428581237793,8.087499618530273,7.973928928375244,8.032142639160156,450956800
2566,2010-03-18,6.744018077850342,8.023214340209961,8.035714149475098,7.950356960296631,8.003570556640625,342109600
2567,2010-03-19,6.671970367431641,7.9375,8.044285774230957,7.901071071624756,8.028214454650879,559445600
2568,2010-03-22,6.747020721435547,8.026785850524902,8.071429252624512,7.862500190734863,7.873929023742676,456419600
2569,2010-03-23,6.855393886566162,8.15571403503418,8.170714378356934,8.003570556640625,8.058570861816406,602431200
2570,2010-03-24,6.885715484619141,8.19178581237793,8.221428871154785,8.125356674194336,8.130000114440918,597780400
2571,2010-03-25,6.8040595054626465,8.094642639160156,8.248929023742676,8.08035659790039,8.247142791748047,542284400
2572,2010-03-26,6.931645393371582,8.246429443359375,8.283928871154785,8.162500381469727,8.176786422729492,640875200
2573,2010-03-29,6.976374626159668,8.299642562866211,8.352499961853027,8.272143363952637,8.321429252624512,540744400
2574,2010-03-30,7.0802459716796875,8.423213958740234,8.481429100036621,8.366070747375488,8.449999809265137,527310000
2575,2010-03-31,7.054727554321289,8.39285659790039,8.450357437133789,8.373571395874023,8.410357475280762,430659600
2576,2010-04-01,7.0838470458984375,8.427499771118164,8.526070594787598,8.3125,8.478928565979004,603145200
2577,2010-04-05,7.159496784210205,8.517499923706055,8.518214225769043,8.384642601013184,8.392143249511719,684507600
2578,2010-04-06,7.191016674041748,8.555000305175781,8.579999923706055,8.464285850524902,8.507143020629883,447017200
2579,2010-04-07,7.222840309143066,8.592857360839844,8.640000343322754,8.523571014404297,8.555356979370117,628502000
2580,2010-04-08,7.203326225280762,8.569643020629883,8.626428604125977,8.501428604125977,8.587142944335938,572989200
2581,2010-04-09,7.25856351852417,8.635356903076172,8.63892936706543,8.587857246398926,8.6225004196167,334182800
2582,2010-04-12,7.273574352264404,8.653214454650879,8.681071281433105,8.63607120513916,8.649999618530273,333026400
2583,2010-04-13,7.277776718139648,8.65821361541748,8.671428680419922,8.61107063293457,8.637857437133789,306210800
2584,2010-04-14,7.375642776489258,8.774642944335938,8.778928756713867,8.71678638458252,8.760000228881836,404076400
2585,2010-04-15,7.472607135772705,8.890000343322754,8.893928527832031,8.768214225769043,8.777856826782227,376784800
2586,2010-04-16,7.426976203918457,8.835714340209961,8.96928596496582,8.733928680419922,8.8774995803833,750545600
2587,2010-04-19,7.417068004608154,8.823928833007812,8.853214263916016,8.634642601013184,8.822500228881836,566924400
2588,2010-04-20,7.342616081237793,8.735357284545898,8.901785850524902,8.677143096923828,8.876428604125977,738326400
2589,2010-04-21,7.78181266784668,9.257857322692871,9.29464340209961,9.133213996887207,9.242856979370117,982391200
2590,2010-04-22,7.999459743499756,9.516785621643066,9.526785850524902,9.149999618530273,9.222857475280762,793424800
2591,2010-04-23,8.130349159240723,9.672499656677246,9.72071361541748,9.535714149475098,9.571070671081543,796955600
2592,2010-04-26,8.090420722961426,9.625,9.730713844299316,9.578213691711426,9.710000038146973,479068800
2593,2010-04-27,7.866471767425537,9.35857105255127,9.565713882446289,9.304286003112793,9.545356750488281,709343600
2594,2010-04-28,7.853262901306152,9.342857360839844,9.428570747375488,9.157500267028809,9.401785850524902,758402400
2595,2010-04-29,8.064604759216309,9.59428596496582,9.64285659790039,9.357500076293945,9.393570899963379,558840800
2596,2010-04-30,7.837953090667725,9.3246431350708,9.663213729858398,9.321429252624512,9.618213653564453,542463600
2597,2010-05-03,7.995859146118164,9.512499809265137,9.567143440246582,9.388570785522461,9.422857284545898,454342000
2598,2010-05-04,7.7656049728393555,9.238571166992188,9.403214454650879,9.16964340209961,9.38892936706543,723819600
2599,2010-05-05,7.684848785400391,9.142499923706055,9.21928596496582,8.883213996887207,9.036786079406738,883103200
2600,2010-05-06,7.392455101013184,8.79464340209961,9.223214149475098,7.1160712242126465,9.065357208251953,1285860800
2601,2010-05-07,7.080543518066406,8.42357063293457,8.806071281433105,8.043213844299316,8.70392894744873,1676018400
2602,2010-05-10,7.6248064041137695,9.071070671081543,9.094642639160156,8.876070976257324,8.9375,984306400
2603,2010-05-11,7.700760364532471,9.161429405212402,9.28178596496582,8.946429252624512,8.994285583496094,848906800
2604,2010-05-12,7.867969512939453,9.360357284545898,9.397500038146973,9.239286422729492,9.258570671081543,654379600
2605,2010-05-13,7.756000518798828,9.227143287658691,9.464285850524902,9.157142639160156,9.400713920593262,599712400
2606,2010-05-14,7.619704723358154,9.0649995803833,9.15999984741211,8.910714149475098,9.1128568649292,759362800
2607,2010-05-17,7.631717205047607,9.079285621643066,9.149286270141602,8.846785545349121,9.096428871154785,762834800
2608,2010-05-18,7.575878143310547,9.012857437133789,9.233928680419922,8.937856674194336,9.177857398986816,782678400
2609,2010-05-19,7.455197334289551,8.869285583496094,9.032856941223145,8.744643211364746,8.910714149475098,1025726800
2610,2010-05-20,7.137581825256348,8.491429328918457,8.708929061889648,8.436071395874023,8.638570785522461,1282915200
2611,2010-05-21,7.274476051330566,8.65428638458252,8.73214340209961,8.262499809265137,8.3149995803833,1223891200
2612,2010-05-24,7.407763481140137,8.812856674194336,8.960714340209961,8.795000076293945,8.831428527832031,754238800
2613,2010-05-25,7.361530780792236,8.757857322692871,8.812856674194336,8.470000267028809,8.548213958740234,1048006400
2614,2010-05-26,7.328211784362793,8.71821403503418,9.004643440246582,8.70535659790039,8.931428909301758,850654000
2615,2010-05-27,7.605597972869873,9.048213958740234,9.067500114440918,8.896785736083984,8.949999809265137,666282400
2616,2010-05-28,7.711569786071777,9.174285888671875,9.264286041259766,9.048213958740234,9.26392936706543,815614800
2617,2010-06-01,7.830148220062256,9.315357208251953,9.497857093811035,9.248571395874023,9.274642944335938,876472800
2618,2010-06-02,7.923811435699463,9.426786422729492,9.45714282989502,9.297499656677246,9.447856903076172,688548000
2619,2010-06-03,7.898893356323242,9.397143363952637,9.483928680419922,9.3003568649292,9.47071361541748,650106800
2620,2010-06-04,7.683950424194336,9.14142894744873,9.353570938110352,9.093929290771484,9.221785545349121,758304400
2621,2010-06-07,7.533246994018555,8.962142944335938,9.255356788635254,8.948213577270508,9.224642753601074,886942000
2622,2010-06-08,7.484914779663086,8.904643058776855,9.064286231994629,8.773214340209961,9.044285774230957,1000770400
2623,2010-06-09,7.300891399383545,8.685713768005371,8.996429443359375,8.660357475280762,8.981071472167969,854630000
2624,2010-06-10,7.520339488983154,8.946785926818848,8.963570594787598,8.649999618530273,8.744285583496094,776356000
2625,2010-06-11,7.610404014587402,9.053929328918457,9.066429138183594,8.834643363952637,8.865357398986816,545759200
2626,2010-06-14,7.63351583480835,9.081428527832031,9.255356788635254,9.071785926818848,9.14142894744873,602960400
2627,2010-06-15,7.795924663543701,9.274642944335938,9.280357360839844,9.125,9.130000114440918,585074000
2628,2010-06-16,8.02287483215332,9.54464340209961,9.5625,9.30821418762207,9.324999809265137,783678000
2629,2010-06-17,8.161569595336914,9.709643363952637,9.746429443359375,9.625,9.664285659790039,872855200
2630,2010-06-18,8.227617263793945,9.788213729858398,9.821429252624512,9.693571090698242,9.723214149475098,784621600
2631,2010-06-21,8.110532760620117,9.64892864227295,9.964642524719238,9.59749984741211,9.917499542236328,776490400
2632,2010-06-22,8.221012115478516,9.780357360839844,9.856071472167969,9.696429252624512,9.720000267028809,717262000
2633,2010-06-23,8.134550094604492,9.677499771118164,9.809286117553711,9.567856788635254,9.806428909301758,768457200
2634,2010-06-24,8.07541275024414,9.60714340209961,9.757143020629883,9.574999809265137,9.678570747375488,714277200
2635,2010-06-25,8.006362915039062,9.524999618530273,9.65250015258789,9.493213653564453,9.645000457763672,549942400
2636,2010-06-28,8.054398536682129,9.58214282989502,9.633929252624512,9.447142601013184,9.53321361541748,584948000
2637,2010-06-29,7.69025182723999,9.14892864227295,9.442500114440918,9.08214282989502,9.432856559753418,1133344800
2638,2010-06-30,7.550961017608643,8.983214378356934,9.213213920593262,8.928929328918457,9.168213844299316,739452000
2639,2010-07-01,7.459397792816162,8.874285697937012,9.100000381469727,8.686429023742676,9.08214282989502,1022896000
2640,2010-07-02,7.41317081451416,8.819286346435547,8.961786270141602,8.685713768005371,8.946070671081543,693842800
2641,2010-07-06,7.463900566101074,8.879643440246582,9.028571128845215,8.791428565979004,8.964285850524902,615235600
2642,2010-07-07,7.765304088592529,9.238213539123535,9.241786003112793,8.91964340209961,8.946070671081543,654556000
2643,2010-07-08,7.747891902923584,9.217499732971191,9.389286041259766,9.103214263916016,9.374285697937012,738144400
2644,2010-07-09,7.793820381164551,9.272143363952637,9.282142639160156,9.1128568649292,9.174642562866211,433322400
2645,2010-07-12,7.723877429962158,9.188928604125977,9.351785659790039,9.102143287658691,9.233214378356934,562878400
2646,2010-07-13,7.5590667724609375,8.992856979370117,9.157142639160156,8.801071166992188,9.15428638458252,1190924000
2647,2010-07-14,7.5869832038879395,9.026070594787598,9.135713577270508,8.89285659790039,8.906429290771484,812047600
2648,2010-07-15,7.548555374145508,8.98035717010498,9.177499771118164,8.83214282989502,8.865357398986816,824866000
2649,2010-07-16,7.502025127410889,8.925000190734863,9.106071472167969,8.871786117553711,9.042142868041992,1039858400
2650,2010-07-19,7.372341156005859,8.770713806152344,8.924285888671875,8.557143211364746,8.924285888671875,1024478000
2651,2010-07-20,7.561768531799316,8.996070861816406,9.032142639160156,8.571785926818848,8.675000190734863,1074950800
2652,2010-07-21,7.6323161125183105,9.079999923706055,9.469642639160156,9.071429252624512,9.467499732971191,1185671200
2653,2010-07-22,7.775811672210693,9.250714302062988,9.285714149475098,9.118213653564453,9.20285701751709,645318800
2654,2010-07-23,7.803428649902344,9.283571243286133,9.299285888671875,9.152856826782227,9.181785583496094,533388800
2655,2010-07-26,7.783616542816162,9.260000228881836,9.289285659790039,9.20392894744873,9.285714149475098,420551600
2656,2010-07-27,7.9277143478393555,9.431428909301758,9.45714282989502,9.296428680419922,9.31678581237793,584771600
2657,2010-07-28,7.834047317504883,9.319999694824219,9.499643325805664,9.29464340209961,9.416786193847656,519985200
2658,2010-07-29,7.748492240905762,9.21821403503418,9.380356788635254,9.146429061889648,9.311071395874023,643806800
2659,2010-07-30,7.722672939300537,9.1875,9.274999618530273,9.103570938110352,9.13892936706543,448210000
2660,2010-08-02,7.860766410827637,9.351785659790039,9.378213882446289,9.272143363952637,9.30142879486084,428055600
2661,2010-08-03,7.863169193267822,9.354642868041992,9.402142524719238,9.265000343322754,9.321785926818848,417653600
2662,2010-08-04,7.894690036773682,9.392143249511719,9.438570976257324,9.296786308288574,9.3871431350708,420375200
2663,2010-08-05,7.856264591217041,9.346428871154785,9.399286270141602,9.305356979370117,9.34749984741211,289097200
2664,2010-08-06,7.8079304695129395,9.288928985595703,9.338929176330566,9.201070785522461,9.277856826782227,444897600
2665,2010-08-09,7.857765197753906,9.348214149475098,9.362500190734863,9.270357131958008,9.338570594787598,303128000
2666,2010-08-10,7.787520885467529,9.264642715454102,9.301786422729492,9.198213577270508,9.280357360839844,451920000
2667,2010-08-11,7.510733604431152,8.935357093811035,9.131786346435547,8.921786308288574,9.121429443359375,620054400
2668,2010-08-12,7.558765888214111,8.992500305175781,9.039285659790039,8.789999961853027,8.810357093811035,534920400
2669,2010-08-13,7.478011608123779,8.896429061889648,8.99571418762207,8.896071434020996,8.987500190734863,354869200
2670,2010-08-16,7.434182643890381,8.84428596496582,8.928929328918457,8.807856559753418,8.842143058776855,318430000
2671,2010-08-17,7.564168930053711,8.998929023742676,9.093929290771484,8.899999618530273,8.931428909301758,422640400
2672,2010-08-18,7.5971903800964355,9.038213729858398,9.095356941223145,8.984999656677246,9.012857437133789,339696000
2673,2010-08-19,7.501428604125977,8.924285888671875,9.052857398986816,8.881428718566895,9.029999732971191,426706000
2674,2010-08-20,7.494221210479736,8.915714263916016,9.068571090698242,8.89285659790039,8.90678596496582,384230000
2675,2010-08-23,7.378945350646973,8.778571128845215,9.0,8.758929252624512,8.992500305175781,414041600
2676,2010-08-24,7.2027268409729,8.568928718566895,8.678570747375488,8.523214340209961,8.666786193847656,602565600
2677,2010-08-25,7.2915873527526855,8.674642562866211,8.713929176330566,8.471428871154785,8.501428604125977,596867600
2678,2010-08-26,7.213233947753906,8.581428527832031,8.776785850524902,8.581428527832031,8.766071319580078,466505200
2679,2010-08-27,7.253458023071289,8.62928581237793,8.664643287658691,8.412857055664062,8.633929252624512,548391200
2680,2010-08-30,7.279876708984375,8.660714149475098,8.776785850524902,8.59571361541748,8.598570823669434,383289200
2681,2010-08-31,7.297891139984131,8.682143211364746,8.734286308288574,8.583929061889648,8.637499809265137,420786800
2682,2010-09-01,7.514937400817871,8.940357208251953,8.980713844299316,8.795714378356934,8.838213920593262,697037600
2683,2010-09-02,7.570172309875488,9.006071090698242,9.006071090698242,8.8774995803833,8.973570823669434,415427600
2684,2010-09-03,7.768307209014893,9.241786003112793,9.242142677307129,9.089285850524902,9.110357284545898,520788800
2685,2010-09-07,7.739488124847412,9.207500457763672,9.268928527832031,9.151785850524902,9.165714263916016,342557600
2686,2010-09-08,7.892887592315674,9.390000343322754,9.442500114440918,9.253570556640625,9.277856826782227,526551200
2687,2010-09-09,7.897393226623535,9.395357131958008,9.518570899963379,9.390000343322754,9.465714454650879,438575200
2688,2010-09-10,7.907599925994873,9.407500267028809,9.446429252624512,9.335714340209961,9.399642944335938,387542400
2689,2010-09-13,8.016571044921875,9.537142753601074,9.581428527832031,9.491429328918457,9.493571281433105,388780000
2690,2010-09-14,8.04719352722168,9.57357120513916,9.613213539123535,9.482856750488281,9.507499694824219,408150400
2691,2010-09-15,8.112034797668457,9.650713920593262,9.656429290771484,9.565713882446289,9.577500343322754,429368800
2692,2010-09-16,8.30266284942627,9.8774995803833,9.881071090698242,9.625,9.651429176330566,652103200
2693,2010-09-17,8.266641616821289,9.834643363952637,9.927143096923828,9.774286270141602,9.917499542236328,634477200
2694,2010-09-20,8.502599716186523,10.115357398986816,10.135000228881836,9.851785659790039,9.859999656677246,658677600
2695,2010-09-21,8.518810272216797,10.134642601013184,10.262499809265137,10.099642753601074,10.137857437133789,668074400
2696,2010-09-22,8.638290405273438,10.276785850524902,10.28499984741211,10.086071014404297,10.096785545349121,585289600
2697,2010-09-23,8.67341136932373,10.318571090698242,10.455714225769043,10.214285850524902,10.22607135772705,786116800
2698,2010-09-24,8.775477409362793,10.4399995803833,10.483214378356934,10.376786231994629,10.432143211364746,649488000
2699,2010-09-27,8.740654945373535,10.398571014404297,10.526070594787598,10.393214225769043,10.499285697937012,482834800
2700,2010-09-28,8.61156940460205,10.244999885559082,10.420356750488281,9.821429252624512,10.420356750488281,1035042400
2701,2010-09-29,8.62688159942627,10.263214111328125,10.350357055664062,10.214285850524902,10.258213996887207,469644000
2702,2010-09-30,8.518209457397461,10.133929252624512,10.35714340209961,10.04464340209961,10.321429252624512,673391600
2703,2010-10-01,8.481284141540527,10.09000015258789,10.234999656677246,10.048213958740234,10.219642639160156,448142800
2704,2010-10-04,8.3648042678833,9.95142936706543,10.103570938110352,9.920356750488281,10.057143211364746,435302000
2705,2010-10-05,8.6740140914917,10.319286346435547,10.337499618530273,10.0649995803833,10.071429252624512,501967200
2706,2010-10-06,8.6815185546875,10.328213691711426,10.428214073181152,10.187856674194336,10.342499732971191,670868800
2707,2010-10-07,8.682415962219238,10.329285621643066,10.374285697937012,10.246786117553711,10.369285583496094,408399600
2708,2010-10-08,8.828014373779297,10.5024995803833,10.51785659790039,10.35714340209961,10.418213844299316,658403200
2709,2010-10-11,8.866739273071289,10.54857063293457,10.615714073181152,10.521429061889648,10.526429176330566,427753200
2710,2010-10-12,8.962204933166504,10.662142753601074,10.696429252624512,10.446070671081543,10.5503568649292,558544000
2711,2010-10-13,9.010236740112305,10.71928596496582,10.784285545349121,10.70714282989502,10.721428871154785,630092400
2712,2010-10-14,9.075382232666016,10.796786308288574,10.802499771118164,10.728570938110352,10.774642944335938,435296400
2713,2010-10-15,9.448533058166504,11.240714073181152,11.25,10.889642715454102,10.979999542236328,922194000
2714,2010-10-18,9.54639720916748,11.35714340209961,11.39285659790039,11.224642753601074,11.373929023742676,1093010800
2715,2010-10-19,9.290924072265625,11.053214073181152,11.206070899963379,10.71500015258789,10.835714340209961,1232784000
2716,2010-10-20,9.3221435546875,11.090356826782227,11.223214149475098,10.959643363952637,11.035714149475098,721624400
2717,2010-10-21,9.291825294494629,11.054286003112793,11.240714073181152,10.95714282989502,11.15571403503418,551460000
2718,2010-10-22,9.2302827835083,10.981071472167969,11.072856903076172,10.939286231994629,11.038213729858398,372778000
2719,2010-10-25,9.271410942077637,11.029999732971191,11.128570556640625,11.015713691711426,11.038928985595703,392462000
2720,2010-10-26,9.247695922851562,11.001786231994629,11.062143325805664,10.916070938110352,10.959643363952637,392929600
2721,2010-10-27,9.24109172821045,10.993928909301758,11.067856788635254,10.914285659790039,10.987500190734863,399002800
2722,2010-10-28,9.16334342956543,10.901429176330566,11.0,10.746429443359375,10.998213768005371,551051200
2723,2010-10-29,9.03545093536377,10.749285697937012,10.924285888671875,10.745356559753418,10.865357398986816,430511200
2724,2010-11-01,9.13151741027832,10.863571166992188,10.914285659790039,10.79285717010498,10.793571472167969,423889200
2725,2010-11-02,9.287019729614258,11.04857063293457,11.078213691711426,10.964285850524902,10.964285850524902,433930000
2726,2010-11-03,9.390292167663574,11.171428680419922,11.174285888671875,11.018928527832031,11.120356559753418,508348400
2727,2010-11-04,9.5545015335083,11.366786003112793,11.4350004196167,11.251070976257324,11.266071319580078,642488000
2728,2010-11-05,9.520282745361328,11.326070785522461,11.413213729858398,11.3125,11.356785774230957,361253200
2729,2010-11-08,9.565010070800781,11.37928581237793,11.420356750488281,11.312856674194336,11.328571319580078,281758400
2730,2010-11-09,9.488758087158203,11.28857135772705,11.475000381469727,11.23214340209961,11.466071128845215,383544000
2731,2010-11-10,9.5472993850708,11.358214378356934,11.384642601013184,11.198213577270508,11.308570861816406,384227200
2732,2010-11-11,9.505868911743164,11.308929443359375,11.371429443359375,11.223214149475098,11.25,361284000
2733,2010-11-12,9.247093200683594,11.001070976257324,11.303570747375488,10.843929290771484,11.285714149475098,795846800
2734,2010-11-15,9.217378616333008,10.965714454650879,11.090714454650879,10.938214302062988,11.01642894744873,403606000
2735,2010-11-16,9.053768157958984,10.771071434020996,10.985713958740234,10.6899995803833,10.918571472167969,657650000
2736,2010-11-17,9.021045684814453,10.73214340209961,10.856785774230957,10.634285926818848,10.757143020629883,479449600
2737,2010-11-18,9.259106636047363,11.01535701751709,11.059642791748047,10.881786346435547,10.899999618530273,494491200
2738,2010-11-19,9.208069801330566,10.954643249511719,11.014286041259766,10.901429176330566,10.998929023742676,384843200
2739,2010-11-22,9.407103538513184,11.191429138183594,11.191429138183594,10.923929214477539,10.95285701751709,393075200
2740,2010-11-23,9.268110275268555,11.026070594787598,11.133929252624512,10.94857120513916,11.087499618530273,519447600
2741,2010-11-24,9.450329780578613,11.242856979370117,11.264286041259766,11.133929252624512,11.14285659790039,413725200
2742,2010-11-26,9.456336975097656,11.25,11.346428871154785,11.17642879486084,11.204999923706055,237585600
2743,2010-11-29,9.512472152709961,11.31678581237793,11.338570594787598,11.12071418762207,11.26785659790039,445785200
2744,2010-11-30,9.340760231018066,11.112500190734863,11.227143287658691,11.102499961853027,11.197856903076172,501858000
2745,2010-12-01,9.49836254119873,11.300000190734863,11.348214149475098,11.25,11.259642601013184,461750800
2746,2010-12-02,9.55090045928955,11.362500190734863,11.39285659790039,11.246070861816406,11.340356826782227,462837200
2747,2010-12-03,9.529587745666504,11.337142944335938,11.380356788635254,11.297857284545898,11.321785926818848,342092800
2748,2010-12-06,9.610939979553223,11.433929443359375,11.511786460876465,11.372142791748047,11.380000114440918,448481600
2749,2010-12-07,9.552698135375977,11.364643096923828,11.571070671081543,11.361429214477539,11.564286231994629,391454000
2750,2010-12-08,9.636757850646973,11.464642524719238,11.46500015258789,11.325357437133789,11.415356636047363,321935600
2751,2010-12-09,9.599235534667969,11.420000076293945,11.51785659790039,11.393570899963379,11.504643440246582,294151200
2752,2010-12-10,9.623248100280762,11.44857120513916,11.466071128845215,11.378570556640625,11.416070938110352,262511200
2753,2010-12-13,9.656574249267578,11.488213539123535,11.609286308288574,11.464285850524902,11.584643363952637,439815600
2754,2010-12-14,9.615143775939941,11.438928604125977,11.519286155700684,11.39285659790039,11.490357398986816,351008000
2755,2010-12-15,9.617243766784668,11.441429138183594,11.535714149475098,11.399642944335938,11.428570747375488,417312000
2756,2010-12-16,9.643964767456055,11.473214149475098,11.521785736083984,11.432143211364746,11.467499732971191,322030800
2757,2010-12-17,9.62474536895752,11.450357437133789,11.492500305175781,11.436785697937012,11.486785888671875,386929200
2758,2010-12-20,9.672782897949219,11.507499694824219,11.54464340209961,11.365357398986816,11.485713958740234,385610400
2759,2010-12-21,9.732521057128906,11.578571319580078,11.585356712341309,11.501786231994629,11.535714149475098,256354000
2760,2010-12-22,9.761341094970703,11.6128568649292,11.632857322692871,11.555356979370117,11.584285736083984,265921600
2761,2010-12-23,9.71451187133789,11.557143211364746,11.612500190734863,11.541786193847656,11.60714340209961,223157200
2762,2010-12-27,9.746927261352539,11.59571361541748,11.622857093811035,11.482856750488281,11.530357360839844,249816000
2763,2010-12-28,9.770645141601562,11.623929023742676,11.666428565979004,11.609286308288574,11.639642715454102,175924000
2764,2010-12-29,9.765246391296387,11.617500305175781,11.658928871154785,11.610713958740234,11.650713920593262,163139200
2765,2010-12-30,9.716310501098633,11.559286117553711,11.625356674194336,11.537500381469727,11.624285697937012,157494400
2766,2010-12-31,9.683290481567383,11.520000457763672,11.552857398986816,11.475357055664062,11.533928871154785,193508000
2767,2011-01-03,9.893729209899902,11.770357131958008,11.795000076293945,11.601428985595703,11.630000114440918,445138400
2768,2011-01-04,9.945362091064453,11.831786155700684,11.875,11.719642639160156,11.872857093811035,309080800
2769,2011-01-05,10.026717185974121,11.928570747375488,11.940713882446289,11.76785659790039,11.76964282989502,255519600
2770,2011-01-06,10.018610954284668,11.918929100036621,11.973214149475098,11.889286041259766,11.954285621643066,300428800
2771,2011-01-07,10.090360641479492,12.00428581237793,12.012499809265137,11.853570938110352,11.928214073181152,311931200
2772,2011-01-10,10.280391693115234,12.23035717010498,12.258213996887207,12.041786193847656,12.10107135772705,448560000
2773,2011-01-11,10.256074905395508,12.20142936706543,12.319999694824219,12.123929023742676,12.317143440246582,444108000
2774,2011-01-12,10.339527130126953,12.300713539123535,12.301071166992188,12.214285850524902,12.258929252624512,302590400
2775,2011-01-13,10.377357482910156,12.34571361541748,12.380000114440918,12.280357360839844,12.327142715454102,296780400
2776,2011-01-14,10.461406707763672,12.445713996887207,12.445713996887207,12.30142879486084,12.353214263916016,308840000
2777,2011-01-18,10.226354598999023,12.166070938110352,12.312856674194336,11.64285659790039,11.768570899963379,1880998000
2778,2011-01-19,10.172016143798828,12.101428985595703,12.449999809265137,12.031429290771484,12.441070556640625,1135612800
2779,2011-01-20,9.987092018127441,11.881428718566895,12.08214282989502,11.789999961853027,12.01535701751709,764789200
2780,2011-01-21,9.808173179626465,11.668571472167969,11.960000038146973,11.665356636047363,11.920356750488281,754401200
2781,2011-01-24,10.130289077758789,12.051786422729492,12.051786422729492,11.668571472167969,11.673929214477539,574683200
2782,2011-01-25,10.248866081237793,12.192856788635254,12.194286346435547,11.948928833007812,12.011786460876465,546868000
2783,2011-01-26,10.322417259216309,12.280357360839844,12.342857360839844,12.196429252624512,12.248571395874023,506875600
2784,2011-01-27,10.303203582763672,12.257499694824219,12.310357093811035,12.243928909301758,12.277856826782227,285026000
2785,2011-01-28,10.089757919311523,12.003570556640625,12.300000190734863,11.911786079406738,12.291786193847656,592057200
2786,2011-01-31,10.18642520904541,12.118571281433105,12.144286155700684,11.939286231994629,11.992856979370117,377246800
2787,2011-02-01,10.357839584350586,12.322500228881836,12.344642639160156,12.177857398986816,12.189286231994629,426633200
2788,2011-02-02,10.336529731750488,12.29714298248291,12.33035659790039,12.26964282989502,12.301786422729492,258955200
2789,2011-02-03,10.310103416442871,12.265713691711426,12.294285774230957,12.091071128845215,12.278571128845215,393797600
2790,2011-02-04,10.401969909667969,12.375,12.382143020629883,12.268214225769043,12.272856712341309,321840400
2791,2011-02-07,10.563483238220215,12.567143440246582,12.616070747375488,12.415714263916016,12.424642562866211,485021600
2792,2011-02-08,10.663145065307617,12.685713768005371,12.697142601013184,12.576786041259766,12.631428718566895,381040800
2793,2011-02-09,10.752002716064453,12.791428565979004,12.821429252624512,12.673929214477539,12.685357093811035,482745200
2794,2011-02-10,10.643331527709961,12.662142753601074,12.85714340209961,12.428570747375488,12.76392936706543,928550000
2795,2011-02-11,10.712678909301758,12.744643211364746,12.778571128845215,12.626428604125977,12.66964340209961,367572800
2796,2011-02-14,10.782624244689941,12.82785701751709,12.838570594787598,12.739643096923828,12.742500305175781,310416400
2797,2011-02-15,10.804239273071289,12.853570938110352,12.856071472167969,12.76964282989502,12.828213691711426,284174800
2798,2011-02-16,10.901206016540527,12.968929290771484,13.032142639160156,12.875,12.885713577270508,481157600
2799,2011-02-17,10.756208419799805,12.796428680419922,12.866786003112793,12.732856750488281,12.758929252624512,530583200
2800,2011-02-18,10.523852348327637,12.520000457763672,12.839285850524902,12.482856750488281,12.811071395874023,816057200
2801,2011-02-22,10.165112495422363,12.09321403503418,12.335714340209961,12.061429023742676,12.219642639160156,872555600
2802,2011-02-23,10.28549575805664,12.236429214477539,12.308570861816406,12.09321403503418,12.098929405212402,671854400
2803,2011-02-24,10.293295860290527,12.24571418762207,12.326786041259766,12.084643363952637,12.286429405212402,499900800
2804,2011-02-25,10.451804161071777,12.434286117553711,12.443928718566895,12.314286231994629,12.330714225769043,380018800
2805,2011-02-28,10.60340404510498,12.614643096923828,12.680356979370117,12.539999961853027,12.544285774230957,403074000
2806,2011-03-01,10.486327171325684,12.475357055664062,12.704285621643066,12.417142868041992,12.695357322692871,456136800
2807,2011-03-02,10.570686340332031,12.575714111328125,12.655357360839844,12.442856788635254,12.498571395874023,602590800
2808,2011-03-03,10.794029235839844,12.841428756713867,12.849642753601074,12.71142864227295,12.756786346435547,500788400
2809,2011-03-04,10.807241439819336,12.85714340209961,12.867500305175781,12.776785850524902,12.85964298248291,453266800
2810,2011-03-07,10.667948722839355,12.691429138183594,12.916786193847656,12.546786308288574,12.907142639160156,546123200
2811,2011-03-08,10.679954528808594,12.705714225769043,12.764286041259766,12.58035659790039,12.6753568649292,356316800
2812,2011-03-09,10.581192016601562,12.588213920593262,12.670000076293945,12.521429061889648,12.667499542236328,453306000
2813,2011-03-10,10.407074928283691,12.381071090698242,12.491786003112793,12.317856788635254,12.468570709228516,507539200
2814,2011-03-11,10.566778182983398,12.571070671081543,12.582857131958008,12.321429252624512,12.333213806152344,471080400
2815,2011-03-14,10.613914489746094,12.627142906188965,12.731429100036621,12.546786308288574,12.613571166992188,435957200
2816,2011-03-15,10.36984920501709,12.336786270141602,12.422857284545898,12.146429061889648,12.217857360839844,721081200
2817,2011-03-16,9.906935691833496,11.786070823669434,12.25,11.652142524719238,12.214285850524902,1162011200
2818,2011-03-17,10.045930862426758,11.95142936706543,12.128929138183594,11.809286117553711,12.029643058776855,659422400
2819,2011-03-18,9.926749229431152,11.809642791748047,12.078571319580078,11.785714149475098,12.040356636047363,753214000
2820,2011-03-21,10.185826301574707,12.117856979370117,12.133570671081543,11.973570823669434,11.999643325805664,409402000
2821,2011-03-22,10.242864608764648,12.185713768005371,12.236429214477539,12.112142562866211,12.234286308288574,325922800
2822,2011-03-23,10.182522773742676,12.11392879486084,12.150713920593262,11.998213768005371,12.117142677307129,372996400
2823,2011-03-24,10.35604190826416,12.320357322692871,12.35714340209961,12.102143287658691,12.208929061889648,404712000
2824,2011-03-25,10.553274154663086,12.555000305175781,12.57357120513916,12.393570899963379,12.431071281433105,448910000
2825,2011-03-28,10.52025032043457,12.515713691711426,12.65428638458252,12.515713691711426,12.612500190734863,309355200
2826,2011-03-29,10.535860061645508,12.534285545349121,12.534285545349121,12.359286308288574,12.416428565979004,352900800
2827,2011-03-30,10.465909957885742,12.451070785522461,12.531429290771484,12.408571243286133,12.522856712341309,329406000
2828,2011-03-31,10.46230697631836,12.446785926818848,12.492856979370117,12.359286308288574,12.369999885559082,274019200
2829,2011-04-01,10.343729972839355,12.305713653564453,12.556785583496094,12.260713577270508,12.539643287658691,418661600
2830,2011-04-04,10.242562294006348,12.185357093811035,12.307143211364746,12.085714340209961,12.296786308288574,460084800
2831,2011-04-05,10.173518180847168,12.103214263916016,12.223214149475098,12.0,12.035357475280762,482731200
2832,2011-04-06,10.147998809814453,12.072856903076172,12.282142639160156,12.040714263916016,12.186429023742676,402539200
2833,2011-04-07,10.149200439453125,12.074286460876465,12.15821361541748,12.001070976257324,12.074999809265137,373447200
2834,2011-04-08,10.058540344238281,11.966428756713867,12.148214340209961,11.926786422729492,12.140000343322754,377535200
2835,2011-04-11,9.930657386779785,11.814286231994629,11.988213539123535,11.786429405212402,11.930713653564453,398946800
2836,2011-04-12,9.978690147399902,11.871429443359375,11.918929100036621,11.79285717010498,11.803214073181152,425639200
2837,2011-04-13,10.090665817260742,12.004643440246582,12.005000114440918,11.875714302062988,11.96500015258789,346220000
2838,2011-04-14,9.979286193847656,11.872142791748047,12.0,11.859286308288574,11.95714282989502,301800800
2839,2011-04-15,9.830385208129883,11.694999694824219,11.915714263916016,11.671428680419922,11.903571128845215,453605600
2840,2011-04-18,9.962176322937012,11.851785659790039,11.865357398986816,11.434286117553711,11.646429061889648,609898800
2841,2011-04-19,10.142597198486328,12.066429138183594,12.070713996887207,11.846785545349121,11.896429061889648,419378400
2842,2011-04-20,10.279191017150879,12.228928565979004,12.348214149475098,12.196429252624512,12.268214225769043,700666400
2843,2011-04-21,10.528054237365723,12.524999618530273,12.68321418762207,12.447142601013184,12.678570747375488,753810400
2844,2011-04-25,10.597399711608887,12.607500076293945,12.633929252624512,12.510713577270508,12.5121431350708,266546000
2845,2011-04-26,10.519652366638184,12.515000343322754,12.678214073181152,12.476785659790039,12.62928581237793,338800000
2846,2011-04-27,10.51154613494873,12.505356788635254,12.583929061889648,12.396429061889648,12.579999923706055,356213200
2847,2011-04-28,10.409477233886719,12.383929252624512,12.491070747375488,12.34000015258789,12.36392879486084,360959200
2848,2011-04-29,10.510947227478027,12.504643440246582,12.641071319580078,12.381071090698242,12.385000228881836,1006345200
2849,2011-05-02,10.395365715026855,12.367142677307129,12.516785621643066,12.339285850524902,12.490714073181152,442713600
2850,2011-05-03,10.453004837036133,12.435713768005371,12.496070861816406,12.343570709228516,12.428214073181152,313348000
2851,2011-05-04,10.494128227233887,12.48464298248291,12.565357208251953,12.388570785522461,12.437856674194336,389250400
2852,2011-05-05,10.409477233886719,12.383929252624512,12.533928871154785,12.358928680419922,12.442856788635254,335969200
2853,2011-05-06,10.406767845153809,12.380714416503906,12.5,12.364643096923828,12.48892879486084,280134400
2854,2011-05-09,10.434990882873535,12.414285659790039,12.471428871154785,12.376070976257324,12.42357063293457,204747200
2855,2011-05-10,10.490532875061035,12.48035717010498,12.48892879486084,12.380714416503906,12.460356712341309,282091600
2856,2011-05-11,10.423882484436035,12.401070594787598,12.5,12.329999923706055,12.46500015258789,336000000
2857,2011-05-12,10.404069900512695,12.3774995803833,12.397143363952637,12.223929405212402,12.361429214477539,322000000
2858,2011-05-13,10.221847534179688,12.160714149475098,12.366070747375488,12.155357360839844,12.345000267028809,326116000
2859,2011-05-16,10.00570297241211,11.903571128845215,12.186429023742676,11.878570556640625,12.114286422729492,449775200
2860,2011-05-17,10.090959548950195,12.005000114440918,12.005000114440918,11.811785697937012,11.85714340209961,452334400
2861,2011-05-18,10.202935218811035,12.138214111328125,12.180356979370117,12.0,12.016785621643066,334776400
2862,2011-05-19,10.222750663757324,12.161786079406738,12.228928565979004,12.095356941223145,12.217143058776855,261170000
2863,2011-05-20,10.063343048095703,11.972143173217773,12.176786422729492,11.96500015258789,12.127142906188965,337968400
2864,2011-05-23,10.038727760314941,11.942856788635254,11.999285697937012,11.765000343322754,11.784643173217773,383600000
2865,2011-05-24,9.972383499145508,11.86392879486084,11.996429443359375,11.833571434020996,11.98214340209961,321927200
2866,2011-05-25,10.110172271728516,12.027856826782227,12.091428756713867,11.887499809265137,11.90821361541748,294224000
2867,2011-05-26,10.05673885345459,11.964285850524902,12.03178596496582,11.943928718566895,11.998929023742676,222560800
2868,2011-05-27,10.129084587097168,12.0503568649292,12.05821418762207,11.939642906188965,11.95714282989502,203599200
2869,2011-05-31,10.44189739227295,12.422499656677246,12.422499656677246,12.178570747375488,12.182143211364746,417754400
2870,2011-06-01,10.372252464294434,12.339642524719238,12.576070785522461,12.308929443359375,12.459643363952637,554682800
2871,2011-06-02,10.38996410369873,12.360713958740234,12.427857398986816,12.296428680419922,12.375,338783200
2872,2011-06-03,10.310103416442871,12.265713691711426,12.333213806152344,12.214642524719238,12.256428718566895,313250000
2873,2011-06-06,10.147998809814453,12.072856903076172,12.39464282989502,12.064642906188965,12.346428871154785,461941200
2874,2011-06-07,9.967883110046387,11.85857105255127,12.079285621643066,11.853570938110352,12.077500343322754,529785200
2875,2011-06-08,9.973884582519531,11.865714073181152,11.95714282989502,11.808929443359375,11.849286079406738,333723600
2876,2011-06-09,9.95136833190918,11.838929176330566,11.916786193847656,11.8125,11.901785850524902,275088800
2877,2011-06-10,9.783555030822754,11.639286041259766,11.845000267028809,11.625356674194336,11.805356979370117,433955200
2878,2011-06-13,9.804569244384766,11.664285659790039,11.725357055664062,11.60964298248291,11.685713768005371,329473200
2879,2011-06-14,9.979886054992676,11.872857093811035,11.901785850524902,11.76107120513916,11.785714149475098,334569200
2880,2011-06-15,9.809072494506836,11.66964340209961,11.796428680419922,11.602856636047363,11.776785850524902,399196000
2881,2011-06-16,9.761341094970703,11.6128568649292,11.738571166992188,11.368928909301758,11.675000190734863,510591200
2882,2011-06-17,9.614246368408203,11.437856674194336,11.758929252624512,11.40571403503418,11.749643325805664,615020000
2883,2011-06-20,9.4659423828125,11.261428833007812,11.346428871154785,11.089285850524902,11.334285736083984,640645600
2884,2011-06-21,9.765543937683105,11.617856979370117,11.635713577270508,11.257143020629883,11.3100004196167,493382400
2885,2011-06-22,9.68479061126709,11.521785736083984,11.746429443359375,11.513570785522461,11.6128568649292,390583200
2886,2011-06-23,9.943564414978027,11.829643249511719,11.846071243286133,11.361429214477539,11.390713691711426,559759200
2887,2011-06-24,9.797065734863281,11.655357360839844,11.898214340209961,11.610357284545898,11.834643363952637,439807200
2888,2011-06-27,9.967883110046387,11.85857105255127,11.925000190734863,11.6875,11.6996431350708,339813600
2889,2011-06-28,10.064543724060059,11.973570823669434,12.024999618530273,11.908571243286133,11.916070938110352,294299600
2890,2011-06-29,10.027918815612793,11.930000305175781,12.013214111328125,11.852856636047363,12.001428604125977,352545200
2891,2011-06-30,10.076850891113281,11.988213539123535,12.004643440246582,11.8871431350708,11.953571319580078,322954800
2892,2011-07-01,10.304702758789062,12.259285926818848,12.26785659790039,11.935713768005371,11.998213768005371,435313200
2893,2011-07-05,10.489927291870117,12.479642868041992,12.493928909301758,12.23214340209961,12.25,355054000
2894,2011-07-06,10.55987548828125,12.562856674194336,12.646429061889648,12.382499694824219,12.462499618530273,444626000
2895,2011-07-07,10.723184585571289,12.757143020629883,12.785714149475098,12.64285659790039,12.666786193847656,399663600
2896,2011-07-08,10.798532485961914,12.846785545349121,12.85714340209961,12.578571319580078,12.619285583496094,489633200
2897,2011-07-11,10.62712287902832,12.64285659790039,12.848929405212402,12.600713729858398,12.726428985595703,442674400
2898,2011-07-12,10.61961555480957,12.633929252624512,12.774286270141602,12.450714111328125,12.626070976257324,451609200
2899,2011-07-13,10.747801780700684,12.786429405212402,12.85714340209961,12.727856636047363,12.797499656677246,391638800
2900,2011-07-14,10.7402982711792,12.77750015258789,12.914643287658691,12.726428985595703,12.893214225769043,430533600
2901,2011-07-15,10.954943656921387,13.032856941223145,13.035714149475098,12.827500343322754,12.89892864227295,484467200
2902,2011-07-18,11.22152042388916,13.350000381469727,13.380356788635254,13.045714378356934,13.051071166992188,572653200
2903,2011-07-19,11.313079833984375,13.458929061889648,13.523214340209961,13.332857131958008,13.5,819145600
2904,2011-07-20,11.614781379699707,13.817856788635254,14.15250015258789,13.785714149475098,14.147143363952637,941340400
2905,2011-07-21,11.626494407653809,13.831786155700684,13.930713653564453,13.710714340209961,13.819643020629883,526534400
2906,2011-07-22,11.806912422180176,14.046428680419922,14.108928680419922,13.848214149475098,13.868571281433105,516728800
2907,2011-07-25,11.963017463684082,14.23214340209961,14.285714149475098,13.914999961853027,13.941070556640625,589806000
2908,2011-07-26,12.110416412353516,14.407500267028809,14.446429252624512,14.274286270141602,14.285714149475098,476582400
2909,2011-07-27,11.785600662231445,14.021071434020996,14.380000114440918,14.005356788635254,14.306785583496094,659324400
2910,2011-07-28,11.762480735778809,13.993571281433105,14.178214073181152,13.861785888671875,13.986429214477539,594034000
2911,2011-07-29,11.72225284576416,13.945713996887207,14.112500190734863,13.714285850524902,13.84428596496582,632584400
2912,2011-08-01,11.910483360290527,14.16964340209961,14.26785659790039,14.013214111328125,14.206428527832031,612836000
2913,2011-08-02,11.675125122070312,13.889642715454102,14.210714340209961,13.869643211364746,14.201786041259766,639539600
2914,2011-08-03,11.784997940063477,14.020357131958008,14.055356979370117,13.651429176330566,13.963570594787598,732508000
2915,2011-08-04,11.328690528869629,13.477499961853027,13.975713729858398,13.476785659790039,13.907500267028809,871407600
2916,2011-08-05,11.216116905212402,13.343570709228516,13.696429252624512,12.948928833007812,13.587142944335938,1204590800
2917,2011-08-08,10.60340404510498,12.614643096923828,13.134642601013184,12.607856750488281,12.917499542236328,1143833600
2918,2011-08-09,11.227825164794922,13.357500076293945,13.378929138183594,12.678570747375488,12.903571128845215,1082583600
2919,2011-08-10,10.91801643371582,12.98892879486084,13.380356788635254,12.946429252624512,13.255356788635254,878656800
2920,2011-08-11,11.218514442443848,13.346428871154785,13.408928871154785,13.025713920593262,13.232856750488281,741969200
2921,2011-08-12,11.317283630371094,13.463929176330566,13.558570861816406,13.365357398986816,13.5024995803833,528976000
2922,2011-08-15,11.510011672973633,13.693214416503906,13.748929023742676,13.503213882446289,13.55821418762207,460544000
2923,2011-08-16,11.422051429748535,13.588570594787598,13.69178581237793,13.430713653564453,13.625714302062988,498750000
2924,2011-08-17,11.420851707458496,13.587142944335938,13.732856750488281,13.5,13.653928756713867,442061200
2925,2011-08-18,10.988861083984375,13.073213577270508,13.308929443359375,12.906070709228516,13.244285583496094,851435200
2926,2011-08-19,10.688060760498047,12.715356826782227,13.10714340209961,12.714285850524902,12.934642791748047,775888400
2927,2011-08-22,10.700371742248535,12.729999542236328,13.031429290771484,12.681785583496094,13.018214225769043,535315200
2928,2011-08-23,11.215514183044434,13.342857360839844,13.34428596496582,12.75,12.867856979370117,656835200
2929,2011-08-24,11.29296875,13.4350004196167,13.534285545349121,13.235713958740234,13.338213920593262,626267600
2930,2011-08-25,11.21911907196045,13.347143173217773,13.408928871154785,13.035714149475098,13.03857135772705,871346000
2931,2011-08-26,11.515118598937988,13.699286460876465,13.70714282989502,13.242856979370117,13.256071090698242,641477200
2932,2011-08-29,11.706949234008789,13.927499771118164,13.98214340209961,13.85714340209961,13.863571166992188,405269200
2933,2011-08-30,11.707547187805176,13.928214073181152,13.994285583496094,13.793213844299316,13.866070747375488,417922400
2934,2011-08-31,11.552641868591309,13.743928909301758,14.002857208251953,13.637857437133789,13.948928833007812,522586400
2935,2011-09-01,11.438566207885742,13.608214378356934,13.833571434020996,13.597143173217773,13.77928638458252,343725200
2936,2011-09-02,11.229023933410645,13.358928680419922,13.5,13.279643058776855,13.383570671081543,438939200
2937,2011-09-06,11.399840354919434,13.562143325805664,13.583213806152344,13.088570594787598,13.120356559753418,509698000
2938,2011-09-07,11.525623321533203,13.711786270141602,13.771429061889648,13.64285659790039,13.770000457763672,350576800
2939,2011-09-08,11.531929016113281,13.71928596496582,13.878929138183594,13.653928756713867,13.657142639160156,416158400
2940,2011-09-09,11.331998825073242,13.481429100036621,13.785714149475098,13.393570899963379,13.711786270141602,564813200
2941,2011-09-12,11.405845642089844,13.569286346435547,13.602856636047363,13.282142639160156,13.321429252624512,467832400
2942,2011-09-13,11.54633617401123,13.736429214477539,13.793213844299316,13.58035659790039,13.647856712341309,440560400
2943,2011-09-14,11.686829566955566,13.903571128845215,14.007499694824219,13.777142524719238,13.822142601013184,534724400
2944,2011-09-15,11.796706199645996,14.034285545349121,14.059286117553711,13.925000190734863,13.979642868041992,417818800
2945,2011-09-16,12.023054122924805,14.303570747375488,14.303570747375488,14.108214378356934,14.126428604125977,698513200
2946,2011-09-19,12.357178688049316,14.701070785522461,14.758213996887207,14.114286422729492,14.178570747375488,823860800
2947,2011-09-20,12.411819458007812,14.766071319580078,15.102143287658691,14.685357093811035,14.83035659790039,775754000
2948,2011-09-21,12.372490882873535,14.71928596496582,15.056785583496094,14.714285850524902,14.987142562866211,605976000
2949,2011-09-22,12.06268310546875,14.350713729858398,14.636428833007812,14.16785717010498,14.322500228881836,968480800
2950,2011-09-23,12.137129783630371,14.439286231994629,14.526429176330566,14.280357360839844,14.295714378356934,546277200
2951,2011-09-26,12.103208541870117,14.39892864227295,14.427857398986816,13.975000381469727,14.28071403503418,812876400
2952,2011-09-27,11.985833168029785,14.259285926818848,14.616070747375488,14.216428756713867,14.59749984741211,632497600
2953,2011-09-28,11.918286323547363,14.178929328918457,14.419285774230957,14.161070823669434,14.292499542236328,429637600
2954,2011-09-29,11.724955558776855,13.948928833007812,14.364643096923828,13.793213844299316,14.354286193847656,651086800
2955,2011-09-30,11.447271347045898,13.618571281433105,13.88892936706543,13.613571166992188,13.825714111328125,547640800
2956,2011-10-03,11.245534896850586,13.378570556640625,13.665714263916016,13.327500343322754,13.584643363952637,669099200
2957,2011-10-04,11.182494163513184,13.303570747375488,13.635713577270508,12.651429176330566,13.3774995803833,1233677200
2958,2011-10-05,11.355106353759766,13.508929252624512,13.5649995803833,12.867856979370117,13.137857437133789,786469600
2959,2011-10-06,11.328690528869629,13.477499961853027,13.742142677307129,13.278571128845215,13.333213806152344,812582400
2960,2011-10-07,11.1014404296875,13.20714282989502,13.490714073181152,13.160357475280762,13.420714378356934,535458000
2961,2011-10-10,11.672121047973633,13.88607120513916,13.88607120513916,13.507499694824219,13.538928985595703,442514800
2962,2011-10-11,12.016752243041992,14.29607105255127,14.399286270141602,13.98214340209961,14.020357131958008,605687600
2963,2011-10-12,12.073793411254883,14.36392879486084,14.616070747375488,14.290714263916016,14.547857284545898,622286000
2964,2011-10-13,12.261116981506348,14.586786270141602,14.586786270141602,14.387499809265137,14.463570594787598,426185200
2965,2011-10-14,12.668490409851074,15.071429252624512,15.071429252624512,14.831070899963379,14.886786460876465,573367200
2966,2011-10-17,12.608150482177734,14.999643325805664,15.239286422729492,14.854999542236328,15.062143325805664,686044800
2967,2011-10-18,12.675689697265625,15.079999923706055,15.171786308288574,14.856785774230957,15.062856674194336,881602400
2968,2011-10-19,11.966619491577148,14.236429214477539,14.58642864227295,14.20714282989502,14.333929061889648,1104059600
2969,2011-10-20,11.8672513961792,14.118213653564453,14.298213958740234,14.07892894744873,14.285714149475098,549270400
2970,2011-10-21,11.794002532958984,14.031070709228516,14.255000114440918,13.95535659790039,14.217857360839844,621244400
2971,2011-10-24,12.181265830993652,14.491786003112793,14.51785659790039,14.121429443359375,14.149286270141602,502138000
2972,2011-10-25,11.9411039352417,14.206070899963379,14.51964282989502,14.192143440246582,14.465356826782227,430427200
2973,2011-10-26,12.026063919067383,14.307143211364746,14.376786231994629,14.041070938110352,14.348570823669434,456304800
2974,2011-10-27,12.14884090423584,14.453213691711426,14.60714340209961,14.353214263916016,14.555713653564453,494664800
2975,2011-10-28,12.156644821166992,14.462499618530273,14.512499809265137,14.375356674194336,14.39285659790039,322842800
2976,2011-10-31,12.151541709899902,14.456428527832031,14.618928909301758,14.323213577270508,14.372142791748047,385501200
2977,2011-11-01,11.903276443481445,14.161070823669434,14.26785659790039,14.043571472167969,14.193214416503906,531790000
2978,2011-11-02,11.930293083190918,14.193214416503906,14.30142879486084,14.11107063293457,14.288928985595703,327350800
2979,2011-11-03,12.100208282470703,14.395357131958008,14.407142639160156,14.119999885559082,14.2524995803833,441386400
2980,2011-11-04,12.015251159667969,14.294285774230957,14.408571243286133,14.255714416503906,14.358214378356934,302229200
2981,2011-11-07,11.999940872192383,14.276070594787598,14.285714149475098,14.147500038146973,14.282500267028809,270275600
2982,2011-11-08,12.19507122039795,14.508213996887207,14.571429252624512,14.341428756713867,14.364643096923828,400442000
2983,2011-11-09,11.866353988647461,14.117142677307129,14.317500114440918,14.079643249511719,14.177499771118164,558684000
2984,2011-11-10,11.564348220825195,13.757857322692871,14.186071395874023,13.648214340209961,14.179642677307129,744752400
2985,2011-11-11,11.54633617401123,13.736429214477539,13.882143020629883,13.580714225769043,13.807499885559082,653786000
2986,2011-11-14,11.385430335998535,13.545000076293945,13.758929252624512,13.507143020629883,13.697142601013184,432905200
2987,2011-11-15,11.672720909118652,13.886786460876465,13.910714149475098,13.551786422729492,13.600000381469727,430810800
2988,2011-11-16,11.55084228515625,13.741786003112793,13.96928596496582,13.725713729858398,13.901785850524902,349210400
2989,2011-11-17,11.329893112182617,13.478928565979004,13.734999656677246,13.410714149475098,13.713570594787598,479900400
2990,2011-11-18,11.255743980407715,13.390713691711426,13.571070671081543,13.388570785522461,13.532856941223145,371938000
2991,2011-11-21,11.077720642089844,13.178929328918457,13.274286270141602,13.068214416503906,13.228570938110352,447980400
2992,2011-11-22,11.302874565124512,13.446785926818848,13.4975004196167,13.247857093811035,13.250714302062988,409021200
2993,2011-11-23,11.017081260681152,13.106785774230957,13.422857284545898,13.102856636047363,13.375356674194336,428271200
2994,2011-11-25,10.91441535949707,12.98464298248291,13.255356788635254,12.975713729858398,13.157856941223145,254760800
2995,2011-11-28,11.291167259216309,13.432856559753418,13.454285621643066,13.22607135772705,13.298213958740234,346413200
2996,2011-11-29,11.203512191772461,13.328571319580078,13.529643058776855,13.221428871154785,13.422857284545898,375855200
2997,2011-11-30,11.473688125610352,13.649999618530273,13.652856826782227,13.510713577270508,13.617500305175781,405938400
2998,2011-12-01,11.64570426940918,13.854642868041992,13.89285659790039,13.598214149475098,13.662142753601074,387181200
2999,2011-12-02,11.698841094970703,13.91785717010498,14.05821418762207,13.877857208251953,13.922499656677246,379055600
3000,2011-12-05,11.798206329345703,14.036070823669434,14.157500267028809,13.942500114440918,14.053214073181152,357210000
3001,2011-12-06,11.736364364624023,13.962499618530273,14.093929290771484,13.906429290771484,14.018214225769043,283598000
3002,2011-12-07,11.680527687072754,13.896071434020996,13.962142944335938,13.812856674194336,13.926071166992188,304746400
3003,2011-12-08,11.727660179138184,13.952142715454102,14.125,13.936785697937012,13.98035717010498,376356400
3004,2011-12-09,11.81651496887207,14.057856559753418,14.072856903076172,13.965356826782227,14.030357360839844,296993200
3005,2011-12-12,11.763079643249512,13.994285583496094,14.067856788635254,13.908928871154785,13.988571166992188,301067200
3006,2011-12-13,11.672121047973633,13.88607120513916,14.121429443359375,13.824999809265137,14.035714149475098,338928800
3007,2011-12-14,11.413344383239746,13.578213691711426,13.835000038146973,13.488571166992188,13.810713768005371,406887600
3008,2011-12-15,11.375826835632324,13.533571243286133,13.704999923706055,13.51107120513916,13.690357208251953,256200000
3009,2011-12-16,11.438263893127441,13.607856750488281,13.719642639160156,13.556071281433105,13.584285736083984,421478400
3010,2011-12-19,11.473991394042969,13.650357246398926,13.744643211364746,13.588570594787598,13.659643173217773,235530400
3011,2011-12-20,11.886466026306152,14.141071319580078,14.146429061889648,13.830714225769043,13.848570823669434,337215200
3012,2011-12-21,11.901473999023438,14.158928871154785,14.189286231994629,14.000356674194336,14.167499542236328,262948000
3013,2011-12-22,11.964513778686523,14.233928680419922,14.254643440246582,14.146429061889648,14.178570747375488,202358800
3014,2011-12-23,12.108015060424805,14.404643058776855,14.413928985595703,14.267499923706055,14.274642944335938,269399200
3015,2011-12-27,12.204076766967773,14.518928527832031,14.610357284545898,14.393570899963379,14.396429061889648,265076000
3016,2011-12-28,12.087298393249512,14.380000114440918,14.58035659790039,14.333571434020996,14.53178596496582,228662000
3017,2011-12-29,12.161750793457031,14.468570709228516,14.487500190734863,14.303929328918457,14.407142639160156,215978000
3018,2011-12-30,12.158146858215332,14.464285850524902,14.510000228881836,14.410357475280762,14.411070823669434,179662000
3019,2012-01-03,12.345169067382812,14.686785697937012,14.73214340209961,14.60714340209961,14.621429443359375,302220800
3020,2012-01-04,12.411515235900879,14.765713691711426,14.8100004196167,14.617142677307129,14.64285659790039,260022000
3021,2012-01-05,12.549310684204102,14.929642677307129,14.948213577270508,14.738213539123535,14.819643020629883,271269600
3022,2012-01-06,12.680498123168945,15.085714340209961,15.098214149475098,14.972143173217773,14.991786003112793,318292800
3023,2012-01-09,12.660383224487305,15.061785697937012,15.276785850524902,15.048213958740234,15.196429252624512,394024400
3024,2012-01-10,12.70571517944336,15.115714073181152,15.214285850524902,15.053570747375488,15.211071014404297,258196400
3025,2012-01-11,12.685002326965332,15.091071128845215,15.101785659790039,14.975357055664062,15.09571361541748,215084800
3026,2012-01-12,12.650177001953125,15.049642562866211,15.103570938110352,14.95535659790039,15.081428527832031,212587200
3027,2012-01-13,12.602745056152344,14.993213653564453,15.016071319580078,14.952142715454102,14.989286422729492,226021600
3028,2012-01-17,12.749541282653809,15.16785717010498,15.213929176330566,15.105713844299316,15.149999618530273,242897200
3029,2012-01-18,12.881932258605957,15.325357437133789,15.338213920593262,15.225000381469727,15.248571395874023,276791200
3030,2012-01-19,12.841105461120605,15.276785850524902,15.406070709228516,15.232500076293945,15.362500190734863,261738400
3031,2012-01-20,12.617452621459961,15.010713577270508,15.26785659790039,14.991070747375488,15.267499923706055,413974400
3032,2012-01-23,12.83089542388916,15.264642715454102,15.301786422729492,15.08214282989502,15.095356941223145,306062400
3033,2012-01-24,12.620757102966309,15.014642715454102,15.182143211364746,14.983928680419922,15.182143211364746,547638000
3034,2012-01-25,13.408784866333008,15.952142715454102,16.230356216430664,15.84749984741211,16.229999542236328,958314000
3035,2012-01-26,13.347845077514648,15.879643440246582,16.028213500976562,15.82642936706543,16.01285743713379,323985200
3036,2012-01-27,13.427397727966309,15.974286079406738,16.01714324951172,15.848929405212402,15.869285583496094,299709200
3037,2012-01-30,13.599414825439453,16.17892837524414,16.21071434020996,15.90678596496582,15.918213844299316,379341200
3038,2012-01-31,13.703582763671875,16.3028564453125,16.365713119506836,16.18107032775879,16.27107048034668,391683600
3039,2012-02-01,13.694876670837402,16.292499542236328,16.392499923706055,16.269643783569336,16.37178611755371,270046000
3040,2012-02-02,13.662752151489258,16.25428581237793,16.327499389648438,16.213571548461914,16.282142639160156,186796400
3041,2012-02-03,13.799652099609375,16.417142868041992,16.428571701049805,16.270000457763672,16.332143783569336,286599600
3042,2012-02-06,13.928431510925293,16.570356369018555,16.606428146362305,16.364286422729492,16.37071418762207,249412800
3043,2012-02-07,14.074333190917969,16.743928909301758,16.77678680419922,16.59214210510254,16.616071701049805,316223600
3044,2012-02-08,14.309988021850586,17.0242862701416,17.028213500976562,16.774999618530273,16.803571701049805,407890000
3045,2012-02-09,14.80501937866211,17.61321449279785,17.741071701049805,17.162857055664062,17.170000076293945,884214800
3046,2012-02-10,14.812528610229492,17.622142791748047,17.77214241027832,17.448213577270508,17.534286499023438,631302000
3047,2012-02-13,15.088115692138672,17.950000762939453,17.993928909301758,17.75321388244629,17.840356826782227,517216000
3048,2012-02-14,15.294047355651855,18.19499969482422,18.198570251464844,17.928571701049805,18.023571014404297,460398400
3049,2012-02-15,14.94011116027832,17.773929595947266,18.796070098876953,17.746070861816406,18.36642837524414,1506120000
3050,2012-02-16,15.076399803161621,17.936071395874023,18.03178596496582,17.379642486572266,17.553571701049805,944552000
3051,2012-02-17,15.073695182800293,17.932857513427734,18.1346435546875,17.867856979370117,17.96821403503418,535805200
3052,2012-02-21,15.455860137939453,18.387500762939453,18.387500762939453,18.00428581237793,18.10285758972168,605595200
3053,2012-02-22,15.401518821716309,18.322856903076172,18.410356521606445,18.18107032775879,18.32428550720215,483302400
3054,2012-02-23,15.502086639404297,18.4424991607666,18.493928909301758,18.196428298950195,18.395713806152344,568027600
3055,2012-02-24,15.682805061340332,18.657499313354492,18.674999237060547,18.522857666015625,18.559642791748047,415072000
3056,2012-02-27,15.783378601074219,18.777143478393555,18.875,18.43857192993164,18.618213653564453,547582000
3057,2012-02-28,16.073070526123047,19.12178611755371,19.12178611755371,18.780357360839844,18.855714797973633,600387200
3058,2012-02-29,16.28411102294922,19.37285614013672,19.5575008392334,19.132143020629883,19.341428756713867,952011200
3059,2012-03-01,16.34505844116211,19.445356369018555,19.578929901123047,19.241785049438477,19.577499389648438,683270000
3060,2012-03-02,16.36636734008789,19.470714569091797,19.5285701751709,19.375713348388672,19.437143325805664,431712400
3061,2012-03-05,16.005531311035156,19.04142951965332,19.5528564453125,18.78571319580078,19.479286193847656,809124400
3062,2012-03-06,15.91845989227295,18.937856674194336,19.06035614013672,18.43642807006836,18.7021427154541,810238800
3063,2012-03-07,15.931375503540039,18.953214645385742,19.20642852783203,18.689285278320312,19.171428680419922,798520800
3064,2012-03-08,16.270606994628906,19.356786727905273,19.392499923706055,19.00428581237793,19.096071243286133,516457200
3065,2012-03-09,16.36606216430664,19.47035789489746,19.562143325805664,19.396785736083984,19.436071395874023,418919200
3066,2012-03-12,16.571104049682617,19.71428680419922,19.71428680419922,19.53571319580078,19.606428146362305,407282400
3067,2012-03-13,17.054426193237305,20.28928565979004,20.292142868041992,19.84821319580078,19.91214370727539,690855200
3068,2012-03-14,17.699256896972656,21.056428909301758,21.239999771118164,20.549999237060547,20.644643783569336,1418844000
3069,2012-03-15,17.57857322692871,20.912857055664062,21.42892837524414,20.662500381469727,21.414642333984375,1159718000
3070,2012-03-16,17.57887840270996,20.9132137298584,21.042856216430664,20.64285659790039,20.882856369018555,825487600
3071,2012-03-19,18.045087814331055,21.467857360839844,21.491785049438477,21.037500381469727,21.370357513427734,901236000
3072,2012-03-20,18.190988540649414,21.641429901123047,21.674999237060547,21.124286651611328,21.41107177734375,816662000
3073,2012-03-21,18.08711814880371,21.51785659790039,21.77321434020996,21.47892951965332,21.52642822265625,644042000
3074,2012-03-22,17.99226188659668,21.405000686645508,21.58928680419922,21.26892852783203,21.349285125732422,623870800
3075,2012-03-23,17.893495559692383,21.287500381469727,21.492856979370117,21.22857093811035,21.44607162475586,430488800
3076,2012-03-26,18.221616744995117,21.6778564453125,21.683929443359375,21.259286880493164,21.421070098876953,595742000
3077,2012-03-27,18.44676399230957,21.945714950561523,22.010000228881836,21.645000457763672,21.6492862701416,607129600
3078,2012-03-28,18.541019439697266,22.057857513427734,22.194643020629883,21.796785354614258,22.084999084472656,655460400
3079,2012-03-29,18.308073043823242,21.78071403503418,22.020000457763672,21.686786651611328,21.885000228881836,608238400
3080,2012-03-30,17.998558044433594,21.412500381469727,21.805713653564453,21.354999542236328,21.741785049438477,731038000
3081,2012-04-02,18.57134246826172,22.093929290771484,22.098928451538086,21.442142486572266,21.493928909301758,598351600
3082,2012-04-03,18.89225196838379,22.4757137298584,22.578929901123047,22.232500076293945,22.4035701751709,834559600
3083,2012-04-04,18.74185562133789,22.296785354614258,22.352142333984375,22.03571319580078,22.298213958740234,572980800
3084,2012-04-05,19.02315330505371,22.63142967224121,22.66642951965332,22.264286041259766,22.39214324951172,641298000
3085,2012-04-09,19.099699020385742,22.72249984741211,22.851428985595703,22.332143783569336,22.361785888671875,597536800
3086,2012-04-10,18.865848541259766,22.444286346435547,23.0,22.35714340209961,22.854642868041992,889725200
3087,2012-04-11,18.798601150512695,22.364286422729492,22.745357513427734,22.262142181396484,22.7214298248291,696614800
3088,2012-04-12,18.69562530517578,22.241785049438477,22.547500610351562,22.16071319580078,22.321428298950195,614336800
3089,2012-04-13,18.169071197509766,21.6153564453125,22.310714721679688,21.55392837524414,22.289642333984375,859644800
3090,2012-04-16,17.415573120117188,20.718929290771484,21.795713424682617,20.65178680419922,21.787857055664062,1050786800
3091,2012-04-17,18.303260803222656,21.774999618530273,21.78571319580078,20.425357818603516,20.676429748535156,1025528000
3092,2012-04-18,18.262435913085938,21.726428985595703,22.15178680419922,21.52535629272461,21.91857147216797,954531200
3093,2012-04-19,17.6350154876709,20.979999542236328,21.59749984741211,20.875713348388672,21.43642807006836,834719200
3094,2012-04-20,17.200925827026367,20.463571548461914,21.23642921447754,20.372142791748047,21.12071418762207,1030985200
3095,2012-04-23,17.162498474121094,20.417856216430664,20.59535789489746,19.87928581237793,20.378929138183594,966529200
3096,2012-04-24,16.819669723510742,20.010000228881836,20.274642944335938,19.821428298950195,20.09321403503418,1076149200
3097,2012-04-25,18.312273025512695,21.78571319580078,22.071428298950195,21.64285659790039,21.98714256286621,905777600
3098,2012-04-26,18.243221282958984,21.703571319580078,21.953214645385742,21.504642486572266,21.938213348388672,536068400
3099,2012-04-27,18.102128982543945,21.53571319580078,21.6492862701416,21.446428298950195,21.609643936157227,406722400
3100,2012-04-30,17.531147003173828,20.856428146362305,21.371429443359375,20.821428298950195,21.350000381469727,506144800
3101,2012-05-01,17.47560691833496,20.79035758972168,21.312856674194336,20.758214950561523,20.889286041259766,610999200
3102,2012-05-02,17.591190338134766,20.9278564453125,20.97857093811035,20.67357063293457,20.722856521606445,427389200
3103,2012-05-03,17.4663028717041,20.779285430908203,21.121429443359375,20.725000381469727,21.08928680419922,390549600
3104,2012-05-04,16.968873977661133,20.1875,20.65571403503418,20.184642791748047,20.610000610351562,529992400
3105,2012-05-07,17.095855712890625,20.338571548461914,20.456071853637695,20.043928146362305,20.053571701049805,460118400
3106,2012-05-08,17.05683135986328,20.292142868041992,20.41071319580078,19.95464324951172,20.34214210510254,497252000
3107,2012-05-09,17.086851119995117,20.327856063842773,20.499286651611328,20.030357360839844,20.132143020629883,480704000
3108,2012-05-10,17.1270751953125,20.375713348388672,20.567142486572266,20.301429748535156,20.520713806152344,333200000
3109,2012-05-11,17.0127010345459,20.239643096923828,20.516786575317383,20.155357360839844,20.178571701049805,399546000
3110,2012-05-14,16.757835388183594,19.93642807006836,20.268213272094727,19.91428565979004,20.091785430908203,352626400
3111,2012-05-15,16.606231689453125,19.756071090698242,20.114999771118164,19.70535659790039,20.051786422729492,476336000
3112,2012-05-16,16.393383026123047,19.502857208251953,19.88892936706543,19.322856903076172,19.787500381469727,560896000
3113,2012-05-17,15.914268493652344,18.932857513427734,19.553571701049805,18.932857513427734,19.475357055664062,717220000
3114,2012-05-18,15.922076225280762,18.942142486572266,19.407499313354492,18.6492862701416,19.06999969482422,732292400
3115,2012-05-21,16.849693298339844,20.045713424682617,20.05500030517578,19.073213577270508,19.08928680419922,631106000
3116,2012-05-22,16.720306396484375,19.891786575317383,20.49571418762207,19.735000610351562,20.3410701751709,694870400
3117,2012-05-23,17.12827491760254,20.37714385986328,20.457143783569336,19.758214950561523,19.91071319580078,584897600
3118,2012-05-24,16.970975875854492,20.190000534057617,20.58928680419922,20.043928146362305,20.56678581237793,496230000
3119,2012-05-25,16.8800048828125,20.081785202026367,20.20892906188965,19.945356369018555,20.163928985595703,328507200
3120,2012-05-29,17.179615020751953,20.438213348388672,20.5,20.18964385986328,20.389286041259766,380508800
3121,2012-05-30,17.386754989624023,20.684642791748047,20.71392822265625,20.234285354614258,20.328571319580078,529429600
3122,2012-05-31,17.343524932861328,20.633214950561523,20.76785659790039,20.409286499023438,20.740713119506836,491674400
3123,2012-06-01,16.840988159179688,20.035356521606445,20.451786041259766,20.018571853637695,20.3271427154541,520987600
3124,2012-06-04,16.940052032470703,20.153213500976562,20.26785659790039,19.58928680419922,20.053571701049805,556995600
3125,2012-06-05,16.896217346191406,20.101070404052734,20.23107147216797,19.940357208251953,20.04535675048828,388214400
3126,2012-06-06,17.155296325683594,20.409286499023438,20.49464225769043,20.196428298950195,20.27750015258789,401455600
3127,2012-06-07,17.163103103637695,20.41857147216797,20.61857032775879,20.375,20.61750030517578,379766800
3128,2012-06-08,17.421276092529297,20.7257137298584,20.735000610351562,20.321428298950195,20.41428565979004,347516400
3129,2012-06-11,17.14659309387207,20.398929595947266,21.01785659790039,20.379642486572266,20.989999771118164,591264800
3130,2012-06-12,17.2963924407959,20.5771427154541,20.593570709228516,20.239286422729492,20.516429901123047,435380400
3131,2012-06-13,17.176311492919922,20.43428611755371,20.65999984741211,20.37071418762207,20.518571853637695,293580000
3132,2012-06-14,17.157400131225586,20.411785125732422,20.48214340209961,20.259286880493164,20.40142822265625,345573200
3133,2012-06-15,17.235445022583008,20.504642486572266,20.52214241027832,20.3410701751709,20.39285659790039,335255200
3134,2012-06-18,17.585182189941406,20.920713424682617,20.996070861816406,20.370357513427734,20.391429901123047,440412000
3135,2012-06-19,17.63411521911621,20.97892951965332,21.071428298950195,20.825000762939453,20.83571434020996,361404400
3136,2012-06-20,17.583982467651367,20.919286727905273,21.04464340209961,20.742856979370117,21.00749969482422,358943200
3137,2012-06-21,17.341718673706055,20.631071090698242,21.007856369018555,20.62285614013672,20.908571243286133,326351200
3138,2012-06-22,17.474706649780273,20.78928565979004,20.792499542236328,20.55071449279785,20.68000030517578,284471600
3139,2012-06-25,17.134578704833984,20.3846435546875,20.707143783569336,20.370357513427734,20.617856979370117,304382400
3140,2012-06-26,17.17241096496582,20.429643630981445,20.517499923706055,20.26178550720215,20.40464210510254,276536400
3141,2012-06-27,17.246559143066406,20.51785659790039,20.597856521606445,20.42571449279785,20.53571319580078,202997200
3142,2012-06-28,17.08294677734375,20.323213577270508,20.5,20.20035743713379,20.416786193847656,282836400
3143,2012-06-29,17.531747817993164,20.85714340209961,20.85714340209961,20.508928298950195,20.64285659790039,421500800
3144,2012-07-02,17.78752326965332,21.161428451538086,21.195356369018555,20.842857360839844,20.883214950561523,400092000
3145,2012-07-03,17.994356155395508,21.407499313354492,21.428571701049805,21.21428680419922,21.24571418762207,241712800
3146,2012-07-05,18.310462951660156,21.783571243286133,21.94071388244629,21.41607093811035,21.448570251464844,484383200
3147,2012-07-06,18.188587188720703,21.63857078552246,21.729999542236328,21.485000610351562,21.681785583496094,418930400
3148,2012-07-09,18.429046630859375,21.92464256286621,21.924999237060547,21.57535743713379,21.617856979370117,379405600
3149,2012-07-10,18.25853729248047,21.721786499023438,22.138214111328125,21.618213653564453,22.070356369018555,511957600
3150,2012-07-11,18.14505958557129,21.5867862701416,21.7021427154541,21.329286575317383,21.64714241027832,469322000
3151,2012-07-12,17.979047775268555,21.389286041259766,21.552499771118164,21.167142868041992,21.437143325805664,428041600
3152,2012-07-13,18.16127586364746,21.60607147216797,21.68535614013672,21.428571701049805,21.5339298248291,311427200
3153,2012-07-16,18.219505310058594,21.675357818603516,21.843570709228516,21.60785675048828,21.61142921447754,301260400
3154,2012-07-17,18.220417022705078,21.676429748535156,21.83928680419922,21.54107093811035,21.813928604125977,293624800
3155,2012-07-18,18.199996948242188,21.652143478393555,21.726428985595703,21.555713653564453,21.663928985595703,252700000
3156,2012-07-19,18.441965103149414,21.940000534057617,21.97678565979004,21.64285659790039,21.83142852783203,436861600
3157,2012-07-20,18.14116096496582,21.582143783569336,21.944286346435547,21.560714721679688,21.89392852783203,397471200
3158,2012-07-23,18.12704849243164,21.565357208251953,21.639286041259766,20.989643096923828,21.22857093811035,487975600
3159,2012-07-24,18.039684295654297,21.461429595947266,21.7742862701416,21.375356674194336,21.692142486572266,565132400
3160,2012-07-25,17.260663986206055,20.534643173217773,20.742856979370117,20.35714340209961,20.516429901123047,877312800
3161,2012-07-26,17.257959365844727,20.531429290771484,20.72857093811035,20.3700008392334,20.705713272094727,406632800
3162,2012-07-27,17.56656837463379,20.898571014404297,20.922500610351562,20.413928985595703,20.53607177734375,403936400
3163,2012-07-30,17.862863540649414,21.25107192993164,21.408571243286133,20.99357032775879,21.104286193847656,379142400
3164,2012-07-31,18.3350887298584,21.812856674194336,21.8464298248291,21.525714874267578,21.543928146362305,462327600
3165,2012-08-01,18.216508865356445,21.671785354614258,22.014286041259766,21.53571319580078,21.99678611755371,384501600
3166,2012-08-02,18.245922088623047,21.706785202026367,21.81035614013672,21.4375,21.530000686645508,332158400
3167,2012-08-03,18.483386993408203,21.989286422729492,22.070714950561523,21.841428756713867,21.91535758972168,344920800
3168,2012-08-06,18.689016342163086,22.233928680419922,22.31678581237793,21.97357177734375,22.046070098876953,302103200
3169,2012-08-07,18.639789581298828,22.175357818603516,22.321428298950195,22.072856903076172,22.241785049438477,290446800
3170,2012-08-08,18.6082706451416,22.13785743713379,22.281429290771484,22.03928565979004,22.121070861816406,244706000
3171,2012-08-09,18.714393615722656,22.168928146362305,22.20464324951172,22.064285278320312,22.066070556640625,221642400
3172,2012-08-10,18.743637084960938,22.203571319580078,22.205713272094727,22.0964298248291,22.096786499023438,194938800
3173,2012-08-13,18.993877410888672,22.5,22.5,22.258928298950195,22.26392936706543,278832400
3174,2012-08-14,19.044822692871094,22.56035614013672,22.8075008392334,22.50749969482422,22.56678581237793,340169200
3175,2012-08-15,19.018896102905273,22.52964210510254,22.64285659790039,22.41964340209961,22.546428680419922,257342400
3176,2012-08-16,19.185020446777344,22.726428985595703,22.74142837524414,22.51785659790039,22.543214797973633,254534000
3177,2012-08-17,19.539871215820312,23.146785736083984,23.149642944335938,22.81464385986328,22.85714340209961,442761200
3178,2012-08-20,20.05361557006836,23.75535774230957,23.75535774230957,23.21071434020996,23.214643478393555,613384800
3179,2012-08-21,19.779560089111328,23.430713653564453,24.10285758972168,23.226070404052734,23.957857131958008,812719600
3180,2012-08-22,20.165767669677734,23.888214111328125,23.89285659790039,23.146785736083984,23.372142791748047,565322800
3181,2012-08-23,19.97763442993164,23.66535758972168,23.924999237060547,23.612499237060547,23.789642333984375,420128800
3182,2012-08-24,19.995426177978516,23.68642807006836,23.90999984741211,23.412500381469727,23.55392837524414,437340400
3183,2012-08-27,20.371084213256836,24.13142967224121,24.31678581237793,24.05500030517578,24.285356521606445,427008400
3184,2012-08-28,20.344552993774414,24.100000381469727,24.14642906188965,23.952499389648438,24.106428146362305,267416800
3185,2012-08-29,20.304452896118164,24.052499771118164,24.202499389648438,24.02142906188965,24.116071701049805,202806800
3186,2012-08-30,20.0150203704834,23.70964241027832,23.983928680419922,23.673213958740234,23.95142936706543,302699600
3187,2012-08-31,20.056324005126953,23.75857162475586,23.878570556640625,23.47321319580078,23.83035659790039,338321200
3188,2012-09-04,20.349674224853516,24.10607147216797,24.11214256286621,23.73214340209961,23.777143478393555,367892000
3189,2012-09-05,20.206771850585938,23.936786651611328,24.155357360839844,23.91428565979004,24.127500534057617,336375200
3190,2012-09-06,20.388864517211914,24.15250015258789,24.22464370727539,23.957143783569336,24.041786193847656,391196400
3191,2012-09-07,20.514589309692383,24.301429748535156,24.374286651611328,24.1346435546875,24.2160701751709,329666400
3192,2012-09-10,19.980958938598633,23.669286727905273,24.403213500976562,23.64642906188965,24.301786422729492,487998000
3193,2012-09-11,19.916135787963867,23.592500686645508,23.93214225769043,23.446428298950195,23.753929138183594,503983200
3194,2012-09-12,20.19350242614746,23.921070098876953,23.924999237060547,23.428571701049805,23.816070556640625,712233200
3195,2012-09-13,20.591171264648438,24.39214324951172,24.48214340209961,24.098928451538086,24.19178581237793,598360000
3196,2012-09-14,20.841411590576172,24.68857192993164,24.89214324951172,24.5674991607666,24.641429901123047,600474000
3197,2012-09-17,21.09767723083496,24.992143630981445,24.992856979370117,24.8075008392334,24.97678565979004,398031200
3198,2012-09-18,21.16189193725586,25.068214416503906,25.083213806152344,24.872142791748047,24.99571418762207,373503200
3199,2012-09-19,21.167613983154297,25.075000762939453,25.142499923706055,24.984643936157227,25.009286880493164,326874800
3200,2012-09-20,21.065109252929688,24.953571319580078,25.00214385986328,24.77214241027832,24.969999313354492,336568400
3201,2012-09-21,21.10702133178711,25.00321388244629,25.18107032775879,24.977142333984375,25.086071014404297,571589200
3202,2012-09-24,20.826635360717773,24.671070098876953,24.825714111328125,24.39285659790039,24.53071403503418,639766400
3203,2012-09-25,20.30656623840332,24.05500030517578,24.742143630981445,24.03571319580078,24.580713272094727,518789600
3204,2012-09-26,20.054513931274414,23.75642967224121,24.024642944335938,23.614286422729492,23.88357162475586,576503200
3205,2012-09-27,20.541122436523438,24.332857131958008,24.36321449279785,23.58392906188965,23.72464370727539,594090000
3206,2012-09-28,20.112401962280273,23.825000762939453,24.32535743713379,23.8125,24.241071701049805,535110800
3207,2012-10-01,19.879953384399414,23.54964256286621,24.16964340209961,23.446428298950195,23.969999313354492,543594800
3208,2012-10-02,19.937841415405273,23.618213653564453,23.798213958740234,23.237499237060547,23.636070251464844,627992400
3209,2012-10-03,20.243553161621094,23.980356216430664,23.9950008392334,23.66535758972168,23.7450008392334,424281200
3210,2012-10-04,20.103355407714844,23.814285278320312,24.08035659790039,23.769643783569336,23.97321319580078,370725600
3211,2012-10-05,19.674942016601562,23.306785583496094,23.78571319580078,23.260000228881836,23.757143020629883,594006000
3212,2012-10-08,19.240198135375977,22.791786193847656,23.12714385986328,22.71821403503418,23.10285758972168,637994000
3213,2012-10-09,19.170251846313477,22.70892906188965,22.874643325805664,22.269643783569336,22.808929443359375,838597200
3214,2012-10-10,19.32280731201172,22.8896427154541,23.03499984741211,22.75,22.847856521606445,510356000
3215,2012-10-11,18.936588287353516,22.43214225769043,23.114286422729492,22.43214225769043,23.08928680419922,546081200
3216,2012-10-12,18.985130310058594,22.489643096923828,22.692142486572266,22.332143783569336,22.484285354614258,460014800
3217,2012-10-15,19.137380599975586,22.670000076293945,22.68321418762207,22.280357360839844,22.58392906188965,432502000
3218,2012-10-16,19.59052276611328,23.206785202026367,23.225000381469727,22.53571319580078,22.69178581237793,549771600
3219,2012-10-17,19.434356689453125,23.021785736083984,23.313928604125977,23.0,23.17392921447754,389037600
3220,2012-10-18,19.073469161987305,22.59428596496582,22.930713653564453,22.5,22.842500686645508,476624400
3221,2012-10-19,18.38606834411621,21.780000686645508,22.563213348388672,21.77214241027832,22.537500381469727,744086000
3222,2012-10-22,19.115375518798828,22.64392852783203,22.692142486572266,21.812856674194336,21.872142791748047,546730800
3223,2012-10-23,18.492197036743164,21.90571403503418,22.639286041259766,21.8464298248291,22.53571319580078,707145600
3224,2012-10-24,18.596811294555664,22.02964210510254,22.376785278320312,21.808570861816406,22.194286346435547,558527200
3225,2012-10-25,18.377029418945312,21.769285202026367,22.21428680419922,21.626785278320312,22.14285659790039,656325600
3226,2012-10-26,18.21000099182129,21.571428298950195,21.928571701049805,21.10714340209961,21.765356063842773,1018432800
3227,2012-10-31,17.94830894470215,21.261428833007812,21.498571395874023,20.989286422729492,21.24571418762207,510003200
3228,2012-11-01,17.985088348388672,21.30500030517578,21.53571319580078,21.22035789489746,21.364999771118164,361298000
3229,2012-11-02,17.38994598388672,20.600000381469727,21.319643020629883,20.52678680419922,21.28178596496582,599373600
3230,2012-11-05,17.625715255737305,20.87928581237793,20.991785049438477,20.628570556640625,20.84000015258789,529135600
3231,2012-11-06,17.572357177734375,20.816070556640625,21.097856521606445,20.717500686645508,21.07964324951172,374917200
3232,2012-11-07,16.899986267089844,19.928571701049805,20.519285202026367,19.84821319580078,20.494285583496094,793648800
3233,2012-11-08,16.28667640686035,19.20535659790039,20.07964324951172,19.11750030517578,20.022499084472656,1056146000
3234,2012-11-09,16.56865119934082,19.537857055664062,19.817142486572266,19.06142807006836,19.30071449279785,929913600
3235,2012-11-12,16.440528869628906,19.38678550720215,19.803571701049805,19.237499237060547,19.79107093811035,515802000
3236,2012-11-13,16.442657470703125,19.389286041259766,19.65999984741211,19.15571403503418,19.24678611755371,532949200
3237,2012-11-14,16.26032829284668,19.174285888671875,19.551786422729492,19.1492862701416,19.48214340209961,477170400
3238,2012-11-15,15.919306755065918,18.77214241027832,19.26785659790039,18.665000915527344,19.197500228881836,789910800
3239,2012-11-16,15.981687545776367,18.845714569091797,18.928571701049805,18.0625,18.757143020629883,1266893600
3240,2012-11-19,17.134096145629883,20.20464324951172,20.26785659790039,19.281429290771484,19.311071395874023,823317600
3241,2012-11-20,16.988122940063477,20.032499313354492,20.426786422729492,19.806428909301758,20.425357818603516,642754000
3242,2012-11-21,17.012048721313477,20.060714721679688,20.263214111328125,19.878570556640625,20.15178680419922,373002000
3243,2012-11-23,17.308853149414062,20.41071319580078,20.428571701049805,20.092857360839844,20.256071090698242,272826400
3244,2012-11-26,17.85492706298828,21.054643630981445,21.071428298950195,20.489643096923828,20.56785774230957,630579600
3245,2012-11-27,17.711063385009766,20.885000228881836,21.086429595947266,20.717857360839844,21.055356979370117,533330000
3246,2012-11-28,17.655338287353516,20.819286346435547,20.921428680419922,20.437856674194336,20.616785049438477,520864400
3247,2012-11-29,17.84977912902832,21.04857063293457,21.22321319580078,20.90178680419922,21.079286575317383,514698800
3248,2012-11-30,17.72620391845703,20.902856826782227,21.014286041259766,20.809999465942383,20.956785202026367,391319600
3249,2012-12-03,17.75377082824707,20.93535614013672,21.2353572845459,20.91071319580078,21.201786041259766,364280000
3250,2012-12-04,17.440601348876953,20.566070556640625,20.7785701751709,20.43321418762207,20.7785701751709,557068400
3251,2012-12-05,16.318172454833984,19.24250030517578,20.33035659790039,19.241785049438477,20.318214416503906,1044638000
3252,2012-12-06,16.5740966796875,19.544286727905273,19.761070251464844,18.522499084472656,18.890714645385742,1177212400
3253,2012-12-07,16.1503849029541,19.04464340209961,19.828571319580078,18.928571701049805,19.764286041259766,787040800
3254,2012-12-10,16.0465087890625,18.922143936157227,19.232500076293945,18.627857208251953,18.75,630484400
3255,2012-12-11,16.396913528442383,19.335357666015625,19.62714385986328,19.19178581237793,19.27750015258789,592345600
3256,2012-12-12,16.324533462524414,19.25,19.571428298950195,19.15250015258789,19.563213348388672,487144000
3257,2012-12-13,16.04256820678711,18.917499542236328,19.20142936706543,18.7785701751709,18.969642639160156,625259600
3258,2012-12-14,15.439860343933105,18.206785202026367,18.504642486572266,18.056428909301758,18.383928298950195,1009579200
3259,2012-12-17,15.71365737915039,18.52964210510254,18.571428298950195,17.901071548461914,18.176071166992188,757607200
3260,2012-12-18,16.170074462890625,19.06785774230957,19.10357093811035,18.58035659790039,18.75,625685200
3261,2012-12-19,15.940197944641113,18.796785354614258,19.060714721679688,18.76785659790039,18.98107147216797,449369200
3262,2012-12-20,15.801487922668457,18.633214950561523,18.935714721679688,18.531429290771484,18.928571701049805,481689600
3263,2012-12-21,15.728800773620605,18.547500610351562,18.559642791748047,18.222856521606445,18.302499771118164,596268400
3264,2012-12-24,15.754237174987793,18.577499389648438,18.72321319580078,18.52535629272461,18.58392906188965,175753200
3265,2012-12-26,15.537081718444824,18.321428298950195,18.552143096923828,18.25428581237793,18.53571319580078,302436400
3266,2012-12-27,15.599477767944336,18.395000457763672,18.4375,18.023571014404297,18.340713500976562,455120400
3267,2012-12-28,15.433806419372559,18.199642181396484,18.374286651611328,18.14714241027832,18.22464370727539,354278400
3268,2012-12-31,16.1176700592041,19.006071090698242,19.121429443359375,18.178571701049805,18.233213424682617,659492400
3269,2013-01-02,16.628320693969727,19.608213424682617,19.821428298950195,19.343929290771484,19.779285430908203,560518000
3270,2013-01-03,16.418424606323242,19.360713958740234,19.631071090698242,19.321428298950195,19.567142486572266,352965200
3271,2013-01-04,15.961091041564941,18.821428298950195,19.236785888671875,18.77964210510254,19.177499771118164,594333600
3272,2013-01-07,15.867206573486328,18.71071434020996,18.9035701751709,18.399999618530273,18.64285659790039,484156400
3273,2013-01-08,15.909911155700684,18.761070251464844,18.996070861816406,18.616071701049805,18.90035629272461,458707200
3274,2013-01-09,15.661256790161133,18.467857360839844,18.750356674194336,18.428213119506836,18.66071319580078,407604400
3275,2013-01-10,15.855398178100586,18.696786880493164,18.882856369018555,18.411428451538086,18.876785278320312,601146000
3276,2013-01-11,15.75817584991455,18.582143783569336,18.761428833007812,18.536428451538086,18.60714340209961,350506800
3277,2013-01-14,15.196357727050781,17.91964340209961,18.125,17.80392837524414,17.952856063842773,734207600
3278,2013-01-15,14.716920852661133,17.354286193847656,17.82107162475586,17.26357078552246,17.796428680419922,876772400
3279,2013-01-16,15.327799797058105,18.074642181396484,18.194286346435547,17.58928680419922,17.665714263916016,690804800
3280,2013-01-17,15.224522590637207,17.952856063842773,18.241071701049805,17.929643630981445,18.225357055664062,453678400
3281,2013-01-18,15.143359184265137,17.85714340209961,17.93642807006836,17.72857093811035,17.804285049438477,472922800
3282,2013-01-22,15.287826538085938,18.02750015258789,18.13857078552246,17.736785888671875,18.020000457763672,461546400
3283,2013-01-23,15.567670822143555,18.357500076293945,18.392499923706055,18.02750015258789,18.171785354614258,861509600
3284,2013-01-24,13.644164085388184,16.08928680419922,16.633214950561523,16.08035659790039,16.428571701049805,1460852400
3285,2013-01-25,13.322518348693848,15.710000038146973,16.293928146362305,15.535714149475098,16.131786346435547,1208026400
3286,2013-01-28,13.623872756958008,16.065357208251953,16.186071395874023,15.566429138183594,15.636786460876465,785517600
3287,2013-01-29,13.87948989868164,16.366785049438477,16.435714721679688,16.14714241027832,16.375,571158000
3288,2013-01-30,13.8358736038208,16.315357208251953,16.52142906188965,16.23214340209961,16.321428298950195,417155200
3289,2013-01-31,13.795293807983398,16.267499923706055,16.402856826782227,16.249286651611328,16.320714950561523,319334400
3290,2013-02-01,13.738652229309082,16.200714111328125,16.40999984741211,16.012500762939453,16.396785736083984,539484400
3291,2013-02-04,13.396415710449219,15.79714298248291,16.283571243286133,15.785714149475098,16.211071014404297,477117200
3292,2013-02-05,13.86646556854248,16.351428985595703,16.419286727905273,15.793571472167969,15.858928680419922,573347600
3293,2013-02-06,13.8516263961792,16.33392906188965,16.66071319580078,16.163570404052734,16.302499771118164,593706400
3294,2013-02-07,14.263490676879883,16.722143173217773,16.78571319580078,16.218570709228516,16.54464340209961,704580800
3295,2013-02-08,14.469423294067383,16.963571548461914,17.100357055664062,16.72321319580078,16.928571701049805,633158400
3296,2013-02-11,14.620217323303223,17.140356063842773,17.319286346435547,16.90178680419922,17.01785659790039,517490400
3297,2013-02-12,14.253746032714844,16.71071434020996,17.22785758972168,16.704999923706055,17.125356674194336,609053200
3298,2013-02-13,14.226631164550781,16.67892837524414,16.915714263916016,16.54357147216797,16.686071395874023,475207600
3299,2013-02-14,14.213839530944824,16.663928985595703,16.84428596496582,16.5721435546875,16.59000015258789,355275200
3300,2013-02-15,14.017959594726562,16.43428611755371,16.79142951965332,16.42571449279785,16.74464225769043,391745200
3301,2013-02-19,14.012777328491211,16.428213119506836,16.526071548461914,16.20892906188965,16.467857360839844,435783600
3302,2013-02-20,13.673420906066895,16.030357360839844,16.346071243286133,16.0285701751709,16.346071243286133,476302400
3303,2013-02-21,13.588423728942871,15.930713653564453,16.041786193847656,15.8149995803833,15.928570747375488,447182400
3304,2013-02-22,13.733123779296875,16.100357055664062,16.128570556640625,15.949999809265137,16.04464340209961,330654800
3305,2013-02-25,13.489114761352539,15.814286231994629,16.25428581237793,15.806071281433105,16.20892906188965,372579200
3306,2013-02-26,13.677078247070312,16.034643173217773,16.126428604125977,15.630714416503906,15.850713729858398,501499600
3307,2013-02-27,13.543033599853516,15.8774995803833,16.158571243286133,15.737500190734863,16.015356063842773,587350400
3308,2013-02-28,13.446463584899902,15.764286041259766,15.995356559753418,15.764286041259766,15.858928680419922,322515200
3309,2013-03-01,13.113505363464355,15.373929023742676,15.649286270141602,15.356429100036621,15.64285659790039,552448400
3310,2013-03-04,12.7960786819458,15.001786231994629,15.29285717010498,14.964285850524902,15.278571128845215,582755600
3311,2013-03-05,13.133913040161133,15.397856712341309,15.542499542236328,15.026785850524902,15.052857398986816,638433600
3312,2013-03-06,12.966978073120117,15.202142715454102,15.54464340209961,15.15821361541748,15.518214225769043,460250000
3313,2013-03-07,13.116853713989258,15.377857208251953,15.428929328918457,15.037857055664062,15.160714149475098,468473600
3314,2013-03-08,13.151583671569824,15.418571472167969,15.551071166992188,15.307499885559082,15.350000381469727,391482000
3315,2013-03-11,13.338930130004883,15.638214111328125,15.678929328918457,15.183570861816406,15.348214149475098,474236000
3316,2013-03-12,13.051360130310059,15.301071166992188,15.674285888671875,15.270357131958008,15.557143211364746,465911600
3317,2013-03-13,13.048922538757324,15.298213958740234,15.51785659790039,15.191429138183594,15.301786422729492,405549200
3318,2013-03-14,13.175344467163086,15.446429252624512,15.522856712341309,15.373213768005371,15.458213806152344,303875600
3319,2013-03-15,13.515315055847168,15.845000267028809,15.865357398986816,15.616070747375488,15.64035701751709,643960800
3320,2013-03-18,13.882699012756348,16.275714874267578,16.33785629272461,15.757143020629883,15.766071319580078,606197200
3321,2013-03-19,13.845232963562012,16.231786727905273,16.463214874267578,16.01785659790039,16.41071319580078,526775200
3322,2013-03-20,13.771814346313477,16.145713806152344,16.343929290771484,16.056785583496094,16.336429595947266,308660800
3323,2013-03-21,13.791614532470703,16.168928146362305,16.356428146362305,16.075000762939453,16.079286575317383,383255600
3324,2013-03-22,14.071264266967773,16.49678611755371,16.503570556640625,16.1825008392334,16.235000610351562,395105200
3325,2013-03-25,14.122138977050781,16.556428909301758,16.7839298248291,16.492143630981445,16.596071243286133,501135600
3326,2013-03-26,14.047813415527344,16.46928596496582,16.637142181396484,16.447500228881836,16.62285614013672,294294000
3327,2013-03-27,13.771814346313477,16.145713806152344,16.314285278320312,16.09749984741211,16.302143096923828,331237200
3328,2013-03-28,13.484851837158203,15.809286117553711,16.136428833007812,15.772143363952637,16.065000534057617,442839600
3329,2013-04-01,13.065984725952148,15.318214416503906,15.846428871154785,15.276429176330566,15.782142639160156,389732000
3330,2013-04-02,13.092788696289062,15.349642753601074,15.647856712341309,15.228570938110352,15.271429061889648,529519200
3331,2013-04-03,13.159805297851562,15.428214073181152,15.617142677307129,15.368213653564453,15.406070709228516,363216000
3332,2013-04-04,13.029729843139648,15.275713920593262,15.535714149475098,15.1875,15.491429328918457,358447600
3333,2013-04-05,12.892036437988281,15.114286422729492,15.176786422729492,14.988571166992188,15.160714149475098,383695200
3334,2013-04-08,12.98373031616211,15.221785545349121,15.26785659790039,15.088929176330566,15.173213958740234,300829200
3335,2013-04-09,13.007187843322754,15.249285697937012,15.303570747375488,15.098214149475098,15.227143287658691,306614000
3336,2013-04-10,13.272521018981934,15.560357093811035,15.609286308288574,15.214642524719238,15.289285659790039,375928000
3337,2013-04-11,13.231088638305664,15.511786460876465,15.642499923706055,15.399999618530273,15.489999771118164,328364400
3338,2013-04-12,13.093093872070312,15.350000381469727,15.505356788635254,15.3246431350708,15.505356788635254,238613200
3339,2013-04-15,12.789979934692383,14.994643211364746,15.28178596496582,14.983928680419922,15.25,317520000
3340,2013-04-16,12.984644889831543,15.222857475280762,15.23607063293457,15.020357131958008,15.056071281433105,305771200
3341,2013-04-17,12.270586013793945,14.385713577270508,15.021429061889648,14.21821403503418,15.009642601013184,945056000
3342,2013-04-18,11.943105697631836,14.001786231994629,14.492500305175781,13.919285774230957,14.463929176330566,666299200
3343,2013-04-19,11.896801948547363,13.947500228881836,14.271429061889648,13.753570556640625,13.856071472167969,609274400
3344,2013-04-22,12.14477252960205,14.238213539123535,14.364286422729492,13.973929405212402,14.022856712341309,429920400
3345,2013-04-23,12.372026443481445,14.504643440246582,14.585000038146973,14.243213653564453,14.428214073181152,664238400
3346,2013-04-24,12.3516206741333,14.480713844299316,14.83035659790039,14.01785659790039,14.055000305175781,969651200
3347,2013-04-25,12.440570831298828,14.585000038146973,14.783571243286133,14.535714149475098,14.686785697937012,384837600
3348,2013-04-26,12.709256172180176,14.899999618530273,14.956070899963379,14.58035659790039,14.63607120513916,764097600
3349,2013-04-29,13.102837562561035,15.361429214477539,15.486429214477539,15.0,15.016071319580078,640326400
3350,2013-04-30,13.488504409790039,15.813570976257324,15.901785850524902,15.431071281433105,15.539285659790039,691538400
3351,2013-05-01,13.38218879699707,15.688928604125977,15.89035701751709,15.51392936706543,15.873571395874023,506909200
3352,2013-05-02,13.571979522705078,15.911429405212402,16.02107048034668,15.736785888671875,15.777856826782227,421828400
3353,2013-05-03,13.707841873168945,16.070714950561523,16.186786651611328,16.04107093811035,16.118213653564453,361300800
3354,2013-05-06,14.03471565246582,16.453929901123047,16.507143020629883,16.225357055664062,16.27535629272461,496641600
3355,2013-05-07,13.972259521484375,16.380714416503906,16.633928298950195,16.203571319580078,16.60607147216797,483753200
3356,2013-05-08,14.130060195922852,16.56571388244629,16.620357513427734,16.278928756713867,16.394285202026367,472598000
3357,2013-05-09,14.00678825378418,16.313213348388672,16.53571319580078,16.270713806152344,16.421785354614258,398487600
3358,2013-05-10,13.890262603759766,16.177499771118164,16.418214797973633,16.088571548461914,16.35607147216797,334852000
3359,2013-05-13,13.944538116455078,16.240713119506836,16.35357093811035,16.125,16.125356674194336,316948800
3360,2013-05-14,13.610905647277832,15.852143287658691,16.257143020629883,15.791070938110352,16.20892906188965,447118000
3361,2013-05-15,13.150626182556152,15.316070556640625,15.75,15.084285736083984,15.684286117553711,741613600
3362,2013-05-16,13.326333045959473,15.520713806152344,15.637499809265137,14.960714340209961,15.115714073181152,603204000
3363,2013-05-17,13.285859107971191,15.473570823669434,15.717499732971191,15.393214225769043,15.680356979370117,427904400
3364,2013-05-20,13.582387924194336,15.818928718566895,15.921428680419922,15.360713958740234,15.4253568649292,451578400
3365,2013-05-21,13.482111930847168,15.702142715454102,15.90999984741211,15.507143020629883,15.648214340209961,456022000
3366,2013-05-22,13.533937454223633,15.762499809265137,16.012500762939453,15.650713920593262,15.858928680419922,443038400
3367,2013-05-23,13.558162689208984,15.790714263916016,15.934286117553711,15.563928604125977,15.569643020629883,353021200
3368,2013-05-24,13.65046501159668,15.898214340209961,15.916428565979004,15.727143287658691,15.744643211364746,276166800
3369,2013-05-28,13.536696434020996,15.765713691711426,16.11107063293457,15.744643211364746,16.06785774230957,386145200
3370,2013-05-29,13.644330024719238,15.891071319580078,15.98214340209961,15.692856788635254,15.714285850524902,330576400
3371,2013-05-30,13.847641944885254,16.127857208251953,16.23214340209961,15.875356674194336,15.916070938110352,353519600
3372,2013-05-31,13.790910720825195,16.061786651611328,16.325000762939453,16.053571701049805,16.16071319580078,384302800
3373,2013-06-03,13.821270942687988,16.097143173217773,16.15571403503418,15.802857398986816,16.09749984741211,372352400
3374,2013-06-04,13.778030395507812,16.046785354614258,16.229642868041992,15.978214263916016,16.18642807006836,292728800
3375,2013-06-05,13.649237632751465,15.896785736083984,16.097143173217773,15.846785545349121,15.916070938110352,290589600
3376,2013-06-06,13.445316314697266,15.659285545349121,15.964285850524902,15.501786231994629,15.909643173217773,416934000
3377,2013-06-07,13.548042297363281,15.778928756713867,15.829999923706055,15.456070899963379,15.589285850524902,404535600
3378,2013-06-10,13.458501815795898,15.674642562866211,16.038570404052734,15.600000381469727,15.883213996887207,450153200
3379,2013-06-11,13.418941497802734,15.628570556640625,15.812856674194336,15.475713729858398,15.562143325805664,286112400
3380,2013-06-12,13.253047943115234,15.435357093811035,15.758929252624512,15.410714149475098,15.696429252624512,265227200
3381,2013-06-13,13.36865520477295,15.569999694824219,15.612142562866211,15.3125,15.446429252624512,285832400
3382,2013-06-14,13.187421798706055,15.358928680419922,15.581786155700684,15.303570747375488,15.550000190734863,271866000
3383,2013-06-17,13.24721908569336,15.428570747375488,15.560713768005371,15.369999885559082,15.408571243286133,259414400
3384,2013-06-18,13.240163803100586,15.420356750488281,15.532142639160156,15.364643096923828,15.412857055664062,195025600
3385,2013-06-19,12.971236228942871,15.10714340209961,15.416428565979004,15.10714340209961,15.407142639160156,310940000
3386,2013-06-20,12.782339096069336,14.8871431350708,15.213570594787598,14.827500343322754,14.975000381469727,357310800
3387,2013-06-21,12.67991828918457,14.76785659790039,15.0,14.574999809265137,14.946070671081543,481118400
3388,2013-06-24,12.343832969665527,14.376428604125977,14.595000267028809,14.216071128845215,14.550000190734863,480746000
3389,2013-06-25,12.34659481048584,14.379643440246582,14.563928604125977,14.243928909301758,14.489286422729492,314162800
3390,2013-06-26,12.206762313842773,14.21678638458252,14.456786155700684,14.130714416503906,14.425000190734863,367724000
3391,2013-06-27,12.075207710266113,14.063570976257324,14.335356712341309,14.055000305175781,14.258929252624512,337246000
3392,2013-06-28,12.159539222717285,14.161786079406738,14.295356750488281,13.888214111328125,13.977143287658691,578516400
3393,2013-07-01,12.548676490783691,14.614999771118164,14.723929405212402,14.329285621643066,14.381786346435547,391053600
3394,2013-07-02,12.832937240600586,14.946070671081543,15.05821418762207,14.623929023742676,14.64142894744873,469865200
3395,2013-07-03,12.903773307800293,15.028571128845215,15.106429100036621,14.908928871154785,15.03071403503418,240928800
3396,2013-07-05,12.800124168395996,14.907856941223145,15.117500305175781,14.833929061889648,15.01392936706543,274024800
3397,2013-07-08,12.727449417114258,14.823213577270508,15.035714149475098,14.666070938110352,15.003929138183594,298138400
3398,2013-07-09,12.951302528381348,15.083929061889648,15.125,14.656429290771484,14.771429061889648,352584400
3399,2013-07-10,12.901627540588379,15.026070594787598,15.171428680419922,14.9375,14.985713958740234,281405600
3400,2013-07-11,13.102790832519531,15.260356903076172,15.29464340209961,15.041786193847656,15.10535717010498,326292400
3401,2013-07-12,13.07887077331543,15.232500076293945,15.349642753601074,15.121786117553711,15.273214340209961,279563200
3402,2013-07-15,13.107385635375977,15.265713691711426,15.409285545349121,15.171428680419922,15.178929328918457,241917200
3403,2013-07-16,13.192026138305664,15.364286422729492,15.382499694824219,15.14892864227295,15.232856750488281,216538000
3404,2013-07-17,13.195399284362793,15.368213653564453,15.436429023742676,15.293571472167969,15.346428871154785,198990400
3405,2013-07-18,13.239859580993652,15.420000076293945,15.531070709228516,15.378929138183594,15.477856636047363,218878800
3406,2013-07-19,13.031036376953125,15.176786422729492,15.499285697937012,15.155357360839844,15.467857360839844,268721600
3407,2013-07-22,13.072736740112305,15.225357055664062,15.348214149475098,15.195357322692871,15.337857246398926,207796400
3408,2013-07-23,12.848271369934082,14.963929176330566,15.248571395874023,14.95392894744873,15.214285850524902,369395600
3409,2013-07-24,13.50818157196045,15.732500076293945,15.878213882446289,15.545000076293945,15.676071166992188,591936800
3410,2013-07-25,13.44654655456543,15.660714149475098,15.764286041259766,15.564642906188965,15.739286422729492,229493600
3411,2013-07-26,13.522897720336914,15.749643325805664,15.751428604125977,15.5121431350708,15.546428680419922,200152400
3412,2013-07-29,13.731419563293457,15.992500305175781,16.07107162475586,15.721428871154785,15.742856979370117,248057600
3413,2013-07-30,13.900993347167969,16.190000534057617,16.326786041259766,16.043928146362305,16.06999969482422,309422400
3414,2013-07-31,13.87677001953125,16.161785125732422,16.33357048034668,16.051071166992188,16.249643325805664,322957600
3415,2013-08-01,14.00403118133545,16.309999465942383,16.314285278320312,16.187856674194336,16.27678680419922,206250800
3416,2013-08-02,14.183727264404297,16.519285202026367,16.530357360839844,16.30928611755371,16.357500076293945,274783600
3417,2013-08-05,14.395624160766602,16.766071319580078,16.809642791748047,16.50535774230957,16.596071243286133,318855600
3418,2013-08-06,14.266826629638672,16.616071701049805,16.853214263916016,16.506071090698242,16.71500015258789,334857600
3419,2013-08-07,14.258548736572266,16.606428146362305,16.678571701049805,16.491785049438477,16.564285278320312,298858000
3420,2013-08-08,14.230149269104004,16.464643478393555,16.575000762939453,16.355356216430664,16.566429138183594,255777200
3421,2013-08-09,14.027661323547363,16.230356216430664,16.44499969482422,16.201786041259766,16.3799991607666,266865200
3422,2013-08-12,14.42615795135498,16.691429138183594,16.737499237060547,16.30821418762207,16.316429138183594,364434000
3423,2013-08-13,15.111721992492676,17.484643936157227,17.66642951965332,16.7160701751709,16.819286346435547,881941200
3424,2013-08-14,15.387372016906738,17.803571701049805,18.008928298950195,17.621429443359375,17.781429290771484,756372400
3425,2013-08-15,15.369153022766113,17.782499313354492,17.94285774230957,17.46714210510254,17.729286193847656,490294000
3426,2013-08-16,15.505592346191406,17.940357208251953,17.962142944335938,17.816429138183594,17.862499237060547,362306000
3427,2013-08-19,15.67258358001709,18.13357162475586,18.347856521606445,18.0,18.012142181396484,510518400
3428,2013-08-20,15.466691017150879,17.895357131958008,18.234643936157227,17.886428833007812,18.203929901123047,358688400
3429,2013-08-21,15.506512641906738,17.941429138183594,18.112499237060547,17.899999618530273,17.9853572845459,335879600
3430,2013-08-22,15.52503490447998,17.96285629272461,18.056785583496094,17.792856216430664,18.03499984741211,244207600
3431,2013-08-23,15.465153694152832,17.893571853637695,17.97678565979004,17.83392906188965,17.973928451538086,222731600
3432,2013-08-26,15.525341033935547,17.963214874267578,18.2214298248291,17.875,17.883928298950195,330965600
3433,2013-08-27,15.081472396850586,17.449642181396484,17.946786880493164,17.367856979370117,17.78571319580078,424188800
3434,2013-08-28,15.152772903442383,17.532142639160156,17.707143783569336,17.35714340209961,17.35714340209961,307608000
3435,2013-08-29,15.177472114562988,17.560714721679688,17.73214340209961,17.54035758972168,17.558929443359375,239657600
3436,2013-08-30,15.03918170928955,17.400714874267578,17.605356216430664,17.375,17.571428298950195,272297200
3437,2013-09-03,15.081161499023438,17.44928550720215,17.878570556640625,17.405357360839844,17.610713958740234,331928800
3438,2013-09-04,15.393223762512207,17.81035614013672,17.937143325805664,17.724285125732422,17.841428756713867,345032800
3439,2013-09-05,15.287668228149414,17.688213348388672,17.88142967224121,17.6299991607666,17.866071701049805,236367600
3440,2013-09-06,15.37872314453125,17.79357147216797,17.834999084472656,17.498214721679688,17.801429748535156,359525600
3441,2013-09-09,15.62411880493164,18.077499389648438,18.139999389648438,17.981428146362305,18.03571319580078,340687200
3442,2013-09-10,15.268218040466309,17.665714263916016,18.123214721679688,17.48214340209961,18.078571319580078,743195600
3443,2013-09-11,14.43696117401123,16.703929901123047,16.917499542236328,16.600357055664062,16.67892837524414,898696400
3444,2013-09-12,14.590679168701172,16.881786346435547,16.97857093811035,16.643213272094727,16.73214340209961,404051200
3445,2013-09-13,14.35022258758545,16.60357093811035,16.851070404052734,16.5964298248291,16.762142181396484,298835600
3446,2013-09-16,13.894001960754395,16.075714111328125,16.48607063293457,15.972143173217773,16.46428680419922,543706800
3447,2013-09-17,14.054511070251465,16.261428833007812,16.418214797973633,15.98214340209961,15.998571395874023,399380800
3448,2013-09-18,14.34343147277832,16.595714569091797,16.655357360839844,16.4521427154541,16.542142868041992,456862000
3449,2013-09-19,14.578643798828125,16.867856979370117,16.993928909301758,16.758928298950195,16.810714721679688,404541200
3450,2013-09-20,14.427700996398926,16.693214416503906,17.0910701751709,16.64285659790039,17.071428298950195,699302800
3451,2013-09-23,15.144744873046875,17.522857666015625,17.74678611755371,17.235713958740234,17.717857360839844,762106800
3452,2013-09-24,15.097209930419922,17.467857360839844,17.695356369018555,17.422143936157227,17.674285888671875,364344400
3453,2013-09-25,14.863541603088379,17.197500228881836,17.48714256286621,17.19392967224121,17.4714298248291,316957200
3454,2013-09-26,15.00831413269043,17.364999771118164,17.448570251464844,17.282142639160156,17.35714340209961,237221600
3455,2013-09-27,14.90120792388916,17.241071701049805,17.309642791748047,17.16857147216797,17.277856826782227,228040400
3456,2013-09-30,14.7160005569458,17.02678680419922,17.2021427154541,16.943214416503906,17.04464340209961,260156400
3457,2013-10-01,15.062026977539062,17.427143096923828,17.46928596496582,17.084999084472656,17.087499618530273,353883600
3458,2013-10-02,15.111412048339844,17.484285354614258,17.564285278320312,17.27678680419922,17.343929290771484,289184000
3459,2013-10-03,14.92158031463623,17.2646427154541,17.58392906188965,17.169286727905273,17.518213272094727,322753200
3460,2013-10-04,14.909852981567383,17.25107192993164,17.30714225769043,17.092857360839844,17.28071403503418,258868400
3461,2013-10-07,15.055543899536133,17.41964340209961,17.594642639160156,17.33392906188965,17.37714385986328,312292400
3462,2013-10-08,14.8453369140625,17.176429748535156,17.522857666015625,17.16214370727539,17.49785614013672,290917200
3463,2013-10-09,15.019736289978027,17.37821388244629,17.421070098876953,17.08142852783203,17.308570861816406,301725200
3464,2013-10-10,15.113883972167969,17.48714256286621,17.584999084472656,17.394285202026367,17.547143936157227,278602800
3465,2013-10-11,15.211735725402832,17.600357055664062,17.637142181396484,17.3271427154541,17.392499923706055,267738800
3466,2013-10-14,15.311426162719727,17.715713500976562,17.770713806152344,17.47678565979004,17.493928909301758,261898000
3467,2013-10-15,15.392928123474121,17.809999465942383,17.928571701049805,17.6971435546875,17.768213272094727,320073600
3468,2013-10-16,15.467926025390625,17.896785736083984,17.947500228881836,17.82964324951172,17.885356903076172,251101200
3469,2013-10-17,15.57257080078125,18.01785659790039,18.027856826782227,17.845714569091797,17.856428146362305,253593200
3470,2013-10-18,15.70807933807373,18.17464256286621,18.187856674194336,18.061071395874023,18.07107162475586,290542000
3471,2013-10-21,16.092992782592773,18.6200008392334,18.725000381469727,18.268571853637695,18.27750015258789,398106800
3472,2013-10-22,16.047008514404297,18.56678581237793,18.873214721679688,18.14392852783203,18.800357818603516,534063600
3473,2013-10-23,16.204118728637695,18.748571395874023,18.773929595947266,18.53571319580078,18.53571319580078,313723200
3474,2013-10-24,16.41864013671875,18.99678611755371,19.016786575317383,18.6589298248291,18.75,384764800
3475,2013-10-25,16.2349796295166,18.784286499023438,19.043928146362305,18.753929138183594,18.9757137298584,337792000
3476,2013-10-28,16.35598373413086,18.924285888671875,18.96428680419922,18.686071395874023,18.894285202026367,550440800
3477,2013-10-29,15.94853401184082,18.452856063842773,19.258928298950195,18.376428604125977,19.15250015258789,635807200
3478,2013-10-30,16.202260971069336,18.746429443359375,18.84000015258789,18.46500015258789,18.5575008392334,354163600
3479,2013-10-31,16.134355545043945,18.667856216430664,18.83892822265625,18.616785049438477,18.75,275696400
3480,2013-11-01,16.051939010620117,18.572500228881836,18.742856979370117,18.4228572845459,18.71500015258789,274890000
3481,2013-11-04,16.259370803833008,18.8125,18.815000534057617,18.528928756713867,18.610713958740234,244627600
3482,2013-11-05,16.21924591064453,18.766071319580078,18.88892936706543,18.678571701049805,18.735000610351562,265213200
3483,2013-11-06,16.173295974731445,18.604286193847656,18.7450008392334,18.507143020629883,18.719642639160156,223375600
3484,2013-11-07,15.911555290222168,18.303213119506836,18.68535614013672,18.299285888671875,18.556428909301758,262620400
3485,2013-11-08,16.16211700439453,18.591428756713867,18.611785888671875,18.306785583496094,18.377857208251953,279316800
3486,2013-11-11,16.115232467651367,18.537500381469727,18.631071090698242,18.37178611755371,18.57107162475586,227452400
3487,2013-11-12,16.145042419433594,18.571786880493164,18.711429595947266,18.46428680419922,18.48821449279785,204276800
3488,2013-11-13,16.164291381835938,18.593929290771484,18.65178680419922,18.46285629272461,18.5,197220800
3489,2013-11-14,16.398075103759766,18.862857818603516,18.902856826782227,18.638214111328125,18.671785354614258,282419200
3490,2013-11-15,16.29966163635254,18.749643325805664,18.89607048034668,18.731786727905273,18.806428909301758,317920400
3491,2013-11-18,16.102191925048828,18.522499084472656,18.828214645385742,18.507143020629883,18.749643325805664,244944000
3492,2013-11-19,16.13075065612793,18.555356979370117,18.692142486572266,18.49892807006836,18.536785125732422,208938800
3493,2013-11-20,15.989487648010254,18.39285659790039,18.586429595947266,18.368928909301758,18.543928146362305,193916800
3494,2013-11-21,16.180124282836914,18.61214256286621,18.614643096923828,18.34535789489746,18.485713958740234,262026800
3495,2013-11-22,16.138521194458008,18.564285278320312,18.648571014404297,18.51892852783203,18.554285049438477,223725600
3496,2013-11-25,16.26084327697754,18.704999923706055,18.781070709228516,18.60714340209961,18.60785675048828,229311600
3497,2013-11-26,16.56076431274414,19.049999237060547,19.147857666015625,18.71428680419922,18.718570709228516,401382800
3498,2013-11-27,16.95072364807129,19.498571395874023,19.5,19.049999237060547,19.153928756713867,363448400
3499,2013-11-29,17.264612197875977,19.859643936157227,19.940357208251953,19.56464385986328,19.624286651611328,318127600
3500,2013-12-02,17.114347457885742,19.686786651611328,20.15464210510254,19.672143936157227,19.928571701049805,472544800
3501,2013-12-03,17.582847595214844,20.2257137298584,20.22785758972168,19.917142868041992,19.939285278320312,450968000
3502,2013-12-04,17.5418643951416,20.178571701049805,20.328214645385742,20.029285430908203,20.196428298950195,377809600
3503,2013-12-05,17.63191032409668,20.282142639160156,20.540714263916016,20.22892951965332,20.451786041259766,447580000
3504,2013-12-06,17.387248992919922,20.000713348388672,20.241071701049805,19.984643936157227,20.206785202026367,344352400
3505,2013-12-09,17.586265563964844,20.229642868041992,20.34214210510254,20.032142639160156,20.032142639160156,320493600
3506,2013-12-10,17.558944702148438,20.198213577270508,20.281429290771484,20.042856216430664,20.127857208251953,278269600
3507,2013-12-11,17.428855895996094,20.04857063293457,20.391786575317383,19.988929748535156,20.25,359718800
3508,2013-12-12,17.40339469909668,20.019285202026367,20.19071388244629,20.00107192993164,20.07642936706543,262290000
3509,2013-12-13,17.213693618774414,19.801071166992188,20.10285758972168,19.773929595947266,20.10178565979004,332822000
3510,2013-12-16,17.309019088745117,19.91071319580078,20.09428596496582,19.821786880493164,19.8221435546875,282592800
3511,2013-12-17,17.231081008911133,19.82107162475586,19.979999542236328,19.76357078552246,19.850357055664062,229902400
3512,2013-12-18,17.10006332397461,19.67035675048828,19.694643020629883,19.242856979370117,19.632143020629883,565863200
3513,2013-12-19,16.90414810180664,19.44499969482422,19.64285659790039,19.418928146362305,19.625,320308800
3514,2013-12-20,17.045730590820312,19.60785675048828,19.70035743713379,19.457857131958008,19.479642868041992,436413600
3515,2013-12-23,17.699899673461914,20.3603572845459,20.382856369018555,20.09857177734375,20.28571319580078,501306400
3516,2013-12-24,17.624771118164062,20.273929595947266,20.424285888671875,20.215356826782227,20.353214263916016,167554800
3517,2013-12-26,17.507713317871094,20.139286041259766,20.33928680419922,20.12071418762207,20.28928565979004,204008000
3518,2013-12-27,17.38942527770996,20.00321388244629,20.157499313354492,19.98214340209961,20.136428833007812,225884400
3519,2013-12-30,17.216482162475586,19.804285049438477,20.00321388244629,19.7257137298584,19.909286499023438,253629600
3520,2013-12-31,17.418298721313477,20.036428451538086,20.045713424682617,19.78571319580078,19.791786193847656,223084400
3521,2014-01-02,17.173337936401367,19.754642486572266,19.89392852783203,19.71500015258789,19.845714569091797,234684800
3522,2014-01-03,16.79610252380371,19.320714950561523,19.774999618530273,19.301071166992188,19.7450008392334,392467600
3523,2014-01-06,16.887697219848633,19.426071166992188,19.5285701751709,19.05714225769043,19.194643020629883,412610800
3524,2014-01-07,16.766916275024414,19.28714370727539,19.498571395874023,19.211429595947266,19.440000534057617,317209200
3525,2014-01-08,16.87310028076172,19.409286499023438,19.484285354614258,19.238929748535156,19.243213653564453,258529600
3526,2014-01-09,16.657630920410156,19.161428451538086,19.53071403503418,19.11964225769043,19.5285701751709,279148800
3527,2014-01-10,16.546489715576172,19.033571243286133,19.314285278320312,18.96821403503418,19.27964210510254,304976000
3528,2014-01-13,16.633102416992188,19.133214950561523,19.375,18.924285888671875,18.925357818603516,378492800
3529,2014-01-14,16.964073181152344,19.51392936706543,19.526071548461914,19.2021427154541,19.222143173217773,332561600
3530,2014-01-15,17.304664611816406,19.90571403503418,20.007143020629883,19.7021427154541,19.768571853637695,391638800
3531,2014-01-16,17.208106994628906,19.79464340209961,19.887500762939453,19.702856063842773,19.81785774230957,229278000
3532,2014-01-17,16.786479949951172,19.309642791748047,19.716785430908203,19.282142639160156,19.695714950561523,426739600
3533,2014-01-21,17.04728126525879,19.609643936157227,19.645357131958008,19.30071449279785,19.32107162475586,328526800
3534,2014-01-22,17.123035430908203,19.696786880493164,19.903213500976562,19.56464385986328,19.675357818603516,379985200
3535,2014-01-23,17.268030166625977,19.863571166992188,19.875,19.457500457763672,19.640714645385742,403239200
3536,2014-01-24,16.95414161682129,19.502500534057617,19.843570709228516,19.45535659790039,19.78571319580078,429354800
3537,2014-01-27,17.091678619384766,19.66071319580078,19.814285278320312,19.491071701049805,19.645357131958008,554878800
3538,2014-01-28,15.725584983825684,18.08928680419922,18.39285659790039,17.93107032775879,18.170000076293945,1065523200
3539,2014-01-29,15.547062873840332,17.883928298950195,18.120357513427734,17.807857513427734,17.998214721679688,502810000
3540,2014-01-30,15.51695442199707,17.849285125732422,18.08928680419922,17.739286422729492,17.947856903076172,678501600
3541,2014-01-31,15.542404174804688,17.878570556640625,17.911785125732422,17.626785278320312,17.684999465942383,464797200
3542,2014-02-03,15.571273803710938,17.911785125732422,18.133214950561523,17.832143783569336,17.95035743713379,401464000
3543,2014-02-04,15.79668140411377,18.171070098876953,18.19499969482422,17.955713272094727,18.066070556640625,376681200
3544,2014-02-05,15.914663314819336,18.306785583496094,18.402856826782227,18.08035659790039,18.091428756713867,328344800
3545,2014-02-06,16.007436752319336,18.30392837524414,18.33928680419922,18.136070251464844,18.216428756713867,257765200
3546,2014-02-07,16.231374740600586,18.559999465942383,18.676071166992188,18.47785758972168,18.62071418762207,370280400
3547,2014-02-10,16.522157669067383,18.892499923706055,18.999643325805664,18.5,18.523571014404297,345559200
3548,2014-02-11,16.739852905273438,19.141429901123047,19.20535659790039,18.91071319580078,18.95035743713379,282256800
3549,2014-02-12,16.738603591918945,19.139999389648438,19.270000457763672,19.044286727905273,19.176786422729492,308100800
3550,2014-02-13,17.00440216064453,19.44392967224121,19.45892906188965,19.078571319580078,19.094999313354492,307398000
3551,2014-02-14,16.99065589904785,19.428213119506836,19.499286651611328,19.328929901123047,19.37392807006836,272924400
3552,2014-02-18,17.053123474121094,19.499643325805664,19.68535614013672,19.48607063293457,19.5,260251600
3553,2014-02-19,16.783899307250977,19.19178581237793,19.53178596496582,19.08392906188965,19.45535659790039,313768000
3554,2014-02-20,16.589618682861328,18.969642639160156,19.178571701049805,18.89285659790039,19.035356521606445,305858000
3555,2014-02-21,16.40534782409668,18.758928298950195,19.091785430908203,18.735713958740234,19.028213500976562,278784800
3556,2014-02-24,16.477174758911133,18.8410701751709,18.92571449279785,18.65785789489746,18.683929443359375,288909600
3557,2014-02-25,16.305715560913086,18.645000457763672,18.9132137298584,18.60714340209961,18.906429290771484,231952000
3558,2014-02-26,16.15860366821289,18.47678565979004,18.75,18.41428565979004,18.70035743713379,276217200
3559,2014-02-27,16.480928421020508,18.84535789489746,18.885000228881836,18.430356979370117,18.46928596496582,301882000
3560,2014-02-28,16.436256408691406,18.794286727905273,19.02678680419922,18.64714241027832,18.895713806152344,371968800
3561,2014-03-03,16.48374366760254,18.84857177734375,18.951786041259766,18.671785354614258,18.693571090698242,238781200
3562,2014-03-04,16.592435836791992,18.972856521606445,19.022857666015625,18.848928451538086,18.96428680419922,259140000
3563,2014-03-05,16.627416610717773,19.01285743713379,19.09821319580078,18.897499084472656,18.961429595947266,200062800
3564,2014-03-06,16.57712745666504,18.95535659790039,19.087142944335938,18.860713958740234,19.028213500976562,185488800
3565,2014-03-07,16.56743812561035,18.944286346435547,18.999286651611328,18.787500381469727,18.967500686645508,220729600
3566,2014-03-10,16.582441329956055,18.961429595947266,19.047500610351562,18.869285583496094,18.8700008392334,178584000
3567,2014-03-11,16.743919372558594,19.14607048034668,19.240713119506836,19.02107048034668,19.123214721679688,279224400
3568,2014-03-12,16.760149002075195,19.164642333984375,19.191070556640625,19.0,19.089643478393555,199326400
3569,2014-03-13,16.574005126953125,18.951786041259766,19.273571014404297,18.898571014404297,19.194286346435547,257742800
3570,2014-03-14,16.38785171508789,18.738929748535156,18.960357666015625,18.678571701049805,18.885356903076172,237199200
3571,2014-03-17,16.45187759399414,18.812143325805664,18.927499771118164,18.780357360839844,18.8464298248291,199544800
3572,2014-03-18,16.597423553466797,18.97857093811035,18.99892807006836,18.757143020629883,18.782142639160156,209647200
3573,2014-03-19,16.59305191040039,18.97357177734375,19.15142822265625,18.89285659790039,19.009286880493164,224756000
3574,2014-03-20,16.513093948364258,18.882143020629883,19.023929595947266,18.83392906188965,18.92464256286621,208398400
3575,2014-03-21,16.643333435058594,19.031070709228516,19.0625,18.797500610351562,18.997499465942383,374046400
3576,2014-03-24,16.840740203857422,19.256786346435547,19.303571701049805,19.109285354614258,19.229286193847656,355700800
3577,2014-03-25,17.021886825561523,19.46392822265625,19.491071701049805,19.27107048034668,19.33928680419922,282293200
3578,2014-03-26,16.859159469604492,19.277856826782227,19.60714340209961,19.2450008392334,19.518571853637695,299768000
3579,2014-03-27,16.786699295043945,19.19499969482422,19.33928680419922,19.11142921447754,19.286428451538086,222031600
3580,2014-03-28,16.76797103881836,19.17357063293457,19.24785614013672,19.08035659790039,19.2257137298584,200564000
3581,2014-03-31,16.764211654663086,19.169286727905273,19.31464385986328,19.140356063842773,19.258214950561523,168669200
3582,2014-04-01,16.917566299438477,19.344642639160156,19.352500915527344,19.17035675048828,19.205713272094727,200760000
3583,2014-04-02,16.9456787109375,19.376785278320312,19.40999984741211,19.295000076293945,19.37071418762207,180420800
3584,2014-04-03,16.828243255615234,19.24250030517578,19.375,19.20142936706543,19.335357666015625,162344000
3585,2014-04-04,16.610551834106445,18.99357032775879,19.28571319580078,18.94928550720215,19.278928756713867,275251200
3586,2014-04-07,16.349742889404297,18.695356369018555,18.96071434020996,18.63892936706543,18.85785675048828,289850400
3587,2014-04-08,16.34881019592285,18.694286346435547,18.790000915527344,18.524999618530273,18.756786346435547,243888400
3588,2014-04-09,16.563692092895508,18.940000534057617,18.94607162475586,18.643571853637695,18.665714263916016,206169600
3589,2014-04-10,16.35006332397461,18.695714950561523,19.00857162475586,18.684642791748047,18.952856063842773,239652000
3590,2014-04-11,16.22918701171875,18.5575008392334,18.672500610351562,18.46928596496582,18.53571319580078,271717600
3591,2014-04-14,16.293846130371094,18.63142967224121,18.648571014404297,18.471786499023438,18.639286041259766,205674000
3592,2014-04-15,16.17765235900879,18.498571395874023,18.6299991607666,18.26178550720215,18.581071853637695,266490000
3593,2014-04-16,16.210445404052734,18.53607177734375,18.6103572845459,18.36214256286621,18.501785278320312,214765600
3594,2014-04-17,16.39566421508789,18.74785614013672,18.84857177734375,18.542856216430664,18.571428298950195,284334400
3595,2014-04-21,16.590248107910156,18.97035789489746,19.0049991607666,18.71285629272461,18.762142181396484,182548800
3596,2014-04-22,16.606800079345703,18.989286422729492,18.993928909301758,18.803571701049805,18.868213653564453,202563200
3597,2014-04-23,16.38973045349121,18.741071701049805,18.968929290771484,18.730356216430664,18.895000457763672,394940000
3598,2014-04-24,17.733381271362305,20.27750015258789,20.35714340209961,20.026071548461914,20.293214797973633,759911600
3599,2014-04-25,17.863628387451172,20.426429748535156,20.428213119506836,20.141429901123047,20.161785125732422,390275200
3600,2014-04-28,18.555450439453125,21.217500686645508,21.27678680419922,20.448213577270508,20.457143783569336,669485600
3601,2014-04-29,18.50047492980957,21.15464210510254,21.28499984741211,21.05392837524414,21.204999923706055,337377600
3602,2014-04-30,18.430505752563477,21.074642181396484,21.408214569091797,21.064285278320312,21.165714263916016,456640800
3603,2014-05-01,18.47393035888672,21.124286651611328,21.242856979370117,20.941429138183594,21.14285659790039,244048000
3604,2014-05-02,18.508289337158203,21.163570404052734,21.2214298248291,21.061071395874023,21.155000686645508,191514400
3605,2014-05-05,18.770023345947266,21.46285629272461,21.46428680419922,21.071428298950195,21.07642936706543,287067200
3606,2014-05-06,18.565448760986328,21.22892951965332,21.586071014404297,21.22892951965332,21.492856979370117,374564400
3607,2014-05-07,18.50047492980957,21.15464210510254,21.331785202026367,20.9903564453125,21.258928298950195,282864400
3608,2014-05-08,18.46750259399414,20.999643325805664,21.22892951965332,20.94285774230957,21.008928298950195,230297200
3609,2014-05-09,18.390552520751953,20.91214370727539,20.9375,20.726070404052734,20.876428604125977,291597600
3610,2014-05-12,18.619510650634766,21.172500610351562,21.2021427154541,20.97857093811035,20.981786727905273,213208800
3611,2014-05-13,18.648727416992188,21.205713272094727,21.233570098876953,21.0964298248291,21.14285659790039,159737200
3612,2014-05-14,18.652179718017578,21.20964241027832,21.33571434020996,21.13357162475586,21.158214569091797,166404000
3613,2014-05-15,18.493568420410156,21.029285430908203,21.30714225769043,21.001428604125977,21.239286422729492,230846000
3614,2014-05-16,18.76650047302246,21.339643478393555,21.340356826782227,20.907142639160156,21.022499084472656,276256400
3615,2014-05-19,18.988876342773438,21.592500686645508,21.690357208251953,21.333213806152344,21.35178565979004,317755200
3616,2014-05-20,18.992643356323242,21.596786499023438,21.657142639160156,21.45464324951172,21.589643478393555,234836000
3617,2014-05-21,19.042888641357422,21.653928756713867,21.667856216430664,21.50214385986328,21.565357208251953,196859600
3618,2014-05-22,19.073036193847656,21.688213348388672,21.780357360839844,21.575000762939453,21.66428565979004,200760000
3619,2014-05-23,19.288497924804688,21.93321418762207,21.95464324951172,21.659643173217773,21.6875,232209600
3620,2014-05-27,19.649694442749023,22.343929290771484,22.352142333984375,21.986785888671875,21.99571418762207,348866000
3621,2014-05-28,19.59881591796875,22.28607177734375,22.493928909301758,22.277856826782227,22.35785675048828,315481600
3622,2014-05-29,19.955913543701172,22.692142486572266,22.745357513427734,22.42035675048828,22.423213958740234,376474000
3623,2014-05-30,19.881168365478516,22.60714340209961,23.006071090698242,22.46071434020996,22.78499984741211,564020800
3624,2014-06-02,19.744544982910156,22.451786041259766,22.672500610351562,22.23214340209961,22.641429901123047,369350800
3625,2014-06-03,20.02376365661621,22.769285202026367,22.812143325805664,22.4375,22.44499969482422,292709200
3626,2014-06-04,20.252412796020508,23.029285430908203,23.13892936706543,22.71821403503418,22.765714645385742,335482000
3627,2014-06-05,20.33187484741211,23.11964225769043,23.19178581237793,22.95035743713379,23.078571319580078,303805600
3628,2014-06-06,20.275959014892578,23.05607032775879,23.259286880493164,23.016786575317383,23.21071434020996,349938400
3629,2014-06-09,20.60040855407715,23.424999237060547,23.469999313354492,22.9375,23.174999237060547,301660000
3630,2014-06-10,20.721330642700195,23.5625,23.762500762939453,23.392499923706055,23.6825008392334,251108000
3631,2014-06-11,20.63558006286621,23.46500015258789,23.690000534057617,23.36750030517578,23.532499313354492,182724000
3632,2014-06-12,20.2904109954834,23.072500228881836,23.530000686645508,22.975000381469727,23.510000228881836,218996000
3633,2014-06-13,20.068355560302734,22.81999969482422,23.110000610351562,22.719999313354492,23.049999237060547,218100000
3634,2014-06-16,20.27062225341797,23.049999237060547,23.1875,22.862499237060547,22.877500534057617,142244000
3635,2014-06-17,20.24424171447754,23.020000457763672,23.174999237060547,22.950000762939453,23.077499389648438,118904000
3636,2014-06-18,20.2662296295166,23.045000076293945,23.072500228881836,22.837499618530273,23.0674991607666,134056000
3637,2014-06-19,20.19586944580078,22.96500015258789,23.075000762939453,22.834999084472656,23.072500228881836,142112000
3638,2014-06-20,19.987010955810547,22.727500915527344,23.137500762939453,22.725000381469727,22.962499618530273,403592000
3639,2014-06-23,19.96942138671875,22.707500457763672,22.905000686645508,22.649999618530273,22.829999923706055,174776000
3640,2014-06-24,19.848506927490234,22.56999969482422,22.934999465942383,22.547500610351562,22.6875,156144000
3641,2014-06-25,19.866086959838867,22.59000015258789,22.674999237060547,22.412500381469727,22.552499771118164,147476000
3642,2014-06-26,19.984813690185547,22.725000381469727,22.762500762939453,22.450000762939453,22.592500686645508,130516000
3643,2014-06-27,20.222257614135742,22.9950008392334,23.0,22.6924991607666,22.704999923706055,256116000
3644,2014-06-30,20.43111801147461,23.232500076293945,23.4325008392334,23.022499084472656,23.024999618530273,197929200
3645,2014-07-01,20.560832977294922,23.3799991607666,23.517499923706055,23.282499313354492,23.3799991607666,152892000
3646,2014-07-02,20.552045822143555,23.3700008392334,23.514999389648438,23.272499084472656,23.467500686645508,113860000
3647,2014-07-03,20.672962188720703,23.50749969482422,23.524999618530273,23.299999237060547,23.417499542236328,91567200
3648,2014-07-07,21.0994815826416,23.99250030517578,23.997499465942383,23.524999618530273,23.53499984741211,225872000
3649,2014-07-08,20.963167190551758,23.837499618530273,24.200000762939453,23.479999542236328,24.0674991607666,260888000
3650,2014-07-09,20.971960067749023,23.84749984741211,23.987499237060547,23.690000534057617,23.860000610351562,145744000
3651,2014-07-10,20.895009994506836,23.760000228881836,23.887500762939453,23.3799991607666,23.440000534057617,158744000
3652,2014-07-11,20.934589385986328,23.80500030517578,23.97249984741211,23.71500015258789,23.84000015258789,136072000
3653,2014-07-14,21.20501136779785,24.112499237060547,24.22249984741211,23.912500381469727,23.96500015258789,171240000
3654,2014-07-15,20.956573486328125,23.829999923706055,24.212499618530273,23.75749969482422,24.200000762939453,181911600
3655,2014-07-16,20.837852478027344,23.69499969482422,24.274999618530273,23.684999465942383,24.24250030517578,213585200
3656,2014-07-17,20.466291427612305,23.272499084472656,23.81999969482422,23.142499923706055,23.75749969482422,229192000
3657,2014-07-18,20.76090431213379,23.607500076293945,23.684999465942383,23.2549991607666,23.405000686645508,199952000
3658,2014-07-21,20.653175354003906,23.485000610351562,23.75,23.43000030517578,23.747499465942383,156316000
3659,2014-07-22,20.824655532836914,23.68000030517578,23.72249984741211,23.530000686645508,23.670000076293945,220788000
3660,2014-07-23,21.367700576782227,24.297500610351562,24.469999313354492,23.792499542236328,23.854999542236328,371672000
3661,2014-07-24,21.332523345947266,24.25749969482422,24.329999923706055,24.104999542236328,24.260000228881836,182916000
3662,2014-07-25,21.473237991333008,24.417499542236328,24.459999084472656,24.15999984741211,24.212499618530273,173876000
3663,2014-07-28,21.770034790039062,24.7549991607666,24.809999465942383,24.387500762939453,24.454999923706055,221272000
3664,2014-07-29,21.62932586669922,24.594999313354492,24.860000610351562,24.5625,24.832500457763672,172572000
3665,2014-07-30,21.57876968383789,24.537500381469727,24.674999237060547,24.417499542236328,24.610000610351562,132040000
3666,2014-07-31,21.01813507080078,23.899999618530273,24.362499237060547,23.832500457763672,24.290000915527344,227372000
3667,2014-08-01,21.13465690612793,24.032499313354492,24.155000686645508,23.702499389648438,23.725000381469727,194044000
3668,2014-08-04,21.015933990478516,23.897499084472656,24.145000457763672,23.792499542236328,24.092500686645508,159832000
3669,2014-08-05,20.91260528564453,23.780000686645508,23.920000076293945,23.59000015258789,23.84000015258789,223732000
3670,2014-08-06,20.87742805480957,23.739999771118164,23.8700008392334,23.677499771118164,23.6875,154232000
3671,2014-08-07,20.875219345092773,23.6200008392334,23.987499237060547,23.524999618530273,23.732500076293945,186844000
3672,2014-08-08,20.932662963867188,23.684999465942383,23.704999923706055,23.31999969482422,23.565000534057617,167460000
3673,2014-08-11,21.208847045898438,23.997499465942383,24.020000457763672,23.709999084472656,23.8174991607666,146340000
3674,2014-08-12,21.20443344116211,23.99250030517578,24.219999313354492,23.90250015258789,24.010000228881836,135180000
3675,2014-08-13,21.485029220581055,24.309999465942383,24.309999465942383,24.010000228881836,24.037500381469727,127664000
3676,2014-08-14,21.542482376098633,24.375,24.392499923706055,24.200000762939453,24.332500457763672,112464000
3677,2014-08-15,21.64853286743164,24.4950008392334,24.547500610351562,24.21500015258789,24.475000381469727,195804000
3678,2014-08-18,21.90926170349121,24.790000915527344,24.842500686645508,24.4950008392334,24.622499465942383,190288000
3679,2014-08-19,22.211950302124023,25.13249969482422,25.170000076293945,24.829999923706055,24.852500915527344,277596000
3680,2014-08-20,22.220787048339844,25.142499923706055,25.272499084472656,24.987499237060547,25.110000610351562,210796000
3681,2014-08-21,22.222997665405273,25.145000457763672,25.235000610351562,25.02750015258789,25.142499923706055,133912000
3682,2014-08-22,22.386507034301758,25.329999923706055,25.36750030517578,25.047500610351562,25.072500228881836,176736000
3683,2014-08-25,22.43511390686035,25.385000228881836,25.542499542236328,25.31999969482422,25.447500228881836,161080000
3684,2014-08-26,22.29149055480957,25.22249984741211,25.375,25.21500015258789,25.354999542236328,132608000
3685,2014-08-27,22.565465927124023,25.532499313354492,25.642499923706055,25.174999237060547,25.2549991607666,209476000
3686,2014-08-28,22.59198570251465,25.5625,25.69499969482422,25.389999389648438,25.397499084472656,273840000
3687,2014-08-29,22.647220611572266,25.625,25.725000381469727,25.549999237060547,25.71500015258789,178380000
3688,2014-09-02,22.82398223876953,25.825000762939453,25.934999465942383,25.68000030517578,25.764999389648438,214256000
3689,2014-09-03,21.86065101623535,24.735000610351562,25.799999237060547,24.645000457763672,25.774999618530273,501684000
3690,2014-09-04,21.67947006225586,24.530000686645508,25.022499084472656,24.447500228881836,24.712499618530273,342872000
3691,2014-09-05,21.867279052734375,24.74250030517578,24.84749984741211,24.577499389648438,24.700000762939453,233828000
3692,2014-09-08,21.73249626159668,24.59000015258789,24.827499389648438,24.512500762939453,24.825000762939453,185426800
3693,2014-09-09,21.650747299194336,24.497499465942383,25.770000457763672,24.03499984741211,24.770000457763672,759385200
3694,2014-09-10,22.3158016204834,25.25,25.27750015258789,24.440000534057617,24.502500534057617,403478400
3695,2014-09-11,22.410802841186523,25.357500076293945,25.360000610351562,24.905000686645508,25.102500915527344,249412400
3696,2014-09-12,22.46162986755371,25.415000915527344,25.547500610351562,25.270000457763672,25.302499771118164,250504400
3697,2014-09-15,22.454999923706055,25.407499313354492,25.762500762939453,25.360000610351562,25.702499389648438,245266000
3698,2014-09-16,22.284862518310547,25.21500015258789,25.315000534057617,24.72249984741211,24.950000762939453,267632400
3699,2014-09-17,22.443950653076172,25.395000457763672,25.450000762939453,25.147499084472656,25.3174991607666,243706000
3700,2014-09-18,22.4903507232666,25.447500228881836,25.587499618530273,25.389999389648438,25.482500076293945,149197600
3701,2014-09-19,22.306957244873047,25.239999771118164,25.587499618530273,25.125,25.572500228881836,283609600
3702,2014-09-22,22.329050064086914,25.264999389648438,25.53499984741211,25.145000457763672,25.450000762939453,211153600
3703,2014-09-23,22.67815589904785,25.65999984741211,25.735000610351562,25.135000228881836,25.149999618530273,253608800
3704,2014-09-24,22.48151397705078,25.4375,25.712499618530273,25.299999237060547,25.540000915527344,240687200
3705,2014-09-25,21.624231338500977,24.467500686645508,25.177499771118164,24.43000030517578,25.127500534057617,400368000
3706,2014-09-26,22.260557174682617,25.1875,25.1875,24.600000381469727,24.63249969482422,249482000
3707,2014-09-29,22.119159698486328,25.02750015258789,25.110000610351562,24.657499313354492,24.662500381469727,199065200
3708,2014-09-30,22.260557174682617,25.1875,25.385000228881836,25.13249969482422,25.202499389648438,221056400
3709,2014-10-01,21.91368293762207,24.795000076293945,25.172500610351562,24.674999237060547,25.147499084472656,205965200
3710,2014-10-02,22.072757720947266,24.975000381469727,25.05500030517578,24.510000228881836,24.8174991607666,191031200
3711,2014-10-03,22.010887145996094,24.905000686645508,25.052499771118164,24.760000228881836,24.860000610351562,173878400
3712,2014-10-06,22.010887145996094,24.905000686645508,25.162500381469727,24.854999542236328,24.987499237060547,148204800
3713,2014-10-07,21.81867027282715,24.6875,25.030000686645508,24.6825008392334,24.857500076293945,168376800
3714,2014-10-08,22.271608352661133,25.200000762939453,25.27750015258789,24.577499389648438,24.690000534057617,229618800
3715,2014-10-09,22.320213317871094,25.2549991607666,25.594999313354492,25.15250015258789,25.385000228881836,309506000
3716,2014-10-10,22.256141662597656,25.1825008392334,25.50749969482422,25.075000762939453,25.172500610351562,265326400
3717,2014-10-13,22.052871704101562,24.952499389648438,25.44499969482422,24.952499389648438,25.332500457763672,214333600
3718,2014-10-14,21.81867027282715,24.6875,25.1299991607666,24.642499923706055,25.09749984741211,254754400
3719,2014-10-15,21.551321029663086,24.385000228881836,24.787500381469727,23.795000076293945,24.49250030517578,403734400
3720,2014-10-16,21.26849937438965,24.065000534057617,24.43000030517578,23.852500915527344,23.887500762939453,288618000
3721,2014-10-17,21.580047607421875,24.417499542236328,24.75,24.202499389648438,24.375,272718800
3722,2014-10-20,22.041820526123047,24.940000534057617,24.989999771118164,24.55500030517578,24.579999923706055,310069200
3723,2014-10-21,22.640592575073242,25.61750030517578,25.7549991607666,25.3174991607666,25.7549991607666,378495600
3724,2014-10-22,22.75548553466797,25.747499465942383,26.02750015258789,25.649999618530273,25.709999084472656,273052400
3725,2014-10-23,23.162029266357422,26.207500457763672,26.262500762939453,25.907499313354492,26.020000457763672,284298800
3726,2014-10-24,23.248201370239258,26.30500030517578,26.372499465942383,26.13249969482422,26.295000076293945,188215600
3727,2014-10-27,23.223894119262695,26.27750015258789,26.3700008392334,26.174999237060547,26.212499618530273,136750800
3728,2014-10-28,23.584047317504883,26.684999465942383,26.684999465942383,26.337499618530273,26.350000381469727,192243600
3729,2014-10-29,23.71661376953125,26.834999084472656,26.842500686645508,26.59000015258789,26.662500381469727,210751600
3730,2014-10-30,23.637069702148438,26.7450008392334,26.837499618530273,26.475000381469727,26.739999771118164,162619200
3731,2014-10-31,23.862445831298828,27.0,27.010000228881836,26.802499771118164,27.002500534057617,178557200
3732,2014-11-03,24.171770095825195,27.350000381469727,27.575000762939453,27.002500534057617,27.05500030517578,209130400
3733,2014-11-04,23.99500846862793,27.149999618530273,27.372499465942383,26.93000030517578,27.34000015258789,166297600
3734,2014-11-05,24.052453994750977,27.21500015258789,27.325000762939453,27.032499313354492,27.274999618530273,149743600
3735,2014-11-06,24.12124252319336,27.174999237060547,27.197500228881836,26.950000762939453,27.149999618530273,139874000
3736,2014-11-07,24.190038681030273,27.252500534057617,27.329999923706055,27.137500762939453,27.1875,134766000
3737,2014-11-10,24.150089263916016,27.207500457763672,27.332500457763672,27.167499542236328,27.2549991607666,108782000
3738,2014-11-11,24.34314727783203,27.424999237060547,27.4375,27.100000381469727,27.174999237060547,109769200
3739,2014-11-12,24.68709945678711,27.8125,27.857500076293945,27.342500686645508,27.344999313354492,187769600
3740,2014-11-13,25.035507202148438,28.204999923706055,28.362499237060547,27.899999618530273,27.950000762939453,238091600
3741,2014-11-14,25.337291717529297,28.545000076293945,28.547500610351562,27.802499771118164,28.287500381469727,176254400
3742,2014-11-17,25.295127868652344,28.497499465942383,29.31999969482422,28.325000762939453,28.5674991607666,186986800
3743,2014-11-18,25.62354850769043,28.86750030517578,28.922500610351562,28.47249984741211,28.485000610351562,176896000
3744,2014-11-19,25.446027755737305,28.667499542236328,28.934999465942383,28.450000762939453,28.860000610351562,167476800
3745,2014-11-20,25.809951782226562,29.077499389648438,29.21500015258789,28.712499618530273,28.727500915527344,173582000
3746,2014-11-21,25.845460891723633,29.11750030517578,29.392499923706055,29.00749969482422,29.377500534057617,228717200
3747,2014-11-24,26.324783325195312,29.657499313354492,29.6924991607666,29.155000686645508,29.212499618530273,189803200
3748,2014-11-25,26.09621238708496,29.399999618530273,29.9375,29.362499237060547,29.767499923706055,275361600
3749,2014-11-26,26.40688705444336,29.75,29.774999618530273,29.457500457763672,29.485000610351562,163073200
3750,2014-11-28,26.39134407043457,29.732500076293945,29.850000381469727,29.512500762939453,29.8174991607666,99257600
3751,2014-12-01,25.5347900390625,28.767499923706055,29.8125,27.8174991607666,29.702499389648438,335256000
3752,2014-12-02,25.437152862548828,28.657499313354492,28.9375,28.1875,28.375,237395600
3753,2014-12-03,25.725627899169922,28.982500076293945,29.087499618530273,28.77750015258789,28.9375,172253600
3754,2014-12-04,25.62799072265625,28.872499465942383,29.299999237060547,28.822500228881836,28.9424991607666,168178000
3755,2014-12-05,25.51926040649414,28.75,29.020000457763672,28.65999984741211,28.997499465942383,153275600
3756,2014-12-08,24.942306518554688,28.100000381469727,28.662500381469727,27.905000686645508,28.524999618530273,230659600
3757,2014-12-09,25.323984146118164,28.530000686645508,28.575000762939453,27.337499618530273,27.547500610351562,240832000
3758,2014-12-10,24.842437744140625,27.987499237060547,28.712499618530273,27.885000228881836,28.602500915527344,178261200
3759,2014-12-11,24.76921844482422,27.905000686645508,28.450000762939453,27.834999084472656,28.065000534057617,165606800
3760,2014-12-12,24.349817276000977,27.4325008392334,27.967500686645508,27.395000457763672,27.614999771118164,224112400
3761,2014-12-15,24.016942977905273,27.0575008392334,27.899999618530273,26.587499618530273,27.674999237060547,268872400
3762,2014-12-16,23.68852424621582,26.6875,27.540000915527344,26.565000534057617,26.592500686645508,243162800
3763,2014-12-17,24.27879524230957,27.352500915527344,27.459999084472656,26.704999923706055,26.780000686645508,213647200
3764,2014-12-18,24.997774124145508,28.162500381469727,28.162500381469727,27.665000915527344,27.967500686645508,236024800
3765,2014-12-19,24.80471420288086,27.94499969482422,28.309999465942383,27.915000915527344,28.065000534057617,353719200
3766,2014-12-22,25.062129974365234,28.235000610351562,28.372499465942383,27.99250030517578,28.040000915527344,180670000
3767,2014-12-23,24.973365783691406,28.135000228881836,28.332500457763672,28.114999771118164,28.3075008392334,104113600
3768,2014-12-24,24.855762481689453,28.002500534057617,28.177499771118164,28.002500534057617,28.145000457763672,57918400
3769,2014-12-26,25.295127868652344,28.497499465942383,28.6299991607666,28.002500534057617,28.024999618530273,134884000
3770,2014-12-29,25.27737808227539,28.477500915527344,28.6924991607666,28.424999237060547,28.447500228881836,110395600
3771,2014-12-30,24.968923568725586,28.1299991607666,28.479999542236328,28.02750015258789,28.40999984741211,119526000
3772,2014-12-31,24.494049072265625,27.594999313354492,28.282499313354492,27.552499771118164,28.204999923706055,165613600
3773,2015-01-02,24.261045455932617,27.332500457763672,27.860000610351562,26.837499618530273,27.84749984741211,212818400
3774,2015-01-05,23.57757568359375,26.5625,27.162500381469727,26.352500915527344,27.072500228881836,257142000
3775,2015-01-06,23.57979393005371,26.565000534057617,26.857500076293945,26.157499313354492,26.635000228881836,263188400
3776,2015-01-07,23.910429000854492,26.9375,27.049999237060547,26.674999237060547,26.799999237060547,160423600
3777,2015-01-08,24.829130172729492,27.97249984741211,28.037500381469727,27.174999237060547,27.3075008392334,237458000
3778,2015-01-09,24.855762481689453,28.002500534057617,28.3125,27.552499771118164,28.167499542236328,214798000
3779,2015-01-12,24.243295669555664,27.3125,28.157499313354492,27.200000762939453,28.149999618530273,198603200
3780,2015-01-13,24.458547592163086,27.55500030517578,28.200000762939453,27.227500915527344,27.857500076293945,268367600
3781,2015-01-14,24.365346908569336,27.450000762939453,27.622499465942383,27.125,27.260000228881836,195826400
3782,2015-01-15,23.704057693481445,26.704999923706055,27.514999389648438,26.665000915527344,27.5,240056000
3783,2015-01-16,23.519878387451172,26.497499465942383,26.895000457763672,26.299999237060547,26.75749969482422,314053200
3784,2015-01-20,24.12568473815918,27.18000030517578,27.24250030517578,26.625,26.959999084472656,199599600
3785,2015-01-21,24.309865951538086,27.387500762939453,27.764999389648438,27.0674991607666,27.237499237060547,194303600
3786,2015-01-22,24.942306518554688,28.100000381469727,28.11750030517578,27.43000030517578,27.565000534057617,215185600
3787,2015-01-23,25.071002960205078,28.2450008392334,28.4375,27.88249969482422,28.075000762939453,185859200
3788,2015-01-26,25.097631454467773,28.274999618530273,28.59000015258789,28.200000762939453,28.434999465942383,222460000
3789,2015-01-27,24.218887329101562,27.28499984741211,28.1200008392334,27.25749969482422,28.104999542236328,382274800
3790,2015-01-28,25.588050842285156,28.827499389648438,29.530000686645508,28.827499389648438,29.407499313354492,585908400
3791,2015-01-29,26.38469886779785,29.725000381469727,29.797500610351562,28.889999389648438,29.079999923706055,337745600
3792,2015-01-30,25.998580932617188,29.290000915527344,30.0,29.212499618530273,29.600000381469727,334982000
3793,2015-02-02,26.324783325195312,29.657499313354492,29.792499542236328,29.020000457763672,29.512500762939453,250956400
3794,2015-02-03,26.329214096069336,29.662500381469727,29.772499084472656,29.40250015258789,29.625,207662800
3795,2015-02-04,26.531145095825195,29.889999389648438,30.127500534057617,29.577499389648438,29.625,280598800
3796,2015-02-05,26.720521926879883,29.985000610351562,30.0575008392334,29.8125,30.0049991607666,168984800
3797,2015-02-06,26.49551010131836,29.732500076293945,30.0625,29.612499237060547,30.0049991607666,174826400
3798,2015-02-09,26.67150115966797,29.93000030517578,29.959999084472656,29.607500076293945,29.637500762939453,155559200
3799,2015-02-10,27.183900833129883,30.5049991607666,30.537500381469727,30.040000915527344,30.042499542236328,248034000
3800,2015-02-11,27.821062088012695,31.219999313354492,31.229999542236328,30.625,30.6924991607666,294247200
3801,2015-02-12,28.173057556152344,31.614999771118164,31.8700008392334,31.392499923706055,31.514999389648438,297898000
3802,2015-02-13,28.311182022094727,31.770000457763672,31.81999969482422,31.412500381469727,31.81999969482422,217088800
3803,2015-02-17,28.478273391723633,31.957500457763672,32.220001220703125,31.729999542236328,31.872499465942383,252609600
3804,2015-02-18,28.676544189453125,32.18000030517578,32.19499969482422,31.862499237060547,31.907499313354492,179566800
3805,2015-02-19,28.616397857666016,32.11249923706055,32.25749969482422,32.08250045776367,32.119998931884766,149449600
3806,2015-02-20,28.85031509399414,32.375,32.375,32.01250076293945,32.154998779296875,195793600
3807,2015-02-23,29.63006019592285,33.25,33.25,32.415000915527344,32.505001068115234,283896400
3808,2015-02-24,29.44513511657715,33.04249954223633,33.400001525878906,32.79249954223633,33.23500061035156,276912400
3809,2015-02-25,28.692138671875,32.1974983215332,32.900001525878906,32.037498474121094,32.88999938964844,298846800
3810,2015-02-26,29.055278778076172,32.60499954223633,32.717498779296875,31.65250015258789,32.1974983215332,365150000
3811,2015-02-27,28.61862564086914,32.1150016784668,32.64250183105469,32.060001373291016,32.5,248059200
3812,2015-03-02,28.75897979736328,32.272499084472656,32.56999969482422,32.07500076293945,32.3125,192386800
3813,2015-03-03,28.819129943847656,32.34000015258789,32.380001068115234,32.022499084472656,32.2400016784668,151265200
3814,2015-03-04,28.636442184448242,32.1349983215332,32.38999938964844,32.08000183105469,32.275001525878906,126665200
3815,2015-03-05,28.16191864013672,31.602500915527344,32.1875,31.440000534057617,32.14500045776367,226068400
3816,2015-03-06,28.204246520996094,31.649999618530273,32.342498779296875,31.565000534057617,32.099998474121094,291368400
3817,2015-03-09,28.324548721313477,31.78499984741211,32.39250183105469,31.264999389648438,31.989999771118164,354114000
3818,2015-03-10,27.738628387451172,31.127500534057617,31.80500030517578,30.950000762939453,31.602500915527344,275426400
3819,2015-03-11,27.232913970947266,30.559999465942383,31.1924991607666,30.52750015258789,31.1875,275756000
3820,2015-03-12,27.725271224975586,31.112499237060547,31.225000381469727,30.407499313354492,30.577499389648438,193450800
3821,2015-03-13,27.53367042541504,30.897499084472656,31.350000381469727,30.645000457763672,31.100000381469727,207309200
3822,2015-03-16,27.836652755737305,31.237499237060547,31.237499237060547,30.717500686645508,30.969999313354492,143497200
3823,2015-03-17,28.302278518676758,31.760000228881836,31.829999923706055,31.412500381469727,31.475000381469727,204092400
3824,2015-03-18,28.620847702026367,32.11750030517578,32.290000915527344,31.592500686645508,31.75,261083600
3825,2015-03-19,28.40475082397461,31.875,32.3125,31.850000381469727,32.1875,183238000
3826,2015-03-20,28.048297882080078,31.475000381469727,32.099998474121094,31.290000915527344,32.0625,274780400
3827,2015-03-23,28.340150833129883,31.802499771118164,31.962499618530273,31.6299991607666,31.780000686645508,150838800
3828,2015-03-24,28.224294662475586,31.672500610351562,32.0099983215332,31.639999389648438,31.8075008392334,131369200
3829,2015-03-25,27.486881256103516,30.844999313354492,31.704999923706055,30.844999313354492,31.635000228881836,206620800
3830,2015-03-26,27.67848014831543,31.059999465942383,31.219999313354492,30.649999618530273,30.690000534057617,190291600
3831,2015-03-27,27.45792007446289,30.8125,31.174999237060547,30.727500915527344,31.142499923706055,158184800
3832,2015-03-30,28.15300941467285,31.592500686645508,31.600000381469727,31.0,31.012500762939453,188398800
3833,2015-03-31,27.720808029174805,31.107500076293945,31.622499465942383,31.09000015258789,31.522499084472656,168362400
3834,2015-04-01,27.68071174621582,31.0625,31.280000686645508,30.774999618530273,31.204999923706055,162485600
3835,2015-04-02,27.919090270996094,31.329999923706055,31.389999389648438,31.047500610351562,31.25749969482422,128880400
3836,2015-04-06,28.37133026123047,31.837499618530273,31.877500534057617,31.082500457763672,31.11750030517578,148776000
3837,2015-04-07,28.07280921936035,31.502500534057617,32.029998779296875,31.4950008392334,31.90999984741211,140049200
3838,2015-04-08,27.98146629333496,31.399999618530273,31.600000381469727,31.24250030517578,31.462499618530273,149316800
3839,2015-04-09,28.195329666137695,31.639999389648438,31.645000457763672,31.165000915527344,31.462499618530273,129936000
3840,2015-04-10,28.315631866455078,31.774999618530273,31.802499771118164,31.315000534057617,31.487499237060547,160752000
3841,2015-04-13,28.259937286376953,31.712499618530273,32.14250183105469,31.65250015258789,32.092498779296875,145460400
3842,2015-04-14,28.137414932250977,31.575000762939453,31.822500228881836,31.477500915527344,31.75,102098400
3843,2015-04-15,28.244352340698242,31.69499969482422,31.782499313354492,31.502500534057617,31.602500915527344,115881600
3844,2015-04-16,28.108449935913086,31.542499542236328,31.774999618530273,31.52750015258789,31.56999969482422,113476000
3845,2015-04-17,27.792091369628906,31.1875,31.53499984741211,31.114999771118164,31.387500762939453,207828000
3846,2015-04-20,28.427026748657227,31.899999618530273,32.029998779296875,31.292499542236328,31.392499923706055,188217200
3847,2015-04-21,28.273305892944336,31.727500915527344,32.04999923706055,31.667499542236328,32.025001525878906,129740400
3848,2015-04-22,28.654266357421875,32.154998779296875,32.217498779296875,31.579999923706055,31.747499465942383,150618000
3849,2015-04-23,28.8881893157959,32.41749954223633,32.60499954223633,32.03499984741211,32.07500076293945,183083600
3850,2015-04-24,29.024080276489258,32.56999969482422,32.657501220703125,32.307498931884766,32.622501373291016,178103600
3851,2015-04-27,29.552066802978516,33.162498474121094,33.282501220703125,32.787498474121094,33.07749938964844,387816800
3852,2015-04-28,29.086463928222656,32.63999938964844,33.6349983215332,32.39250183105469,33.6150016784668,475696000
3853,2015-04-29,28.658720016479492,32.15999984741211,32.897499084472656,32.07500076293945,32.540000915527344,253544400
3854,2015-04-30,27.881216049194336,31.287500381469727,32.15999984741211,31.145000457763672,32.15999984741211,332781600
3855,2015-05-01,28.727783203125,32.23749923706055,32.532501220703125,31.325000762939453,31.524999618530273,234050400
3856,2015-05-04,28.67209243774414,32.17499923706055,32.64250183105469,32.064998626708984,32.375,203953200
3857,2015-05-05,28.026020050048828,31.450000762939453,32.11249923706055,31.44499969482422,32.037498474121094,197085600
3858,2015-05-06,27.850017547607422,31.252500534057617,31.6875,30.84000015258789,31.639999389648438,288564000
3859,2015-05-07,28.02228355407715,31.315000534057617,31.520000457763672,31.0049991607666,31.1924991607666,175763600
3860,2015-05-08,28.550247192382812,31.905000686645508,31.905000686645508,31.52750015258789,31.670000076293945,222201600
3861,2015-05-11,28.259416580200195,31.579999923706055,31.889999389648438,31.407499313354492,31.84749984741211,168143200
3862,2015-05-12,28.158750534057617,31.467500686645508,31.719999313354492,31.204999923706055,31.399999618530273,192640000
3863,2015-05-13,28.190067291259766,31.502500534057617,31.797500610351562,31.467500686645508,31.537500381469727,138776800
3864,2015-05-14,28.8477783203125,32.23749923706055,32.23749923706055,31.790000915527344,31.852500915527344,180814000
3865,2015-05-15,28.807514190673828,32.192501068115234,32.372501373291016,32.0525016784668,32.26750183105469,152832000
3866,2015-05-18,29.12518882751465,32.54750061035156,32.68000030517578,32.09000015258789,32.095001220703125,203531600
3867,2015-05-19,29.098337173461914,32.51750183105469,32.720001220703125,32.40999984741211,32.67250061035156,178532800
3868,2015-05-20,29.096099853515625,32.51499938964844,32.744998931884766,32.334999084472656,32.5,145819600
3869,2015-05-21,29.39365005493164,32.84749984741211,32.907501220703125,32.45750045776367,32.51750183105469,158921600
3870,2015-05-22,29.650909423828125,33.1349983215332,33.24250030517578,32.849998474121094,32.900001525878906,182384000
3871,2015-05-26,28.9976749420166,32.404998779296875,33.227500915527344,32.279998779296875,33.150001525878906,282790400
3872,2015-05-27,29.5390567779541,33.0099983215332,33.064998626708984,32.51250076293945,32.584999084472656,183332800
3873,2015-05-28,29.480892181396484,32.94499969482422,32.98749923706055,32.775001525878906,32.96500015258789,122933200
3874,2015-05-29,29.14531707763672,32.56999969482422,32.86249923706055,32.474998474121094,32.807498931884766,203538000
3875,2015-06-01,29.20348358154297,32.6349983215332,32.84749984741211,32.51250076293945,32.56999969482422,128451200
3876,2015-06-02,29.073732376098633,32.4900016784668,32.665000915527344,32.33000183105469,32.46500015258789,134670400
3877,2015-06-03,29.10952377319336,32.529998779296875,32.73500061035156,32.474998474121094,32.665000915527344,123934000
3878,2015-06-04,28.939510345458984,32.34000015258789,32.64500045776367,32.227500915527344,32.39500045776367,153800400
3879,2015-06-05,28.780664443969727,32.162498474121094,32.42250061035156,32.09000015258789,32.375,142507200
3880,2015-06-08,28.59051513671875,31.950000762939453,32.3025016784668,31.707500457763672,32.224998474121094,210699200
3881,2015-06-09,28.50550651550293,31.854999542236328,32.02000045776367,31.405000686645508,31.674999237060547,224301600
3882,2015-06-10,28.832128524780273,32.220001220703125,32.334999084472656,31.962499618530273,31.979999542236328,156349200
3883,2015-06-11,28.767248153686523,32.147499084472656,32.54499816894531,32.119998931884766,32.29499816894531,141563600
3884,2015-06-12,28.449567794799805,31.792499542236328,32.08250045776367,31.77750015258789,32.04750061035156,147544800
3885,2015-06-15,28.39365005493164,31.729999542236328,31.809999465942383,31.427499771118164,31.524999618530273,175955600
3886,2015-06-16,28.545764923095703,31.899999618530273,31.962499618530273,31.592500686645508,31.75749969482422,125976400
3887,2015-06-17,28.478656768798828,31.825000762939453,31.969999313354492,31.684999465942383,31.93000030517578,131672400
3888,2015-06-18,28.60841178894043,31.969999313354492,32.07749938964844,31.80500030517578,31.8075008392334,141628800
3889,2015-06-19,28.32205581665039,31.649999618530273,31.954999923706055,31.600000381469727,31.927499771118164,218867600
3890,2015-06-22,28.548009872436523,31.90250015258789,32.01499938964844,31.770000457763672,31.872499465942383,136157200
3891,2015-06-23,28.41825294494629,31.75749969482422,31.90250015258789,31.719999313354492,31.8700008392334,121075600
3892,2015-06-24,28.659866333007812,32.02750015258789,32.45000076293945,31.780000686645508,31.802499771118164,221123600
3893,2015-06-25,28.523401260375977,31.875,32.29999923706055,31.875,32.21500015258789,127752400
3894,2015-06-26,28.355613708496094,31.6875,31.997499465942383,31.627500534057617,31.917499542236328,176267200
3895,2015-06-29,27.858966827392578,31.13249969482422,31.61750030517578,31.1200008392334,31.364999771118164,196645600
3896,2015-06-30,28.060312271118164,31.357500076293945,31.530000686645508,31.21500015258789,31.392499923706055,177482800
3897,2015-07-01,28.32205581665039,31.649999618530273,31.735000610351562,31.497499465942383,31.725000381469727,120955200
3898,2015-07-02,28.286270141601562,31.610000610351562,31.672500610351562,31.4424991607666,31.607500076293945,108844000
3899,2015-07-06,28.187833786010742,31.5,31.5575008392334,31.212499618530273,31.235000610351562,112241600
3900,2015-07-07,28.118484497070312,31.422500610351562,31.537500381469727,30.9424991607666,31.47249984741211,187787200
3901,2015-07-08,27.420494079589844,30.642499923706055,31.15999984741211,30.635000228881836,31.1200008392334,243046400
3902,2015-07-09,26.8612060546875,30.017499923706055,31.014999389648438,29.80500030517578,30.962499618530273,314380000
3903,2015-07-10,27.579328536987305,30.81999969482422,30.962499618530273,30.302499771118164,30.485000610351562,245418000
3904,2015-07-13,28.111770629882812,31.415000915527344,31.440000534057617,31.079999923706055,31.25749969482422,165762000
3905,2015-07-14,28.10057830810547,31.40250015258789,31.592500686645508,31.260000228881836,31.510000228881836,127072400
3906,2015-07-15,28.371274948120117,31.704999923706055,31.787500381469727,31.395000457763672,31.43000030517578,134596800
3907,2015-07-16,28.749345779418945,32.127498626708984,32.14250183105469,31.837499618530273,31.934999465942383,144889600
3908,2015-07-17,28.9976749420166,32.404998779296875,32.404998779296875,32.07749938964844,32.27000045776367,184658800
3909,2015-07-20,29.54576301574707,33.01750183105469,33.24250030517578,32.67499923706055,32.74250030517578,235600800
3910,2015-07-21,29.25046730041504,32.6875,33.22999954223633,32.58000183105469,33.212501525878906,307025600
3911,2015-07-22,28.013338088989258,31.30500030517578,31.375,30.497499465942383,30.497499465942383,461802400
3912,2015-07-23,27.99991226196289,31.290000915527344,31.772499084472656,31.264999389648438,31.549999237060547,203998000
3913,2015-07-24,27.852266311645508,31.125,31.434999465942383,30.975000381469727,31.329999923706055,168649200
3914,2015-07-27,27.465238571166992,30.6924991607666,30.90250015258789,30.530000686645508,30.772499084472656,177822000
3915,2015-07-28,27.601696014404297,30.844999313354492,30.977500915527344,30.637500762939453,30.844999313354492,134472400
3916,2015-07-29,27.514455795288086,30.747499465942383,30.875,30.5674991607666,30.787500381469727,148046800
3917,2015-07-30,27.37575340270996,30.592500686645508,30.642499923706055,30.427499771118164,30.579999923706055,134513200
3918,2015-07-31,27.136383056640625,30.325000762939453,30.65999984741211,30.227500915527344,30.649999618530273,171540000
3919,2015-08-03,26.496564865112305,29.610000610351562,30.642499923706055,29.3799991607666,30.375,279904000
3920,2015-08-04,25.646451950073242,28.65999984741211,29.424999237060547,28.3125,29.354999542236328,496554400
3921,2015-08-05,25.81647491455078,28.850000381469727,29.360000610351562,28.024999618530273,28.237499237060547,397250400
3922,2015-08-06,25.872652053833008,28.782499313354492,29.125,28.530000686645508,28.99250030517578,211612000
3923,2015-08-07,25.96029281616211,28.8799991607666,29.0625,28.625,28.645000457763672,154681600
3924,2015-08-10,26.90414047241211,29.93000030517578,29.997499465942383,29.13249969482422,29.13249969482422,219806400
3925,2015-08-11,25.504100799560547,28.372499465942383,29.545000076293945,28.332500457763672,29.452499389648438,388331200
3926,2015-08-12,25.89737892150879,28.809999465942383,28.854999542236328,27.407499313354492,28.13249969482422,404870000
3927,2015-08-13,25.87714958190918,28.787500381469727,29.100000381469727,28.635000228881836,29.010000228881836,194143200
3928,2015-08-14,26.059171676635742,28.989999771118164,29.077499389648438,28.502500534057617,28.579999923706055,171718000
3929,2015-08-17,26.32884979248047,29.290000915527344,29.412500381469727,28.875,29.010000228881836,163538800
3930,2015-08-18,26.180532455444336,29.125,29.360000610351562,29.002500534057617,29.107500076293945,138242800
3931,2015-08-19,25.845685958862305,28.752500534057617,29.1299991607666,28.670000076293945,29.024999618530273,193146000
3932,2015-08-20,25.315332412719727,28.162500381469727,28.587499618530273,27.907499313354492,28.520000457763672,274006400
3933,2015-08-21,23.7669734954834,26.440000534057617,27.975000381469727,26.412500381469727,27.607500076293945,513102000
3934,2015-08-24,23.17369842529297,25.780000686645508,27.200000762939453,23.0,23.717500686645508,648825200
3935,2015-08-25,23.313032150268555,25.934999465942383,27.77750015258789,25.875,27.77750015258789,414406400
3936,2015-08-26,24.650146484375,27.422500610351562,27.47249984741211,26.262500762939453,26.772499084472656,387098400
3937,2015-08-27,25.37601089477539,28.229999542236328,28.309999465942383,27.5049991607666,28.0575008392334,338464400
3938,2015-08-28,25.459157943725586,28.322500228881836,28.327499389648438,27.885000228881836,28.042499542236328,212657600
3939,2015-08-31,25.340057373046875,28.190000534057617,28.63249969482422,28.0,28.00749969482422,224917200
3940,2015-09-01,24.20743751525879,26.93000030517578,27.969999313354492,26.84000015258789,27.537500381469727,307383600
3941,2015-09-02,25.24567413330078,28.084999084472656,28.084999084472656,27.282499313354492,27.5575008392334,247555200
3942,2015-09-03,24.802961349487305,27.592500686645508,28.19499969482422,27.510000228881836,28.122499465942383,212935600
3943,2015-09-04,24.555767059326172,27.3174991607666,27.612499237060547,27.127500534057617,27.24250030517578,199985200
3944,2015-09-08,25.23893165588379,28.077499389648438,28.139999389648438,27.579999923706055,27.9375,219374400
3945,2015-09-09,24.753517150878906,27.537500381469727,28.5049991607666,27.4424991607666,28.440000534057617,340043200
3946,2015-09-10,25.2973575592041,28.142499923706055,28.31999969482422,27.475000381469727,27.5674991607666,251571200
3947,2015-09-11,25.66590690612793,28.552499771118164,28.552499771118164,27.940000534057617,27.947500228881836,199662000
3948,2015-09-14,25.913108825683594,28.827499389648438,29.22249984741211,28.71500015258789,29.145000457763672,233453600
3949,2015-09-15,26.13109016418457,29.06999969482422,29.13249969482422,28.604999542236328,28.982500076293945,173364800
3950,2015-09-16,26.160301208496094,29.102500915527344,29.135000228881836,28.860000610351562,29.0625,148694000
3951,2015-09-17,25.60073471069336,28.479999542236328,29.122499465942383,28.43000030517578,28.915000915527344,256450400
3952,2015-09-18,25.4951229095459,28.362499237060547,28.575000762939453,27.967500686645508,28.052499771118164,297141200
3953,2015-09-21,25.890634536743164,28.802499771118164,28.842500686645508,28.415000915527344,28.417499542236328,200888000
3954,2015-09-22,25.483884811401367,28.350000381469727,28.545000076293945,28.1299991607666,28.344999313354492,201384800
3955,2015-09-23,25.690624237060547,28.579999923706055,28.68000030517578,28.325000762939453,28.407499313354492,143026800
3956,2015-09-24,25.843448638916016,28.75,28.875,28.092500686645508,28.3125,200878000
3957,2015-09-25,25.778274536132812,28.677499771118164,29.172500610351562,28.5049991607666,29.110000610351562,224607600
3958,2015-09-28,25.268144607543945,28.110000610351562,28.642499923706055,28.110000610351562,28.462499618530273,208436000
3959,2015-09-29,24.50856590270996,27.264999389648438,28.377500534057617,26.96500015258789,28.207500457763672,293461600
3960,2015-09-30,24.787227630615234,27.575000762939453,27.885000228881836,27.1825008392334,27.542499542236328,265892000
3961,2015-10-01,24.625429153442383,27.395000457763672,27.405000686645508,26.827499389648438,27.267499923706055,255716400
3962,2015-10-02,24.80521011352539,27.594999313354492,27.752500534057617,26.887500762939453,27.002500534057617,232079200
3963,2015-10-05,24.895099639892578,27.69499969482422,27.842500686645508,27.267499923706055,27.469999313354492,208258800
3964,2015-10-06,25.014202117919922,27.827499389648438,27.934999465942383,27.4424991607666,27.657499313354492,192787200
3965,2015-10-07,24.895099639892578,27.69499969482422,27.9424991607666,27.352500915527344,27.934999465942383,187062400
3966,2015-10-08,24.607444763183594,27.375,27.547500610351562,27.052499771118164,27.547500610351562,247918400
3967,2015-10-09,25.196229934692383,28.030000686645508,28.06999969482422,27.372499465942383,27.5,211064400
3968,2015-10-12,25.079374313354492,27.899999618530273,28.1875,27.860000610351562,28.1825008392334,121868800
3969,2015-10-13,25.12207794189453,27.947500228881836,28.112499237060547,27.670000076293945,27.704999923706055,132197200
3970,2015-10-14,24.767004013061523,27.552499771118164,27.8799991607666,27.389999389648438,27.822500228881836,177849600
3971,2015-10-15,25.13780403137207,27.96500015258789,28.024999618530273,27.622499465942383,27.732500076293945,150694000
3972,2015-10-16,24.953527450561523,27.760000228881836,28.0,27.63249969482422,27.94499969482422,156930400
3973,2015-10-19,25.108583450317383,27.9325008392334,27.9375,27.52750015258789,27.700000762939453,119036800
3974,2015-10-20,25.567028045654297,28.4424991607666,28.542499542236328,27.704999923706055,27.834999084472656,195871200
3975,2015-10-21,25.564783096313477,28.440000534057617,28.895000457763672,28.424999237060547,28.5,167180800
3976,2015-10-22,25.955799102783203,28.875,28.875,28.524999618530273,28.582500457763672,166616400
3977,2015-10-23,26.760316848754883,29.770000457763672,29.8075008392334,29.082500457763672,29.174999237060547,237467600
3978,2015-10-26,25.906368255615234,28.81999969482422,29.532499313354492,28.729999542236328,29.520000457763672,265335200
3979,2015-10-27,25.7423095703125,28.637500762939453,29.135000228881836,28.497499465942383,28.850000381469727,279537600
3980,2015-10-28,26.80301856994629,29.8174991607666,29.825000762939453,29.014999389648438,29.232500076293945,342205600
3981,2015-10-29,27.0861759185791,30.13249969482422,30.172500610351562,29.5674991607666,29.674999237060547,204909200
3982,2015-10-30,26.854707717895508,29.875,30.30500030517578,29.862499237060547,30.247499465942383,197461200
3983,2015-11-02,27.232242584228516,30.295000076293945,30.34000015258789,29.90250015258789,30.200000762939453,128813200
3984,2015-11-03,27.54461097717285,30.642499923706055,30.872499465942383,30.174999237060547,30.197500228881836,182076000
3985,2015-11-04,27.41651725769043,30.5,30.954999923706055,30.405000686645508,30.782499313354492,179544400
3986,2015-11-05,27.290138244628906,30.229999542236328,30.672500610351562,30.045000076293945,30.462499618530273,158210800
3987,2015-11-06,27.321731567382812,30.264999389648438,30.452499389648438,30.155000686645508,30.27750015258789,132169200
3988,2015-11-09,27.21114158630371,30.142499923706055,30.452499389648438,30.012500762939453,30.239999771118164,135485600
3989,2015-11-10,26.353532791137695,29.1924991607666,29.517499923706055,29.014999389648438,29.225000381469727,236511600
3990,2015-11-11,26.20457649230957,29.02750015258789,29.354999542236328,28.802499771118164,29.092500686645508,180872000
3991,2015-11-12,26.11655616760254,28.93000030517578,29.204999923706055,28.912500381469727,29.065000534057617,130102400
3992,2015-11-13,25.353736877441406,28.084999084472656,28.892499923706055,28.0674991607666,28.799999237060547,183249600
3993,2015-11-16,25.769001007080078,28.545000076293945,28.559999465942383,27.75,27.844999313354492,152426800
3994,2015-11-17,25.65841293334961,28.422500610351562,28.762500762939453,28.329999923706055,28.729999542236328,110467600
3995,2015-11-18,26.470882415771484,29.322500228881836,29.372499465942383,28.875,28.940000534057617,186698800
3996,2015-11-19,26.807159423828125,29.69499969482422,29.9375,29.190000534057617,29.40999984741211,173183200
3997,2015-11-20,26.92452049255371,29.825000762939453,29.979999542236328,29.712499618530273,29.799999237060547,137148400
3998,2015-11-23,26.574705123901367,29.4375,29.9325008392334,29.334999084472656,29.8174991607666,129930000
3999,2015-11-24,26.829727172851562,29.719999313354492,29.837499618530273,29.280000686645508,29.332500457763672,171212800
4000,2015-11-25,26.637893676757812,29.50749969482422,29.8075008392334,29.479999542236328,29.802499771118164,85553200
4001,2015-11-27,26.58824348449707,29.452499389648438,29.602500915527344,29.399999618530273,29.572500228881836,52185600
4002,2015-11-30,26.698835372924805,29.575000762939453,29.852500915527344,29.4375,29.497499465942383,156721200
4003,2015-12-01,26.482168197631836,29.334999084472656,29.702499389648438,29.21500015258789,29.6875,139409600
4004,2015-12-02,26.242944717407227,29.06999969482422,29.52750015258789,29.020000457763672,29.334999084472656,133546400
4005,2015-12-03,25.99919891357422,28.799999237060547,29.197500228881836,28.55500030517578,29.137500762939453,166278000
4006,2015-12-04,26.86357879638672,29.75749969482422,29.8125,28.77750015258789,28.822500228881836,231108000
4007,2015-12-07,26.694324493408203,29.56999969482422,29.96500015258789,29.452499389648438,29.7450008392334,128336800
4008,2015-12-08,26.68303108215332,29.5575008392334,29.649999618530273,29.21500015258789,29.3799991607666,137238000
4009,2015-12-09,26.0939884185791,28.905000686645508,29.422500610351562,28.770000457763672,29.40999984741211,185445600
4010,2015-12-10,26.218120574951172,29.042499542236328,29.235000610351562,28.877500534057617,29.010000228881836,116850800
4011,2015-12-11,25.543317794799805,28.295000076293945,28.84749984741211,28.212499618530273,28.797500610351562,187544800
4012,2015-12-14,25.385332107543945,28.1200008392334,28.170000076293945,27.447500228881836,28.045000076293945,257274800
4013,2015-12-15,24.936214447021484,27.622499465942383,28.200000762939453,27.587499618530273,27.985000610351562,213292400
4014,2015-12-16,25.1280460357666,27.834999084472656,27.997499465942383,27.200000762939453,27.767499923706055,224954000
4015,2015-12-17,24.59542465209961,27.2450008392334,28.0625,27.2450008392334,28.0049991607666,179091200
4016,2015-12-18,23.92964744567871,26.50749969482422,27.3799991607666,26.452499389648438,27.227500915527344,385813200
4017,2015-12-21,24.223041534423828,26.832500457763672,26.842500686645508,26.392499923706055,26.81999969482422,190362400
4018,2015-12-22,24.200477600097656,26.8075008392334,26.93000030517578,26.612499237060547,26.850000381469727,131157600
4019,2015-12-23,24.511920928955078,27.15250015258789,27.212499618530273,26.799999237060547,26.8174991607666,130629600
4020,2015-12-24,24.381023406982422,27.00749969482422,27.25,26.987499237060547,27.25,54281600
4021,2015-12-28,24.10793685913086,26.704999923706055,26.922500610351562,26.545000076293945,26.897499084472656,106816800
4022,2015-12-29,24.541257858276367,27.184999465942383,27.357500076293945,26.71500015258789,26.739999771118164,123724800
4023,2015-12-30,24.220781326293945,26.829999923706055,27.174999237060547,26.795000076293945,27.145000457763672,100855200
4024,2015-12-31,23.7558650970459,26.315000534057617,26.75749969482422,26.204999923706055,26.752500534057617,163649200
4025,2016-01-04,23.776174545288086,26.337499618530273,26.342500686645508,25.5,25.65250015258789,270597600
4026,2016-01-05,23.180356979370117,25.677499771118164,26.462499618530273,25.602500915527344,26.4375,223164000
4027,2016-01-06,22.726730346679688,25.174999237060547,25.592500686645508,24.967500686645508,25.139999389648438,273829600
4028,2016-01-07,21.767555236816406,24.112499237060547,25.032499313354492,24.107500076293945,24.670000076293945,324377600
4029,2016-01-08,21.882659912109375,24.239999771118164,24.77750015258789,24.190000534057617,24.637500762939453,283192000
4030,2016-01-11,22.236989974975586,24.63249969482422,24.764999389648438,24.334999084472656,24.74250030517578,198957600
4031,2016-01-12,22.55972671508789,24.989999771118164,25.172500610351562,24.709999084472656,25.137500762939453,196616800
4032,2016-01-13,21.979707717895508,24.34749984741211,25.297500610351562,24.325000762939453,25.079999923706055,249758400
4033,2016-01-14,22.460420608520508,24.8799991607666,25.1200008392334,23.934999465942383,24.489999771118164,252680400
4034,2016-01-15,21.9210262298584,24.282499313354492,24.427499771118164,23.84000015258789,24.049999237060547,319335600
4035,2016-01-19,21.81494903564453,24.165000915527344,24.662500381469727,23.875,24.602500915527344,212350800
4036,2016-01-20,21.844297409057617,24.197500228881836,24.547500610351562,23.354999542236328,23.774999618530273,289337600
4037,2016-01-21,21.733707427978516,24.075000762939453,24.469999313354492,23.735000610351562,24.264999389648438,208646000
4038,2016-01-22,22.889223098754883,25.354999542236328,25.364999771118164,24.592500686645508,24.657499313354492,263202000
4039,2016-01-25,22.442363739013672,24.860000610351562,25.38249969482422,24.802499771118164,25.3799991607666,207178000
4040,2016-01-26,22.566492080688477,24.997499465942383,25.219999313354492,24.517499923706055,24.982500076293945,300308000
4041,2016-01-27,21.083728790283203,23.354999542236328,24.157499313354492,23.334999084472656,24.010000228881836,533478800
4042,2016-01-28,21.234933853149414,23.522499084472656,23.6299991607666,23.09749984741211,23.447500228881836,222715200
4043,2016-01-29,21.968414306640625,24.334999084472656,24.334999084472656,23.587499618530273,23.697500228881836,257666000
4044,2016-02-01,21.763046264648438,24.107500076293945,24.177499771118164,23.850000381469727,24.11750030517578,163774000
4045,2016-02-02,21.32295799255371,23.6200008392334,24.010000228881836,23.56999969482422,23.854999542236328,149428800
4046,2016-02-03,21.744993209838867,24.087499618530273,24.209999084472656,23.520000457763672,23.75,183857200
4047,2016-02-04,21.919713973999023,24.149999618530273,24.332500457763672,23.797500610351562,23.96500015258789,185886800
4048,2016-02-05,21.33428192138672,23.5049991607666,24.229999542236328,23.422500610351562,24.1299991607666,185672400
4049,2016-02-08,21.55891990661621,23.752500534057617,23.924999237060547,23.260000228881836,23.282499313354492,216085600
4050,2016-02-09,21.55438232421875,23.747499465942383,23.985000610351562,23.482500076293945,23.572500228881836,177324800
4051,2016-02-10,21.391010284423828,23.5674991607666,24.087499618530273,23.524999618530273,23.979999542236328,169374400
4052,2016-02-11,21.26166534423828,23.424999237060547,23.68000030517578,23.147499084472656,23.447500228881836,200298800
4053,2016-02-12,21.327465057373047,23.497499465942383,23.625,23.252500534057617,23.547500610351562,161405600
4054,2016-02-16,21.928787231445312,24.15999984741211,24.212499618530273,23.65250015258789,23.7549991607666,196231600
4055,2016-02-17,22.264617919921875,24.530000686645508,24.552499771118164,24.037500381469727,24.167499542236328,179452800
4056,2016-02-18,21.842561721801758,24.065000534057617,24.72249984741211,24.022499084472656,24.709999084472656,156084000
4057,2016-02-19,21.79264259338379,24.010000228881836,24.190000534057617,23.950000762939453,24.0,141496800
4058,2016-02-22,21.98324966430664,24.219999313354492,24.225000381469727,23.979999542236328,24.077499389648438,137123200
4059,2016-02-23,21.486312866210938,23.672500610351562,24.125,23.637500762939453,24.100000381469727,127770400
4060,2016-02-24,21.806259155273438,24.024999618530273,24.094999313354492,23.329999923706055,23.4950008392334,145022800
4061,2016-02-25,21.956016540527344,24.190000534057617,24.190000534057617,23.8125,24.012500762939453,110330800
4062,2016-02-26,21.990053176879883,24.227500915527344,24.5049991607666,24.145000457763672,24.299999237060547,115964400
4063,2016-02-29,21.94013786315918,24.172500610351562,24.5575008392334,24.162500381469727,24.21500015258789,140865200
4064,2016-03-01,22.81147575378418,25.13249969482422,25.1924991607666,24.354999542236328,24.412500381469727,201628400
4065,2016-03-02,22.86139678955078,25.1875,25.22249984741211,24.90999984741211,25.127500534057617,132678400
4066,2016-03-03,23.03158187866211,25.375,25.427499771118164,25.112499237060547,25.145000457763672,147822800
4067,2016-03-04,23.37421417236328,25.752500534057617,25.9375,25.342500686645508,25.592500686645508,184220400
4068,2016-03-07,23.11553955078125,25.467500686645508,25.707500457763672,25.239999771118164,25.59749984741211,143315600
4069,2016-03-08,22.9249324798584,25.25749969482422,25.440000534057617,25.100000381469727,25.19499969482422,126247600
4070,2016-03-09,22.945350646972656,25.280000686645508,25.395000457763672,25.0674991607666,25.327499389648438,108806800
4071,2016-03-10,22.956703186035156,25.292499542236328,25.559999465942383,25.037500381469727,25.352500915527344,134054400
4072,2016-03-11,23.20403289794922,25.565000534057617,25.56999969482422,25.375,25.559999465942383,109632800
4073,2016-03-14,23.26302719116211,25.6299991607666,25.727500915527344,25.44499969482422,25.477500915527344,100304400
4074,2016-03-15,23.7304744720459,26.145000457763672,26.295000076293945,25.962499618530273,25.989999771118164,160270800
4075,2016-03-16,24.045881271362305,26.49250030517578,26.577499389648438,26.147499084472656,26.15250015258789,153214000
4076,2016-03-17,24.007305145263672,26.450000762939453,26.61750030517578,26.239999771118164,26.3799991607666,137682800
4077,2016-03-18,24.03453826904297,26.479999542236328,26.625,26.297500610351562,26.584999084472656,176820800
4078,2016-03-21,24.032270431518555,26.477500915527344,26.912500381469727,26.28499984741211,26.482500076293945,142010800
4079,2016-03-22,24.216062545776367,26.68000030517578,26.822500228881836,26.302499771118164,26.3125,129777600
4080,2016-03-23,24.082191467285156,26.532499313354492,26.767499923706055,26.475000381469727,26.6200008392334,102814000
4081,2016-03-24,23.97780418395996,26.417499542236328,26.5625,26.22249984741211,26.36750030517578,104532000
4082,2016-03-28,23.86888313293457,26.297500610351562,26.547500610351562,26.264999389648438,26.5,77645600
4083,2016-03-29,24.433902740478516,26.920000076293945,26.947500228881836,26.219999313354492,26.22249984741211,124760400
4084,2016-03-30,24.860496520996094,27.389999389648438,27.604999542236328,27.149999618530273,27.162500381469727,182404400
4085,2016-03-31,24.73116111755371,27.247499465942383,27.475000381469727,27.219999313354492,27.43000030517578,103553600
4086,2016-04-01,24.95806312561035,27.497499465942383,27.5,27.049999237060547,27.19499969482422,103496000
4087,2016-04-04,25.2144718170166,27.780000686645508,28.047500610351562,27.5674991607666,27.604999542236328,149424800
4088,2016-04-05,24.917219161987305,27.452499389648438,27.6825008392334,27.354999542236328,27.377500534057617,106314800
4089,2016-04-06,25.178171157836914,27.739999771118164,27.7450008392334,27.299999237060547,27.5575008392334,105616400
4090,2016-04-07,24.629039764404297,27.135000228881836,27.604999542236328,27.030000686645508,27.487499237060547,127207600
4091,2016-04-08,24.65627670288086,27.165000915527344,27.4424991607666,27.042499542236328,27.227500915527344,94326800
4092,2016-04-11,24.737964630126953,27.2549991607666,27.65250015258789,27.207500457763672,27.24250030517578,117630000
4093,2016-04-12,25.0601806640625,27.610000610351562,27.625,27.165000915527344,27.334999084472656,108929200
4094,2016-04-13,25.42323875427246,28.010000228881836,28.084999084472656,27.700000762939453,27.700000762939453,133029200
4095,2016-04-14,25.43684959411621,28.024999618530273,28.09749984741211,27.832500457763672,27.905000686645508,101895600
4096,2016-04-15,24.926301956176758,27.462499618530273,28.075000762939453,27.4325008392334,28.02750015258789,187756000
4097,2016-04-18,24.388519287109375,26.8700008392334,27.237499237060547,26.735000610351562,27.22249984741211,243286000
4098,2016-04-19,24.259172439575195,26.727500915527344,27.0,26.5575008392334,26.969999313354492,129539600
4099,2016-04-20,24.30909538269043,26.782499313354492,27.022499084472656,26.514999389648438,26.65999984741211,122444000
4100,2016-04-21,24.045881271362305,26.49250030517578,26.732500076293945,26.3799991607666,26.732500076293945,126210000
4101,2016-04-22,23.98007583618164,26.420000076293945,26.6200008392334,26.155000686645508,26.252500534057617,134732400
4102,2016-04-25,23.843931198120117,26.270000457763672,26.412500381469727,26.127500534057617,26.25,112126400
4103,2016-04-26,23.67827606201172,26.087499618530273,26.325000762939453,25.977500915527344,25.977500915527344,224064800
4104,2016-04-27,22.19654655456543,24.454999923706055,24.677499771118164,23.920000076293945,24.0,458408400
4105,2016-04-28,21.518077850341797,23.707500457763672,24.469999313354492,23.5625,24.40250015258789,328970800
4106,2016-04-29,21.2707462310791,23.434999465942383,23.68000030517578,23.127500534057617,23.497499465942383,274126000
4107,2016-05-02,21.2480525970459,23.40999984741211,23.520000457763672,23.100000381469727,23.49250030517578,192640400
4108,2016-05-03,21.597492218017578,23.795000076293945,23.934999465942383,23.420000076293945,23.549999237060547,227325200
4109,2016-05-04,21.37285614013672,23.547500610351562,23.975000381469727,23.454999923706055,23.799999237060547,164102000
4110,2016-05-05,21.28610610961914,23.309999465942383,23.517499923706055,23.170000076293945,23.5,143562000
4111,2016-05-06,21.167394638061523,23.18000030517578,23.362499237060547,22.962499618530273,23.342500686645508,174799600
4112,2016-05-09,21.18337059020996,23.197500228881836,23.4424991607666,23.147499084472656,23.25,131745600
4113,2016-05-10,21.327198028564453,23.354999542236328,23.392499923706055,23.02750015258789,23.332500457763672,134747200
4114,2016-05-11,21.11945152282715,23.127500534057617,23.392499923706055,23.114999771118164,23.3700008392334,114876400
4115,2016-05-12,20.624048233032227,22.584999084472656,23.19499969482422,22.36750030517578,23.18000030517578,305258800
4116,2016-05-13,20.665142059326172,22.6299991607666,22.917499542236328,22.5,22.5,177571200
4117,2016-05-16,21.432207107543945,23.469999313354492,23.59749984741211,22.912500381469727,23.09749984741211,245039200
4118,2016-05-17,21.34317970275879,23.372499465942383,23.674999237060547,23.252500534057617,23.637500762939453,187667600
4119,2016-05-18,21.58745002746582,23.639999389648438,23.802499771118164,23.47249984741211,23.540000915527344,168249600
4120,2016-05-19,21.505266189575195,23.549999237060547,23.65999984741211,23.392499923706055,23.65999984741211,121768400
4121,2016-05-20,21.73812484741211,23.80500030517578,23.857500076293945,23.6299991607666,23.65999984741211,128104000
4122,2016-05-23,22.014358520507812,24.107500076293945,24.297500610351562,23.917499542236328,23.967500686645508,152074400
4123,2016-05-24,22.349946975708008,24.475000381469727,24.522499084472656,24.209999084472656,24.30500030517578,140560800
4124,2016-05-25,22.742610931396484,24.905000686645508,24.934999465942383,24.52750015258789,24.667499542236328,152675200
4125,2016-05-26,22.9229679107666,25.102500915527344,25.1825008392334,24.65999984741211,24.920000076293945,225324800
4126,2016-05-27,22.90926742553711,25.087499618530273,25.11750030517578,24.8125,24.860000610351562,145364800
4127,2016-05-31,22.79740333557129,24.96500015258789,25.100000381469727,24.704999923706055,24.899999618530273,169228800
4128,2016-06-01,22.477800369262695,24.614999771118164,24.885000228881836,24.582500457763672,24.7549991607666,116693200
4129,2016-06-02,22.308860778808594,24.43000030517578,24.459999084472656,24.157499313354492,24.399999618530273,160766400
4130,2016-06-03,22.354524612426758,24.479999542236328,24.5674991607666,24.362499237060547,24.447500228881836,114019600
4131,2016-06-06,22.5166072845459,24.657499313354492,25.47249984741211,24.387500762939453,24.497499465942383,93170000
4132,2016-06-07,22.607925415039062,24.75749969482422,24.967500686645508,24.739999771118164,24.8125,89638000
4133,2016-06-08,22.587371826171875,24.735000610351562,24.889999389648438,24.670000076293945,24.7549991607666,83392400
4134,2016-06-09,22.749467849731445,24.912500381469727,24.997499465942383,24.614999771118164,24.625,106405600
4135,2016-06-10,22.5622615814209,24.707500457763672,24.837499618530273,24.6200008392334,24.63249969482422,126851600
4136,2016-06-13,22.222105026245117,24.334999084472656,24.780000686645508,24.274999618530273,24.672500610351562,152082000
4137,2016-06-14,22.24950408935547,24.364999771118164,24.6200008392334,24.1875,24.329999923706055,127727600
4138,2016-06-15,22.176448822021484,24.28499984741211,24.602500915527344,24.25749969482422,24.454999923706055,117780800
4139,2016-06-16,22.27004623413086,24.387500762939453,24.4375,24.017499923706055,24.112499237060547,125307200
4140,2016-06-17,21.763233184814453,23.832500457763672,24.162500381469727,23.825000762939453,24.155000686645508,244032800
4141,2016-06-20,21.71072769165039,23.774999618530273,24.142499923706055,23.75749969482422,24.0,137647600
4142,2016-06-21,21.895648956298828,23.977500915527344,24.087499618530273,23.670000076293945,23.735000610351562,142185600
4143,2016-06-22,21.81346321105957,23.887500762939453,24.22249984741211,23.837499618530273,24.0625,116876400
4144,2016-06-23,21.939027786254883,24.024999618530273,24.072500228881836,23.8125,23.985000610351562,128960800
4145,2016-06-24,21.322633743286133,23.350000381469727,23.665000915527344,23.162500381469727,23.227500915527344,301245600
4146,2016-06-27,21.012149810791016,23.010000228881836,23.262500762939453,22.875,23.25,181958400
4147,2016-06-28,21.366004943847656,23.397499084472656,23.415000915527344,23.03499984741211,23.225000381469727,161779600
4148,2016-06-29,21.55092430114746,23.600000381469727,23.637500762939453,23.407499313354492,23.49250030517578,146124000
4149,2016-06-30,21.824874877929688,23.899999618530273,23.9424991607666,23.575000762939453,23.610000610351562,143345600
4150,2016-07-01,21.891080856323242,23.97249984741211,24.11750030517578,23.832500457763672,23.872499465942383,104106000
4151,2016-07-05,21.68561553955078,23.747499465942383,23.850000381469727,23.614999771118164,23.84749984741211,110820800
4152,2016-07-06,21.808895111083984,23.88249969482422,23.915000915527344,23.592500686645508,23.649999618530273,123796400
4153,2016-07-07,21.902494430541992,23.985000610351562,24.125,23.905000686645508,23.924999237060547,100558400
4154,2016-07-08,22.071434020996094,24.170000076293945,24.22249984741211,24.012500762939453,24.122499465942383,115648400
4155,2016-07-11,22.13991928100586,24.2450008392334,24.412500381469727,24.1825008392334,24.1875,95179600
4156,2016-07-12,22.24036979675293,24.354999542236328,24.424999237060547,24.280000686645508,24.292499542236328,96670000
4157,2016-07-13,22.114810943603516,24.217500686645508,24.417499542236328,24.209999084472656,24.352500915527344,103568800
4158,2016-07-14,22.553131103515625,24.697500228881836,24.747499465942383,24.329999923706055,24.34749984741211,155676000
4159,2016-07-15,22.550851821899414,24.69499969482422,24.825000762939453,24.625,24.729999542236328,120548000
4160,2016-07-18,22.790555953979492,24.957500457763672,25.032499313354492,24.649999618530273,24.674999237060547,145975600
4161,2016-07-19,22.79969596862793,24.967500686645508,25.0,24.834999084472656,24.889999389648438,95119600
4162,2016-07-20,22.82023811340332,24.989999771118164,25.114999771118164,24.934999465942383,25.0,105104000
4163,2016-07-21,22.699235916137695,24.857500076293945,25.25,24.782499313354492,24.957500457763672,130808000
4164,2016-07-22,22.523454666137695,24.665000915527344,24.825000762939453,24.577499389648438,24.815000534057617,113254800
4165,2016-07-25,22.222105026245117,24.334999084472656,24.709999084472656,24.229999542236328,24.5625,161531600
4166,2016-07-26,22.069150924682617,24.167499542236328,24.49250030517578,24.104999542236328,24.204999923706055,224959200
4167,2016-07-27,23.502836227416992,25.737499237060547,26.087499618530273,25.6875,26.0674991607666,369379200
4168,2016-07-28,23.82016372680664,26.084999084472656,26.112499237060547,25.704999923706055,25.707500457763672,159479200
4169,2016-07-29,23.790481567382812,26.052499771118164,26.137500762939453,25.920000076293945,26.047500610351562,110934800
4170,2016-08-01,24.210548400878906,26.512500762939453,26.537500381469727,26.102500915527344,26.102500915527344,152671600
4171,2016-08-02,23.85211944580078,26.1200008392334,26.517499923706055,26.0,26.512500762939453,135266400
4172,2016-08-03,24.151193618774414,26.447500228881836,26.459999084472656,26.1924991607666,26.202499389648438,120810400
4173,2016-08-04,24.30038070678711,26.467500686645508,26.5,26.31999969482422,26.395000457763672,109634800
4174,2016-08-05,24.6699275970459,26.8700008392334,26.912500381469727,26.545000076293945,26.5674991607666,162213600
4175,2016-08-08,24.87421417236328,27.092500686645508,27.092500686645508,26.790000915527344,26.8799991607666,112148800
4176,2016-08-09,24.975202560424805,27.202499389648438,27.235000610351562,27.002500534057617,27.0575008392334,105260800
4177,2016-08-10,24.789287567138672,27.0,27.225000381469727,26.940000534057617,27.177499771118164,96034000
4178,2016-08-11,24.773216247558594,26.982500076293945,27.232500076293945,26.962499618530273,27.1299991607666,109938000
4179,2016-08-12,24.830595016479492,27.045000076293945,27.110000610351562,26.94499969482422,26.94499969482422,74641600
4180,2016-08-15,25.128992080688477,27.3700008392334,27.385000228881836,27.020000457763672,27.03499984741211,103472800
4181,2016-08-16,25.106033325195312,27.344999313354492,27.5575008392334,27.302499771118164,27.407499313354492,135177600
4182,2016-08-17,25.06931495666504,27.30500030517578,27.342500686645508,27.084999084472656,27.274999618530273,101424000
4183,2016-08-18,25.037185668945312,27.270000457763672,27.399999618530273,27.2549991607666,27.3075008392334,87938800
4184,2016-08-19,25.1014461517334,27.34000015258789,27.422500610351562,27.09000015258789,27.1924991607666,101472400
4185,2016-08-22,24.906349182128906,27.127500534057617,27.274999618530273,26.962499618530273,27.21500015258789,103280800
4186,2016-08-23,24.984384536743164,27.212499618530273,27.329999923706055,27.13249969482422,27.147499084472656,85030800
4187,2016-08-24,24.796171188354492,27.00749969482422,27.1875,26.920000076293945,27.142499923706055,94700400
4188,2016-08-25,24.690584182739258,26.892499923706055,26.969999313354492,26.670000076293945,26.84749984741211,100344800
4189,2016-08-26,24.545978546142578,26.735000610351562,26.987499237060547,26.577499389648438,26.852500915527344,111065200
4190,2016-08-29,24.5184326171875,26.704999923706055,26.860000610351562,26.572500228881836,26.655000686645508,99881200
4191,2016-08-30,24.330219268798828,26.5,26.625,26.375,26.450000762939453,99455600
4192,2016-08-31,24.35317039489746,26.524999618530273,26.642499923706055,26.40999984741211,26.415000915527344,118649600
4193,2016-09-01,24.497777938842773,26.6825008392334,26.700000762939453,26.405000686645508,26.53499984741211,106806000
4194,2016-09-02,24.727306365966797,26.9325008392334,27.0,26.704999923706055,26.924999237060547,107210000
4195,2016-09-06,24.720422744750977,26.924999237060547,27.075000762939453,26.877500534057617,26.975000381469727,107521600
4196,2016-09-07,24.87191390991211,27.09000015258789,27.190000534057617,26.767499923706055,26.957500457763672,169457200
4197,2016-09-08,24.22005271911621,26.3799991607666,26.8174991607666,26.309999465942383,26.8125,212008000
4198,2016-09-09,23.67146873474121,25.782499313354492,26.43000030517578,25.782499313354492,26.15999984741211,186228000
4199,2016-09-12,24.20168113708496,26.360000610351562,26.43000030517578,25.63249969482422,25.662500381469727,181171200
4200,2016-09-13,24.777807235717773,26.987499237060547,27.197500228881836,26.809999465942383,26.877500534057617,248704800
4201,2016-09-14,25.65461540222168,27.9424991607666,28.25749969482422,27.149999618530273,27.1825008392334,443554800
4202,2016-09-15,26.52682876586914,28.892499923706055,28.9325008392334,28.372499465942383,28.46500015258789,359934400
4203,2016-09-16,26.377628326416016,28.729999542236328,29.032499313354492,28.510000228881836,28.780000686645508,319547600
4204,2016-09-19,26.070070266723633,28.395000457763672,29.045000076293945,28.3125,28.797500610351562,188092000
4205,2016-09-20,26.06777000427246,28.392499923706055,28.530000686645508,28.127500534057617,28.262500762939453,138057200
4206,2016-09-21,26.063175201416016,28.387500762939453,28.497499465942383,28.110000610351562,28.462499618530273,144012800
4207,2016-09-22,26.308780670166016,28.655000686645508,28.735000610351562,28.5,28.587499618530273,124296000
4208,2016-09-23,25.87037467956543,28.177499771118164,28.697500228881836,27.887500762939453,28.604999542236328,209924800
4209,2016-09-26,25.909387588500977,28.219999313354492,28.34749984741211,27.887500762939453,27.90999984741211,119477600
4210,2016-09-27,25.957595825195312,28.272499084472656,28.295000076293945,28.084999084472656,28.25,98429600
4211,2016-09-28,26.15498924255371,28.487499237060547,28.65999984741211,28.357500076293945,28.422500610351562,118564400
4212,2016-09-29,25.748720169067383,28.045000076293945,28.450000762939453,27.950000762939453,28.290000915527344,143548000
4213,2016-09-30,25.94841194152832,28.262500762939453,28.342500686645508,27.950000762939453,28.114999771118164,145516400
4214,2016-10-03,25.82675552368164,28.1299991607666,28.262500762939453,28.06999969482422,28.177499771118164,86807200
4215,2016-10-04,25.93693733215332,28.25,28.577499389648438,28.157499313354492,28.264999389648438,118947200
4216,2016-10-05,25.94841194152832,28.262500762939453,28.415000915527344,28.172500610351562,28.350000381469727,85812400
4217,2016-10-06,26.141216278076172,28.47249984741211,28.584999084472656,28.282499313354492,28.424999237060547,115117200
4218,2016-10-07,26.180233001708984,28.514999389648438,28.639999389648438,28.377500534057617,28.577499389648438,97433600
4219,2016-10-10,26.63700294494629,29.012500762939453,29.1875,28.68000030517578,28.7549991607666,144944000
4220,2016-10-11,26.69438362121582,29.075000762939453,29.672500610351562,29.049999237060547,29.424999237060547,256164000
4221,2016-10-12,26.933094024658203,29.334999084472656,29.4950008392334,29.1875,29.337499618530273,150347200
4222,2016-10-13,26.850465774536133,29.2450008392334,29.360000610351562,28.93000030517578,29.197500228881836,140769600
4223,2016-10-14,26.99965476989746,29.407499313354492,29.542499542236328,29.282499313354492,29.469999313354492,142608800
4224,2016-10-17,26.981300354003906,29.387500762939453,29.459999084472656,29.19499969482422,29.332500457763672,94499600
4225,2016-10-18,26.962936401367188,29.36750030517578,29.552499771118164,29.362499237060547,29.545000076293945,98214000
4226,2016-10-19,26.882596969604492,29.280000686645508,29.440000534057617,28.450000762939453,29.3125,80138400
4227,2016-10-20,26.868825912475586,29.264999389648438,29.344999313354492,29.082500457763672,29.21500015258789,96503200
4228,2016-10-21,26.763240814208984,29.149999618530273,29.227500915527344,29.06999969482422,29.202499389648438,92770800
4229,2016-10-24,27.004249572753906,29.412500381469727,29.434999465942383,29.25,29.274999618530273,94154800
4230,2016-10-25,27.1419734954834,29.5625,29.59000015258789,29.327499389648438,29.487499237060547,192516000
4231,2016-10-26,26.531423568725586,28.897499084472656,28.924999237060547,28.327499389648438,28.577499389648438,264536800
4232,2016-10-27,26.27664566040039,28.6200008392334,28.96500015258789,28.524999618530273,28.84749984741211,138248000
4233,2016-10-28,26.102197647094727,28.43000030517578,28.802499771118164,28.362499237060547,28.467500686645508,151446800
4234,2016-10-31,26.060880661010742,28.385000228881836,28.5575008392334,28.299999237060547,28.412500381469727,105677600
4235,2016-11-01,25.590343475341797,27.872499465942383,28.4424991607666,27.63249969482422,28.364999771118164,175303200
4236,2016-11-02,25.613300323486328,27.897499084472656,28.087499618530273,27.8075008392334,27.850000381469727,113326800
4237,2016-11-03,25.33875846862793,27.457500457763672,27.864999771118164,27.387500762939453,27.7450008392334,107730400
4238,2016-11-04,25.110353469848633,27.209999084472656,27.5625,27.02750015258789,27.13249969482422,123348000
4239,2016-11-07,25.472562789916992,27.602500915527344,27.627500534057617,27.364999771118164,27.520000457763672,130240000
4240,2016-11-08,25.62252426147461,27.764999389648438,27.93000030517578,27.424999237060547,27.577499389648438,97016800
4241,2016-11-09,25.58099937438965,27.719999313354492,27.829999923706055,27.012500762939453,27.469999313354492,236705600
4242,2016-11-10,24.868112564086914,26.947500228881836,27.772499084472656,26.457500457763672,27.772499084472656,228538000
4243,2016-11-11,25.01576042175293,27.107500076293945,27.217500686645508,26.637500762939453,26.780000686645508,136575600
4244,2016-11-14,24.388233184814453,26.427499771118164,26.952499389648438,26.020000457763672,26.927499771118164,204702000
4245,2016-11-15,24.711225509643555,26.77750015258789,26.920000076293945,26.540000915527344,26.642499923706055,129058000
4246,2016-11-16,25.375667572021484,27.497499465942383,27.5575008392334,26.649999618530273,26.674999237060547,235362000
4247,2016-11-17,25.366439819335938,27.487499237060547,27.587499618530273,27.207500457763672,27.452499389648438,110528000
4248,2016-11-18,25.391815185546875,27.514999389648438,27.635000228881836,27.415000915527344,27.43000030517578,113715600
4249,2016-11-21,25.777099609375,27.9325008392334,27.997499465942383,27.502500534057617,27.530000686645508,117058400
4250,2016-11-22,25.793251037597656,27.950000762939453,28.104999542236328,27.850000381469727,27.987499237060547,103862000
4251,2016-11-23,25.661754608154297,27.8075008392334,27.877500534057617,27.582500457763672,27.84000015258789,109705600
4252,2016-11-25,25.79094696044922,27.947500228881836,27.967500686645508,27.737499237060547,27.782499313354492,45903600
4253,2016-11-28,25.740182876586914,27.892499923706055,28.11750030517578,27.84749984741211,27.857500076293945,108776000
4254,2016-11-29,25.714813232421875,27.864999771118164,28.00749969482422,27.517499923706055,27.69499969482422,114115200
4255,2016-11-30,25.497943878173828,27.6299991607666,28.049999237060547,27.5674991607666,27.899999618530273,144649200
4256,2016-12-01,25.26031494140625,27.372499465942383,27.735000610351562,27.25749969482422,27.592500686645508,148347600
4257,2016-12-02,25.354907989501953,27.475000381469727,27.522499084472656,27.212499618530273,27.292499542236328,106112000
4258,2016-12-05,25.17264747619629,27.27750015258789,27.50749969482422,27.0625,27.5,137298000
4259,2016-12-06,25.366439819335938,27.487499237060547,27.59000015258789,27.297500610351562,27.375,104782000
4260,2016-12-07,25.615604400634766,27.75749969482422,27.797500610351562,27.290000915527344,27.315000534057617,119994800
4261,2016-12-08,25.86707878112793,28.030000686645508,28.107500076293945,27.649999618530273,27.71500015258789,108273200
4262,2016-12-09,26.289276123046875,28.487499237060547,28.674999237060547,28.077499389648438,28.077499389648438,137610400
4263,2016-12-12,26.13931655883789,28.325000762939453,28.75,28.122499465942383,28.322500228881836,105497600
4264,2016-12-13,26.575353622436523,28.797500610351562,28.979999542236328,28.4375,28.459999084472656,174935200
4265,2016-12-14,26.575353622436523,28.797500610351562,29.049999237060547,28.7450008392334,28.760000228881836,136127200
4266,2016-12-15,26.720699310302734,28.954999923706055,29.1825008392334,28.8075008392334,28.844999313354492,186098000
4267,2016-12-16,26.75531005859375,28.99250030517578,29.125,28.912500381469727,29.11750030517578,177404400
4268,2016-12-19,26.909879684448242,29.15999984741211,29.344999313354492,28.9375,28.950000762939453,111117600
4269,2016-12-20,26.981401443481445,29.237499237060547,29.375,29.170000076293945,29.184999465942383,85700000
4270,2016-12-21,27.00677490234375,29.264999389648438,29.350000381469727,29.19499969482422,29.200000762939453,95132800
4271,2016-12-22,26.82913589477539,29.072500228881836,29.127500534057617,28.90999984741211,29.087499618530273,104343600
4272,2016-12-23,26.88219451904297,29.1299991607666,29.1299991607666,28.897499084472656,28.897499084472656,56998000
4273,2016-12-27,27.052921295166016,29.315000534057617,29.450000762939453,29.122499465942383,29.1299991607666,73187600
4274,2016-12-28,26.93756675720215,29.190000534057617,29.5049991607666,29.049999237060547,29.3799991607666,83623600
4275,2016-12-29,26.930644989013672,29.1825008392334,29.27750015258789,29.100000381469727,29.112499237060547,60158000
4276,2016-12-30,26.720699310302734,28.954999923706055,29.299999237060547,28.857500076293945,29.162500381469727,122345200
4277,2017-01-03,26.79683494567871,29.037500381469727,29.082500457763672,28.690000534057617,28.950000762939453,115127600
4278,2017-01-04,26.7668399810791,29.0049991607666,29.127500534057617,28.9375,28.962499618530273,84472400
4279,2017-01-05,26.90296173095703,29.15250015258789,29.21500015258789,28.952499389648438,28.979999542236328,88774400
4280,2017-01-06,27.202882766723633,29.477500915527344,29.540000915527344,29.11750030517578,29.19499969482422,127007600
4281,2017-01-09,27.452045440673828,29.747499465942383,29.857500076293945,29.485000610351562,29.487499237060547,134247600
4282,2017-01-10,27.479734420776367,29.77750015258789,29.844999313354492,29.575000762939453,29.6924991607666,97848400
4283,2017-01-11,27.62738800048828,29.9375,29.982500076293945,29.649999618530273,29.684999465942383,110354400
4284,2017-01-12,27.512025833129883,29.8125,29.825000762939453,29.552499771118164,29.725000381469727,108344800
4285,2017-01-13,27.463577270507812,29.760000228881836,29.905000686645508,29.702499389648438,29.77750015258789,104447600
4286,2017-01-17,27.685062408447266,30.0,30.059999465942383,29.55500030517578,29.584999084472656,137759200
4287,2017-01-18,27.682754516601562,29.997499465942383,30.125,29.927499771118164,30.0,94852000
4288,2017-01-19,27.634307861328125,29.94499969482422,30.022499084472656,29.842500686645508,29.850000381469727,102389200
4289,2017-01-20,27.685062408447266,30.0,30.112499237060547,29.9325008392334,30.112499237060547,130391600
4290,2017-01-23,27.703519821166992,30.020000457763672,30.202499389648438,29.9424991607666,30.0,88200800
4291,2017-01-24,27.678146362304688,29.99250030517578,30.024999618530273,29.875,29.887500762939453,92844000
4292,2017-01-25,28.118793487548828,30.469999313354492,30.524999618530273,30.06999969482422,30.104999542236328,129510400
4293,2017-01-26,28.13263702392578,30.485000610351562,30.610000610351562,30.399999618530273,30.417499542236328,105350400
4294,2017-01-27,28.13494300842285,30.487499237060547,30.587499618530273,30.399999618530273,30.53499984741211,82251600
4295,2017-01-30,28.06110954284668,30.407499313354492,30.407499313354492,30.165000915527344,30.232500076293945,121510000
4296,2017-01-31,27.996522903442383,30.337499618530273,30.34749984741211,30.155000686645508,30.287500381469727,196804000
4297,2017-02-01,29.70376205444336,32.1875,32.622501373291016,31.752500534057617,31.75749969482422,447940000
4298,2017-02-02,29.65301513671875,32.13249969482422,32.34749984741211,31.94499969482422,31.9950008392334,134841600
4299,2017-02-03,29.77989959716797,32.27000045776367,32.29750061035156,32.040000915527344,32.07749938964844,98029200
4300,2017-02-06,30.059057235717773,32.5724983215332,32.625,32.224998474121094,32.282501220703125,107383600
4301,2017-02-07,30.345138549804688,32.88249969482422,33.022499084472656,32.61249923706055,32.6349983215332,152735200
4302,2017-02-08,30.46280288696289,33.0099983215332,33.05500030517578,32.80500030517578,32.837501525878906,92016400
4303,2017-02-09,30.682920455932617,33.10499954223633,33.11249923706055,32.779998779296875,32.912498474121094,113399600
4304,2017-02-10,30.613399505615234,33.029998779296875,33.23500061035156,33.01250076293945,33.1150016784668,80262000
4305,2017-02-13,30.884506225585938,33.3224983215332,33.45500183105469,33.1875,33.27000045776367,92141600
4306,2017-02-14,31.28536033630371,33.755001068115234,33.772499084472656,33.3125,33.36750030517578,132904800
4307,2017-02-15,31.398902893066406,33.877498626708984,34.067501068115234,33.654998779296875,33.880001068115234,142492400
4308,2017-02-16,31.361835479736328,33.837501525878906,33.974998474121094,33.709999084472656,33.91749954223633,90338400
4309,2017-02-17,31.44755744934082,33.93000030517578,33.95750045776367,33.775001525878906,33.775001525878906,88792800
4310,2017-02-21,31.674631118774414,34.17499923706055,34.1875,33.994998931884766,34.057498931884766,98028800
4311,2017-02-22,31.769624710083008,34.27750015258789,34.279998779296875,34.02750015258789,34.10749816894531,83347600
4312,2017-02-23,31.63524627685547,34.13249969482422,34.369998931884766,34.07500076293945,34.345001220703125,83152800
4313,2017-02-24,31.665372848510742,34.165000915527344,34.165000915527344,33.81999969482422,33.977500915527344,87106400
4314,2017-02-27,31.727922439575195,34.23249816894531,34.36000061035156,34.06999969482422,34.28499984741211,81029600
4315,2017-02-28,31.74184226989746,34.247501373291016,34.36000061035156,34.17499923706055,34.27000045776367,93931600
4316,2017-03-01,32.39061737060547,34.9474983215332,35.037498474121094,34.400001525878906,34.47249984741211,145658400
4317,2017-03-02,32.198299407958984,34.7400016784668,35.06999969482422,34.689998626708984,35.0,104844000
4318,2017-03-03,32.3882942199707,34.94499969482422,34.95750045776367,34.647499084472656,34.69499969482422,84432400
4319,2017-03-06,32.28633499145508,34.834999084472656,34.942501068115234,34.650001525878906,34.842498779296875,87000000
4320,2017-03-07,32.32805633544922,34.880001068115234,34.994998931884766,34.6974983215332,34.76499938964844,69785200
4321,2017-03-08,32.20757293701172,34.75,34.95000076293945,34.70500183105469,34.73749923706055,74828800
4322,2017-03-09,32.1334228515625,34.66999816894531,34.6974983215332,34.26250076293945,34.685001373291016,88623600
4323,2017-03-10,32.24000930786133,34.78499984741211,34.84000015258789,34.65999984741211,34.8125,78451200
4324,2017-03-13,32.253902435302734,34.79999923706055,34.85749816894531,34.70500183105469,34.712501525878906,69686800
4325,2017-03-14,32.205265045166016,34.747501373291016,34.912498474121094,34.709999084472656,34.82500076293945,61236400
4326,2017-03-15,32.54585647583008,35.1150016784668,35.1875,34.75749969482422,34.852500915527344,102767200
4327,2017-03-16,32.59917068481445,35.17250061035156,35.255001068115234,35.064998626708984,35.18000030517578,76928000
4328,2017-03-17,32.43696212768555,34.997501373291016,35.25,34.97249984741211,35.25,175540000
4329,2017-03-20,32.77758026123047,35.3650016784668,35.375,35.057498931884766,35.099998474121094,86168000
4330,2017-03-21,32.402198791503906,34.959999084472656,35.70000076293945,34.932498931884766,35.52750015258789,158119600
4331,2017-03-22,32.7682991027832,35.35499954223633,35.400001525878906,34.939998626708984,34.962501525878906,103440800
4332,2017-03-23,32.65244674682617,35.22999954223633,35.39500045776367,35.15250015258789,35.314998626708984,81385200
4333,2017-03-24,32.587562561035156,35.15999984741211,35.435001373291016,35.087501525878906,35.375,89582400
4334,2017-03-27,32.64319610595703,35.220001220703125,35.30500030517578,34.654998779296875,34.84749984741211,94300400
4335,2017-03-28,33.31977081298828,35.95000076293945,36.0099983215332,35.154998779296875,35.227500915527344,133499200
4336,2017-03-29,33.393917083740234,36.029998779296875,36.122501373291016,35.79750061035156,35.91999816894531,116760000
4337,2017-03-30,33.34988021850586,35.98249816894531,36.125,35.875,36.04750061035156,84829200
4338,2017-03-31,33.28732681274414,35.915000915527344,36.067501068115234,35.752498626708984,35.93000030517578,78646800
4339,2017-04-03,33.29659652709961,35.92499923706055,36.029998779296875,35.76250076293945,35.9275016784668,79942800
4340,2017-04-04,33.54452896118164,36.192501068115234,36.22249984741211,35.79249954223633,35.8125,79565600
4341,2017-04-05,33.37074661254883,36.005001068115234,36.3650016784668,35.95249938964844,36.05500030517578,110871600
4342,2017-04-06,33.28732681274414,35.915000915527344,36.130001068115234,35.86249923706055,36.0724983215332,84596000
4343,2017-04-07,33.21318817138672,35.834999084472656,36.04499816894531,35.817501068115234,35.932498931884766,66688800
4344,2017-04-10,33.17379379272461,35.79249954223633,35.970001220703125,35.724998474121094,35.900001525878906,75733600
4345,2017-04-11,32.81696319580078,35.407501220703125,35.837501525878906,35.01499938964844,35.73500061035156,121517600
4346,2017-04-12,32.85635757446289,35.45000076293945,35.537498474121094,35.252498626708984,35.400001525878906,81400000
4347,2017-04-13,32.68256378173828,35.26250076293945,35.595001220703125,35.26250076293945,35.477500915527344,71291600
4348,2017-04-17,32.863304138183594,35.45750045776367,35.470001220703125,35.217498779296875,35.369998931884766,66328400
4349,2017-04-18,32.717323303222656,35.29999923706055,35.5099983215332,35.27750015258789,35.352500915527344,58790000
4350,2017-04-19,32.59683609008789,35.16999816894531,35.5,35.11249923706055,35.470001220703125,69313600
4351,2017-04-20,33.004642486572266,35.61000061035156,35.72999954223633,35.290000915527344,35.30500030517578,93278400
4352,2017-04-21,32.96525573730469,35.567501068115234,35.66999816894531,35.462501525878906,35.61000061035156,69283600
4353,2017-04-24,33.28269577026367,35.90999984741211,35.98749923706055,35.79499816894531,35.875,68537200
4354,2017-04-25,33.488929748535156,36.13249969482422,36.224998474121094,35.967498779296875,35.977500915527344,75486000
4355,2017-04-26,33.29196548461914,35.91999816894531,36.150001525878906,35.845001220703125,36.11750030517578,80164800
4356,2017-04-27,33.31744384765625,35.9474983215332,36.040000915527344,35.82749938964844,35.97999954223633,56985200
4357,2017-04-28,33.285011291503906,35.912498474121094,36.07500076293945,35.817501068115234,36.022499084472656,83441600
4358,2017-05-01,33.96391677856445,36.64500045776367,36.79999923706055,36.2400016784668,36.275001525878906,134411600
4359,2017-05-02,34.179412841796875,36.877498626708984,37.022499084472656,36.709999084472656,36.8849983215332,181408800
4360,2017-05-03,34.075130462646484,36.76499938964844,36.872501373291016,36.067501068115234,36.397499084472656,182788000
4361,2017-05-04,33.95234298706055,36.63249969482422,36.78499984741211,36.45249938964844,36.630001068115234,93487600
4362,2017-05-05,34.51538848876953,37.2400016784668,37.244998931884766,36.689998626708984,36.689998626708984,109310800
4363,2017-05-08,35.45381546020508,38.252498626708984,38.42499923706055,37.25749969482422,37.25749969482422,195009600
4364,2017-05-09,35.68088150024414,38.497501373291016,38.720001220703125,38.36249923706055,38.467498779296875,156521600
4365,2017-05-10,35.51173782348633,38.314998626708984,38.48500061035156,38.02750015258789,38.407501220703125,103222800
4366,2017-05-11,35.81884765625,38.48749923706055,38.51750183105469,38.07749938964844,38.11249923706055,109020400
4367,2017-05-12,36.31908416748047,39.025001525878906,39.10499954223633,38.66749954223633,38.67499923706055,130108000
4368,2017-05-15,36.22602462768555,38.92499923706055,39.162498474121094,38.76250076293945,39.002498626708984,104038800
4369,2017-05-16,36.172515869140625,38.86750030517578,39.01499938964844,38.68000030517578,38.98500061035156,80194000
4370,2017-05-17,34.95799255371094,37.5625,38.64250183105469,37.4275016784668,38.400001525878906,203070800
4371,2017-05-18,35.49079132080078,38.1349983215332,38.334999084472656,37.782501220703125,37.817501068115234,134272800
4372,2017-05-19,35.61178970336914,38.26499938964844,38.494998931884766,38.157501220703125,38.345001220703125,107843200
4373,2017-05-22,35.828155517578125,38.497501373291016,38.64500045776367,38.227500915527344,38.5,91865600
4374,2017-05-23,35.783958435058594,38.45000076293945,38.724998474121094,38.32749938964844,38.724998474121094,79675600
4375,2017-05-24,35.67692184448242,38.334999084472656,38.54249954223633,38.16749954223633,38.459999084472656,76712000
4376,2017-05-25,35.80023193359375,38.467498779296875,38.587501525878906,38.25749969482422,38.432498931884766,76942400
4377,2017-05-26,35.73975372314453,38.40250015258789,38.560001373291016,38.32749938964844,38.5,87710400
4378,2017-05-30,35.75370788574219,38.41749954223633,38.60749816894531,38.33250045776367,38.35499954223633,80507600
4379,2017-05-31,35.54197692871094,38.189998626708984,38.54249954223633,38.095001220703125,38.49250030517578,97804800
4380,2017-06-01,35.63970947265625,38.29499816894531,38.33250045776367,38.05500030517578,38.29249954223633,65616400
4381,2017-06-02,36.1678352355957,38.86249923706055,38.86249923706055,38.22249984741211,38.39500045776367,111082800
4382,2017-06-05,35.8141975402832,38.48249816894531,38.61249923706055,38.3650016784668,38.584999084472656,101326800
4383,2017-06-06,35.9351806640625,38.61249923706055,38.95249938964844,38.44499969482422,38.474998474121094,106499600
4384,2017-06-07,36.14924240112305,38.842498779296875,38.994998931884766,38.619998931884766,38.755001068115234,84278400
4385,2017-06-08,36.06082534790039,38.747501373291016,38.8849983215332,38.599998474121094,38.8125,85003200
4386,2017-06-09,34.662506103515625,37.244998931884766,38.79750061035156,36.505001068115234,38.79750061035156,259530800
4387,2017-06-12,33.8342170715332,36.35499954223633,36.522499084472656,35.627498626708984,36.435001373291016,289229200
4388,2017-06-13,34.10643768310547,36.647499084472656,36.86249923706055,36.287498474121094,36.790000915527344,136661600
4389,2017-06-14,33.77373504638672,36.290000915527344,36.875,35.959999084472656,36.875,126124800
4390,2017-06-15,33.57130813598633,36.0724983215332,36.119998931884766,35.5525016784668,35.83000183105469,128661600
4391,2017-06-16,33.101314544677734,35.567501068115234,36.125,35.54999923706055,35.94499969482422,201444400
4392,2017-06-19,34.04827117919922,36.584999084472656,36.685001373291016,35.915000915527344,35.915000915527344,130165600
4393,2017-06-20,33.73883056640625,36.252498626708984,36.717498779296875,36.23500061035156,36.717498779296875,99600400
4394,2017-06-21,33.93891906738281,36.467498779296875,36.51750183105469,36.15250015258789,36.380001068115234,85063200
4395,2017-06-22,33.88307189941406,36.407501220703125,36.67499923706055,36.279998779296875,36.442501068115234,76425200
4396,2017-06-23,34.0343132019043,36.56999969482422,36.790000915527344,36.27750015258789,36.282501220703125,141757600
4397,2017-06-26,33.92728805541992,36.45500183105469,37.06999969482422,36.345001220703125,36.79249954223633,102769600
4398,2017-06-27,33.44100570678711,35.932498931884766,36.540000915527344,35.904998779296875,36.252498626708984,99047600
4399,2017-06-28,33.929622650146484,36.45750045776367,36.52750015258789,35.790000915527344,36.122501373291016,88329600
4400,2017-06-29,33.42938995361328,35.91999816894531,36.282501220703125,35.56999969482422,36.1775016784668,125997600
4401,2017-06-30,33.50849533081055,36.005001068115234,36.2400016784668,35.94499969482422,36.11249923706055,92096400
4402,2017-07-03,33.387508392333984,35.875,36.32500076293945,35.775001525878906,36.220001220703125,57111200
4403,2017-07-05,33.524776458740234,36.022499084472656,36.1974983215332,35.68000030517578,35.92250061035156,86278400
4404,2017-07-06,33.20834732055664,35.682498931884766,35.875,35.602500915527344,35.755001068115234,96515200
4405,2017-07-07,33.545711517333984,36.04499816894531,36.1875,35.724998474121094,35.724998474121094,76806800
4406,2017-07-10,33.750457763671875,36.26499938964844,36.48749923706055,35.842498779296875,36.02750015258789,84362400
4407,2017-07-11,33.85982894897461,36.38249969482422,36.462501525878906,36.095001220703125,36.182498931884766,79127200
4408,2017-07-12,33.90867233276367,36.435001373291016,36.54499816894531,36.20500183105469,36.467498779296875,99538000
4409,2017-07-13,34.3809928894043,36.942501068115234,37.122501373291016,36.36000061035156,36.375,100797600
4410,2017-07-14,34.676475524902344,37.2599983215332,37.33250045776367,36.83250045776367,36.99250030517578,80528400
4411,2017-07-17,34.79745101928711,37.38999938964844,37.724998474121094,37.14250183105469,37.20500183105469,95174000
4412,2017-07-18,34.91844940185547,37.52000045776367,37.532501220703125,37.16749954223633,37.29999923706055,71475200
4413,2017-07-19,35.13715362548828,37.755001068115234,37.85499954223633,37.48749923706055,37.619998931884766,83692000
4414,2017-07-20,34.97892379760742,37.584999084472656,37.935001373291016,37.54750061035156,37.875,68974800
4415,2017-07-21,34.962646484375,37.567501068115234,37.61000061035156,37.220001220703125,37.497501373291016,105010400
4416,2017-07-24,35.38609313964844,38.022499084472656,38.11000061035156,37.474998474121094,37.64500045776367,85972800
4417,2017-07-25,35.53733825683594,38.185001373291016,38.459999084472656,37.95000076293945,37.95000076293945,75415600
4418,2017-07-26,35.7048454284668,38.3650016784668,38.48249816894531,38.26499938964844,38.337501525878906,63124000
4419,2017-07-27,35.030120849609375,37.63999938964844,38.497501373291016,36.82500076293945,38.4375,129905200
4420,2017-07-28,34.78348922729492,37.375,37.557498931884766,37.29750061035156,37.47249984741211,68854800
4421,2017-07-31,34.604339599609375,37.182498931884766,37.58250045776367,37.032501220703125,37.474998474121094,79383600
4422,2017-08-01,34.91145706176758,37.51250076293945,37.55500030517578,37.102500915527344,37.275001525878906,141474400
4423,2017-08-02,36.56105422973633,39.28499984741211,39.9375,39.040000915527344,39.81999969482422,279747200
4424,2017-08-03,36.19577407836914,38.89250183105469,39.3025016784668,38.755001068115234,39.26250076293945,108389200
4425,2017-08-04,36.38656234741211,39.09749984741211,39.349998474121094,38.92250061035156,39.01750183105469,82239600
4426,2017-08-07,36.94960403442383,39.70249938964844,39.72999954223633,39.16749954223633,39.26499938964844,87481200
4427,2017-08-08,37.245094299316406,40.02000045776367,40.45750045776367,39.567501068115234,39.650001525878906,144823600
4428,2017-08-09,37.473106384277344,40.26499938964844,40.317501068115234,39.77750015258789,39.814998626708984,104526000
4429,2017-08-10,36.2795295715332,38.83000183105469,40.0,38.657501220703125,39.974998474121094,163217200
4430,2017-08-11,36.784053802490234,39.369998931884766,39.64250183105469,39.01750183105469,39.150001525878906,105028400
4431,2017-08-14,37.337615966796875,39.962501525878906,40.0525016784668,39.6875,39.83000183105469,88490800
4432,2017-08-15,37.74639892578125,40.400001525878906,40.54999923706055,40.03499984741211,40.165000915527344,117862000
4433,2017-08-16,37.59455490112305,40.23749923706055,40.627498626708984,40.037498474121094,40.48500061035156,110686400
4434,2017-08-17,36.87281036376953,39.46500015258789,40.1775016784668,39.459999084472656,40.130001068115234,111762400
4435,2017-08-18,36.788726806640625,39.375,39.875,39.18000030517578,39.46500015258789,109712400
4436,2017-08-21,36.72098922729492,39.3025016784668,39.47249984741211,38.77750015258789,39.375,105474000
4437,2017-08-22,37.3212776184082,39.94499969482422,40.0,39.505001068115234,39.557498931884766,86418400
4438,2017-08-23,37.36798858642578,39.994998931884766,40.11750030517578,39.720001220703125,39.76750183105469,77596400
4439,2017-08-24,37.2021598815918,39.817501068115234,40.185001373291016,39.63750076293945,40.10749816894531,79275600
4440,2017-08-25,37.3399658203125,39.96500015258789,40.13999938964844,39.817501068115234,39.912498474121094,101920400
4441,2017-08-28,37.71602249145508,40.36750030517578,40.5,39.98249816894531,40.03499984741211,103864000
4442,2017-08-29,38.05238723754883,40.727500915527344,40.779998779296875,40.0,40.025001525878906,118067600
4443,2017-08-30,38.1551628112793,40.837501525878906,40.97249984741211,40.65250015258789,40.95000076293945,109078400
4444,2017-08-31,38.306983947753906,41.0,41.130001068115234,40.869998931884766,40.90999984741211,107140400
4445,2017-09-01,38.31865692138672,41.01250076293945,41.23500061035156,40.907501220703125,41.20000076293945,66364400
4446,2017-09-05,37.8585205078125,40.52000045776367,41.0625,40.13999938964844,40.9375,117874000
4447,2017-09-06,37.818809509277344,40.477500915527344,40.747501373291016,40.130001068115234,40.6775016784668,86606800
4448,2017-09-07,37.666969299316406,40.314998626708984,40.560001373291016,40.09000015258789,40.522499084472656,87714000
4449,2017-09-08,37.05266571044922,39.657501220703125,40.287498474121094,39.63249969482422,40.21500015258789,114446000
4450,2017-09-11,37.72303771972656,40.375,40.51250076293945,39.97249984741211,40.125,126323200
4451,2017-09-12,37.57355499267578,40.21500015258789,40.9900016784668,39.692501068115234,40.65250015258789,286856000
4452,2017-09-13,37.2909049987793,39.912498474121094,39.9900016784668,39.477500915527344,39.967498779296875,179629600
4453,2017-09-14,36.970916748046875,39.56999969482422,39.849998474121094,39.522499084472656,39.747501373291016,95042800
4454,2017-09-15,37.344642639160156,39.970001220703125,40.24250030517578,39.5,39.61750030517578,196458400
4455,2017-09-18,37.06201171875,39.66749954223633,40.125,39.5,40.02750015258789,113077600
4456,2017-09-19,37.07602310180664,39.682498931884766,39.942501068115234,39.61000061035156,39.877498626708984,83242400
4457,2017-09-20,36.4547119140625,39.01750183105469,39.564998626708984,38.45750045776367,39.474998474121094,211805600
4458,2017-09-21,35.8287239074707,38.34749984741211,38.95000076293945,38.1875,38.95000076293945,150046800
4459,2017-09-22,35.47834396362305,37.97249984741211,38.067501068115234,37.63999938964844,37.8849983215332,186581600
4460,2017-09-25,35.16535186767578,37.63750076293945,37.95750045776367,37.290000915527344,37.497501373291016,177549200
4461,2017-09-26,35.770320892333984,38.28499984741211,38.47999954223633,37.92250061035156,37.94499969482422,146640000
4462,2017-09-27,36.02490997314453,38.557498931884766,38.68000030517578,38.3849983215332,38.45000076293945,102016800
4463,2017-09-28,35.803016662597656,38.31999969482422,38.56999969482422,38.17499923706055,38.47249984741211,88022000
4464,2017-09-29,35.99922180175781,38.529998779296875,38.532501220703125,38.0,38.3025016784668,105199200
4465,2017-10-02,35.92680358886719,38.45249938964844,38.61249923706055,38.18000030517578,38.564998626708984,74795200
4466,2017-10-03,36.08331298828125,38.619998931884766,38.772499084472656,38.477500915527344,38.502498626708984,64921200
4467,2017-10-04,35.84972381591797,38.369998931884766,38.46500015258789,38.1150016784668,38.407501220703125,80655200
4468,2017-10-05,36.295867919921875,38.84749984741211,38.86000061035156,38.51250076293945,38.54499816894531,85135200
4469,2017-10-06,36.27485275268555,38.82500076293945,38.872501373291016,38.63999938964844,38.74250030517578,69630400
4470,2017-10-09,36.400970458984375,38.959999084472656,39.182498931884766,38.872501373291016,38.95249938964844,65051600
4471,2017-10-10,36.415000915527344,38.974998474121094,39.5,38.775001525878906,39.01499938964844,62468000
4472,2017-10-11,36.56682586669922,39.13750076293945,39.244998931884766,38.9375,38.99250030517578,67622400
4473,2017-10-12,36.438358306884766,39.0,39.342498779296875,38.932498931884766,39.087501525878906,64500400
4474,2017-10-13,36.669593811035156,39.247501373291016,39.31999969482422,39.102500915527344,39.182498931884766,65576800
4475,2017-10-16,37.344642639160156,39.970001220703125,40.0,39.412498474121094,39.474998474121094,96486000
4476,2017-10-17,37.482444763183594,40.11750030517578,40.217498779296875,39.807498931884766,39.94499969482422,75989200
4477,2017-10-18,37.316612243652344,39.939998626708984,40.1775016784668,39.900001525878906,40.10499954223633,65496800
4478,2017-10-19,36.43367385864258,38.994998931884766,39.27000045776367,38.755001068115234,39.1875,170336800
4479,2017-10-20,36.49674606323242,39.0625,39.4375,38.9900016784668,39.15250015258789,95896400
4480,2017-10-23,36.478065490722656,39.04249954223633,39.42250061035156,38.875,39.22249984741211,87937200
4481,2017-10-24,36.695289611816406,39.275001525878906,39.35499954223633,39.04999923706055,39.0724983215332,71028800
4482,2017-10-25,36.534122467041016,39.102500915527344,39.38750076293945,38.817501068115234,39.227500915527344,84828400
4483,2017-10-26,36.767704010009766,39.352500915527344,39.45750045776367,39.19499969482422,39.307498931884766,68002000
4484,2017-10-27,38.085086822509766,40.76250076293945,40.900001525878906,39.67499923706055,39.8224983215332,177816800
4485,2017-10-30,38.942317962646484,41.68000030517578,42.01750183105469,40.93000030517578,40.97249984741211,178803200
4486,2017-10-31,39.48422622680664,42.2599983215332,42.412498474121094,41.73500061035156,41.974998474121094,144187200
4487,2017-11-01,38.98202896118164,41.72249984741211,42.48500061035156,41.40250015258789,42.467498779296875,134551200
4488,2017-11-02,39.26699447631836,42.02750015258789,42.125,41.31999969482422,41.650001525878906,165573600
4489,2017-11-03,40.292415618896484,43.125,43.564998626708984,42.779998779296875,43.5,237594400
4490,2017-11-06,40.701171875,43.5625,43.747501373291016,42.93000030517578,43.092498779296875,140105200
4491,2017-11-07,40.83196258544922,43.70249938964844,43.8125,43.400001525878906,43.477500915527344,97446000
4492,2017-11-08,41.16599655151367,44.060001373291016,44.060001373291016,43.58250045776367,43.665000915527344,97638000
4493,2017-11-09,41.08190155029297,43.970001220703125,44.025001525878906,43.28499984741211,43.77750015258789,117930400
4494,2017-11-10,40.94593811035156,43.66749954223633,43.845001220703125,43.567501068115234,43.77750015258789,100582000
4495,2017-11-13,40.78184127807617,43.49250030517578,43.625,43.349998474121094,43.375,67928400
4496,2017-11-14,40.16532897949219,42.834999084472656,43.369998931884766,42.79499816894531,43.2599983215332,99130000
4497,2017-11-15,39.635536193847656,42.27000045776367,42.58000183105469,42.095001220703125,42.49250030517578,116632400
4498,2017-11-16,40.109073638916016,42.775001525878906,42.967498779296875,42.57500076293945,42.79499816894531,94550000
4499,2017-11-17,39.88637924194336,42.537498474121094,42.84749984741211,42.40999984741211,42.7599983215332,87598000
4500,2017-11-20,39.84652328491211,42.494998931884766,42.63999938964844,42.38999938964844,42.5724983215332,65049600
4501,2017-11-21,40.587276458740234,43.28499984741211,43.42499923706055,42.69499969482422,42.69499969482422,100525200
4502,2017-11-22,41.01393127441406,43.7400016784668,43.75,43.26250076293945,43.34000015258789,102355600
4503,2017-11-24,41.01626968383789,43.74250030517578,43.875,43.662498474121094,43.775001525878906,56106800
4504,2017-11-27,40.809993743896484,43.522499084472656,43.77000045776367,43.334999084472656,43.76250076293945,82867200
4505,2017-11-28,40.57087326049805,43.26750183105469,43.717498779296875,42.96500015258789,43.57500076293945,105715200
4506,2017-11-29,39.72931671142578,42.369998931884766,43.22999954223633,41.790000915527344,43.157501220703125,166665600
4507,2017-11-30,40.284889221191406,42.962501525878906,43.03499984741211,42.11000061035156,42.60749816894531,166108800
4508,2017-12-01,40.097354888916016,42.76250076293945,42.91749954223633,42.125,42.48749923706055,159037200
4509,2017-12-04,39.804325103759766,42.45000076293945,43.154998779296875,42.407501220703125,43.119998931884766,130169600
4510,2017-12-05,39.766815185546875,42.40999984741211,42.880001068115234,42.099998474121094,42.26499938964844,109400800
4511,2017-12-06,39.61912536621094,42.252498626708984,42.54999923706055,41.6150016784668,41.875,114240000
4512,2017-12-07,39.69180679321289,42.33000183105469,42.61000061035156,42.227500915527344,42.25749969482422,102693200
4513,2017-12-08,39.70352554321289,42.342498779296875,42.75,42.20500183105469,42.622501373291016,93420800
4514,2017-12-11,40.47709655761719,43.16749954223633,43.22249984741211,42.1974983215332,42.29999923706055,141095200
4515,2017-12-12,40.24973678588867,42.92499923706055,43.09749984741211,42.8650016784668,43.037498474121094,77636800
4516,2017-12-13,40.38334655761719,43.067501068115234,43.3849983215332,43.0,43.125,95273600
4517,2017-12-14,40.371612548828125,43.05500030517578,43.282501220703125,42.912498474121094,43.099998474121094,81906000
4518,2017-12-15,40.78184127807617,43.49250030517578,43.54249954223633,43.1150016784668,43.407501220703125,160677200
4519,2017-12-18,41.35617446899414,44.10499954223633,44.29999923706055,43.71500015258789,43.720001220703125,117684400
4520,2017-12-19,40.91546630859375,43.6349983215332,43.84749984741211,43.522499084472656,43.75749969482422,109745600
4521,2017-12-20,40.87092590332031,43.587501525878906,43.85499954223633,43.3125,43.717498779296875,93902400
4522,2017-12-21,41.0256462097168,43.752498626708984,44.005001068115234,43.525001525878906,43.54249954223633,83799600
4523,2017-12-22,41.0256462097168,43.752498626708984,43.85499954223633,43.625,43.66999816894531,65397600
4524,2017-12-26,39.98484420776367,42.64250183105469,42.86750030517578,42.41999816894531,42.70000076293945,132742000
4525,2017-12-27,39.99187088012695,42.650001525878906,42.69499969482422,42.4275016784668,42.525001525878906,85992800
4526,2017-12-28,40.104393005371094,42.77000045776367,42.962501525878906,42.619998931884766,42.75,65920800
4527,2017-12-29,39.67070388793945,42.307498931884766,42.647499084472656,42.30500030517578,42.630001068115234,103999600
4528,2018-01-02,40.38099670410156,43.064998626708984,43.07500076293945,42.314998626708984,42.540000915527344,102223600
4529,2018-01-03,40.373966217041016,43.057498931884766,43.63750076293945,42.9900016784668,43.13249969482422,118071600
4530,2018-01-04,40.561500549316406,43.25749969482422,43.36750030517578,43.02000045776367,43.1349983215332,89738400
4531,2018-01-05,41.0233039855957,43.75,43.842498779296875,43.26250076293945,43.36000061035156,94640000
4532,2018-01-08,40.87092590332031,43.587501525878906,43.90250015258789,43.48249816894531,43.587501525878906,82271200
4533,2018-01-09,40.86624526977539,43.58250045776367,43.76499938964844,43.352500915527344,43.63750076293945,86336000
4534,2018-01-10,40.856868743896484,43.5724983215332,43.57500076293945,43.25,43.290000915527344,95839600
4535,2018-01-11,41.08892822265625,43.81999969482422,43.872501373291016,43.622501373291016,43.647499084472656,74670800
4536,2018-01-12,41.51323699951172,44.272499084472656,44.34000015258789,43.912498474121094,44.04499816894531,101672400
4537,2018-01-16,41.30226135253906,44.04750061035156,44.84749984741211,44.03499984741211,44.474998474121094,118263600
4538,2018-01-17,41.98442840576172,44.775001525878906,44.8125,43.76750183105469,44.037498474121094,137547200
4539,2018-01-18,42.021934509277344,44.814998626708984,45.025001525878906,44.5625,44.842498779296875,124773600
4540,2018-01-19,41.834388732910156,44.6150016784668,44.89500045776367,44.352500915527344,44.65250015258789,129700400
4541,2018-01-22,41.49213409423828,44.25,44.44499969482422,44.150001525878906,44.32500076293945,108434400
4542,2018-01-23,41.50151824951172,44.2599983215332,44.86000061035156,44.20500183105469,44.32500076293945,130756400
4543,2018-01-24,40.840457916259766,43.55500030517578,44.32500076293945,43.29999923706055,44.3125,204420400
4544,2018-01-25,40.11140441894531,42.77750015258789,43.73749923706055,42.63249969482422,43.627498626708984,166116000
4545,2018-01-26,40.20518493652344,42.877498626708984,43.0,42.51499938964844,43.0,156572000
4546,2018-01-29,39.37299346923828,41.9900016784668,42.540000915527344,41.76750183105469,42.540000915527344,202561600
4547,2018-01-30,39.14093017578125,41.74250030517578,41.842498779296875,41.17499923706055,41.38249969482422,184192800
4548,2018-01-31,39.248756408691406,41.85749816894531,42.11000061035156,41.625,41.717498779296875,129915600
4549,2018-02-01,39.330787658691406,41.94499969482422,42.154998779296875,41.689998626708984,41.79249954223633,188923200
4550,2018-02-02,37.62422561645508,40.125,41.70000076293945,40.025001525878906,41.5,346375200
4551,2018-02-05,36.68421173095703,39.122501373291016,40.970001220703125,39.0,39.775001525878906,290954000
4552,2018-02-06,38.21731185913086,40.75749969482422,40.93000030517578,38.5,38.70750045776367,272975200
4553,2018-02-07,37.399173736572266,39.8849983215332,40.849998474121094,39.76750183105469,40.772499084472656,206434400
4554,2018-02-08,36.37008285522461,38.787498474121094,40.25,38.75749969482422,40.0724983215332,217562000
4555,2018-02-09,36.81494903564453,39.102500915527344,39.47249984741211,37.560001373291016,39.26750183105469,282690400
4556,2018-02-12,38.29780578613281,40.6775016784668,40.97249984741211,39.377498626708984,39.625,243278000
4557,2018-02-13,38.68146514892578,41.084999084472656,41.1875,40.412498474121094,40.48749923706055,130196800
4558,2018-02-14,39.3946418762207,41.842498779296875,41.8849983215332,40.720001220703125,40.7599983215332,162579600
4559,2018-02-15,40.71745681762695,43.247501373291016,43.272499084472656,42.25,42.4474983215332,204588800
4560,2018-02-16,40.58563995361328,43.10749816894531,43.70500183105469,42.942501068115234,43.09000015258789,160704400
4561,2018-02-20,40.449134826660156,42.962501525878906,43.564998626708984,42.85499954223633,43.01250076293945,135722000
4562,2018-02-21,40.26553726196289,42.76750183105469,43.529998779296875,42.752498626708984,43.20750045776367,149886400
4563,2018-02-22,40.60213088989258,43.125,43.48749923706055,42.9275016784668,42.95000076293945,123967600
4564,2018-02-23,41.3082389831543,43.875,43.912498474121094,43.3849983215332,43.41749954223633,135249600
4565,2018-02-26,42.125003814697266,44.74250030517578,44.84749984741211,44.0525016784668,44.087501525878906,152648800
4566,2018-02-27,41.98848342895508,44.59749984741211,45.119998931884766,44.540000915527344,44.775001525878906,155712400
4567,2018-02-28,41.92493438720703,44.529998779296875,45.154998779296875,44.51250076293945,44.814998626708984,151128400
4568,2018-03-01,41.19055938720703,43.75,44.94499969482422,43.165000915527344,44.6349983215332,195208000
4569,2018-03-02,41.47536849975586,44.0525016784668,44.07500076293945,43.11249923706055,43.20000076293945,153816000
4570,2018-03-05,41.61894607543945,44.20500183105469,44.435001373291016,43.630001068115234,43.8025016784668,113605600
4571,2018-03-06,41.583641052246094,44.16749954223633,44.5625,44.032501220703125,44.477500915527344,95154000
4572,2018-03-07,41.197628021240234,43.75749969482422,43.962501525878906,43.567501068115234,43.73500061035156,126814000
4573,2018-03-08,41.647186279296875,44.23500061035156,44.279998779296875,43.76750183105469,43.869998931884766,95096400
4574,2018-03-09,42.362728118896484,44.994998931884766,45.0,44.34749984741211,44.4900016784668,128740800
4575,2018-03-12,42.77227783203125,45.43000030517578,45.59749984741211,45.0525016784668,45.0724983215332,128828400
4576,2018-03-13,42.360382080078125,44.99250030517578,45.875,44.810001373291016,45.647499084472656,126774000
4577,2018-03-14,42.000240325927734,44.61000061035156,45.130001068115234,44.45249938964844,45.08000183105469,117473600
4578,2018-03-15,42.049678802490234,44.662498474121094,45.060001373291016,44.51750183105469,44.625,90975200
4579,2018-03-16,41.9013786315918,44.505001068115234,44.779998779296875,44.404998779296875,44.662498474121094,157618800
4580,2018-03-19,41.261173248291016,43.82500076293945,44.36750030517578,43.415000915527344,44.33000183105469,133787200
4581,2018-03-20,41.247066497802734,43.810001373291016,44.20000076293945,43.73500061035156,43.810001373291016,78597600
4582,2018-03-21,40.3126106262207,42.817501068115234,43.772499084472656,42.814998626708984,43.7599983215332,148219600
4583,2018-03-22,39.743011474609375,42.212501525878906,43.16999816894531,42.150001525878906,42.5,165963200
4584,2018-03-23,38.82268524169922,41.23500061035156,42.47999954223633,41.23500061035156,42.09749984741211,164115200
4585,2018-03-26,40.66567611694336,43.192501068115234,43.275001525878906,41.61000061035156,42.01750183105469,150164800
4586,2018-03-27,39.62297439575195,42.084999084472656,43.787498474121094,41.72999954223633,43.41999816894531,163690400
4587,2018-03-28,39.18517303466797,41.619998931884766,42.505001068115234,41.29750061035156,41.8125,166674000
4588,2018-03-29,39.491146087646484,41.94499969482422,42.9375,41.724998474121094,41.95249938964844,153594000
4589,2018-04-02,39.232234954833984,41.66999816894531,42.23500061035156,41.11750030517578,41.65999984741211,150347200
4590,2018-04-03,39.63473892211914,42.09749984741211,42.1875,41.220001220703125,41.90999984741211,121112000
4591,2018-04-04,40.39264678955078,42.90250015258789,43.002498626708984,41.192501068115234,41.220001220703125,138422000
4592,2018-04-05,40.672733306884766,43.20000076293945,43.557498931884766,43.02000045776367,43.14500045776367,107732800
4593,2018-04-06,39.63238525390625,42.095001220703125,43.119998931884766,42.04999923706055,42.74250030517578,140021200
4594,2018-04-09,40.02547073364258,42.51250076293945,43.272499084472656,42.462501525878906,42.470001220703125,116070800
4595,2018-04-10,40.778656005859375,43.3125,43.5,42.88249969482422,43.25,113634400
4596,2018-04-11,40.588008880615234,43.11000061035156,43.47999954223633,42.92499923706055,43.057498931884766,89726400
4597,2018-04-12,40.988136291503906,43.53499984741211,43.75,43.2599983215332,43.352500915527344,91557200
4598,2018-04-13,41.127010345458984,43.682498931884766,43.959999084472656,43.462501525878906,43.69499969482422,100497200
4599,2018-04-16,41.383567810058594,43.95500183105469,44.04750061035156,43.70750045776367,43.75749969482422,86313600
4600,2018-04-17,41.95317459106445,44.560001373291016,44.73500061035156,44.102500915527344,44.122501373291016,106421600
4601,2018-04-18,41.85902404785156,44.459999084472656,44.70500183105469,44.220001220703125,44.45249938964844,83018000
4602,2018-04-19,40.672733306884766,43.20000076293945,43.84749984741211,43.165000915527344,43.439998626708984,139235200
4603,2018-04-20,39.006290435791016,41.43000030517578,42.80500030517578,41.35749816894531,42.650001525878906,261964400
4604,2018-04-23,38.89330291748047,41.310001373291016,41.72999954223633,41.022499084472656,41.70750045776367,146062000
4605,2018-04-24,38.35193634033203,40.73500061035156,41.58250045776367,40.30500030517578,41.41749954223633,134768000
4606,2018-04-25,38.51905059814453,40.912498474121094,41.35499954223633,40.602500915527344,40.654998779296875,113528400
4607,2018-04-26,38.65321731567383,41.05500030517578,41.432498931884766,40.842498779296875,41.029998779296875,111852000
4608,2018-04-27,38.206016540527344,40.58000183105469,41.08250045776367,40.157501220703125,41.0,142623200
4609,2018-04-30,38.89800262451172,41.314998626708984,41.814998626708984,40.459999084472656,40.532501220703125,169709600
4610,2018-05-01,39.80186080932617,42.275001525878906,42.29999923706055,41.317501068115234,41.602500915527344,214277600
4611,2018-05-02,41.560123443603516,44.14250183105469,44.4375,43.45000076293945,43.807498931884766,266157600
4612,2018-05-03,41.635414123535156,44.22249984741211,44.375,43.61000061035156,43.970001220703125,136272800
4613,2018-05-04,43.268924713134766,45.95750045776367,46.0625,44.54249954223633,44.5625,224805200
4614,2018-05-07,43.58197021484375,46.290000915527344,46.91749954223633,46.1875,46.29499816894531,169805600
4615,2018-05-08,43.791446685791016,46.51250076293945,46.55500030517578,45.91749954223633,46.247501373291016,113611200
4616,2018-05-09,44.09979248046875,46.84000015258789,46.849998474121094,46.30500030517578,46.63750076293945,92844800
4617,2018-05-10,44.730594635009766,47.5099983215332,47.592498779296875,46.912498474121094,46.935001373291016,111957200
4618,2018-05-11,44.56046676635742,47.147499084472656,47.51499938964844,46.86249923706055,47.372501373291016,104848800
4619,2018-05-14,44.45650863647461,47.037498474121094,47.38249969482422,46.96500015258789,47.252498626708984,83115200
4620,2018-05-15,44.052459716796875,46.61000061035156,46.76750183105469,46.275001525878906,46.69499969482422,94780800
4621,2018-05-16,44.463584899902344,47.04499816894531,47.1150016784668,46.5,46.51750183105469,76732400
4622,2018-05-17,44.18242645263672,46.747501373291016,47.227500915527344,46.59000015258789,47.0,69176000
4623,2018-05-18,44.021751403808594,46.57749938964844,46.95249938964844,46.532501220703125,46.79750061035156,73190800
4624,2018-05-21,44.33365249633789,46.907501220703125,47.317501068115234,46.727500915527344,47.0,73603200
4625,2018-05-22,44.222591400146484,46.790000915527344,47.220001220703125,46.69499969482422,47.095001220703125,60962800
4626,2018-05-23,44.50612258911133,47.09000015258789,47.125,46.439998626708984,46.587501525878906,80233600
4627,2018-05-24,44.45650863647461,47.037498474121094,47.209999084472656,46.5525016784668,47.192501068115234,92936000
4628,2018-05-25,44.55810546875,47.14500045776367,47.412498474121094,46.912498474121094,47.057498931884766,69844000
4629,2018-05-29,44.397422790527344,46.974998474121094,47.1875,46.717498779296875,46.900001525878906,90056400
4630,2018-05-30,44.30292510986328,46.875,47.0,46.69499969482422,46.93000030517578,74762000
4631,2018-05-31,44.15406799316406,46.717498779296875,47.057498931884766,46.53499984741211,46.80500030517578,109931200
4632,2018-06-01,44.950340270996094,47.560001373291016,47.564998626708984,46.9375,46.997501373291016,93770000
4633,2018-06-04,45.32602310180664,47.95750045776367,48.35499954223633,47.837501525878906,47.90999984741211,105064800
4634,2018-06-05,45.67572784423828,48.32749938964844,48.48500061035156,48.09000015258789,48.26750183105469,86264000
4635,2018-06-06,45.83402633666992,48.494998931884766,48.52000045776367,47.97999954223633,48.407501220703125,83734400
4636,2018-06-07,45.71116256713867,48.3650016784668,48.54999923706055,48.084999084472656,48.53499984741211,85388800
4637,2018-06-08,45.29530334472656,47.92499923706055,48.0,47.442501068115234,47.79249954223633,106627200
4638,2018-06-11,45.18424987792969,47.807498931884766,47.99250030517578,47.5525016784668,47.837501525878906,73234000
4639,2018-06-12,45.432350158691406,48.06999969482422,48.15250015258789,47.787498474121094,47.84749984741211,67644400
4640,2018-06-13,45.05903244018555,47.67499923706055,48.220001220703125,47.61000061035156,48.10499954223633,86553600
4641,2018-06-14,45.0826530456543,47.70000076293945,47.89250183105469,47.55500030517578,47.88750076293945,86440400
4642,2018-06-15,44.61954879760742,47.209999084472656,47.540000915527344,47.064998626708984,47.50749969482422,246876800
4643,2018-06-18,44.595916748046875,47.185001373291016,47.30500030517578,46.79999923706055,46.970001220703125,73939600
4644,2018-06-19,43.87525939941406,46.42250061035156,46.58250045776367,45.86249923706055,46.28499984741211,134314000
4645,2018-06-20,44.06663513183594,46.625,46.79999923706055,46.432498931884766,46.587501525878906,82514800
4646,2018-06-21,43.820899963378906,46.3650016784668,47.087501525878906,46.23500061035156,46.8125,102847600
4647,2018-06-22,43.69330596923828,46.22999954223633,46.537498474121094,46.17499923706055,46.529998779296875,108801600
4648,2018-06-25,43.04353713989258,45.54249954223633,46.22999954223633,45.182498931884766,45.849998474121094,126652400
4649,2018-06-26,43.57752990722656,46.10749816894531,46.63249969482422,45.6349983215332,45.747501373291016,98276800
4650,2018-06-27,43.51374435424805,46.040000915527344,46.81999969482422,46.00749969482422,46.307498931884766,101141200
4651,2018-06-28,43.83035659790039,46.375,46.5525016784668,45.95000076293945,46.025001525878906,69460800
4652,2018-06-29,43.73820877075195,46.27750015258789,46.79750061035156,45.727500915527344,46.5724983215332,90950800
4653,2018-07-02,44.2273063659668,46.79499816894531,46.82500076293945,45.85499954223633,45.95500183105469,70925200
4654,2018-07-03,43.4570426940918,45.97999954223633,46.98749923706055,45.8849983215332,46.9474983215332,55819200
4655,2018-07-05,43.80673599243164,46.349998474121094,46.602500915527344,46.06999969482422,46.314998626708984,66416800
4656,2018-07-06,44.413978576660156,46.99250030517578,47.10749816894531,46.29999923706055,46.35499954223633,69940800
4657,2018-07-09,45.03068161010742,47.64500045776367,47.66999816894531,47.32500076293945,47.375,79026400
4658,2018-07-10,44.97632598876953,47.587501525878906,47.81999969482422,47.54499816894531,47.6775016784668,63756400
4659,2018-07-11,44.39271545410156,46.970001220703125,47.44499969482422,46.90250015258789,47.125,75326000
4660,2018-07-12,45.13700485229492,47.75749969482422,47.852500915527344,47.32749938964844,47.38249969482422,72164400
4661,2018-07-13,45.2078857421875,47.83250045776367,47.959999084472656,47.724998474121094,47.77000045776367,50055600
4662,2018-07-16,45.1086540222168,47.727500915527344,48.162498474121094,47.60499954223633,47.880001068115234,60172400
4663,2018-07-17,45.23624801635742,47.86249923706055,47.967498779296875,47.29999923706055,47.4375,62138000
4664,2018-07-18,44.98814010620117,47.599998474121094,47.95000076293945,47.48249816894531,47.94499969482422,65573600
4665,2018-07-19,45.337825775146484,47.970001220703125,48.13750076293945,47.42250061035156,47.42250061035156,81147200
4666,2018-07-20,45.233890533447266,47.86000061035156,48.10749816894531,47.54249954223633,47.94499969482422,82704800
4667,2018-07-23,45.2740364074707,47.90250015258789,47.9900016784668,47.38999938964844,47.66999816894531,63957600
4668,2018-07-24,45.60247039794922,48.25,48.415000915527344,48.01250076293945,48.11249923706055,74791600
4669,2018-07-25,46.03251266479492,48.70500183105469,48.712501525878906,48.10749816894531,48.26499938964844,66839600
4670,2018-07-26,45.888370513916016,48.5525016784668,48.9900016784668,48.40250015258789,48.65250015258789,76304000
4671,2018-07-27,45.12519073486328,47.744998931884766,48.79750061035156,47.525001525878906,48.747501373291016,96096000
4672,2018-07-30,44.87235641479492,47.477500915527344,48.04999923706055,47.26750183105469,47.974998474121094,84118000
4673,2018-07-31,44.962158203125,47.5724983215332,48.03499984741211,47.334999084472656,47.57500076293945,157492000
4674,2018-08-01,47.61086654663086,50.375,50.439998626708984,49.32749938964844,49.782501220703125,271742800
4675,2018-08-02,49.00258255004883,51.84749984741211,52.095001220703125,50.087501525878906,50.14500045776367,249616000
4676,2018-08-03,49.144351959228516,51.997501373291016,52.185001373291016,51.369998931884766,51.75749969482422,133789600
4677,2018-08-06,49.399532318115234,52.26750183105469,52.3125,51.76750183105469,52.0,101701600
4678,2018-08-07,48.936424255371094,51.77750015258789,52.375,51.689998626708984,52.33000183105469,102349600
4679,2018-08-08,48.9694938659668,51.8125,51.95249938964844,51.130001068115234,51.51250076293945,90102000
4680,2018-08-09,49.35463333129883,52.220001220703125,52.44499969482422,51.79999923706055,52.38249969482422,93970400
4681,2018-08-10,49.20763397216797,51.88249969482422,52.275001525878906,51.66749954223633,51.84000015258789,98444800
4682,2018-08-13,49.52537155151367,52.217498779296875,52.73749923706055,51.92499923706055,52.32749938964844,103563600
4683,2018-08-14,49.73401641845703,52.4375,52.63999938964844,52.064998626708984,52.540000915527344,82992000
4684,2018-08-15,49.85020446777344,52.560001373291016,52.685001373291016,52.08250045776367,52.30500030517578,115230400
4685,2018-08-16,50.58050537109375,53.33000183105469,53.45249938964844,52.86750030517578,52.9375,114001600
4686,2018-08-17,51.59059143066406,54.39500045776367,54.48749923706055,53.290000915527344,53.36000061035156,141708000
4687,2018-08-20,51.08791732788086,53.8650016784668,54.79499816894531,53.77750015258789,54.525001525878906,121150800
4688,2018-08-21,50.988338470458984,53.7599983215332,54.29750061035156,53.50749969482422,54.20000076293945,104639200
4689,2018-08-22,50.99070358276367,53.76250076293945,54.09000015258789,53.459999084472656,53.525001525878906,76072400
4690,2018-08-23,51.09503936767578,53.872501373291016,54.26250076293945,53.650001525878906,53.662498474121094,75532800
4691,2018-08-24,51.2538948059082,54.040000915527344,54.224998474121094,53.77750015258789,54.150001525878906,73905600
4692,2018-08-27,51.675960540771484,54.48500061035156,54.685001373291016,54.08250045776367,54.287498474121094,82100400
4693,2018-08-28,52.093265533447266,54.92499923706055,55.1349983215332,54.72999954223633,54.752498626708984,91107200
4694,2018-08-29,52.87098693847656,55.744998931884766,55.872501373291016,54.852500915527344,55.037498474121094,109019200
4695,2018-08-30,53.357078552246094,56.25749969482422,57.064998626708984,55.599998474121094,55.8125,195175200
4696,2018-08-31,53.97356414794922,56.907501220703125,57.217498779296875,56.5,56.627498626708984,173360400
4697,2018-09-04,54.14665222167969,57.09000015258789,57.29499816894531,56.657501220703125,57.102500915527344,109560400
4698,2018-09-05,53.79335403442383,56.717498779296875,57.41749954223633,56.275001525878906,57.247501373291016,133332000
4699,2018-09-06,52.899452209472656,55.775001525878906,56.837501525878906,55.32500076293945,56.557498931884766,137160000
4700,2018-09-07,52.47263717651367,55.32500076293945,56.342498779296875,55.1775016784668,55.462501525878906,150479200
4701,2018-09-10,51.7684326171875,54.58250045776367,55.462501525878906,54.11750030517578,55.23749923706055,158066000
4702,2018-09-11,53.0772819519043,55.962501525878906,56.07500076293945,54.13999938964844,54.502498626708984,142996000
4703,2018-09-12,52.41812515258789,55.26750183105469,56.25,54.959999084472656,56.23500061035156,197114800
4704,2018-09-13,53.68428039550781,56.602500915527344,57.087501525878906,55.64250183105469,55.880001068115234,166825600
4705,2018-09-14,53.07490921020508,55.959999084472656,56.709999084472656,55.630001068115234,56.4375,127997200
4706,2018-09-17,51.66172790527344,54.470001220703125,55.73749923706055,54.317501068115234,55.537498474121094,148780400
4707,2018-09-18,51.7470817565918,54.560001373291016,55.462501525878906,54.279998779296875,54.4474983215332,126286800
4708,2018-09-19,51.777923583984375,54.592498779296875,54.904998779296875,53.82500076293945,54.625,108495200
4709,2018-09-20,52.171512603759766,55.00749969482422,55.56999969482422,54.787498474121094,55.060001373291016,106435200
4710,2018-09-21,51.60957336425781,54.415000915527344,55.34000015258789,54.3224983215332,55.19499969482422,384986800
4711,2018-09-24,52.35171890258789,55.1974983215332,55.314998626708984,54.157501220703125,54.20500183105469,110773600
4712,2018-09-25,52.683677673339844,55.54750061035156,55.70500183105469,54.92499923706055,54.9375,98217600
4713,2018-09-26,52.26399230957031,55.10499954223633,55.9375,54.939998626708984,55.25,95938800
4714,2018-09-27,53.338104248046875,56.23749923706055,56.61000061035156,55.8849983215332,55.95500183105469,120724800
4715,2018-09-28,53.525428771972656,56.435001373291016,56.459999084472656,56.005001068115234,56.1974983215332,91717600
4716,2018-10-01,53.88582992553711,56.814998626708984,57.35499954223633,56.587501525878906,56.98749923706055,94403200
4717,2018-10-02,54.36478042602539,57.31999969482422,57.5,56.657501220703125,56.8125,99152800
4718,2018-10-03,55.026336669921875,58.01750183105469,58.36750030517578,57.44499969482422,57.51250076293945,114619200
4719,2018-10-04,54.058929443359375,56.997501373291016,58.087501525878906,56.682498931884766,57.69499969482422,128168000
4720,2018-10-05,53.181602478027344,56.0724983215332,57.102500915527344,55.14500045776367,56.9900016784668,134322000
4721,2018-10-08,53.05830764770508,55.942501068115234,56.20000076293945,55.04999923706055,55.5525016784668,118655600
4722,2018-10-09,53.79335403442383,56.717498779296875,56.817501068115234,55.5625,55.90999984741211,107564000
4723,2018-10-10,51.30133056640625,54.09000015258789,56.587501525878906,54.01250076293945,56.3650016784668,167962400
4724,2018-10-11,50.84843826293945,53.61249923706055,54.875,53.08000183105469,53.630001068115234,212497600
4725,2018-10-12,52.66470718383789,55.52750015258789,55.720001220703125,54.209999084472656,55.10499954223633,161351600
4726,2018-10-15,51.53843307495117,54.34000015258789,55.45750045776367,54.317501068115234,55.290000915527344,123164000
4727,2018-10-16,52.6741943359375,55.537498474121094,55.747501373291016,54.189998626708984,54.73249816894531,116736000
4728,2018-10-17,52.446571350097656,55.29750061035156,55.65999984741211,54.834999084472656,55.57500076293945,91541600
4729,2018-10-18,51.220703125,54.005001068115234,54.935001373291016,53.25,54.46500015258789,130325200
4730,2018-10-19,52.00080490112305,54.82749938964844,55.314998626708984,54.35749816894531,54.51499938964844,132314800
4731,2018-10-22,52.318511962890625,55.162498474121094,55.84000015258789,54.73500061035156,54.9474983215332,115168400
4732,2018-10-23,52.81171417236328,55.682498931884766,55.8125,53.67499923706055,53.95750045776367,155071200
4733,2018-10-24,51.00018310546875,53.772499084472656,56.057498931884766,53.6349983215332,55.650001525878906,163702000
4734,2018-10-25,52.11698532104492,54.95000076293945,55.345001220703125,54.1875,54.4275016784668,119423200
4735,2018-10-26,51.28710174560547,54.07500076293945,55.04750061035156,53.16749954223633,53.974998474121094,189033600
4736,2018-10-29,50.32442855834961,53.060001373291016,54.92250061035156,51.522499084472656,54.79750061035156,183742000
4737,2018-10-30,50.57577133178711,53.32500076293945,53.79499816894531,52.317501068115234,52.787498474121094,146640000
4738,2018-10-31,51.89409255981445,54.71500015258789,55.11249923706055,54.154998779296875,54.220001220703125,153435600
4739,2018-11-01,52.690792083740234,55.55500030517578,55.59000015258789,54.20249938964844,54.76250076293945,233292800
4740,2018-11-02,49.195770263671875,51.869998931884766,53.412498474121094,51.35749816894531,52.38750076293945,365314800
4741,2018-11-05,47.79920196533203,50.397499084472656,51.09749984741211,49.54249954223633,51.07500076293945,264654800
4742,2018-11-06,48.316097259521484,50.942501068115234,51.18000030517578,50.42250061035156,50.47999954223633,127531600
4743,2018-11-07,49.781436920166016,52.48749923706055,52.51499938964844,51.032501220703125,51.49250030517578,133697600
4744,2018-11-08,49.60774230957031,52.122501373291016,52.529998779296875,51.6875,52.494998931884766,101450400
4745,2018-11-09,48.6512336730957,51.11750030517578,51.502498626708984,50.5625,51.38750076293945,137463200
4746,2018-11-12,46.200462341308594,48.54249954223633,49.962501525878906,48.4474983215332,49.75,204542000
4747,2018-11-13,45.738861083984375,48.057498931884766,49.29499816894531,47.86249923706055,47.907501220703125,187531600
4748,2018-11-14,44.44686508178711,46.70000076293945,48.619998931884766,46.48249816894531,48.474998474121094,243204000
4749,2018-11-15,45.543758392333984,47.852500915527344,47.99250030517578,46.724998474121094,47.09749984741211,185915200
4750,2018-11-16,46.04819107055664,48.38249969482422,48.74250030517578,47.3650016784668,47.625,147713200
4751,2018-11-19,44.22320556640625,46.46500015258789,47.67499923706055,46.247501373291016,47.5,167701200
4752,2018-11-20,42.11031723022461,44.244998931884766,45.36750030517578,43.877498626708984,44.592498779296875,271300800
4753,2018-11-21,42.062713623046875,44.19499969482422,45.067501068115234,44.13750076293945,44.932498931884766,124496800
4754,2018-11-23,40.994384765625,43.0724983215332,44.150001525878906,43.025001525878906,43.73500061035156,94496000
4755,2018-11-26,41.54877853393555,43.654998779296875,43.73749923706055,42.564998626708984,43.560001373291016,179994000
4756,2018-11-27,41.45836639404297,43.560001373291016,43.692501068115234,42.720001220703125,42.877498626708984,165549600
4757,2018-11-28,43.052547454833984,45.23500061035156,45.3224983215332,43.73249816894531,44.182498931884766,184250000
4758,2018-11-29,42.7218132019043,44.88750076293945,45.70000076293945,44.42499923706055,45.665000915527344,167080000
4759,2018-11-30,42.491024017333984,44.64500045776367,45.08250045776367,44.25749969482422,45.0724983215332,158126000
4760,2018-12-03,43.975746154785156,46.20500183105469,46.23500061035156,45.3025016784668,46.1150016784668,163210000
4761,2018-12-04,42.04130935668945,44.17250061035156,45.59749984741211,44.067501068115234,45.23749923706055,165377200
4762,2018-12-06,41.572566986083984,43.68000030517578,43.69499969482422,42.60499954223633,42.939998626708984,172393600
4763,2018-12-07,40.09021759033203,42.122501373291016,43.622501373291016,42.07500076293945,43.372501373291016,169126400
4764,2018-12-10,40.35432815551758,42.400001525878906,42.522499084472656,40.83250045776367,41.25,248104000
4765,2018-12-11,40.1235237121582,42.157501220703125,42.9474983215332,41.75,42.915000915527344,189126800
4766,2018-12-12,40.235347747802734,42.275001525878906,42.97999954223633,42.255001068115234,42.599998474121094,142510800
4767,2018-12-13,40.675540924072266,42.73749923706055,43.14250183105469,42.38750076293945,42.622501373291016,127594400
4768,2018-12-14,39.374019622802734,41.369998931884766,42.27000045776367,41.31999969482422,42.25,162814800
4769,2018-12-17,39.00760269165039,40.98500061035156,42.087501525878906,40.682498931884766,41.36249923706055,177151600
4770,2018-12-18,39.514404296875,41.51750183105469,41.88249969482422,41.09749984741211,41.345001220703125,135366000
4771,2018-12-19,38.281883239746094,40.22249984741211,41.86249923706055,39.772499084472656,41.5,196189200
4772,2018-12-20,37.315853118896484,39.20750045776367,40.52750015258789,38.82500076293945,40.099998474121094,259092000
4773,2018-12-21,35.864444732666016,37.682498931884766,39.540000915527344,37.407501220703125,39.21500015258789,382978400
4774,2018-12-24,34.93648147583008,36.70750045776367,37.88750076293945,36.647499084472656,37.037498474121094,148676800
4775,2018-12-26,37.396751403808594,39.29249954223633,39.307498931884766,36.68000030517578,37.07500076293945,234330000
4776,2018-12-27,37.154052734375,39.037498474121094,39.192501068115234,37.51750183105469,38.959999084472656,212468400
4777,2018-12-28,37.1730842590332,39.057498931884766,39.630001068115234,38.63750076293945,39.375,169165600
4778,2018-12-31,37.532379150390625,39.435001373291016,39.84000015258789,39.119998931884766,39.63249969482422,140014000
4779,2019-01-02,37.57521057128906,39.47999954223633,39.712501525878906,38.557498931884766,38.72249984741211,148158800
4780,2019-01-03,33.832435607910156,35.54750061035156,36.43000030517578,35.5,35.994998931884766,365248800
4781,2019-01-04,35.2767333984375,37.064998626708984,37.13750076293945,35.95000076293945,36.13249969482422,234428400
4782,2019-01-07,35.198204040527344,36.98249816894531,37.20750045776367,36.474998474121094,37.17499923706055,219111200
4783,2019-01-08,35.86919021606445,37.6875,37.95500183105469,37.130001068115234,37.38999938964844,164101200
4784,2019-01-09,36.478309631347656,38.32749938964844,38.63249969482422,37.407501220703125,37.8224983215332,180396400
4785,2019-01-10,36.59490203857422,38.45000076293945,38.49250030517578,37.71500015258789,38.125,143122800
4786,2019-01-11,36.2356071472168,38.0724983215332,38.42499923706055,37.877498626708984,38.220001220703125,108092800
4787,2019-01-14,35.69074249267578,37.5,37.817501068115234,37.30500030517578,37.712501525878906,129756800
4788,2019-01-15,36.42121887207031,38.26750183105469,38.34749984741211,37.51250076293945,37.567501068115234,114843600
4789,2019-01-16,36.866146087646484,38.73500061035156,38.970001220703125,38.25,38.27000045776367,122278800
4790,2019-01-17,37.085052490234375,38.96500015258789,39.415000915527344,38.314998626708984,38.54999923706055,119284800
4791,2019-01-18,37.3134765625,39.20500183105469,39.470001220703125,38.994998931884766,39.375,135004000
4792,2019-01-22,36.47593688964844,38.32500076293945,39.182498931884766,38.154998779296875,39.102500915527344,121576000
4793,2019-01-23,36.62345886230469,38.47999954223633,38.78499984741211,37.92499923706055,38.537498474121094,92522400
4794,2019-01-24,36.33317184448242,38.17499923706055,38.619998931884766,37.935001373291016,38.52750015258789,101766000
4795,2019-01-25,37.53713607788086,39.439998626708984,39.532501220703125,38.58000183105469,38.869998931884766,134142000
4796,2019-01-28,37.18975830078125,39.07500076293945,39.08250045776367,38.415000915527344,38.9474983215332,104768400
4797,2019-01-29,36.80429458618164,38.66999816894531,39.532501220703125,38.52750015258789,39.0625,166348800
4798,2019-01-30,39.31928634643555,41.3125,41.537498474121094,40.057498931884766,40.8125,244439200
4799,2019-01-31,39.602447509765625,41.61000061035156,42.25,41.13999938964844,41.52750015258789,162958400
4800,2019-02-01,39.62147903442383,41.630001068115234,42.244998931884766,41.48249816894531,41.7400016784668,130672400
4801,2019-02-04,40.74692153930664,42.8125,42.915000915527344,41.81999969482422,41.852500915527344,125982000
4802,2019-02-05,41.444087982177734,43.54499816894531,43.77000045776367,43.087501525878906,43.21500015258789,144406400
4803,2019-02-06,41.45836639404297,43.560001373291016,43.89250183105469,43.212501525878906,43.662498474121094,112958400
4804,2019-02-07,40.67316818237305,42.73500061035156,43.48500061035156,42.584999084472656,43.099998474121094,126966800
4805,2019-02-08,40.7209587097168,42.602500915527344,42.665000915527344,42.10499954223633,42.247501373291016,95280000
4806,2019-02-11,40.48678207397461,42.35749816894531,42.8025016784668,42.3125,42.76250076293945,83973600
4807,2019-02-12,40.835655212402344,42.72249984741211,42.75,42.42499923706055,42.525001525878906,89134000
4808,2019-02-13,40.665992736816406,42.54499816894531,43.119998931884766,42.47999954223633,42.84749984741211,89960800
4809,2019-02-14,40.814151763916016,42.70000076293945,42.814998626708984,42.345001220703125,42.4275016784668,87342800
4810,2019-02-15,40.72334289550781,42.60499954223633,42.92499923706055,42.4375,42.8125,98507200
4811,2019-02-19,40.84521484375,42.73249816894531,42.86000061035156,42.372501373291016,42.4275016784668,75891200
4812,2019-02-20,41.108055114746094,43.00749969482422,43.33000183105469,42.747501373291016,42.79750061035156,104457600
4813,2019-02-21,40.87628173828125,42.76499938964844,43.092498779296875,42.57500076293945,42.95000076293945,68998800
4814,2019-02-22,41.33269500732422,43.24250030517578,43.25,42.845001220703125,42.89500045776367,75652800
4815,2019-02-25,41.63377380371094,43.557498931884766,43.967498779296875,43.48749923706055,43.540000915527344,87493600
4816,2019-02-26,41.65766906738281,43.58250045776367,43.82500076293945,43.29249954223633,43.4275016784668,68280800
4817,2019-02-27,41.786712646484375,43.717498779296875,43.75,43.182498931884766,43.3025016784668,111341600
4818,2019-02-28,41.37570571899414,43.287498474121094,43.727500915527344,43.22999954223633,43.58000183105469,112861600
4819,2019-03-01,41.81060791015625,43.74250030517578,43.787498474121094,43.22249984741211,43.56999969482422,103544800
4820,2019-03-04,42.02089309692383,43.962501525878906,44.4375,43.49250030517578,43.92250061035156,109744800
4821,2019-03-05,41.944435119628906,43.88249969482422,44.0,43.6349983215332,43.98500061035156,78949600
4822,2019-03-06,41.703067779541016,43.630001068115234,43.872501373291016,43.48500061035156,43.66749954223633,83241600
4823,2019-03-07,41.22037124633789,43.125,43.61000061035156,43.005001068115234,43.467498779296875,99185600
4824,2019-03-08,41.318363189697266,43.227500915527344,43.26750183105469,42.375,42.58000183105469,95997600
4825,2019-03-11,42.749717712402344,44.724998474121094,44.779998779296875,43.837501525878906,43.872501373291016,128044000
4826,2019-03-12,43.23002624511719,45.227500915527344,45.66749954223633,44.842498779296875,45.0,129870400
4827,2019-03-13,43.42118835449219,45.4275016784668,45.82500076293945,45.22999954223633,45.5625,124130000
4828,2019-03-14,43.90388107299805,45.932498931884766,46.025001525878906,45.63999938964844,45.974998474121094,94318000
4829,2019-03-15,44.474998474121094,46.529998779296875,46.83250045776367,45.935001373291016,46.212501525878906,156171600
4830,2019-03-18,44.929019927978516,47.005001068115234,47.09749984741211,46.4474983215332,46.45000076293945,104879200
4831,2019-03-19,44.572967529296875,46.63249969482422,47.247501373291016,46.47999954223633,47.087501525878906,126585600
4832,2019-03-20,44.962467193603516,47.040000915527344,47.372501373291016,46.182498931884766,46.557498931884766,124140800
4833,2019-03-21,46.61845779418945,48.772499084472656,49.08250045776367,47.45249938964844,47.505001068115234,204136800
4834,2019-03-22,45.6530647277832,47.76250076293945,49.42250061035156,47.69499969482422,48.834999084472656,169630800
4835,2019-03-25,45.101078033447266,47.185001373291016,47.994998931884766,46.650001525878906,47.877498626708984,175381200
4836,2019-03-26,44.63509750366211,46.6974983215332,48.220001220703125,46.14500045776367,47.915000915527344,199202000
4837,2019-03-27,45.03654098510742,47.11750030517578,47.439998626708984,46.63750076293945,47.1875,119393600
4838,2019-03-28,45.09629440307617,47.18000030517578,47.38999938964844,46.88249969482422,47.23749923706055,83121600
4839,2019-03-29,45.39021301269531,47.48749923706055,47.52000045776367,47.1349983215332,47.45750045776367,94256000
4840,2019-04-01,45.69846725463867,47.810001373291016,47.91999816894531,47.095001220703125,47.90999984741211,111448000
4841,2019-04-02,46.3627815246582,48.505001068115234,48.6150016784668,47.76250076293945,47.772499084472656,91062800
4842,2019-04-03,46.68058776855469,48.837501525878906,49.125,48.287498474121094,48.3125,93087200
4843,2019-04-04,46.761837005615234,48.92250061035156,49.092498779296875,48.28499984741211,48.6974983215332,76457200
4844,2019-04-05,47.07486343383789,49.25,49.275001525878906,48.98249816894531,49.11249923706055,74106400
4845,2019-04-08,47.81563949584961,50.025001525878906,50.057498931884766,49.084999084472656,49.10499954223633,103526800
4846,2019-04-09,47.67226028442383,49.875,50.712501525878906,49.807498931884766,50.08000183105469,143072800
4847,2019-04-10,47.93989944458008,50.154998779296875,50.185001373291016,49.54499816894531,49.66999816894531,86781200
4848,2019-04-11,47.54084396362305,49.73749923706055,50.25,49.61000061035156,50.212501525878906,83603200
4849,2019-04-12,47.521732330322266,49.717498779296875,50.03499984741211,49.0525016784668,49.79999923706055,111042800
4850,2019-04-15,47.60775375366211,49.807498931884766,49.962501525878906,49.502498626708984,49.64500045776367,70146400
4851,2019-04-16,47.61252975463867,49.8125,50.342498779296875,49.63999938964844,49.8650016784668,102785600
4852,2019-04-17,48.539676666259766,50.782501220703125,50.845001220703125,49.65250015258789,49.8849983215332,115627200
4853,2019-04-18,48.71412658691406,50.96500015258789,51.037498474121094,50.630001068115234,50.779998779296875,96783200
4854,2019-04-22,48.874229431152344,51.13249969482422,51.23500061035156,50.584999084472656,50.70750045776367,77758000
4855,2019-04-23,49.57915496826172,51.869998931884766,51.9375,50.974998474121094,51.10749816894531,93292000
4856,2019-04-24,49.502685546875,51.790000915527344,52.119998931884766,51.76250076293945,51.84000015258789,70162400
4857,2019-04-25,49.053436279296875,51.31999969482422,51.939998626708984,51.279998779296875,51.70750045776367,74172800
4858,2019-04-26,48.81925964355469,51.07500076293945,51.25,50.529998779296875,51.224998474121094,74596400
4859,2019-04-29,48.893333435058594,51.15250015258789,51.49250030517578,50.96500015258789,51.099998474121094,88818800
4860,2019-04-30,47.951847076416016,50.16749954223633,50.849998474121094,49.77750015258789,50.76499938964844,186139600
4861,2019-05-01,50.30558395385742,52.630001068115234,53.82749938964844,52.307498931884766,52.470001220703125,259309200
4862,2019-05-02,49.97821044921875,52.287498474121094,53.162498474121094,52.032501220703125,52.459999084472656,127985200
4863,2019-05-03,50.59950637817383,52.9375,52.959999084472656,52.557498931884766,52.72249984741211,83569600
4864,2019-05-06,49.818115234375,52.119998931884766,52.209999084472656,50.875,51.0724983215332,129772400
4865,2019-05-07,48.47515869140625,50.71500015258789,51.85499954223633,50.20750045776367,51.470001220703125,155054800
4866,2019-05-08,48.484718322753906,50.724998474121094,51.334999084472656,50.4375,50.474998474121094,105358000
4867,2019-05-09,47.96379852294922,50.18000030517578,50.41999816894531,49.165000915527344,50.099998474121094,139634400
4868,2019-05-10,47.29933547973633,49.29499816894531,49.712501525878906,48.192501068115234,49.35499954223633,164834800
4869,2019-05-13,44.550315856933594,46.43000030517578,47.369998931884766,45.712501525878906,46.9275016784668,229722400
4870,2019-05-14,45.255558013916016,47.165000915527344,47.42499923706055,46.352500915527344,46.602500915527344,146118800
4871,2019-05-15,45.79768753051758,47.72999954223633,47.9375,46.505001068115234,46.567501068115234,106178800
4872,2019-05-16,45.59619140625,47.52000045776367,48.11750030517578,47.209999084472656,47.477500915527344,132125600
4873,2019-05-17,45.337120056152344,47.25,47.724998474121094,46.689998626708984,46.73249816894531,131516400
4874,2019-05-20,43.91944122314453,45.772499084472656,46.087501525878906,45.06999969482422,45.880001068115234,154449200
4875,2019-05-21,44.76140594482422,46.650001525878906,47.0,46.17499923706055,46.30500030517578,113459200
4876,2019-05-22,43.845069885253906,45.69499969482422,46.4275016784668,45.63750076293945,46.165000915527344,118994400
4877,2019-05-23,43.09665298461914,44.915000915527344,45.1349983215332,44.45249938964844,44.95000076293945,146118800
4878,2019-05-24,42.93113327026367,44.74250030517578,45.53499984741211,44.654998779296875,45.04999923706055,94858800
4879,2019-05-28,42.75361633300781,44.557498931884766,45.147499084472656,44.477500915527344,44.72999954223633,111792800
4880,2019-05-29,42.54972839355469,44.345001220703125,44.837501525878906,44.0,44.10499954223633,113924800
4881,2019-05-30,42.77040100097656,44.57500076293945,44.807498931884766,44.16749954223633,44.48749923706055,84873600
4882,2019-05-31,41.99561309814453,43.76750183105469,44.497501373291016,43.747501373291016,44.057498931884766,108174400
4883,2019-06-03,41.57102584838867,43.32500076293945,44.47999954223633,42.567501068115234,43.900001525878906,161584400
4884,2019-06-04,43.09185028076172,44.90999984741211,44.95750045776367,43.630001068115234,43.86000061035156,123872000
4885,2019-06-05,43.787506103515625,45.6349983215332,46.247501373291016,45.28499984741211,46.06999969482422,119093600
4886,2019-06-06,44.43036651611328,46.30500030517578,46.36750030517578,45.537498474121094,45.77000045776367,90105200
4887,2019-06-07,45.61297607421875,47.537498474121094,47.97999954223633,46.442501068115234,46.627498626708984,122737600
4888,2019-06-10,46.195899963378906,48.14500045776367,48.842498779296875,47.904998779296875,47.95249938964844,104883600
4889,2019-06-11,46.730812072753906,48.70249938964844,49.0,48.400001525878906,48.71500015258789,107731600
4890,2019-06-12,46.582096099853516,48.54750061035156,48.99250030517578,48.34749984741211,48.48749923706055,73012800
4891,2019-06-13,46.57250213623047,48.537498474121094,49.1974983215332,48.400001525878906,48.67499923706055,86698400
4892,2019-06-14,46.23426818847656,48.185001373291016,48.397499084472656,47.57500076293945,47.88750076293945,75046000
4893,2019-06-17,46.51012420654297,48.47249984741211,48.7400016784668,48.04249954223633,48.224998474121094,58676400
4894,2019-06-18,47.60397720336914,49.61249923706055,50.0724983215332,48.8025016784668,49.01250076293945,106204000
4895,2019-06-19,47.46485137939453,49.467498779296875,49.970001220703125,49.32749938964844,49.91999816894531,84496800
4896,2019-06-20,47.84626007080078,49.8650016784668,50.15250015258789,49.50749969482422,50.092498779296875,86056000
4897,2019-06-21,47.68313980102539,49.69499969482422,50.212501525878906,49.537498474121094,49.70000076293945,191202400
4898,2019-06-24,47.635169982910156,49.64500045776367,50.040000915527344,49.54249954223633,49.6349983215332,72881600
4899,2019-06-25,46.91313171386719,48.89250183105469,49.814998626708984,48.8224983215332,49.60749816894531,84281200
4900,2019-06-26,47.927818298339844,49.95000076293945,50.247501373291016,49.337501525878906,49.442501068115234,104270000
4901,2019-06-27,47.91342544555664,49.935001373291016,50.39250183105469,49.89250183105469,50.0724983215332,83598800
4902,2019-06-28,47.476837158203125,49.47999954223633,49.875,49.26250076293945,49.66999816894531,124442400
4903,2019-07-01,48.34759521484375,50.38750076293945,51.122501373291016,50.162498474121094,50.79249954223633,109012000
4904,2019-07-02,48.630653381347656,50.682498931884766,50.782501220703125,50.34000015258789,50.352500915527344,67740800
4905,2019-07-03,49.03365707397461,51.102500915527344,51.11000061035156,50.67250061035156,50.81999969482422,45448000
4906,2019-07-05,48.99047088623047,51.057498931884766,51.27000045776367,50.724998474121094,50.837501525878906,69062000
4907,2019-07-08,47.9805908203125,50.005001068115234,50.349998474121094,49.602500915527344,50.20249938964844,101354400
4908,2019-07-09,48.27323913574219,50.310001373291016,50.377498626708984,49.70249938964844,49.79999923706055,82312000
4909,2019-07-10,48.75059509277344,50.807498931884766,50.932498931884766,50.38999938964844,50.462501525878906,71588400
4910,2019-07-11,48.39557647705078,50.4375,51.09749984741211,50.4275016784668,50.82749938964844,80767200
4911,2019-07-12,48.76738739013672,50.82500076293945,51.0,50.54999923706055,50.61249923706055,70380800
4912,2019-07-15,49.225563049316406,51.3025016784668,51.467498779296875,51.0,51.022499084472656,67789600
4913,2019-07-16,49.05524826049805,51.125,51.52750015258789,50.875,51.147499084472656,67467200
4914,2019-07-17,48.77939224243164,50.837501525878906,51.272499084472656,50.817501068115234,51.01250076293945,56430000
4915,2019-07-18,49.3335075378418,51.415000915527344,51.470001220703125,50.92499923706055,51.0,74162400
4916,2019-07-19,48.597068786621094,50.647499084472656,51.625,50.59000015258789,51.4474983215332,83717200
4917,2019-07-22,49.70771789550781,51.80500030517578,51.807498931884766,50.90250015258789,50.912498474121094,89111600
4918,2019-07-23,50.09632110595703,52.209999084472656,52.227500915527344,51.8224983215332,52.1150016784668,73420800
4919,2019-07-24,50.05554962158203,52.16749954223633,52.287498474121094,51.79249954223633,51.91749954223633,59966400
4920,2019-07-25,49.65974044799805,51.755001068115234,52.310001373291016,51.682498931884766,52.22249984741211,55638400
4921,2019-07-26,49.83245849609375,51.935001373291016,52.432498931884766,51.78499984741211,51.869998931884766,70475600
4922,2019-07-29,50.297813415527344,52.41999816894531,52.65999984741211,52.11000061035156,52.1150016784668,86693600
4923,2019-07-30,50.0819206237793,52.19499969482422,52.540000915527344,51.82749938964844,52.189998626708984,135742800
4924,2019-07-31,51.10380935668945,53.2599983215332,55.342498779296875,52.82500076293945,54.10499954223633,277125600
4925,2019-08-01,49.997962951660156,52.10749816894531,54.50749969482422,51.685001373291016,53.474998474121094,216071600
4926,2019-08-02,48.94010543823242,51.005001068115234,51.60749816894531,50.407501220703125,51.38249969482422,163448400
4927,2019-08-05,46.37820053100586,48.334999084472656,49.662498474121094,48.14500045776367,49.497501373291016,209572000
4928,2019-08-06,47.25614929199219,49.25,49.51750183105469,48.5099983215332,49.07749938964844,143299200
4929,2019-08-07,47.74551010131836,49.7599983215332,49.88999938964844,48.45500183105469,48.852500915527344,133457600
4930,2019-08-08,48.798561096191406,50.85749816894531,50.88249969482422,49.84749984741211,50.04999923706055,108038000
4931,2019-08-09,48.396461486816406,50.247501373291016,50.689998626708984,49.8224983215332,50.32500076293945,98478800
4932,2019-08-12,48.273651123046875,50.119998931884766,50.51250076293945,49.787498474121094,49.904998779296875,89927600
4933,2019-08-13,50.31796646118164,52.24250030517578,53.03499984741211,50.119998931884766,50.255001068115234,188874000
4934,2019-08-14,48.82024383544922,50.6875,51.61000061035156,50.647499084472656,50.790000915527344,146189600
4935,2019-08-15,48.57704544067383,50.435001373291016,51.28499984741211,49.91749954223633,50.8650016784668,108909600
4936,2019-08-16,49.723209381103516,51.625,51.790000915527344,50.959999084472656,51.06999969482422,110481600
4937,2019-08-19,50.65024948120117,52.587501525878906,53.182498931884766,52.50749969482422,52.654998779296875,97654400
4938,2019-08-20,50.65265655517578,52.59000015258789,53.337501525878906,52.58000183105469,52.720001220703125,107537200
4939,2019-08-21,51.20166778564453,53.15999984741211,53.412498474121094,52.900001525878906,53.247501373291016,86141600
4940,2019-08-22,51.158329010009766,53.1150016784668,53.61000061035156,52.6875,53.29750061035156,89014800
4941,2019-08-23,48.79376220703125,50.65999984741211,53.01250076293945,50.25,52.35749816894531,187272000
4942,2019-08-26,49.72079849243164,51.622501373291016,51.79750061035156,51.26499938964844,51.46500015258789,104174400
4943,2019-08-27,49.15976333618164,51.040000915527344,52.13750076293945,50.88249969482422,51.96500015258789,103493200
4944,2019-08-28,49.48964309692383,51.38249969482422,51.43000030517578,50.83000183105469,51.025001525878906,63755200
4945,2019-08-29,50.32759475708008,52.252498626708984,52.33000183105469,51.665000915527344,52.125,83962000
4946,2019-08-30,50.2625846862793,52.185001373291016,52.61249923706055,51.79999923706055,52.540000915527344,84573600
4947,2019-09-03,49.53057861328125,51.42499923706055,51.744998931884766,51.05500030517578,51.60749816894531,80092000
4948,2019-09-04,50.37093734741211,52.29750061035156,52.369998931884766,51.83000183105469,52.09749984741211,76752400
4949,2019-09-05,51.35576248168945,53.31999969482422,53.49250030517578,52.877498626708984,53.0,95654800
4950,2019-09-06,51.350955963134766,53.314998626708984,53.60499954223633,53.127498626708984,53.51250076293945,77449200
4951,2019-09-09,51.5700798034668,53.54249954223633,54.11000061035156,52.76750183105469,53.709999084472656,109237600
4952,2019-09-10,52.179264068603516,54.17499923706055,54.19499969482422,52.9275016784668,53.46500015258789,127111600
4953,2019-09-11,53.83831024169922,55.897499084472656,55.9275016784668,54.432498931884766,54.51750183105469,177158400
4954,2019-09-12,53.717918395996094,55.772499084472656,56.60499954223633,55.71500015258789,56.20000076293945,128906800
4955,2019-09-13,52.672889709472656,54.6875,55.1974983215332,54.255001068115234,55.0,159053200
4956,2019-09-16,52.94979476928711,54.974998474121094,55.032501220703125,54.38999938964844,54.432498931884766,84632400
4957,2019-09-17,53.142433166503906,55.17499923706055,55.20500183105469,54.779998779296875,54.9900016784668,73274800
4958,2019-09-18,53.640872955322266,55.692501068115234,55.712501525878906,54.86000061035156,55.26499938964844,101360000
4959,2019-09-19,53.20503616333008,55.2400016784668,55.939998626708984,55.092498779296875,55.502498626708984,88242400
4960,2019-09-20,52.42727279663086,54.432498931884766,55.63999938964844,54.36750030517578,55.345001220703125,221652400
4961,2019-09-23,52.665672302246094,54.68000030517578,54.959999084472656,54.412498474121094,54.73749923706055,76662000
4962,2019-09-24,52.41523361206055,54.41999816894531,55.622501373291016,54.29750061035156,55.25749969482422,124763200
4963,2019-09-25,53.221893310546875,55.25749969482422,55.375,54.28499984741211,54.63750076293945,87613600
4964,2019-09-26,52.9473876953125,54.97249984741211,55.23500061035156,54.70750045776367,55.0,75334000
4965,2019-09-27,52.68975067138672,54.70500183105469,55.2400016784668,54.31999969482422,55.1349983215332,101408000
4966,2019-09-30,53.92981719970703,55.99250030517578,56.14500045776367,55.1974983215332,55.224998474121094,103909600
4967,2019-10-01,54.0791015625,56.147499084472656,57.05500030517578,56.04999923706055,56.26750183105469,139223200
4968,2019-10-02,52.723453521728516,54.7400016784668,55.89500045776367,54.48249816894531,55.76499938964844,138449200
4969,2019-10-03,53.171321868896484,55.20500183105469,55.2400016784668,53.782501220703125,54.60749816894531,114426000
4970,2019-10-04,54.66181564331055,56.752498626708984,56.872501373291016,55.97249984741211,56.40999984741211,138478800
4971,2019-10-07,54.67386245727539,56.76499938964844,57.48249816894531,56.459999084472656,56.567501068115234,122306000
4972,2019-10-08,54.033355712890625,56.099998474121094,57.01499938964844,56.08250045776367,56.45500183105469,111820000
4973,2019-10-09,54.666629791259766,56.75749969482422,56.9474983215332,56.40999984741211,56.75749969482422,74770400
4974,2019-10-10,55.40345001220703,57.522499084472656,57.61000061035156,56.82500076293945,56.98249816894531,113013600
4975,2019-10-11,56.8770866394043,59.0525016784668,59.40999984741211,58.07749938964844,58.23749923706055,166795600
4976,2019-10-14,56.79521942138672,58.967498779296875,59.532501220703125,58.66749954223633,58.724998474121094,96427600
4977,2019-10-15,56.66279220581055,58.83000183105469,59.412498474121094,58.720001220703125,59.09749984741211,87360000
4978,2019-10-16,56.43403625488281,58.592498779296875,58.810001373291016,58.29999923706055,58.342498779296875,73903200
4979,2019-10-17,56.65315628051758,58.81999969482422,59.037498474121094,58.380001068115234,58.772499084472656,67585200
4980,2019-10-18,56.92524719238281,59.102500915527344,59.39500045776367,58.5724983215332,58.647499084472656,97433600
4981,2019-10-21,57.91248321533203,60.127498626708984,60.247501373291016,59.33000183105469,59.380001068115234,87247200
4982,2019-10-22,57.780059814453125,59.9900016784668,60.54999923706055,59.904998779296875,60.290000915527344,82293600
4983,2019-10-23,58.555397033691406,60.79499816894531,60.810001373291016,60.30500030517578,60.525001525878906,75828800
4984,2019-10-24,58.6517219543457,60.89500045776367,61.20000076293945,60.45249938964844,61.127498626708984,69275200
4985,2019-10-25,59.374088287353516,61.64500045776367,61.682498931884766,60.720001220703125,60.790000915527344,73477200
4986,2019-10-28,59.96883773803711,62.26250076293945,62.3125,61.68000030517578,61.85499954223633,96572800
4987,2019-10-29,58.58189010620117,60.8224983215332,62.4375,60.64250183105469,62.24250030517578,142839600
4988,2019-10-30,58.57465362548828,60.814998626708984,61.32500076293945,60.3025016784668,61.189998626708984,124522000
4989,2019-10-31,59.89900588989258,62.189998626708984,62.29249954223633,59.314998626708984,61.810001373291016,139162000
4990,2019-11-01,61.59898376464844,63.95500183105469,63.98249816894531,62.290000915527344,62.3849983215332,151125200
4991,2019-11-04,62.00351333618164,64.375,64.4625015258789,63.845001220703125,64.3324966430664,103272000
4992,2019-11-05,61.9144287109375,64.28250122070312,64.54750061035156,64.08000183105469,64.26249694824219,79897600
4993,2019-11-06,61.94090270996094,64.30999755859375,64.37249755859375,63.842498779296875,64.19249725341797,75864400
4994,2019-11-07,62.655792236328125,64.85749816894531,65.0875015258789,64.52749633789062,64.68499755859375,94940400
4995,2019-11-08,62.8272590637207,65.03500366210938,65.11000061035156,64.2125015258789,64.67250061035156,69986400
4996,2019-11-11,63.32478332519531,65.55000305175781,65.61750030517578,64.56999969482422,64.57499694824219,81821200
4997,2019-11-12,63.26681900024414,65.48999786376953,65.69750213623047,65.2300033569336,65.38749694824219,87388800
4998,2019-11-13,63.87302017211914,66.11750030517578,66.19499969482422,65.26750183105469,65.28250122070312,102734400
4999,2019-11-14,63.43106460571289,65.66000366210938,66.22000122070312,65.5250015258789,65.9375,89182800
5000,2019-11-15,64.18455505371094,66.44000244140625,66.44499969482422,65.75250244140625,65.91999816894531,100206400
5001,2019-11-18,64.50821685791016,66.7750015258789,66.85749816894531,66.05750274658203,66.44999694824219,86703200
5002,2019-11-19,64.31256866455078,66.57250213623047,67.0,66.34750366210938,66.9749984741211,76167200
5003,2019-11-20,63.563873291015625,65.79750061035156,66.5199966430664,65.0999984741211,66.38500213623047,106234400
5004,2019-11-21,63.278892517089844,65.50250244140625,66.00250244140625,65.29499816894531,65.92250061035156,121395200
5005,2019-11-22,63.22334289550781,65.44499969482422,65.79499816894531,65.20999908447266,65.64749908447266,65325200
5006,2019-11-25,64.3318862915039,66.59249877929688,66.61000061035156,65.62999725341797,65.67749786376953,84020400
5007,2019-11-26,63.82953643798828,66.07250213623047,66.79000091552734,65.625,66.73500061035156,105207600
5008,2019-11-27,64.68692016601562,66.95999908447266,66.99500274658203,66.32749938964844,66.3949966430664,65235600
5009,2019-11-29,64.54443359375,66.8125,67.0,66.4749984741211,66.6500015258789,46617600
5010,2019-12-02,63.79814529418945,66.04000091552734,67.0625,65.86250305175781,66.81749725341797,94487200
5011,2019-12-03,62.660621643066406,64.86250305175781,64.88249969482422,64.07250213623047,64.57749938964844,114430400
5012,2019-12-04,63.21368408203125,65.43499755859375,65.82749938964844,65.16999816894531,65.26750183105469,67181600
5013,2019-12-05,64.14108276367188,66.3949966430664,66.47250366210938,65.68250274658203,65.94750213623047,74424400
5014,2019-12-06,65.38006591796875,67.67749786376953,67.75,66.82499694824219,66.87000274658203,106075600
5015,2019-12-09,64.46471405029297,66.7300033569336,67.69999694824219,66.22750091552734,67.5,128042400
5016,2019-12-10,64.84149932861328,67.12000274658203,67.51750183105469,66.46499633789062,67.1500015258789,90420400
5017,2019-12-11,65.39456939697266,67.69249725341797,67.7750015258789,67.125,67.20249938964844,78756800
5018,2019-12-12,65.56120300292969,67.86499786376953,68.13999938964844,66.83000183105469,66.94499969482422,137310400
5019,2019-12-13,66.45236206054688,68.7874984741211,68.82499694824219,67.73249816894531,67.86499786376953,133587600
5020,2019-12-16,67.58988952636719,69.96499633789062,70.19750213623047,69.24500274658203,69.25,128186000
5021,2019-12-17,67.72272491455078,70.10250091552734,70.44249725341797,69.69999694824219,69.89250183105469,114158400
5022,2019-12-18,67.56092834472656,69.93499755859375,70.4749984741211,69.77999877929688,69.94999694824219,116028400
5023,2019-12-19,67.62854766845703,70.00499725341797,70.29499816894531,69.73750305175781,69.875,98369200
5024,2019-12-20,67.48847198486328,69.86000061035156,70.6624984741211,69.63999938964844,70.55750274658203,275978000
5025,2019-12-23,68.58975982666016,71.0,71.0625,70.09249877929688,70.13249969482422,98572000
5026,2019-12-24,68.65498352050781,71.06749725341797,71.22250366210938,70.7300033569336,71.17250061035156,48478800
5027,2019-12-26,70.0171127319336,72.47750091552734,72.49500274658203,71.17500305175781,71.20500183105469,93121200
5028,2019-12-27,69.99053192138672,72.44999694824219,73.49250030517578,72.02999877929688,72.77999877929688,146266000
5029,2019-12-30,70.40594482421875,72.87999725341797,73.17250061035156,71.30500030517578,72.36499786376953,144114400
5030,2019-12-31,70.92037963867188,73.4124984741211,73.41999816894531,72.37999725341797,72.48249816894531,100805600
5031,2020-01-02,72.53851318359375,75.0875015258789,75.1500015258789,73.79750061035156,74.05999755859375,135480400
5032,2020-01-03,71.83329772949219,74.35749816894531,75.1449966430664,74.125,74.2874984741211,146322800
5033,2020-01-06,72.4056625366211,74.94999694824219,74.98999786376953,73.1875,73.44750213623047,118387200
5034,2020-01-07,72.06513214111328,74.59750366210938,75.2249984741211,74.37000274658203,74.95999908447266,108872000
5035,2020-01-08,73.22441101074219,75.79750061035156,76.11000061035156,74.29000091552734,74.29000091552734,132079200
5036,2020-01-09,74.77979278564453,77.40750122070312,77.60749816894531,76.55000305175781,76.80999755859375,170108400
5037,2020-01-10,74.94879913330078,77.5824966430664,78.1675033569336,77.0625,77.6500015258789,140644800
5038,2020-01-13,76.55004119873047,79.23999786376953,79.26750183105469,77.7874984741211,77.91000366210938,121532000
5039,2020-01-14,75.51637268066406,78.16999816894531,79.39250183105469,78.0425033569336,79.17500305175781,161954400
5040,2020-01-15,75.19273376464844,77.83499908447266,78.875,77.38749694824219,77.9625015258789,121923600
5041,2020-01-16,76.13463592529297,78.80999755859375,78.92500305175781,78.02249908447266,78.39749908447266,108829200
5042,2020-01-17,76.9775161743164,79.68250274658203,79.68499755859375,78.75,79.06749725341797,137816400
5043,2020-01-21,76.45584106445312,79.14250183105469,79.75499725341797,79.0,79.29750061035156,110843200
5044,2020-01-22,76.72876739501953,79.42500305175781,79.99749755859375,79.32749938964844,79.6449966430664,101832400
5045,2020-01-23,77.09828186035156,79.80750274658203,79.88999938964844,78.9124984741211,79.4800033569336,104472000
5046,2020-01-24,76.87609100341797,79.57749938964844,80.8324966430664,79.37999725341797,80.0625,146537600
5047,2020-01-27,74.61553955078125,77.23750305175781,77.94249725341797,76.22000122070312,77.51499938964844,161940000
5048,2020-01-28,76.7263412475586,79.42250061035156,79.5999984741211,78.04750061035156,78.1500015258789,162234000
5049,2020-01-29,78.33241271972656,81.08499908447266,81.9625015258789,80.34500122070312,81.11250305175781,216229200
5050,2020-01-30,78.2188949584961,80.96749877929688,81.02249908447266,79.6875,80.13500213623047,126743200
5051,2020-01-31,74.75076293945312,77.37750244140625,80.66999816894531,77.07250213623047,80.23249816894531,199588400
5052,2020-02-03,74.54547882080078,77.16500091552734,78.37249755859375,75.55500030517578,76.07499694824219,173788400
5053,2020-02-04,77.00651550292969,79.7125015258789,79.91000366210938,78.40750122070312,78.82749938964844,136616400
5054,2020-02-05,77.63445281982422,80.36250305175781,81.19000244140625,79.73750305175781,80.87999725341797,118826800
5055,2020-02-06,78.54253387451172,81.30249786376953,81.30500030517578,80.06500244140625,80.64250183105469,105425600
5056,2020-02-07,77.47492980957031,80.00749969482422,80.8499984741211,79.5,80.59249877929688,117684000
5057,2020-02-10,77.8428955078125,80.38749694824219,80.38749694824219,78.4625015258789,78.54499816894531,109348800
5058,2020-02-11,77.37325286865234,79.90249633789062,80.9749984741211,79.67749786376953,80.9000015258789,94323200
5059,2020-02-12,79.21070098876953,81.80000305175781,81.80500030517578,80.36750030517578,80.36750030517578,113730400
5060,2020-02-13,78.64662170410156,81.21749877929688,81.55500030517578,80.8375015258789,81.04750061035156,94747600
5061,2020-02-14,78.66598510742188,81.23750305175781,81.49500274658203,80.7125015258789,81.18499755859375,80113600
5062,2020-02-18,77.2255859375,79.75,79.9375,78.65249633789062,78.83999633789062,152531200
5063,2020-02-19,78.34400939941406,80.90499877929688,81.14250183105469,80.0,80.0,93984000
5064,2020-02-20,77.54027557373047,80.07499694824219,81.1624984741211,79.55249786376953,80.65750122070312,100566000
5065,2020-02-21,75.78516387939453,78.26249694824219,80.11250305175781,77.625,79.65499877929688,129554000
5066,2020-02-24,72.18533325195312,74.54499816894531,76.04499816894531,72.30750274658203,74.31500244140625,222195200
5067,2020-02-25,69.74028015136719,72.0199966430664,75.63249969482422,71.53250122070312,75.23750305175781,230673600
5068,2020-02-26,70.84658813476562,73.1624984741211,74.47000122070312,71.625,71.63249969482422,198054800
5069,2020-02-27,66.21548461914062,68.37999725341797,71.5,68.23999786376953,70.2750015258789,320605600
5070,2020-02-28,66.1767578125,68.33999633789062,69.60250091552734,64.09249877929688,64.31500244140625,426510000
5071,2020-03-02,72.33786010742188,74.70249938964844,75.36000061035156,69.43000030517578,70.56999969482422,341397200
5072,2020-03-03,70.04045867919922,72.33000183105469,76.0,71.44999694824219,75.9175033569336,319475600
5073,2020-03-04,73.28924560546875,75.68499755859375,75.8499984741211,73.28250122070312,74.11000061035156,219178400
5074,2020-03-05,70.91195678710938,73.2300033569336,74.88749694824219,72.85250091552734,73.87999725341797,187572800
5075,2020-03-06,69.97024536132812,72.25749969482422,72.70500183105469,70.30750274658203,70.5,226176800
5076,2020-03-09,64.43614196777344,66.5425033569336,69.52249908447266,65.75,65.9375,286744800
5077,2020-03-10,69.07695770263672,71.33499908447266,71.61000061035156,67.34249877929688,69.28500366210938,285290000
5078,2020-03-11,66.67786407470703,68.85749816894531,70.30500030517578,67.96499633789062,69.34750366210938,255598800
5079,2020-03-12,60.09312057495117,62.057498931884766,67.5,62.0,63.98500061035156,418474000
5080,2020-03-13,67.29278564453125,69.49250030517578,69.9800033569336,63.23749923706055,66.22250366210938,370732000
5081,2020-03-16,58.63576126098633,60.5525016784668,64.7699966430664,60.0,60.48749923706055,322423600
5082,2020-03-17,61.2139778137207,63.21500015258789,64.40249633789062,59.599998474121094,61.877498626708984,324056000
5083,2020-03-18,59.71546936035156,61.66749954223633,62.5,59.279998779296875,59.942501068115234,300233600
5084,2020-03-19,59.25791931152344,61.19499969482422,63.209999084472656,60.65250015258789,61.84749984741211,271857200
5085,2020-03-20,55.49590301513672,57.310001373291016,62.95750045776367,57.0,61.79499816894531,401693200
5086,2020-03-23,54.31694412231445,56.092498779296875,57.125,53.15250015258789,57.02000045776367,336752800
5087,2020-03-24,59.76630783081055,61.720001220703125,61.92250061035156,58.57500076293945,59.09000015258789,287531200
5088,2020-03-25,59.43706130981445,61.380001068115234,64.5625,61.07500076293945,62.6875,303602000
5089,2020-03-26,62.564823150634766,64.61000061035156,64.66999816894531,61.59000015258789,61.630001068115234,252087200
5090,2020-03-27,59.97450256347656,61.935001373291016,63.967498779296875,61.76250076293945,63.1875,204216800
5091,2020-03-30,61.6860466003418,63.70249938964844,63.880001068115234,62.349998474121094,62.685001373291016,167976400
5092,2020-03-31,61.56016159057617,63.5724983215332,65.62249755859375,63.0,63.900001525878906,197002000
5093,2020-04-01,58.321048736572266,60.227500915527344,62.18000030517578,59.782501220703125,61.625,176218400
5094,2020-04-02,59.29423141479492,61.23249816894531,61.287498474121094,59.224998474121094,60.084999084472656,165934000
5095,2020-04-03,58.44208526611328,60.352500915527344,61.42499923706055,59.74250030517578,60.70000076293945,129880000
5096,2020-04-06,63.54043960571289,65.61750030517578,65.77749633789062,62.345001220703125,62.724998474121094,201820400
5097,2020-04-07,62.80448913574219,64.85749816894531,67.92500305175781,64.75,67.69999694824219,202887200
5098,2020-04-08,64.41194915771484,66.51750183105469,66.84249877929688,65.30750274658203,65.68499755859375,168895200
5099,2020-04-09,64.87676239013672,66.99749755859375,67.51750183105469,66.17500305175781,67.17500305175781,161834800
5100,2020-04-13,66.15013885498047,68.3125,68.42500305175781,66.4574966430664,67.07749938964844,131022800
5101,2020-04-14,69.49091339111328,71.76249694824219,72.0625,69.51249694824219,70.0,194994800
5102,2020-04-15,68.85665130615234,71.10749816894531,71.5824966430664,70.15750122070312,70.5999984741211,131154400
5103,2020-04-16,69.40377044677734,71.67250061035156,72.05000305175781,70.5875015258789,71.84500122070312,157125200
5104,2020-04-17,68.46204376220703,70.69999694824219,71.73750305175781,69.21499633789062,71.17250061035156,215250000
5105,2020-04-20,67.0409927368164,69.23249816894531,70.41999816894531,69.2125015258789,69.48750305175781,130015200
5106,2020-04-21,64.96874237060547,67.09249877929688,69.3125,66.35749816894531,69.06999969482422,180991600
5107,2020-04-22,66.84009552001953,69.0250015258789,69.4749984741211,68.05000305175781,68.40249633789062,116862400
5108,2020-04-23,66.58104705810547,68.75749969482422,70.4375,68.71749877929688,68.96749877929688,124814400
5109,2020-04-24,68.50318908691406,70.74250030517578,70.75250244140625,69.25,69.30000305175781,126161200
5110,2020-04-27,68.5516128540039,70.7925033569336,71.13500213623047,69.98750305175781,70.44999694824219,117087600
5111,2020-04-28,67.4404525756836,69.6449966430664,71.4574966430664,69.55000305175781,71.2699966430664,112004800
5112,2020-04-29,69.65552520751953,71.93250274658203,72.4175033569336,70.97250366210938,71.18250274658203,137280800
5113,2020-04-30,71.12501525878906,73.44999694824219,73.63249969482422,72.0875015258789,72.48999786376953,183064000
5114,2020-05-01,69.97994232177734,72.26750183105469,74.75,71.4625015258789,71.5625,240616800
5115,2020-05-04,70.97006225585938,73.29000091552734,73.42250061035156,71.58000183105469,72.2925033569336,133568000
5116,2020-05-05,72.03524780273438,74.38999938964844,75.25,73.61499786376953,73.76499938964844,147751200
5117,2020-05-06,72.77848052978516,75.15750122070312,75.80999755859375,74.71749877929688,75.11499786376953,142333600
5118,2020-05-07,73.53134155273438,75.93499755859375,76.2925033569336,75.49250030517578,75.80500030517578,115215200
5119,2020-05-08,75.28150177001953,77.53250122070312,77.5875015258789,76.07250213623047,76.41000366210938,133838400
5120,2020-05-11,76.46611022949219,78.75250244140625,79.26249694824219,76.80999755859375,77.0250015258789,145946400
5121,2020-05-12,75.59221649169922,77.85250091552734,79.92250061035156,77.72750091552734,79.4574966430664,162301200
5122,2020-05-13,74.67949676513672,76.9124984741211,78.98750305175781,75.80249786376953,78.0374984741211,200622400
5123,2020-05-14,75.13829803466797,77.38500213623047,77.44750213623047,75.38249969482422,76.12750244140625,158929200
5124,2020-05-15,74.69406127929688,76.92749786376953,76.9749984741211,75.05249786376953,75.0875015258789,166348400
5125,2020-05-18,76.45393371582031,78.73999786376953,79.125,77.58000183105469,78.2925033569336,135178400
5126,2020-05-19,76.01217651367188,78.28500366210938,79.62999725341797,78.25250244140625,78.75749969482422,101729600
5127,2020-05-20,77.49047088623047,79.80750274658203,79.87999725341797,79.12999725341797,79.16999816894531,111504800
5128,2020-05-21,76.9127426147461,79.2125015258789,80.22250366210938,78.96749877929688,79.66500091552734,102688800
5129,2020-05-22,77.40792083740234,79.72250366210938,79.80750274658203,78.8375015258789,78.94249725341797,81803200
5130,2020-05-26,76.88361358642578,79.18250274658203,81.05999755859375,79.125,80.875,125522000
5131,2020-05-27,77.21858215332031,79.52749633789062,79.67749786376953,78.27249908447266,79.03500366210938,112945200
5132,2020-05-28,77.25257110595703,79.5625,80.86000061035156,78.90750122070312,79.19249725341797,133560800
5133,2020-05-29,77.1773452758789,79.48500061035156,80.2874984741211,79.11750030517578,79.8125,153532400
5134,2020-06-01,78.12645721435547,80.4625015258789,80.5875015258789,79.30249786376953,79.4375,80791200
5135,2020-06-02,78.48812103271484,80.83499908447266,80.86000061035156,79.73249816894531,80.1875,87642800
5136,2020-06-03,78.92019653320312,81.27999877929688,81.55000305175781,80.57499694824219,81.16500091552734,104491200
5137,2020-06-04,78.24053955078125,80.58000183105469,81.40499877929688,80.19499969482422,81.09750366210938,87560400
5138,2020-06-05,80.4688949584961,82.875,82.9375,80.80750274658203,80.8375015258789,137250400
5139,2020-06-08,80.9446792602539,83.36499786376953,83.4000015258789,81.83000183105469,82.5625,95654400
5140,2020-06-09,83.500732421875,85.99749755859375,86.40249633789062,83.00250244140625,83.03500366210938,147712400
5141,2020-06-10,85.64899444580078,88.20999908447266,88.69249725341797,86.52249908447266,86.9749984741211,166651600
5142,2020-06-11,81.5369644165039,83.9749984741211,87.76499938964844,83.87000274658203,87.32749938964844,201662400
5143,2020-06-12,82.24089813232422,84.69999694824219,86.94999694824219,83.55500030517578,86.18000030517578,200146000
5144,2020-06-15,83.25801086425781,85.74749755859375,86.41999816894531,83.1449966430664,83.3125,138808800
5145,2020-06-16,85.46453857421875,88.0199966430664,88.30000305175781,86.18000030517578,87.86499786376953,165428800
5146,2020-06-17,85.34558868408203,87.89749908447266,88.8499984741211,87.77249908447266,88.7874984741211,114406400
5147,2020-06-18,85.37956237792969,87.93250274658203,88.36250305175781,87.30500030517578,87.85250091552734,96820400
5148,2020-06-19,84.89166259765625,87.43000030517578,89.13999938964844,86.2874984741211,88.66000366210938,264476000
5149,2020-06-22,87.11274719238281,89.71749877929688,89.86499786376953,87.7874984741211,87.83499908447266,135445200
5150,2020-06-23,88.97215270996094,91.63249969482422,93.09500122070312,90.56749725341797,91.0,212155600
5151,2020-06-24,87.40162658691406,90.01499938964844,92.19750213623047,89.62999725341797,91.25,192623200
5152,2020-06-25,88.5619125366211,91.20999908447266,91.25,89.39250183105469,90.17500305175781,137522400
5153,2020-06-26,85.84078979492188,88.40750122070312,91.33000183105469,88.25499725341797,91.10250091552734,205256800
5154,2020-06-29,87.81909942626953,90.44499969482422,90.5425033569336,87.81999969482422,88.3125,130646000
5155,2020-06-30,88.55220031738281,91.19999694824219,91.49500274658203,90.0,90.0199966430664,140223200
5156,2020-07-01,88.38469696044922,91.02749633789062,91.83999633789062,90.97750091552734,91.27999877929688,110737200
5157,2020-07-02,88.38469696044922,91.02749633789062,92.61750030517578,90.91000366210938,91.9625015258789,114041600
5158,2020-07-06,90.74901580810547,93.4625015258789,93.94499969482422,92.46749877929688,92.5,118655600
5159,2020-07-07,90.46743774414062,93.17250061035156,94.65499877929688,93.05750274658203,93.85250091552734,112424400
5160,2020-07-08,92.57443237304688,95.34249877929688,95.375,94.08999633789062,94.18000030517578,117092000
5161,2020-07-09,92.9725341796875,95.75250244140625,96.31749725341797,94.67250061035156,96.26249694824219,125642800
5162,2020-07-10,93.1351547241211,95.91999816894531,95.9800033569336,94.70500183105469,95.33499908447266,90257200
5163,2020-07-13,92.70552825927734,95.47750091552734,99.95500183105469,95.25749969482422,97.26499938964844,191649200
5164,2020-07-14,94.23965454101562,97.05750274658203,97.25499725341797,93.87750244140625,94.83999633789062,170989200
5165,2020-07-15,94.88775634765625,97.7249984741211,99.24749755859375,96.48999786376953,98.98999786376953,153198000
5166,2020-07-16,93.72016906738281,96.52249908447266,97.40499877929688,95.90499877929688,96.5625,110577600
5167,2020-07-17,93.53082275390625,96.32749938964844,97.14749908447266,95.83999633789062,96.98750305175781,92186800
5168,2020-07-20,95.50189971923828,98.35749816894531,98.5,96.0625,96.4175033569336,90318000
5169,2020-07-21,94.18382263183594,97.0,99.25,96.74250030517578,99.17250061035156,103433200
5170,2020-07-22,94.44837951660156,97.27249908447266,97.9749984741211,96.60250091552734,96.69249725341797,89001600
5171,2020-07-23,90.1494369506836,92.84500122070312,97.07749938964844,92.01000213623047,96.99749755859375,197004400
5172,2020-07-24,89.92611694335938,92.61499786376953,92.97000122070312,89.1449966430664,90.98750305175781,185438800
5173,2020-07-27,92.0573959350586,94.80999755859375,94.90499877929688,93.4800033569336,93.70999908447266,121214000
5174,2020-07-28,90.54511260986328,93.25250244140625,94.55000305175781,93.24749755859375,94.36750030517578,103625600
5175,2020-07-29,92.28071594238281,95.04000091552734,95.2300033569336,93.7125015258789,93.75,90329200
5176,2020-07-30,93.39733123779297,96.19000244140625,96.29750061035156,93.76750183105469,94.1875,158130000
5177,2020-07-31,103.17497253417969,106.26000213623047,106.41500091552734,100.82499694824219,102.88500213623047,374336800
5178,2020-08-03,105.77473449707031,108.9375,111.63749694824219,107.89250183105469,108.19999694824219,308151200
5179,2020-08-04,106.48110961914062,109.66500091552734,110.79000091552734,108.38749694824219,109.13249969482422,173071600
5180,2020-08-05,106.86707305908203,110.0625,110.39250183105469,108.89749908447266,109.37750244140625,121776800
5181,2020-08-06,110.59557342529297,113.90249633789062,114.4124984741211,109.79750061035156,110.40499877929688,202428800
5182,2020-08-07,108.08110046386719,111.11250305175781,113.67500305175781,110.2925033569336,113.20500183105469,198045600
5183,2020-08-10,109.65203857421875,112.72750091552734,113.7750015258789,110.0,112.5999984741211,212403600
5184,2020-08-11,106.39100646972656,109.375,112.48249816894531,109.10749816894531,111.97000122070312,187902400
5185,2020-08-12,109.92684173583984,113.01000213623047,113.2750015258789,110.29750061035156,110.49749755859375,165598000
5186,2020-08-13,111.87226867675781,115.01000213623047,116.0425033569336,113.92749786376953,114.43000030517578,210082000
5187,2020-08-14,111.77257537841797,114.90750122070312,115.0,113.04499816894531,114.83000183105469,165565200
5188,2020-08-17,111.48075866699219,114.60749816894531,116.0875015258789,113.9625015258789,116.0625,119561600
5189,2020-08-18,112.4096908569336,115.5625,116.0,114.00749969482422,114.35250091552734,105633600
5190,2020-08-19,112.55074310302734,115.7074966430664,117.1624984741211,115.61000061035156,115.98249816894531,145538000
5191,2020-08-20,115.04820251464844,118.2750015258789,118.39250183105469,115.73249816894531,115.75,126907200
5192,2020-08-21,120.97689819335938,124.37000274658203,124.86750030517578,119.25,119.26249694824219,338054800
5193,2020-08-24,122.42383575439453,125.85749816894531,128.78500366210938,123.9375,128.69749450683594,345937600
5194,2020-08-25,121.41951751708984,124.82499694824219,125.18000030517578,123.05249786376953,124.69750213623047,211495600
5195,2020-08-26,123.0706787109375,126.52249908447266,126.99250030517578,125.0824966430664,126.18000030517578,163022400
5196,2020-08-27,121.5994644165039,125.01000213623047,127.48500061035156,123.8324966430664,127.14250183105469,155552400
5197,2020-08-28,121.40248107910156,124.80750274658203,126.44249725341797,124.57749938964844,126.01249694824219,187630000
5198,2020-08-31,125.51951599121094,129.0399932861328,131.0,126.0,127.58000183105469,225702700
5199,2020-09-01,130.51925659179688,134.17999267578125,134.8000030517578,130.52999877929688,132.75999450683594,151948100
5200,2020-09-02,127.81513977050781,131.39999389648438,137.97999572753906,127.0,137.58999633789062,200119000
5201,2020-09-03,117.58212280273438,120.87999725341797,128.83999633789062,120.5,126.91000366210938,257599600
5202,2020-09-04,117.65995025634766,120.95999908447266,123.69999694824219,110.88999938964844,120.06999969482422,332607200
5203,2020-09-08,109.74201202392578,112.81999969482422,118.98999786376953,112.68000030517578,113.94999694824219,231366600
5204,2020-09-09,114.1192626953125,117.31999969482422,119.13999938964844,115.26000213623047,117.26000213623047,176940500
5205,2020-09-10,110.39373016357422,113.48999786376953,120.5,112.5,120.36000061035156,182274400
5206,2020-09-11,108.94438934326172,112.0,115.2300033569336,110.0,114.56999969482422,180860300
5207,2020-09-14,112.21273040771484,115.36000061035156,115.93000030517578,112.80000305175781,114.72000122070312,140150100
5208,2020-09-15,112.38780975341797,115.54000091552734,118.83000183105469,113.61000061035156,118.33000183105469,184642000
5209,2020-09-16,109.07083129882812,112.12999725341797,116.0,112.04000091552734,115.2300033569336,154679000
5210,2020-09-17,107.3296890258789,110.33999633789062,112.19999694824219,108.70999908447266,109.72000122070312,178011000
5211,2020-09-18,103.9251708984375,106.83999633789062,110.87999725341797,106.08999633789062,110.4000015258789,287104900
5212,2020-09-21,107.0767593383789,110.08000183105469,110.19000244140625,103.0999984741211,104.54000091552734,195713800
5213,2020-09-22,108.75957489013672,111.80999755859375,112.86000061035156,109.16000366210938,112.68000030517578,183055400
5214,2020-09-23,104.19754791259766,107.12000274658203,112.11000061035156,106.7699966430664,111.62000274658203,150718700
5215,2020-09-24,105.26751708984375,108.22000122070312,110.25,105.0,105.16999816894531,167743300
5216,2020-09-25,109.21675872802734,112.27999877929688,112.44000244140625,107.66999816894531,108.43000030517578,149981400
5217,2020-09-28,111.82362365722656,114.95999908447266,115.31999969482422,112.77999877929688,115.01000213623047,137672400
5218,2020-09-29,110.97736358642578,114.08999633789062,115.30999755859375,113.56999969482422,114.55000305175781,99382200
5219,2020-09-30,112.65043640136719,115.80999755859375,117.26000213623047,113.62000274658203,113.79000091552734,142675200
5220,2020-10-01,113.60371398925781,116.79000091552734,117.72000122070312,115.83000183105469,117.63999938964844,116120400
5221,2020-10-02,109.9365463256836,113.0199966430664,115.37000274658203,112.22000122070312,112.88999938964844,144712000
5222,2020-10-05,113.32161712646484,116.5,116.6500015258789,113.55000305175781,113.91000366210938,106243800
5223,2020-10-06,110.07274627685547,113.16000366210938,116.12000274658203,112.25,115.69999694824219,161498200
5224,2020-10-07,111.94038391113281,115.08000183105469,115.55000305175781,114.12999725341797,114.62000274658203,96849000
5225,2020-10-08,111.83338165283203,114.97000122070312,116.4000015258789,114.58999633789062,116.25,83477200
5226,2020-10-09,113.77881622314453,116.97000122070312,117.0,114.91999816894531,115.27999877929688,100506900
5227,2020-10-12,121.00608825683594,124.4000015258789,125.18000030517578,119.27999877929688,120.05999755859375,240226800
5228,2020-10-13,117.79612731933594,121.0999984741211,125.38999938964844,119.6500015258789,125.2699966430664,262330500
5229,2020-10-14,117.88365936279297,121.19000244140625,123.02999877929688,119.62000274658203,121.0,150712000
5230,2020-10-15,117.4167709350586,120.70999908447266,121.19999694824219,118.1500015258789,118.72000122070312,112559200
5231,2020-10-16,115.77286529541016,119.0199966430664,121.55000305175781,118.80999755859375,121.27999877929688,115393800
5232,2020-10-19,112.81581115722656,115.9800033569336,120.41999816894531,115.66000366210938,119.95999908447266,120639300
5233,2020-10-20,114.30406188964844,117.51000213623047,118.9800033569336,115.62999725341797,116.19999694824219,124423700
5234,2020-10-21,113.68153381347656,116.87000274658203,118.70999908447266,116.44999694824219,116.66999816894531,89946000
5235,2020-10-22,112.59209442138672,115.75,118.04000091552734,114.58999633789062,117.44999694824219,101988000
5236,2020-10-23,111.9014663696289,115.04000091552734,116.55000305175781,114.27999877929688,116.38999938964844,82572600
5237,2020-10-26,111.91118621826172,115.05000305175781,116.55000305175781,112.87999725341797,114.01000213623047,111850700
5238,2020-10-27,113.41888427734375,116.5999984741211,117.27999877929688,114.54000091552734,115.48999786376953,92276800
5239,2020-10-28,108.16622161865234,111.19999694824219,115.43000030517578,111.0999984741211,115.05000305175781,143937800
5240,2020-10-29,112.17382049560547,115.31999969482422,116.93000030517578,112.19999694824219,112.37000274658203,146129200
5241,2020-10-30,105.89005279541016,108.86000061035156,111.98999786376953,107.72000122070312,111.05999755859375,190272600
5242,2020-11-02,105.80250549316406,108.7699966430664,110.68000030517578,107.31999969482422,109.11000061035156,122866900
5243,2020-11-03,107.42694854736328,110.44000244140625,111.48999786376953,108.7300033569336,109.66000366210938,107624400
5244,2020-11-04,111.81389617919922,114.94999694824219,115.58999633789062,112.3499984741211,114.13999938964844,138235500
5245,2020-11-05,115.78260040283203,119.02999877929688,119.62000274658203,116.87000274658203,117.94999694824219,126387100
5246,2020-11-06,115.65104675292969,118.69000244140625,119.19999694824219,116.12999725341797,118.31999969482422,114457900
5247,2020-11-09,113.34174346923828,116.31999969482422,121.98999786376953,116.05000305175781,120.5,154515300
5248,2020-11-10,113.00070190429688,115.97000122070312,117.58999633789062,114.12999725341797,115.55000305175781,138023400
5249,2020-11-11,116.4305648803711,119.48999786376953,119.62999725341797,116.44000244140625,117.19000244140625,112295000
5250,2020-11-12,116.1577377319336,119.20999908447266,120.52999877929688,118.56999969482422,119.62000274658203,103162300
5251,2020-11-13,116.20646667480469,119.26000213623047,119.66999816894531,117.87000274658203,119.44000244140625,81581900
5252,2020-11-16,117.21983337402344,120.30000305175781,120.98999786376953,118.1500015258789,118.91999816894531,91183000
5253,2020-11-17,116.3331298828125,119.38999938964844,120.66999816894531,118.95999908447266,119.55000305175781,74271000
5254,2020-11-18,115.00796508789062,118.02999877929688,119.81999969482422,118.0,118.61000061035156,76322100
5255,2020-11-19,115.60234069824219,118.63999938964844,119.05999755859375,116.80999755859375,117.58999633789062,74113000
5256,2020-11-20,114.33561706542969,117.33999633789062,118.7699966430664,117.29000091552734,118.63999938964844,73604300
5257,2020-11-23,110.93499755859375,113.8499984741211,117.62000274658203,113.75,117.18000030517578,127959300
5258,2020-11-24,112.22118377685547,115.16999816894531,115.8499984741211,112.58999633789062,113.91000366210938,113874200
5259,2020-11-25,113.05916595458984,116.02999877929688,116.75,115.16999816894531,115.55000305175781,76499200
5260,2020-11-27,113.60482788085938,116.58999633789062,117.48999786376953,116.22000122070312,116.56999969482422,46691300
5261,2020-11-30,116.0018310546875,119.05000305175781,120.97000122070312,116.80999755859375,116.97000122070312,169410200
5262,2020-12-01,119.57788848876953,122.72000122070312,123.47000122070312,120.01000213623047,121.01000213623047,127728200
5263,2020-12-02,119.92866516113281,123.08000183105469,123.37000274658203,120.88999938964844,122.0199966430664,89004200
5264,2020-12-03,119.792236328125,122.94000244140625,123.77999877929688,122.20999908447266,123.5199966430664,78967600
5265,2020-12-04,119.11990356445312,122.25,122.86000061035156,121.5199966430664,122.5999984741211,78260400
5266,2020-12-07,120.58149719238281,123.75,124.56999969482422,122.25,122.30999755859375,86712000
5267,2020-12-08,121.19537353515625,124.37999725341797,124.9800033569336,123.08999633789062,124.37000274658203,82225500
5268,2020-12-09,118.66194152832031,121.77999877929688,125.94999694824219,121.0,124.52999877929688,115089200
5269,2020-12-10,120.08453369140625,123.23999786376953,123.87000274658203,120.1500015258789,120.5,81312200
5270,2020-12-11,119.27581024169922,122.41000366210938,122.76000213623047,120.55000305175781,122.43000030517578,86939800
5271,2020-12-14,118.66194152832031,121.77999877929688,123.3499984741211,121.54000091552734,122.5999984741211,79184500
5272,2020-12-15,124.60577392578125,127.87999725341797,127.9000015258789,124.12999725341797,124.33999633789062,157243700
5273,2020-12-16,124.53755187988281,127.80999755859375,128.3699951171875,126.55999755859375,127.41000366210938,98208600
5274,2020-12-17,125.40475463867188,128.6999969482422,129.5800018310547,128.0399932861328,128.89999389648438,94359800
5275,2020-12-18,123.41700744628906,126.66000366210938,129.10000610351562,126.12000274658203,128.9600067138672,192541500
5276,2020-12-21,124.94679260253906,128.22999572753906,128.30999755859375,123.44999694824219,125.0199966430664,121251600
5277,2020-12-22,128.50335693359375,131.8800048828125,134.41000366210938,129.64999389648438,131.61000061035156,168904800
5278,2020-12-23,127.6069107055664,130.9600067138672,132.42999267578125,130.77999877929688,132.16000366210938,88223700
5279,2020-12-24,128.5910186767578,131.97000122070312,133.4600067138672,131.10000610351562,131.32000732421875,54930100
5280,2020-12-28,133.19017028808594,136.69000244140625,137.33999633789062,133.50999450683594,133.99000549316406,124486200
5281,2020-12-29,131.4167938232422,134.8699951171875,138.7899932861328,134.33999633789062,138.0500030517578,121047300
5282,2020-12-30,130.29624938964844,133.72000122070312,135.99000549316406,133.39999389648438,135.5800018310547,96452100
5283,2020-12-31,129.2926025390625,132.69000244140625,134.74000549316406,131.72000122070312,134.0800018310547,99116600
5284,2021-01-04,126.09658813476562,129.41000366210938,133.61000061035156,126.76000213623047,133.52000427246094,143301900
5285,2021-01-05,127.65562438964844,131.00999450683594,131.74000549316406,128.42999267578125,128.88999938964844,97664900
5286,2021-01-06,123.3585205078125,126.5999984741211,131.0500030517578,126.37999725341797,127.72000122070312,155088000
5287,2021-01-07,127.56790924072266,130.9199981689453,131.6300048828125,127.86000061035156,128.36000061035156,109578200
5288,2021-01-08,128.66897583007812,132.0500030517578,132.6300048828125,130.22999572753906,132.42999267578125,105158200
5289,2021-01-11,125.6775894165039,128.97999572753906,130.1699981689453,128.5,129.19000244140625,100384500
5290,2021-01-12,125.50218200683594,128.8000030517578,129.69000244140625,126.86000061035156,128.5,91951100
5291,2021-01-13,127.53866577148438,130.88999938964844,131.4499969482422,128.49000549316406,128.75999450683594,88636800
5292,2021-01-14,125.60936737060547,128.91000366210938,131.0,128.75999450683594,130.8000030517578,90221800
5293,2021-01-15,123.88468933105469,127.13999938964844,130.22000122070312,127.0,128.77999877929688,111598500
5294,2021-01-19,124.55704498291016,127.83000183105469,128.7100067138672,126.94000244140625,127.77999877929688,90757300
5295,2021-01-20,128.6495361328125,132.02999877929688,132.49000549316406,128.5500030517578,128.66000366210938,104319500
5296,2021-01-21,133.3655548095703,136.8699951171875,139.6699981689453,133.58999633789062,133.8000030517578,120150900
5297,2021-01-22,135.50926208496094,139.07000732421875,139.85000610351562,135.02000427246094,136.27999877929688,114459400
5298,2021-01-25,139.26065063476562,142.9199981689453,145.08999633789062,136.5399932861328,143.07000732421875,157611700
5299,2021-01-26,139.49452209472656,143.16000366210938,144.3000030517578,141.3699951171875,143.60000610351562,98390600
5300,2021-01-27,138.42271423339844,142.05999755859375,144.3000030517578,140.41000366210938,143.42999267578125,140843800
5301,2021-01-28,133.5799560546875,137.08999633789062,141.99000549316406,136.6999969482422,139.52000427246094,142621100
5302,2021-01-29,128.581298828125,131.9600067138672,136.74000549316406,130.2100067138672,135.8300018310547,177523800
5303,2021-02-01,130.70547485351562,134.13999938964844,135.3800048828125,130.92999267578125,133.75,106239800
5304,2021-02-02,131.53372192382812,134.99000549316406,136.30999755859375,134.61000061035156,135.72999572753906,83305400
5305,2021-02-03,130.51058959960938,133.94000244140625,135.77000427246094,133.61000061035156,135.75999450683594,89880900
5306,2021-02-04,133.87225341796875,137.38999938964844,137.39999389648438,134.58999633789062,136.3000030517578,84183100
5307,2021-02-05,133.45748901367188,136.75999450683594,137.4199981689453,135.86000061035156,137.35000610351562,75693800
5308,2021-02-08,133.6038818359375,136.91000366210938,136.9600067138672,134.9199981689453,136.02999877929688,71297200
5309,2021-02-09,132.72564697265625,136.00999450683594,137.8800048828125,135.85000610351562,136.6199951171875,76774200
5310,2021-02-10,132.12060546875,135.38999938964844,136.99000549316406,134.39999389648438,136.47999572753906,73046600
5311,2021-02-11,131.86688232421875,135.1300048828125,136.38999938964844,133.77000427246094,135.89999389648438,64280000
5312,2021-02-12,132.10105895996094,135.3699951171875,135.52999877929688,133.69000244140625,134.35000610351562,60145100
5313,2021-02-16,129.9737091064453,133.19000244140625,136.00999450683594,132.7899932861328,135.49000549316406,80576300
5314,2021-02-17,127.68050384521484,130.83999633789062,132.22000122070312,129.47000122070312,131.25,97918500
5315,2021-02-18,126.57774353027344,129.7100067138672,130.0,127.41000366210938,129.1999969482422,96856700
5316,2021-02-19,126.7339096069336,129.8699951171875,130.7100067138672,128.8000030517578,130.24000549316406,87668800
5317,2021-02-22,122.95734405517578,126.0,129.72000122070312,125.5999984741211,128.00999450683594,103916400
5318,2021-02-23,122.82072448730469,125.86000061035156,126.70999908447266,118.38999938964844,123.76000213623047,158273000
5319,2021-02-24,122.32304382324219,125.3499984741211,125.55999755859375,122.2300033569336,124.94000244140625,111039900
5320,2021-02-25,118.0683364868164,120.98999786376953,126.45999908447266,120.54000091552734,124.68000030517578,148199500
5321,2021-02-26,118.33181762695312,121.26000213623047,124.8499984741211,121.19999694824219,122.58999633789062,164560400
5322,2021-03-01,124.70414733886719,127.79000091552734,127.93000030517578,122.79000091552734,123.75,116307900
5323,2021-03-02,122.09860229492188,125.12000274658203,128.72000122070312,125.01000213623047,128.41000366210938,102260900
5324,2021-03-03,119.11248016357422,122.05999755859375,125.70999908447266,121.83999633789062,124.80999755859375,112966300
5325,2021-03-04,117.22909545898438,120.12999725341797,123.5999984741211,118.62000274658203,121.75,178155000
5326,2021-03-05,118.4879379272461,121.41999816894531,121.94000244140625,117.56999969482422,120.9800033569336,153766600
5327,2021-03-08,113.55014038085938,116.36000061035156,121.0,116.20999908447266,120.93000030517578,154376600
5328,2021-03-09,118.16590881347656,121.08999633789062,122.05999755859375,118.79000091552734,119.02999877929688,129525800
5329,2021-03-10,117.08271789550781,119.9800033569336,122.16999816894531,119.44999694824219,121.69000244140625,111943300
5330,2021-03-11,119.0149154663086,121.95999908447266,123.20999908447266,121.26000213623047,122.54000091552734,103026500
5331,2021-03-12,118.10736846923828,121.02999877929688,121.16999816894531,119.16000366210938,120.4000015258789,88105100
5332,2021-03-15,120.99588775634766,123.98999786376953,124.0,120.41999816894531,121.41000366210938,92403800
5333,2021-03-16,122.5377426147461,125.56999969482422,127.22000122070312,124.72000122070312,125.69999694824219,115227900
5334,2021-03-17,121.74729919433594,124.76000213623047,125.86000061035156,122.33999633789062,124.05000305175781,111932600
5335,2021-03-18,117.61944580078125,120.52999877929688,123.18000030517578,120.31999969482422,122.87999725341797,121229700
5336,2021-03-19,117.09247589111328,119.98999786376953,121.43000030517578,119.68000030517578,119.9000015258789,185549500
5337,2021-03-22,120.410400390625,123.38999938964844,123.87000274658203,120.26000213623047,120.33000183105469,111912300
5338,2021-03-23,119.58089447021484,122.54000091552734,124.23999786376953,122.13999938964844,123.33000183105469,95467100
5339,2021-03-24,117.19007873535156,120.08999633789062,122.9000015258789,120.06999969482422,122.81999969482422,88530500
5340,2021-03-25,117.67799377441406,120.58999633789062,121.66000366210938,119.0,119.54000091552734,98844700
5341,2021-03-26,118.28301239013672,121.20999908447266,121.4800033569336,118.91999816894531,120.3499984741211,94071200
5342,2021-03-29,118.45868682861328,121.38999938964844,122.58000183105469,120.7300033569336,121.6500015258789,80819200
5343,2021-03-30,117.0046615600586,119.9000015258789,120.4000015258789,118.86000061035156,120.11000061035156,85671900
5344,2021-03-31,119.2003173828125,122.1500015258789,123.5199966430664,121.1500015258789,121.6500015258789,118323800
5345,2021-04-01,120.02979278564453,123.0,124.18000030517578,122.48999786376953,123.66000366210938,75089100
5346,2021-04-05,122.85977935791016,125.9000015258789,126.16000366210938,123.06999969482422,123.87000274658203,88651200
5347,2021-04-06,123.16228485107422,126.20999908447266,127.12999725341797,125.6500015258789,126.5,80171300
5348,2021-04-07,124.81146240234375,127.9000015258789,127.91999816894531,125.13999938964844,125.83000183105469,83466700
5349,2021-04-08,127.21207427978516,130.36000061035156,130.38999938964844,128.52000427246094,128.9499969482422,88844600
5350,2021-04-09,129.78829956054688,133.0,133.0399932861328,129.47000122070312,129.8000030517578,106686700
5351,2021-04-12,128.07081604003906,131.24000549316406,132.85000610351562,130.6300048828125,132.52000427246094,91420000
5352,2021-04-13,131.1837921142578,134.42999267578125,134.66000366210938,131.92999267578125,132.44000244140625,91266500
5353,2021-04-14,128.84173583984375,132.02999877929688,135.0,131.66000366210938,134.94000244140625,87222800
5354,2021-04-15,131.25210571289062,134.5,135.0,133.63999938964844,133.82000732421875,89347100
5355,2021-04-16,130.92030334472656,134.16000366210938,134.6699981689453,133.27999877929688,134.3000030517578,84922400
5356,2021-04-19,131.58387756347656,134.83999633789062,135.47000122070312,133.33999633789062,133.50999450683594,94264200
5357,2021-04-20,129.8956298828125,133.11000061035156,135.52999877929688,131.80999755859375,135.02000427246094,94812300
5358,2021-04-21,130.2761993408203,133.5,133.75,131.3000030517578,132.36000061035156,68847100
5359,2021-04-22,128.75390625,131.94000244140625,134.14999389648438,131.41000366210938,133.0399932861328,84566500
5360,2021-04-23,131.0764617919922,134.32000732421875,135.1199951171875,132.16000366210938,132.16000366210938,78657500
5361,2021-04-26,131.46681213378906,134.72000122070312,135.05999755859375,133.55999755859375,134.8300018310547,66905100
5362,2021-04-27,131.144775390625,134.38999938964844,135.41000366210938,134.11000061035156,135.00999450683594,66015800
5363,2021-04-28,130.35430908203125,133.5800018310547,135.02000427246094,133.0800018310547,134.30999755859375,107760100
5364,2021-04-29,130.25674438476562,133.47999572753906,137.07000732421875,132.4499969482422,136.47000122070312,151101000
5365,2021-04-30,128.28550720214844,131.4600067138672,133.55999755859375,131.07000732421875,131.77999877929688,109839500
5366,2021-05-03,129.33941650390625,132.5399932861328,134.07000732421875,131.8300018310547,132.0399932861328,75135100
5367,2021-05-04,124.7626724243164,127.8499984741211,131.49000549316406,126.69999694824219,131.19000244140625,137564700
5368,2021-05-05,125.00663757324219,128.10000610351562,130.4499969482422,127.97000122070312,129.1999969482422,84000900
5369,2021-05-06,126.6070327758789,129.74000549316406,129.75,127.12999725341797,127.88999938964844,78128300
5370,2021-05-07,127.28153991699219,130.2100067138672,131.25999450683594,129.47999572753906,130.85000610351562,78973300
5371,2021-05-10,123.99708557128906,126.8499984741211,129.5399932861328,126.80999755859375,129.41000366210938,88071200
5372,2021-05-11,123.07823181152344,125.91000366210938,126.2699966430664,122.7699966430664,123.5,126142800
5373,2021-05-12,120.00885772705078,122.7699966430664,124.63999938964844,122.25,123.4000015258789,112172300
5374,2021-05-13,122.15936279296875,124.97000122070312,126.1500015258789,124.26000213623047,124.58000183105469,105861300
5375,2021-05-14,124.58357238769531,127.44999694824219,127.88999938964844,125.8499984741211,126.25,81918000
5376,2021-05-17,123.43013000488281,126.2699966430664,126.93000030517578,125.16999816894531,126.81999969482422,74244600
5377,2021-05-18,122.04206085205078,124.8499984741211,126.98999786376953,124.77999877929688,126.55999755859375,63342900
5378,2021-05-19,121.88566589355469,124.69000244140625,124.91999816894531,122.86000061035156,123.16000366210938,92612000
5379,2021-05-20,124.44674682617188,127.30999755859375,127.72000122070312,125.0999984741211,125.2300033569336,76857100
5380,2021-05-21,122.6090316772461,125.43000030517578,128.0,125.20999908447266,127.81999969482422,79295400
5381,2021-05-24,124.241455078125,127.0999984741211,127.94000244140625,125.94000244140625,126.01000213623047,63092900
5382,2021-05-25,124.04597473144531,126.9000015258789,128.32000732421875,126.31999969482422,127.81999969482422,72009500
5383,2021-05-26,123.99708557128906,126.8499984741211,127.38999938964844,126.41999816894531,126.95999908447266,56575900
5384,2021-05-27,122.46240234375,125.27999877929688,127.63999938964844,125.08000183105469,126.44000244140625,94625600
5385,2021-05-28,121.8074722290039,124.61000061035156,125.80000305175781,124.55000305175781,125.56999969482422,71311100
5386,2021-06-01,121.4848861694336,124.27999877929688,125.3499984741211,123.94000244140625,125.08000183105469,67637100
5387,2021-06-02,122.24734497070312,125.05999755859375,125.23999786376953,124.05000305175781,124.27999877929688,59278900
5388,2021-06-03,120.76154327392578,123.54000091552734,124.8499984741211,123.12999725341797,124.68000030517578,76229200
5389,2021-06-04,123.05867767333984,125.88999938964844,126.16000366210938,123.8499984741211,124.06999969482422,75169300
5390,2021-06-07,123.0684585571289,125.9000015258789,126.31999969482422,124.83000183105469,126.16999816894531,71057600
5391,2021-06-08,123.88956451416016,126.73999786376953,128.4600067138672,126.20999908447266,126.5999984741211,74403800
5392,2021-06-09,124.27079772949219,127.12999725341797,127.75,126.5199966430664,127.20999908447266,56877900
5393,2021-06-10,123.27372741699219,126.11000061035156,128.19000244140625,125.94000244140625,127.0199966430664,71186400
5394,2021-06-11,124.48582458496094,127.3499984741211,127.44000244140625,126.0999984741211,126.52999877929688,53522400
5395,2021-06-14,127.54545593261719,130.47999572753906,130.5399932861328,127.06999969482422,127.81999969482422,96906500
5396,2021-06-15,126.72434997558594,129.63999938964844,130.60000610351562,129.38999938964844,129.94000244140625,62746300
5397,2021-06-16,127.22288513183594,130.14999389648438,130.88999938964844,128.4600067138672,130.3699951171875,91815000
5398,2021-06-17,128.82598876953125,131.7899932861328,132.5500030517578,129.64999389648438,129.8000030517578,96721700
5399,2021-06-18,127.5259017944336,130.4600067138672,131.50999450683594,130.24000549316406,130.7100067138672,108953300
5400,2021-06-21,129.3245086669922,132.3000030517578,132.41000366210938,129.2100067138672,130.3000030517578,79663300
5401,2021-06-22,130.96673583984375,133.97999572753906,134.0800018310547,131.6199951171875,132.1300048828125,74783600
5402,2021-06-23,130.6930389404297,133.6999969482422,134.32000732421875,133.22999572753906,133.77000427246094,60214200
5403,2021-06-24,130.40956115722656,133.41000366210938,134.63999938964844,132.92999267578125,134.4499969482422,68711000
5404,2021-06-25,130.11631774902344,133.11000061035156,133.88999938964844,132.80999755859375,133.4600067138672,70783700
5405,2021-06-28,131.7487335205078,134.77999877929688,135.25,133.35000610351562,133.41000366210938,62111300
5406,2021-06-29,133.26385498046875,136.3300018310547,136.49000549316406,134.35000610351562,134.8000030517578,64556100
5407,2021-06-30,133.87974548339844,136.9600067138672,137.41000366210938,135.8699951171875,136.1699981689453,63261400
5408,2021-07-01,134.18272399902344,137.27000427246094,137.3300018310547,135.75999450683594,136.60000610351562,52485800
5409,2021-07-02,136.81227111816406,139.9600067138672,140.0,137.75,137.89999389648438,78852600
5410,2021-07-06,138.8258819580078,142.02000427246094,143.14999389648438,140.07000732421875,140.07000732421875,108181800
5411,2021-07-07,141.31854248046875,144.57000732421875,144.88999938964844,142.66000366210938,143.5399932861328,104911600
5412,2021-07-08,140.0184783935547,143.24000549316406,144.05999755859375,140.6699981689453,141.5800018310547,105575500
5413,2021-07-09,141.84640502929688,145.11000061035156,145.64999389648438,142.64999389648438,142.75,99890800
5414,2021-07-12,141.25010681152344,144.5,146.32000732421875,144.0,146.2100067138672,76299700
5415,2021-07-13,142.36448669433594,145.63999938964844,147.4600067138672,143.6300048828125,144.02999877929688,100827100
5416,2021-07-14,145.79554748535156,149.14999389648438,149.57000732421875,147.67999267578125,148.10000610351562,127050800
5417,2021-07-15,145.14060974121094,148.47999572753906,150.0,147.08999633789062,149.24000549316406,106820300
5418,2021-07-16,143.0976104736328,146.38999938964844,149.75999450683594,145.8800048828125,148.4600067138672,93251400
5419,2021-07-19,139.2462158203125,142.4499969482422,144.07000732421875,141.6699981689453,143.75,121434600
5420,2021-07-20,142.86302185058594,146.14999389648438,147.10000610351562,142.9600067138672,143.4600067138672,96350000
5421,2021-07-21,142.12989807128906,145.39999389648438,146.1300048828125,144.6300048828125,145.52999877929688,74993500
5422,2021-07-22,143.49839782714844,146.8000030517578,148.1999969482422,145.80999755859375,145.94000244140625,77338200
5423,2021-07-23,145.21881103515625,148.55999755859375,148.72000122070312,146.9199981689453,147.5500030517578,71447400
5424,2021-07-26,145.63919067382812,148.99000549316406,149.8300018310547,147.6999969482422,148.27000427246094,72434100
5425,2021-07-27,143.46910095214844,146.77000427246094,149.2100067138672,145.5500030517578,149.1199951171875,104818600
5426,2021-07-28,141.71932983398438,144.97999572753906,146.97000122070312,142.5399932861328,144.80999755859375,118931200
5427,2021-07-29,142.36448669433594,145.63999938964844,146.5500030517578,144.5800018310547,144.69000244140625,56699500
5428,2021-07-30,142.57952880859375,145.86000061035156,146.3300018310547,144.11000061035156,144.3800048828125,70440600
5429,2021-08-02,142.2472381591797,145.52000427246094,146.9499969482422,145.25,146.36000061035156,62880000
5430,2021-08-03,144.0458221435547,147.36000061035156,148.0399932861328,145.17999267578125,145.80999755859375,64786600
5431,2021-08-04,143.64505004882812,146.9499969482422,147.7899932861328,146.27999877929688,147.27000427246094,56368300
5432,2021-08-05,143.75253295898438,147.05999755859375,147.83999633789062,146.1699981689453,146.97999572753906,46397700
5433,2021-08-06,143.0672607421875,146.13999938964844,147.11000061035156,145.6300048828125,146.35000610351562,54126800
5434,2021-08-09,143.0183563232422,146.08999633789062,146.6999969482422,145.52000427246094,146.1999969482422,48908700
5435,2021-08-10,142.53860473632812,145.60000610351562,147.7100067138672,145.3000030517578,146.44000244140625,69023100
5436,2021-08-11,142.7931365966797,145.86000061035156,146.72000122070312,145.52999877929688,146.0500030517578,48493500
5437,2021-08-12,145.7594757080078,148.88999938964844,149.0500030517578,145.83999633789062,146.19000244140625,72282600
5438,2021-08-13,145.96507263183594,149.10000610351562,149.44000244140625,148.27000427246094,148.97000122070312,59375000
5439,2021-08-16,147.94256591796875,151.1199951171875,151.19000244140625,146.47000122070312,148.5399932861328,103296000
5440,2021-08-17,147.03213500976562,150.19000244140625,151.67999267578125,149.08999633789062,150.22999572753906,92229700
5441,2021-08-18,143.2826690673828,146.36000061035156,150.72000122070312,146.14999389648438,149.8000030517578,86326000
5442,2021-08-19,143.6155242919922,146.6999969482422,148.0,144.5,145.02999877929688,86960300
5443,2021-08-20,145.07418823242188,148.19000244140625,148.5,146.77999877929688,147.44000244140625,60549600
5444,2021-08-23,146.56222534179688,149.7100067138672,150.19000244140625,147.88999938964844,148.30999755859375,60131800
5445,2021-08-24,146.47415161132812,149.6199951171875,150.86000061035156,149.14999389648438,149.4499969482422,48606400
5446,2021-08-25,145.24061584472656,148.36000061035156,150.32000732421875,147.8000030517578,149.80999755859375,58991300
5447,2021-08-26,144.43783569335938,147.5399932861328,149.1199951171875,147.50999450683594,148.35000610351562,48597200
5448,2021-08-27,145.4755859375,148.60000610351562,148.75,146.8300018310547,147.47999572753906,55802400
5449,2021-08-30,149.9005126953125,153.1199951171875,153.49000549316406,148.61000061035156,149.0,90956700
5450,2021-08-31,148.63766479492188,151.8300018310547,152.8000030517578,151.2899932861328,152.66000366210938,86453100
5451,2021-09-01,149.30332946777344,152.50999450683594,154.97999572753906,152.33999633789062,152.8300018310547,80313700
5452,2021-09-02,150.41932678222656,153.64999389648438,154.72000122070312,152.39999389648438,153.8699951171875,71115500
5453,2021-09-03,151.0557098388672,154.3000030517578,154.6300048828125,153.08999633789062,153.75999450683594,57808700
5454,2021-09-07,153.3954620361328,156.69000244140625,157.25999450683594,154.38999938964844,154.97000122070312,82278300
5455,2021-09-08,151.84866333007812,155.11000061035156,157.0399932861328,153.97999572753906,156.97999572753906,74420200
5456,2021-09-09,150.83055114746094,154.07000732421875,156.11000061035156,153.9499969482422,155.49000549316406,57305700
5457,2021-09-10,145.83778381347656,148.97000122070312,155.47999572753906,148.6999969482422,155.0,140893200
5458,2021-09-13,146.4055938720703,149.5500030517578,151.4199981689453,148.75,150.6300048828125,102404300
5459,2021-09-14,145.00564575195312,148.1199951171875,151.07000732421875,146.91000366210938,150.35000610351562,109296300
5460,2021-09-15,145.8965301513672,149.02999877929688,149.44000244140625,146.3699951171875,148.55999755859375,83281300
5461,2021-09-16,145.6615447998047,148.7899932861328,148.97000122070312,147.22000122070312,148.44000244140625,68034100
5462,2021-09-17,142.9889678955078,146.05999755859375,148.82000732421875,145.75999450683594,148.82000732421875,129868800
5463,2021-09-20,139.9345245361328,142.94000244140625,144.83999633789062,141.27000427246094,143.8000030517578,123478900
5464,2021-09-21,140.41424560546875,143.42999267578125,144.60000610351562,142.77999877929688,143.92999267578125,75834000
5465,2021-09-22,142.78335571289062,145.85000610351562,146.42999267578125,143.6999969482422,144.4499969482422,76404300
5466,2021-09-23,143.74278259277344,146.8300018310547,147.0800018310547,145.63999938964844,146.64999389648438,64838200
5467,2021-09-24,143.8308563232422,146.9199981689453,147.47000122070312,145.55999755859375,145.66000366210938,53477900
5468,2021-09-27,142.31349182128906,145.3699951171875,145.9600067138672,143.82000732421875,145.47000122070312,74150700
5469,2021-09-28,138.9262237548828,141.91000366210938,144.75,141.69000244140625,143.25,108972300
5470,2021-09-29,139.82688903808594,142.8300018310547,144.4499969482422,142.02999877929688,142.47000122070312,74602000
5471,2021-09-30,138.5248565673828,141.5,144.3800048828125,141.27999877929688,143.66000366210938,89056700
5472,2021-10-01,139.650634765625,142.64999389648438,142.9199981689453,139.11000061035156,141.89999389648438,94639600
5473,2021-10-04,136.21446228027344,139.13999938964844,142.2100067138672,138.27000427246094,141.75999450683594,98322000
5474,2021-10-05,138.1430206298828,141.11000061035156,142.24000549316406,139.36000061035156,139.49000549316406,80861100
5475,2021-10-06,139.0143280029297,142.0,142.14999389648438,138.3699951171875,139.47000122070312,83221100
5476,2021-10-07,140.27720642089844,143.2899932861328,144.22000122070312,142.72000122070312,143.05999755859375,61732700
5477,2021-10-08,139.89540100097656,142.89999389648438,144.17999267578125,142.55999755859375,144.02999877929688,58773200
5478,2021-10-11,139.80728149414062,142.80999755859375,144.80999755859375,141.80999755859375,142.27000427246094,64452200
5479,2021-10-12,138.5346221923828,141.50999450683594,143.25,141.0399932861328,143.22999572753906,73035900
5480,2021-10-13,137.94723510742188,140.91000366210938,141.39999389648438,139.1999969482422,141.24000549316406,78762700
5481,2021-10-14,140.7373046875,143.75999450683594,143.8800048828125,141.50999450683594,142.11000061035156,69907100
5482,2021-10-15,141.7946319580078,144.83999633789062,144.89999389648438,143.50999450683594,143.77000427246094,67940300
5483,2021-10-18,143.46868896484375,146.5500030517578,146.83999633789062,143.16000366210938,143.4499969482422,85589200
5484,2021-10-19,145.6321563720703,148.75999450683594,149.1699981689453,146.5500030517578,147.00999450683594,76378900
5485,2021-10-20,146.12167358398438,149.25999450683594,149.75,148.1199951171875,148.6999969482422,58418800
5486,2021-10-21,146.33702087402344,149.47999572753906,149.63999938964844,147.8699951171875,148.80999755859375,61421000
5487,2021-10-22,145.5636444091797,148.69000244140625,150.17999267578125,148.63999938964844,149.69000244140625,58883400
5488,2021-10-25,145.5147247314453,148.63999938964844,149.3699951171875,147.6199951171875,148.67999267578125,50720600
5489,2021-10-26,146.180419921875,149.32000732421875,150.83999633789062,149.00999450683594,149.3300018310547,60893400
5490,2021-10-27,145.7203369140625,148.85000610351562,149.72999572753906,148.49000549316406,149.36000061035156,56094900
5491,2021-10-28,149.3621063232422,152.57000732421875,153.1699981689453,149.72000122070312,149.82000732421875,100077900
5492,2021-10-29,146.65029907226562,149.8000030517578,149.94000244140625,146.41000366210938,147.22000122070312,124953200
5493,2021-11-01,145.8280029296875,148.9600067138672,149.6999969482422,147.8000030517578,148.99000549316406,74588300
5494,2021-11-02,146.86569213867188,150.02000427246094,151.57000732421875,148.64999389648438,148.66000366210938,69122000
5495,2021-11-03,148.30482482910156,151.49000549316406,151.97000122070312,149.82000732421875,150.38999938964844,54511500
5496,2021-11-04,147.78590393066406,150.9600067138672,152.42999267578125,150.63999938964844,151.5800018310547,60394600
5497,2021-11-05,148.3153533935547,151.27999877929688,152.1999969482422,150.05999755859375,151.88999938964844,65463900
5498,2021-11-08,147.49183654785156,150.44000244140625,151.57000732421875,150.16000366210938,151.41000366210938,55020900
5499,2021-11-09,147.85455322265625,150.80999755859375,151.42999267578125,150.05999755859375,150.1999969482422,56787900
5500,2021-11-10,145.02122497558594,147.9199981689453,150.1300048828125,147.85000610351562,150.02000427246094,65187100
5501,2021-11-11,144.97218322753906,147.8699951171875,149.42999267578125,147.67999267578125,148.9600067138672,41000000
5502,2021-11-12,147.05064392089844,149.99000549316406,150.39999389648438,147.47999572753906,148.42999267578125,63804000
5503,2021-11-15,147.0604248046875,150.0,151.8800048828125,149.42999267578125,150.3699951171875,59222800
5504,2021-11-16,148.0408172607422,151.0,151.49000549316406,149.33999633789062,149.94000244140625,59256200
5505,2021-11-17,150.48202514648438,153.49000549316406,155.0,150.99000549316406,151.0,88807000
5506,2021-11-18,154.7761993408203,157.8699951171875,158.6699981689453,153.0500030517578,153.7100067138672,137827700
5507,2021-11-19,157.40371704101562,160.5500030517578,161.02000427246094,156.52999877929688,157.64999389648438,117305600
5508,2021-11-22,157.8644561767578,161.02000427246094,165.6999969482422,161.0,161.67999267578125,117467900
5509,2021-11-23,158.24684143066406,161.41000366210938,161.8000030517578,159.05999755859375,161.1199951171875,96041900
5510,2021-11-24,158.76646423339844,161.94000244140625,162.13999938964844,159.63999938964844,160.75,69463600
5511,2021-11-26,153.7369842529297,156.80999755859375,160.4499969482422,156.36000061035156,159.57000732421875,76959800
5512,2021-11-29,157.0997772216797,160.24000549316406,161.19000244140625,158.7899932861328,159.3699951171875,88748200
5513,2021-11-30,162.06057739257812,165.3000030517578,165.52000427246094,159.9199981689453,159.99000549316406,174048100
5514,2021-12-01,161.54098510742188,164.77000427246094,170.3000030517578,164.52999877929688,167.47999572753906,152052500
5515,2021-12-02,160.55081176757812,163.75999450683594,164.1999969482422,157.8000030517578,158.74000549316406,136739200
5516,2021-12-03,158.66844177246094,161.83999633789062,164.9600067138672,159.72000122070312,164.02000427246094,118023100
5517,2021-12-06,162.08023071289062,165.32000732421875,167.8800048828125,164.27999877929688,164.2899932861328,107497000
5518,2021-12-07,167.8253631591797,171.17999267578125,171.5800018310547,168.33999633789062,169.0800018310547,120405400
5519,2021-12-08,171.64892578125,175.0800018310547,175.9600067138672,170.6999969482422,172.1300048828125,116998900
5520,2021-12-09,171.1391143798828,174.55999755859375,176.75,173.9199981689453,174.91000366210938,108923700
5521,2021-12-10,175.9333038330078,179.4499969482422,179.6300048828125,174.69000244140625,175.2100067138672,115402700
5522,2021-12-13,172.29600524902344,175.74000549316406,182.1300048828125,175.52999877929688,181.1199951171875,153237000
5523,2021-12-14,170.9136199951172,174.3300018310547,177.74000549316406,172.2100067138672,175.25,139380400
5524,2021-12-15,175.7862548828125,179.3000030517578,179.5,172.30999755859375,175.11000061035156,131063300
5525,2021-12-16,168.88418579101562,172.25999450683594,181.13999938964844,170.75,179.27999877929688,150185800
5526,2021-12-17,167.7861785888672,171.13999938964844,173.47000122070312,169.69000244140625,169.92999267578125,195432700
5527,2021-12-20,166.42340087890625,169.75,170.5800018310547,167.4600067138672,168.27999877929688,107499100
5528,2021-12-21,169.59991455078125,172.99000549316406,173.1999969482422,169.1199951171875,171.55999755859375,91185900
5529,2021-12-22,172.1979522705078,175.63999938964844,175.86000061035156,172.14999389648438,173.0399932861328,92135300
5530,2021-12-23,172.82545471191406,176.27999877929688,176.85000610351562,175.27000427246094,175.85000610351562,68356600
5531,2021-12-27,176.79603576660156,180.3300018310547,180.4199981689453,177.07000732421875,177.08999633789062,74919600
5532,2021-12-28,175.7764434814453,179.2899932861328,181.3300018310547,178.52999877929688,180.16000366210938,79144300
5533,2021-12-29,175.86468505859375,179.3800048828125,180.6300048828125,178.13999938964844,179.3300018310547,62348900
5534,2021-12-30,174.7078094482422,178.1999969482422,180.57000732421875,178.08999633789062,179.47000122070312,59773000
5535,2021-12-31,174.0901336669922,177.57000732421875,179.22999572753906,177.25999450683594,178.08999633789062,64062300
5536,2022-01-03,178.44313049316406,182.00999450683594,182.8800048828125,177.7100067138672,177.8300018310547,104487900
5537,2022-01-04,176.17837524414062,179.6999969482422,182.94000244140625,179.1199951171875,182.6300048828125,99310400
5538,2022-01-05,171.49209594726562,174.9199981689453,180.1699981689453,174.63999938964844,179.61000061035156,94537600
5539,2022-01-06,168.62930297851562,172.0,175.3000030517578,171.63999938964844,172.6999969482422,96904000
5540,2022-01-07,168.7959747314453,172.1699981689453,174.13999938964844,171.02999877929688,172.88999938964844,86709100
5541,2022-01-10,168.81558227539062,172.19000244140625,172.5,168.1699981689453,169.0800018310547,106765600
5542,2022-01-11,171.64892578125,175.0800018310547,175.17999267578125,170.82000732421875,172.32000732421875,76138300
5543,2022-01-12,172.09010314941406,175.52999877929688,177.17999267578125,174.82000732421875,176.1199951171875,74805200
5544,2022-01-13,168.81558227539062,172.19000244140625,176.6199951171875,171.7899932861328,175.77999877929688,84505800
5545,2022-01-14,169.67835998535156,173.07000732421875,173.77999877929688,171.08999633789062,171.33999633789062,80440800
5546,2022-01-18,166.472412109375,169.8000030517578,172.5399932861328,169.41000366210938,171.50999450683594,90956700
5547,2022-01-19,162.9723358154297,166.22999572753906,171.0800018310547,165.94000244140625,170.0,94815000
5548,2022-01-20,161.2860870361328,164.50999450683594,169.67999267578125,164.17999267578125,166.97999572753906,91420500
5549,2022-01-21,159.2272491455078,162.41000366210938,166.3300018310547,162.3000030517578,164.4199981689453,122848900
5550,2022-01-24,158.4527130126953,161.6199951171875,162.3000030517578,154.6999969482422,160.02000427246094,162294600
5551,2022-01-25,156.64878845214844,159.77999877929688,162.75999450683594,157.02000427246094,158.97999572753906,115798400
5552,2022-01-26,156.56053161621094,159.69000244140625,164.38999938964844,157.82000732421875,163.5,108275300
5553,2022-01-27,156.0997772216797,159.22000122070312,163.83999633789062,158.27999877929688,162.4499969482422,121954600
5554,2022-01-28,166.99200439453125,170.3300018310547,170.35000610351562,162.8000030517578,165.7100067138672,179935700
5555,2022-01-31,171.35482788085938,174.77999877929688,175.0,169.50999450683594,170.16000366210938,115541600
5556,2022-02-01,171.1881561279297,174.61000061035156,174.83999633789062,172.30999755859375,174.00999450683594,86213900
5557,2022-02-02,172.39404296875,175.83999633789062,175.8800048828125,173.3300018310547,174.75,84914300
5558,2022-02-03,169.5116729736328,172.89999389648438,176.24000549316406,172.1199951171875,174.47999572753906,89418100
5559,2022-02-04,169.22698974609375,172.38999938964844,174.10000610351562,170.67999267578125,171.67999267578125,82465400
5560,2022-02-07,168.51039123535156,171.66000366210938,173.9499969482422,170.9499969482422,172.86000061035156,77251200
5561,2022-02-08,171.62222290039062,174.8300018310547,175.35000610351562,171.42999267578125,171.72999572753906,74829200
5562,2022-02-09,173.045654296875,176.27999877929688,176.64999389648438,174.89999389648438,176.0500030517578,71285000
5563,2022-02-10,168.96194458007812,172.1199951171875,175.47999572753906,171.5500030517578,174.13999938964844,90865900
5564,2022-02-11,165.54580688476562,168.63999938964844,173.0800018310547,168.0399932861328,172.3300018310547,98670700
5565,2022-02-14,165.78140258789062,168.8800048828125,169.5800018310547,166.55999755859375,167.3699951171875,86185500
5566,2022-02-15,169.61965942382812,172.7899932861328,172.9499969482422,170.25,170.97000122070312,62527400
5567,2022-02-16,169.384033203125,172.5500030517578,173.33999633789062,170.0500030517578,171.85000610351562,61177400
5568,2022-02-17,165.78140258789062,168.8800048828125,171.91000366210938,168.47000122070312,171.02999877929688,69589300
5569,2022-02-18,164.23036193847656,167.3000030517578,170.5399932861328,166.19000244140625,169.82000732421875,82772700
5570,2022-02-22,161.3050537109375,164.32000732421875,166.69000244140625,162.14999389648438,164.97999572753906,91162800
5571,2022-02-23,157.13304138183594,160.07000732421875,166.14999389648438,159.75,165.5399932861328,90009200
5572,2022-02-24,159.75404357910156,162.74000549316406,162.85000610351562,152.0,152.5800018310547,141147500
5573,2022-02-25,161.82534790039062,164.85000610351562,165.1199951171875,160.8699951171875,163.83999633789062,91974200
5574,2022-02-28,162.0903778076172,165.1199951171875,165.4199981689453,162.42999267578125,163.05999755859375,95056600
5575,2022-03-01,160.2056121826172,163.1999969482422,166.60000610351562,161.97000122070312,164.6999969482422,83474400
5576,2022-03-02,163.50393676757812,166.55999755859375,167.36000061035156,162.9499969482422,164.38999938964844,79724800
5577,2022-03-03,163.1799774169922,166.22999572753906,168.91000366210938,165.5500030517578,168.47000122070312,76678400
5578,2022-03-04,160.1761474609375,163.1699981689453,165.5500030517578,162.10000610351562,164.49000549316406,83737200
5579,2022-03-07,156.377197265625,159.3000030517578,165.02000427246094,159.0399932861328,163.36000061035156,96418800
5580,2022-03-08,154.55130004882812,157.44000244140625,162.8800048828125,155.8000030517578,158.82000732421875,131148300
5581,2022-03-09,159.96018981933594,162.9499969482422,163.41000366210938,159.41000366210938,161.47999572753906,91454900
5582,2022-03-10,155.61146545410156,158.52000427246094,160.38999938964844,155.97999572753906,160.1999969482422,105342000
5583,2022-03-11,151.89102172851562,154.72999572753906,159.27999877929688,154.5,158.92999267578125,96970100
5584,2022-03-14,147.85643005371094,150.6199951171875,154.1199951171875,150.10000610351562,151.4499969482422,108732100
5585,2022-03-15,152.24441528320312,155.08999633789062,155.57000732421875,150.3800048828125,150.89999389648438,92964300
5586,2022-03-16,156.66184997558594,159.58999633789062,160.0,154.4600067138672,157.0500030517578,102300200
5587,2022-03-17,157.67294311523438,160.6199951171875,161.0,157.6300048828125,158.61000061035156,75615400
5588,2022-03-18,160.97129821777344,163.97999572753906,164.47999572753906,159.75999450683594,160.50999450683594,123511700
5589,2022-03-21,162.3455810546875,165.3800048828125,166.35000610351562,163.00999450683594,163.50999450683594,95811400
5590,2022-03-22,165.7224884033203,168.82000732421875,169.4199981689453,164.91000366210938,165.50999450683594,81532000
5591,2022-03-23,167.08700561523438,170.2100067138672,172.63999938964844,167.64999389648438,167.99000549316406,98062700
5592,2022-03-24,170.87615966796875,174.07000732421875,174.13999938964844,170.2100067138672,171.05999755859375,90131400
5593,2022-03-25,171.5142364501953,174.72000122070312,175.27999877929688,172.75,173.8800048828125,80546200
5594,2022-03-28,172.37811279296875,175.60000610351562,175.72999572753906,172.0,172.1699981689453,90371900
5595,2022-03-29,175.67642211914062,178.9600067138672,179.00999450683594,176.33999633789062,176.69000244140625,100589400
5596,2022-03-30,174.50828552246094,177.77000427246094,179.61000061035156,176.6999969482422,178.5500030517578,92633200
5597,2022-03-31,171.40625,174.61000061035156,178.02999877929688,174.39999389648438,177.83999633789062,103049300
5598,2022-04-01,171.11175537109375,174.30999755859375,174.8800048828125,171.94000244140625,174.02999877929688,78751300
5599,2022-04-04,175.1659698486328,178.44000244140625,178.49000549316406,174.44000244140625,174.57000732421875,76468400
5600,2022-04-05,171.84799194335938,175.05999755859375,178.3000030517578,174.4199981689453,177.5,73401800
5601,2022-04-06,168.67723083496094,171.8300018310547,173.6300048828125,170.1300048828125,172.36000061035156,89058800
5602,2022-04-07,168.98155212402344,172.13999938964844,173.36000061035156,169.85000610351562,171.16000366210938,77594700
5603,2022-04-08,166.9691925048828,170.08999633789062,171.77999877929688,169.1999969482422,171.77999877929688,76575500
5604,2022-04-11,162.7088165283203,165.75,169.02999877929688,165.5,168.7100067138672,72246700
5605,2022-04-12,164.5837860107422,167.66000366210938,169.8699951171875,166.63999938964844,168.02000427246094,79265200
5606,2022-04-13,167.27346801757812,170.39999389648438,171.0399932861328,166.77000427246094,167.38999938964844,70618900
5607,2022-04-14,162.25723266601562,165.2899932861328,171.27000427246094,165.0399932861328,170.6199951171875,75329400
5608,2022-04-18,162.04132080078125,165.07000732421875,166.60000610351562,163.57000732421875,163.9199981689453,69023900
5609,2022-04-19,164.3285369873047,167.39999389648438,167.82000732421875,163.91000366210938,165.02000427246094,67723800
5610,2022-04-20,164.16168212890625,167.22999572753906,168.8800048828125,166.10000610351562,168.75999450683594,67929800
5611,2022-04-21,163.36651611328125,166.4199981689453,171.52999877929688,165.91000366210938,168.91000366210938,87227800
5612,2022-04-22,158.82142639160156,161.7899932861328,167.8699951171875,161.5,166.4600067138672,84882400
5613,2022-04-25,159.8914794921875,162.8800048828125,163.1699981689453,158.4600067138672,161.1199951171875,96046400
5614,2022-04-26,153.92303466796875,156.8000030517578,162.33999633789062,156.72000122070312,162.25,95623200
5615,2022-04-27,153.69728088378906,156.57000732421875,159.7899932861328,155.3800048828125,155.91000366210938,88063200
5616,2022-04-28,160.63754272460938,163.63999938964844,164.52000427246094,158.92999267578125,159.25,130216800
5617,2022-04-29,154.75743103027344,157.64999389648438,166.1999969482422,157.25,161.83999633789062,131747600
5618,2022-05-02,155.061767578125,157.9600067138672,158.22999572753906,153.27000427246094,156.7100067138672,123055300
5619,2022-05-03,156.5538787841797,159.47999572753906,160.7100067138672,156.32000732421875,158.14999389648438,88966500
5620,2022-05-04,162.97384643554688,166.02000427246094,166.47999572753906,159.25999450683594,159.6699981689453,108256500
5621,2022-05-05,153.89358520507812,156.77000427246094,164.0800018310547,154.9499969482422,163.85000610351562,130525300
5622,2022-05-06,154.6210479736328,157.27999877929688,159.44000244140625,154.17999267578125,156.00999450683594,116124600
5623,2022-05-09,149.48931884765625,152.05999755859375,155.8300018310547,151.49000549316406,154.92999267578125,131577900
5624,2022-05-10,151.8978729248047,154.50999450683594,156.74000549316406,152.92999267578125,155.52000427246094,115366700
5625,2022-05-11,144.02330017089844,146.5,155.4499969482422,145.80999755859375,153.5,142689800
5626,2022-05-12,140.14993286132812,142.55999755859375,146.1999969482422,138.8000030517578,142.77000427246094,182602000
5627,2022-05-13,144.62303161621094,147.11000061035156,148.10000610351562,143.11000061035156,144.58999633789062,113990900
5628,2022-05-16,143.0795440673828,145.5399932861328,147.52000427246094,144.17999267578125,145.5500030517578,86643800
5629,2022-05-17,146.71697998046875,149.24000549316406,149.77000427246094,146.67999267578125,148.86000061035156,78336300
5630,2022-05-18,138.4393768310547,140.82000732421875,147.36000061035156,139.89999389648438,146.85000610351562,109742900
5631,2022-05-19,135.02798461914062,137.35000610351562,141.66000366210938,136.60000610351562,139.8800048828125,136095600
5632,2022-05-20,135.26394653320312,137.58999633789062,140.6999969482422,132.61000061035156,139.08999633789062,137426100
5633,2022-05-23,140.6906280517578,143.11000061035156,143.25999450683594,137.64999389648438,137.7899932861328,117726300
5634,2022-05-24,137.98712158203125,140.36000061035156,141.97000122070312,137.3300018310547,140.80999755859375,104132700
5635,2022-05-25,138.14439392089844,140.52000427246094,141.7899932861328,138.33999633789062,138.42999267578125,92482700
5636,2022-05-26,141.3493194580078,143.77999877929688,144.33999633789062,137.13999938964844,137.38999938964844,90601500
5637,2022-05-27,147.1102294921875,149.63999938964844,149.67999267578125,145.25999450683594,145.38999938964844,90978500
5638,2022-05-31,146.32379150390625,148.83999633789062,150.66000366210938,146.83999633789062,149.07000732421875,103718400
5639,2022-06-01,146.19595336914062,148.7100067138672,151.74000549316406,147.67999267578125,149.89999389648438,74286600
5640,2022-06-02,148.65370178222656,151.2100067138672,151.27000427246094,146.86000061035156,147.8300018310547,72348100
5641,2022-06-03,142.92222595214844,145.3800048828125,147.97000122070312,144.4600067138672,146.89999389648438,88570300
5642,2022-06-06,143.6693878173828,146.13999938964844,148.57000732421875,144.89999389648438,147.02999877929688,71598400
5643,2022-06-07,146.19595336914062,148.7100067138672,149.0,144.10000610351562,144.35000610351562,67808200
5644,2022-06-08,145.45864868164062,147.9600067138672,149.8699951171875,147.4600067138672,148.5800018310547,53950200
5645,2022-06-09,140.22857666015625,142.63999938964844,147.9499969482422,142.52999877929688,147.0800018310547,69473000
5646,2022-06-10,134.81173706054688,137.1300048828125,140.75999450683594,137.05999755859375,140.27999877929688,91437900
5647,2022-06-13,129.65049743652344,131.8800048828125,135.1999969482422,131.44000244140625,132.8699951171875,122207100
5648,2022-06-14,130.51559448242188,132.75999450683594,133.88999938964844,131.47999572753906,133.1300048828125,84784300
5649,2022-06-15,133.1404571533203,135.42999267578125,137.33999633789062,132.16000366210938,134.2899932861328,91533000
5650,2022-06-16,127.86125946044922,130.05999755859375,132.38999938964844,129.0399932861328,132.0800018310547,108123900
5651,2022-06-17,129.33587646484375,131.55999755859375,133.0800018310547,129.80999755859375,130.07000732421875,134520300
5652,2022-06-21,133.57301330566406,135.8699951171875,137.05999755859375,133.32000732421875,133.4199981689453,81000500
5653,2022-06-22,133.0618133544922,135.35000610351562,137.75999450683594,133.91000366210938,134.7899932861328,73409200
5654,2022-06-23,135.93246459960938,138.27000427246094,138.58999633789062,135.6300048828125,136.82000732421875,72433800
5655,2022-06-24,139.26513671875,141.66000366210938,141.91000366210938,139.77000427246094,139.89999389648438,89116800
5656,2022-06-27,139.26513671875,141.66000366210938,143.49000549316406,140.97000122070312,142.6999969482422,70207900
5657,2022-06-28,135.11648559570312,137.44000244140625,143.4199981689453,137.32000732421875,142.1300048828125,67083400
5658,2022-06-29,136.87620544433594,139.22999572753906,140.6699981689453,136.6699981689453,137.4600067138672,66242400
5659,2022-06-30,134.4086456298828,136.72000122070312,138.3699951171875,133.77000427246094,137.25,98964500
5660,2022-07-01,136.58128356933594,138.92999267578125,139.0399932861328,135.66000366210938,136.0399932861328,71051600
5661,2022-07-05,139.16685485839844,141.55999755859375,141.61000061035156,136.92999267578125,137.77000427246094,73353800
5662,2022-07-06,140.50384521484375,142.9199981689453,144.1199951171875,141.0800018310547,141.35000610351562,74064300
5663,2022-07-07,143.87586975097656,146.35000610351562,146.5500030517578,143.27999877929688,143.2899932861328,66253700
5664,2022-07-08,144.55418395996094,147.0399932861328,147.5500030517578,145.0,145.25999450683594,64547800
5665,2022-07-11,142.4208526611328,144.8699951171875,146.63999938964844,143.77999877929688,145.6699981689453,63141600
5666,2022-07-12,143.3941192626953,145.86000061035156,148.4499969482422,145.0500030517578,145.75999450683594,77588800
5667,2022-07-13,143.0303955078125,145.49000549316406,146.4499969482422,142.1199951171875,142.99000549316406,71185600
5668,2022-07-14,145.9600067138672,148.47000122070312,148.9499969482422,143.25,144.0800018310547,78140700
5669,2022-07-15,147.63125610351562,150.1699981689453,150.86000061035156,148.1999969482422,149.77999877929688,76259900
5670,2022-07-18,144.58367919921875,147.07000732421875,151.57000732421875,146.6999969482422,150.74000549316406,81420900
5671,2022-07-19,148.44720458984375,151.0,151.22999572753906,146.91000366210938,147.9199981689453,82982400
5672,2022-07-20,150.4527587890625,153.0399932861328,153.72000122070312,150.3699951171875,151.1199951171875,64823400
5673,2022-07-21,152.72372436523438,155.35000610351562,155.57000732421875,151.94000244140625,154.5,65086600
5674,2022-07-22,151.4849853515625,154.08999633789062,156.27999877929688,153.41000366210938,155.38999938964844,66675400
5675,2022-07-25,150.3642578125,152.9499969482422,155.0399932861328,152.27999877929688,154.00999450683594,53623900
5676,2022-07-26,149.03709411621094,151.60000610351562,153.08999633789062,150.8000030517578,152.25999450683594,55138700
5677,2022-07-27,154.13934326171875,156.7899932861328,157.3300018310547,152.16000366210938,152.5800018310547,78620700
5678,2022-07-28,154.6898956298828,157.35000610351562,157.63999938964844,154.41000366210938,156.97999572753906,81378700
5679,2022-07-29,159.76266479492188,162.50999450683594,163.6300048828125,159.5,161.24000549316406,101786900
5680,2022-08-01,158.77955627441406,161.50999450683594,163.58999633789062,160.88999938964844,161.00999450683594,67829400
5681,2022-08-02,157.3048858642578,160.00999450683594,162.41000366210938,159.6300048828125,160.10000610351562,59907000
5682,2022-08-03,163.32144165039062,166.1300048828125,166.58999633789062,160.75,160.83999633789062,82507500
5683,2022-08-04,163.0068359375,165.80999755859375,167.19000244140625,164.42999267578125,166.00999450683594,55474100
5684,2022-08-05,162.78041076660156,165.35000610351562,165.85000610351562,163.0,163.2100067138672,56697000
5685,2022-08-08,162.3079071044922,164.8699951171875,167.80999755859375,164.1999969482422,166.3699951171875,60276900
5686,2022-08-09,162.3571319580078,164.9199981689453,165.82000732421875,163.25,164.02000427246094,63135500
5687,2022-08-10,166.6099853515625,169.24000549316406,169.33999633789062,166.89999389648438,167.67999267578125,70170500
5688,2022-08-11,165.8716583251953,168.49000549316406,170.99000549316406,168.19000244140625,170.05999755859375,57149200
5689,2022-08-12,169.4255828857422,172.10000610351562,172.1699981689453,169.39999389648438,169.82000732421875,68039400
5690,2022-08-15,170.4985809326172,173.19000244140625,173.38999938964844,171.35000610351562,171.52000427246094,54091700
5691,2022-08-16,170.3411102294922,173.02999877929688,173.7100067138672,171.66000366210938,172.77999877929688,56377100
5692,2022-08-17,171.83746337890625,174.5500030517578,176.14999389648438,172.57000732421875,172.77000427246094,79542000
5693,2022-08-18,171.44366455078125,174.14999389648438,174.89999389648438,173.1199951171875,173.75,62290100
5694,2022-08-19,168.85455322265625,171.52000427246094,173.74000549316406,171.30999755859375,173.02999877929688,70346300
5695,2022-08-22,164.96595764160156,167.57000732421875,169.86000061035156,167.13999938964844,169.69000244140625,69026800
5696,2022-08-23,164.63124084472656,167.22999572753906,168.7100067138672,166.64999389648438,167.0800018310547,54147100
5697,2022-08-24,164.9265594482422,167.52999877929688,168.11000061035156,166.25,167.32000732421875,53841500
5698,2022-08-25,167.38771057128906,170.02999877929688,170.13999938964844,168.35000610351562,168.77999877929688,51218200
5699,2022-08-26,161.0773468017578,163.6199951171875,171.0500030517578,163.55999755859375,170.57000732421875,78961000
5700,2022-08-29,158.87213134765625,161.3800048828125,162.89999389648438,159.82000732421875,161.14999389648438,73314000
5701,2022-08-30,156.44052124023438,158.91000366210938,162.55999755859375,157.72000122070312,162.1300048828125,77906200
5702,2022-08-31,154.77679443359375,157.22000122070312,160.5800018310547,157.13999938964844,160.30999755859375,87991100
5703,2022-09-01,155.5052947998047,157.9600067138672,158.4199981689453,154.6699981689453,156.63999938964844,74229900
5704,2022-09-02,153.38870239257812,155.80999755859375,160.36000061035156,154.97000122070312,159.75,76957800
5705,2022-09-06,152.1285858154297,154.52999877929688,157.08999633789062,153.69000244140625,156.47000122070312,73714800
5706,2022-09-07,153.536376953125,155.9600067138672,156.6699981689453,153.61000061035156,154.82000732421875,87449600
5707,2022-09-08,152.0596923828125,154.4600067138672,156.36000061035156,152.67999267578125,154.63999938964844,84923800
5708,2022-09-09,154.92442321777344,157.3699951171875,157.82000732421875,154.75,155.47000122070312,68028800
5709,2022-09-12,160.89024353027344,163.42999267578125,164.25999450683594,159.3000030517578,159.58999633789062,104956000
5710,2022-09-13,151.44931030273438,153.83999633789062,160.5399932861328,153.3699951171875,159.89999389648438,122656600
5711,2022-09-14,152.89645385742188,155.30999755859375,157.10000610351562,153.61000061035156,154.7899932861328,87965400
5712,2022-09-15,150.00213623046875,152.3699951171875,155.24000549316406,151.3800048828125,154.64999389648438,90481100
5713,2022-09-16,148.35809326171875,150.6999969482422,151.35000610351562,148.3699951171875,151.2100067138672,162278800
5714,2022-09-19,152.07937622070312,154.47999572753906,154.55999755859375,149.10000610351562,149.30999755859375,81474200
5715,2022-09-20,154.4617462158203,156.89999389648438,158.0800018310547,153.0800018310547,153.39999389648438,107689800
5716,2022-09-21,151.33119201660156,153.72000122070312,158.74000549316406,153.60000610351562,157.33999633789062,101696800
5717,2022-09-22,150.36636352539062,152.74000549316406,154.47000122070312,150.91000366210938,152.3800048828125,86652500
5718,2022-09-23,148.09230041503906,150.42999267578125,151.47000122070312,148.55999755859375,151.19000244140625,96029900
5719,2022-09-26,148.42703247070312,150.77000427246094,153.77000427246094,149.63999938964844,149.66000366210938,93339400
5720,2022-09-27,149.401611328125,151.75999450683594,154.72000122070312,149.9499969482422,152.74000549316406,84442700
5721,2022-09-28,147.51148986816406,149.83999633789062,150.63999938964844,144.83999633789062,147.63999938964844,146691400
5722,2022-09-29,140.26583862304688,142.47999572753906,146.72000122070312,140.67999267578125,146.10000610351562,128138200
5723,2022-09-30,136.05233764648438,138.1999969482422,143.10000610351562,138.0,141.27999877929688,124925300
5724,2022-10-03,140.23629760742188,142.4499969482422,143.07000732421875,137.69000244140625,138.2100067138672,114311700
5725,2022-10-04,143.82960510253906,146.10000610351562,146.22000122070312,144.25999450683594,145.02999877929688,87830100
5726,2022-10-05,144.12490844726562,146.39999389648438,147.3800048828125,143.00999450683594,144.07000732421875,79471000
5727,2022-10-06,143.16998291015625,145.42999267578125,147.5399932861328,145.22000122070312,145.80999755859375,68402200
5728,2022-10-07,137.9129638671875,140.08999633789062,143.10000610351562,139.4499969482422,142.5399932861328,85925600
5729,2022-10-10,138.23785400390625,140.4199981689453,141.88999938964844,138.57000732421875,140.4199981689453,74899000
5730,2022-10-11,136.82022094726562,138.97999572753906,141.35000610351562,138.22000122070312,139.89999389648438,77033700
5731,2022-10-12,136.190185546875,138.33999633789062,140.36000061035156,138.16000366210938,139.1300048828125,70433700
5732,2022-10-13,140.76792907714844,142.99000549316406,143.58999633789062,134.3699951171875,134.99000549316406,113224000
5733,2022-10-14,136.2295684814453,138.3800048828125,144.52000427246094,138.19000244140625,144.30999755859375,88598000
5734,2022-10-17,140.1969451904297,142.41000366210938,142.89999389648438,140.27000427246094,141.07000732421875,85250900
5735,2022-10-18,141.51609802246094,143.75,146.6999969482422,140.61000061035156,145.49000549316406,99136600
5736,2022-10-19,141.62440490722656,143.86000061035156,144.9499969482422,141.5,141.69000244140625,61758300
5737,2022-10-20,141.1616973876953,143.38999938964844,145.88999938964844,142.64999389648438,143.02000427246094,64522000
5738,2022-10-21,144.98143005371094,147.27000427246094,147.85000610351562,142.64999389648438,142.8699951171875,86548600
5739,2022-10-24,147.1275177001953,149.4499969482422,150.22999572753906,146.0,147.19000244140625,75981900
5740,2022-10-25,149.9726104736328,152.33999633789062,152.49000549316406,149.36000061035156,150.08999633789062,74732300
5741,2022-10-26,147.0290985107422,149.35000610351562,151.99000549316406,148.0399932861328,150.9600067138672,88194300
5742,2022-10-27,142.54977416992188,144.8000030517578,149.0500030517578,144.1300048828125,148.07000732421875,109180200
5743,2022-10-28,153.31979370117188,155.74000549316406,157.5,147.82000732421875,148.1999969482422,164762400
5744,2022-10-31,150.95706176757812,153.33999633789062,154.24000549316406,151.9199981689453,153.16000366210938,97943200
5745,2022-11-01,148.3088836669922,150.64999389648438,155.4499969482422,149.1300048828125,155.0800018310547,80379300
5746,2022-11-02,142.77621459960938,145.02999877929688,152.1699981689453,145.0,148.9499969482422,93604600
5747,2022-11-03,136.72177124023438,138.8800048828125,142.8000030517578,138.75,142.05999755859375,97918500
5748,2022-11-04,136.45555114746094,138.3800048828125,142.6699981689453,134.3800048828125,142.08999633789062,140814800
5749,2022-11-07,136.98802185058594,138.9199981689453,139.14999389648438,135.6699981689453,137.11000061035156,83374600
5750,2022-11-08,137.55995178222656,139.5,141.42999267578125,137.49000549316406,140.41000366210938,89908500
5751,2022-11-09,132.99435424804688,134.8699951171875,138.5500030517578,134.58999633789062,138.5,74917800
5752,2022-11-10,144.8274688720703,146.8699951171875,146.8699951171875,139.5,141.24000549316406,118854000
5753,2022-11-11,147.61813354492188,149.6999969482422,150.00999450683594,144.3699951171875,145.82000732421875,93979700
5754,2022-11-14,146.2178497314453,148.27999877929688,150.27999877929688,147.42999267578125,148.97000122070312,73374100
5755,2022-11-15,147.9534149169922,150.0399932861328,153.58999633789062,148.55999755859375,152.22000122070312,89868300
5756,2022-11-16,146.72073364257812,148.7899932861328,149.8699951171875,147.2899932861328,149.1300048828125,64218300
5757,2022-11-17,148.62393188476562,150.72000122070312,151.47999572753906,146.14999389648438,146.42999267578125,80389400
5758,2022-11-18,149.18600463867188,151.2899932861328,152.6999969482422,149.97000122070312,152.30999755859375,74829600
5759,2022-11-21,145.95162963867188,148.00999450683594,150.3699951171875,147.72000122070312,150.16000366210938,58724100
5760,2022-11-22,148.0914306640625,150.17999267578125,150.4199981689453,146.92999267578125,148.1300048828125,51804100
5761,2022-11-23,148.9690704345703,151.07000732421875,151.8300018310547,149.33999633789062,149.4499969482422,58301400
5762,2022-11-25,146.05023193359375,148.11000061035156,148.8800048828125,147.1199951171875,148.30999755859375,35195900
5763,2022-11-28,142.21432495117188,144.22000122070312,146.63999938964844,143.3800048828125,145.13999938964844,69246000
5764,2022-11-29,139.20675659179688,141.1699981689453,144.80999755859375,140.35000610351562,144.2899932861328,83763800
5765,2022-11-30,145.97132873535156,148.02999877929688,148.72000122070312,140.5500030517578,141.39999389648438,111380900
5766,2022-12-01,146.2474365234375,148.30999755859375,149.1300048828125,146.61000061035156,148.2100067138672,71250400
5767,2022-12-02,145.75437927246094,147.80999755859375,148.0,145.64999389648438,145.9600067138672,65447400
5768,2022-12-05,144.5908203125,146.6300048828125,150.9199981689453,145.77000427246094,147.77000427246094,68826400
5769,2022-12-06,140.9225311279297,142.91000366210938,147.3000030517578,141.9199981689453,147.07000732421875,64727200
5770,2022-12-07,138.97994995117188,140.94000244140625,143.3699951171875,140.0,142.19000244140625,69721100
5771,2022-12-08,140.66615295410156,142.64999389648438,143.52000427246094,141.10000610351562,142.36000061035156,62128300
5772,2022-12-09,140.18296813964844,142.16000366210938,145.57000732421875,140.89999389648438,142.33999633789062,76097000
5773,2022-12-12,142.48057556152344,144.49000549316406,144.5,141.05999755859375,142.6999969482422,70462700
5774,2022-12-13,143.44692993164062,145.47000122070312,149.97000122070312,144.24000549316406,149.5,93886200
5775,2022-12-14,141.21836853027344,143.2100067138672,146.66000366210938,141.16000366210938,145.35000610351562,82291200
5776,2022-12-15,134.60169982910156,136.5,141.8000030517578,136.02999877929688,141.11000061035156,98931900
5777,2022-12-16,132.63937377929688,134.50999450683594,137.64999389648438,133.72999572753906,136.69000244140625,160156900
5778,2022-12-19,130.52908325195312,132.3699951171875,135.1999969482422,131.32000732421875,135.11000061035156,79592600
5779,2022-12-20,130.4600830078125,132.3000030517578,133.25,129.88999938964844,131.38999938964844,77432800
5780,2022-12-21,133.56629943847656,135.4499969482422,136.80999755859375,132.75,132.97999572753906,85928000
5781,2022-12-22,130.39105224609375,132.22999572753906,134.55999755859375,130.3000030517578,134.35000610351562,77852100
5782,2022-12-23,130.02621459960938,131.86000061035156,132.4199981689453,129.63999938964844,130.9199981689453,63814900
5783,2022-12-27,128.22166442871094,130.02999877929688,131.41000366210938,128.72000122070312,131.3800048828125,69007800
5784,2022-12-28,124.28715515136719,126.04000091552734,131.02999877929688,125.87000274658203,129.6699981689453,85438400
5785,2022-12-29,127.80751037597656,129.61000061035156,130.47999572753906,127.7300033569336,127.98999786376953,75703700
5786,2022-12-30,128.123046875,129.92999267578125,129.9499969482422,127.43000030517578,128.41000366210938,77034200
5787,2023-01-03,123.33065032958984,125.06999969482422,130.89999389648438,124.16999816894531,130.27999877929688,112117500
5788,2023-01-04,124.60271453857422,126.36000061035156,128.66000366210938,125.08000183105469,126.88999938964844,89113600
5789,2023-01-05,123.2813491821289,125.0199966430664,127.7699966430664,124.76000213623047,127.12999725341797,80962700
5790,2023-01-06,127.81735229492188,129.6199951171875,130.2899932861328,124.88999938964844,126.01000213623047,87754700
5791,2023-01-09,128.3399658203125,130.14999389648438,133.41000366210938,129.88999938964844,130.47000122070312,70790800
5792,2023-01-10,128.91197204589844,130.72999572753906,131.25999450683594,128.1199951171875,130.25999450683594,63896200
5793,2023-01-11,131.63356018066406,133.49000549316406,133.50999450683594,130.4600067138672,131.25,69458900
5794,2023-01-12,131.5546875,133.41000366210938,134.25999450683594,131.44000244140625,133.8800048828125,71379600
5795,2023-01-13,132.88589477539062,134.75999450683594,134.9199981689453,131.66000366210938,132.02999877929688,57809700
5796,2023-01-17,134.04946899414062,135.94000244140625,137.2899932861328,134.1300048828125,134.8300018310547,63646600
5797,2023-01-18,133.32962036132812,135.2100067138672,138.61000061035156,135.02999877929688,136.82000732421875,69672800
5798,2023-01-19,133.3887939453125,135.27000427246094,136.25,133.77000427246094,134.0800018310547,58280400
5799,2023-01-20,135.95262145996094,137.8699951171875,138.02000427246094,134.22000122070312,135.27999877929688,80223600
5800,2023-01-23,139.14756774902344,141.11000061035156,143.32000732421875,137.89999389648438,138.1199951171875,81760300
5801,2023-01-24,140.5478515625,142.52999877929688,143.16000366210938,140.3000030517578,140.30999755859375,66435100
5802,2023-01-25,139.8871612548828,141.86000061035156,142.42999267578125,138.80999755859375,140.88999938964844,65799300
5803,2023-01-26,141.95794677734375,143.9600067138672,144.25,141.89999389648438,143.1699981689453,54105100
5804,2023-01-27,143.9005126953125,145.92999267578125,147.22999572753906,143.0800018310547,143.16000366210938,70555800
5805,2023-01-30,141.01132202148438,143.0,145.5500030517578,142.85000610351562,144.9600067138672,64015300
5806,2023-01-31,142.2833251953125,144.2899932861328,144.33999633789062,142.27999877929688,142.6999969482422,65874500
5807,2023-02-01,143.407470703125,145.42999267578125,146.61000061035156,141.32000732421875,143.97000122070312,77663600
5808,2023-02-02,148.72254943847656,150.82000732421875,151.17999267578125,148.1699981689453,148.89999389648438,118339000
5809,2023-02-03,152.3513641357422,154.5,157.3800048828125,147.8300018310547,148.02999877929688,154357300
5810,2023-02-06,149.61988830566406,151.72999572753906,153.10000610351562,150.77999877929688,152.57000732421875,69858300
5811,2023-02-07,152.499267578125,154.64999389648438,155.22999572753906,150.63999938964844,150.63999938964844,83322600
5812,2023-02-08,149.8072509765625,151.9199981689453,154.5800018310547,151.1699981689453,153.8800048828125,64120100
5813,2023-02-09,148.7718505859375,150.8699951171875,154.3300018310547,150.4199981689453,153.77999877929688,56007100
5814,2023-02-10,149.13723754882812,151.00999450683594,151.33999633789062,149.22000122070312,149.4600067138672,57450700
5815,2023-02-13,151.94204711914062,153.85000610351562,154.25999450683594,150.9199981689453,150.9499969482422,62199000
5816,2023-02-14,151.3000946044922,153.1999969482422,153.77000427246094,150.86000061035156,152.1199951171875,61707600
5817,2023-02-15,153.4036865234375,155.3300018310547,155.5,152.8800048828125,153.11000061035156,65573800
5818,2023-02-16,151.8037872314453,153.7100067138672,156.3300018310547,153.35000610351562,153.50999450683594,68167900
5819,2023-02-17,150.65817260742188,152.5500030517578,153.0,150.85000610351562,152.35000610351562,59144100
5820,2023-02-21,146.6386260986328,148.47999572753906,151.3000030517578,148.41000366210938,150.1999969482422,58867200
5821,2023-02-22,147.0633087158203,148.91000366210938,149.9499969482422,147.16000366210938,148.8699951171875,51011300
5822,2023-02-23,147.54722595214844,149.39999389648438,150.33999633789062,147.24000549316406,150.08999633789062,48394200
5823,2023-02-24,144.89059448242188,146.7100067138672,147.19000244140625,145.72000122070312,147.11000061035156,55469600
5824,2023-02-27,146.08558654785156,147.9199981689453,149.1699981689453,147.4499969482422,147.7100067138672,44998500
5825,2023-02-28,145.5819091796875,147.41000366210938,149.0800018310547,146.8300018310547,147.0500030517578,50547000
5826,2023-03-01,143.5079345703125,145.30999755859375,147.22999572753906,145.00999450683594,146.8300018310547,55479000
5827,2023-03-02,144.10052490234375,145.91000366210938,146.7100067138672,143.89999389648438,144.3800048828125,52238100
5828,2023-03-03,149.15699768066406,151.02999877929688,151.11000061035156,147.3300018310547,148.0399932861328,70732300
5829,2023-03-06,151.92227172851562,153.8300018310547,156.3000030517578,153.4600067138672,153.7899932861328,87558000
5830,2023-03-07,149.71995544433594,151.60000610351562,154.02999877929688,151.1300048828125,153.6999969482422,56182000
5831,2023-03-08,150.97421264648438,152.8699951171875,153.47000122070312,151.8300018310547,152.80999755859375,47204800
5832,2023-03-09,148.72244262695312,150.58999633789062,154.5399932861328,150.22999572753906,153.55999755859375,53833600
5833,2023-03-10,146.65838623046875,148.5,150.94000244140625,147.61000061035156,150.2100067138672,68572400
5834,2023-03-13,148.6039581298828,150.47000122070312,153.13999938964844,147.6999969482422,147.80999755859375,84457100
5835,2023-03-14,150.69766235351562,152.58999633789062,153.39999389648438,150.10000610351562,151.27999877929688,73695900
5836,2023-03-15,151.0927276611328,152.99000549316406,153.25,149.9199981689453,151.19000244140625,77167900
5837,2023-03-16,153.917236328125,155.85000610351562,156.4600067138672,151.63999938964844,152.16000366210938,76161100
5838,2023-03-17,153.07778930664062,155.0,156.74000549316406,154.27999877929688,156.0800018310547,98944600
5839,2023-03-20,155.447998046875,157.39999389648438,157.82000732421875,154.14999389648438,155.07000732421875,73641400
5840,2023-03-21,157.3046875,159.27999877929688,159.39999389648438,156.5399932861328,157.32000732421875,73938300
5841,2023-03-22,155.87269592285156,157.8300018310547,162.13999938964844,157.80999755859375,159.3000030517578,75701800
5842,2023-03-23,156.9590301513672,158.92999267578125,161.5500030517578,157.67999267578125,158.8300018310547,67622100
5843,2023-03-24,158.26266479492188,160.25,160.33999633789062,157.85000610351562,158.86000061035156,59196500
5844,2023-03-27,156.31710815429688,158.27999877929688,160.77000427246094,157.8699951171875,159.94000244140625,52390300
5845,2023-03-28,155.6949005126953,157.64999389648438,158.49000549316406,155.97999572753906,157.97000122070312,45992200
5846,2023-03-29,158.7762451171875,160.77000427246094,161.0500030517578,159.35000610351562,159.3699951171875,51305700
5847,2023-03-30,160.34649658203125,162.36000061035156,162.47000122070312,161.27000427246094,161.52999877929688,49501700
5848,2023-03-31,162.85501098632812,164.89999389648438,165.0,161.91000366210938,162.44000244140625,68749800
5849,2023-04-03,164.10923767089844,166.1699981689453,166.2899932861328,164.22000122070312,164.27000427246094,56976200
5850,2023-04-04,163.57595825195312,165.6300048828125,166.83999633789062,165.11000061035156,166.60000610351562,46278300
5851,2023-04-05,161.72914123535156,163.75999450683594,165.0500030517578,161.8000030517578,164.74000549316406,51511700
5852,2023-04-06,162.61798095703125,164.66000366210938,164.9600067138672,162.0,162.42999267578125,45390100
5853,2023-04-10,160.0205841064453,162.02999877929688,162.02999877929688,160.0800018310547,161.4199981689453,47716900
5854,2023-04-11,158.8058624267578,160.8000030517578,162.36000061035156,160.50999450683594,162.35000610351562,47644200
5855,2023-04-12,158.11453247070312,160.10000610351562,162.05999755859375,159.77999877929688,161.22000122070312,50133100
5856,2023-04-13,163.50680541992188,165.55999755859375,165.8000030517578,161.4199981689453,161.6300048828125,68445600
5857,2023-04-14,163.16114807128906,165.2100067138672,166.32000732421875,163.82000732421875,164.58999633789062,49386500
5858,2023-04-17,163.18092346191406,165.22999572753906,165.38999938964844,164.02999877929688,165.08999633789062,41516200
5859,2023-04-18,164.405517578125,166.47000122070312,167.41000366210938,165.64999389648438,166.10000610351562,49923000
5860,2023-04-19,165.5511474609375,167.6300048828125,168.16000366210938,165.5399932861328,165.8000030517578,47720200
5861,2023-04-20,164.58328247070312,166.64999389648438,167.8699951171875,165.55999755859375,166.08999633789062,52456400
5862,2023-04-21,162.9735107421875,165.02000427246094,166.4499969482422,164.49000549316406,165.0500030517578,58337300
5863,2023-04-24,163.27967834472656,165.3300018310547,165.60000610351562,163.88999938964844,165.0,41949600
5864,2023-04-25,161.739013671875,163.77000427246094,166.30999755859375,163.72999572753906,165.19000244140625,48714100
5865,2023-04-26,161.72914123535156,163.75999450683594,165.27999877929688,162.8000030517578,163.05999755859375,45498800
5866,2023-04-27,166.32150268554688,168.41000366210938,168.55999755859375,165.19000244140625,165.19000244140625,64902300
5867,2023-04-28,167.57571411132812,169.67999267578125,169.85000610351562,167.8800048828125,168.49000549316406,55275900
5868,2023-05-01,167.48683166503906,169.58999633789062,170.4499969482422,168.63999938964844,169.27999877929688,52472900
5869,2023-05-02,166.4498291015625,168.5399932861328,170.35000610351562,167.5399932861328,170.08999633789062,48425700
5870,2023-05-03,165.37335205078125,167.4499969482422,170.9199981689453,167.16000366210938,169.5,65136000
5871,2023-05-04,163.7339630126953,165.7899932861328,167.0399932861328,164.30999755859375,164.88999938964844,81235400
5872,2023-05-05,171.41749572753906,173.57000732421875,174.3000030517578,170.75999450683594,170.97999572753906,113453200
5873,2023-05-08,171.3483428955078,173.5,173.85000610351562,172.11000061035156,172.47999572753906,55962800
5874,2023-05-09,169.6398468017578,171.77000427246094,173.5399932861328,171.60000610351562,173.0500030517578,45326900
5875,2023-05-10,171.40762329101562,173.55999755859375,174.02999877929688,171.89999389648438,173.02000427246094,53724500
5876,2023-05-11,171.59524536132812,173.75,174.58999633789062,172.1699981689453,173.85000610351562,49514700
5877,2023-05-12,170.66561889648438,172.57000732421875,174.05999755859375,171.0,173.6199951171875,45533100
5878,2023-05-15,170.17112731933594,172.07000732421875,173.2100067138672,171.47000122070312,173.16000366210938,37266700
5879,2023-05-16,170.17112731933594,172.07000732421875,173.13999938964844,171.8000030517578,171.99000549316406,42110300
5880,2023-05-17,170.78428649902344,172.69000244140625,172.92999267578125,170.4199981689453,171.7100067138672,57951600
5881,2023-05-18,173.11825561523438,175.0500030517578,175.24000549316406,172.5800018310547,173.0,65496700
5882,2023-05-19,173.22702026367188,175.16000366210938,176.38999938964844,174.94000244140625,176.38999938964844,55809500
5883,2023-05-22,172.27764892578125,174.1999969482422,174.7100067138672,173.4499969482422,173.97999572753906,43570900
5884,2023-05-23,169.66676330566406,171.55999755859375,173.3800048828125,171.27999877929688,173.1300048828125,50747300
5885,2023-05-24,169.94366455078125,171.83999633789062,172.4199981689453,170.52000427246094,171.08999633789062,45143500
5886,2023-05-25,171.08099365234375,172.99000549316406,173.89999389648438,171.69000244140625,172.41000366210938,56058300
5887,2023-05-26,173.4940643310547,175.42999267578125,175.77000427246094,173.11000061035156,173.32000732421875,54835000
5888,2023-05-30,175.34344482421875,177.3000030517578,178.99000549316406,176.57000732421875,176.9600067138672,55964400
5889,2023-05-31,175.29397583007812,177.25,179.35000610351562,176.75999450683594,177.3300018310547,99625300
5890,2023-06-01,178.1026153564453,180.08999633789062,180.1199951171875,176.92999267578125,177.6999969482422,68901800
5891,2023-06-02,178.95314025878906,180.9499969482422,181.77999877929688,179.25999450683594,181.02999877929688,61996900
5892,2023-06-05,177.59823608398438,179.5800018310547,184.9499969482422,178.0399932861328,182.6300048828125,121946500
5893,2023-06-06,177.2323455810547,179.2100067138672,180.1199951171875,177.42999267578125,179.97000122070312,64848400
5894,2023-06-07,175.85768127441406,177.82000732421875,181.2100067138672,177.32000732421875,178.44000244140625,61944600
5895,2023-06-08,178.5773468017578,180.57000732421875,180.83999633789062,177.4600067138672,177.89999389648438,50214900
5896,2023-06-09,178.9630584716797,180.9600067138672,182.22999572753906,180.6300048828125,181.5,48900000
5897,2023-06-12,181.76181030273438,183.7899932861328,183.88999938964844,180.97000122070312,181.27000427246094,54274900
5898,2023-06-13,181.28707885742188,183.30999755859375,184.14999389648438,182.44000244140625,182.8000030517578,54929100
5899,2023-06-14,181.9200439453125,183.9499969482422,184.38999938964844,182.02000427246094,183.3699951171875,57462900
5900,2023-06-15,183.957275390625,186.00999450683594,186.52000427246094,183.77999877929688,183.9600067138672,65433200
5901,2023-06-16,182.8793182373047,184.9199981689453,186.99000549316406,184.27000427246094,186.72999572753906,101256200
5902,2023-06-20,182.9683380126953,185.00999450683594,186.10000610351562,184.41000366210938,184.41000366210938,49799100
5903,2023-06-21,181.929931640625,183.9600067138672,185.41000366210938,182.58999633789062,184.89999389648438,49515700
5904,2023-06-22,184.9363555908203,187.0,187.0500030517578,183.6699981689453,183.74000549316406,51245300
5905,2023-06-23,184.61990356445312,186.67999267578125,187.55999755859375,185.00999450683594,185.5500030517578,53117000
5906,2023-06-26,183.2254638671875,185.27000427246094,188.0500030517578,185.22999572753906,186.8300018310547,48088700
5907,2023-06-27,185.98468017578125,188.05999755859375,188.38999938964844,185.6699981689453,185.88999938964844,50730800
5908,2023-06-28,187.16156005859375,189.25,189.89999389648438,187.60000610351562,187.92999267578125,51216800
5909,2023-06-29,187.49778747558594,189.58999633789062,190.07000732421875,188.94000244140625,189.0800018310547,46347300
5910,2023-06-30,191.8294677734375,193.97000122070312,194.47999572753906,191.25999450683594,191.6300048828125,85213200
5911,2023-07-03,190.33612060546875,192.4600067138672,193.8800048828125,191.75999450683594,193.77999877929688,31458200
5912,2023-07-05,189.2185821533203,191.3300018310547,192.97999572753906,190.6199951171875,191.57000732421875,46920300
5913,2023-07-06,189.6932830810547,191.80999755859375,192.02000427246094,189.1999969482422,189.83999633789062,45094300
5914,2023-07-07,188.57577514648438,190.67999267578125,192.6699981689453,190.24000549316406,191.41000366210938,46815000
5915,2023-07-10,186.52862548828125,188.61000061035156,189.99000549316406,187.0399932861328,189.25999450683594,59922200
5916,2023-07-11,186.00445556640625,188.0800018310547,189.3000030517578,186.60000610351562,189.16000366210938,46638100
5917,2023-07-12,187.67579650878906,189.77000427246094,191.6999969482422,188.47000122070312,189.67999267578125,60750200
5918,2023-07-13,188.43731689453125,190.5399932861328,191.19000244140625,189.77999877929688,190.5,41342300
5919,2023-07-14,188.58567810058594,190.69000244140625,191.17999267578125,189.6300048828125,190.22999572753906,41616200
5920,2023-07-17,191.84925842285156,193.99000549316406,194.32000732421875,191.80999755859375,191.89999389648438,50520200
5921,2023-07-18,191.5921173095703,193.72999572753906,194.3300018310547,192.4199981689453,193.35000610351562,48288200
5922,2023-07-19,192.94700622558594,195.10000610351562,198.22999572753906,192.64999389648438,193.10000610351562,80507300
5923,2023-07-20,190.99874877929688,193.1300048828125,196.47000122070312,192.5,195.08999633789062,59581200
5924,2023-07-21,189.82186889648438,191.94000244140625,194.97000122070312,191.22999572753906,194.10000610351562,71951700
5925,2023-07-24,190.62290954589844,192.75,194.91000366210938,192.25,193.41000366210938,45377800
5926,2023-07-25,191.4833221435547,193.6199951171875,194.44000244140625,192.9199981689453,193.3300018310547,37283200
5927,2023-07-26,192.3535919189453,194.5,195.63999938964844,193.32000732421875,193.6699981689453,47471900
5928,2023-07-27,191.08775329589844,193.22000122070312,197.1999969482422,192.5500030517578,196.02000427246094,47460200
5929,2023-07-28,193.66896057128906,195.8300018310547,196.6300048828125,194.13999938964844,194.6699981689453,48291400
5930,2023-07-31,194.28208923339844,196.4499969482422,196.49000549316406,195.25999450683594,196.05999755859375,38824100
5931,2023-08-01,193.45135498046875,195.61000061035156,196.72999572753906,195.27999877929688,196.24000549316406,35175100
5932,2023-08-02,190.45480346679688,192.5800018310547,195.17999267578125,191.85000610351562,195.0399932861328,50389300
5933,2023-08-03,189.06036376953125,191.1699981689453,192.3699951171875,190.69000244140625,191.57000732421875,61235200
5934,2023-08-04,179.98167419433594,181.99000549316406,187.3800048828125,181.9199981689453,185.52000427246094,115956800
5935,2023-08-07,176.8763427734375,178.85000610351562,183.1300048828125,177.35000610351562,182.1300048828125,97576100
5936,2023-08-08,177.81585693359375,179.8000030517578,180.27000427246094,177.5800018310547,179.69000244140625,67823000
5937,2023-08-09,176.2235870361328,178.19000244140625,180.92999267578125,177.00999450683594,180.8699951171875,60378500
5938,2023-08-10,176.00601196289062,177.97000122070312,180.75,177.60000610351562,179.47999572753906,54686900
5939,2023-08-11,176.0654296875,177.7899932861328,178.6199951171875,176.5500030517578,177.32000732421875,52036700
5940,2023-08-14,177.71926879882812,179.4600067138672,179.69000244140625,177.30999755859375,177.97000122070312,43675600
5941,2023-08-15,175.7287139892578,177.4499969482422,179.47999572753906,177.0500030517578,178.8800048828125,43622600
5942,2023-08-16,174.85728454589844,176.57000732421875,178.5399932861328,176.5,177.1300048828125,46964900
5943,2023-08-17,172.31222534179688,174.0,177.50999450683594,173.47999572753906,177.13999938964844,66062900
5944,2023-08-18,172.7974853515625,174.49000549316406,175.10000610351562,171.9600067138672,172.3000030517578,61172200
5945,2023-08-21,174.13438415527344,175.83999633789062,176.1300048828125,173.74000549316406,175.07000732421875,46311900
5946,2023-08-22,175.51087951660156,177.22999572753906,177.67999267578125,176.25,177.05999755859375,42038900
5947,2023-08-23,179.36314392089844,181.1199951171875,181.5500030517578,178.3300018310547,178.52000427246094,52722800
5948,2023-08-24,174.6691436767578,176.3800048828125,181.10000610351562,176.00999450683594,180.6699981689453,54945800
5949,2023-08-25,176.8774871826172,178.61000061035156,179.14999389648438,175.82000732421875,177.3800048828125,51449600
5950,2023-08-28,178.4421844482422,180.19000244140625,180.58999633789062,178.5500030517578,180.08999633789062,43820700
5951,2023-08-29,182.3340301513672,184.1199951171875,184.89999389648438,179.5,179.6999969482422,53003900
5952,2023-08-30,185.82980346679688,187.64999389648438,187.85000610351562,184.74000549316406,184.94000244140625,60813900
5953,2023-08-31,186.0476837158203,187.8699951171875,189.1199951171875,187.47999572753906,187.83999633789062,60794500
5954,2023-09-01,187.6222381591797,189.4600067138672,189.9199981689453,188.27999877929688,189.49000549316406,45766500
5955,2023-09-05,187.85992431640625,189.6999969482422,189.97999572753906,187.61000061035156,188.27999877929688,45280000
5956,2023-09-06,181.1357879638672,182.91000366210938,188.85000610351562,181.47000122070312,188.39999389648438,81755800
5957,2023-09-07,175.83767700195312,177.55999755859375,178.2100067138672,173.5399932861328,175.17999267578125,112488800
5958,2023-09-08,176.45166015625,178.17999267578125,180.24000549316406,177.7899932861328,178.35000610351562,65551300
5959,2023-09-11,177.62020874023438,179.36000061035156,180.3000030517578,177.33999633789062,180.07000732421875,58953100
5960,2023-09-12,174.58990478515625,176.3000030517578,180.1300048828125,174.82000732421875,179.49000549316406,90370200
5961,2023-09-13,172.52020263671875,174.2100067138672,177.3000030517578,173.97999572753906,176.50999450683594,84267900
5962,2023-09-14,174.0353240966797,175.74000549316406,176.10000610351562,173.5800018310547,174.0,60895800
5963,2023-09-15,173.31240844726562,175.00999450683594,176.5,173.82000732421875,176.47999572753906,109259500
5964,2023-09-18,176.2436981201172,177.97000122070312,179.3800048828125,176.1699981689453,176.47999572753906,67257600
5965,2023-09-19,177.33303833007812,179.07000732421875,179.6300048828125,177.1300048828125,177.52000427246094,51826900
5966,2023-09-20,173.78778076171875,175.49000549316406,179.6999969482422,175.39999389648438,179.25999450683594,58436200
5967,2023-09-21,172.24288940429688,173.92999267578125,176.3000030517578,173.86000061035156,174.5500030517578,63149100
5968,2023-09-22,173.0945281982422,174.7899932861328,177.0800018310547,174.0500030517578,174.6699981689453,56725400
5969,2023-09-25,174.37203979492188,176.0800018310547,176.97000122070312,174.14999389648438,174.1999969482422,46172700
5970,2023-09-26,170.29200744628906,171.9600067138672,175.1999969482422,171.66000366210938,174.82000732421875,64588900
5971,2023-09-27,168.77685546875,170.42999267578125,173.0399932861328,169.0500030517578,172.6199951171875,66921800
5972,2023-09-28,169.03431701660156,170.69000244140625,172.02999877929688,167.6199951171875,169.33999633789062,56294400
5973,2023-09-29,169.54928588867188,171.2100067138672,173.07000732421875,170.33999633789062,172.02000427246094,51861100
5974,2023-10-02,172.0646514892578,173.75,174.3000030517578,170.92999267578125,171.22000122070312,52164500
5975,2023-10-03,170.72772216796875,172.39999389648438,173.6300048828125,170.82000732421875,172.25999450683594,49594600
5976,2023-10-04,171.9755096435547,173.66000366210938,174.2100067138672,170.97000122070312,171.08999633789062,53020300
5977,2023-10-05,173.21337890625,174.91000366210938,175.4499969482422,172.67999267578125,173.7899932861328,48527900
5978,2023-10-06,175.7683563232422,177.49000549316406,177.99000549316406,173.17999267578125,173.8000030517578,57266700
5979,2023-10-09,177.2538299560547,178.99000549316406,179.0500030517578,175.8000030517578,176.80999755859375,42390800
5980,2023-10-10,176.65963745117188,178.38999938964844,179.72000122070312,177.9499969482422,178.10000610351562,43698000
5981,2023-10-11,178.0559844970703,179.8000030517578,179.85000610351562,177.60000610351562,178.1999969482422,47551100
5982,2023-10-12,178.9571533203125,180.7100067138672,182.33999633789062,179.0399932861328,180.07000732421875,56743100
5983,2023-10-13,177.1151885986328,178.85000610351562,181.92999267578125,178.13999938964844,181.4199981689453,51427100
5984,2023-10-16,176.98641967773438,178.72000122070312,179.0800018310547,176.50999450683594,176.75,52517000
5985,2023-10-17,175.43165588378906,177.14999389648438,178.4199981689453,174.8000030517578,176.64999389648438,57549400
5986,2023-10-18,174.13438415527344,175.83999633789062,177.5800018310547,175.11000061035156,175.5800018310547,54764400
5987,2023-10-19,173.758056640625,175.4600067138672,177.83999633789062,175.19000244140625,176.0399932861328,59302900
5988,2023-10-20,171.20309448242188,172.8800048828125,175.4199981689453,172.63999938964844,175.30999755859375,64244000
5989,2023-10-23,171.3218994140625,173.0,174.00999450683594,169.92999267578125,170.91000366210938,55980100
5990,2023-10-24,171.7576446533203,173.44000244140625,173.6699981689453,171.4499969482422,173.0500030517578,43816600
5991,2023-10-25,169.44033813476562,171.10000610351562,173.05999755859375,170.64999389648438,171.8800048828125,57157000
5992,2023-10-26,165.2711639404297,166.88999938964844,171.3800048828125,165.6699981689453,170.3699951171875,70625300
5993,2023-10-27,166.58828735351562,168.22000122070312,168.9600067138672,166.8300018310547,166.91000366210938,58499100
5994,2023-10-30,168.63818359375,170.2899932861328,171.1699981689453,168.8699951171875,169.02000427246094,51131000
5995,2023-10-31,169.11354064941406,170.77000427246094,170.89999389648438,167.89999389648438,169.35000610351562,44846000
5996,2023-11-01,172.2825164794922,173.97000122070312,174.22999572753906,170.1199951171875,171.0,56934900
5997,2023-11-02,175.8476104736328,177.57000732421875,177.77999877929688,175.4600067138672,175.52000427246094,77334800
5998,2023-11-03,174.9365234375,176.64999389648438,176.82000732421875,173.35000610351562,174.24000549316406,79829200
5999,2023-11-06,177.49148559570312,179.22999572753906,179.42999267578125,176.2100067138672,176.3800048828125,63841300
6000,2023-11-07,180.056396484375,181.82000732421875,182.44000244140625,178.97000122070312,179.17999267578125,70530000
6001,2023-11-08,181.11598205566406,182.88999938964844,183.4499969482422,181.58999633789062,182.35000610351562,49340300
6002,2023-11-09,180.64064025878906,182.41000366210938,184.1199951171875,181.80999755859375,182.9600067138672,53763500
6003,2023-11-10,184.8351287841797,186.39999389648438,186.57000732421875,183.52999877929688,183.97000122070312,66133400
6004,2023-11-13,183.24856567382812,184.8000030517578,186.02999877929688,184.2100067138672,185.82000732421875,43627500
6005,2023-11-14,185.86639404296875,187.44000244140625,188.11000061035156,186.3000030517578,187.6999969482422,60108400
6006,2023-11-15,186.43157958984375,188.00999450683594,189.5,187.77999877929688,187.85000610351562,53790500
6007,2023-11-16,188.11732482910156,189.7100067138672,190.9600067138672,188.64999389648438,189.57000732421875,54412900
6008,2023-11-17,188.09751892089844,189.69000244140625,190.3800048828125,188.57000732421875,190.25,50922700
6009,2023-11-20,189.84271240234375,191.4499969482422,191.91000366210938,189.8800048828125,189.88999938964844,46505100
6010,2023-11-21,189.03952026367188,190.63999938964844,191.52000427246094,189.74000549316406,191.41000366210938,38134500
6011,2023-11-22,189.70387268066406,191.30999755859375,192.92999267578125,190.8300018310547,191.49000549316406,39617700
6012,2023-11-24,188.37515258789062,189.97000122070312,190.89999389648438,189.25,190.8699951171875,24048300
6013,2023-11-27,188.19667053222656,189.7899932861328,190.6699981689453,188.89999389648438,189.9199981689453,40552600
6014,2023-11-28,188.80154418945312,190.39999389648438,191.0800018310547,189.39999389648438,189.77999877929688,38415400
6015,2023-11-29,187.7801971435547,189.3699951171875,192.08999633789062,188.97000122070312,190.89999389648438,43014200
6016,2023-11-30,188.35533142089844,189.9499969482422,190.32000732421875,188.19000244140625,189.83999633789062,48794400
6017,2023-12-01,189.63450622558594,191.24000549316406,191.55999755859375,189.22999572753906,190.3300018310547,45704800
6018,2023-12-04,187.83969116210938,189.42999267578125,190.0500030517578,187.4499969482422,189.97999572753906,43389500
6019,2023-12-05,191.79620361328125,193.4199981689453,194.39999389648438,190.17999267578125,190.2100067138672,66628400
6020,2023-12-06,190.70542907714844,192.32000732421875,194.75999450683594,192.11000061035156,194.4499969482422,41089700
6021,2023-12-07,192.63906860351562,194.27000427246094,195.0,193.58999633789062,193.6300048828125,47477700
6022,2023-12-08,194.06695556640625,195.7100067138672,195.99000549316406,193.6699981689453,194.1999969482422,53406400
6023,2023-12-11,191.55821228027344,193.17999267578125,193.49000549316406,191.4199981689453,193.11000061035156,60943700
6024,2023-12-12,193.0753631591797,194.7100067138672,194.72000122070312,191.72000122070312,193.0800018310547,52696900
6025,2023-12-13,196.29806518554688,197.9600067138672,198.0,194.85000610351562,195.08999633789062,70404200
6026,2023-12-14,196.44680786132812,198.11000061035156,199.6199951171875,196.16000366210938,198.02000427246094,66831600
6027,2023-12-15,195.911376953125,197.57000732421875,198.39999389648438,197.0,197.52999877929688,128538400
6028,2023-12-18,194.2454376220703,195.88999938964844,196.6300048828125,194.38999938964844,196.08999633789062,55751900
6029,2023-12-19,195.28663635253906,196.94000244140625,196.9499969482422,195.88999938964844,196.16000366210938,40714100
6030,2023-12-20,193.19435119628906,194.8300018310547,197.67999267578125,194.8300018310547,196.89999389648438,52242800
6031,2023-12-21,193.0455780029297,194.67999267578125,197.0800018310547,193.5,196.10000610351562,46482500
6032,2023-12-22,191.9746856689453,193.60000610351562,195.41000366210938,192.97000122070312,195.17999267578125,37149600
6033,2023-12-26,191.42930603027344,193.0500030517578,193.88999938964844,192.8300018310547,193.61000061035156,28919300
6034,2023-12-27,191.5284423828125,193.14999389648438,193.5,191.08999633789062,192.49000549316406,48087700
6035,2023-12-28,191.95486450195312,193.5800018310547,194.66000366210938,193.1699981689453,194.13999938964844,34049900
6036,2023-12-29,190.9136505126953,192.52999877929688,194.39999389648438,191.72999572753906,193.89999389648438,42672100
6037,2024-01-02,184.08151245117188,185.63999938964844,188.44000244140625,183.88999938964844,187.14999389648438,82488700
6038,2024-01-03,182.7031707763672,184.25,185.8800048828125,183.42999267578125,184.22000122070312,58414500
6039,2024-01-04,180.38279724121094,181.91000366210938,183.08999633789062,180.8800048828125,182.14999389648438,71983600
6040,2024-01-05,179.65895080566406,181.17999267578125,182.75999450683594,180.1699981689453,181.99000549316406,62379700
6041,2024-01-08,184.00218200683594,185.55999755859375,185.60000610351562,181.5,182.08999633789062,59144500
6042,2024-01-09,183.58567810058594,185.13999938964844,185.14999389648438,182.72999572753906,183.9199981689453,42841800
6043,2024-01-10,184.6268768310547,186.19000244140625,186.39999389648438,183.9199981689453,184.35000610351562,46792900
6044,2024-01-11,184.0319061279297,185.58999633789062,187.0500030517578,183.6199951171875,186.5399932861328,49128400
6045,2024-01-12,184.359130859375,185.9199981689453,186.74000549316406,185.19000244140625,186.05999755859375,40477800
6046,2024-01-16,182.08837890625,183.6300048828125,184.25999450683594,180.92999267578125,182.16000366210938,65603000
6047,2024-01-17,181.1463623046875,182.67999267578125,182.92999267578125,180.3000030517578,181.27000427246094,47317400
6048,2024-01-18,187.04638671875,188.6300048828125,189.13999938964844,185.8300018310547,186.08999633789062,78005800
6049,2024-01-19,189.95179748535156,191.55999755859375,191.9499969482422,188.82000732421875,189.3300018310547,68903000
6050,2024-01-22,192.26223754882812,193.88999938964844,195.3300018310547,192.25999450683594,192.3000030517578,60133900
6051,2024-01-23,193.54141235351562,195.17999267578125,195.75,193.8300018310547,195.02000427246094,42355600
6052,2024-01-24,192.8671112060547,194.5,196.3800048828125,194.33999633789062,195.4199981689453,53631300
6053,2024-01-25,192.53988647460938,194.1699981689453,196.27000427246094,193.11000061035156,195.22000122070312,54822100
6054,2024-01-26,190.8045654296875,192.4199981689453,194.75999450683594,191.94000244140625,194.27000427246094,44594000
6055,2024-01-29,190.12037658691406,191.72999572753906,192.1999969482422,189.5800018310547,192.00999450683594,47145600
6056,2024-01-30,186.46136474609375,188.0399932861328,191.8000030517578,187.47000122070312,190.94000244140625,55859400
6057,2024-01-31,182.85191345214844,184.39999389648438,187.10000610351562,184.35000610351562,187.0399932861328,55467800
6058,2024-02-01,185.29127502441406,186.86000061035156,186.9499969482422,183.82000732421875,183.99000549316406,64885400
6059,2024-02-02,184.2897491455078,185.85000610351562,187.3300018310547,179.25,179.86000061035156,102551700
6060,2024-02-05,186.1043701171875,187.67999267578125,189.25,185.83999633789062,188.14999389648438,69668800
6061,2024-02-06,187.71078491210938,189.3000030517578,189.30999755859375,186.77000427246094,186.86000061035156,43490800
6062,2024-02-07,187.81985473632812,189.41000366210938,191.0500030517578,188.61000061035156,190.63999938964844,53439000
6063,2024-02-08,186.73902893066406,188.32000732421875,189.5399932861328,187.35000610351562,189.38999938964844,40962000
6064,2024-02-09,187.50352478027344,188.85000610351562,189.99000549316406,188.0,188.64999389648438,45155200
6065,2024-02-12,185.8156280517578,187.14999389648438,188.6699981689453,186.7899932861328,188.4199981689453,41781900
6066,2024-02-13,183.7206573486328,185.0399932861328,186.2100067138672,183.50999450683594,185.77000427246094,56529500
6067,2024-02-14,182.83700561523438,184.14999389648438,185.52999877929688,182.44000244140625,185.32000732421875,54630500
6068,2024-02-15,182.54908752441406,183.86000061035156,184.49000549316406,181.35000610351562,183.5500030517578,65434500
6069,2024-02-16,181.01014709472656,182.30999755859375,184.85000610351562,181.6699981689453,183.4199981689453,49752500
6070,2024-02-20,180.2654571533203,181.55999755859375,182.42999267578125,180.0,181.7899932861328,53665600
6071,2024-02-21,181.02008056640625,182.32000732421875,182.88999938964844,180.66000366210938,181.94000244140625,41371400
6072,2024-02-22,183.05545043945312,184.3699951171875,184.9600067138672,182.4600067138672,183.47999572753906,52292200
6073,2024-02-23,181.2186279296875,182.52000427246094,185.0399932861328,182.22999572753906,185.00999450683594,45119700
6074,2024-02-26,179.8683319091797,181.16000366210938,182.75999450683594,180.64999389648438,182.24000549316406,40867400
6075,2024-02-27,181.32785034179688,182.6300048828125,183.9199981689453,179.55999755859375,181.10000610351562,54318900
6076,2024-02-28,180.12648010253906,181.4199981689453,183.1199951171875,180.1300048828125,182.50999450683594,48953900
6077,2024-02-29,179.46127319335938,180.75,182.57000732421875,179.52999877929688,181.27000427246094,136682600
6078,2024-03-01,178.37904357910156,179.66000366210938,180.52999877929688,177.3800048828125,179.5500030517578,73563100
6079,2024-03-04,173.85154724121094,175.10000610351562,176.89999389648438,173.7899932861328,176.14999389648438,81510100
6080,2024-03-05,168.90704345703125,170.1199951171875,172.0399932861328,169.6199951171875,170.75999450683594,95132400
6081,2024-03-06,167.9141845703125,169.1199951171875,171.24000549316406,168.67999267578125,171.05999755859375,68587700
6082,2024-03-07,167.79502868652344,169.0,170.72999572753906,168.49000549316406,169.14999389648438,71765100
6083,2024-03-08,169.51268005371094,170.72999572753906,173.6999969482422,168.94000244140625,169.0,76267000
6084,2024-03-11,171.51829528808594,172.75,174.3800048828125,172.0500030517578,172.94000244140625,60139500
6085,2024-03-12,171.994873046875,173.22999572753906,174.02999877929688,171.00999450683594,173.14999389648438,59825400
6086,2024-03-13,169.9098663330078,171.1300048828125,173.19000244140625,170.75999450683594,172.77000427246094,52488700
6087,2024-03-14,171.76651000976562,173.0,174.30999755859375,172.0500030517578,172.91000366210938,72913500
6088,2024-03-15,171.38922119140625,172.6199951171875,172.6199951171875,170.2899932861328,171.1699981689453,121752700
6089,2024-03-18,172.48138427734375,173.72000122070312,177.7100067138672,173.52000427246094,175.57000732421875,75604200
6090,2024-03-19,174.82455444335938,176.0800018310547,176.61000061035156,173.02999877929688,174.33999633789062,55215200
6091,2024-03-20,177.39610290527344,178.6699981689453,178.6699981689453,175.08999633789062,175.72000122070312,53423100
6092,2024-03-21,170.1481475830078,171.3699951171875,177.49000549316406,170.83999633789062,177.0500030517578,106181300
6093,2024-03-22,171.05166625976562,172.27999877929688,173.0500030517578,170.05999755859375,171.75999450683594,71160100
6094,2024-03-25,169.63186645507812,170.85000610351562,171.94000244140625,169.4499969482422,170.57000732421875,54288300
6095,2024-03-26,168.49996948242188,169.7100067138672,171.4199981689453,169.5800018310547,170.0,57388400
6096,2024-03-27,172.07432556152344,173.30999755859375,173.60000610351562,170.11000061035156,170.41000366210938,60273300
6097,2024-03-28,170.25733947753906,171.47999572753906,172.22999572753906,170.50999450683594,171.75,65672700
6098,2024-04-01,168.81768798828125,170.02999877929688,171.25,169.47999572753906,171.19000244140625,46240500
6099,2024-04-02,167.6361846923828,168.83999633789062,169.33999633789062,168.22999572753906,169.0800018310547,49329500
6100,2024-04-03,168.44041442871094,169.64999389648438,170.67999267578125,168.5800018310547,168.7899932861328,47691700
6101,2024-04-04,167.6163330078125,168.82000732421875,171.9199981689453,168.82000732421875,170.2899932861328,53704400
6102,2024-04-05,168.37091064453125,169.5800018310547,170.38999938964844,168.9499969482422,169.58999633789062,42104800
6103,2024-04-08,167.24896240234375,168.4499969482422,169.1999969482422,168.24000549316406,169.02999877929688,37425500
6104,2024-04-09,168.4602508544922,169.6699981689453,170.0800018310547,168.35000610351562,168.6999969482422,42373800
6105,2024-04-10,166.58372497558594,167.77999877929688,169.08999633789062,167.11000061035156,168.8000030517578,49709300
6106,2024-04-11,173.79197692871094,175.0399932861328,175.4600067138672,168.16000366210938,168.33999633789062,91070300
6107,2024-04-12,175.29119873046875,176.5500030517578,178.36000061035156,174.2100067138672,174.25999450683594,101670900
6108,2024-04-15,171.45872497558594,172.69000244140625,176.6300048828125,172.5,175.36000061035156,73531800
6109,2024-04-16,168.17234802246094,169.3800048828125,173.75999450683594,168.27000427246094,171.75,73711200
6110,2024-04-17,166.80218505859375,168.0,170.64999389648438,168.0,169.61000061035156,50901200
6111,2024-04-18,165.84901428222656,167.0399932861328,168.63999938964844,166.5500030517578,168.02999877929688,43122900
6112,2024-04-19,163.8235626220703,165.0,166.39999389648438,164.0800018310547,166.2100067138672,68149400
6113,2024-04-22,164.65756225585938,165.83999633789062,167.25999450683594,164.77000427246094,165.52000427246094,48116400
6114,2024-04-23,165.7100067138672,166.89999389648438,167.0500030517578,164.9199981689453,165.35000610351562,49537800
6115,2024-04-24,167.81491088867188,169.02000427246094,169.3000030517578,166.2100067138672,166.5399932861328,48251800
6116,2024-04-25,168.67868041992188,169.88999938964844,170.61000061035156,168.14999389648438,169.52999877929688,50558300
6117,2024-04-26,168.09291076660156,169.3000030517578,171.33999633789062,169.17999267578125,169.8800048828125,44838400
6118,2024-04-29,172.26295471191406,173.5,176.02999877929688,173.10000610351562,173.3699951171875,68169400
6119,2024-04-30,169.11557006835938,170.3300018310547,174.99000549316406,170.0,173.3300018310547,65934800
6120,2024-05-01,168.09291076660156,169.3000030517578,172.7100067138672,169.11000061035156,169.5800018310547,50383100
6121,2024-05-02,171.7963104248047,173.02999877929688,173.4199981689453,170.88999938964844,172.50999450683594,94214900
6122,2024-05-03,182.07252502441406,183.3800048828125,187.0,182.66000366210938,186.64999389648438,163224100
6123,2024-05-06,180.4144287109375,181.7100067138672,184.1999969482422,180.4199981689453,182.35000610351562,78569700
6124,2024-05-07,181.09950256347656,182.39999389648438,184.89999389648438,181.32000732421875,183.4499969482422,77305800
6125,2024-05-08,181.43707275390625,182.74000549316406,183.07000732421875,181.4499969482422,182.85000610351562,45057100
6126,2024-05-09,183.25404357910156,184.57000732421875,184.66000366210938,182.11000061035156,182.55999755859375,48983000
6127,2024-05-10,181.9913787841797,183.0500030517578,185.08999633789062,182.1300048828125,184.89999389648438,50759500
6128,2024-05-13,185.20266723632812,186.27999877929688,187.10000610351562,184.6199951171875,185.44000244140625,72044800
6129,2024-05-14,186.34603881835938,187.42999267578125,188.3000030517578,186.2899932861328,187.50999450683594,52393600
6130,2024-05-15,188.622802734375,189.72000122070312,190.64999389648438,187.3699951171875,187.91000366210938,70400000
6131,2024-05-16,188.7421112060547,189.83999633789062,191.10000610351562,189.66000366210938,190.47000122070312,52845200
6132,2024-05-17,188.7719268798828,189.8699951171875,190.80999755859375,189.17999267578125,189.50999450683594,41282900
6133,2024-05-20,189.93516540527344,191.0399932861328,191.9199981689453,189.00999450683594,189.3300018310547,44361300
6134,2024-05-21,191.2375946044922,192.35000610351562,192.72999572753906,190.9199981689453,191.08999633789062,42309400
6135,2024-05-22,189.79595947265625,190.89999389648438,192.82000732421875,190.27000427246094,192.27000427246094,34648500
6136,2024-05-23,185.79922485351562,186.8800048828125,191.0,186.6300048828125,190.97999572753906,51005900
6137,2024-05-24,188.8813018798828,189.97999572753906,190.5800018310547,188.0399932861328,188.82000732421875,36327000
6138,2024-05-28,188.8912353515625,189.99000549316406,193.0,189.10000610351562,191.50999450683594,52280100
6139,2024-05-29,189.1894989013672,190.2899932861328,192.25,189.50999450683594,189.61000061035156,53068000
6140,2024-05-30,190.18373107910156,191.2899932861328,192.17999267578125,190.6300048828125,190.75999450683594,49889100
6141,2024-05-31,191.13816833496094,192.25,192.57000732421875,189.91000366210938,191.44000244140625,75158300
6142,2024-06-03,192.9078826904297,194.02999877929688,194.99000549316406,192.52000427246094,192.89999389648438,50080500
6143,2024-06-04,193.22601318359375,194.35000610351562,195.32000732421875,193.02999877929688,194.63999938964844,47471400
6144,2024-06-05,194.7372283935547,195.8699951171875,196.89999389648438,194.8699951171875,195.39999389648438,54156800
6145,2024-06-06,193.35528564453125,194.47999572753906,196.5,194.1699981689453,195.69000244140625,41181800
6146,2024-06-07,195.75132751464844,196.88999938964844,196.94000244140625,194.13999938964844,194.64999389648438,53103900
6147,2024-06-10,192.00311279296875,193.1199951171875,197.3000030517578,192.14999389648438,196.89999389648438,97010200
6148,2024-06-11,205.95199584960938,207.14999389648438,207.16000366210938,193.6300048828125,193.64999389648438,172373300
6149,2024-06-12,211.83778381347656,213.07000732421875,220.1999969482422,206.89999389648438,207.3699951171875,198134300
6150,2024-06-13,213.00100708007812,214.24000549316406,216.75,211.60000610351562,214.74000549316406,97862700
6151,2024-06-14,211.2611083984375,212.49000549316406,215.1699981689453,211.3000030517578,213.85000610351562,70122700
6152,2024-06-17,215.4169464111328,216.6699981689453,218.9499969482422,212.72000122070312,213.3699951171875,93728300
6153,2024-06-18,213.05068969726562,214.2899932861328,218.6300048828125,213.0,217.58999633789062,79943300
6154,2024-06-20,208.4673614501953,209.67999267578125,214.24000549316406,208.85000610351562,213.92999267578125,86172500
6155,2024-06-21,206.2900390625,207.49000549316406,211.88999938964844,207.11000061035156,210.38999938964844,241805100
6156,2024-06-24,206.93629455566406,208.13999938964844,212.6999969482422,206.58999633789062,207.72000122070312,80727000
6157,2024-06-25,207.86090087890625,209.07000732421875,211.3800048828125,208.61000061035156,209.14999389648438,55549700
6158,2024-06-26,212.0167236328125,213.25,214.86000061035156,210.63999938964844,211.5,66213200
6159,2024-06-27,212.86183166503906,214.10000610351562,215.74000549316406,212.35000610351562,214.69000244140625,49772700
6160,2024-06-28,209.4019012451172,210.6199951171875,216.07000732421875,210.3000030517578,215.77000427246094,82542700
6161,2024-07-01,215.49647521972656,216.75,217.50999450683594,211.9199981689453,212.08999633789062,60402900
6162,2024-07-02,218.99612426757812,220.27000427246094,220.3800048828125,215.10000610351562,216.14999389648438,58046200
6163,2024-07-03,220.2687225341797,221.5500030517578,221.5500030517578,219.02999877929688,220.0,37369800
6164,2024-07-05,225.03102111816406,226.33999633789062,226.4499969482422,221.64999389648438,221.64999389648438,60412400
6165,2024-07-08,226.50245666503906,227.82000732421875,227.85000610351562,223.25,227.08999633789062,59085900
6166,2024-07-09,227.35748291015625,228.67999267578125,229.39999389648438,226.3699951171875,227.92999267578125,48076100
6167,2024-07-10,231.63262939453125,232.97999572753906,233.0800018310547,229.25,229.3000030517578,62627700
6168,2024-07-11,226.25392150878906,227.57000732421875,232.38999938964844,225.77000427246094,231.38999938964844,64710600
6169,2024-07-12,229.2067108154297,230.5399932861328,232.63999938964844,228.67999267578125,228.9199981689453,53046500
6170,2024-07-15,233.04440307617188,234.39999389648438,237.22999572753906,233.08999633789062,236.47999572753906,62631300
6171,2024-07-16,233.46197509765625,234.82000732421875,236.27000427246094,232.3300018310547,235.0,43234300
6172,2024-07-17,227.5563201904297,228.8800048828125,231.4600067138672,226.63999938964844,229.4499969482422,57345900
6173,2024-07-18,222.88352966308594,224.17999267578125,230.44000244140625,222.27000427246094,230.27999877929688,66034600
6174,2024-07-19,223.0127410888672,224.30999755859375,226.8000030517578,223.27999877929688,224.82000732421875,49151500
6175,2024-07-22,222.66477966308594,223.9600067138672,227.77999877929688,223.08999633789062,227.00999450683594,48201800
6176,2024-07-23,223.70870971679688,225.00999450683594,226.94000244140625,222.67999267578125,224.3699951171875,39960300
6177,2024-07-24,217.27613830566406,218.5399932861328,224.8000030517578,217.1300048828125,224.0,61777600
6178,2024-07-25,216.23220825195312,217.49000549316406,220.85000610351562,214.6199951171875,218.92999267578125,51391200
6179,2024-07-26,216.69947814941406,217.9600067138672,219.49000549316406,216.00999450683594,218.6999969482422,41601300
6180,2024-07-29,216.97787475585938,218.24000549316406,219.3000030517578,215.75,216.9600067138672,36311800
6181,2024-07-30,217.5346221923828,218.8000030517578,220.3300018310547,216.1199951171875,219.19000244140625,41643800
6182,2024-07-31,220.795654296875,222.0800018310547,223.82000732421875,220.6300048828125,221.44000244140625,50036300
6183,2024-08-01,217.09716796875,218.36000061035156,224.47999572753906,217.02000427246094,224.3699951171875,62501000
6184,2024-08-02,218.5885009765625,219.86000061035156,225.60000610351562,217.7100067138672,219.14999389648438,105568600
6185,2024-08-05,208.0597381591797,209.27000427246094,213.5,196.0,199.08999633789062,119548600
6186,2024-08-06,206.0315399169922,207.22999572753906,209.99000549316406,201.07000732421875,205.3000030517578,69660500
6187,2024-08-07,208.6065673828125,209.82000732421875,213.63999938964844,206.38999938964844,206.89999389648438,63516400
6188,2024-08-08,212.07635498046875,213.30999755859375,214.1999969482422,208.8300018310547,213.11000061035156,47161100
6189,2024-08-09,214.9894561767578,216.24000549316406,216.77999877929688,211.97000122070312,212.10000610351562,42201600
6190,2024-08-12,216.52230834960938,217.52999877929688,219.50999450683594,215.60000610351562,216.07000732421875,38028100
6191,2024-08-13,220.24497985839844,221.27000427246094,221.88999938964844,219.00999450683594,219.00999450683594,44155300
6192,2024-08-14,220.69288635253906,221.72000122070312,223.02999877929688,219.6999969482422,220.57000732421875,41960600
6193,2024-08-15,223.67898559570312,224.72000122070312,225.35000610351562,222.75999450683594,224.60000610351562,46414000
6194,2024-08-16,225.00283813476562,226.0500030517578,226.8300018310547,223.64999389648438,223.9199981689453,44340200
6195,2024-08-19,224.8435821533203,225.88999938964844,225.99000549316406,223.0399932861328,225.72000122070312,40687800
6196,2024-08-20,225.46070861816406,226.50999450683594,227.1699981689453,225.4499969482422,225.77000427246094,30299000
6197,2024-08-21,225.3511962890625,226.39999389648438,227.97999572753906,225.0500030517578,226.52000427246094,34765500
6198,2024-08-22,223.4898681640625,224.52999877929688,228.33999633789062,223.89999389648438,227.7899932861328,43695300
6199,2024-08-23,225.78916931152344,226.83999633789062,228.22000122070312,224.3300018310547,225.66000366210938,38677300
6200,2024-08-26,226.12757873535156,227.17999267578125,227.27999877929688,223.88999938964844,226.75999450683594,30602200
6201,2024-08-27,226.97364807128906,228.02999877929688,228.85000610351562,224.88999938964844,226.0,35934600
6202,2024-08-28,225.44078063964844,226.49000549316406,229.86000061035156,225.67999267578125,227.9199981689453,38052200
6203,2024-08-29,228.7255096435547,229.7899932861328,232.9199981689453,228.8800048828125,230.10000610351562,51906300
6204,2024-08-30,227.93917846679688,229.0,230.39999389648438,227.47999572753906,230.19000244140625,52990800
6205,2024-09-03,221.73802185058594,222.77000427246094,229.0,221.1699981689453,228.5500030517578,50190600
6206,2024-09-04,219.82691955566406,220.85000610351562,221.77999877929688,217.47999572753906,221.66000366210938,43840200
6207,2024-09-05,221.34982299804688,222.3800048828125,225.47999572753906,221.52000427246094,221.6300048828125,36615400
6208,2024-09-06,219.7970733642578,220.82000732421875,225.24000549316406,219.77000427246094,223.9499969482422,48423000
6209,2024-09-09,219.88662719726562,220.91000366210938,221.27000427246094,216.7100067138672,220.82000732421875,67180000
6210,2024-09-10,219.09036254882812,220.11000061035156,221.47999572753906,216.72999572753906,218.9199981689453,51591000
6211,2024-09-11,221.62852478027344,222.66000366210938,223.08999633789062,217.88999938964844,221.4600067138672,44587100
6212,2024-09-12,221.73802185058594,222.77000427246094,223.5500030517578,219.82000732421875,222.5,37455600
6213,2024-09-13,221.4692840576172,222.5,224.0399932861328,221.91000366210938,223.5800018310547,36766600
6214,2024-09-16,215.31790161132812,216.32000732421875,217.22000122070312,213.9199981689453,216.5399932861328,59357400
6215,2024-09-17,215.78570556640625,216.7899932861328,216.89999389648438,214.5,215.75,45519300
6216,2024-09-18,219.66766357421875,220.69000244140625,222.7100067138672,217.5399932861328,217.5500030517578,59894900
6217,2024-09-19,227.8097686767578,228.8699951171875,229.82000732421875,224.6300048828125,224.99000549316406,66781300
6218,2024-09-20,227.1428680419922,228.1999969482422,233.08999633789062,227.6199951171875,229.97000122070312,318679900
6219,2024-09-23,225.42088317871094,226.47000122070312,229.4499969482422,225.80999755859375,227.33999633789062,54146000
6220,2024-09-24,226.31671142578125,227.3699951171875,229.35000610351562,225.72999572753906,228.64999389648438,43556100
6221,2024-09-25,225.32135009765625,226.3699951171875,227.2899932861328,224.02000427246094,224.92999267578125,42308700
6222,2024-09-26,226.4660186767578,227.52000427246094,228.5,225.41000366210938,227.3000030517578,36636700
6223,2024-09-27,226.73475646972656,227.7899932861328,229.52000427246094,227.3000030517578,228.4600067138672,34026000
6224,2024-09-30,231.92063903808594,233.0,233.0,229.64999389648438,230.0399932861328,54541900
6225,2024-10-01,225.16209411621094,226.2100067138672,229.64999389648438,223.74000549316406,229.52000427246094,63285000
6226,2024-10-02,225.72946166992188,226.77999877929688,227.3699951171875,223.02000427246094,225.88999938964844,32880600
6227,2024-10-03,224.6245880126953,225.6699981689453,226.80999755859375,223.32000732421875,225.13999938964844,34044200
6228,2024-10-04,225.74935913085938,226.8000030517578,228.0,224.1300048828125,227.89999389648438,37245100
6229,2024-10-07,220.6630401611328,221.69000244140625,225.69000244140625,221.3300018310547,224.5,39505400
6230,2024-10-08,224.72413635253906,225.77000427246094,225.97999572753906,223.25,224.3000030517578,31855700
6231,2024-10-09,228.47666931152344,229.5399932861328,229.75,224.8300018310547,225.22999572753906,33591100
6232,2024-10-10,227.97898864746094,229.0399932861328,229.5,227.1699981689453,227.77999877929688,28183500
6233,2024-10-11,226.4958953857422,227.5500030517578,229.41000366210938,227.33999633789062,229.3000030517578,31759200
6234,2024-10-14,230.228515625,231.3000030517578,231.72999572753906,228.60000610351562,228.6999969482422,39882100
6235,2024-10-15,232.76669311523438,233.85000610351562,237.49000549316406,232.3699951171875,233.61000061035156,64751400
6236,2024-10-16,230.70628356933594,231.77999877929688,232.1199951171875,229.83999633789062,231.60000610351562,34082200
6237,2024-10-17,231.07456970214844,232.14999389648438,233.85000610351562,230.52000427246094,233.42999267578125,32993800
6238,2024-10-18,233.91136169433594,235.0,236.17999267578125,234.00999450683594,236.17999267578125,46431500
6239,2024-10-21,235.384521484375,236.47999572753906,236.85000610351562,234.4499969482422,234.4499969482422,36254500
6240,2024-10-22,234.76739501953125,235.86000061035156,236.22000122070312,232.60000610351562,233.88999938964844,38846600
6241,2024-10-23,229.69100952148438,230.75999450683594,235.13999938964844,227.75999450683594,234.0800018310547,52287000
6242,2024-10-24,229.5019073486328,230.57000732421875,230.82000732421875,228.41000366210938,229.97999572753906,31109500
6243,2024-10-25,230.33799743652344,231.41000366210938,233.22000122070312,229.57000732421875,229.74000549316406,38802300
6244,2024-10-28,232.31878662109375,233.39999389648438,234.72999572753906,232.5500030517578,233.32000732421875,36087100
6245,2024-10-29,232.58753967285156,233.6699981689453,234.3300018310547,232.32000732421875,233.10000610351562,35417200
6246,2024-10-30,229.0340576171875,230.10000610351562,233.47000122070312,229.5500030517578,232.61000061035156,47070900
6247,2024-10-31,224.8634796142578,225.91000366210938,229.8300018310547,225.3699951171875,229.33999633789062,64370100
6248,2024-11-01,221.8773651123047,222.91000366210938,225.35000610351562,220.27000427246094,220.97000122070312,65276700
6249,2024-11-04,220.98153686523438,222.00999450683594,222.7899932861328,219.7100067138672,220.99000549316406,44944500
6250,2024-11-05,222.4148712158203,223.4499969482422,223.9499969482422,221.13999938964844,221.8000030517578,28111300
6251,2024-11-06,221.68824768066406,222.72000122070312,226.07000732421875,221.19000244140625,222.61000061035156,54561100
6252,2024-11-07,226.42620849609375,227.47999572753906,227.8800048828125,224.57000732421875,224.6300048828125,42137700
6253,2024-11-08,226.15716552734375,226.9600067138672,228.66000366210938,226.41000366210938,227.1699981689453,38328800
6254,2024-11-11,223.4368133544922,224.22999572753906,225.6999969482422,221.5,225.0,42005600
6255,2024-11-12,223.4368133544922,224.22999572753906,225.58999633789062,223.36000061035156,224.5500030517578,40398300
6256,2024-11-13,224.32366943359375,225.1199951171875,226.64999389648438,222.75999450683594,224.00999450683594,48566200
6257,2024-11-14,227.4127197265625,228.22000122070312,228.8699951171875,225.0,225.02000427246094,44923900
6258,2024-11-15,224.20408630371094,225.0,226.9199981689453,224.27000427246094,226.39999389648438,47923700
6259,2024-11-18,227.21340942382812,228.02000427246094,229.74000549316406,225.1699981689453,225.25,44633700
6260,2024-11-19,227.4724884033203,228.27999877929688,230.16000366210938,226.66000366210938,226.97999572753906,36211800
6261,2024-11-20,228.18994140625,229.0,229.92999267578125,225.88999938964844,228.05999755859375,35169600
6262,2024-11-21,227.71163940429688,228.52000427246094,230.16000366210938,225.7100067138672,228.8800048828125,42108300
6263,2024-11-22,229.05685424804688,229.8699951171875,230.72000122070312,228.05999755859375,228.05999755859375,38168300
6264,2024-11-25,232.04624938964844,232.8699951171875,233.25,229.74000549316406,231.4600067138672,90152800
6265,2024-11-26,234.22850036621094,235.05999755859375,235.57000732421875,233.3300018310547,233.3300018310547,45986200
6266,2024-11-27,234.09896850585938,234.92999267578125,235.69000244140625,233.80999755859375,234.47000122070312,33498400
6267,2024-11-29,236.490478515625,237.3300018310547,237.80999755859375,233.97000122070312,234.80999755859375,28481400
6268,2024-12-02,238.7424774169922,239.58999633789062,240.7899932861328,237.16000366210938,237.27000427246094,48137100
6269,2024-12-03,241.79165649414062,242.64999389648438,242.75999450683594,238.89999389648438,239.80999755859375,38861000
6270,2024-12-04,242.150390625,243.00999450683594,244.11000061035156,241.25,242.8699951171875,44383900
6271,2024-12-05,242.18026733398438,243.0399932861328,244.5399932861328,242.1300048828125,243.99000549316406,40033900
6272,2024-12-06,241.98097229003906,242.83999633789062,244.6300048828125,242.0800018310547,242.91000366210938,36870600
6273,2024-12-09,245.8771514892578,246.75,247.24000549316406,241.75,241.8300018310547,44649200
6274,2024-12-10,246.8935546875,247.77000427246094,248.2100067138672,245.33999633789062,246.88999938964844,36914800
6275,2024-12-11,245.61807250976562,246.49000549316406,250.8000030517578,246.25999450683594,247.9600067138672,45205800
6276,2024-12-12,247.0828857421875,247.9600067138672,248.74000549316406,245.67999267578125,246.88999938964844,32777500
6277,2024-12-13,247.2522735595703,248.1300048828125,249.2899932861328,246.24000549316406,247.82000732421875,33155300
6278,2024-12-16,250.15196228027344,251.0399932861328,251.3800048828125,247.64999389648438,247.99000549316406,51694800
6279,2024-12-17,252.58334350585938,253.47999572753906,253.8300018310547,249.77999877929688,250.0800018310547,51356400
6280,2024-12-18,247.1725616455078,248.0500030517578,254.27999877929688,247.74000549316406,252.16000366210938,56774100
6281,2024-12-19,248.90640258789062,249.7899932861328,252.0,247.08999633789062,247.5,60882300
6282,2024-12-20,253.5897979736328,254.49000549316406,255.0,245.69000244140625,248.0399932861328,147495300
6283,2024-12-23,254.36703491210938,255.27000427246094,255.64999389648438,253.4499969482422,254.77000427246094,40858800
6284,2024-12-24,257.28668212890625,258.20001220703125,258.2099914550781,255.2899932861328,255.49000549316406,23234700
6285,2024-12-26,258.1037292480469,259.0199890136719,260.1000061035156,257.6300048828125,258.19000244140625,27237100
6286,2024-12-27,254.68588256835938,255.58999633789062,258.70001220703125,253.05999755859375,257.8299865722656,42355300
6287,2024-12-30,251.30787658691406,252.1999969482422,253.5,250.75,252.22999572753906,35557500
6288,2024-12-31,249.5341796875,250.4199981689453,253.27999877929688,249.42999267578125,252.44000244140625,39480700
6289,2025-01-02,242.9874267578125,243.85000610351562,249.10000610351562,241.82000732421875,248.92999267578125,55740700
6290,2025-01-03,242.49916076660156,243.36000061035156,244.17999267578125,241.88999938964844,243.36000061035156,40244100
6291,2025-01-06,244.1333465576172,245.0,247.3300018310547,243.1999969482422,244.30999755859375,45045600
6292,2025-01-07,241.3532257080078,242.2100067138672,245.5500030517578,241.35000610351562,242.97999572753906,40856000
6293,2025-01-08,241.84146118164062,242.6999969482422,243.7100067138672,240.0500030517578,241.9199981689453,37628900
6294,2025-01-10,236.01217651367188,236.85000610351562,240.16000366210938,233.0,240.00999450683594,61710900
6295,2025-01-13,233.5708465576172,234.39999389648438,234.6699981689453,229.72000122070312,233.52999877929688,49630700
6296,2025-01-14,232.45480346679688,233.27999877929688,236.1199951171875,232.47000122070312,234.75,39435300
6297,2025-01-15,237.02854919433594,237.8699951171875,238.9600067138672,234.42999267578125,234.63999938964844,39832000
6298,2025-01-16,227.4525604248047,228.25999450683594,238.00999450683594,228.02999877929688,237.35000610351562,71759100
6299,2025-01-17,229.16647338867188,229.97999572753906,232.2899932861328,228.47999572753906,232.1199951171875,68488300
6300,2025-01-21,221.85243225097656,222.63999938964844,224.4199981689453,219.3800048828125,224.0,98070400
6301,2025-01-22,223.03822326660156,223.8300018310547,224.1199951171875,219.7899932861328,219.7899932861328,64126500
6302,2025-01-23,222.8688507080078,223.66000366210938,227.02999877929688,222.3000030517578,224.74000549316406,60234800
6303,2025-01-24,221.991943359375,222.77999877929688,225.6300048828125,221.41000366210938,224.77999877929688,54697900
6304,2025-01-27,229.04689025878906,229.86000061035156,232.14999389648438,223.97999572753906,224.02000427246094,94863400
6305,2025-01-28,237.4171905517578,238.25999450683594,240.19000244140625,230.80999755859375,230.85000610351562,75707600
6306,2025-01-29,238.5133056640625,239.36000061035156,239.86000061035156,234.00999450683594,234.1199951171875,45486100
6307,2025-01-30,236.74954223632812,237.58999633789062,240.7899932861328,237.2100067138672,238.6699981689453,55658300
6308,2025-01-31,235.16519165039062,236.0,247.19000244140625,233.44000244140625,247.19000244140625,100959800
6309,2025-02-03,227.2034454345703,228.00999450683594,231.8300018310547,225.6999969482422,229.99000549316406,73063300
6310,2025-02-04,231.97650146484375,232.8000030517578,233.1300048828125,226.64999389648438,227.25,45067300
6311,2025-02-05,231.64767456054688,232.47000122070312,232.6699981689453,228.27000427246094,228.52999877929688,39620300
6312,2025-02-06,232.39501953125,233.22000122070312,233.8000030517578,230.42999267578125,231.2899932861328,29925300
6313,2025-02-07,226.8247833251953,227.6300048828125,234.0,227.25999450683594,232.60000610351562,39707200
6314,2025-02-10,227.0941162109375,227.64999389648438,230.58999633789062,227.1999969482422,229.57000732421875,33115600
6315,2025-02-11,232.052001953125,232.6199951171875,235.22999572753906,228.1300048828125,228.1999969482422,53718400
6316,2025-02-12,236.29161071777344,236.8699951171875,236.9600067138672,230.67999267578125,231.1999969482422,45243300
6317,2025-02-13,240.94024658203125,241.52999877929688,242.33999633789062,235.57000732421875,236.91000366210938,53614100
6318,2025-02-14,244.00274658203125,244.60000610351562,245.5500030517578,240.99000549316406,241.25,40896200
6319,2025-02-18,243.87306213378906,244.47000122070312,245.17999267578125,241.83999633789062,244.14999389648438,48822500
6320,2025-02-19,244.27207946777344,244.8699951171875,246.00999450683594,243.16000366210938,244.66000366210938,32204200
6321,2025-02-20,245.229736328125,245.8300018310547,246.77999877929688,244.2899932861328,244.94000244140625,32316900
6322,2025-02-21,244.95042419433594,245.5500030517578,248.69000244140625,245.22000122070312,245.9499969482422,53197400
6323,2025-02-24,246.49664306640625,247.10000610351562,248.86000061035156,244.4199981689453,244.92999267578125,51326400
6324,2025-02-25,246.43678283691406,247.0399932861328,250.0,244.91000366210938,248.0,48013300
6325,2025-02-26,239.77308654785156,240.36000061035156,244.97999572753906,239.1300048828125,244.3300018310547,44433600
6326,2025-02-27,236.72056579589844,237.3000030517578,242.4600067138672,237.05999755859375,239.41000366210938,41153600
6327,2025-02-28,241.24948120117188,241.83999633789062,242.08999633789062,230.1999969482422,236.9499969482422,56833400
6328,2025-03-03,237.4487762451172,238.02999877929688,244.02999877929688,236.11000061035156,241.7899932861328,47184000
6329,2025-03-04,235.35391235351562,235.92999267578125,240.07000732421875,234.67999267578125,237.7100067138672,53798100
6330,2025-03-05,235.1643829345703,235.74000549316406,236.5500030517578,229.22999572753906,235.4199981689453,47227600
6331,2025-03-06,234.75538635253906,235.3300018310547,237.86000061035156,233.16000366210938,234.44000244140625,45170400
6332,2025-03-07,238.4862518310547,239.07000732421875,241.3699951171875,234.75999450683594,235.11000061035156,46273600
6333,2025-03-10,226.92454528808594,227.47999572753906,236.16000366210938,224.22000122070312,235.5399932861328,72071200
6334,2025-03-11,220.30076599121094,220.83999633789062,225.83999633789062,217.4499969482422,223.80999755859375,76137400
6335,2025-03-12,216.45018005371094,216.97999572753906,221.75,214.91000366210938,220.13999938964844,62547500
6336,2025-03-13,209.1680145263672,209.67999267578125,216.83999633789062,208.4199981689453,215.9499969482422,61368300
6337,2025-03-14,212.96871948242188,213.49000549316406,213.9499969482422,209.5800018310547,211.25,60107600
6338,2025-03-17,213.4774627685547,214.0,215.22000122070312,209.97000122070312,213.30999755859375,48073400
6339,2025-03-18,212.170654296875,212.69000244140625,215.14999389648438,211.49000549316406,214.16000366210938,42432400
6340,2025-03-19,214.7144317626953,215.24000549316406,218.75999450683594,213.75,214.22000122070312,54385400
6341,2025-03-20,213.5772247314453,214.10000610351562,217.49000549316406,212.22000122070312,213.99000549316406,48862900
6342,2025-03-21,217.73703002929688,218.27000427246094,218.83999633789062,211.27999877929688,211.55999755859375,94127800
6343,2025-03-24,220.19102478027344,220.72999572753906,221.47999572753906,218.5800018310547,221.0,44299500
6344,2025-03-25,223.2036590576172,223.75,224.10000610351562,220.0800018310547,220.77000427246094,34493600
6345,2025-03-26,220.9890594482422,221.52999877929688,225.02000427246094,220.47000122070312,223.50999450683594,34466100
6346,2025-03-27,223.30340576171875,223.85000610351562,224.99000549316406,220.55999755859375,221.38999938964844,37094800
6347,2025-03-28,217.36793518066406,217.89999389648438,223.80999755859375,217.67999267578125,221.6699981689453,39818600
6348,2025-03-31,221.58761596679688,222.1300048828125,225.6199951171875,216.22999572753906,217.00999450683594,65299300
6349,2025-04-01,222.64501953125,223.19000244140625,223.67999267578125,218.89999389648438,219.80999755859375,36412700
6350,2025-04-02,223.3433074951172,223.88999938964844,225.19000244140625,221.02000427246094,221.32000732421875,35905900
6351,2025-04-03,202.69386291503906,203.19000244140625,207.49000549316406,201.25,205.5399932861328,103419000
6352,2025-04-04,187.92002868652344,188.3800048828125,199.8800048828125,187.33999633789062,193.88999938964844,125910900
6353,2025-04-07,181.0169219970703,181.4600067138672,194.14999389648438,174.6199951171875,177.1999969482422,160466300
6354,2025-04-08,171.99899291992188,172.4199981689453,190.33999633789062,169.2100067138672,186.6999969482422,120859500
6355,2025-04-09,198.3644561767578,198.85000610351562,200.61000061035156,171.88999938964844,171.9499969482422,184395900
6356,2025-04-10,189.95504760742188,190.4199981689453,194.77999877929688,183.0,189.07000732421875,121880000
6357,2025-04-11,197.66615295410156,198.14999389648438,199.5399932861328,186.05999755859375,186.10000610351562,87435900
6358,2025-04-14,202.02549743652344,202.52000427246094,212.94000244140625,201.16000366210938,211.44000244140625,101352900
6359,2025-04-15,201.64642333984375,202.13999938964844,203.50999450683594,199.8000030517578,201.86000061035156,51343900
6360,2025-04-16,193.79563903808594,194.27000427246094,200.6999969482422,192.3699951171875,198.36000061035156,59732400
6361,2025-04-17,196.4990234375,196.97999572753906,198.8300018310547,194.4199981689453,197.1999969482422,52164700
6362,2025-04-21,192.68833923339844,193.16000366210938,193.8000030517578,189.80999755859375,193.27000427246094,46742500
6363,2025-04-22,199.25228881835938,199.74000549316406,201.58999633789062,195.97000122070312,196.1199951171875,52976400
6364,2025-04-23,204.10043334960938,204.60000610351562,208.0,202.8000030517578,206.0,52929200
6365,2025-04-24,207.8612060546875,208.3699951171875,208.8300018310547,202.94000244140625,204.88999938964844,47311000
6366,2025-04-25,208.76898193359375,209.27999877929688,209.75,206.1999969482422,206.3699951171875,38222300
6367,2025-04-28,209.62689208984375,210.13999938964844,211.5,207.4600067138672,210.0,38743100
6368,2025-04-29,210.69427490234375,211.2100067138672,212.24000549316406,208.3699951171875,208.69000244140625,36827600
6369,2025-04-30,211.9811248779297,212.5,213.5800018310547,206.6699981689453,209.3000030517578,52286500
6370,2025-05-01,212.79913330078125,213.32000732421875,214.55999755859375,208.89999389648438,209.0800018310547,57365700
6371,2025-05-02,204.8485870361328,205.35000610351562,206.99000549316406,202.16000366210938,206.08999633789062,101010600
6372,2025-05-05,198.40435791015625,198.88999938964844,204.10000610351562,198.2100067138672,203.10000610351562,69018500
6373,2025-05-06,198.0252685546875,198.50999450683594,200.64999389648438,197.02000427246094,198.2100067138672,51216500
6374,2025-05-07,195.7707977294922,196.25,199.44000244140625,193.25,199.1699981689453,68536700
6375,2025-05-08,197.00778198242188,197.49000549316406,200.0500030517578,194.67999267578125,197.72000122070312,50478900
6376,2025-05-09,198.0452423095703,198.52999877929688,200.5399932861328,197.5399932861328,199.0,36453900
6377,2025-05-12,210.55104064941406,210.7899932861328,211.27000427246094,206.75,210.97000122070312,63775800
6378,2025-05-13,212.68861389160156,212.92999267578125,213.39999389648438,209.0,210.42999267578125,51909300
6379,2025-05-14,212.08929443359375,212.3300018310547,213.94000244140625,210.5800018310547,212.42999267578125,49325800
6380,2025-05-15,211.21029663085938,211.4499969482422,212.9600067138672,209.5399932861328,210.9499969482422,45029500
6381,2025-05-16,211.0205078125,211.25999450683594,212.57000732421875,209.77000427246094,212.36000061035156,54737900
6382,2025-05-19,208.54331970214844,208.77999877929688,209.47999572753906,204.25999450683594,207.91000366210938,46140500
6383,2025-05-20,206.62550354003906,206.86000061035156,208.47000122070312,205.02999877929688,207.6699981689453,42496600
6384,2025-05-21,201.86090087890625,202.08999633789062,207.0399932861328,200.7100067138672,205.1699981689453,59211800
6385,2025-05-22,201.13172912597656,201.36000061035156,202.75,199.6999969482422,200.7100067138672,46742400
6386,2025-05-23,195.04864501953125,195.27000427246094,197.6999969482422,193.4600067138672,193.6699981689453,78432900
6387,2025-05-27,199.98304748535156,200.2100067138672,200.74000549316406,197.42999267578125,198.3000030517578,56288500
6388,2025-05-28,200.1927947998047,200.4199981689453,202.72999572753906,199.89999389648438,200.58999633789062,45339700
6389,2025-05-29,199.72332763671875,199.9499969482422,203.80999755859375,198.50999450683594,203.5800018310547,51396800
6390,2025-05-30,200.622314453125,200.85000610351562,201.9600067138672,196.77999877929688,199.3699951171875,70819900
6391,2025-06-02,201.47134399414062,201.6999969482422,202.1300048828125,200.1199951171875,200.27999877929688,35423300
6392,2025-06-03,203.03956604003906,203.27000427246094,203.77000427246094,200.9600067138672,201.35000610351562,46381600
6393,2025-06-04,202.590087890625,202.82000732421875,206.24000549316406,202.10000610351562,202.91000366210938,43604000
6394,2025-06-05,200.40257263183594,200.6300048828125,204.75,200.14999389648438,203.5,55126100
6395,2025-06-06,203.68882751464844,203.9199981689453,205.6999969482422,202.0500030517578,203.0,46607700
6396,2025-06-09,201.2216339111328,201.4499969482422,206.0,200.02000427246094,204.38999938964844,72862600
6397,2025-06-10,202.44024658203125,202.6699981689453,204.35000610351562,200.57000732421875,200.60000610351562,54672600
6398,2025-06-11,198.55465698242188,198.77999877929688,204.5,198.41000366210938,203.5,60989900
6399,2025-06-12,198.97418212890625,199.1999969482422,199.67999267578125,197.36000061035156,199.0800018310547,43904600
6400,2025-06-13,196.227294921875,196.4499969482422,200.3699951171875,195.6999969482422,199.72999572753906,51447300
6401,2025-06-16,198.195068359375,198.4199981689453,198.69000244140625,196.55999755859375,197.3000030517578,43020700
6402,2025-06-17,195.418212890625,195.63999938964844,198.38999938964844,195.2100067138672,197.1999969482422,38856200
6403,2025-06-18,196.35714721679688,196.5800018310547,197.57000732421875,195.07000732421875,195.94000244140625,45394700
6404,2025-06-20,200.7721405029297,201.0,201.6999969482422,196.86000061035156,198.24000549316406,96813500
6405,2025-06-23,201.27157592773438,201.5,202.3000030517578,198.9600067138672,201.6300048828125,55814300
6406,2025-06-24,200.07293701171875,200.3000030517578,203.44000244140625,200.1999969482422,202.58999633789062,54064000
6407,2025-06-25,201.33151245117188,201.55999755859375,203.6699981689453,200.6199951171875,201.4499969482422,39525700
6408,2025-06-26,200.7721405029297,201.0,202.63999938964844,199.4600067138672,201.42999267578125,50799100
6409,2025-06-27,200.85205078125,201.0800018310547,203.22000122070312,200.0,201.88999938964844,73188600
6410,2025-06-30,204.93740844726562,205.1699981689453,207.38999938964844,199.25999450683594,202.00999450683594,91912800
6411,2025-07-01,207.58441162109375,207.82000732421875,210.19000244140625,206.13999938964844,206.6699981689453,78788900
6412,2025-07-02,212.1991729736328,212.44000244140625,213.33999633789062,208.13999938964844,208.91000366210938,67941800
6413,2025-07-03,213.30792236328125,213.5500030517578,214.64999389648438,211.80999755859375,212.14999389648438,34955800
6414,2025-07-07,209.7119903564453,209.9499969482422,216.22999572753906,208.8000030517578,212.67999267578125,50229000
6415,2025-07-08,209.7719268798828,210.00999450683594,211.42999267578125,208.4499969482422,210.10000610351562,42848900
6416,2025-07-09,210.90065002441406,211.13999938964844,211.3300018310547,207.22000122070312,209.52999877929688,48749400
6417,2025-07-10,212.16920471191406,212.41000366210938,213.47999572753906,210.02999877929688,210.50999450683594,44443600
6418,2025-07-11,210.92062377929688,211.16000366210938,212.1300048828125,209.86000061035156,210.57000732421875,39765800
6419,2025-07-14,208.3834991455078,208.6199951171875,210.91000366210938,207.5399932861328,209.92999267578125,38840100
6420,2025-07-15,208.87295532226562,209.11000061035156,211.88999938964844,208.9199981689453,209.22000122070312,42296300
6421,2025-07-16,209.92176818847656,210.16000366210938,212.39999389648438,208.63999938964844,210.3000030517578,47490500
6422,2025-07-17,209.78192138671875,210.02000427246094,211.8000030517578,209.58999633789062,210.57000732421875,48068100
6423,2025-07-18,210.9405975341797,211.17999267578125,211.7899932861328,209.6999969482422,210.8699951171875,48974600
6424,2025-07-21,212.23912048339844,212.47999572753906,215.77999877929688,211.6300048828125,212.10000610351562,51377400
6425,2025-07-22,214.15695190429688,214.39999389648438,214.9499969482422,212.22999572753906,213.13999938964844,46404100
6426,2025-07-23,213.9072265625,214.14999389648438,215.14999389648438,212.41000366210938,215.0,46989300
6427,2025-07-24,213.51766967773438,213.75999450683594,215.69000244140625,213.52999877929688,213.89999389648438,46022600
6428,2025-07-25,213.63754272460938,213.8800048828125,215.24000549316406,213.39999389648438,214.6999969482422,40268800
6429,2025-07-28,213.80735778808594,214.0500030517578,214.85000610351562,213.05999755859375,214.02999877929688,37858000
6430,2025-07-29,211.03050231933594,211.27000427246094,214.80999755859375,210.82000732421875,214.17999267578125,51411700
6431,2025-07-30,208.81301879882812,209.0500030517578,212.38999938964844,207.72000122070312,211.89999389648438,45512500
6432,2025-07-31,207.33470153808594,207.57000732421875,209.83999633789062,207.16000366210938,208.49000549316406,80698400
6433,2025-08-01,202.1505889892578,202.3800048828125,213.5800018310547,201.5,210.8699951171875,104434500
6434,2025-08-04,203.11949157714844,203.35000610351562,207.8800048828125,201.67999267578125,204.50999450683594,75109300
6435,2025-08-05,202.68995666503906,202.9199981689453,205.33999633789062,202.16000366210938,203.39999389648438,44155100
6436,2025-08-06,213.0082550048828,213.25,215.3800048828125,205.58999633789062,205.6300048828125,108483100
6437,2025-08-07,219.7805633544922,220.02999877929688,220.85000610351562,216.5800018310547,218.8800048828125,90224800
6438,2025-08-08,229.0900115966797,229.35000610351562,231.0,219.25,220.8300018310547,113854000
6439,2025-08-11,227.17999267578125,227.17999267578125,229.55999755859375,224.75999450683594,227.9199981689453,61806100
6440,2025-08-12,229.64999389648438,229.64999389648438,230.8000030517578,227.07000732421875,228.00999450683594,55626200
6441,2025-08-13,233.3300018310547,233.3300018310547,235.0,230.42999267578125,231.07000732421875,69878500
6442,2025-08-14,232.77999877929688,232.77999877929688,235.1199951171875,230.85000610351562,234.05999755859375,51916300
6443,2025-08-15,231.58999633789062,231.58999633789062,234.27999877929688,229.33999633789062,234.0,56038700
6444,2025-08-18,230.88999938964844,230.88999938964844,233.1199951171875,230.11000061035156,231.6999969482422,37476200
6445,2025-08-19,230.55999755859375,230.55999755859375,232.8699951171875,229.35000610351562,231.27999877929688,39402600
6446,2025-08-20,226.00999450683594,226.00999450683594,230.47000122070312,225.77000427246094,229.97999572753906,42263900
6447,2025-08-21,224.89999389648438,224.89999389648438,226.52000427246094,223.77999877929688,226.27000427246094,30621200
6448,2025-08-22,227.75999450683594,227.75999450683594,229.08999633789062,225.41000366210938,226.1699981689453,42477800
6449,2025-08-25,227.16000366210938,227.16000366210938,229.3000030517578,226.22999572753906,226.47999572753906,30983100
6450,2025-08-26,229.30999755859375,229.30999755859375,229.49000549316406,224.69000244140625,226.8699951171875,54575100
6451,2025-08-27,230.49000549316406,230.49000549316406,230.89999389648438,228.25999450683594,228.61000061035156,31259500
6452,2025-08-28,232.55999755859375,232.55999755859375,233.41000366210938,229.33999633789062,230.82000732421875,38074700
6453,2025-08-29,232.13999938964844,232.13999938964844,233.3800048828125,231.3699951171875,232.50999450683594,39418400
6454,2025-09-02,229.72000122070312,229.72000122070312,230.85000610351562,226.97000122070312,229.25,44075600
6455,2025-09-03,238.47000122070312,238.47000122070312,238.85000610351562,234.36000061035156,237.2100067138672,66427800
6456,2025-09-04,239.77999877929688,239.77999877929688,239.89999389648438,236.74000549316406,238.4499969482422,47549400
6457,2025-09-05,239.69000244140625,239.69000244140625,241.32000732421875,238.49000549316406,240.0,54870400
6458,2025-09-08,237.8800048828125,237.8800048828125,240.14999389648438,236.33999633789062,239.3000030517578,48999500
6459,2025-09-09,234.35000610351562,234.35000610351562,238.77999877929688,233.36000061035156,237.0,66313900
6460,2025-09-10,226.7899932861328,226.7899932861328,232.4199981689453,225.9499969482422,232.19000244140625,83440800
6461,2025-09-11,230.02999877929688,230.02999877929688,230.4499969482422,226.64999389648438,226.8800048828125,50208600
6462,2025-09-12,234.07000732421875,234.07000732421875,234.50999450683594,229.02000427246094,229.22000122070312,55824200
6463,2025-09-15,236.6999969482422,236.6999969482422,238.19000244140625,235.02999877929688,237.0,42699500
6464,2025-09-16,238.14999389648438,238.14999389648438,241.22000122070312,236.32000732421875,237.17999267578125,63421100
6465,2025-09-17,238.99000549316406,238.99000549316406,240.10000610351562,237.72999572753906,238.97000122070312,46508000
6466,2025-09-18,237.8800048828125,237.8800048828125,241.1999969482422,236.64999389648438,239.97000122070312,44249600
6467,2025-09-19,245.5,245.5,246.3000030517578,240.2100067138672,241.22999572753906,163470300
6468,2025-09-22,256.0799865722656,256.0799865722656,256.6300048828125,248.1699981689453,248.33999633789062,101865199
