Price,Close,High,Low,Open,Volume
Ticker,AAPL,AAPL,AAPL,AAPL,AAPL
Date,,,,,
2000-01-03,0.8400941491127014,0.84431549864423,0.7631674989791675,0.7870899493009756,535796800
2000-01-04,0.7692658305168152,0.8302436317453809,0.7594152797298118,0.8124194816500911,512377600
2000-01-05,0.7805226445198059,0.8297745977825097,0.7730180950557324,0.7786464946284191,778321600
2000-01-06,0.7129775285720825,0.8030380388836561,0.7129775285720825,0.7964715389668375,767972800
2000-01-07,0.7467504739761353,0.7580081746532202,0.7167306235573667,0.7242351728249103,460734400
2000-01-10,0.7336167097091675,0.767388861476656,0.7111014074484417,0.7655127115419497,505064000
2000-01-11,0.6960914134979248,0.745812414838958,0.6792053637068335,0.720013864309706,441548800
2000-01-12,0.654344916343689,0.7167306730416629,0.6491846647215528,0.7129775213729977,976068800
2000-01-13,0.7261114120483398,0.741121365191803,0.6942154056602419,0.7091076704220981,1032684800
2000-01-14,0.7537860870361328,0.7673888884875701,0.7458124871090789,0.7505028370602003,390376000
2000-01-18,0.7800538539886475,0.7955336604184094,0.7537862454148195,0.758008397952611,459177600
2000-01-19,0.7997546792030334,0.8161717283663694,0.7758322294828537,0.7927183286048901,597643200
2000-01-20,0.8518210053443909,0.9118607116743085,0.8518210053443909,0.8668309068761316,1831132800
2000-01-21,0.8354040384292603,0.857449543646532,0.8269605854314188,0.857449543646532,495924800
2000-01-24,0.7974095344543457,0.8461915821803883,0.7889660339288318,0.8138265336158961,440876800
2000-01-25,0.8424391150474548,0.8490065146228165,0.7683275324208373,0.7880278272914436,497145600
2000-01-26,0.8269603848457336,0.856980285674758,0.8236771852148589,0.8255532849749379,367158400
2000-01-27,0.825553297996521,0.8480686498359485,0.8030379962585673,0.8166407969153698,340144000
2000-01-28,0.7626985907554626,0.8321199031467528,0.7551940403401564,0.8119506003625363,423348800
2000-01-31,0.7786463499069214,0.7795844497289938,0.7092251093193793,0.7580080536184005,701680000
2000-02-01,0.7523786425590515,0.7880277832918617,0.7505025433938887,0.7805223846020669,318035200
2000-02-02,0.7415900230407715,0.7664505156470524,0.7279871772184752,0.7561317701422654,464195200
2000-02-03,0.7753632664680481,0.7823996174005331,0.752378865471665,0.7528479154526531,475193600
2000-02-04,0.8105435371398926,0.8255534402765677,0.7777085786673813,0.7800537789608645,425320000
2000-02-07,0.8560420870780945,0.8574492368882611,0.7950642926660572,0.8105432912881613,441067200
2000-02-08,0.8621405959129333,0.8715211955573505,0.8349348929662456,0.8555731941729023,408643200
2000-02-09,0.8452534079551697,0.8790264050590064,0.8438463583971507,0.8565111070574256,299364800
2000-02-10,0.8518210053443909,0.8546352053144762,0.8255533520042431,0.8471306052589457,302982400
2000-02-11,0.8161718249320984,0.8565112784869247,0.8124195250214785,0.8527589785763048,212251200
2000-02-14,0.8691760897636414,0.8696451398102607,0.8152337812565652,0.8203931814649411,367539200
2000-02-15,0.8930985331535339,0.9001348849853711,0.8644857792355116,0.8649548292764514,485744000
2000-02-16,0.8565114140510559,0.886532122755411,0.8415015106122298,0.8837171208040312,378246400
2000-02-17,0.8621405959129333,0.8668308957351419,0.8490067944624009,0.8644857458240377,289497600
2000-02-18,0.8349350094795227,0.8658929165229016,0.8321199574276728,0.8602645158696396,233441600
2000-02-22,0.8541660308837891,0.8776194307365908,0.8006927321366883,0.8264913316906548,422296000
2000-02-23,0.8724592924118042,0.8930984953695462,0.8330578882043242,0.8498271529299062,473099200
2000-02-24,0.8646025657653809,0.8940365814114336,0.8386871266431151,0.8804337302008605,376432000
2000-02-25,0.8283675909042358,0.8780886498496564,0.8264914909036613,0.8616715974598611,249144000
2000-02-28,0.8499447107315063,0.8630785108906154,0.8133575600128512,0.8264913601719603,328328000
2000-02-29,0.8602643013000488,0.879964600499463,0.8447845500156278,0.85228985057073,368961600
2000-03-01,0.9779989123344421,0.9911327158679122,0.8893463397013325,0.8898153897985324,1077003200
2000-03-02,0.9156140089035034,0.9601748733941239,0.9057634551789867,0.9531393218646191,311259200
2000-03-03,0.9606434106826782,0.9624027737734668,0.9006037173177237,0.9371900124786166,323366400
2000-03-06,0.9432883858680725,0.9690869341335675,0.9381281351191243,0.945633535359866,210560000
2000-03-07,0.92218017578125,0.9564222256207554,0.9090463761208085,0.9489168250610144,273011200
2000-03-08,0.9156140089035034,0.9301549637153486,0.8898154501830261,0.9221805103039777,271230400
2000-03-09,0.9174902439117432,0.9381285505679328,0.8874703331043997,0.9071706396702409,276718400
2000-03-10,0.9437575936317444,0.9601746448490757,0.9081083894691571,0.913268641081055,248606400
2000-03-13,0.9104539155960083,0.9493862812782656,0.8968510601557945,0.9165521688886499,303956800
2000-03-14,0.8574495315551758,0.9325000522955894,0.8555733311635211,0.9097501706185704,428579200
2000-03-15,0.8724592924118042,0.9024799968062256,0.8565112910856886,0.8677689926067512,443609600
2000-03-16,0.9123295545578003,0.9156136054347125,0.8593253100862863,0.8804335586209769,378100800
2000-03-17,0.9381280541419983,0.9381280541419983,0.8977885604394611,0.9015417612505392,305043200
2000-03-20,0.9231184720993042,0.9475098767741128,0.9184280717155103,0.9268715739894322,204489600
2000-03-21,1.0127099752426147,1.0263127280373154,0.9127997039111622,0.9198352546358242,524328000
2000-03-22,1.082131028175354,1.0835389798145703,0.987380221643792,0.9965272478615607,567996800
2000-03-23,1.0605548620224,1.1285690316586978,1.0507043087221868,1.0657142128135488,562564800
2000-03-24,1.0408532619476318,1.0802546548442935,1.0169308159125034,1.0689969565549384,446913600
2000-03-27,1.0474207401275635,1.0863530897745128,1.0272505895427169,1.0328798905601697,279182400
2000-03-28,1.0441374778747559,1.0657138762701017,1.029126676696936,1.030064776618345,202966400
2000-03-29,1.0202155113220215,1.046483123187792,1.004384341177807,1.0460141732078885,239836800
2000-03-30,0.9437575936317444,1.0333489526349349,0.9414123435448192,1.002390248646198,414400000
2000-03-31,1.019277572631836,1.0300653266769801,0.9456340841989094,0.9564227400709925,404633600
2000-04-03,1.000514268875122,1.0469520344742822,0.971432459973203,1.0169313237072464,328563200
2000-04-04,0.95548415184021,0.9981688014984024,0.8762123017502027,0.9953546018710699,660329600
2000-04-05,0.9784682393074036,0.9972304335392556,0.9306234516014908,0.9491510708090601,457665600
2000-04-06,0.9395363330841064,1.0094266961812968,0.9249945787259619,0.9803448909153503,259627200
2000-04-07,0.9887874722480774,0.9897254721509655,0.9418814649261107,0.9550152672198127,242435200
2000-04-10,0.9381280541419983,0.9962925462181441,0.9362519547510911,0.9883180967267934,212262400
2000-04-11,0.8963814377784729,0.9371898778454892,0.88606183984011,0.9268711817333902,541822400
2000-04-12,0.8199241757392883,0.8930985922442577,0.7870901195848203,0.8930985922442577,941136000
2000-04-13,0.8541660308837891,0.9006037806288656,0.814295581803727,0.8368109318369448,529827200
2000-04-14,0.8396251201629639,0.8855929676074756,0.8180478202380348,0.8203930199078207,667620800
2000-04-17,0.9296858310699463,0.930154881157345,0.8185171025422107,0.821801204676253,409561600
2000-04-18,0.952200710773468,0.9522007107734679,0.8959124208187118,0.9268712157706942,390924800
2000-04-19,0.909046471118927,0.9775296761281873,0.8987268699304061,0.9470408243970713,520150400
2000-04-20,0.8921604752540588,0.9362522834196331,0.8785576226118199,0.9282786327525674,722120000
2000-04-24,0.9043565988540649,0.9043565988540649,0.8612028755000409,0.8630789762153506,443620800
2000-04-25,0.9629884958267212,0.966272546179155,0.916082509054346,0.9165515589017782,391641600
2000-04-26,0.9104539155960083,0.9606438859204992,0.900604162853438,0.9503242813944754,366912000
2000-04-27,0.9512621760368347,0.953139177893241,0.874922249958002,0.8794957134819235,326603200
2000-04-28,0.9310926198959351,0.9568912692913375,0.9104535200143237,0.954077069759481,249580800
2000-05-01,0.932969331741333,0.9390675857311324,0.9146761730198332,0.9371905832543101,226195200
2000-05-02,0.8846551775932312,0.9475099977425809,0.8818409770848505,0.9249946902249875,236432000
2000-05-03,0.863547682762146,0.9099846390387957,0.8377491287790008,0.8926294868426324,489798400
2000-05-04,0.830712616443634,0.8649546658019607,0.8297745165390533,0.86401656589738,399515200
2000-05-05,0.8490067720413208,0.861202473124159,0.8309472444075243,0.8316507693216859,284076800
2000-05-08,0.8264914155006409,0.8532280174839343,0.8255533154844594,0.8412667913643473,184900800
2000-05-09,0.7913113832473755,0.8349349417751047,0.7870900830997319,0.8278985898038822,327140800
2000-05-10,0.7453433275222778,0.7880279758058857,0.7411211764922387,0.7809916252391405,535091200
2000-05-11,0.7716107368469238,0.7823993842088467,0.7429979951139822,0.7608221395864581,499744000
2000-05-12,0.8077292442321777,0.8293056970340875,0.786268826457585,0.7955335420087254,306913600
2000-05-15,0.7580083608627319,0.811012575439475,0.7514410081272345,0.811012575439475,678932800
2000-05-16,0.7931874394416809,0.8185169407790928,0.7711419894878025,0.7843926267873597,440451200
2000-05-17,0.7608222961425781,0.7781773943450624,0.7533168959216625,0.7777083444073557,398092800
2000-05-18,0.7561321258544922,0.7875590803292332,0.7551940257572686,0.7730181781119129,373777600
2000-05-19,0.7054728269577026,0.7448742200557065,0.7007816266487904,0.7448742200557065,740667200
2000-05-22,0.6749833226203918,0.7035969292219928,0.6454324676306503,0.7035969292219928,755507200
2000-05-23,0.6440252661705017,0.7007817670327885,0.6426181663235542,0.6792053676207427,517585600
2000-05-24,0.6580974459648132,0.6735764037587035,0.6229173268950531,0.6468397898259509,678462400
2000-05-25,0.6549307107925415,0.6953878504674916,0.6454323733801492,0.6641954250373652,406750400
2000-05-26,0.6482465267181396,0.6745141257988182,0.6398039281442925,0.6604422263492943,181148800
2000-05-30,0.6571590900421143,0.6613803897341752,0.613536387947503,0.6576280899402495,713059200
2000-05-31,0.6304224729537964,0.6848338290329536,0.6290153729794099,0.6519997260450907,433507200
2000-06-01,0.6688857674598694,0.6721689670374331,0.6032167657613716,0.6135363664051753,903840000
2000-06-02,0.6946842670440674,0.7486265642819573,0.6679476183487028,0.7035967671841774,792848000
2000-06-05,0.6853031516075134,0.7148540185342961,0.6731074443963008,0.7003131101939665,323668800
2000-06-06,0.6970295906066895,0.7261113961029105,0.6777983375056857,0.6902286151609569,525481600
2000-06-07,0.7247040867805481,0.7279873360898267,0.6876478897489213,0.7026586398527642,337019200
2000-06-08,0.7115703821182251,0.7392450831924656,0.6989056315113912,0.7326786338061031,238526400
2000-06-09,0.7186068892478943,0.7350238919094876,0.7082872868790258,0.7261113896237833,252358400
2000-06-12,0.6843646764755249,0.7237660751319837,0.6820195269033922,0.7232970251769694,290337600
2000-06-13,0.7092252969741821,0.7106323969781325,0.6618494898730458,0.6843647933864961,351456000
2000-06-14,0.6787363290786743,0.7223590303459017,0.6763911292265832,0.7106323296648234,277446400
2000-06-15,0.6932773590087891,0.700781909754717,0.6679478030535656,0.684833906482475,248572800
2000-06-16,0.6843646764755249,0.7035967767619632,0.668416677396225,0.7017197753183984,303564800
2000-06-19,0.7251731157302856,0.7345546651813124,0.6740450214566757,0.6796742717766687,394004800
2000-06-20,0.7598844766616821,0.7800538318313555,0.7383072196373675,0.7392452697574504,501390400
2000-06-21,0.8349350094795227,0.8546353135926421,0.7551940896030415,0.7580083400311559,490000000
2000-06-22,0.8067902326583862,0.8649547361398866,0.8039760329187319,0.8368109851917874,467712000
2000-06-23,0.7758322954177856,0.8199240474136811,0.7626984946462241,0.8072592966406826,204965600
2000-06-26,0.8124194145202637,0.821800964644391,0.7823995663756624,0.7880279653745701,185354400
2000-06-27,0.7767703533172607,0.8330578030370507,0.7748942035261611,0.8072592528906626,203470400
2000-06-28,0.8171098828315735,0.831181734105093,0.7730181289359231,0.8002238316483685,286428800
2000-06-29,0.7692658305168152,0.8096052819181013,0.7664507790597863,0.7964714814099523,203660800
2000-06-30,0.7861518263816833,0.8246151753749471,0.7758322263176768,0.7927183253708227,323097600
2000-07-03,0.8002239465713501,0.8152338499365646,0.7823997927908097,0.7823997927908097,70828800
2000-07-05,0.7748943567276001,0.8283676173834728,0.7617605540712001,0.7992858118783739,265216000
2000-07-06,0.7777082920074463,0.7945951908593754,0.7448742474641075,0.7880278909563602,309545600
2000-07-07,0.8171098828315735,0.822739134376037,0.7823996804276178,0.7894351802018311,263603200
2000-07-10,0.8574495315551758,0.8743364373127273,0.8067904175300254,0.8119506700278589,397796000
2000-07-11,0.8546354174613953,0.8893464308503022,0.8321200585600049,0.8555734175489614,357896000
2000-07-12,0.8837170600891113,0.8846550599985703,0.8461917529538672,0.8724593577252819,225433600
2000-07-13,0.8480689525604248,0.9099848770565085,0.8218013416637637,0.8780888645787872,445659200
2000-07-14,0.8658927083015442,0.8855930076773294,0.853697008127454,0.8574493077283015,190276800
2000-07-17,0.8752744197845459,0.8827789197329059,0.8574494162286218,0.8743363197148926,260002400
2000-07-18,0.8593254685401917,0.8837169708259734,0.853697068840115,0.8780885711258968,318404800
2000-07-19,0.7908421158790588,0.8527588097574365,0.7767702675286128,0.8283673621228639,457872800
2000-07-20,0.8274295330047607,0.8565113373026092,0.8124195808094309,0.8255533829206176,465572800
2000-07-21,0.8039761185646057,0.8349349242753766,0.7945954183654698,0.8159373455081187,196235200
2000-07-24,0.7308025360107422,0.7936564920090168,0.7129775327966744,0.7889661420551372,412171200
2000-07-25,0.7514406442642212,0.7598840931128844,0.7364306975849361,0.7551937446769347,211607200
2000-07-26,0.7514406442642212,0.769265641709614,0.7392448966262138,0.7481573953489102,210470400
2000-07-27,0.7805226445198059,0.7992856965793635,0.7486266434234881,0.7505027933148749,294985600
2000-07-28,0.7251731157302856,0.7880279088357196,0.7035967193570621,0.7847446596214314,237893600
2000-07-31,0.7626985907554626,0.7748943431681838,0.7317406857315326,0.7378380859738313,155299200
2000-08-01,0.7401831150054932,0.7678578135308594,0.739245015107075,0.7551938657139626,137284000
2000-08-02,0.7092252969741821,0.7495647523304443,0.7082872470053745,0.7354929005658185,162355200
2000-08-03,0.7204828262329102,0.7214209261436979,0.6641953786430387,0.6838956270739883,339897600
2000-08-04,0.7111013531684875,0.7692658044166608,0.6951533534694428,0.7425291543183453,263121600
2000-08-07,0.7195449471473694,0.736431000055386,0.7082872946336317,0.7186068971154833,187348000
2000-08-08,0.7017199993133545,0.7204830556341046,0.6951535483544345,0.7195450055261119,176674400
2000-08-09,0.7129775285720825,0.7270494300754471,0.7092252786920981,0.7223590801493591,379640800
2000-08-10,0.7139155864715576,0.7270493871534534,0.7111013867023388,0.7204828876242938,251714400
2000-08-11,0.7157924771308899,0.7204828263813872,0.6838956272149256,0.7031277275208917,238056000
2000-08-14,0.7064111232757568,0.7157926253427923,0.6951534710997532,0.7143847236627615,156660000
2000-08-15,0.7007817625999451,0.7195448139244366,0.6979675629238515,0.7092252133532476,114200800
2000-08-16,0.72798752784729,0.7354929299269248,0.7026588249384541,0.7035969250461888,143673600
2000-08-17,0.7720797657966614,0.7870897110187668,0.7251729792945196,0.7261110288500586,270900000
2000-08-18,0.7505029439926147,0.7777086008732554,0.7486267937245551,0.7711421500872725,190176000
2000-08-21,0.7580083608627319,0.7739563649109705,0.7448745572184642,0.7542552085312052,134467200
2000-08-22,0.7758322954177856,0.7927183959749053,0.7561320451737084,0.7598842948577925,276802400
2000-08-23,0.8152338266372681,0.8218011789747438,0.7664509156230244,0.7725492178877708,236863200
2000-08-24,0.8422049283981323,0.8499448049880453,0.8011618985523007,0.8206276751495475,310766400
2000-08-25,0.8527587652206421,0.8630783639658098,0.8461914654472893,0.8480684666580681,334460000
2000-08-28,0.871521532535553,0.8855934394726822,0.8565116253930712,0.859325826415112,359004800
2000-08-29,0.8884081244468689,0.8921603239093643,0.8658927232071155,0.8687069229054594,267030400
2000-08-30,0.8930985331535339,0.9006039350263109,0.8811373061962646,0.885593131280757,285392800
2000-08-31,0.9146758317947388,0.9231184318741261,0.884655026100306,0.8851240761385425,419596800
2000-09-01,0.952200710773468,0.9550149098349237,0.9174897172081592,0.9203039162696149,256872000
2000-09-05,0.9371903538703918,0.9625199610115219,0.9343761534828711,0.9404745061830494,298642400
2000-09-06,0.8771505951881409,0.936252307502601,0.866830992519311,0.9212423042849128,355404000
2000-09-07,0.9306240677833557,0.9390674716101609,0.8743365459926475,0.8874703511786368,217464800
2000-09-08,0.8837170600891113,0.9249945672681115,0.8780886598205171,0.9249945672681115,195518400
2000-09-11,0.8771505951881409,0.9062324012701887,0.8724593930155695,0.8809028955866347,187381600
2000-09-12,0.8668308258056641,0.9015419275348188,0.8555731251516121,0.860733376406918,187997600
2000-09-13,0.8705829381942749,0.8930982344557256,0.851820742425811,0.851820742425811,305984000
2000-09-14,0.8534625172615051,0.8949744914445926,0.8527588922099972,0.879026491968255,426552000
2000-09-15,0.8290711045265198,0.8733981848040412,0.81429567830855,0.8668308833607146,394514400
2000-09-18,0.9104539155960083,0.9118609658718142,0.8264916824612185,0.8293058832158126,424536000
2000-09-19,0.8996655941009521,0.9081081919688854,0.8790263957952171,0.8968505931882009,271510400
2000-09-20,0.9163176417350769,0.9221805178887388,0.8790268034302784,0.8916915578301672,227388000
2000-09-21,0.850882887840271,0.8949745916767149,0.8293056350279868,0.8780885905787978,510490400
2000-09-22,0.7833375334739685,0.7870898324780696,0.7505026375714957,0.7551937878993058,726700800
2000-09-25,0.8030378222465515,0.8330576669425451,0.781461376702462,0.7917801237155561,435551200
2000-09-26,0.7720797657966614,0.8218007510668757,0.7711417162411224,0.8002235070283386,290936800
2000-09-27,0.7345548868179321,0.7917803967685122,0.7242352845211548,0.7767704942949402,402259200
2000-09-28,0.8030378222465515,0.8077289725307227,0.7223588852771713,0.740183031852065,979585600
2000-09-29,0.38650861382484436,0.43529156620122367,0.38088021436633224,0.4230958155817606,7421640800
2000-10-02,0.36399418115615845,0.40151946216357987,0.35273652921693593,0.40058138712882624,2424788800
2000-10-03,0.33491232991218567,0.3752518052912424,0.3330353534326568,0.3743137303886183,2038120000
2000-10-04,0.35461264848709106,0.3564887734754452,0.3283450448954547,0.3358504466754716,1466024000
2000-10-05,0.3311590850353241,0.36774627275230454,0.3302210104686359,0.3527363532142154,873006400
2000-10-06,0.33303534984588623,0.3442930000782047,0.31521120041665557,0.3405407255588558,612656800
2000-10-09,0.32646888494491577,0.3433549349090824,0.3170873341304943,0.33960268533420984,597564800
2000-10-10,0.3133351504802704,0.33678853143611126,0.3077058731070769,0.3245928033999638,691101600
2000-10-11,0.2945719361305237,0.31521113246210397,0.2870674137604181,0.30207733527618297,1198422400
2000-10-12,0.3002013564109802,0.3123970848161387,0.2926959536285262,0.3048916820336846,1191064000
2000-10-13,0.3311590850353241,0.33209715960201236,0.30020117139245767,0.30395341955775695,1247752800
2000-10-16,0.3227165937423706,0.34898419317167484,0.3208395922755824,0.3349123185861224,820176000
2000-10-17,0.3020775020122528,0.32928318609095475,0.295511025657242,0.3255309103094137,601720000
2000-10-18,0.3020775020122528,0.3161493816556394,0.2814382942885617,0.29175789815040726,834265600
2000-10-19,0.2842532694339752,0.297387070304453,0.27487174332657854,0.28753651924569756,1506724800
2000-10-20,0.29269590973854065,0.30582971131911285,0.2842532848024635,0.2861294348108088,791263200
2000-10-23,0.3058296740055084,0.3086447253489384,0.291757799137642,0.30418804921118187,551292000
2000-10-24,0.2833152115345001,0.31333508719120606,0.28237713660752334,0.31052086241027577,804451200
2000-10-25,0.2776859700679779,0.2880055721296906,0.27674792007428234,0.2861294470915599,663969600
2000-10-26,0.2776859700679779,0.28331524700899413,0.2626760428855688,0.282377171964559,721851200
2000-10-27,0.2786240875720978,0.28800561601903185,0.2683044839377748,0.283315290183574,744503200
2000-10-30,0.28988170623779297,0.29926323273788025,0.28143822967968785,0.28706750631037004,639189600
2000-10-31,0.29363393783569336,0.30395351275523064,0.2889435886148357,0.2964489890728867,885880800
2000-11-01,0.30770590901374817,0.3133351870438307,0.2917579037015289,0.2917579037015289,575366400
2000-11-02,0.33491232991218567,0.3367884546666981,0.31614927871408527,0.3170873285659736,590693600
2000-11-03,0.33397340774536133,0.3452310833000263,0.3292830832710646,0.3452310833000263,515821600
2000-11-06,0.32177862524986267,0.33960278016085715,0.313335172047614,0.33678855461778745,393478400
2000-11-07,0.31990155577659607,0.3274069316291164,0.3123970065983629,0.3227166071807726,301963200
2000-11-08,0.30113929510116577,0.3217784937983208,0.2973870209606787,0.3208395672755946,422088800
2000-11-09,0.30301547050476074,0.30770579479179727,0.28612939623481837,0.29832512116698917,476834400
2000-11-10,0.2861294746398926,0.29832520291393155,0.2861294746398926,0.2905853002165385,422251200
2000-11-13,0.29081976413726807,0.3002013159447942,0.27393371238559144,0.28143823738048074,431816000
2000-11-14,0.3039535582065582,0.3077058331341893,0.2936339817438956,0.299263233335073,409001600
2000-11-15,0.2983251214027405,0.30301547074421864,0.28894359604552483,0.30067029607347956,282357600
2000-11-16,0.2851913571357727,0.29738708359795724,0.283315232195736,0.29269590699739584,239372000
2000-11-17,0.2776859700679779,0.2889436471741257,0.27393371999171656,0.2880055721296906,446180000
2000-11-20,0.2842532694339752,0.2926958939135919,0.2739336934238611,0.27909306809175544,408066400
2000-11-21,0.2823771834373474,0.2926959341931586,0.2814382566296192,0.28800558383115693,301952000
2000-11-22,0.2776859700679779,0.287067522135995,0.27580984502984723,0.282377171964559,280532000
2000-11-24,0.28988170623779297,0.2926959061652159,0.28237715639750643,0.28308070637936217,160932800
2000-11-27,0.2805001437664032,0.2992631943604066,0.2776859191491379,0.29832511948798485,258792800
2000-11-28,0.2706504166126251,0.28519131593734676,0.26924331684818115,0.2805001400144675,269124800
2000-11-29,0.2636141777038574,0.2748718323119106,0.25892382646889606,0.27158860648803385,492150400
2000-11-30,0.24766604602336884,0.2551705691152653,0.2420367706661253,0.25048024531417157,809597600
2000-12-01,0.25610947608947754,0.26267594895082796,0.2523563505794752,0.2551705496556639,385705600
2000-12-04,0.2504803240299225,0.25798570120535846,0.24672804877942092,0.25798570120535846,371520800
2000-12-05,0.25517064332962036,0.261737970326698,0.24578996794840546,0.25423259332701675,613978400
2000-12-06,0.2148311585187912,0.2251507342827034,0.21014080891415676,0.2195223347977313,1374464000
2000-12-07,0.2148311585187912,0.22327460947129157,0.21014080891415676,0.21670813505524528,408917600
2000-12-08,0.22608889639377594,0.2298420242395865,0.2167082186180493,0.22233662027333603,435624000
2000-12-11,0.22796496748924255,0.23078001906066364,0.22327461771150522,0.22796496748924255,332511200
2000-12-12,0.23078005015850067,0.24016072592729307,0.2251507729314441,0.22890304824910923,386260000
2000-12-13,0.2251507043838501,0.23359417926583703,0.22327457982157792,0.23359417926583703,344887200
2000-12-14,0.21670812368392944,0.2289029969450468,0.21670812368392947,0.2256197724346724,263317600
2000-12-15,0.21107891201972961,0.22046043915553645,0.21014083696344257,0.21858428904296234,513945600
2000-12-18,0.21389304101467133,0.21952229110424562,0.20920270486896472,0.21858421635988484,325808000
2000-12-19,0.21014082431793213,0.22890302573534882,0.21014082431793213,0.21576922421547806,374007200
2000-12-20,0.21576917171478271,0.21952229747529142,0.20451236213331503,0.2068575365369136,565331200
2000-12-21,0.21107891201972961,0.22515076433549197,0.2082646993762384,0.21389311213785092,366844800
2000-12-22,0.2251507043838501,0.2251507043838501,0.2120169055708161,0.2120169055708161,318052000
2000-12-26,0.2204604297876358,0.22515075476828797,0.21389310304901196,0.22327462978617488,216815200
2000-12-27,0.22233650088310242,0.22233650088310242,0.21295497641969524,0.21530015086700188,325466400
2000-12-28,0.22233650088310242,0.22421265046124084,0.21483112599783366,0.21576917573617013,305177600
2000-12-29,0.22327463328838348,0.22515075829992484,0.2176462332030202,0.22046043324570183,630336000
2001-01-02,0.22327463328838348,0.22890303337374676,0.21858428318342127,0.22327463328838348,452312000
2001-01-03,0.24578990042209625,0.2504802493494855,0.21670810376449684,0.21764617856012128,817073600
2001-01-04,0.25610947608947754,0.27768587076558493,0.2523563505794752,0.2722919975531335,739396000
2001-01-05,0.24578990042209625,0.26079984867407463,0.24109872482052072,0.25423252348125025,412356000
2001-01-08,0.24860425293445587,0.2549362303929196,0.23922272262510996,0.2542326801253957,373699200
2001-01-09,0.2579856812953949,0.26478668122773524,0.24860415469335428,0.25235642965427524,588929600
2001-01-10,0.24860425293445587,0.25517073044826205,0.24109887337233935,0.2504804036816853,580781600
2001-01-11,0.27018141746520996,0.27768594190742696,0.24391381584049024,0.24391381584049024,803734400
2001-01-12,0.2579856812953949,0.27018143290618,0.25610955634030363,0.2683044311752429,423376800
2001-01-16,0.2570476531982422,0.2739337311578337,0.25517065130771627,0.2617379785101262,306118400
2001-01-17,0.25235646963119507,0.26361414802244465,0.2476661439750822,0.26361414802244465,840873600
2001-01-18,0.2805001437664032,0.28143819358808997,0.26455211941318413,0.2673663440304494,1227010400
2001-01-19,0.29269590973854065,0.29363398474271335,0.28050018316214115,0.29175783473436795,776664000
2001-01-22,0.2889435887336731,0.29457198776042953,0.27674786410048313,0.2861293892202949,519327200
2001-01-23,0.30770590901374817,0.31427323721900574,0.28612950244750074,0.28988177830043427,879530400
2001-01-24,0.30770590901374817,0.31052096136607216,0.29363405415336785,0.3095829111908971,717091200
2001-01-25,0.29926323890686035,0.30864476560033743,0.2964490389214258,0.30864476560033743,489708800
2001-01-26,0.29363393783569336,0.29738703887647067,0.28612938910261493,0.29269586298137495,482820800
2001-01-29,0.3255308270454407,0.326468902013572,0.29363397346112435,0.29363397346112435,855528800
2001-01-30,0.32646888494491577,0.33022113451978835,0.3133350845556217,0.323654660187657,692423200
2001-01-31,0.3245927095413208,0.3377265088961766,0.321778510056449,0.322716584901651,730704800
2001-02-01,0.31708741188049316,0.32271668944960763,0.3077058838164523,0.31052093593825847,369695200
2001-02-02,0.30958276987075806,0.32928304204301634,0.3077057685504336,0.3170872931001725,427341600
2001-02-05,0.30301547050476074,0.3086447213944924,0.2964489964623216,0.30770579479179727,286115200
2001-02-06,0.31708741188049316,0.32107421247612317,0.3002013577758572,0.3025465080725006,462711200
2001-02-07,0.3114589750766754,0.3133351251579617,0.2973870979448444,0.31005187504108045,393887200
2001-02-08,0.3114589750766754,0.3161493252291517,0.3030155231379638,0.3086447750054855,604128000
2001-02-09,0.2870674729347229,0.31239699783754876,0.28050014712560284,0.30770579674500526,590083200
2001-02-12,0.2955108880996704,0.3002012369059689,0.2823770897780161,0.28612936381290843,274120000
2001-02-13,0.2870674729347229,0.30676774691208464,0.2851913231674111,0.29926319794430783,237070400
2001-02-14,0.29269590973854065,0.2945720346961475,0.2776859581496231,0.28800555976841574,309120000
2001-02-15,0.30113929510116577,0.3086446951070612,0.29551089641580164,0.29551089641580164,311416000
2001-02-16,0.2851913571357727,0.29269590699739584,0.2814382304798605,0.2851913571357727,263911200
2001-02-20,0.27487170696258545,0.291757780362211,0.2729955823546143,0.2880055060955349,314893600
2001-02-21,0.2833152115345001,0.29926321176446163,0.2739336856919032,0.2739336856919032,390258400
2001-02-22,0.2823771834373474,0.2908197840280617,0.27018145584200015,0.2861294587168006,431961600
2001-02-23,0.2823771834373474,0.28331525851989586,0.27393373112145336,0.2795621315152629,293865600
2001-02-26,0.29269590973854065,0.2955109614254288,0.27862403315379575,0.2861294348108088,206438400
2001-02-27,0.29081976413726807,0.2917578391556563,0.2805001874128314,0.2894126641350551,348516000
2001-02-28,0.2739337682723999,0.2917578986788684,0.27205761785285915,0.29081982346909807,508233600
2001-03-01,0.2814382016658783,0.2814382016658783,0.25798565281235925,0.26736635170435,330461600
2001-03-02,0.2889435887336731,0.30676773744435404,0.2739336645871049,0.2748717143910746,406201600
2001-03-05,0.3058296740055084,0.3077057987342135,0.2889435995192167,0.29081972424792174,324172800
2001-03-06,0.3227165937423706,0.3311591924282685,0.31052084384788387,0.3109898938087015,731802400
2001-03-07,0.3189634382724762,0.32459268860407997,0.31145889009639516,0.31990151305716946,419540800
2001-03-08,0.31239694356918335,0.3170872670712079,0.3067676936216103,0.3105207941277888,204859200
2001-03-09,0.3039535582065582,0.310520884792328,0.30020130832966535,0.3095828348484739,299135200
2001-03-12,0.2795621156692505,0.2983251694026166,0.2720575655357136,0.29551096936522503,391020000
2001-03-13,0.29363393783569336,0.29363393783569336,0.27299558962012244,0.28331518959039415,443329600
2001-03-14,0.3067677617073059,0.3077058115854681,0.27674788598909555,0.27768593586725776,477775200
2001-03-15,0.2955108880996704,0.3208395582466756,0.2955108880996704,0.3133350352276232,529317600
2001-03-16,0.2945719361305237,0.3048915342963138,0.28331514005000025,0.2851912643798441,470316000
2001-03-19,0.30864471197128296,0.309582786820344,0.2926958613409813,0.2964489874114589,356008800
2001-03-20,0.2955108880996704,0.3142730849482971,0.2955108880996704,0.31098986082447394,499206400
2001-03-21,0.3020775020122528,0.3133351810821696,0.29081982294233605,0.29691812594397693,371375200
2001-03-22,0.3245927095413208,0.32646885923172486,0.3030154600068852,0.30582965949175706,723301600
2001-03-23,0.3452310562133789,0.35367450636011377,0.3302211072265076,0.3311591820680605,944888000
2001-03-26,0.32691943645477295,0.3564887505853821,0.3171621742801692,0.34718287764601374,734451200
2001-03-27,0.3432801067829132,0.34598167816985026,0.32871986850141927,0.329320885718097,543821600
2001-03-28,0.3327730894088745,0.3377265215812231,0.32271659702292305,0.33142230366628145,584662400
2001-03-29,0.3381763696670532,0.3519859688044909,0.3227167280346544,0.3267690618568046,613065600
2001-03-30,0.3312719762325287,0.3410283896103329,0.3203143796411302,0.33847727186046817,400349600
2001-04-02,0.3240673542022705,0.34012800662305076,0.3212153280324817,0.3315719030629495,340911200
2001-04-03,0.3038039207458496,0.3212153341769043,0.30215220050779834,0.32061516865839007,368687200
2001-04-04,0.29269590973854065,0.3039535613107675,0.2814382331155753,0.2965986394398538,685484800
2001-04-05,0.3132602572441101,0.3377265346740557,0.3002012834356775,0.3092070731849378,446762400
2001-04-06,0.30905747413635254,0.31581140374486383,0.29870004589527893,0.31220958351178135,324889600
2001-04-09,0.3083067238330841,0.3203141640052627,0.3011014080050268,0.3105577571954829,266582400
2001-04-10,0.33082127571105957,0.3407281647855664,0.3119086225788945,0.3137099457354199,457374400
2001-04-11,0.3272196054458618,0.34523119050591733,0.3194141193093347,0.3449311076448562,334096000
2001-04-12,0.3365252912044525,0.3455310786597057,0.3174629884843006,0.32151534483693983,298933600
2001-04-16,0.3218154311180115,0.33622521226230373,0.3131097262576303,0.3315718387490264,285224800
2001-04-17,0.3062053620815277,0.31836325865739235,0.2941970684742578,0.31821280396392615,685199200
2001-04-18,0.34207892417907715,0.3614421383306662,0.31641231947572146,0.3237672646233809,1100842400
2001-04-19,0.3860588073730469,0.38650849300192347,0.3542376183700327,0.38350686460109595,1873670400
2001-04-20,0.3758520483970642,0.38470823743438404,0.369247745765797,0.37420117940787395,693403200
2001-04-23,0.36399418115615845,0.37525185814612033,0.36024105434274695,0.36534496712096165,541525600
2001-04-24,0.3606915771961212,0.37149869039813305,0.35288609334836823,0.36519447214076733,377137600
2001-04-25,0.3710489869117737,0.3731503930391096,0.35378720038742206,0.3633931560127736,330780800
2001-04-26,0.3705984354019165,0.3917621489786172,0.37044798068093976,0.37780290184868737,799696800
2001-04-27,0.39326339960098267,0.3946141854273342,0.371498693255153,0.37825344906122277,453012000
2001-04-30,0.38260674476623535,0.4070730230030019,0.37330002021663633,0.40076877958503077,494776800
2001-05-01,0.3892109990119934,0.3977662505227236,0.37825340716497685,0.38140554101949997,427252000
2001-05-02,0.399117112159729,0.4007688075671758,0.3866591292817394,0.3953648371575263,368524800
2001-05-03,0.3746507465839386,0.3940139611672622,0.37119855517002504,0.3898111495895954,301543200
2001-05-04,0.38650861382484436,0.3880098794076696,0.35964087234168446,0.3638436844920917,281052800
2001-05-07,0.3746507465839386,0.38665904090634523,0.37284942352576866,0.3845576351175118,276550400
2001-05-08,0.3687971830368042,0.3820057873995482,0.35949130875270047,0.38050539832346597,315436800
2001-05-09,0.35994091629981995,0.36849699440093847,0.35528839383092187,0.3623424048876218,324889600
2001-05-10,0.3452310562133789,0.3677463805054322,0.344480436015438,0.3633931140270658,288976800
2001-05-11,0.3429800271987915,0.3525859818516666,0.3416292414928709,0.34538151586201027,203044800
2001-05-14,0.3495843708515167,0.3554380518579584,0.3414788289410295,0.34358023511506913,309220800
2001-05-15,0.3479335606098175,0.38275642143449445,0.3458321540829601,0.3507847608895702,237025600
2001-05-16,0.361742228269577,0.36774636289129414,0.34298000586589206,0.3491337685154944,322330400
2001-05-17,0.35348716378211975,0.36519452706406297,0.34898426816026235,0.36369411297306403,332119200
2001-05-18,0.3531871438026428,0.3548380129336779,0.3470325265232771,0.35063517433151487,159051200
2001-05-21,0.3536367118358612,0.3588902520745913,0.3459817078011136,0.35468741487345995,460997600
2001-05-22,0.3527364134788513,0.36219273880410907,0.3512351482156307,0.3602409361423164,412916000
2001-05-23,0.34868329763412476,0.3564887567995472,0.34312969938446275,0.3564887567995472,281041600
2001-05-24,0.3482336103916168,0.3497340244294678,0.3395279022744769,0.34958439636288324,271756800
2001-05-25,0.3416292369365692,0.3495843230288044,0.33772650790804987,0.3482335373408991,158743200
2001-05-29,0.3222661316394806,0.33772662338100373,0.31235926430859023,0.33502422440698165,515989600
2001-05-30,0.29689866304397583,0.3116085289038583,0.28969419734476637,0.3116085289038583,777078400
2001-05-31,0.29945069551467896,0.3038039882272722,0.2925463104953492,0.2971988343086619,442892800
2001-06-01,0.3135603964328766,0.31656205133130055,0.2999012546298859,0.30215226408435275,456075200
2001-06-04,0.31010812520980835,0.3168620536846719,0.3071056443994406,0.3164123429025023,281920800
2001-06-05,0.3143109381198883,0.3167124267721621,0.30545477704181284,0.31220953221486936,471794400
2001-06-06,0.3111589252948761,0.314160580368056,0.3051547884740264,0.314160580368056,223176800
2001-06-07,0.3251180648803711,0.3257182053046488,0.3069560074797791,0.3108579097415602,325180800
2001-06-08,0.32001420855522156,0.3249676412653417,0.31085796344552674,0.3249676412653417,342624800
2001-06-11,0.30080142617225647,0.3162619139686127,0.29945064036719055,0.3159618311979646,294000000
2001-06-12,0.3048546612262726,0.31055788770197984,0.2965986392465751,0.29674909398183796,303794400
2001-06-13,0.30725622177124023,0.3261689074503024,0.3011016046067698,0.3215155312903352,511487200
2001-06-14,0.2983999252319336,0.3069560289335158,0.2967490567231663,0.3008014139740312,297348800
2001-06-15,0.30680567026138306,0.3114590211601838,0.2904449296948883,0.3017026084212166,454624800
2001-06-18,0.3051546514034271,0.31295928175777543,0.3002012200843661,0.30635498222373364,345912000
2001-06-19,0.3030533194541931,0.3212153542558187,0.3003508960526817,0.3129593578259673,321087200
2001-06-20,0.3252677023410797,0.3279701256642486,0.2999012015795026,0.3002012843488183,431620000
2001-06-21,0.3375760614871979,0.34523106502276746,0.3167124317679203,0.3234663603732771,341331200
2001-06-22,0.3341239392757416,0.34523113677918366,0.32661853716830686,0.337426503582548,286025600
2001-06-25,0.36009150743484497,0.36024111047328455,0.3369760092916782,0.3377266297611696,439549600
2001-06-26,0.35648876428604126,0.3567888470795756,0.34538156755345906,0.3503350003326815,272781600
2001-06-27,0.3503350019454956,0.36024104087518194,0.3377265645128347,0.3576899488319529,374130400
2001-06-28,0.3533366918563843,0.3588903158536151,0.34433090041204645,0.345981769286137,348409600
2001-06-29,0.3489842116832733,0.3767522013033691,0.3482335663712972,0.35513797514656575,515390400
2001-07-02,0.35874059796333313,0.3636940300199017,0.3473324683764426,0.35483786886802937,230048000
2001-07-03,0.35783952474594116,0.36294343694687936,0.35273648932077944,0.352886092318988,112543200
2001-07-05,0.34808310866355896,0.3567888156055322,0.34538153708570607,0.3542377237990914,152292000
2001-07-06,0.33067166805267334,0.34463088897569477,0.32601829380285796,0.3416292348733916,302920800
2001-07-09,0.34072816371917725,0.3452310582592807,0.32541813189724494,0.33157189487806554,337467200
2001-07-10,0.317312628030777,0.3462818015588739,0.31280973296596576,0.3444804781980838,395270400
2001-07-11,0.33832672238349915,0.33847717711470743,0.3152112292336124,0.3156617667528898,470506400
2001-07-12,0.3656449019908905,0.37239965575639883,0.3497338812572904,0.3497338812572904,614801600
2001-07-13,0.37299999594688416,0.37540148522429034,0.35783958815660716,0.3621928808613312,454742400
2001-07-16,0.35964083671569824,0.37675216639383785,0.35889021652401015,0.3734504295594744,278667200
2001-07-17,0.37675222754478455,0.37855355096236604,0.34538156410470117,0.35994097787982915,647830400
2001-07-18,0.3120589256286621,0.34192915627016623,0.3065053308217301,0.32691923949293134,1137012800
2001-07-19,0.29960116744041443,0.321515479900473,0.2964490578395165,0.3186634531175992,861140000
2001-07-20,0.29990118741989136,0.3011014933897464,0.29254624150814384,0.2956983504485778,444584000
2001-07-23,0.2932969629764557,0.30770590024290423,0.2928464253510848,0.30155213495251737,241360000
2001-07-24,0.2865420877933502,0.29900006803218726,0.28113811852850096,0.2910449821769564,348376000
2001-07-25,0.27723535895347595,0.28969419066504665,0.26973081069078036,0.2869926194244111,443878400
2001-07-26,0.2790367305278778,0.28218886479888217,0.2679295342300784,0.27738588694161703,369140800
2001-07-27,0.28459033370018005,0.28894360041557815,0.27768592513121343,0.2814381996509992,334135200
2001-07-30,0.2841407060623169,0.2905945539914031,0.277836486220225,0.2869927331348604,243359200
2001-07-31,0.28203925490379333,0.2914955831734251,0.2778364423395126,0.289243722153539,235026400
2001-08-01,0.2860916256904602,0.29689874039183944,0.2844407568723883,0.2853410053164946,304136000
2001-08-02,0.2974996566772461,0.2982494250713332,0.28909400897280374,0.29494768855688386,252089600
2001-08-03,0.29269590973854065,0.2987000456886863,0.2851913598066362,0.29855044267843395,186054400
2001-08-06,0.2871423661708832,0.29509745515410474,0.2851914142847351,0.28579157999208404,99652000
2001-08-07,0.2889435887336731,0.29524780647568605,0.28489123161705265,0.29014474640206345,168548800
2001-08-08,0.28369012475013733,0.2956983968874544,0.2782861292352897,0.28909409521424595,276169600
2001-08-09,0.2859419882297516,0.2874424022539873,0.2809885552637899,0.28459037559634914,200664800
2001-08-10,0.2854914367198944,0.2899943319211204,0.2790367383203089,0.2857915195100624,186961600
2001-08-13,0.2865420877933502,0.29014473396991636,0.28158865596912247,0.28669171582408876,147996800
2001-08-14,0.281138151884079,0.2905944792138569,0.28023790357022915,0.28819299036928964,228950400
2001-08-15,0.2767857015132904,0.2842902505423788,0.27318302999100097,0.2815886790258486,289279200
2001-08-16,0.2799378037452698,0.28143819245954677,0.26973083172120055,0.2742337263647376,288092000
2001-08-17,0.2712322175502777,0.27693542068546073,0.2700310342803471,0.27018151411147273,208426400
2001-08-20,0.2719818353652954,0.2736335553846641,0.26732931320138803,0.27228276980971305,252302400
2001-08-21,0.2689802348613739,0.2722828238304523,0.2656776709430325,0.2722828238304523,185701600
2001-08-22,0.2733335494995117,0.2739337151072731,0.2643269069603974,0.26928033991040606,173975200
2001-08-23,0.26732927560806274,0.2752843599163969,0.26387708480772987,0.2731829545010601,217078400
2001-08-24,0.27873677015304565,0.27948739070685436,0.26492797227099923,0.2701815145237875,290332000
2001-08-27,0.28399017453193665,0.2896942271350912,0.27258289599991786,0.2791871969052224,175644000
2001-08-28,0.27618473768234253,0.2872927870563052,0.27618473768234253,0.2836901398879936,171735200
2001-08-29,0.2676295042037964,0.28263945802301804,0.2676295042037964,0.27678577593844444,239971200
2001-08-30,0.2676295042037964,0.27288302060648884,0.2593735060427123,0.26627871808231734,368692800
2001-08-31,0.2784365713596344,0.279187191600977,0.2649278619875562,0.26612819303428464,216904800
2001-09-04,0.2739337682723999,0.2863917537604472,0.27288303986695733,0.27768601900999346,348213600
2001-09-05,0.2784365713596344,0.28444070661610044,0.2719818735727723,0.2737831968171396,360057600
2001-09-06,0.26597854495048523,0.2841406024459064,0.2649278420266255,0.27618466477579756,282368800
2001-09-07,0.25937333703041077,0.27168168553559224,0.2581730064488053,0.2626758994777343,241830400
2001-09-10,0.2607250213623047,0.26267597243626944,0.2539702666057937,0.2551705724700595,308845600
2001-09-17,0.2550210654735565,0.2562213968403134,0.23610838132593848,0.24016073970048543,458007200
2001-09-18,0.24436353147029877,0.26597861265246936,0.24271266264808336,0.2536702571722663,327101600
2001-09-19,0.2554715573787689,0.25667188853083023,0.23415656096112464,0.24766609819298196,373318400
2001-09-20,0.23535768687725067,0.2544208197886403,0.23265611547705026,0.24451393070485766,411174400
2001-09-21,0.23610833287239075,0.24391381690321126,0.22034776180859605,0.22214911021430053,570516800
2001-09-24,0.24691548943519592,0.252769171355051,0.2394101119249058,0.24181242793381683,294537600
2001-09-25,0.2332562953233719,0.24346324273175696,0.23040426903691136,0.2422620849942998,374404800
2001-09-26,0.22740259766578674,0.238509792539306,0.22410000909021574,0.23730863489184964,493796800
2001-09-27,0.2328057438135147,0.23640839013457982,0.22815322121256143,0.2289029896939991,322240800
2001-09-28,0.2328057438135147,0.23880987879054452,0.23100442065298216,0.2358082246391477,365108800
2001-10-01,0.2332562953233719,0.24001105091371078,0.22860294576786858,0.2325056750717469,208208000
2001-10-02,0.22590142488479614,0.23760961542328624,0.22334945574083148,0.2316054787374814,235883200
2001-10-03,0.22485069930553436,0.2305547525918469,0.22259881321828584,0.22440013671261555,683043200
2001-10-04,0.23835936188697815,0.2439138116092791,0.2250011317533558,0.23040427502666205,401122400
2001-10-05,0.24226215481758118,0.24241260958098365,0.22500119075250335,0.23115495591057036,342686400
2001-10-08,0.24316324293613434,0.24541427778480304,0.2326562091768325,0.23370691255276269,207984000
2001-10-09,0.24016067385673523,0.243163154799441,0.2346070761218516,0.2409112940924117,174025600
2001-10-10,0.2524692118167877,0.2529197495780853,0.23941020508673855,0.24166206721843492,307759200
2001-10-11,0.2662787437438965,0.2662787437438965,0.2529196826504091,0.25397038603220506,334163200
2001-10-12,0.2703310549259186,0.27138175812281146,0.25306924116210217,0.25982402295699,287812000
2001-10-15,0.2700309157371521,0.2758845961337032,0.26943075022834034,0.26943075022834034,318752000
2001-10-16,0.2703310549259186,0.2731830816995459,0.2667284077724496,0.2715322128685506,202949600
2001-10-17,0.2550210654735565,0.27633523902918333,0.2545705278737752,0.2752845106952813,285538400
2001-10-18,0.27018141746520996,0.27363360943288745,0.2595239070583192,0.2595239070583192,612572800
2001-10-19,0.2746843099594116,0.27618469878881774,0.26838006658913216,0.2692803149172179,166790400
2001-10-22,0.2854914367198944,0.2862420570324909,0.2715321885430499,0.2733335370091489,391938400
2001-10-23,0.2722827196121216,0.29149545018725354,0.2682295119096204,0.2869925568761764,684980800
2001-10-24,0.28444069623947144,0.28654210216885984,0.26642826607644593,0.27108161539844716,374427200
2001-10-25,0.28804340958595276,0.2889436580475247,0.2725829442706924,0.27678575710690156,254951200
2001-10-26,0.28023797273635864,0.2889436819494524,0.2794873522857377,0.2830899997789162,278964000
2001-10-29,0.26462695002555847,0.28023789192894377,0.2641772392244654,0.27873665146058896,239181600
2001-10-30,0.26417723298072815,0.2701813930887098,0.2560716919871572,0.2608746693632558,276763200
2001-10-31,0.2635762095451355,0.27618464366782686,0.2617757132483074,0.2661281526435323,273750400
2001-11-01,0.2790367305278778,0.2818887820170944,0.2589237440791238,0.2649278797378702,312995200
2001-11-02,0.27873677015304565,0.2830900386952887,0.2725830042912042,0.2779861245484909,197204000
2001-11-05,0.28624197840690613,0.28894354945069756,0.27933674438163714,0.2827897872567002,235793600
2001-11-06,0.29374659061431885,0.29449721088553066,0.27813649966575893,0.2845903459844269,316019200
2001-11-07,0.2940467894077301,0.3021523341909297,0.2901448851367763,0.2920958372722532,382989600
2001-11-08,0.28083813190460205,0.2985504844900162,0.2787367253614705,0.29464772919138904,342143200
2001-11-09,0.28083813190460205,0.2889436752387503,0.2784366425230926,0.2791872629562804,134293600
2001-11-12,0.2814382016658783,0.2877424447586379,0.2695803858260158,0.2800874409467914,201499200
2001-11-13,0.29074496030807495,0.29104504310657664,0.28083809458563963,0.28639169304386064,224672000
2001-11-14,0.2943476438522339,0.29870008498346473,0.28744243193026414,0.2940467343419266,221149600
2001-11-15,0.2919452488422394,0.2987000041818197,0.28864351186680387,0.2919452488422394,213029600
2001-11-16,0.2847408950328827,0.2895438743505247,0.2761847880651679,0.28924379147749474,230664000
2001-11-19,0.3002013564109802,0.3009519768516008,0.2845904102141155,0.2851914025713084,332589600
2001-11-20,0.29314643144607544,0.303202924615671,0.29269589393868295,0.2974997234948471,276584000
2001-11-21,0.2953982651233673,0.29719876163858755,0.2890940472973483,0.29434756215236413,201583200
2001-11-23,0.2977997660636902,0.29945063460765187,0.29374658205215076,0.2958479880805687,60004000
2001-11-26,0.32076480984687805,0.3234663814651791,0.2983999382350904,0.2993001865497569,460689600
2001-11-27,0.3152112364768982,0.3230166958434495,0.30770583485457337,0.318212891100913,268553600
2001-11-28,0.30815643072128296,0.3183633802244503,0.30635510708255276,0.3129594093082598,250611200
2001-11-29,0.3065055310726166,0.31070834358304145,0.30305333889253505,0.30920710292235465,202764800
2001-11-30,0.31971415877342224,0.32181556519016047,0.3039535855971452,0.3072561750203755,303912000
2001-12-03,0.3159618377685547,0.31941402971424643,0.30920708192845714,0.3161114658198407,181165600
2001-12-04,0.336225301027298,0.33862678989788025,0.31100840282398223,0.31596183528956884,380419200
2001-12-05,0.35663920640945435,0.36069156370578054,0.3327730950378422,0.33562512128678657,568579200
2001-12-06,0.3419294059276581,0.3527365458817978,0.3323226223055054,0.3524364630614862,338934400
2001-12-07,0.33832672238349915,0.34087866609360834,0.3302211553575037,0.33712556455687503,203515200
2001-12-10,0.33832672238349915,0.3450814784752718,0.33367337248255824,0.33457444752111315,170010400
2001-12-11,0.32691943645477295,0.3429800653493318,0.32496763330953016,0.34027766696265727,205475200
2001-12-12,0.3225661516189575,0.32902084998775494,0.31896350480541963,0.32827022967873876,192460800
2001-12-13,0.3152112364768982,0.3234664066987136,0.30770583485457337,0.3225661583138191,197842400
2001-12-14,0.30605489015579224,0.31265918948779453,0.3015519713184284,0.3111587760083122,189884800
2001-12-17,0.3095071613788605,0.3152112141013849,0.30305331505933175,0.3062054241942572,173712000
2001-12-18,0.31536173820495605,0.3201647169888385,0.3035030676026143,0.31356041449237776,235239200
2001-12-19,0.32451707124710083,0.32541814619926246,0.307256112530463,0.30890698104373526,289956800
2001-12-20,0.31025782227516174,0.3222660948398937,0.309507201905564,0.3212153916573401,220864000
2001-12-21,0.3152112364768982,0.32331677863841435,0.3122095818528834,0.31536169121156377,256334400
2001-12-24,0.3206152021884918,0.3219659880835486,0.3137099913063566,0.3137099913063566,50629600
2001-12-26,0.3225661516189575,0.3347240763224492,0.3173126361301936,0.32046474542345194,146400800
2001-12-27,0.3312719762325287,0.3339735237049718,0.3239170274550999,0.3239170274550999,191508800
2001-12-28,0.33667582273483276,0.3452310747678628,0.32962098450409755,0.32977058749645594,299124000
2001-12-31,0.3287198543548584,0.34012798330256305,0.3276691514524634,0.3378761227942043,137782400
2002-01-02,0.3497340977191925,0.3497340977191925,0.32962110532753286,0.3309718915818679,529496800
2002-01-03,0.3539368510246277,0.3564887950010884,0.3417789501299703,0.3452311425645993,612007200
2002-01-04,0.35558852553367615,0.359491255029079,0.34508146979313387,0.3503349851380364,409976000
2002-01-07,0.3437306582927704,0.36024099670953064,0.34147879759543137,0.35603818474724297,444584000
2002-01-08,0.3393774628639221,0.34598176495200056,0.3371256016938225,0.3414788692862397,450038400
2002-01-09,0.3249676525592804,0.3441804168651733,0.3194140540774541,0.342229465329432,327835200
2002-01-10,0.3186633884906769,0.3221155802094729,0.30395352161899897,0.31851376044922525,452737600
2002-01-11,0.3159618377685547,0.3278196541643887,0.30920708192845714,0.3210648983242911,348801600
2002-01-14,0.3174629807472229,0.32121525431644915,0.3137098805039343,0.31536157528060627,415996000
2002-01-15,0.3257182538509369,0.3266185021976302,0.3183633323261155,0.3200142009655522,290320800
2002-01-16,0.31190866231918335,0.3213649900900968,0.3077058249258176,0.3213649900900968,566893600
2002-01-17,0.33742642402648926,0.34132832636763377,0.3282701803123967,0.3296209659957506,660576000
2002-01-18,0.3327730894088745,0.3392269353650704,0.32962098045140364,0.33022112091420736,338811200
2002-01-22,0.32751956582069397,0.33577473477351494,0.32751956582069397,0.3342743210293361,327314400
2002-01-23,0.34553107619285583,0.3458319855567542,0.32406728541614505,0.3272194187211177,443279200
2002-01-24,0.34838318824768066,0.3528860830610587,0.3437306653892831,0.34388029343430265,344002400
2002-01-25,0.3489842116832733,0.3515353035115968,0.3401280248939218,0.343580216756188,185914400
2002-01-28,0.34928423166275024,0.3534870683828849,0.34102823635545115,0.35123518279174054,186446400
2002-01-29,0.3462817966938019,0.35333663531014303,0.3429800594740144,0.3485336575317341,240324000
2002-01-30,0.361592561006546,0.3623423544129894,0.3443307541256682,0.3462817049957965,471576000
2002-01-31,0.3710489869117737,0.3711986149641135,0.3618927421177639,0.3626433624024299,468445600
2002-02-01,0.3663957118988037,0.3746508833655998,0.36534500862078473,0.36534500862078473,398305600
2002-02-04,0.38050535321235657,0.38305644521199333,0.36324354101681167,0.36504486442989215,522373600
2002-02-05,0.3820056915283203,0.3899616294895628,0.37645209396672513,0.37660254867887316,456887200
2002-02-06,0.3702984154224396,0.3899617184949584,0.36249295544255083,0.3842576649193143,597576000
2002-02-07,0.36474475264549255,0.3796042229420687,0.3614421888716499,0.369998267735047,347832800
2002-02-08,0.3606915771961212,0.36984782180910086,0.35078468726257966,0.3662451751836616,355331200
2002-02-11,0.37495097517967224,0.37525190975232875,0.35633922524459954,0.3591904005814408,398602400
2002-02-12,0.37089845538139343,0.37585188689500054,0.3669957267138802,0.3701478352521619,224280000
2002-02-13,0.37540146708488464,0.37885365942149923,0.36999832314041325,0.37119865438389127,312872000
2002-02-14,0.3692476153373718,0.37870396672606144,0.3659450518510414,0.37600154366861577,260170400
2002-02-15,0.35874059796333313,0.37495085316981724,0.35798997775182373,0.36819692461471626,260187200
2002-02-19,0.3395278751850128,0.35829010094434155,0.3374264690252825,0.3566392322972206,390258400
2002-02-20,0.3471829295158386,0.34823363274698627,0.33547473922257015,0.34177895860945606,285443200
2002-02-21,0.3227165937423706,0.34523106701382095,0.3219659484702119,0.344030735998945,446751200
2002-02-22,0.34132835268974304,0.34448046175205715,0.3227166077568976,0.3251180965651909,406476000
2002-02-25,0.3573898673057556,0.37104900790629425,0.3356251594655127,0.3429800813273412,426848800
2002-02-26,0.35528841614723206,0.3657954460502138,0.348984198205443,0.35889023591806535,260131200
2002-02-27,0.32962098717689514,0.36399412870437986,0.31431095449870894,0.3593407791938551,1030159200
2002-02-28,0.3257182538509369,0.33907733609411134,0.3204647384760645,0.33247303486203333,456937600
2002-03-01,0.3519858717918396,0.35273651716947557,0.32751961717194983,0.3291704608357647,348992000
2002-03-04,0.3645942509174347,0.3689475171479119,0.341629217153702,0.34913376535732377,348258400
2002-03-05,0.3531871438026428,0.3666958330716683,0.35123534007469537,0.36249301952025004,274702400
2002-03-06,0.3612918257713318,0.36534501082499665,0.3441804653288276,0.35243648857066734,226206400
2002-03-07,0.36594507098197937,0.3681969316595934,0.35438731313619226,0.36114209354551186,258249600
2002-03-08,0.37014785408973694,0.37660252619029844,0.3647447115629349,0.3713490116924669,269774400
2002-03-11,0.37615203857421875,0.3773532213867718,0.36174227880393317,0.3692476547981058,262785600
2002-03-12,0.3710489869117737,0.3713490696907756,0.36174228739110176,0.36789687772076973,254055200
2002-03-13,0.367595911026001,0.37299988022950553,0.3624928512289635,0.3657954146323597,200765600
2002-03-14,0.36669570207595825,0.3692476455847037,0.3582900779758859,0.3647447507702766,217296800
2002-03-15,0.37450122833251953,0.37465085640461687,0.3639941963084465,0.3671463059156684,240900800
2002-03-18,0.37134915590286255,0.37600168006900203,0.36504493605727273,0.37450126582565746,304556000
2002-03-19,0.37299999594688416,0.3797547779290144,0.3647448248886472,0.3705985066694779,242345600
2002-03-20,0.37405064702033997,0.37735323603857734,0.36774642854320483,0.3701479174857799,294319200
2002-03-21,0.36429423093795776,0.36474476844351533,0.3491338254937901,0.3581396155590081,616352800
2002-03-22,0.361592561006546,0.3686465710806157,0.3582899979869857,0.3635435118766743,202193600
2002-03-25,0.3504845201969147,0.36159256522551925,0.34883365200492134,0.361291655850514,262830400
2002-03-26,0.3521362841129303,0.35483785543268015,0.34523104938230964,0.34823353011466324,257840800
2002-03-27,0.3522859811782837,0.3560382564216245,0.3491338715720139,0.35048465759263936,127702400
2002-03-28,0.35528841614723206,0.3584405251181266,0.35213630717633754,0.35573810189643557,108455200
2002-04-01,0.36714625358581543,0.3707480735703885,0.34943390469081337,0.3509351452444018,199046400
2002-04-02,0.3612918257713318,0.3647448451409337,0.3582901706765211,0.36024109743623134,203795200
2002-04-03,0.35648876428604126,0.3675959860693618,0.3542377550480908,0.36099168458851927,214530400
2002-04-04,0.3737505078315735,0.37600154170549727,0.35528839269887424,0.35528839269887424,338497600
2002-04-05,0.37134915590286255,0.3781030866841986,0.36174237137288623,0.37450126582565746,278348000
2002-04-08,0.3686467111110687,0.37044803465378007,0.3569393480950623,0.36264340153457963,261514400
2002-04-09,0.361742228269577,0.3752517628877202,0.3603914426476735,0.3690971485131977,191531200
2002-04-10,0.37014785408973694,0.37450112039116584,0.360391445261506,0.3633930992570412,224980000
2002-04-11,0.37315040826797485,0.3782534690679166,0.3714987129045723,0.37570152533076767,407254400
2002-04-12,0.37615203857421875,0.3778029071567017,0.36879711730313675,0.3754014183073712,320241600
2002-04-15,0.37525177001953125,0.37750277882335653,0.37224926426378235,0.37615199317578074,299370400
2002-04-16,0.38635897636413574,0.390111250685357,0.37705225285376087,0.37750279030806044,614577600
2002-04-17,0.39191269874572754,0.3928129472670418,0.3809551033092917,0.3892111265072932,396250400
2002-04-18,0.3814055323600769,0.38305637569073636,0.37345042146350316,0.3827562929554105,401710400
2002-04-19,0.37495097517967224,0.3826068328744901,0.37420118139842007,0.3826068328744901,375407200
2002-04-22,0.368196964263916,0.37420109992830325,0.36369406918420827,0.37284948739749324,269427200
2002-04-23,0.36399418115615845,0.37194926887910884,0.36159269203268646,0.36834662185670236,233469600
2002-04-24,0.3567887842655182,0.3677463760601259,0.35543799859524355,0.3647447219788731,140448000
2002-04-25,0.36204245686531067,0.3653450215738136,0.35348720225497354,0.3536368052924005,194202400
2002-04-26,0.34538158774375916,0.36579551069181193,0.3452311330010155,0.3644438980303514,304981600
2002-04-29,0.35964083671569824,0.3611420770990743,0.3465818390128762,0.3476325419463955,272288800
2002-04-30,0.36429423093795776,0.36594509955923926,0.35648874693772664,0.3585901781153027,280963200
2002-05-01,0.35994091629981995,0.3645942654429307,0.3506350196370774,0.3645942654429307,214704000
2002-05-02,0.35558852553367615,0.36534493593502,0.35423773968417643,0.35738984889111797,239344000
2002-05-03,0.3528861701488495,0.3605420276134057,0.35168583879533927,0.35378727038921004,230781600
2002-05-06,0.3399776220321655,0.3527365401216327,0.33712559527412433,0.35048465394367395,249664800
2002-05-07,0.33727607131004333,0.3444805393579739,0.33232263785700833,0.3443309112780341,242748800
2002-05-08,0.3657955527305603,0.36804658740953816,0.34583216504205205,0.3482336544810644,436682400
2002-05-09,0.3630930781364441,0.3654945670752081,0.3572393971810609,0.363994153159939,224616000
2002-05-10,0.3500349521636963,0.36459434143168096,0.34493103946019005,0.36459434143168096,235396000
2002-05-13,0.3593408167362213,0.3615926777045948,0.34433086525275286,0.3530365729832745,265608000
2002-05-14,0.38440728187561035,0.38545798511582124,0.36354367182333525,0.36699586437339077,526506400
2002-05-15,0.379454642534256,0.38996167333880244,0.37284948954265884,0.38080542839850684,335826400
2002-05-16,0.3784039616584778,0.38200575689898364,0.3714987254778864,0.3761520755856249,227052000
2002-05-17,0.37540146708488464,0.38695922706335617,0.3693973308442641,0.3826067862941331,236493600
2002-05-20,0.37134915590286255,0.37420118297698857,0.36819704598006764,0.3687972116774054,269914400
2002-05-21,0.3521362841129303,0.37525177343626054,0.35123518417280636,0.37269980509786843,280991200
2002-05-22,0.36504480242729187,0.3657954226114458,0.3500348787668484,0.350784647226057,290875200
2002-05-23,0.37795335054397583,0.3788535988326104,0.36129173047287355,0.36699578299039304,369398400
2002-05-24,0.3624928891658783,0.3751013252860723,0.3596408628995087,0.3751013252860723,166174400
2002-05-28,0.35994091629981995,0.36324347977943044,0.35168572256137903,0.3555884765701205,149716000
2002-05-29,0.35994091629981995,0.36684612599823957,0.35198580530057766,0.359040668082224,221793600
2002-05-30,0.36324355006217957,0.36594512191189793,0.35288612179689943,0.35678885151003303,196375200
2002-05-31,0.3497340977191925,0.3639942591758611,0.34943401484873743,0.3615927695376461,365495200
2002-06-03,0.34388038516044617,0.3519859286563,0.3389269515421742,0.35108570517394866,235110400
2002-06-04,0.3419294059276581,0.3458321359405815,0.3329227628953882,0.34342982002921624,347821600
2002-06-05,0.3410283029079437,0.34267999829626017,0.33547470450018096,0.34267999829626017,277082400
2002-06-06,0.33262261748313904,0.34868324419627017,0.3308212693107296,0.34463088717816387,259996800
2002-06-07,0.32121542096138,0.329320989399053,0.31416058085285703,0.3266185654363397,612376800
2002-06-10,0.32241562008857727,0.3278195890216681,0.3203142143936229,0.32241562008857727,277575200
2002-06-11,0.30710574984550476,0.3257183265681035,0.3063551293851841,0.3248181030711711,349496000
2002-06-12,0.30155202746391296,0.3114589166942409,0.2993001668142791,0.3063550298914365,528718400
2002-06-13,0.2932969629764557,0.30095199428579456,0.29089464675750565,0.30050143160967996,352083200
2002-06-14,0.30170243978500366,0.3056043163092786,0.2718321757832015,0.28879307257426096,424900000
2002-06-17,0.3083067238330841,0.3096575091853278,0.29794929995845076,0.30380383043426434,324609600
2002-06-18,0.30245229601860046,0.3090574487485402,0.2999012041709613,0.3065055051758618,353360000
2002-06-19,0.2569720149040222,0.2641773097358729,0.2533701941625843,0.26072511707664753,1709467200
2002-06-20,0.2568223178386688,0.26417723877718124,0.2529195886321141,0.25772256611359745,396636800
2002-06-21,0.25291958451271057,0.2625255393192212,0.2520184845274579,0.2547209077074943,445177600
2002-06-24,0.2592238187789917,0.266128202567841,0.25066771467957344,0.2517184177202376,431933600
2002-06-25,0.25727206468582153,0.2653776069929216,0.2530692270813553,0.2611747944391942,301201600
2002-06-26,0.24841666221618652,0.2595238562279213,0.23986055961101446,0.25216893622774234,558952800
2002-06-27,0.25607168674468994,0.259223795584644,0.24646488046418755,0.25201847794302606,251658400
2002-06-28,0.26597854495048523,0.2674789586458474,0.2551705812478697,0.25667184666817794,269858400
2002-07-01,0.25607168674468994,0.26838003935892435,0.25592123203478395,0.26582809601013385,222689600
2002-07-02,0.25427040457725525,0.2575729686593834,0.25261953587337294,0.255621190487192,305188800
2002-07-03,0.2634265720844269,0.26537752300648754,0.25141827877358885,0.2523193786145935,199029600
2002-07-05,0.28128859400749207,0.28143819699854583,0.26582810687090974,0.26582810687090974,161649600
2002-07-08,0.2703310549259186,0.2793368461351639,0.2653776217585055,0.27798606012121985,211204000
2002-07-09,0.2631264925003052,0.27453376881083885,0.2620757896819351,0.27153211504726554,226749600
2002-07-10,0.2599743902683258,0.27273245241156974,0.2589236874248046,0.26582806991818714,206880800
2002-07-11,0.2746843099594116,0.2754349302366402,0.25472092689678966,0.25907336716067536,373676800
2002-07-12,0.26282644271850586,0.2820392036158352,0.25907334170118557,0.2784365573089008,443492000
2002-07-15,0.27363353967666626,0.2791871363545078,0.2523193760214716,0.2616252464892392,295993600
2002-07-16,0.2680799663066864,0.2787366492449386,0.2643268651656324,0.27243240628634485,446768000
2002-07-17,0.23460711538791656,0.24316319549753243,0.22800281355258117,0.24211249232658347,1215485600
2002-07-18,0.22500111162662506,0.23355636326884735,0.22139846531714544,0.23265611502859418,559462400
2002-07-19,0.22455057501792908,0.22770268388207682,0.21809587752783838,0.22064782089621604,385207200
2002-07-22,0.22395041584968567,0.22800277307198435,0.21929704138966463,0.22139847240920502,430897600
2002-07-23,0.21719573438167572,0.22710262827758443,0.216745196704722,0.22364958326970816,399890400
2002-07-24,0.2281532883644104,0.22845337120044917,0.2138931285432306,0.21509428656186516,406593600
2002-07-25,0.21554480493068695,0.22440014116478238,0.2102912890823228,0.22410005835550523,479354400
2002-07-26,0.21524390578269958,0.21809593261939106,0.2071391895198233,0.21704522939926502,207704000
2002-07-29,0.2254507839679718,0.22665196660859813,0.2156943752440058,0.217345243590198,274960000
2002-07-30,0.23160551488399506,0.2328058464038081,0.2185465111703801,0.22289980466694886,354838400
2002-07-31,0.22905351221561432,0.23145500131989102,0.22364951667445973,0.23115491851615524,310699200
2002-08-01,0.222149059176445,0.23145492991907687,0.2210983563503026,0.22680155615996184,228956000
2002-08-02,0.21689558029174805,0.22515075050316627,0.2138930989971485,0.22124802082480602,179060000
2002-08-05,0.20999041199684143,0.22064790007969304,0.20969032914126626,0.217795872939929,204024800
2002-08-06,0.2212480753660202,0.22860302405752939,0.21134203400519264,0.21329298598813123,272053600
2002-08-07,0.22560128569602966,0.23055471789130327,0.2153943134965889,0.22650150891976917,333474400
2002-08-08,0.22965364158153534,0.2308547992813147,0.22169853012682436,0.22169853012682436,227348800
2002-08-09,0.2251507043838501,0.22890297855912764,0.22139845525930574,0.22890297855912764,205716000
2002-08-12,0.22500111162662506,0.22545079735890056,0.22049736535192443,0.22364947420416073,179765600
2002-08-13,0.21899700164794922,0.22830290067082928,0.21839600934291717,0.22364952529680804,269869600
2002-08-14,0.22770269215106964,0.23040426365437872,0.21824634016448588,0.22019729143370542,399084000
2002-08-15,0.23430705070495605,0.23640845720942497,0.2253012590213667,0.2289030546393785,322078400
2002-08-16,0.23730865120887756,0.24166191797172967,0.22935356460444806,0.23190550810937105,245224000
2002-08-19,0.2398606240749359,0.24391383362073235,0.23595789431740646,0.23685896939381126,216557600
2002-08-20,0.23880985379219055,0.2415114249130738,0.2331058021599707,0.23971092861525137,186625600
2002-08-21,0.2419620007276535,0.24376332398552292,0.2319055081016867,0.2403111321888902,202428800
2002-08-22,0.2397109568119049,0.2439137937335584,0.23505760747646007,0.24316314846669573,258311200
2002-08-23,0.23610833287239075,0.2391099873477861,0.23190552060224207,0.23866027651478827,163245600
2002-08-26,0.2331058830022812,0.23941010225344392,0.22755228413927156,0.23941010225344392,189968800
2002-08-27,0.22289974987506866,0.2362579814596506,0.22079834355735053,0.23580827058756615,262231200
2002-08-28,0.22064782679080963,0.226952069738257,0.21989720656392597,0.22214909229531205,247973600
2002-08-29,0.22064782679080963,0.22635190422645354,0.2177958005983552,0.21989720656392597,164169600
2002-08-30,0.2213984876871109,0.22725216852579247,0.21884651901979302,0.22109840491003965,193519200
2002-09-03,0.21089142560958862,0.21839597482952364,0.21089142560958862,0.21749572652587645,276936800
2002-09-04,0.21734531223773956,0.22184905966742302,0.21269278845861153,0.21314249935694943,420660800
2002-09-05,0.21284234523773193,0.21554474309476812,0.21089139419992056,0.21344333735827806,226178400
2002-09-06,0.21584486961364746,0.21989722721018662,0.21359300872156817,0.2177958210473138,181591200
2002-09-09,0.21569441258907318,0.2180959015104666,0.21239267532503006,0.21434362673793486,158244800
2002-09-10,0.21509426832199097,0.21749575748113573,0.21194215879916173,0.21629459956435867,249468800
2002-09-11,0.21449412405490875,0.21914664809388268,0.21239271749714903,0.2152439178188301,202412000
2002-09-12,0.2122422456741333,0.21779584446245717,0.21194216285779485,0.21314249412314856,269830400
2002-09-13,0.2126927375793457,0.21524385430781362,0.21089141439356102,0.21209174540125234,282951200
2002-09-16,0.21764616668224335,0.21929700989152356,0.21194209005710954,0.21224217277037158,286641600
2002-09-17,0.222149059176445,0.22560125036603643,0.21869686798685356,0.21869686798685356,427996800
2002-09-18,0.2254507839679718,0.22650148685630944,0.2179462357222369,0.2204973522552109,328641600
2002-09-19,0.21884652972221375,0.22214911883087726,0.21734528908912423,0.22139849851433252,205945600
2002-09-20,0.22319979965686798,0.22425050266026622,0.21794625958914118,0.21944667339808516,352788800
2002-09-23,0.22289974987506866,0.22455061864630513,0.21689558867736367,0.22154811218488438,263709600
2002-09-24,0.21974758803844452,0.22244915932482698,0.21614491682306777,0.21614491682306777,250661600
2002-09-25,0.2241000086069107,0.2277026799180201,0.21989719686121345,0.2204973623465353,254682400
2002-09-26,0.22064782679080963,0.22800277272104236,0.21839596611015866,0.22665198698235525,208644800
2002-09-27,0.22094795107841492,0.22289975442078078,0.2173453039818854,0.21749575872524665,206152800
2002-09-30,0.21764616668224335,0.21869686951573106,0.21224217277037158,0.2161449013910604,237697600
2002-10-01,0.21779580414295197,0.2191465899036229,0.21014080038296848,0.2189969618603662,342423200
2002-10-02,0.2126927375793457,0.21959712089631392,0.21164203461049194,0.21509422626897606,229348000
2002-10-03,0.21464376151561737,0.21914665766833388,0.2110411139236331,0.21284243771962522,217896000
2002-10-04,0.21059134602546692,0.2161449440009809,0.20999035380632453,0.21554477845614267,190825600
2002-10-07,0.20668858289718628,0.21329288283528508,0.20653811567301747,0.2096902368057151,244697600
2002-10-08,0.20533782243728638,0.20954063442813806,0.2005340057264664,0.20863955947337245,453644800
2002-10-09,0.20398709177970886,0.2078889828647229,0.20128468033434854,0.20323647133940595,356686400
2002-10-10,0.2117917239665985,0.21344341959173932,0.2038366353776445,0.20458725581189266,321574400
2002-10-11,0.21779580414295197,0.22184901314997246,0.21164204086116825,0.2138930749041958,294677600
2002-10-14,0.2216985672712326,0.2248507018034694,0.21674513427539405,0.2183960030492074,194404000
2002-10-15,0.22755227982997894,0.2289030407825594,0.22184905300200589,0.22845335494847305,405518400
2002-10-16,0.21854642033576965,0.22710252394470523,0.20863955604190734,0.22304931501272793,307624800
2002-10-17,0.2117917239665985,0.21584490897664127,0.20984077217714286,0.21329296483509486,469296800
2002-10-18,0.21524390578269958,0.21539436053176564,0.20909014121100936,0.2101408444311354,288299200
2002-10-21,0.21854642033576965,0.21959712331620182,0.21014079649231238,0.21404352565881138,238520800
2002-10-22,0.22064782679080963,0.2233493982681838,0.21404352613819566,0.21719563508655176,218148000
2002-10-23,0.22334948182106018,0.2248507478871717,0.21764627902763228,0.21959720595721058,209036800
2002-10-24,0.22049736976623535,0.2283028530856952,0.21839596382267476,0.22545080187237815,174748000
2002-10-25,0.231454998254776,0.23190553579160852,0.21899699030483344,0.22049740430364265,279070400
2002-10-28,0.23430705070495605,0.23941011221246453,0.2289030546393785,0.2334068022063854,349300000
2002-10-29,0.23175504803657532,0.2383593487135648,0.2245505818455673,0.2337068259685283,259179200
2002-10-30,0.2398606240749359,0.24571430537403907,0.23235607403493327,0.2325057020980794,270676000
2002-10-31,0.24121133983135223,0.24676493671388455,0.23896030614407396,0.24001100897790822,295836800
2002-11-01,0.2455647587776184,0.24766619080461447,0.23850991726097479,0.2392605378488717,189828800
2002-11-04,0.25351980328559875,0.26087472564963227,0.2454142354924343,0.2476661216783467,376818400
2002-11-05,0.25367018580436707,0.25457043399745594,0.24541416561646381,0.25141830025962664,210694400
2002-11-06,0.2584732174873352,0.2599744581340176,0.2506677330830864,0.2563718112517258,216389600
2002-11-07,0.24016067385673523,0.2566718640695473,0.23730864763087212,0.2542703753199437,336179200
2002-11-08,0.23775917291641235,0.24316314233164188,0.2329561956634701,0.2403111162520118,190064000
2002-11-11,0.22755227982997894,0.23850984927551935,0.22695211420059666,0.2362579881537048,152975200
2002-11-12,0.23475752770900726,0.24076166284010586,0.2293535580887413,0.22995372359957397,223792800
2002-11-13,0.23400697112083435,0.24121143923283184,0.22935362046077307,0.23265618501698995,231739200
2002-11-14,0.24466361105442047,0.24631533157998403,0.23685897793239266,0.23866030147575656,141713600
2002-11-15,0.23941010236740112,0.24376336995098688,0.23655890223527287,0.2436129152035101,160994400
2002-11-18,0.23490728437900543,0.2431632847078941,0.2329563320633774,0.24301282991067194,164578400
2002-11-19,0.2292039692401886,0.23640843662485822,0.22530123940392635,0.2334067818831789,210952000
2002-11-20,0.2331058830022812,0.23565782698711457,0.22890304511743217,0.2296536905563258,208740000
2002-11-21,0.24541424214839935,0.24676502819636761,0.2364084507123123,0.23866031190855805,418482400
2002-11-22,0.24031120538711548,0.2446636468012859,0.23866033634550138,0.24151153680845935,227858400
2002-11-25,0.2397109568119049,0.24226207353764354,0.23580822769258797,0.24061120506671027,199427200
2002-11-26,0.2313053160905838,0.23866023632478722,0.22920391030938284,0.2379096161637603,240262400
2002-11-27,0.23595786094665527,0.23805926692856214,0.23190550369909138,0.23415653772298295,286798400
2002-11-29,0.23265621066093445,0.23835943854195893,0.23130542440820304,0.23700865228922752,143432800
2002-12-02,0.2278522253036499,0.2416618397454641,0.2253011343495351,0.23866018640340872,398742400
2002-12-03,0.22755227982997894,0.23025467851104056,0.2266520313859055,0.2281532721337819,227869600
2002-12-04,0.22470024228096008,0.22800283185162992,0.21764625405296636,0.22785235204678897,325757600
2002-12-05,0.21959713101387024,0.22635191165395047,0.21809589051084133,0.225601291402436,243398400
2002-12-06,0.22440007328987122,0.22800274431103792,0.21794622815651096,0.21989717916390564,245358400
2002-12-09,0.2213984876871109,0.22440011708140337,0.22019730485377206,0.22425051408076313,236084800
2002-12-10,0.2293536216020584,0.23190556574117552,0.22109845018216095,0.22139853302067716,308610400
2002-12-11,0.2325056791305542,0.2325056791305542,0.22635191563866178,0.22965365279430636,253500800
2002-12-12,0.22800284624099731,0.23340681761252532,0.22530127389249593,0.23280582523267204,149340800
2002-12-13,0.22199860215187073,0.22740259657899586,0.21989719628453305,0.2272521418709489,164780000
2002-12-16,0.22289974987506866,0.22665202496402326,0.2192970778012705,0.22229873253755475,251624800
2002-12-17,0.22635188698768616,0.22800275535654624,0.22004766957109775,0.22289969554634428,222661600
2002-12-18,0.2186969816684723,0.22304939820326933,0.2176462782961602,0.22214917465255984,150701600
2002-12-19,0.21314246952533722,0.22395043476351334,0.21164205561680108,0.2180959021093309,347519200
2002-12-20,0.2122422456741333,0.21854646484051582,0.20683826243139597,0.21449410680830927,318096800
2002-12-23,0.21749575436115265,0.21839600278001434,0.21194215575884517,0.21254232137141962,125826400
2002-12-24,0.21554480493068695,0.21719567371891402,0.21464372982844981,0.21674513616779548,39340000
2002-12-26,0.21614494919776917,0.22229871286607672,0.21434362584564098,0.21644503197740317,85422400
2002-12-27,0.21104104816913605,0.21584485235322648,0.21029125460607118,0.21479414935581143,80035200
2002-12-30,0.21119144558906555,0.21239260297777598,0.20773925477333618,0.21134190026542157,155041600
2002-12-31,0.21509426832199097,0.21554480587508354,0.20939021489751633,0.2101408352612008,200726400
2003-01-02,0.222149059176445,0.22395038211756563,0.21539427976504513,0.21554473445769495,181428800
2003-01-03,0.2236495167016983,0.2241000542445521,0.21899699323164135,0.22214912773357576,147453600
2003-01-06,0.2236495167016983,0.23085483574053559,0.22334943389792597,0.2256013199885434,390532800
2003-01-07,0.22289974987506866,0.22515075920794322,0.21719567148355237,0.22199864973136604,342344800
2003-01-08,0.21839596331119537,0.22079830372687323,0.21674509483776408,0.21884650077640322,229644800
2003-01-09,0.22034768760204315,0.22395035814944259,0.21764614186729225,0.219446612890852,215252800
2003-01-10,0.22094795107841492,0.22244921686511107,0.21749575872524665,0.2188465447178417,175100800
2003-01-13,0.21959713101387024,0.22364948836290532,0.21554477366483515,0.22364948836290532,178942400
2003-01-14,0.21929703652858734,0.22244917046265814,0.21749571335607498,0.22049736752743448,186860800
2003-01-15,0.21659553050994873,0.22064788886606712,0.21404358635545315,0.21899701990703643,371128800
2003-01-16,0.21944667398929596,0.22154808000175383,0.21329291067035952,0.21329291067035952,559070400
2003-01-17,0.21164202690124512,0.2185464099667151,0.21134194416025306,0.2185464099667151,266761600
2003-01-21,0.21044085919857025,0.2162945390535027,0.21014077647192989,0.2132928851129209,253456000
2003-01-22,0.20833951234817505,0.21239269698934735,0.20713918110220683,0.20984075308004715,215140800
2003-01-23,0.2126927375793457,0.21554476373398415,0.20939017395969917,0.21089141439356102,228256000
2003-01-24,0.20713913440704346,0.21374343479430347,0.203536488132456,0.21374343479430347,305468800
2003-01-27,0.21209177374839783,0.21764622381195248,0.20488730671659308,0.2053378442418178,391406400
2003-01-28,0.21884652972221375,0.22049739841399774,0.21254231107246674,0.21374346891380983,286255200
2003-01-29,0.2241000086069107,0.2266519769815958,0.2146436821790919,0.21839595647368668,373044000
2003-01-30,0.2149438112974167,0.2262014883350815,0.21449410042350808,0.22485070236455454,407058400
2003-01-31,0.21554480493068695,0.21839600495602257,0.21089145470087708,0.21299286104022272,341224800
2003-02-03,0.22004763782024384,0.22379991145321476,0.21539426439322137,0.2162945124624669,264784800
2003-02-04,0.21914662420749664,0.21989724456409404,0.21479418348339377,0.2168955898121059,317413600
2003-02-05,0.21689558029174805,0.2241000473849295,0.21674512555727196,0.22079833502084664,221614400
2003-02-06,0.21659553050994873,0.21899701990703643,0.21344342067480404,0.21554482723156718,179149600
2003-02-07,0.2123926728963852,0.2191466020748477,0.21119151511225961,0.21839598179405897,269701600
2003-02-10,0.21539431810379028,0.2186969069134374,0.21104105133171852,0.21404353232605286,167888000
2003-02-11,0.21539431810379028,0.2195971301564323,0.21314245735803952,0.2176462039002769,164780000
2003-02-12,0.2159944772720337,0.21914658621868743,0.2141931540633375,0.2141931540633375,228687200
2003-02-13,0.21824632585048676,0.21974759127093854,0.21374343141554486,0.21629454803501075,208493600
2003-02-14,0.22019727528095245,0.22094789545997964,0.21539429814422562,0.2192970270706434,243297600
2003-02-18,0.2292039692401886,0.22965368011308135,0.22094794696963332,0.22139850956766413,290897600
2003-02-19,0.22289974987506866,0.22740264531669363,0.22034778096012955,0.22620148741754162,240368800
2003-02-20,0.2216985672712326,0.22455061899681228,0.22079834390200065,0.2228997502229989,224352800
2003-02-21,0.2251507043838501,0.2260518043081353,0.21989718986878312,0.2224491581623191,157444000
2003-02-24,0.2212480753660202,0.2256013686973387,0.20713922049618427,0.22304939925196224,180252800
2003-02-25,0.2254507839679718,0.22635188387967087,0.21884648390901873,0.22034772422783946,188641600
2003-02-26,0.21764616668224335,0.22545077219874826,0.21734523224410854,0.22500108651665737,217095200
2003-02-27,0.22304940223693848,0.2251508090195649,0.2177958852803724,0.21869698562343148,154341600
2003-02-28,0.22530126571655273,0.22650157203290774,0.221698593215528,0.2230493793407601,195098400
2003-03-03,0.21989725530147552,0.22755228568425429,0.21839601451497648,0.22530125117894761,203761600
2003-03-04,0.21854642033576965,0.22229869478752542,0.21674509713013498,0.22124799180709326,126414400
2003-03-05,0.21944667398929596,0.2221490972519611,0.2179462601763097,0.21929704594513588,126683200
2003-03-06,0.21854642033576965,0.21914658584622893,0.21614493161967568,0.2188465030909993,99859200
2003-03-07,0.21809585392475128,0.22079827676245867,0.21479411738110468,0.21719560577852418,200984000
2003-03-10,0.21569441258907318,0.22019730765097675,0.2146437095188181,0.21779581872958334,134573600
2003-03-11,0.213592991232872,0.21749572045499097,0.2119421227184531,0.2155447691810658,161190400
2003-03-12,0.21344339847564697,0.21599451569032266,0.21104108265392063,0.21269277811565815,222560800
2003-03-13,0.22094795107841492,0.22214913405280262,0.2126927803794833,0.2171956759129382,335445600
2003-03-14,0.22184906899929047,0.22530126162880332,0.21974766247050176,0.2203478030924195,153098400
2003-03-17,0.22530126571655273,0.2262015142418757,0.2207983697409473,0.22349994199141152,399912800
2003-03-18,0.2251507043838501,0.22650149001998218,0.2224491581623191,0.2251507043838501,229980800
2003-03-19,0.22440007328987122,0.22740257887401738,0.22199858486763327,0.22620142132582058,141316000
2003-03-20,0.223799929022789,0.2250010865501572,0.2191465552304501,0.22409998668536416,163178400
2003-03-21,0.2251507043838501,0.22740258994426737,0.2224491581623191,0.22650149001998218,297948000
2003-03-24,0.21569441258907318,0.22214911078894625,0.21539432980818993,0.22019730765097675,161100800
2003-03-25,0.21839596331119537,0.22259877518847362,0.21569439186844452,0.21629455737255626,167697600
2003-03-26,0.216294527053833,0.21854638738997334,0.2146436588118094,0.2183959326979111,178343200
2003-03-27,0.21749575436115265,0.2206478638387648,0.21494381049611497,0.21494381049611497,122393600
2003-03-28,0.2186969816684723,0.21944675044832354,0.21569447459708468,0.21614501223509422,145303200
2003-03-31,0.2122422456741333,0.2180959272787956,0.21074100491801598,0.21509427244098614,256659200
2003-04-01,0.2125423103570938,0.21479417129914877,0.2111915244616027,0.2131424759385666,154341600
2003-04-02,0.21914662420749664,0.22049741017961136,0.2141931911934749,0.2155448038399912,171371200
2003-04-03,0.21704517304897308,0.22064781934676791,0.21539430461007997,0.21854641345209275,145712000
2003-04-04,0.216294527053833,0.22019725563199694,0.21599444434384074,0.2179462219699888,146020000
2003-04-07,0.21749575436115265,0.22440013892895141,0.21629459646160623,0.22289974994825457,196862400
2003-04-08,0.21689558029174805,0.21989723491198235,0.21554479437892435,0.21779582867550876,128934400
2003-04-09,0.2129928469657898,0.21944669362479635,0.21224222665499462,0.2179462796775571,146725600
2003-04-10,0.21569441258907318,0.2159944953699564,0.2131424689400744,0.2131424689400744,107100000
2003-04-11,0.19813255965709686,0.216745147391079,0.19408020151041178,0.21089146562105104,1392708800
2003-04-14,0.2038365602493286,0.20638850345030185,0.20263539013697998,0.20578749879435315,502958400
2003-04-15,0.20098458230495453,0.20413669191132924,0.19963379628428413,0.20398707636464228,303968000
2003-04-16,0.19873356819152832,0.20518740320548637,0.19392973783131612,0.19498045360024854,1016176000
2003-04-17,0.19693221151828766,0.19888316304998951,0.19092807551203736,0.19813254271491101,616257600
2003-04-21,0.19723232090473175,0.19798294134099534,0.19483083151338193,0.19708186614768333,152320000
2003-04-22,0.20278586447238922,0.2044367329744213,0.1964816465472532,0.19783243229203057,300568800
2003-04-23,0.2038365602493286,0.2045871804069197,0.20053398436539785,0.20308592756637112,209680800
2003-04-24,0.2017352133989334,0.20428717002907418,0.19513091101700702,0.20293638393668867,325108000
2003-04-25,0.20038433372974396,0.20383653725118378,0.1985830108895986,0.20203520188567342,205318400
2003-04-28,0.20803944766521454,0.20954068852790458,0.20158476076986348,0.2023353812012085,636798400
2003-04-29,0.21104104816913605,0.2125422886438062,0.2038365819044057,0.2098407171288161,458236800
2003-04-30,0.21344339847564697,0.21539435007209373,0.20788896062124093,0.2090901310574739,458175200
2003-05-01,0.21554480493068695,0.21599451580739978,0.2101408343404814,0.21389310946805412,342759200
2003-05-02,0.21689558029174805,0.21899698652822164,0.2152438849099722,0.21704520835185886,321182400
2003-05-05,0.2415115237236023,0.25337019430208724,0.22139853343500113,0.22169859122333685,1555708000
2003-05-06,0.2626760005950928,0.26868013583628,0.24166191553733826,0.24196199829825674,1514492000
2003-05-07,0.2649278938770294,0.273783229772533,0.25682235163884676,0.260124089089056,1054379200
2003-05-08,0.27018141746520996,0.27123212052816925,0.2595239070583192,0.26567767070951437,687736000
2003-05-09,0.2746843099594116,0.27618469878881774,0.26838006658913216,0.27513399573556063,588386400
2003-05-12,0.2785869836807251,0.28128855479899884,0.27213228687617397,0.27243236959218786,419372800
2003-05-13,0.28023797273635864,0.2847408687655792,0.26943083188058564,0.27663530019243754,446796000
2003-05-14,0.2784365713596344,0.28278983808971153,0.27663522306453153,0.28263938337173317,355488000
2003-05-15,0.281138151884079,0.2829394751860797,0.27723539745805786,0.27918720053358714,284995200
2003-05-16,0.28218889236450195,0.28534100189268286,0.27438425925263304,0.2790367577855813,341628000
2003-05-19,0.2716818153858185,0.2799378371638387,0.27108164980816685,0.27813651375653436,445888800
2003-05-20,0.267029345035553,0.27258296946539756,0.2641773179653087,0.2716818691953602,416220000
2003-05-21,0.2679294943809509,0.27153214057524355,0.26522792307233495,0.26702924616948126,305009600
2003-05-22,0.27378323674201965,0.27618472585995213,0.26627868658278,0.2685297209607938,178460800
2003-05-23,0.2749843895435333,0.2770857956256553,0.26958039456406696,0.27333352095738167,206718400
2003-05-27,0.2833901047706604,0.2836901876394587,0.2688298605239273,0.26958048103320786,290130400
2003-05-28,0.27438420057296753,0.2800874261130269,0.27243239765586413,0.27768591241265167,339679200
2003-05-29,0.2716818153858185,0.2776859511853831,0.2686801608232109,0.27453384189118785,333765600
2003-05-30,0.26943081617355347,0.272883008705553,0.2631265967652613,0.27198193354753586,382748800
2003-06-02,0.2619253695011139,0.27453380498281443,0.25922379809053187,0.27168177886087197,418588800
2003-06-03,0.2598240077495575,0.265227978163468,0.25547156714542124,0.2617757859577941,360858400
2003-06-04,0.26417723298072815,0.26702925913348896,0.25727202299405827,0.2596743383563548,271202400
2003-06-05,0.26477742195129395,0.2662786625172218,0.26012407220150985,0.26192539554575917,205497600
2003-06-06,0.2574225068092346,0.270781564153887,0.25727205207923914,0.2662786690204513,241388000
2003-06-09,0.2520185112953186,0.2557716378480919,0.24961702233861952,0.2542703972472776,259952000
2003-06-10,0.257872998714447,0.25952386708070213,0.251418301553689,0.25351973240663567,176646400
2003-06-11,0.2619253695011139,0.2628264444208001,0.2523194148527163,0.25742247492539777,225114400
2003-06-12,0.26672837138175964,0.2683800666618355,0.2619253936153729,0.26342663417023665,252588000
2003-06-13,0.2614748775959015,0.2694307918508576,0.25712243697325565,0.26642831049445687,191245600
2003-06-16,0.27423372864723206,0.27423372864723206,0.26192537562618584,0.26417723630382234,238526400
2003-06-17,0.27303266525268555,0.27768601625578293,0.27003100998669755,0.2763352551031049,177464000
2003-06-18,0.2869926393032074,0.29239578215873185,0.27483388947905574,0.27693529540603606,454983200
2003-06-19,0.28729283809661865,0.29434767894024255,0.2817392382855728,0.29059457635879743,381528000
2003-06-20,0.2881929278373718,0.2938969792769958,0.28369003389655567,0.29044478814484076,356546400
2003-06-23,0.2860916256904602,0.2955479543884696,0.28143825032578584,0.28969427281572685,307361600
2003-06-24,0.2818887531757355,0.29524780898161096,0.2809885049224806,0.29224615479651606,514382400
2003-06-25,0.2865420877933502,0.2911954368818979,0.28083803579282096,0.28308989632172554,329812000
2003-06-26,0.2895437777042389,0.28999431520069047,0.28068844254462644,0.28068844254462644,161705600
2003-06-27,0.281138151884079,0.2898438589484982,0.2773858772315865,0.28969423090000707,365792000
2003-06-30,0.2860916256904602,0.288343486812357,0.2790367611337483,0.2803875471371181,222152000
2003-07-01,0.2865420877933502,0.2878928734410118,0.2778363817618178,0.2832395243524641,180992000
2003-07-02,0.28924360871315,0.29119538616644725,0.28549133515935243,0.28564096316403126,325298400
2003-07-03,0.2871423661708832,0.29344658612163116,0.2848913314310606,0.2851914142847351,137771200
2003-07-07,0.2982494831085205,0.30290283274708707,0.28714228720449136,0.28924369327683747,286272000
2003-07-08,0.3062053620815277,0.3077057505947585,0.29254620021682926,0.292995910948948,256737600
2003-07-09,0.29855039715766907,0.30695602087137136,0.29855039715766907,0.3033533745157149,213645600
2003-07-10,0.2938971221446991,0.29930026683057775,0.29074501218642873,0.2984000182744392,170934400
2003-07-11,0.29794934391975403,0.30020122933916016,0.2931463671422215,0.295097318122424,136858400
2003-07-14,0.29870012402534485,0.3062055276507141,0.2982495863754748,0.30035099317541913,188406400
2003-07-15,0.2943476438522339,0.3038039982667267,0.2916452449808201,0.30050140867291425,206645600
2003-07-16,0.2982494831085205,0.30020128618317865,0.2908945618553092,0.2997507236385679,250930400
2003-07-17,0.31371009349823,0.3144607140565235,0.3021523305339355,0.30305343092448334,751212000
2003-07-18,0.3131098747253418,0.31791285347593323,0.30620548943705617,0.3137100404005448,298838400
2003-07-21,0.30935752391815186,0.31220955019265195,0.3047041743821631,0.3105578549762893,183808800
2003-07-22,0.3122096061706543,0.31461109539178955,0.30770585882155077,0.3132603093720529,198424800
2003-07-23,0.3120589256286621,0.3146108677496801,0.3071054960241464,0.3144604131121598,143035200
2003-07-24,0.3078564703464508,0.3227168013216981,0.3059055178552508,0.31581156179679726,229236000
2003-07-25,0.3233167827129364,0.32376734529898327,0.30620544978936803,0.30635507785155297,216686400
2003-07-28,0.31506070494651794,0.32271655943740185,0.3131097539176055,0.32271655943740185,170357600
2003-07-29,0.31100839376449585,0.31641236357162417,0.30800673943228185,0.3150607511141276,197120000
2003-07-30,0.3044041097164154,0.3137099826674046,0.3027532410761804,0.31175903124479337,173594400
2003-07-31,0.31641244888305664,0.32046480732528926,0.30875661625688033,0.3113085604656058,301464800
2003-08-01,0.3111589252948761,0.3192636419948088,0.30980731250373067,0.31521128364484247,149604000
2003-08-04,0.3183631896972656,0.32271647982587875,0.3044039731941891,0.3081562463025312,230115200
2003-08-05,0.3059053421020508,0.3212153503131351,0.3017025299127877,0.320464730040151,249440800
2003-08-06,0.2946476936340332,0.3027532610407636,0.29269591540838347,0.3011015405665396,245464800
2003-08-07,0.2991505265235901,0.3015520151136297,0.29149552330714695,0.2961480457803804,174378400
2003-08-08,0.2947973310947418,0.30215225334257045,0.29419716547128183,0.30185217053084046,137659200
2003-08-11,0.29509732127189636,0.29915050464393983,0.2928462875533415,0.2974996614111778,137228000
2003-08-12,0.2956984043121338,0.29719881836118245,0.29209575724560266,0.296598652741563,164438400
2003-08-13,0.30290281772613525,0.30530430645054085,0.2938970283410493,0.29809984027732406,284099200
2003-08-14,0.2997507154941559,0.30515471030165264,0.2993001780125229,0.30335338704939896,192780000
2003-08-15,0.2958480715751648,0.3012520679416477,0.29509745111399116,0.30050142242973116,125865600
2003-08-18,0.3053043484687805,0.30635507664819334,0.2959984750466833,0.2980998813040317,192774400
2003-08-19,0.3050042390823364,0.3069560169476363,0.3002012617856857,0.3057548592863569,133688800
2003-08-20,0.31536173820495605,0.31926364179530464,0.3023027612946305,0.30290290192325137,273212800
2003-08-21,0.3254182040691376,0.3258687666760784,0.3144606346976811,0.3156617926227453,255326400
2003-08-22,0.31340983510017395,0.33022108083284735,0.309807189107698,0.3273690549783173,250264000
2003-08-25,0.3131098747253418,0.3138604951565874,0.3075562755435048,0.31190871670045206,137782400
2003-08-26,0.3159618377685547,0.3162619205454431,0.3054548072058769,0.31145894276659514,164959200
2003-08-27,0.32241562008857727,0.32241562008857727,0.31010809531026057,0.31386036928720706,225702400
2003-08-28,0.3330731689929962,0.3335237064609894,0.32016462547856694,0.32016462547856694,319625600
2003-08-29,0.3393774628639221,0.34298011006630613,0.3309718371746516,0.33322369834475124,263155200
2003-09-02,0.3429800271987915,0.3437306474074671,0.33622527199494967,0.34012800107551966,242132800
2003-09-03,0.3444804251194,0.3500348741243621,0.34162922580132665,0.3422293912710052,268828000
2003-09-04,0.3426799476146698,0.34898419046741,0.3417788726862426,0.34763255302403445,199780000
2003-09-05,0.33772656321525574,0.3474829740471821,0.3363757773061414,0.3411787553550731,240133600
2003-09-08,0.34132835268974304,0.3420789729437638,0.33727599532717717,0.3374264500476968,167244000
2003-09-09,0.33577483892440796,0.34027773490213464,0.33202256338871833,0.33817632833422917,180370400
2003-09-10,0.33292272686958313,0.33937742521908254,0.3318720237749717,0.33397342996419455,224890400
2003-09-11,0.3386267423629761,0.34207893379697935,0.33172235949496953,0.3339733682744066,213684800
2003-09-12,0.34673237800598145,0.34733254363553456,0.3348745601129928,0.3378762149351792,179989600
2003-09-15,0.3333732485771179,0.3437306501969612,0.3320224628602352,0.34237903780583306,226844800
2003-09-16,0.33562520146369934,0.3405786349031539,0.3332237121209731,0.3333733402005027,269007200
2003-09-17,0.332022488117218,0.335925217526341,0.32797013065830655,0.3357747628022444,289396800
2003-09-18,0.34342971444129944,0.3450814094568518,0.3294704691540218,0.3317223546764085,252907200
2003-09-19,0.33892688155174255,0.3459817202982026,0.3366758473466089,0.34342977663634155,205956800
2003-09-22,0.3314222991466522,0.33772651697562284,0.3290208104509848,0.3329226878593034,179821600
2003-09-23,0.33667582273483276,0.3371255335383856,0.32841980173725493,0.330521207734739,132451200
2003-09-24,0.32001420855522156,0.33487453173632004,0.3164123884086939,0.33337329111522884,301285600
2003-09-25,0.3066551089286804,0.32076481101397425,0.3039535373005498,0.32031427351785086,574380800
2003-09-26,0.31055784225463867,0.3257182212997146,0.3024522761963806,0.30470416190030186,347250400
2003-09-29,0.31971415877342224,0.3252677576355966,0.30995774707777146,0.3225661855782007,365702400
2003-09-30,0.31100839376449585,0.3185137696064597,0.30680558169482475,0.3165619916173776,285426400
2003-10-01,0.3120589256286621,0.31671227263196966,0.3030531408970877,0.31085776854999697,236112800
2003-10-02,0.3087565302848816,0.31220954874674123,0.3044040902078668,0.31220954874674123,204058400
2003-10-03,0.3255677819252014,0.32811972545086143,0.31340988317823615,0.31506075173046905,299600000
2003-10-06,0.33457452058792114,0.3351746862951281,0.32391700752435154,0.3252677937028311,268329600
2003-10-07,0.3485336899757385,0.3513857416836189,0.32887041285493834,0.3309718191628957,418174400
2003-10-08,0.34613221883773804,0.35333668655012496,0.34117878561540615,0.34898427069372634,428668800
2003-10-09,0.3519858717918396,0.3552884609460535,0.342079006155782,0.3497340108111469,347748800
2003-10-10,0.35543811321258545,0.3573899167186117,0.35078476254558194,0.3527365660516082,174837600
2003-10-13,0.36549460887908936,0.3663956840056458,0.3560382550460742,0.35618873484271657,279865600
2003-10-14,0.36849695444107056,0.3713489801655026,0.36309298569886406,0.3650447633033232,275419200
2003-10-15,0.3725493252277374,0.3754013510611492,0.3689475059360925,0.372999862642001,610103200
2003-10-16,0.3489842116832733,0.3578395216968558,0.33637575026201905,0.3572393812083188,975682400
2003-10-17,0.34147879481315613,0.35258599014462805,0.3366758173737507,0.35093512165125584,359811200
2003-10-20,0.3485336899757385,0.350335013478901,0.3359252521279943,0.3392269896551311,279132000
2003-10-21,0.3479335606098175,0.35123529848089097,0.34147888627397843,0.3498845123814082,176461600
2003-10-22,0.3416292369365692,0.3482335373408991,0.3404280792838604,0.3443308083123797,161599200
2003-10-23,0.3450814187526703,0.34748290731595005,0.3390772840073688,0.3411786898345141,165211200
2003-10-24,0.33922699093818665,0.34298009269830115,0.33367339234249305,0.33862682532632693,219856000
2003-10-27,0.33922699093818665,0.34358025831016087,0.3375761221683742,0.3414788519942553,162013600
2003-10-28,0.35603824257850647,0.35678886293287604,0.33622533725562664,0.3386268263849697,251714400
2003-10-29,0.35558852553367615,0.35874063474061774,0.3503349851380364,0.352886102109613,267080800
2003-10-30,0.3465818464756012,0.36024098490546524,0.3432801095701435,0.3600913819191722,260556800
2003-10-31,0.3435802459716797,0.3504846302833092,0.3419293772611524,0.34973400995824216,218153600
2003-11-03,0.34748294949531555,0.3497339836266687,0.34192935151719195,0.34267997178574455,302842400
2003-11-04,0.34388038516044617,0.34673241219366346,0.3390774063016077,0.34628187458986537,249233600
2003-11-05,0.34568163752555847,0.34718287811191106,0.33727601292091475,0.3425295282988171,322470400
2003-11-06,0.3470323979854584,0.3474829354632572,0.3399775597551182,0.34388028898940876,397073600
2003-11-07,0.33772656321525574,0.3488337599562965,0.3369759428936671,0.3480831396347078,210145600
2003-11-10,0.3287198543548584,0.33997752859899427,0.3278196061560322,0.3369758745953781,234276000
2003-11-11,0.3233167827129364,0.33052124990598425,0.32241570764231997,0.3287199264391281,215073600
2003-11-12,0.335174560546875,0.3410282406823229,0.3224156456203463,0.3224156456203463,300003200
2003-11-13,0.3365252912044525,0.33862669672228374,0.3290207438831023,0.33127177740987435,212772000
2003-11-14,0.32211557030677795,0.3393773800950813,0.3194139989010802,0.3374264288963522,237048000
2003-11-17,0.3171622157096863,0.32076486291296336,0.31446064364444776,0.3204647800917633,228256000
2003-11-18,0.3063550889492035,0.32031431298003776,0.30545484052035243,0.31836336138032384,267192800
2003-11-19,0.3065055310726166,0.30995772325269805,0.3041040420201413,0.308606937327829,344584800
2003-11-20,0.3059053421020508,0.3164123725752085,0.3017025299127877,0.3017025299127877,239590400
2003-11-21,0.3044041097164154,0.30890700480072186,0.29794941148442877,0.30530433301280674,241836000
2003-11-24,0.3174629807472229,0.31926347685512657,0.30695595341413956,0.30770572173800576,381824800
2003-11-25,0.31040820479393005,0.31896345633301715,0.30935750185585104,0.31866337358988367,268654400
2003-11-26,0.31100839376449585,0.31746306658904194,0.30395353035762823,0.31356033728516364,245128800
2003-11-28,0.31386038661003113,0.3162618751547878,0.3080067066150494,0.31190860882890536,76098400
2003-12-01,0.32586875557899475,0.3279701618704849,0.3152112443323899,0.3158114099372766,361536000
2003-12-02,0.3233167827129364,0.3287199264391281,0.3213650045095186,0.3242170311091761,205296000
2003-12-03,0.315661758184433,0.3278196574801267,0.31461105511753784,0.32331676243262253,191296000
2003-12-04,0.3174629807472229,0.3177630634318735,0.3117589297166741,0.3143108725472979,177940000
2003-12-05,0.31295931339263916,0.3174630344463942,0.31115881698017983,0.313709933568265,186177600
2003-12-08,0.3159618377685547,0.3164123752710456,0.30635505553654224,0.31190865359476955,148237600
2003-12-09,0.3069559931755066,0.31896343548722006,0.3062053730296177,0.31776310459313345,135144800
2003-12-10,0.3059053421020508,0.3093575340183298,0.2996011238181561,0.30695604514936653,271336800
2003-12-11,0.3183631896972656,0.32031414024489446,0.3033532705899365,0.30395341083479455,183136800
2003-12-12,0.3135603964328766,0.3200142438005428,0.3107083696084308,0.3200142438005428,192673600
2003-12-15,0.302753210067749,0.32256611174429717,0.3012519696352956,0.32256611174429717,388908800
2003-12-16,0.30200257897377014,0.30755617636471794,0.3003508588371307,0.30305328190379316,373956800
2003-12-17,0.2983999252319336,0.3021521997243195,0.2970491394816453,0.30140157949098917,274260000
2003-12-18,0.30080142617225647,0.3029028322410922,0.2987000201034207,0.2987000201034207,330915200
2003-12-19,0.2956984043121338,0.3065055438880596,0.2944972463984877,0.30305335156363694,453560800
2003-12-22,0.29794934391975403,0.29855036107328536,0.2889435557933444,0.29494769010233224,377064800
2003-12-23,0.297349214553833,0.2994506204831316,0.2941971056598851,0.29900008301992637,308498400
2003-12-24,0.3063550889492035,0.3090574875845699,0.2949477837609842,0.29599848693184705,177475200
2003-12-26,0.31190866231918335,0.31386044043502626,0.3053043359692214,0.30545481574976985,103695200
2003-12-29,0.3174629807472229,0.317612608752517,0.3131097151346331,0.3138603351832908,233458400
2003-12-30,0.31941404938697815,0.3227166385355275,0.31746309787988586,0.31791280873575795,204853600
2003-12-31,0.32076480984687805,0.3231662986936236,0.31791278350564844,0.3204647270753226,174451200
2004-01-02,0.31941404938697815,0.32646891348921053,0.31791280873575795,0.32346640713603175,144642400
2004-01-05,0.3327730894088745,0.33607482640759956,0.321515414270849,0.321515414270849,395018400
2004-01-06,0.33157193660736084,0.3365253942778855,0.32586873541578987,0.33397342555270165,509348000
2004-01-07,0.33907729387283325,0.34267994015967407,0.32917040487040083,0.33172237326383297,586874400
2004-01-08,0.3506350517272949,0.35618867464700443,0.33997756680219715,0.34282959309692157,460303200
2004-01-09,0.3452310562133789,0.36219278304974184,0.3420789473865633,0.3486832477845255,427459200
2004-01-12,0.35618865489959717,0.36024098698557,0.3467323031889693,0.34898418887625865,487547200
2004-01-13,0.36204245686531067,0.3728495728688798,0.35813970140434426,0.37074816623833806,679016800
2004-01-14,0.36324355006217957,0.3683466109643557,0.3569393312965882,0.3662452047091586,620043200
2004-01-15,0.3429800271987915,0.35123519614574594,0.3377265124123009,0.34388027544465904,1018208800
2004-01-16,0.3410283029079437,0.34583210766345274,0.3393774341939958,0.34358024668358583,372820000
2004-01-20,0.3411787450313568,0.3422294481149151,0.33397342645088346,0.3402776700029708,315946400
2004-01-21,0.3393774628639221,0.34478143366749814,0.3366758907993533,0.3407282488962065,226660000
2004-01-22,0.33292272686958313,0.3426799892340099,0.33292272686958313,0.33862680491231056,205004800
2004-01-23,0.3386267423629761,0.3413283136288579,0.3339733682744066,0.33652533656191375,227169600
2004-01-26,0.34538158774375916,0.34613220810865586,0.3366758795248961,0.33712559040430556,271269600
2004-01-27,0.3462817966938019,0.3489842200849207,0.34222943919470367,0.3458320858656686,307070400
2004-01-28,0.33802664279937744,0.35093516285478893,0.3363757741121756,0.3428296208027038,275402400
2004-01-29,0.3404281437397003,0.3422294672227081,0.3330732217441427,0.33967752339891505,212699200
2004-01-30,0.3386267423629761,0.34328009140081234,0.33652533656191375,0.339977527995917,185298400
2004-02-02,0.3350240886211395,0.34237900875791233,0.33142226923978413,0.3371254943745032,287431200
2004-02-03,0.3341239392757416,0.33622534565068574,0.3302211842894739,0.33472410490446286,180812800
2004-02-04,0.32706910371780396,0.33157199968118056,0.3257183175962403,0.33022121355961687,305552800
2004-02-05,0.3365252912044525,0.3438802105168619,0.32736902401544615,0.32751950374919925,352844800
2004-02-06,0.34087854623794556,0.3435801170550215,0.3362251979731597,0.3369758180165822,193340000
2004-02-09,0.34027770161628723,0.3431297283472455,0.3377265843723054,0.33952790792209037,188260800
2004-02-10,0.3449309766292572,0.3470323825330537,0.33682543576115137,0.3395278338333429,255343200
2004-02-11,0.35723942518234253,0.35829012834255425,0.3459817481758491,0.3465819137889991,348544000
2004-02-12,0.35618865489959717,0.3600913839984132,0.35423770368731045,0.3543873066744673,183988000
2004-02-13,0.3452310562133789,0.36174224559613194,0.3426799395494521,0.35798997128065435,315980000
2004-02-17,0.34763258695602417,0.35258601952313356,0.34673233861397107,0.34673233861397107,170956800
2004-02-18,0.34913370013237,0.3518352708470336,0.3459815920739207,0.34793336944764186,141635200
2004-02-19,0.33727607131004333,0.3548379689035546,0.33637582280698003,0.35018459323413237,323080800
2004-02-20,0.336225301027298,0.3378761696243902,0.3333732746577596,0.33772654157427817,277603200
2004-02-23,0.3330731689929962,0.33712552618217523,0.3285702743358241,0.3353250296587089,194079200
2004-02-24,0.33562520146369934,0.3413284286497469,0.33022120538596933,0.3323226369459054,259056000
2004-02-25,0.342379093170166,0.3437307057798563,0.3333733024851715,0.3344240056209002,276276000
2004-02-26,0.34583210945129395,0.3479335157069525,0.34222946253462977,0.34342979372393595,198408000
2004-02-27,0.359040766954422,0.36054200773803774,0.3444805249863775,0.3446309797345152,468837600
2004-03-01,0.3605419993400574,0.3647448120967345,0.3582901382170856,0.3617423305994388,321680800
2004-03-02,0.3573898673057556,0.36174230785903505,0.3567888499886859,0.36024104215402203,256687200
2004-03-03,0.359040766954422,0.3630931250608561,0.35423778845618004,0.35423778845618004,225131200
2004-03-04,0.3776533603668213,0.3785535837657053,0.3588903058751989,0.3591903636410001,660223200
2004-03-05,0.40136900544166565,0.4126266830786739,0.3737506138720078,0.37450123426768495,1540599200
2004-03-08,0.39026176929473877,0.40211958636376194,0.38725928800676523,0.39956764260385713,522872000
2004-03-09,0.40677303075790405,0.40872398258821835,0.3865087085307859,0.3887605949314336,618363200
2004-03-10,0.4154786467552185,0.4223830306667955,0.40437059888122234,0.4058718394443718,1006964000
2004-03-11,0.40752285718917847,0.4208819441222375,0.40662260852644094,0.409324181189275,595851200
2004-03-12,0.4136773943901062,0.41697913218634075,0.40782371253353716,0.4100747470901588,329224000
2004-03-15,0.397015780210495,0.41052532047710494,0.39416457974668867,0.4057223414412351,481717600
2004-03-16,0.3875593841075897,0.3994180282581444,0.38110553713070716,0.3985169531710684,605432800
2004-03-17,0.3931138515472412,0.39596505183068204,0.386959260039495,0.38966083224195497,411432000
2004-03-18,0.38530826568603516,0.391161945777517,0.3841070830060227,0.38936062267070454,321081600
2004-03-19,0.3881603479385376,0.4043706048993936,0.38335651834909185,0.3836574528563925,408576000
2004-03-22,0.3881603479385376,0.39281287107463314,0.37900410304596577,0.38080542641369003,419031200
2004-03-23,0.3796042799949646,0.3902617915466977,0.37855357681913754,0.38846046800607836,385515200
2004-03-24,0.38275641202926636,0.38650868739945826,0.3793042194877547,0.3793042194877547,428215200
2004-03-25,0.40331995487213135,0.4039209722407146,0.38861010988768524,0.3923632118450521,566445600
2004-03-26,0.40587183833122253,0.41067481611094525,0.403920911994671,0.4052716978280732,419893600
2004-03-29,0.4189308285713196,0.4201311596533315,0.4082733184590835,0.4108252870705435,350728000
2004-03-30,0.4190804064273834,0.4195309438663278,0.4103746753775251,0.416378835142117,359676800
2004-03-31,0.40587183833122253,0.4199815406185011,0.40452105249782033,0.4190804656133552,390773600
2004-04-01,0.4069225490093231,0.4093240379441642,0.39956762747635177,0.4036208367775284,318332000
2004-04-02,0.4127762019634247,0.419230899761728,0.4087238697128569,0.41652932822752575,274478400
2004-04-05,0.4250846207141876,0.42583524102820597,0.4118760178756582,0.412476183457131,385672000
2004-04-06,0.41772961616516113,0.4225334198876436,0.411725456466968,0.41592829310350404,257992000
2004-04-07,0.40992510318756104,0.41577878481814806,0.40407056983180495,0.4144279988014302,255119200
2004-04-08,0.4132267236709595,0.4202815612459909,0.4082732668473662,0.41848023817638774,240917600
2004-04-12,0.4208817183971405,0.4217827932512397,0.412626550054907,0.4127761530304055,230540800
2004-04-13,0.4042210578918457,0.4207322777212426,0.4028702717638024,0.41998163222725465,436396800
2004-04-14,0.39986780285835266,0.40632250258911834,0.39491436911313044,0.40136904379315297,639732800
2004-04-15,0.43979451060295105,0.4439973234655949,0.4226832013807051,0.4325900678924917,1761446400
2004-04-16,0.4379931688308716,0.43994492194490137,0.4277870471780864,0.43754345797884536,402931200
2004-04-19,0.4255351126194,0.4315392224093487,0.41772962960835713,0.4220829210877065,712353600
2004-04-20,0.4162293076515198,0.42643542978873344,0.41367736378001657,0.42343380009459813,354519200
2004-04-21,0.4162293076515198,0.42208301412568455,0.41082533710146585,0.41427752939411155,325875200
2004-04-22,0.416979044675827,0.4229831800241773,0.4069225269206052,0.41367730757252114,344584800
2004-04-23,0.41577887535095215,0.42028177194529404,0.4060224616174432,0.41577887535095215,315828800
2004-04-26,0.4072226881980896,0.41487771862469375,0.4052717615547659,0.4139774701523055,231128800
2004-04-27,0.40437066555023193,0.41187606797982046,0.4006183901980358,0.40887441303295463,283864000
2004-04-28,0.397015780210495,0.4054214068605336,0.3953649111683897,0.40257023144747067,231168000
2004-04-29,0.40181949734687805,0.4052717144858308,0.3899616804614963,0.3970156926953894,460790400
2004-04-30,0.3869592547416687,0.40467160697032467,0.3826068136611254,0.40091847982923823,466502400
2004-05-03,0.39131245017051697,0.39521517961845387,0.3863590176663784,0.3902617471143153,297634400
2004-05-04,0.39236313104629517,0.3985168943100375,0.38275632430722684,0.38981118757569166,279983200
2004-05-05,0.40001818537712097,0.4015194510915312,0.3896607821419108,0.39326342906497297,238106400
2004-05-06,0.3989674150943756,0.4015193835089411,0.3887604683132863,0.3962658436939869,263558400
2004-05-07,0.4003181457519531,0.4138268526214573,0.3985168228412924,0.3985168228412924,419036800
2004-05-10,0.3944646418094635,0.3992676205921632,0.38936075351266697,0.3943141870524151,249978400
2004-05-11,0.40737318992614746,0.4081238103640986,0.39626596641250694,0.39626596641250694,305172000
2004-05-12,0.4097745716571808,0.41037471212932,0.3938635468560738,0.4021195428298338,245420000
2004-05-13,0.40812376141548157,0.41607884908958065,0.40377046901653446,0.40677297545897345,229852000
2004-05-14,0.4061718285083771,0.41007458211825054,0.3970155858646447,0.4090238542506014,257801600
2004-05-17,0.39986780285835266,0.40617202277508574,0.3956649895805306,0.40076887808904227,300445600
2004-05-18,0.4061718285083771,0.40962401966766077,0.4022690999492347,0.40482104298292937,206063200
2004-05-19,0.3973165452480316,0.41277618006467826,0.39656592504518073,0.41127579138394293,375592000
2004-05-20,0.4009184241294861,0.40527171633043546,0.3973166039674141,0.3997180929669135,196296800
2004-05-21,0.4069225490093231,0.4082733348680255,0.4012184961176178,0.4037704397809068,179894400
2004-05-24,0.41037482023239136,0.4187804715147291,0.40692262755505626,0.4096241997939286,235603200
2004-05-25,0.42643529176712036,0.42793653199086057,0.40962402156772126,0.4127761300330965,319978400
2004-05-26,0.4279366135597229,0.43198982265230723,0.4202816096381412,0.4252350419813504,322168000
2004-05-27,0.42283356189727783,0.4292873827762018,0.417580021939026,0.42718597681319515,235972800
2004-05-28,0.4211818277835846,0.4243339618623111,0.4172799502347619,0.42148278732281863,145717600
2004-06-01,0.4211818277835846,0.4232832338022451,0.41442792397025413,0.41712949551588063,182134400
2004-06-02,0.4340912103652954,0.4378434597565448,0.4172799376714244,0.4207321544096956,318712800
2004-06-03,0.42628568410873413,0.4351418189368246,0.4246347908345357,0.4310886607628882,250930400
2004-06-04,0.4319899082183838,0.43904389627791257,0.42793669832296294,0.4286873187265871,399112000
2004-06-07,0.44744938611984253,0.4500013544323597,0.4324394876836281,0.4358916791514639,295876000
2004-06-08,0.4555549919605255,0.456905777726018,0.447750385180163,0.45015184889855564,415620800
2004-06-09,0.45330414175987244,0.46095914822885065,0.45030160963944965,0.45165239587814404,349204800
2004-06-10,0.46140965819358826,0.4648618511560912,0.4533041391836664,0.4533041391836664,257577600
2004-06-14,0.45210281014442444,0.4605084343586281,0.4427969626755609,0.46005792191951955,243986400
2004-06-15,0.46065884828567505,0.46741277666377495,0.45420417597524615,0.4584069877101617,444634400
2004-06-16,0.49142947793006897,0.5001352111717099,0.4582574889085484,0.46020844051148513,909641600
2004-06-17,0.4924803078174591,0.4972832876081924,0.48347451404116853,0.48872805657386253,551320000
2004-06-18,0.4939814805984497,0.5014860313867663,0.48677613586478297,0.4902283284283443,406252000
2004-06-21,0.4852747321128845,0.5028365985395927,0.48212264848893105,0.4971333983748361,390213600
2004-06-22,0.49533209204673767,0.49668282754397897,0.48467455850676494,0.48482501320625365,360511200
2004-06-23,0.5058391690254211,0.5077901202597899,0.49368039402772435,0.4953321392843928,390868800
2004-06-24,0.4980337619781494,0.5058392719538674,0.4950321322096395,0.5029872452046489,252515200
2004-06-25,0.5058391690254211,0.5058391690254211,0.4953321392843928,0.49638281720776073,323428000
2004-06-28,0.4876772165298462,0.5131942025626167,0.48347440350517146,0.5130437478083896,521096800
2004-06-29,0.48782676458358765,0.4951816607417992,0.4714660285464193,0.4813728933062294,590553600
2004-06-30,0.48842689394950867,0.494881566372395,0.47867048463407513,0.48872780337086247,373044000
2004-07-01,0.4848250448703766,0.4875266162442299,0.4788209350103712,0.4818225640778933,341941600
2004-07-02,0.4665125906467438,0.46801383114999373,0.4462491505500131,0.4575068009758159,910683200
2004-07-06,0.46456173062324524,0.47161571864053836,0.4623098694258557,0.4693647091683381,348980800
2004-07-07,0.45615601539611816,0.4707154029264234,0.45225326103976266,0.46306039903529084,397992000
2004-07-08,0.45240285992622375,0.46050837528139366,0.44955078387877473,0.4522532068476001,233380000
2004-07-09,0.4507520794868469,0.45780691876878377,0.4507520794868469,0.4543547264977071,208863200
2004-07-12,0.43739309906959534,0.4509026144259805,0.43424096399230067,0.4506017048928925,511621600
2004-07-13,0.4385940730571747,0.44429732370091646,0.4355915922115735,0.4390437838446215,316176000
2004-07-14,0.44399720430374146,0.4498517612315215,0.4313887690997154,0.43319011727591306,835800000
2004-07-15,0.49428150057792664,0.5047885322176119,0.48197312036721296,0.4902282909379365,1767724000
2004-07-16,0.4833239018917084,0.4941310412903432,0.4821227690485064,0.4923296927358891,488381600
2004-07-19,0.4798716902732849,0.48362399024539054,0.475218365349937,0.48047185585885727,533170400
2004-07-20,0.4833239018917084,0.4833239018917083,0.4735674906981136,0.4795716518697712,323747200
2004-07-21,0.4746182858943939,0.4909789760772141,0.4704154225824879,0.48662655983117,301257600
2004-07-22,0.4755183458328247,0.4762689660300143,0.46621244902023673,0.46906452520133507,334118400
2004-07-23,0.46080854535102844,0.47656906581045344,0.45750680820087974,0.47326737876177744,273571200
2004-07-26,0.46921423077583313,0.4720662574790384,0.4620097382704749,0.46306046649216354,393932000
2004-07-27,0.4867759346961975,0.491578911349764,0.47386744331914193,0.4773196344560255,425006400
2004-07-28,0.4843745827674866,0.4864759888707555,0.46771378866627417,0.48497474831861687,285051200
2004-07-29,0.48992830514907837,0.492629877489159,0.48227329906916816,0.48737633584685763,222157600
2004-07-30,0.48542532324790955,0.4953322395897254,0.48032228710859665,0.4900786986046284,243023200
2004-08-02,0.47401782870292664,0.48332367289213024,0.4672630503822805,0.46801367037604946,365092000
2004-08-03,0.4696647524833679,0.4761194764790938,0.4675633461002771,0.47206626673272273,211629600
2004-08-04,0.47717010974884033,0.482122740801636,0.46786340997064507,0.46816346770721284,276488800
2004-08-05,0.47116604447364807,0.48482516094595257,0.4690646380854873,0.4774702636381302,244501600
2004-08-06,0.4469998776912689,0.4668127599892218,0.4457986946158408,0.4638111299899737,492290400
2004-08-09,0.45480430126190186,0.4570561616383883,0.4474493563251204,0.44805037348073673,290847200
2004-08-10,0.4731166660785675,0.4734167737679862,0.45555480498655365,0.4561558219886014,351036000
2004-08-11,0.46546193957328796,0.46726328819103796,0.45420428728529305,0.4668127255799397,322392000
2004-08-12,0.4558551013469696,0.463060394353506,0.45450431557681353,0.4570562340220826,226200800
2004-08-13,0.462909996509552,0.46951427307671234,0.45630566984091414,0.4593081511872916,328048000
2004-08-16,0.4620096981525421,0.4761194258028261,0.4599082919931167,0.46531143544630493,435674400
2004-08-17,0.46336042881011963,0.46726318293114133,0.45555497066954515,0.45900716228096633,323019200
2004-08-18,0.4764195382595062,0.4780704321467546,0.4576564836733503,0.45795659154214396,364655200
2004-08-19,0.46095895767211914,0.4782207671721466,0.45570541793457603,0.4729672274346035,388920000
2004-08-20,0.4623098373413086,0.46516186399029047,0.45765646214357847,0.46095905138639953,316780800
2004-08-23,0.4665125906467438,0.46936461693320436,0.45930809919412274,0.46321000182371513,254660000
2004-08-24,0.479571670293808,0.479571670293808,0.4681635131219915,0.46921424136739814,374136000
2004-08-25,0.49608269333839417,0.49758308185464983,0.4762689174112838,0.4783703230792075,505618400
2004-08-26,0.5202488899230957,0.5280534955384258,0.4914293255455751,0.4959321945990737,955858400
2004-08-27,0.5155956149101257,0.5217493784749236,0.5103420746183506,0.5205490473765778,388813600
2004-08-30,0.5121433734893799,0.5211491625537542,0.5097418597997612,0.5103420252909248,218142400
2004-08-31,0.5176970958709717,0.5246014807078373,0.5103421484191786,0.5113928766700693,376560800
2004-09-01,0.5382607579231262,0.5402125116018148,0.5131942806154086,0.5148451748413679,515726400
2004-09-02,0.5352590084075928,0.5375100681026358,0.5228001720736125,0.5328575440563175,406324800
2004-09-03,0.5288043022155762,0.539161731366587,0.5255025644889836,0.5255025644889836,293468000
2004-09-07,0.5367594957351685,0.5432141707541962,0.5288043813263164,0.531356350765347,301957600
2004-09-08,0.545615553855896,0.5489181433086477,0.5355590843007633,0.5358591420730338,343526400
2004-09-09,0.5358589887619019,0.5448647775734264,0.5295547712589932,0.5418631485783875,461339200
2004-09-10,0.5384109020233154,0.5438140440879361,0.5322562881306168,0.5352587685435148,328014400
2004-09-13,0.5342082381248474,0.5414126800387129,0.5301550287336103,0.5385606535294896,281976800
2004-09-14,0.5327068567276001,0.5336070798066571,0.5220493237159166,0.5289545577915529,254822400
2004-09-15,0.5283536314964294,0.5325564936078439,0.5223503730187883,0.5307559970386746,232668800
2004-09-16,0.545615553855896,0.5517701701389202,0.526553292912651,0.5283537397492372,501916800
2004-09-17,0.5574735403060913,0.5610761882945257,0.5463662900273153,0.5486182017902335,502308800
2004-09-20,0.5660294890403748,0.5700818470651385,0.5534210507307671,0.5535706537507088,245000000
2004-09-21,0.5705322027206421,0.5834407453478716,0.562277034195577,0.5666294988902585,386652000
2004-09-22,0.554171621799469,0.5724832602778458,0.5525198763464889,0.5718830946996716,401688000
2004-09-23,0.5594251155853271,0.5628773076919756,0.5543212281173081,0.5559729234786788,397404000
2004-09-24,0.5597251653671265,0.5703817983218098,0.557623759374591,0.5621266290686788,369488000
2004-09-27,0.5633276700973511,0.5700815971781381,0.552820642778281,0.5546210887823251,397516000
2004-09-28,0.5709828734397888,0.5747351232776803,0.5621266860445063,0.5622771407767668,353186400
2004-09-29,0.5805887579917908,0.5832911811702632,0.56768021450587,0.5693311080365964,273509600
2004-09-30,0.5816395282745361,0.5894450378969239,0.5771366579630215,0.5853926800732105,425012000
2004-10-01,0.5804391503334045,0.5882437568270921,0.5790883646175284,0.5871930789127848,465404800
2004-10-04,0.5822404026985168,0.5880941076160352,0.5816393855191083,0.5880941076160352,574084000
2004-10-05,0.5909463167190552,0.5954491873212122,0.5763860748270286,0.578787539012871,406162400
2004-10-06,0.6100084781646729,0.6118097762687409,0.5924465606466727,0.5928971231546659,446303200
2004-10-07,0.594698429107666,0.61436175278675,0.5922969654783801,0.6085080474113248,426148800
2004-10-08,0.5862928628921509,0.5969503482963783,0.582990273911078,0.593798264144019,359228800
2004-10-11,0.57923823595047,0.586293077223246,0.573384527860993,0.5823903713566293,323870400
2004-10-12,0.5747350454330444,0.5790883620882067,0.5651282891278225,0.5778871793651371,460191200
2004-10-13,0.5966494679450989,0.5967999226796771,0.5814899134248002,0.5834408649281214,1163008000
2004-10-14,0.6751521229743958,0.6867098305835744,0.6386775517070079,0.6482843581926082,2768427200
2004-10-15,0.6829575896263123,0.6846084330689494,0.6632943157237824,0.6736516924524468,1031128000
2004-10-18,0.716730535030365,0.716730535030365,0.670949268019504,0.670949268019504,1200752000
2004-10-19,0.7117773294448853,0.7257365543346841,0.7101255837772643,0.7219842539212284,801992800
2004-10-20,0.7125275135040283,0.7144784640290395,0.700219139992756,0.7081741983751579,605108000
2004-10-21,0.7195818424224854,0.7224338689223438,0.7108761098152229,0.7126774582697843,724505600
2004-10-22,0.7116267085075378,0.7155294126593832,0.7057730029900638,0.7135784613952251,483067200
2004-10-25,0.7137280106544495,0.7180812766978537,0.7065235204369369,0.7084744714172699,392644000
2004-10-26,0.7200324535369873,0.7212335863945609,0.7050225013415525,0.7122269437174815,594361600
2004-10-27,0.7550057768821716,0.7598096071210056,0.7230349694747855,0.7281380057604929,1193494400
2004-10-28,0.7833746075630188,0.7838251700809425,0.7429981837603792,0.7502026248134076,864264800
2004-10-29,0.7865267992019653,0.7985350702629088,0.7775210092434139,0.7781211747941673,810219200
2004-11-01,0.7872776389122009,0.7994355664631422,0.7811238736159835,0.7880282593970164,602050400
2004-11-02,0.8030378222465515,0.8117435025572098,0.7865266346107818,0.7865266346107818,729988000
2004-11-03,0.8302068114280701,0.8422142328583702,0.8103930279525708,0.816097131804083,1204173600
2004-11-04,0.8172973394393921,0.8338085319239712,0.8160970583380492,0.8260039241332298,928625600
2004-11-05,0.8213503956794739,0.8255532074536499,0.7811235760293733,0.8234518015665618,1205047200
2004-11-08,0.8162465691566467,0.8323080489632391,0.8084419121459518,0.8145956755513044,526920800
2004-11-09,0.8112940788269043,0.8187986288551816,0.8012367082094516,0.8139956507031337,475764800
2004-11-10,0.8218011856079102,0.8314071427933719,0.809192746796149,0.809792862350144,508676000
2004-11-11,0.830056369304657,0.8320073210517384,0.8139957377189375,0.8248028280027704,407299200
2004-11-12,0.8330578207969666,0.8359098471044201,0.823151807806481,0.8257029246716409,395701600
2004-11-15,0.8291559815406799,0.8324577189154596,0.8156464692275478,0.8285550143351673,376045600
2004-11-16,0.8246521949768066,0.8285549493524861,0.8177478113034479,0.8279547838176611,295103200
2004-11-17,0.8240519165992737,0.8323079366576107,0.8138449454827663,0.8284051828163603,397751200
2004-11-18,0.8314071297645569,0.8323082049081088,0.8148959360512832,0.8150463908000231,459149600
2004-11-19,0.8281051516532898,0.8542222948201743,0.8180477831901258,0.8329081287765397,765279200
2004-11-22,0.9208676218986511,0.9606438975796041,0.8690830206872114,0.9276216035886661,2568210400
2004-11-23,0.9196664690971375,0.9373787488763589,0.9163646806616804,0.935126887278531,911450400
2004-11-24,0.9613943099975586,0.978656174007657,0.9238691024624257,0.9259704587723583,1390788000
2004-11-26,0.9688993692398071,0.9870614502283991,0.9657472857892815,0.9809068862962143,550144000
2004-11-29,1.0272883176803589,1.0442491660206972,1.0118278077572949,1.0349433202441503,1712916800
2004-11-30,1.0064239501953125,1.0325418452050092,1.0064239501953125,1.0325418452050092,1028518400
2004-12-01,1.0175319910049438,1.0199334546502372,0.9947165833305659,1.0175319910049438,800553600
2004-12-02,0.9788054823875427,1.0041728565368493,0.970550364075343,0.9926150496010079,987442400
2004-12-03,0.9408303499221802,0.9756532688670839,0.9268711815905094,0.9685983822082204,1238848800
2004-12-06,0.9873613715171814,0.9942657526423943,0.9448826536304389,0.9643954663794241,1247920800
2004-12-07,0.9439826011657715,1.0016208269011773,0.9390291697514237,0.9896125083209403,1056899200
2004-12-08,0.9498364925384521,0.9670982543965446,0.9313743995376166,0.9468348129565158,691902400
2004-12-09,0.960493803024292,0.9666475656947638,0.9316742373105219,0.9427814317275639,741501600
2004-12-10,0.9779055714607239,0.9914142335835979,0.9711507894859509,0.9761042227852778,775773600
2004-12-13,0.9743027687072754,0.9891630669976311,0.9696494437871406,0.9849602545528064,395040800
2004-12-14,0.9800064563751221,0.9888626906408171,0.9759532484499852,0.9816573996081147,415721600
2004-12-15,0.9795564413070679,0.9825589229861544,0.9705506997202336,0.979256333423312,398361600
2004-12-16,0.9996700286865234,1.0131786877328457,0.9914140077923692,0.9929152482501292,1126115200
2004-12-17,0.9755040407180786,1.0062744648647801,0.9741532046587924,1.003271983470191,783496000
2004-12-20,0.9414307475090027,0.9906633566291786,0.9270209638668077,0.9827082454143902,1168126400
2004-12-21,0.9559903144836426,0.9571914473230537,0.9246196746932629,0.9540393629208382,1064414400
2004-12-22,0.956891655921936,0.9660479035461056,0.9516381139290102,0.9555408195602539,565829600
2004-12-23,0.9607939124107361,0.9643957068119143,0.9546393481065277,0.9568912086038898,245929600
2004-12-27,0.948034942150116,0.977905234893077,0.9438321306971106,0.972651695526088,559490400
2004-12-28,0.9633451104164124,0.9643958385078947,0.9313743584739765,0.9501365584840235,611755200
2004-12-29,0.967248260974884,0.9753537803772638,0.9541901089930821,0.9577919051745923,449562400
2004-12-30,0.9726521372795105,0.9761043301589238,0.9639464026470855,0.972801740320523,345340800
2004-12-31,0.9666478037834167,0.9756536447290759,0.9610942553085038,0.9740028010157404,278588800
2005-01-03,0.9499866962432861,0.9773049177463226,0.93962922155915,0.9723514866667929,691992000
2005-01-04,0.9597433805465698,0.982708394275494,0.9451831900894773,0.9574915195891333,1096810400
2005-01-05,0.9681491255760193,0.9794068285128843,0.961394343489156,0.9675481081907705,680433600
2005-01-06,0.9688993692398071,0.9743025114281674,0.9505868836589388,0.9706999156212961,705555200
2005-01-07,1.0394463539123535,1.0451504066772985,0.9719012507072167,0.9756535504681108,2227450400
2005-01-10,1.0350937843322754,1.0612109771841185,1.018882653355615,1.0481519298450022,1725309600
2005-01-11,0.9690495133399963,1.03794547658528,0.9627453429186046,1.024436811947535,2611627200
2005-01-12,0.9825587272644043,0.9891630032478483,0.9501365609656731,0.9824083226421046,1919702400
2005-01-13,1.047702431678772,1.1170488869936968,1.0466518037216916,1.1063914011675544,3164716800
2005-01-14,1.0537056922912598,1.07652110081781,1.0385460892284675,1.0544563125382267,1770742400
2005-01-18,1.0604604482650757,1.061211068494612,1.0169309881431121,1.048452127839545,1006460000
2005-01-19,1.0489027500152588,1.072618383713685,1.0469517985537318,1.0580589950948658,751895200
2005-01-20,1.0576086044311523,1.0697673321434016,1.0427491062618583,1.0454506783426056,914922400
2005-01-21,1.0580588579177856,1.074719700670888,1.050703962246997,1.0703672858431443,911332800
2005-01-24,1.0621113777160645,1.077422187904245,1.0589592935520729,1.065413966709325,841629600
2005-01-25,1.081475019454956,1.0933328406713012,1.0648141684057333,1.0712680424690295,969231200
2005-01-26,1.0844773054122925,1.0919818064478135,1.0690167887582314,1.0906310704116176,739496800
2005-01-27,1.0903310775756836,1.0945338911917581,1.0739703357122454,1.0831257818483615,496227200
2005-01-28,1.1104435920715332,1.1104435920715332,1.087328078080697,1.0900304509791217,801612000
2005-01-31,1.1542733907699585,1.1691336904358918,1.118399828558383,1.1194505568175903,1681097600
2005-02-01,1.1637296676635742,1.1673322645167725,1.149470286104472,1.1565251753778647,678395200
2005-02-02,1.1952511072158813,1.199453920809836,1.1661314197805912,1.1700341254491733,1020062400
2005-02-03,1.1679325103759766,1.1922491629870775,1.1607280179042427,1.1872957299650926,731651200
2005-02-04,1.183392882347107,1.1847437183742333,1.163729655809972,1.1688334932880287,563556000
2005-02-07,1.18489408493042,1.1910478482456284,1.1632798091922691,1.1847435801106025,524456800
2005-02-08,1.2143139839172363,1.2215184765633549,1.182642333224988,1.1868452461938583,890019200
2005-02-09,1.181891679763794,1.2306746880203219,1.1722857232388597,1.2164153061470544,1191456000
2005-02-10,1.1761888265609741,1.1899975992366265,1.1506718363414445,1.1815919718081043,1093019200
2005-02-11,1.218967080116272,1.2272222994532311,1.1848940718824967,1.198702838847207,1201054400
2005-02-14,1.2703016996383667,1.2727031643790425,1.2315760515845218,1.2417822266309013,1271463200
2005-02-15,1.3270392417907715,1.337095709831572,1.290864775211667,1.3007716402514522,2312217600
2005-02-16,1.3528562784194946,1.3539069062860887,1.3111281652813969,1.323136486076116,1639243200
2005-02-17,1.3180330991744995,1.3641136185945304,1.3126291554416298,1.3606614274303392,1518473600
2005-02-18,1.3030236959457397,1.31878421914492,1.2946180702124486,1.3169829706865164,1163254400
2005-02-22,1.2802081108093262,1.3253884182028666,1.2802081108093262,1.2953677148024714,1219293600
2005-02-23,1.3243374824523926,1.3276391691134395,1.2841106139600122,1.3016716790823728,1345181600
2005-02-24,1.3348444700241089,1.3405477204305682,1.3168320907733626,1.3280897902289788,1519028000
2005-02-25,1.335744857788086,1.34955442603504,1.3237365375733434,1.3452012095513177,915510400
2005-02-28,1.3467025756835938,1.355108200212606,1.3196843536932705,1.3412985304737355,651610400
2005-03-01,1.335895299911499,1.354206986723783,1.3256883276452953,1.350605191978795,468188000
2005-03-02,1.3244869709014893,1.3476024830385207,1.3232866400640797,1.3283896744206,458161200
2005-03-03,1.2545403242111206,1.3331927065737808,1.2374290714684693,1.3319923757315508,1411653600
2005-03-04,1.2851616144180298,1.291164873643877,1.2563420421781337,1.28366037374901,756618800
2005-03-07,1.2833603620529175,1.2983703649967986,1.2713521392512954,1.2848608012107166,450632000
2005-03-08,1.216715693473816,1.2656483159853507,1.2038071447062157,1.25784360603255,1021451200
2005-03-09,1.1812915802001953,1.2092100284050242,1.165681462248479,1.1899973134720963,1322465200
2005-03-10,1.1957014799118042,1.2086100271086813,1.1737870907299979,1.186695637926875,777109200
2005-03-11,1.2089097499847412,1.2185166071106215,1.1948009749567023,1.207108501849743,632830800
2005-03-14,1.2104109525680542,1.2245206278123306,1.1863952153353736,1.216415012129891,605385200
2005-03-15,1.2296240329742432,1.235027978796132,1.2083098606068419,1.2200180758777226,508608800
2005-03-16,1.2362282276153564,1.270150836414476,1.2242208070965763,1.237129352806045,697813200
2005-03-17,1.268350601196289,1.2872633112323342,1.2404312470874264,1.2467355171670993,801920000
2005-03-18,1.2896641492843628,1.3040739310968195,1.2758544827888942,1.3007713428963497,940150400
2005-03-21,1.3118789196014404,1.319984436763275,1.2866620445731556,1.2995705899348917,541128000
2005-03-22,1.2857612371444702,1.3196838296195996,1.2812583188377247,1.312178431359511,551415200
2005-03-23,1.2773561477661133,1.302873131675674,1.2614451204425345,1.2743536663271902,609823200
2005-03-24,1.2758545875549316,1.2908645861198385,1.2758545875549316,1.2881630148408425,352704800
2005-03-28,1.276755690574646,1.2896642330048231,1.2749543424774956,1.2833599655779881,275410800
2005-03-29,1.2533396482467651,1.2857619197851324,1.2458351478285417,1.2776563017990596,461356000
2005-03-30,1.2848608493804932,1.2848608493804932,1.2554411583370457,1.262946560902215,394959600
2005-03-31,1.2509379386901855,1.2764549185166962,1.2485364749786951,1.2743534624139934,636134800
2005-04-01,1.2275224924087524,1.2662489310940857,1.2179165359696884,1.2635465575562448,641284000
2005-04-04,1.2335268259048462,1.2401312037002037,1.205608374426092,1.230525245919109,580014400
2005-04-05,1.257542371749878,1.2680494531721707,1.233526629397722,1.2374294342797232,556239600
2005-04-06,1.2707515954971313,1.2851613789772154,1.2653476511340247,1.2728530514805,414825600
2005-04-07,1.3076759576797485,1.3133800101913562,1.2683502105957254,1.2707516743198042,506987600
2005-04-08,1.313080072402954,1.3343942430986073,1.3070759113005916,1.3118789395736148,649950000
2005-04-11,1.2584437131881714,1.3283902975231379,1.2581436052873174,1.3253887174997385,821662800
2005-04-12,1.2806577682495117,1.2965687934958847,1.2611449481415569,1.2755547328644572,981061200
2005-04-13,1.232024908065796,1.290564252977372,1.2125120937040172,1.2893639222515076,1371946800
2005-04-14,1.1185495853424072,1.1875960490260646,1.1059411451075807,1.165080640782456,2753192400
2005-04-15,1.0612112283706665,1.118249255940851,1.0591097719796052,1.0993366494360781,1728087200
2005-04-18,1.0693165063858032,1.089730449210567,1.0206840146539136,1.0507039116960872,1327177600
2005-04-19,1.1134463548660278,1.1239533364673193,1.0768212717708945,1.09873646038067,1081642800
2005-04-20,1.0660141706466675,1.132959165154755,1.0639128144305825,1.130557701081764,945131600
2005-04-21,1.1161478757858276,1.1170489007459012,1.077722347692613,1.092732249148823,759592400
2005-04-22,1.0657141208648682,1.1107448312834656,1.047702538118168,1.1059410010490884,839129200
2005-04-25,1.1101436614990234,1.111344794247896,1.0840265644829492,1.0954337683925528,746460400
2005-04-26,1.0864275693893433,1.126054211646097,1.0843261140320701,1.1041390343488207,810507600
2005-04-27,1.079223394393921,1.0915309201787498,1.0660139419845236,1.0774220462181774,613888800
2005-04-28,1.0669153928756714,1.0909311380223128,1.0579087494488042,1.0894298971805465,575106000
2005-04-29,1.0825259685516357,1.087629808794955,1.0573089796089936,1.0852275418666475,671630400
2005-05-02,1.0936329364776611,1.100238016776795,1.0813254043869804,1.087028557599437,465920000
2005-05-03,1.0870282649993896,1.1029392926284827,1.0816251209846282,1.0927323185033453,496739600
2005-05-04,1.1152478456497192,1.1167481847360525,1.083726696420763,1.084026804319218,448176400
2005-05-05,1.1011379957199097,1.1188495711707906,1.0948338263918678,1.11824935541158,387366000
2005-05-06,1.1179488897323608,1.1206504607598144,1.1044401327687792,1.1074418115528897,326247600
2005-05-09,1.1098436117172241,1.1242533977453395,1.1032393352104923,1.1191503618980603,355695200
2005-05-10,1.0933326482772827,1.1182494195447876,1.0906310759881075,1.1032395155702683,440263600
2005-05-11,1.069016456604004,1.0708178048367916,0.9939659584043906,1.0567081288059155,2041981200
2005-05-12,1.0245870351791382,1.0684156071343258,1.0206842302987258,1.0633125712631928,970242000
2005-05-13,1.0437997579574585,1.057608526845557,1.0227856951500194,1.0266883998598597,702713200
2005-05-16,1.0672154426574707,1.0717183637366747,1.036594617370369,1.0374956424792792,474294800
2005-05-17,1.0615111589431763,1.0645136400956456,1.0368945009614368,1.0549068828025374,588344400
2005-05-18,1.0759209394454956,1.127555919454658,1.0504039580825075,1.0642127259653547,636722800
2005-05-19,1.1272549629211426,1.131157667183876,1.0741195461851425,1.0741195461851425,793161600
2005-05-20,1.1272549629211426,1.130257443935021,1.1164478750053493,1.1182491231266107,452650800
2005-05-23,1.1935997009277344,1.1978025128949716,1.1362615738530735,1.1362615738530735,1042574400
2005-05-24,1.191798448562622,1.2005040800720168,1.1716854136471035,1.184293849503407,593460000
2005-05-25,1.1941999197006226,1.1993037565295737,1.1803911527285194,1.1857942957439447,396006800
2005-05-26,1.2230194807052612,1.2290235407248327,1.19900374164168,1.19900374164168,525520800
2005-05-27,1.2176153659820557,1.224520650856156,1.201105028550502,1.2200177313537062,316008000
2005-05-31,1.1935997009277344,1.2230194849013365,1.1881957563030507,1.220617921007033,404205200
2005-06-01,1.2098108530044556,1.223619620164063,1.1966013996465261,1.1975025247123159,453812800
2005-06-02,1.20200514793396,1.2104108708341017,1.1887965985609834,1.2023052556990002,373973600
2005-06-03,1.1479688882827759,1.158175860524949,1.1338601136968867,1.1455674245839262,956869200
2005-06-06,1.138363242149353,1.1596774156442475,1.1275561515576018,1.1506716738227365,811966400
2005-06-07,1.0969349145889282,1.1326588660572796,1.0942333431151705,1.128756161937999,745264800
2005-06-08,1.1083422899246216,1.1182491548728082,1.0978353095278097,1.0996365577002074,404006400
2005-06-09,1.1302578449249268,1.1389635799907902,1.1053410714222878,1.1107450181091585,390255600
2005-06-10,1.0750205516815186,1.122751918135545,1.0663140190491647,1.122751918135545,678932800
2005-06-13,1.0777223110198975,1.0990364805856867,1.0753208471121654,1.0774222031836438,435772400
2005-06-14,1.0807240009307861,1.0852269211559904,1.0732194010966492,1.0783224367971471,347846800
2005-06-15,1.114646553993225,1.1197503910706903,1.089730590343532,1.1068419469000748,563343200
2005-06-16,1.1401643753051758,1.1431660548711102,1.1053407439382132,1.116447940321079,547674400
2005-06-17,1.1500704288482666,1.156975614468333,1.1356606435673393,1.1548742584252867,596125600
2005-06-20,1.1290565729141235,1.143466360817923,1.1242535440864472,1.1362618676778922,323716400
2005-06-21,1.1365618705749512,1.1464687366227475,1.122152084002254,1.132359057909147,370526800
2005-06-22,1.1572757959365845,1.1587762349900725,1.1449674661184883,1.1485700629723725,424925200
2005-06-23,1.167482852935791,1.1942001692356559,1.1602775585106118,1.1656815042787556,674254000
2005-06-24,1.1335593461990356,1.1743872438889449,1.131157881987211,1.1734861186424732,410709600
2005-06-27,1.1137462854385376,1.143766084945122,1.101137749199299,1.1059407768362333,600171600
2005-06-28,1.120050311088562,1.1284559340450935,1.1158474996102965,1.1254543552874592,350299600
2005-06-29,1.0918320417404175,1.11945048126925,1.084326639989529,1.1176491327435,448358400
2005-06-30,1.1050406694412231,1.1155476504714257,1.0900306679115188,1.0990365085046168,418390000
2005-07-01,1.0957340002059937,1.1098436792448474,1.089429831163444,1.105640866482161,250000800
2005-07-05,1.1401643753051758,1.145267410932574,1.0957338863235655,1.097235126918332,454269200
2005-07-06,1.1224517822265625,1.1455672956175966,1.1167477304170343,1.132058637969851,394626400
2005-07-07,1.1296577453613281,1.1335595492373802,1.104740871301013,1.105040979229023,383723200
2005-07-08,1.1482690572738647,1.1491701823758604,1.1248535324257078,1.1368617533862406,290735200
2005-07-11,1.143766164779663,1.1602774063710626,1.1341602090382443,1.151871781760155,388788400
2005-07-12,1.1479688882827759,1.1527727175069498,1.1380629256772274,1.1476688806755675,387038400
2005-07-13,1.1512717008590698,1.155774621524992,1.1377622374405756,1.149470352227371,684835200
2005-07-14,1.2233192920684814,1.2611446937789197,1.2077092796175986,1.2245205247320488,2096060400
2005-07-15,1.2473362684249878,1.2479363839053994,1.2146139923716832,1.2299240014303077,687682800
2005-07-18,1.245534896850586,1.2638465852040757,1.2419321999758999,1.243133432943963,586297600
2005-07-19,1.2965691089630127,1.2977702419581605,1.2329266959428062,1.246435358867213,671062000
2005-07-20,1.3097773790359497,1.314881316378922,1.280357693394479,1.2866619618476964,453395600
2005-07-21,1.2995704412460327,1.3220857418521879,1.28786303003484,1.3118787695043381,404264000
2005-07-22,1.3208857774734497,1.3208857774734497,1.3025732838076913,1.3040745247113126,301106400
2005-07-25,1.3151813745498657,1.329291051282739,1.3127799107964655,1.3205845176906004,294627200
2005-07-26,1.3097773790359497,1.3241871641298608,1.3016718623952563,1.3211855848321394,268592800
2005-07-27,1.3205840587615967,1.3229863233037138,1.2809582171512084,1.3157810327209987,283749200
2005-07-28,1.3148810863494873,1.3208852459240201,1.2998711884278062,1.3163815250255397,251311200
2005-07-29,1.2803572416305542,1.332292310884699,1.2686499341663737,1.307675561617198,562080400
2005-08-01,1.2833603620529175,1.293266426908001,1.2632465212232011,1.27795641629493,314249600
2005-08-02,1.2965691089630127,1.305874958738551,1.2791576405803584,1.2875632668780952,296875600
2005-08-03,1.297468900680542,1.3001712736651563,1.2839602422514276,1.2965686775023089,258322400
2005-08-04,1.2821595668792725,1.290865302741901,1.269551125012136,1.2875635140607224,269304000
2005-08-05,1.2905646562576294,1.3016718523129593,1.26144497846706,1.275554755826331,241931200
2005-08-08,1.2803572416305542,1.2983697171497526,1.2791569109438359,1.2908643186109288,176383200
2005-08-09,1.315481424331665,1.3175827801753925,1.2881630969426316,1.2887632123471466,380839200
2005-08-10,1.302272915840149,1.3325928256055648,1.3001714595630687,1.320885513685436,360945200
2005-08-11,1.3208857774734497,1.324487573247089,1.2983704706171568,1.3025732838076913,271983600
2005-08-12,1.3839277029037476,1.3875295981713203,1.30167190225866,1.3046743834748606,916036800
2005-08-15,1.4313589334487915,1.45087175279181,1.3944346506420477,1.3953348738655265,1086727600
2005-08-16,1.3884303569793701,1.4259556534210873,1.3872292244389839,1.4226530650004159,537622400
2005-08-17,1.415448546409607,1.4241542771325393,1.3920321238011877,1.392933248746703,499724400
2005-08-18,1.3899309635162354,1.4109450238419665,1.3734206246954053,1.408243452278454,442559600
2005-08-19,1.3758224248886108,1.401939627114849,1.3740210761302667,1.3893310876331535,376569200
2005-08-22,1.37702214717865,1.4034402472333396,1.3587104636613794,1.3854277696466095,387732800
2005-08-23,1.3731194734573364,1.383927361055279,1.3605110394821693,1.3764220616952427,295604400
2005-08-24,1.374021053314209,1.414548042904555,1.368617107331879,1.3689172152164901,572070800
2005-08-25,1.3827265501022339,1.395635094842341,1.3752211487940653,1.384527898521728,276253600
2005-08-26,1.3731194734573364,1.3911318512314748,1.361712171956085,1.3845275765819958,261058000
2005-08-29,1.3761221170425415,1.3818261692809681,1.358710654151835,1.359010761950765,256295200
2005-08-30,1.3980364799499512,1.404640855965913,1.378523660124184,1.3806251162584087,518761600
2005-08-31,1.4076435565948486,1.4118463693160919,1.38903095711083,1.406742431382009,402956400
2005-09-01,1.3887310028076172,1.4160493386179207,1.3836270643091628,1.4109454001194663,356367200
2005-09-02,1.3875298500061035,1.404942119917815,1.384528169868708,1.3899313143595826,222378800
2005-09-06,1.4649814367294312,1.4673829004299705,1.397436337186302,1.4019392569799611,818619200
2005-09-07,1.4613789319992065,1.4829940105152755,1.4385643239929546,1.4724869297967376,963074000
2005-09-08,1.494401216506958,1.5046081894112855,1.4751885036403634,1.4814927721213207,702640400
2005-09-09,1.5403319597244263,1.5415330923201052,1.494701145846842,1.503106769349062,615641600
2005-09-12,1.5430339574813843,1.5499392443287465,1.5184180973835357,1.5340282161059298,452796400
2005-09-13,1.5256221294403076,1.5397318047200337,1.510612130802404,1.5316261890172291,492884000
2005-09-14,1.489297866821289,1.5367292229176537,1.4847949476885098,1.532826419114578,474426400
2005-09-15,1.4971023797988892,1.5064091268785345,1.48089215249172,1.5010051833605673,415156000
2005-09-16,1.5373303890228271,1.5373303890228271,1.4995050805943795,1.50791070468959,591004400
2005-09-19,1.5802589654922485,1.587764366975079,1.5325267884695564,1.5325267884695564,783731200
2005-09-20,1.5967698097229004,1.615382404316698,1.5886642942730897,1.5907657501830603,819828800
2005-09-21,1.5643481016159058,1.5925674601889126,1.5568436011805413,1.5898658881296033,434747600
2005-09-22,1.558043360710144,1.5751555152713164,1.540631900011222,1.5574431451878403,463727600
2005-09-23,1.5970698595046997,1.6060756979800535,1.5562428773747263,1.56404748313342,558457200
2005-09-26,1.6162828207015991,1.6378969953962177,1.6006727058924108,1.6219868729884883,546562800
2005-09-27,1.6042747497558594,1.62829129363747,1.6039746419077565,1.6186845358006898,341703600
2005-09-28,1.5334277153015137,1.5943685413058306,1.5187178227407339,1.5931674086015162,1125544000
2005-09-29,1.5712531805038452,1.5787577806281032,1.5253223503204234,1.5379307879660997,636846000
2005-09-30,1.6093782186508179,1.6105785494906384,1.5574431427723492,1.5709527015407183,531633200
2005-10-03,1.6342953443527222,1.6372970238488789,1.6114799348241162,1.625889719896366,507553200
2005-10-04,1.6135814189910889,1.6616137027208064,1.6102788299862953,1.6496053812810039,539459200
2005-10-05,1.5844619274139404,1.63189410127551,1.583561704011564,1.6309929760464839,610769600
2005-10-06,1.552040457725525,1.605775995587541,1.5271236904223298,1.5970702626877171,757537200
2005-10-07,1.5400317907333374,1.5589444929632539,1.5175164924830327,1.55264032568857,677882800
2005-10-10,1.5121138095855713,1.558344851265656,1.5094114358864243,1.5538410287043611,507505600
2005-10-11,1.548737645149231,1.55714326898753,1.51301369373499,1.5379305576470468,1225884800
2005-10-12,1.478490948677063,1.5100120876073857,1.4370629456364599,1.4604784684765535,2697486400
2005-10-13,1.6132816076278687,1.6195857771363724,1.4790914967637312,1.4841946335016445,1865575600
2005-10-14,1.6210860013961792,1.6315930827875924,1.5847619294150783,1.6219871265650074,1035552000
2005-10-17,1.6042747497558594,1.6279912859923216,1.581460140310974,1.6204858843099865,616834400
2005-10-18,1.5673502683639526,1.6195853605582673,1.567050160552948,1.598571300596728,609588000
2005-10-19,1.6493051052093506,1.6499053208142167,1.5373303248878427,1.5631474117263329,1008683200
2005-10-20,1.6853294372558594,1.6961365257470158,1.6315930004008783,1.6351955970381455,1357762000
2005-10-21,1.670919418334961,1.710546174528478,1.661913678982825,1.706343262357285,796726000
2005-10-24,1.7048419713974,1.7048419713974,1.6538080136712945,1.6586110411158668,609753200
2005-10-25,1.684127926826477,1.7066431250196177,1.6718204013998088,1.6931345672401572,465127600
2005-10-26,1.7120475769042969,1.727957601027587,1.6787250856133111,1.6895321742637859,631593200
2005-10-27,1.663414716720581,1.7114461891702768,1.663414716720581,1.7108459736248547,411541200
2005-10-28,1.6351956129074097,1.694035085933954,1.6261898727489625,1.6823277740323979,769787200
2005-10-31,1.7288588285446167,1.7405661405198898,1.6436012479457494,1.6571108101965135,940844800
2005-11-01,1.72615647315979,1.7453699895051782,1.7072437660937028,1.7183518651830416,749686000
2005-11-02,1.7997050285339355,1.8012062685665657,1.7291581701323298,1.7327608656424873,857060400
2005-11-03,1.856744408607483,1.8708531826832844,1.8033079854267637,1.8090121378751598,884382800
2005-11-04,1.8357304334640503,1.8384321053494075,1.7897996065422246,1.8117137908751322,878035200
2005-11-07,1.8081116676330566,1.8513410319968149,1.8054099951901459,1.8267241686688023,638831200
2005-11-08,1.7982056140899658,1.8126154023069438,1.7741889663851047,1.7997060533537033,473765600
2005-11-09,1.8045094013214111,1.837530882076596,1.8012069125558687,1.8012069125558687,552930000
2005-11-10,1.8366304636001587,1.8372306791958637,1.7714869306757042,1.8204194319633675,665344400
2005-11-11,1.847438097000122,1.8645495572923023,1.8414339352092277,1.847438097000122,425448800
2005-11-14,1.8447357416152954,1.8606459611184825,1.8285247129488094,1.8474372123156728,369933200
2005-11-15,1.869652509689331,1.8936681421589037,1.8450356597339765,1.8492385707712518,536841200
2005-11-16,1.9498066902160645,1.953108377371518,1.8939687975301083,1.8957702461395392,784515200
2005-11-17,1.9368977546691895,1.9777248366076143,1.9287921393891434,1.969019005786755,676205600
2005-11-18,1.9380990266799927,1.9642171343933252,1.932395873745766,1.9606144363717286,524960800
2005-11-21,1.9501069784164429,1.957011363378232,1.912881778071982,1.9459042657427614,511711200
2005-11-22,1.9969382286071777,2.0041434228371466,1.9368984170601424,1.9465042738684994,540282400
2005-11-23,2.014650583267212,2.040767684863184,2.002042244397736,2.0077453964393728,485853200
2005-11-25,2.081594944000244,2.0875983022838422,2.026357274072689,2.03116120321597,395012800
2005-11-28,2.0912017822265625,2.1335299229970186,2.073490105081551,2.1230228396283923,1018519600
2005-11-29,2.044369697570801,2.1104136510795732,2.021854298944315,2.1011078046971323,891433200
2005-11-30,2.035964250564575,2.0668852751003666,2.026958410983849,2.0542767389567604,595674800
2005-12-01,2.149440288543701,2.153342992739764,2.0656840559888505,2.069886968199995,812893200
2005-12-02,2.180360794067383,2.1836624802293847,2.122421662983301,2.1695527068805585,895762000
2005-12-05,2.1560451984405518,2.1773593715724187,2.146138331489297,2.1599479036031672,583671200
2005-12-06,2.222989559173584,2.246404981780342,2.2019753997786897,2.219386862732282,857029600
2005-12-07,2.219986915588379,2.2352977230224003,2.1950708556051723,2.228392538648958,679464800
2005-12-08,2.2238898277282715,2.2265923010275888,2.17946004441457,2.197472524959072,790479200
2005-12-09,2.2313954830169678,2.2392008921437037,2.201975695987751,2.2277927860910327,555402400
2005-12-12,2.2488067150115967,2.2620152663303568,2.238299634990791,2.247606283774598,524994400
2005-12-13,2.2509076595306396,2.2653174417179534,2.2277922470049965,2.2470049559116565,493816400
2005-12-14,2.1617488861083984,2.2004745224438227,2.109513887411039,2.1773591036200175,1450716400
2005-12-15,2.1668519973754883,2.1872659443049582,2.1419351301161806,2.181861999016157,561162000
2005-12-16,2.134730339050293,2.1704542885846707,2.133229098679807,2.16565116110377,671171200
2005-12-19,2.1428356170654297,2.1794597874186783,2.132628746366325,2.1347302021820527,529295200
2005-12-20,2.1647517681121826,2.17285739003116,2.1350319560333495,2.1503419739955776,479108000
2005-12-21,2.206479072570801,2.2097815621364134,2.1776594952619535,2.1794607438944995,475736800
2005-12-22,2.222087860107422,2.236197633237392,2.2094795274837966,2.218786173996632,370610800
2005-12-23,2.2019758224487305,2.2292941547435063,2.20047458173993,2.226592683010142,229857600
2005-12-27,2.228393077850342,2.2569124421291207,2.219987452755865,2.221488693429701,590590000
2005-12-28,2.208580255508423,2.244304214001398,2.2010748533973232,2.23559838042931,398115200
2005-12-29,2.14493727684021,2.2160851705256177,2.144036252021793,2.214883937704979,490025200
2005-12-30,2.1581461429595947,2.174357175536267,2.1116149021687196,2.128726358394092,624262800
2006-01-03,2.2440032958984375,2.2440032958984375,2.1689529058410186,2.172855609492841,807234400
2006-01-04,2.2506086826324463,2.280928699528021,2.236498901548392,2.255411611551295,619603600
2006-01-05,2.232896327972412,2.2485063418361904,2.2139836254053646,2.246404885905214,449422400
2006-01-06,2.290534734725952,2.3025430557800526,2.237999532549615,2.2590136935825065,704457600
2006-01-09,2.2830302715301514,2.3175540083371504,2.273724420108056,2.3034442253022833,675040800
2006-01-10,2.427427291870117,2.4583483292831496,2.276426005304,2.289034346292538,2279869200
2006-01-11,2.518688201904297,2.545705523332252,2.4793615489078147,2.516886953619677,1493794400
2006-01-12,2.5303962230682373,2.5937387359826087,2.510283280284498,2.550810175607371,1280809600
2006-01-13,2.569422721862793,2.5820310618029443,2.539702920285329,2.551410235074148,776305600
2006-01-17,2.543003559112549,2.5931372912935453,2.5177866892303427,2.572723348428139,835623600
2006-01-18,2.4763593673706055,2.5231914276276597,2.4571466512267905,2.4940718447192665,1200637200
2006-01-19,2.3727893829345703,2.451442671902767,2.36378374467849,2.439134345027949,1695848000
2006-01-20,2.2842302322387695,2.402809379203363,2.276424824696071,2.3799947749752666,1134758800
2006-01-23,2.33166241645813,2.388400320448756,2.2815286870541813,2.284530165563153,1059730000
2006-01-24,2.282729387283325,2.384198099665606,2.2746237703543444,2.364384168988867,1142254400
2006-01-25,2.227492570877075,2.326558811075285,2.1989730098237525,2.323256923718094,1275786400
2006-01-26,2.1713547706604004,2.2644176563162866,2.159347251135196,2.237399534949215,1181387200
2006-01-27,2.162349224090576,2.209480488155062,2.134430675254058,2.18996756485763,953864800
2006-01-30,2.2515079975128174,2.2995402734063055,2.127524904556666,2.136531544978926,1398401200
2006-01-31,2.2668187618255615,2.291735623458898,2.213983559963817,2.266518754250158,913542000
2006-02-01,2.2641170024871826,2.2953380383994526,2.2407013758574106,2.25000802579245,521186400
2006-02-02,2.16444993019104,2.26231572284851,2.1629486899582564,2.2545103157484623,707322000
2006-02-03,2.1569454669952393,2.1851648275859312,2.132629613272516,2.1686535827278837,692123600
2006-02-06,2.020352840423584,2.1767581787233405,2.0035415957732847,2.16204838975579,1651767600
2006-02-07,2.029360055923462,2.0857981653941167,2.001741717876775,2.049473192972787,1388830800
2006-02-08,2.0656838417053223,2.0737894572716944,1.9813274022769003,2.056076985813388,953114400
2006-02-09,1.9498066902160645,2.0782927226463443,1.9371981531972258,2.0743898177994575,1149764000
2006-02-10,2.0206544399261475,2.0314615286379794,1.8882656993501301,1.9567111289408063,1760477600
2006-02-13,1.9426016807556152,2.0038435305691498,1.9405004245085156,2.0002408330437222,883498000
2006-02-14,2.0305607318878174,2.0443703033865677,1.9513082046791366,1.954309884627884,1160938800
2006-02-15,2.0779922008514404,2.090000520395167,2.003842831727597,2.0161503572305826,1159771200
2006-02-16,2.1185193061828613,2.13172805829893,2.0857980347255545,2.098706578820536,948175200
2006-02-17,2.110114336013794,2.1281268228618853,2.089700585064526,2.110414544127929,575999200
2006-02-21,2.0737898349761963,2.1254238139652784,2.0617815134315025,2.119119645560214,779606800
2006-02-22,2.141035318374634,2.151542401705352,2.0413680305832167,2.0713888412594,978238800
2006-02-23,2.153942823410034,2.19146801696519,2.1443359682384764,2.1551440560674453,856917600
2006-02-24,2.1452369689941406,2.1881653001480714,2.1374313624074537,2.165650707424732,534744000
2006-02-27,2.1311283111572266,2.165051023373916,2.120921436602325,2.1611481178358996,791240800
2006-02-28,2.056077241897583,2.173456173367179,2.044369930689245,2.1488401176475143,1266980400
2006-03-01,2.074389696121216,2.0860980091633032,2.041968432794738,2.066584287697081,763817600
2006-03-02,2.0896999835968018,2.1011080890563396,2.0614814310198817,2.071088087907162,625273600
2006-03-03,2.0329627990722656,2.0987075856057276,2.027259645559261,2.0833965683735416,737668400
2006-03-06,1.9657169580459595,2.0329619558907837,1.9495067258836372,2.0320617325808183,912665600
2006-03-07,1.9906337261199951,2.008346201827574,1.9537095380782414,1.9741226838539934,872877600
2006-03-08,1.9711213111877441,2.017352356978443,1.9618154612209444,1.9900340208478455,653251200
2006-03-09,1.9191855192184448,1.995437143400045,1.9155836246903521,1.9807273532502643,799304800
2006-03-10,1.8969717025756836,1.935997348742044,1.8747563054481635,1.9227885945050898,1043142800
2006-03-13,1.9717212915420532,1.9897335751490433,1.9450039760250863,1.952808584140337,861187600
2006-03-14,2.0209550857543945,2.0209550857543945,1.9663186076393775,1.9744240269357909,642020400
2006-03-15,1.9882320165634155,2.042568665952994,1.9669178484399168,2.0326618013296374,891996000
2006-03-16,1.9305944442749023,2.008346540215987,1.9302942361683595,2.006845299277327,749638400
2006-03-17,1.941100835800171,1.9675179373253555,1.9245895962307764,1.9438023069843755,812042000
2006-03-20,1.9209873676300049,1.96511695228099,1.917384670352196,1.9579125597549876,605441200
2006-03-21,1.8555433750152588,1.9314942040833556,1.84293503837927,1.8555433750152588,1345366400
2006-03-22,1.8513405323028564,1.898772596778754,1.839332211771355,1.866050324142179,1345895600
2006-03-23,1.8060102462768555,1.85824545367933,1.7894998027963902,1.8558437888778505,1427826400
2006-03-24,1.800006628036499,1.8294264164222607,1.7720872787188924,1.8087124612887648,1071980000
2006-03-27,1.7864969968795776,1.842634899400019,1.7831953095943536,1.8117138715024892,1108072000
2006-03-28,1.7624810934066772,1.8054094347258618,1.7486715253551086,1.7900994278863136,1370322800
2006-03-29,1.8711538314819336,1.8768579858850152,1.7312606622124747,1.7750900435291708,2346834000
2006-03-30,1.8837624788284302,1.90027372514449,1.8471382903535134,1.8858639356839595,1390650800
2006-03-31,1.8828614950180054,1.909579606295385,1.8684517113758103,1.8987725190710827,815357200
2006-04-03,1.880760908126831,1.9248905026373362,1.8795598751619425,1.911381937973347,815791200
2006-04-04,1.8363313674926758,1.867852421598031,1.8327286692890725,1.8642497233944275,931924000
2006-04-05,2.017651081085205,2.017651081085205,1.9257892637440097,1.942600505990019,2233408800
2006-04-06,2.1386330127716064,2.162948857825817,2.047371387458074,2.0503738681566657,2663768800
2006-04-07,2.0951037406921387,2.137732074372789,2.0554770862079,2.1293264507558103,1545238800
2006-04-10,2.0614817142486572,2.129326934183349,2.054877337137164,2.1101140185808958,903515200
2006-04-11,2.0410680770874023,2.0803945384938194,2.0134495317496803,2.0710886881549024,939316000
2006-04-12,2.0026416778564453,2.046471244294265,1.9903333502451004,2.041668317099295,739894400
2006-04-13,1.9954365491867065,2.024555311618717,1.9756228284857518,1.9915338466243973,734678000
2006-04-17,1.9456032514572144,2.006544063017723,1.9317936856322644,1.996637200578085,721938000
2006-04-18,1.9879329204559326,1.9954383247754315,1.9450045569124514,1.9525089592020555,794844400
2006-04-19,1.970820665359497,2.0113475436701975,1.965416520448278,2.005944400788369,1086033200
2006-04-20,2.0302600860595703,2.1014077744749597,1.9873315471120137,2.0866979841835107,1666982800
2006-04-21,2.0125484466552734,2.0605807224206587,1.995437192658503,2.047071363040896,788986800
2006-04-24,1.9738214015960693,2.00894532421632,1.9663170059047812,2.0068438689682604,707028000
2006-04-25,1.9864319562911987,1.9990402998122894,1.968120258218391,1.9801277845306533,529062800
2006-04-26,2.0458712577819824,2.049773160600852,1.9933360542611993,2.0008406538943886,710886400
2006-04-27,2.0821962356567383,2.097206041963848,2.0218553994359736,2.03326370996695,845947200
2006-04-28,2.113116502761841,2.140434835855293,2.0773927445383182,2.082795888568928,760037600
2006-05-01,2.089400291442871,2.1476396611718656,2.0761917361793425,2.1245240381413772,750380400
2006-05-02,2.1500403881073,2.1608474752551,2.104710383118091,2.105910814301849,771663200
2006-05-03,2.1356310844421387,2.1599477374091847,2.106812312509693,2.1563450402072712,686991200
2006-05-04,2.1353306770324707,2.1881658839744986,2.115217541977165,2.1380321483118943,860420400
2006-05-05,2.1581461429595947,2.1689532308028605,2.135930749613125,2.1572457193108945,563911600
2006-05-08,2.1581461429595947,2.215484271187849,2.1530430074620437,2.1911684237434437,594851600
2006-05-09,2.132328510284424,2.1782593233052228,2.1200199846827963,2.156044136039828,531666800
2006-05-10,2.1194205284118652,2.1413347118902464,2.0896999343670095,2.140133679401738,459888800
2006-05-11,2.0458712577819824,2.126625014472592,2.027858775739868,2.1251237738965183,812688800
2006-05-12,2.0323619842529297,2.0620817822163064,2.007145107033185,2.0368649049965617,641774000
2006-05-15,2.0350632667541504,2.052775539883251,2.0149501310955,2.0224547303562708,529177600
2006-05-16,1.9507070779800415,2.0488731092905326,1.9438026934294796,2.0443701888079313,936740000
2006-05-17,1.9591128826141357,1.9723224392417764,1.9233889219179263,1.9426016382503486,754194000
2006-05-18,1.8966705799102783,1.9891326166063958,1.8948693323631154,1.9717203565779977,658442400
2006-05-19,1.9365988969802856,1.9477059973710846,1.885864120174002,1.899073479249814,985866000
2006-05-22,1.902674674987793,1.9209871650831059,1.8843629865160878,1.9173844681851617,718975600
2006-05-23,1.8957699537277222,1.957010779954639,1.891267034319335,1.9471047179867464,694414000
2006-05-24,1.9014745950698853,1.9107806452491531,1.8480383555186746,1.890967712504663,916031200
2006-05-25,1.9311939477920532,1.9347966445215787,1.8999729142049109,1.9290926920091598,463372000
2006-05-26,1.9077790975570679,1.938098914971946,1.895470765152383,1.9305945136624416,432950000
2006-05-30,1.837831974029541,1.900273243567226,1.837831974029541,1.899973035521088,563402000
2006-05-31,1.794302225112915,1.854942834618806,1.7618799634719051,1.8540418098613347,1280977600
2006-06-01,1.8663502931594849,1.8696529820491257,1.7867969749361434,1.7967038391697903,942508000
2006-06-02,1.851040244102478,1.8942687933020386,1.8276246212980654,1.890967106516555,685787200
2006-06-05,1.8012067079544067,1.8357302269809763,1.8003064847703716,1.8357302269809763,605785600
2006-06-06,1.792801022529602,1.820119348241278,1.7684851775119972,1.8078108207236923,726037200
2006-06-07,1.7579783201217651,1.8132151940845762,1.7516741519793682,1.8042093541130901,750506400
2006-06-08,1.8240227699279785,1.8291257065186013,1.7156496475842675,1.7543760924953915,1397482800
2006-06-09,1.7783920764923096,1.8480385588885488,1.7741891626789543,1.8366312511844674,775838000
2006-06-12,1.7111458778381348,1.793100846584927,1.7099456472256453,1.783194785610581,717785600
2006-06-13,1.7510733604431152,1.7741887802156773,1.7219537793743673,1.7294589809945997,1080643200
2006-06-14,1.7294588088989258,1.76458274817465,1.7018404713083986,1.7495727472396423,878136000
2006-06-15,1.782594084739685,1.7934011723156003,1.7036417827780577,1.7201528225585812,1190383600
2006-06-16,1.7279576063156128,1.7768911162744296,1.7267573753671694,1.7699859305072614,838101600
2006-06-19,1.7171505689620972,1.7465703566945037,1.7111464079518663,1.7360632753325078,704575200
2006-06-20,1.7252558469772339,1.7516739498200407,1.7198519027250452,1.7294585584518363,672974400
2006-06-21,1.7369638681411743,1.7624809448683103,1.7201526223069636,1.7333613724313326,863296000
2006-06-22,1.7885985374450684,1.7937024752745505,1.7432687236532287,1.7471706268077762,965633200
2006-06-23,1.7660831212997437,1.8063110010465064,1.7630816419393662,1.7928014380390684,660203600
2006-06-26,1.7708868980407715,1.7771910663028097,1.7522742004746719,1.776290041395599,466536000
2006-06-27,1.7240546941757202,1.7777911255167278,1.7231544709713114,1.7738884214466788,550611600
2006-06-28,1.6817268133163452,1.7201530428030003,1.6634151243442674,1.7198522335360713,850704400
2006-06-29,1.7702854871749878,1.773888183161579,1.6928342370592928,1.703941530954872,873398400
2006-06-30,1.7192519903182983,1.7336617760436162,1.6961365721171757,1.7288588481450171,739695600
2006-07-03,1.7396655082702637,1.746569890778395,1.7213530224800182,1.7267569663535747,194770800
2006-07-05,1.7111458778381348,1.729158355288554,1.6979373289253659,1.7156487967948935,518240800
2006-07-06,1.6742218732833862,1.7231543725249594,1.6694180444569267,1.7138485261072107,633208800
2006-07-07,1.6631146669387817,1.697638301372845,1.6412002750135903,1.6655169332031372,799360800
2006-07-10,1.651106595993042,1.6958362900170247,1.6360966954432492,1.672120657168647,529345600
2006-07-11,1.6706194877624512,1.680826461058127,1.6369969884494107,1.6544084537881816,825022800
2006-07-12,1.5898656845092773,1.6583111126115821,1.5886645517572493,1.6562096563610162,927329200
2006-07-13,1.568550944328308,1.6246888532515558,1.543334066829287,1.5619466671780369,1249906000
2006-07-14,1.5211193561553955,1.5877642334766704,1.5058093484634314,1.5760560205781329,993036800
2006-07-17,1.5721533298492432,1.594368522954005,1.55053905380003,1.5529405175574555,1024542400
2006-07-18,1.588064432144165,1.6165829930347795,1.5565432898887004,1.5958690394308477,1000448400
2006-07-19,1.6240886449813843,1.6535084357354397,1.571853541059906,1.589865925737661,1390743200
2006-07-20,1.8162171840667725,1.8489394673063115,1.7928017530666023,1.8300269575586476,1972146400
2006-07-21,1.8228205442428589,1.8357298866005043,1.790399288841481,1.7958032322200501,891892400
2006-07-24,1.8438349962234497,1.8642487388168243,1.8141152067130115,1.8390318687692921,722856400
2006-07-25,1.859146237373352,1.863949165540747,1.8246225107410836,1.8546433168612435,589069600
2006-07-26,1.917384386062622,1.9405000034180355,1.8516406315518064,1.8612474888583543,898427600
2006-07-27,1.903275966644287,1.9519084738618104,1.887064730093251,1.9362974530734005,735044800
2006-07-28,1.9690192937850952,1.9717209655344135,1.9062772210221084,1.919485772563227,691507600
2006-07-31,2.0401675701141357,2.0602805089772973,1.989733615875294,2.00624485948583,892841600
2006-08-01,2.016752004623413,2.039266408368038,1.9795268036232683,2.0179522357352355,711765600
2006-08-02,2.046171188354492,2.0617812023840125,2.0266574683823717,2.0308601798830788,550768400
2006-08-03,2.089099407196045,2.1014077338015453,2.035663990735063,2.038665669682214,841044400
2006-08-04,2.0503740310668945,2.059679878237938,1.9501065589378814,2.01284883112312,1852866400
2006-08-07,2.017651081085205,2.0893989683395806,1.990632769839914,2.032961083366681,1245512800
2006-08-08,1.944703221321106,2.014650708046384,1.9365986044822274,2.014049690616058,997864000
2006-08-09,1.9089792966842651,1.9693199248169948,1.9032761441747292,1.9642169881260707,955838800
2006-08-10,1.9233883619308472,1.9456035534744887,1.8822612688654297,1.8987725084220335,697760000
2006-08-11,1.910780429840088,1.925190216441134,1.8786589687607325,1.898171891614912,777529200
2006-08-14,1.9194860458374023,1.9579124771095762,1.9092799738274828,1.9227885349031526,717620400
2006-08-15,1.9948368072509766,1.996338048063383,1.9453040770846477,1.9615143114449614,861352800
2006-08-16,2.0407662391662598,2.0434679096352983,1.9912335430407102,2.0143491486026712,781284000
2006-08-17,2.0290606021881104,2.0611818691958663,2.016752269598375,2.0413681331540223,581148400
2006-08-18,2.0386667251586914,2.053376522781113,2.0191537978412204,2.0326625625324275,536354000
2006-08-21,1.9981385469436646,2.020653944188182,1.9858302206339817,2.020352934596096,526226400
2006-08-22,2.0299599170684814,2.050974075379207,1.9963374240960134,2.001741368276226,576968000
2006-08-23,2.0206544399261475,2.0608813155679506,2.0095463415483814,2.041367592411036,536258800
2006-08-24,2.0356647968292236,2.047072103212477,1.9894337522651167,2.038066261181405,655191600
2006-08-25,2.0638833045959473,2.0728889459980593,2.020654742861908,2.021554966312033,543958800
2006-08-28,2.0107476711273193,2.0596801815354464,2.0017418302367793,2.0563784941289835,738161200
2006-08-29,1.9957376718521118,2.0191532990927903,1.9549099772962,2.0110476815494924,947332400
2006-08-30,2.0101478099823,2.035964905792544,2.001742183316701,2.021555116932984,680142400
2006-08-31,2.036865234375,2.0503748004142097,2.0011412691020105,2.019753972457422,574697200
2006-09-01,2.0527753829956055,2.060880998892824,2.035964136020526,2.0557770621457943,408494800
2006-09-05,2.1458377838134766,2.14643799949142,2.057878831589067,2.0704871685380275,1012457600
2006-09-06,2.102308988571167,2.1521427353995617,2.0924029221291907,2.133830039883986,974103200
2006-09-07,2.185465097427368,2.2058790499783316,2.108914228304482,2.119421312508702,1267957600
2006-09-08,2.177058696746826,2.208579938161591,2.158746207623396,2.202575777660174,895921600
2006-09-11,2.1764585971832275,2.213382779995103,2.144036332137644,2.174357141089151,949124400
2006-09-12,2.180360794067383,2.20497664300691,2.144936857941031,2.185763935834529,1684687200
2006-09-13,2.227492570877075,2.2310950670613963,2.1704544507998533,2.186965490832888,1146138000
2006-09-14,2.226592540740967,2.2416023415930213,2.205277368990102,2.21308297847228,801729600
2006-09-15,2.2244913578033447,2.250908466256924,2.2001747038681314,2.2395011604998483,981853600
2006-09-18,2.218186855316162,2.2473058347304296,2.200474579758063,2.215484581961572,705278000
2006-09-19,2.2145848274230957,2.2322963051070794,2.1854650402204707,2.2244916955105163,710049200
2006-09-20,2.2593142986297607,2.2719228386647297,2.2280932568510465,2.2328971877606585,822791200
2006-09-21,2.2410008907318115,2.283330015973327,2.2220881885947095,2.259013369730696,794124800
2006-09-22,2.1914689540863037,2.2316958360903807,2.1788606151264003,2.230494602919295,665112000
2006-09-25,2.2740232944488525,2.277325782564239,2.2130824786503465,2.2157839496009757,858992400
2006-09-26,2.3298614025115967,2.334964538186248,2.284530591408561,2.2869322556374727,1102948000
2006-09-27,2.2938385009765625,2.3256597650891044,2.2761260186983807,2.3166531192573716,810373200
2006-09-28,2.3118491172790527,2.3259588958231032,2.28002806557096,2.3121493253331815,723609600
2006-09-29,2.310948610305786,2.327158841209703,2.301941968975488,2.3148513145304808,405812400
2006-10-02,2.2473061084747314,2.277626725447239,2.2304946554556646,2.2545113032056734,712639200
2006-10-03,2.2238898277282715,2.2500077241119185,2.1971725173558774,2.2349979248758087,790708800
2006-10-04,2.26291561126709,2.2653170742371964,2.196270855425812,2.2244901996871573,829082800
2006-10-05,2.2464041709899902,2.2863310193483932,2.2253902195854978,2.237398535369443,683883200
2006-10-06,2.228092908859253,2.252709769278912,2.2157845788523804,2.234097070036222,466958800
2006-10-09,2.240401268005371,2.253910629620833,2.2073787848682613,2.2154844018375384,438222400
2006-10-10,2.2157838344573975,2.238899246005339,2.1938694551472753,2.2376990153909055,531588400
2006-10-11,2.1983728408813477,2.220888242105583,2.179460136323821,2.2040769937002014,571855200
2006-10-12,2.2593142986297607,2.2632172044102745,2.2094807551073012,2.2097815644308727,592855200
2006-10-13,2.2521092891693115,2.3079461779066435,2.24370366491429,2.2704209765797043,684196800
2006-10-16,2.263517141342163,2.277926929561033,2.2452046478707413,2.257212971724748,508692800
2006-10-17,2.230194091796875,2.2596138767387233,2.2226894924636458,2.2527094930436764,480925200
2006-10-18,2.2374000549316406,2.262616933986918,2.2187873532312468,2.2440042322865237,1133907600
2006-10-19,2.371288537979126,2.4001081082882,2.3463726741221502,2.3793941548568696,1512977200
2006-10-20,2.4001083374023438,2.401309570458842,2.3616829080084774,2.3706887490316526,639413600
2006-10-23,2.445439100265503,2.458647653451991,2.394104124139558,2.4013095182627735,832507200
2006-10-24,2.4331305027008057,2.4520432072503255,2.4076134220818006,2.437933430234754,463212400
2006-10-25,2.4520435333251953,2.4616493896704874,2.431929593202697,2.4421364668887953,485214800
2006-10-26,2.467353105545044,2.479661433478394,2.4355318582915304,2.458647273710981,432756800
2006-10-27,2.4139182567596436,2.4751591017485985,2.4019099335760403,2.4541449369891484,594966400
2006-10-30,2.4142181873321533,2.4286279742863544,2.3865998465156038,2.4013096411338863,499917600
2006-10-31,2.434030532836914,2.4520430127042707,2.4085134542424442,2.4451386295668636,501474400
2006-11-01,2.376391887664795,2.443036851965204,2.352375451409204,2.4346312295395474,611192400
2006-11-02,2.3709888458251953,2.381195719882685,2.3565790587533595,2.3691875973904755,465483200
2006-11-03,2.3502743244171143,2.387499515231219,2.3352643252160696,2.3823963800386188,431888800
2006-11-06,2.392904281616211,2.4034113648285276,2.354477844789661,2.370088866571305,434576800
2006-11-07,2.416918992996216,2.431628983966034,2.405511690697977,2.4151177450726626,525932400
2006-11-08,2.475159168243408,2.482363561129332,2.398307300645227,2.4022100057847435,690916800
2006-11-09,2.5018768310546875,2.542403713063088,2.465251851850621,2.4886674772004485,923053600
2006-11-10,2.495272159576416,2.509681947675274,2.476660460193345,2.508181508423836,373864400
2006-11-13,2.532196521759033,2.53519820089875,2.48086235743018,2.4982738199310295,450674000
2006-11-14,2.5517091751098633,2.5517091751098633,2.5186876993223204,2.5457050153592076,588954800
2006-11-15,2.523190975189209,2.5787278574817285,2.5216897346335934,2.5532107761541556,655323200
2006-11-16,2.5700225830078125,2.5907367411654065,2.540302783214323,2.5478073843746003,693940800
2006-11-17,2.577225923538208,2.5799283962983046,2.5517088490758586,2.555911760364308,466424000
2006-11-20,2.595839500427246,2.6117505283830473,2.5577140769778723,2.5637182384706274,570794000
2006-11-21,2.659782886505127,2.659782886505127,2.615052483454771,2.624359134413133,622666800
2006-11-22,2.7111165523529053,2.724325104256689,2.6372671817359588,2.671489894612097,671941200
2006-11-24,2.750743865966797,2.794273238417863,2.686801344944821,2.687701568424146,518677600
2006-11-27,2.6880011558532715,2.796674265535704,2.6868009248704716,2.7771615439008213,1074836000
2006-11-28,2.7561473846435547,2.7609503126398294,2.6991084562651966,2.712618018943861,1036173600
2006-11-29,2.7558460235595703,2.7963739048040464,2.7093149841000104,2.7918709850265557,1157083200
2006-11-30,2.7516438961029053,2.7822647190403758,2.733632213168182,2.7681551398755353,870486400
2006-12-01,2.7414371967315674,2.77175700303687,2.7048120202428865,2.7558459786482494,795079600
2006-12-04,2.735434055328369,2.763352408378378,2.7168213523478038,2.7582494715709043,709536800
2006-12-05,2.739935874938965,2.7717569207420265,2.7279275550021995,2.751343177661272,662838400
2006-12-06,2.696706771850586,2.7435386226839293,2.6919038442468803,2.7210234215481077,638184400
2006-12-07,2.612950563430786,2.716820537436971,2.608747651023527,2.7027109604756374,1004827600
2006-12-08,2.64957594871521,2.6834986595838526,2.6117505328695723,2.6186549177862526,784277200
2006-12-11,2.664285182952881,2.680796423206014,2.643271223331781,2.66878810272673,499780400
2006-12-12,2.585932970046997,2.666986931142024,2.5676204811967827,2.6600825474801884,1026620000
2006-12-13,2.6732914447784424,2.673891660491335,2.6162533163331765,2.6402691594617997,857052000
2006-12-14,2.6582815647125244,2.7018111341075626,2.6495759314018095,2.6732915675602666,832330800
2006-12-15,2.633364200592041,2.6783947984640166,2.62165669004636,2.672390638585405,739939200
2006-12-18,2.5658187866210938,2.641769598962404,2.539400685811646,2.6306623049449502,721576800
2006-12-19,2.5910356044769287,2.602142898278891,2.5102818670203306,2.5436035480203683,911405600
2006-12-20,2.544504404067993,2.601842517864278,2.5439041885885625,2.5958383590116108,567691600
2006-12-21,2.4886677265167236,2.566119603115388,2.467653562919123,2.5427041758256848,903599200
2006-12-22,2.467654228210449,2.522891925475557,2.449642541198564,2.5054796527216783,613303600
2006-12-26,2.446939468383789,2.4787615212532494,2.4283275715651396,2.466152983729746,490688800
2006-12-27,2.4472405910491943,2.46164957706997,2.3046449574617114,2.34607206985925,1935754800
2006-12-28,2.4277265071868896,2.439134612175545,2.391102331751197,2.408213587407699,1119876800
2006-12-29,2.546905517578125,2.5637167592461676,2.502475950602448,2.5201874151631403,1076429200
2007-01-03,2.5156843662261963,2.5991405552352655,2.458646270762696,2.590434726952545,1238319600
2007-01-04,2.5715224742889404,2.580228102988261,2.516284819298954,2.5231900021365186,847260400
2007-01-05,2.553210973739624,2.587733897825361,2.533698251906798,2.5748253523505955,834741600
2007-01-08,2.5658187866210938,2.597640029643384,2.560114634816482,2.580528576258816,797106800
2007-01-09,2.7789628505706787,2.7912711840291444,2.5562134185879497,2.5952400763705614,3349298400
2007-01-10,2.911951780319214,2.93596742253441,2.8053801259481648,2.8444065716281464,2952880000
2007-01-11,2.875927686691284,2.9053474754008564,2.854913723675231,2.880130599538044,1440252800
2007-01-12,2.8405039310455322,2.8537124844605155,2.798775812352167,2.8396027056482844,1312690400
2007-01-16,2.914952516555786,2.9194554357978872,2.865420004080958,2.8723243867294457,1244076400
2007-01-17,2.850409507751465,2.9299628263445343,2.846507605264805,2.9287625955282732,1646260000
2007-01-18,2.6738908290863037,2.765152447521265,2.6732906135600385,2.764852239555206,2364605600
2007-01-19,2.6567792892456055,2.691303003811316,2.6453719881247144,2.660682193083018,1364473600
2007-01-22,2.6054458618164062,2.676593759081253,2.5712231498707747,2.675992741828945,1454026000
2007-01-23,2.572723627090454,2.627060076600956,2.5670204762998066,2.573624651967633,1207424400
2007-01-24,2.6027445793151855,2.6162531394513886,2.5841318812964653,2.60214356201927,927813600
2007-01-25,2.5892350673675537,2.6567800738235077,2.582630690785013,2.615052157607856,905973600
2007-01-26,2.563117504119873,2.622857295637964,2.5514093915779568,2.615051887276687,986874000
2007-01-29,2.5799293518066406,2.6012435228745043,2.5676208213318525,2.5907364411677953,901664400
2007-01-30,2.568221092224121,2.596440450098395,2.5592152510316426,2.5946392016975315,577970400
2007-01-31,2.5736241340637207,2.5817297490211906,2.5321962370156026,2.5475062418288332,856069200
2007-02-01,2.5439047813415527,2.589834803614047,2.5439047813415527,2.5886345727813573,664342000
2007-02-02,2.5442044734954834,2.5592142698637024,2.512683239782944,2.5252917733491285,621530000
2007-02-05,2.5198886394500732,2.558615076852378,2.5198886394500732,2.5306957283724323,578852400
2007-02-06,2.526193141937256,2.535800001154367,2.487467501040294,2.5351989837608686,864393600
2007-02-07,2.586233377456665,2.5931377616508033,2.5081810897382355,2.5360996361821413,1066825200
2007-02-08,2.5871331691741943,2.5970400329647827,2.5640177548804326,2.5646177700560004,679030800
2007-02-09,2.4997751712799072,2.5877335124858853,2.4979739232290727,2.5781274574324082,860540800
2007-02-12,2.548107624053955,2.557113463374219,2.510582224721509,2.534598063450049,724071600
2007-02-13,2.542703866958618,2.560415338900029,2.5306955458976153,2.5565134361787716,580986000
2007-02-14,2.560715436935425,2.5709217053790363,2.5388002570857795,2.540601705150491,507981600
2007-02-15,2.558014154434204,2.570322484459935,2.54510560869577,2.5649193406101256,363661200
2007-02-16,2.5466067790985107,2.564018244840009,2.541502841419335,2.5592151164295798,399868000
2007-02-20,2.5787274837493896,2.5865328913967085,2.526492296138965,2.541202287068432,617702400
2007-02-21,2.6777946949005127,2.6865003288830507,2.58052967655141,2.5811298923381893,1155313600
2007-02-22,2.687100410461426,2.7261260465551493,2.657680828887894,2.7258260389692124,838224800
2007-02-23,2.6738908290863037,2.712017040369878,2.667286454238869,2.6765933019983854,517893600
2007-02-26,2.6570799350738525,2.7018105271183996,2.630062416991892,2.6970065978088122,615848800
2007-02-27,2.519587755203247,2.6141510605336937,2.5039777425113217,2.5907356406841004,1145813200
2007-02-28,2.540001392364502,2.5697211759740495,2.4916691178046166,2.4916691178046166,919475200
2007-03-01,2.6135520935058594,2.6510773028812653,2.5141848196276055,2.5225904456854793,1415528800
2007-03-02,2.564018726348877,2.6279620511950395,2.558014564200906,2.6048464277372427,860000400
2007-03-05,2.591336488723755,2.661283164004989,2.574525237946184,2.578428143185356,838899600
2007-03-06,2.6474738121032715,2.6510765084855734,2.623758181881943,2.6357657001798787,723186800
2007-03-07,2.633364200592041,2.6708893982098814,2.6252585847559153,2.64327106439175,626284400
2007-03-08,2.641770601272583,2.6633847815713834,2.625559364830695,2.659482878125757,511011200
2007-03-09,2.6408698558807373,2.667286959462563,2.6237583993859444,2.6657865205656206,451836000
2007-03-12,2.6979081630706787,2.7015108602671973,2.641470249120122,2.6438717132412703,729408400
2007-03-13,2.6537795066833496,2.719823295207689,2.6537795066833496,2.684099327206561,867890800
2007-03-14,2.701810598373413,2.701810598373413,2.6393685339665174,2.65978227808393,796586000
2007-03-15,2.6889023780822754,2.7126180123913057,2.681096768382074,2.7006096904000847,559498800
2007-03-16,2.689502477645874,2.701510800013377,2.681397060453724,2.688001236944022,571704000
2007-03-19,2.7357332706451416,2.7483418075909363,2.6895022357184226,2.7090151565926366,712961200
2007-03-20,2.7462399005889893,2.7570469871618792,2.7336313657128,2.742337196811211,488916400
2007-03-21,2.8179879188537598,2.8218906227894234,2.751343146793523,2.761550018219388,686896000
2007-03-22,2.8206899166107178,2.832698037395605,2.791871148188208,2.813785532737807,561492400
2007-03-23,2.8074803352355957,2.823991571592269,2.800876161342263,2.8023774014537803,450884000
2007-03-26,2.8774287700653076,2.8789300111097815,2.8008779019666328,2.821591861966211,864987200
2007-03-27,2.865720748901367,2.9068478494256196,2.851911178428238,2.873225349027728,932052800
2007-03-28,2.7990756034851074,2.8639193369579634,2.796374131967395,2.8483083186482263,942337200
2007-03-29,2.8143856525421143,2.827595207154508,2.7687558339750113,2.827595207154508,725723600
2007-03-30,2.7891690731048584,2.8423053007463124,2.784366144754289,2.8302969778402733,600558000
2007-04-02,2.811384439468384,2.829395921599141,2.792471731911846,2.8260942340541706,501992400
2007-04-03,2.8369011878967285,2.8588155742854724,2.8146859922352867,2.826094098729839,583934400
2007-04-04,2.8299970626831055,2.8561141638278653,2.825794149528603,2.8501100021785764,476784000
2007-04-05,2.8423044681549072,2.8423044681549072,2.8074807427400943,2.8254932218227884,355516000
2007-04-09,2.811384439468384,2.86091696725609,2.7930717472386832,2.858215495443877,413341600
2007-04-10,2.8293960094451904,2.8296970191475586,2.804179132055523,2.8119845421006855,352466800
2007-04-11,2.7795631885528564,2.820390083182848,2.7717575783362194,2.8188888424287124,549018400
2007-04-12,2.767554759979248,2.771157457083173,2.7234251774581653,2.763051839512646,656675600
2007-04-13,2.709014654159546,2.7438383786223395,2.7036115118000428,2.728828380608837,719941600
2007-04-16,2.744739055633545,2.74684051181659,2.709315109765596,2.7189219670082676,609033600
2007-04-17,2.712317705154419,2.7708570702854405,2.6928041826322775,2.7618504283095744,751920400
2007-04-18,2.713818311691284,2.72732787467741,2.6898026691338033,2.7066139195329093,464044000
2007-04-19,2.709916591644287,2.7393363820332013,2.696707235823111,2.707514325805554,425913600
2007-04-20,2.7309296131134033,2.7372337796985926,2.718321079537182,2.728527348280245,522779600
2007-04-23,2.807180643081665,2.8158862735410146,2.744438579176029,2.749541513531149,780290000
2007-04-24,2.7990756034851074,2.8936391309589817,2.7408364468177213,2.8206899809034938,1055252800
2007-04-25,2.862417697906494,2.8639191387974656,2.8158866578865656,2.828795201755926,1187144000
2007-04-26,2.9671876430511475,3.0770609545801015,2.9509766130488333,3.04944262291553,1737778000
2007-04-27,2.99960994720459,3.000510972181796,2.93266575537609,2.9473755492655354,699403600
2007-04-30,2.9960081577301025,3.032032123590069,2.9921054528754003,3.004713790824909,616509600
2007-05-01,2.986100912094116,3.012519018116726,2.9584825751787984,2.9897036088311686,532523600
2007-05-02,3.013719320297241,3.0182222404118115,2.986100982728628,2.991504927759087,505145200
2007-05-03,3.01401948928833,3.0455405308996926,3.002311977304465,3.0239263543050265,576077600
2007-05-04,3.0263278484344482,3.0500434814821342,3.017022000603918,3.0260276404006348,381987200
2007-05-07,3.1196906566619873,3.13259899971059,3.032331730107263,3.0344329857447256,861557200
2007-05-08,3.1539134979248047,3.1566151698581812,3.104680181366033,3.1061814219604194,783997200
2007-05-09,3.208550214767456,3.2109516787053614,3.148809816244738,3.1494108335483997,717757600
2007-05-10,3.222360134124756,3.26739075543807,3.1797317792310325,3.201045956677894,1197257600
2007-05-11,3.264387607574463,3.2760959234514457,3.2055482249717535,3.2343678007040064,653696400
2007-05-14,3.2829997539520264,3.3022124671838973,3.249677262921252,3.290805162947165,651946400
2007-05-15,3.2277634143829346,3.3082171779573613,3.196542374429425,3.2893044692135307,954514400
2007-05-16,3.222360134124756,3.2670907476938367,3.1046813449267665,3.2580841023756393,1126767600
2007-05-17,3.2854011058807373,3.2983104518983724,3.216655671923718,3.216655671923718,735291200
2007-05-18,3.3028132915496826,3.321425788023686,3.295307890625335,3.3091174595793005,621345200
2007-05-21,3.3616526126861572,3.3757613874295993,3.3037134675418858,3.3115188759694307,639892400
2007-05-22,3.4084832668304443,3.4147876344477996,3.3625526480534584,3.3769622303671176,572409600
2007-05-23,3.3889708518981934,3.45231313845608,3.379964210829808,3.422893555241293,911374800
2007-05-24,3.3229267597198486,3.4361025964086953,3.3133209031395356,3.386570269103552,887362000
2007-05-25,3.410886526107788,3.415689455251068,3.347244007449144,3.3622540127472065,632959600
2007-05-29,3.432800769805908,3.4481105781808594,3.382967036924413,3.4358024493859802,645694000
2007-05-30,3.565490484237671,3.5687923727529993,3.408185036320054,3.4313002599869025,1478444800
2007-05-31,3.6381373405456543,3.667556922577589,3.588604624372787,3.6045148465629455,1297066400
2007-06-01,3.5543811321258545,3.638137565066765,3.5510796455842746,3.6354356929316682,885262000
2007-06-04,3.6423397064208984,3.654348025801339,3.539370772603991,3.561285955473295,886673200
2007-06-05,3.682568073272705,3.683168890265316,3.617424520909745,3.644742655509738,920785600
2007-06-06,3.7116858959198,3.7239944224501538,3.6609523532244133,3.671459231158136,1112241200
2007-06-07,3.724594831466675,3.8308664579579403,3.6981777302623615,3.7522143679015776,1915079600
2007-06-08,3.7372045516967773,3.777432032932318,3.671160378448459,3.777131023233639,1241682400
2007-06-11,3.6081182956695557,3.7870378999095817,3.5886055723669568,3.7825351795845936,1874258400
2007-06-12,3.6138217449188232,3.6537486118046005,3.5516798843358703,3.5829007182384025,1426566400
2007-06-13,3.5273640155792236,3.6381379800718583,3.464321928482794,3.6369375486866504,1721353200
2007-06-14,3.5648891925811768,3.5859029566058,3.4949423130277117,3.518357741697859,973266000
2007-06-15,3.6174254417419434,3.6225289805773744,3.598212519879352,3.621027939743424,811218800
2007-06-18,3.755216121673584,3.75791759287866,3.6786650852555614,3.7008792749586665,910604800
2007-06-19,3.712286949157715,3.752813820089727,3.6897717536543633,3.7432071656619788,943026000
2007-06-20,3.6489439010620117,3.7423069712491692,3.64744326210788,3.7185913445726118,897512000
2007-06-21,3.7194926738739014,3.731200787529518,3.624028921245091,3.6534485077817473,867045200
2007-06-22,3.692474842071533,3.7360042123940915,3.673862341775329,3.7179917274508045,631876000
2007-06-25,3.6726627349853516,3.7552179721212697,3.634236492622592,3.7281996394510015,965403600
2007-06-26,3.5919065475463867,3.722494236216318,3.563988002101511,3.7218938201503295,1345005200
2007-06-27,3.6591525077819824,3.663655629463352,3.580200179173366,3.6207270718699935,974696800
2007-06-28,3.619224786758423,3.677163730032748,3.6024135390741314,3.673261025917593,838143600
2007-06-29,3.6636545658111572,3.722494136262728,3.6351360058778446,3.6615531096366243,1137841600
2007-07-02,3.6402392387390137,3.6651557038505533,3.581399666715542,3.633934870046994,994862400
2007-07-03,3.817657232284546,3.824561613795258,3.647442944946795,3.662452940488108,1162481600
2007-07-05,3.9851715564727783,3.991776536170956,3.86328946007983,3.8665921503348812,1453051600
2007-07-06,3.9716603755950928,4.002881603008979,3.9146224657374575,3.9965772357711207,874694800
2007-07-09,3.912522077560425,3.9896739420380887,3.877998553125683,3.9740631236657347,995820000
2007-07-10,3.9731624126434326,4.037705130470673,3.866890781596843,3.868992237658249,1255007600
2007-07-11,3.9743638038635254,4.013690665666318,3.9419425302504667,3.9647579459173206,821772000
2007-07-12,4.024798393249512,4.029901931689127,3.9743642267642483,4.018193814092362,704608800
2007-07-13,4.134670734405518,4.138272428904989,4.038305967174162,4.0536161748851365,907606000
2007-07-16,4.145776748657227,4.202214634705898,4.127764273609273,4.154482377452099,936112800
2007-07-17,4.170094966888428,4.1908089251942515,4.1277668267792,4.1517834750316185,709959600
2007-07-18,4.146378040313721,4.1559846966304335,4.083935976690371,4.148479496383001,756856800
2007-07-19,4.202816009521484,4.227132858703771,4.192309129822388,4.2118218491476,732891600
2007-07-20,4.315389633178711,4.328298171080979,4.202814084148344,4.25234758224112,1167773600
2007-07-23,4.313891410827637,4.359522236316147,4.230735377824494,4.302183295976479,1036490000
2007-07-24,4.049413681030273,4.232836385310328,4.027198285977029,4.1691938838104114,1795292800
2007-07-25,4.120561599731445,4.153584085190649,4.052716182094633,4.123263071432705,1496182800
2007-07-26,4.382937908172607,4.457987926564288,4.111556207979605,4.380235634552501,2186629200
2007-07-27,4.318393707275391,4.4705955780956765,4.316292651781703,4.388640385428609,1161098400
2007-07-30,4.245743751525879,4.366424945736853,4.189906674600784,4.332802456073953,1106988400
2007-07-31,3.9554505348205566,4.307286740786217,3.948245942702872,4.291975729999259,1762392800
2007-08-01,4.052716255187988,4.06412376074826,3.835670234985739,4.011888760322017,1750156800
2007-08-02,4.097445011138916,4.1115547864815,4.027197544847196,4.1022479381033845,852644800
2007-08-03,3.9581542015075684,4.081236334224756,3.947646916452824,4.06052237307163,679187600
2007-08-06,4.0602192878723145,4.060819302924047,3.851579585084078,3.989672427982243,925170400
2007-08-07,4.053617000579834,4.119961781923728,3.9815686666911816,4.050915127937233,949936400
2007-08-08,4.022995948791504,4.1085536495403625,3.9626561279271018,4.105551969510248,808096800
2007-08-09,3.7942426204681396,3.992675313569738,3.75521637917251,3.935937199761025,1125395600
2007-08-10,3.752514123916626,3.835069317605764,3.6114199750714344,3.6960762238915064,1410749200
2007-08-13,3.8362715244293213,3.8831027806071536,3.797545084464735,3.8521817504114595,752911600
2007-08-14,3.7233946323394775,3.851580234286341,3.71378757609426,3.85128042711577,739006800
2007-08-15,3.59941029548645,3.7483101966737746,3.5919046977151856,3.684666928078876,992852000
2007-08-16,3.513854742050171,3.5573841086672657,3.350845975714166,3.512654310634665,1866690000
2007-08-17,3.6642556190490723,3.7074843749927435,3.5970106203732666,3.6627545788275757,1195062400
2007-08-20,3.669057846069336,3.7375040646593023,3.617423274748708,3.721293234175601,803317200
2007-08-21,3.829664468765259,3.8713925703306944,3.6324330649642467,3.668757423670706,1303047200
2007-08-22,3.977966547012329,3.985171140597204,3.912522784489313,3.9392409045654055,1061765600
2007-08-23,3.9347355365753174,4.00288194859694,3.8954098931812573,3.995376348044556,866838000
2007-08-24,4.061721324920654,4.06382278095855,3.8969107372543093,3.9185257136440996,911834000
2007-08-27,3.9701597690582275,4.042508693772419,3.965656649111168,4.004383079844136,707439600
2007-08-28,3.807152271270752,3.9749649972964245,3.8014483171860975,3.9323358465282703,1179365600
2007-08-29,4.025096416473389,4.02809889738956,3.8888059878508816,3.899011857770581,1166860800
2007-08-30,4.090240955352783,4.150281363857782,3.9716615794281203,3.9827688766402845,1435582400
2007-08-31,4.157185077667236,4.192309013589394,4.125063622619563,4.18750568548903,876887200
2007-09-04,4.327701091766357,4.37483296754404,4.1980147841854105,4.201016464736635,1316842800
2007-09-05,4.105550765991211,4.378132812735062,4.0857370382424545,4.3520155186897345,2328222400
2007-09-06,4.05301570892334,4.1298669545415,3.9839694706637374,4.069527149283622,1901261600
2007-09-07,3.9557502269744873,3.9716612525642483,3.9026150089124414,3.962955620506168,1430576000
2007-09-10,4.104049205780029,4.143975661777417,4.0211938133921725,4.112454627796224,1487838800
2007-09-11,4.06742525100708,4.151781687617354,4.015189865170085,4.139773368660935,971885600
2007-09-12,4.10825252532959,4.184803565670035,4.075230445055395,4.082435437469447,1022770000
2007-09-13,4.118760108947754,4.172796353593238,4.102248666784148,4.167692416112686,656163200
2007-09-14,4.1670918464660645,4.172194981644105,4.08873956268158,4.099846857847607,607320000
2007-09-17,4.155086994171143,4.220530789410161,4.130771328362091,4.172499473479859,793371600
2007-09-18,4.230435371398926,4.288374730646539,4.137673477258485,4.174598671198823,1064089600
2007-09-19,4.2259321212768555,4.297679841118107,4.184804019267143,4.293477329232831,1026880400
2007-09-20,4.212121486663818,4.2565518659945365,4.182401698867647,4.207318159080852,691840800
2007-09-21,4.327399253845215,4.342409254195997,4.2121221785991985,4.237038642905491,1138880400
2007-09-24,4.451381683349609,4.498513935005051,4.402449386264338,4.404850649272602,1052161600
2007-09-25,4.598482131958008,4.599683365135848,4.407553793887573,4.4081550116943,1192550800
2007-09-26,4.586173057556152,4.653118251602168,4.540543036295887,4.637208026259363,975268000
2007-09-27,4.638108253479004,4.638708268779622,4.572664500470151,4.616193866998529,658198800
2007-09-28,4.607186794281006,4.6411103014661865,4.585572617875083,4.60628657100823,615101200
2007-10-01,4.6933441162109375,4.72546637263919,4.590975992528414,4.642010150773552,837068400
2007-10-02,4.756687641143799,4.760890553586585,4.6798359882943,4.699648916758139,792069600
2007-10-03,4.740777015686035,4.778602429240768,4.7134588841252985,4.736574503700262,692518400
2007-10-04,4.690342903137207,4.745579578116377,4.608087905924336,4.74317831465746,656958400
2007-10-05,4.846746921539307,4.850649625690048,4.734172123685099,4.75428525883847,943471200
2007-10-08,5.04067850112915,5.04067850112915,4.892378525211257,4.9079897451389485,835928800
2007-10-09,5.039175510406494,5.136740695007115,5.003751771852795,5.1094221707669805,1104286400
2007-10-10,5.007054328918457,5.039775794093385,4.9713303833345845,5.029869733045854,667590000
2007-10-11,4.870164394378662,5.159857560534454,4.5993827329958235,5.088109837342047,1643992000
2007-10-12,5.020864963531494,5.021765988557963,4.857255171848001,4.893579947692673,988176000
2007-10-15,5.012757778167725,5.090509640325619,4.908288207620652,5.04277857593471,1077930000
2007-10-16,5.090812683105469,5.108824367335763,4.957822900754321,4.969531417371335,1067830400
2007-10-17,5.185975074768066,5.194680706820918,5.0788032129947736,5.184173826589175,1127613200
2007-10-18,5.20849084854126,5.229204002439261,5.134941877213356,5.148450438415886,823676000
2007-10-19,5.116028785705566,5.242413164156386,5.103420048015067,5.230705050586637,1291780000
2007-10-22,5.234306335449219,5.250517565870195,5.102218034809025,5.113926145668619,1649499600
2007-10-23,5.5885443687438965,5.6617935240570105,5.486476445285054,5.66059309276125,1795164000
2007-10-24,5.581639289855957,5.620064710076931,5.380805355432079,5.57803679398194,1288481600
2007-10-25,5.487076282501221,5.580739580603736,5.453453786204394,5.549818555649454,973602000
2007-10-26,5.544715404510498,5.5648285399789446,5.490078747979515,5.5624268758485576,706876800
2007-10-29,5.556422233581543,5.601453031308736,5.544714923584893,5.56722932041915,540554000
2007-10-30,5.613763332366943,5.684911055447573,5.545617690565988,5.589147067497444,939414000
2007-10-31,5.702322006225586,5.707425142586225,5.55222117823561,5.632674535848365,833310800
2007-11-01,5.6269707679748535,5.706824502328893,5.403620798861856,5.661793697726464,805036400
2007-11-02,5.63987922668457,5.687010685197127,5.5083909145633285,5.680106301284062,1002114400
2007-11-05,5.589145660400391,5.672601094093503,5.5309065006724625,5.562427544549625,804176800
2007-11-06,5.757558345794678,5.763862313618025,5.561827119004867,5.615262545141253,954727200
2007-11-07,5.592746734619141,5.784275829751058,5.587643599472517,5.722133575881463,994327600
2007-11-08,5.267630577087402,5.610760372897729,5.036475581800306,5.6038559883402845,1890378000
2007-11-09,4.964427471160889,5.257123952842842,4.959624141607296,5.137944143977491,1526380800
2007-11-12,4.615894317626953,5.034374788231911,4.521931186680474,4.9617256306949535,1769065200
2007-11-13,5.102219104766846,5.132839923393854,4.615893312880802,4.828735999042323,1739446800
2007-11-14,4.986640930175781,5.330671687825023,4.9154932363737585,5.318363560455299,1449168000
2007-11-15,4.932303428649902,5.091110222524107,4.812223058250257,4.99504568571739,1487410400
2007-11-16,4.9950480461120605,5.013960754470343,4.783105949915955,4.962325765978754,1383494000
2007-11-19,4.921798229217529,5.04938384161158,4.866261344596075,4.986341755926791,1154428800
2007-11-20,5.06889533996582,5.157154479120558,4.909188307170978,4.973432011151785,1543642800
2007-11-21,5.057188987731934,5.173966703710265,4.943412149587465,4.978535687113756,1217809600
2007-11-23,5.149651050567627,5.1649608583010265,5.095914615428501,5.163459818167991,465757600
2007-11-26,5.179670333862305,5.321664702653643,5.17396598133543,5.211191370664652,1305754800
2007-11-27,5.247817039489746,5.277236628789816,5.103720772884059,5.260125169574577,1317030400
2007-11-28,5.410224914550781,5.421632016481496,5.2640264299464326,5.308156202598352,1150912000
2007-11-29,5.532408237457275,5.558825345044027,5.378104095964613,5.386509921880791,1050926800
2007-11-30,5.470265865325928,5.634775875594573,5.394615437572105,5.623968786147407,1187802000
2007-12-03,5.369399070739746,5.5279057423255065,5.334576133294005,5.459459497408071,961469600
2007-12-04,5.397916793823242,5.430638264575164,5.313259737998794,5.318063466984827,773799600
2007-12-05,5.568731307983398,5.583741308158491,5.475969434755208,5.490379018890826,892402000
2007-12-06,5.702322006225586,5.706825127260127,5.587344720681348,5.589446177164135,899810800
2007-12-07,5.832908630371094,5.853622582482207,5.644982021304199,5.7200324214009,1066066400
2007-12-10,5.8302083015441895,5.873737679367611,5.78457826840579,5.811596599664585,722377600
2007-12-11,5.659993648529053,5.908860952618633,5.625470919500206,5.846418870318499,1110925200
2007-12-12,5.729639053344727,5.838311139625927,5.576536184381994,5.807089909364156,1225660800
2007-12-13,5.758757591247559,5.767464424561299,5.638377394024232,5.709525084246065,864617600
2007-12-14,5.715530872344971,5.799887337317669,5.690013987606693,5.7149308570071256,674312800
2007-12-17,5.535708904266357,5.783374912658515,5.493080567301086,5.7254367680954585,1024693600
2007-12-18,5.4930806159973145,5.623668301889885,5.361592306024916,5.599352253358098,1222603200
2007-12-19,5.497283935546875,5.542914757347744,5.430638951138644,5.49308102286304,827478400
2007-12-20,5.620065212249756,5.638677708450199,5.503587708409415,5.566629788590802,774057200
2007-12-21,5.821201324462891,5.821201324462891,5.700520884548883,5.707425269476841,993960800
2007-12-24,5.9679999351501465,5.983910963341072,5.84761970193628,5.854823894210348,480202800
2007-12-26,5.972501754760742,6.032842363069157,5.908559051100291,5.974303002842644,703732400
2007-12-27,5.961095333099365,6.09288306770779,5.937980113475998,5.972502838876977,795527600
2007-12-28,5.9989190101623535,6.050853387658316,5.910359659775058,6.021734415919747,699647200
2007-12-31,5.946384429931641,6.019032764818647,5.936477565529937,5.989012765224891,539333200
2008-01-02,5.849119663238525,6.011829227883251,5.780374421262814,5.982109431088468,1079178800
2008-01-03,5.851821422576904,5.925670996791083,5.784576425208865,5.866231408423027,842066400
2008-01-04,5.4051194190979,5.793879833927935,5.3702965049369755,5.747348811601188,1455832000
2008-01-07,5.332773685455322,5.511693666147079,5.11032434132439,5.441145980377294,2072193200
2008-01-08,5.140944957733154,5.47747096325315,5.127435996452221,5.407823498087511,1523816000
2008-01-09,5.3856096267700195,5.388611306602557,5.052385889857757,5.142446305129742,1813882000
2008-01-10,5.344181060791016,5.433641048974471,5.265828769630943,5.330972308385805,1482975200
2008-01-11,5.184173583984375,5.3390777136256276,5.1034196318020895,5.283540032332402,1232285600
2008-01-14,5.366997241973877,5.386209756883665,5.258624132461461,5.329171826672285,1100450400
2008-01-15,5.074601173400879,5.380205360754399,4.94311244898219,5.335175755340866,2343278000
2008-01-16,4.792412281036377,5.073700032309019,4.7041531111677015,4.960224185798921,2213845200
2008-01-17,4.829936504364014,4.964126702943167,4.755787116806378,4.848549404284021,1757859600
2008-01-18,4.844045639038086,4.975834155582485,4.79151043739666,4.854552519041659,1724343600
2008-01-22,4.672328472137451,4.802615898794126,4.382935262843759,4.444776488771539,2434754000
2008-01-23,4.174897193908691,4.202815735824475,3.7867370741726707,4.088439295394183,3372969600
2008-01-24,4.070727348327637,4.223830231517088,3.9629554751935294,4.202515862980746,2005866800
2008-01-25,3.9029150009155273,4.175497864887098,3.890907482003904,4.172496185565075,1554739200
2008-01-28,3.9029150009155273,3.9986793531245732,3.7960429522114607,3.8473781216874916,1474844000
2008-01-29,3.9488470554351807,3.986372269081686,3.874097637888157,3.937139740294662,1099982800
2008-01-30,3.9680593013763428,4.066225336612964,3.902615545093158,3.9437432492295015,1243051600
2008-01-31,4.06352424621582,4.102249487793582,3.8846042270798162,3.886104465953157,1345674400
2008-02-01,4.015191078186035,4.100447763662938,3.9680592136666686,4.089940882213586,1010744000
2008-02-04,3.952150583267212,4.079735454921319,3.945245394181973,4.029001473958271,899234000
2008-02-05,3.8834025859832764,4.0226959229890396,3.8695930148603837,3.9155240476237165,1141042000
2008-02-06,3.6624550819396973,3.960255106720905,3.6555506963919644,3.92753282435025,1573272400
2008-02-07,3.6396379470825195,3.745909561123183,3.520457791542074,3.6015127385046384,2083331600
2008-02-08,3.7669243812561035,3.7735285567441004,3.650445676028199,3.6648556606822287,1355972800
2008-02-11,3.886103630065918,3.9020146559128164,3.818558826284287,3.8428752762951106,1201432400
2008-02-12,3.7483115196228027,3.9326344122693655,3.711086130375858,3.9236285735507694,1225980000
2008-02-13,3.884603977203369,3.8960114834356934,3.7714279358730307,3.80294898266087,968534000
2008-02-14,3.826364755630493,3.926632248848272,3.8128549914130554,3.88460391987681,954097200
2008-02-15,3.741405963897705,3.8149553173957758,3.7242949102784544,3.790639672907114,901300400
2008-02-19,3.6678578853607178,3.8050501623036355,3.645643290672988,3.782234750687555,1005046000
2008-02-20,3.7170910835266113,3.7405065096803405,3.6528477635985364,3.6684585821167737,967439200
2008-02-21,3.648643732070923,3.796643448879226,3.628230793472872,3.7840351155234,938114800
2008-02-22,3.58620285987854,3.6777638913691817,3.4784301962204403,3.676863668216708,1529878000
2008-02-25,3.594608783721924,3.607517326756903,3.5021467248785347,3.5600848641318503,1256774400
2008-02-26,3.5768961906433105,3.6351357416230963,3.465521827171864,3.5315663854207506,1504888000
2008-02-27,3.691274881362915,3.693976353637112,3.545076733087719,3.549279245965309,1475138000
2008-02-28,3.899913787841797,3.9686598278773344,3.775630461126781,3.8185590097369255,1618254400
2008-02-29,3.7531161308288574,3.9089201365056145,3.746511552209381,3.881301791175255,1255480800
2008-03-03,3.6543493270874023,3.7819353610666315,3.542374514673512,3.735704116612797,1593043200
2008-03-04,3.741107225418091,3.748912635302377,3.614422625329435,3.6621545064170355,1785383600
2008-03-05,3.7372045516967773,3.756718076570511,3.6699595461485375,3.709886017685399,1221836000
2008-03-06,3.6303329467773438,3.827564401460366,3.626730049796882,3.740806289456488,1473698800
2008-03-07,3.6699604988098145,3.6918752931602627,3.573896695562411,3.6147234011103055,1230462800
2008-03-10,3.593108654022217,3.7062847051048657,3.5835019946308964,3.661855107855681,999588800
2008-03-11,3.823061466217041,3.826964170588614,3.662454179043263,3.7254966626102313,1163943200
2008-03-12,3.783435106277466,3.862988636875082,3.757618015408044,3.813756119554198,1059629200
2008-03-13,3.8407745361328125,3.8876057958648937,3.692474945763416,3.725497434941585,1262102800
2008-03-14,3.800847053527832,3.911620603139289,3.7284977244699453,3.8990118666719886,1156640800
2008-03-17,3.8044493198394775,3.8602872166777553,3.678965959634685,3.678965959634685,1072598800
2008-03-18,3.987271547317505,3.9926756930471075,3.8626884126519903,3.877998622440565,1205120000
2008-03-19,3.892707347869873,4.031400222870997,3.892707347869873,3.996277092979518,1010536800
2008-03-20,4.000781536102295,4.0013815514263005,3.877998841193074,3.9362380039344993,908787600
2008-03-24,4.18870735168457,4.228334018572435,4.011889192786853,4.022996090670146,1066920400
2008-03-25,4.232235431671143,4.295877925087519,4.122662316211258,4.201614616163718,1052391200
2008-03-26,4.354718208312988,4.375131955075346,4.222029455575393,4.228933839972488,1182084400
2008-03-27,4.210320949554443,4.362222588241813,4.202515541657567,4.3514155011963425,999829600
2008-03-28,4.293177127838135,4.342409644833107,4.25084899518727,4.25685315619242,714610400
2008-03-31,4.307885646820068,4.374230403860654,4.278466068223479,4.300981264518913,768065200
2008-04-01,4.488907337188721,4.492810041294622,4.311189006107254,4.391942555428038,1032567200
2008-04-02,4.427665710449219,4.539040456569946,4.378433209214838,4.466391334099924,1044968400
2008-04-03,4.5513482093811035,4.6119890087219515,4.4129555603364725,4.414756807913972,1051568000
2008-04-04,4.5954790115356445,4.644411311865009,4.525532151388218,4.56876090057871,854417200
2008-04-07,4.679837226867676,4.7939135033952365,4.656421395015243,4.687041419909829,1158326400
2008-04-08,4.588274955749512,4.696648070331015,4.572664936959601,4.6095901305876845,1014294400
2008-04-09,4.54624605178833,4.619795420054516,4.51682646480658,4.602384154952511,873398400
2008-04-10,4.6396074295043945,4.665724718277689,4.5210276998150025,4.53693872040145,955763200
2008-04-11,4.417160511016846,4.602084272102232,4.394945113969514,4.584673005769895,1210076000
2008-04-14,4.436373233795166,4.4805030202673395,4.339108620817847,4.406053419919961,845087600
2008-04-15,4.4543867111206055,4.494613801485227,4.374533347501647,4.485006739899902,698037200
2008-04-16,4.614094257354736,4.6261017827858275,4.5216321430907,4.554653840056161,795774000
2008-04-17,4.637807846069336,4.683138458986528,4.603585331566664,4.628201188683205,704267200
2008-04-18,4.834441184997559,4.871065372018453,4.754587430905379,4.776802029443777,1026765600
2008-04-21,5.048182487487793,5.058389560688988,4.856054154618619,4.869562714584843,1039152800
2008-04-22,4.8092241287231445,5.043380844567739,4.745881018755202,5.025368357859188,1439572400
2008-04-23,4.889977931976318,4.948517309251264,4.835641468116492,4.924801670889713,1504190800
2008-04-24,5.071597099304199,5.102818329159798,4.778901526409145,4.963525430411139,1696066400
2008-04-25,5.09531307220459,5.136439956269513,4.995945848442976,5.124432440429606,992474000
2008-04-28,5.170665264129639,5.215995073360545,5.077302170153767,5.095914667180653,787214400
2008-04-29,5.255022048950195,5.273333537482627,5.11092499127913,5.136742081839717,923476400
2008-04-30,5.221999168395996,5.403620615128121,5.1910781425414,5.289244162947591,1139524400
2008-05-01,5.40362024307251,5.40362024307251,5.249316935696801,5.252318614937215,903576800
2008-05-02,5.431840896606445,5.461260487628447,5.36009316758077,5.409325690801677,1006082000
2008-05-05,5.5456156730651855,5.563027337341001,5.435141527035255,5.461259223854867,854557200
2008-05-06,5.6035542488098145,5.617363014150719,5.46906428138997,5.543513454936111,918870400
2008-05-07,5.481372356414795,5.649785848345814,5.4198313158523215,5.585242326785734,1157133600
2008-05-08,5.55552339553833,5.598752154478388,5.495783193017328,5.516796955951222,899085600
2008-05-09,5.507191181182861,5.531207025124078,5.444749105149646,5.498485547977427,673072400
2008-05-12,5.648584365844727,5.669898733410467,5.489177522327281,5.560025409146791,818563200
2008-05-13,5.702622413635254,5.747352215039746,5.6395803201953445,5.66209472371954,823236400
2008-05-14,5.59154748916626,5.771067500841076,5.570833533754442,5.740747288282295,916823600
2008-05-15,5.695716381072998,5.7008203184776995,5.529704945092264,5.608058039759733,873208000
2008-05-16,5.632373809814453,5.712828356738644,5.613761313386341,5.707124003546903,765769200
2008-05-19,5.511693477630615,5.664495754870212,5.442646834397011,5.639579290448024,945820400
2008-05-20,5.5807390213012695,5.588543627341347,5.407222412086592,5.458256166639743,969850000
2008-05-21,5.34928560256958,5.642281878828142,5.291046436694017,5.573835638093924,1157657200
2008-05-22,5.315059661865234,5.44354545202177,5.163458261440835,5.38140441330785,1206735600
2008-05-23,5.4387431144714355,5.46335976708396,5.337575433927456,5.426734795727907,906917200
2008-05-27,5.59665060043335,5.59665060043335,5.4588587082579485,5.486176840082765,789905200
2008-05-28,5.614062786102295,5.642281542700838,5.515296737195559,5.626070307126373,743979600
2008-05-29,5.604456424713135,5.649787043484762,5.568732464568336,5.6065578812877535,647186400
2008-05-30,5.666297912597656,5.690014352029495,5.625170606145154,5.627272062803672,610184400
2008-06-02,5.586743354797363,5.693313987024037,5.539611100174914,5.661792949025931,679840000
2008-06-03,5.564827919006348,5.64978517489141,5.473867305088768,5.609557706008141,750520400
2008-06-04,5.55942440032959,5.616462712822476,5.500585240808585,5.524300869076285,726983600
2008-06-05,5.686712265014648,5.699020798176471,5.574737439738077,5.593950358983639,755445600
2008-06-06,5.572934150695801,5.702320999905107,5.57023267936366,5.6437816392223645,966422800
2008-06-09,5.451953411102295,5.5519206889462795,5.276035900527188,5.547417968951655,1888392800
2008-06-10,5.572934150695801,5.607156662083352,5.374200452228109,5.418931045798852,1140941200
2008-06-11,5.427938938140869,5.5837433500540365,5.391314748775292,5.533909602177693,961550800
2008-06-12,5.2012858390808105,5.481674156702594,5.139444581580121,5.448351462645349,1308333600
2008-06-13,5.174568176269531,5.228304221624625,4.962626877355051,5.152653787453485,1345957200
2008-06-16,5.308757781982422,5.340579036491451,5.0755017177338795,5.142446515595902,1051730400
2008-06-17,5.446548938751221,5.463360185467858,5.325867731007247,5.346581681614399,899656800
2008-06-18,5.3660969734191895,5.469666359850836,5.324069043152187,5.437244286863548,811468000
2008-06-19,5.430638313293457,5.473867866437933,5.307556635029503,5.36009183497158,791949200
2008-06-20,5.261626243591309,5.433641447952694,5.253520626249341,5.384107921375411,888367200
2008-06-23,5.1982831954956055,5.279937769129762,5.150250716123271,5.245714457231977,645780800
2008-06-24,5.200984954833984,5.276935580556958,5.152352457567097,5.174567049634678,621947200
2008-06-25,5.325268745422363,5.368497902944053,5.2198981248765355,5.241812510875186,644450800
2008-06-26,5.051184177398682,5.24871662477266,5.043678977691119,5.225601010485101,869610000
2008-06-27,5.106122016906738,5.120531602299343,4.927802445745209,4.99864994133634,1042249600
2008-06-30,5.0265703201293945,5.163462032472812,5.001953652202746,5.109125558790542,684196800
2008-07-01,5.243913650512695,5.245114482638652,4.923299088306464,4.93020347221892,1111280800
2008-07-02,5.048783302307129,5.327069315050589,5.048783302307129,5.2595241157385555,837519200
2008-07-03,5.107021331787109,5.16856316863101,4.9758336455481205,5.091111109806826,523362000
2008-07-07,5.258324146270752,5.317463535473426,5.160459116731756,5.198284533629429,820391600
2008-07-08,5.390110969543457,5.394614089359294,5.18567413964524,5.265527861132489,888350400
2008-07-09,5.2310051918029785,5.430938934313762,5.227703304214211,5.409624564540098,895776000
2008-07-10,5.302453994750977,5.323767967304508,5.144548148293824,5.251119614308942,840688800
2008-07-11,5.180871963500977,5.316863417007568,5.1334406904747665,5.26763089551527,930011600
2008-07-14,5.2198991775512695,5.382607965140095,5.195883330362104,5.380807518102916,886054400
2008-07-15,5.092611789703369,5.215694672439655,4.995046989355903,5.177869263725464,1040043200
2008-07-16,5.187776565551758,5.191378661266202,5.061392185583542,5.109423468541198,747790400
2008-07-17,5.157754421234131,5.252918735770734,5.145145687647701,5.226500436827738,757526000
2008-07-18,4.957822799682617,5.0929140359627265,4.953320079122777,5.058990521629169,868414400
2008-07-21,4.992046356201172,5.028370331623499,4.836841984575915,5.010357846735284,1360469600
2008-07-22,4.863858699798584,4.886073288844424,4.398846555946709,4.47299672506984,1879592400
2008-07-23,4.991145610809326,5.054487916301321,4.850051011107343,4.95301998395006,1061768400
2008-07-24,4.774100303649902,4.961125537500575,4.756688634989361,4.932905976631487,839619200
2008-07-25,4.866862773895264,4.893280688501898,4.762692556929427,4.815227777201019,633637200
2008-07-28,4.635105133056641,4.877366946950297,4.623696829654325,4.873464243432455,780712800
2008-07-29,4.715561389923096,4.786709112011175,4.61259240833822,4.665427434875752,684070800
2008-07-30,4.79961633682251,4.8179286265107475,4.685540086931108,4.736574251463025,725183200
2008-07-31,4.771697044372559,4.869262237563074,4.712557672794878,4.729368919649026,637498400
2008-08-01,4.702949047088623,4.80291667250183,4.675630930369415,4.80021399983376,544639200
2008-08-04,4.599983215332031,4.740177589683845,4.590376556314649,4.7011509382376,592527600
2008-08-05,4.822432041168213,4.827234969305011,4.647714958780208,4.665726640713901,688371600
2008-08-06,4.929003715515137,5.025367701129473,4.743178926708355,4.802318313758665,791408800
2008-08-07,4.910390853881836,4.987842927650351,4.848248989874391,4.884572961543242,672372400
2008-08-08,5.089910507202148,5.09291298831086,4.915793858098511,4.919096146425127,713997200
2008-08-11,5.210291385650635,5.298550546797023,5.093513261860803,5.105521583657461,891304400
2008-08-12,5.305456161499023,5.382307022338881,5.208791167281232,5.2090913753504156,836278800
2008-08-13,5.382606506347656,5.403620667551846,5.280538582238279,5.342980649793248,842346400
2008-08-14,5.38320779800415,5.417130506626847,5.338778208258569,5.353488002155337,711300800
2008-08-15,5.275735378265381,5.396115585014672,5.255021426174912,5.374801617709819,708251600
2008-08-18,5.265228271484375,5.337876608986251,5.218096413500325,5.270631615086207,552014400
2008-08-19,5.209392070770264,5.315663332331999,5.15775707966386,5.239711886158735,616204400
2008-08-20,5.278738021850586,5.311760107697538,5.2117928251410985,5.246616560207379,506951200
2008-08-21,5.232205867767334,5.267028393037255,5.160157549944822,5.237608810224039,539744800
2008-08-22,5.307258129119873,5.3285721032965325,5.270633140528176,5.278138343274814,439611200
2008-08-25,5.179969787597656,5.290444314483974,5.153251679566723,5.288041849144379,484425200
2008-08-26,5.212691783905029,5.249916367135548,5.181770765978381,5.186273885212119,445550000
2008-08-27,5.243613243103027,5.276335516479338,5.169163658183509,5.2027861548082655,477780800
2008-08-28,5.215695381164551,5.291046000813257,5.185975584912885,5.261926620680284,431384800
2008-08-29,5.089311122894287,5.208490919774739,5.074601328427529,5.192280084973431,599289600
2008-09-02,4.98904275894165,5.2084900076820535,4.953318806858876,5.175467927728328,780763200
2008-09-03,5.012157917022705,5.0637928932741065,4.923298750666666,5.008555420891896,734834800
2008-09-04,4.83984375,5.040678951929678,4.827535619254345,4.979137095765804,743386000
2008-09-05,4.808621883392334,4.875266861982856,4.732670856911782,4.760890411039848,786884000
2008-09-08,4.740777015686035,4.95001762246495,4.546847420624482,4.940410964641869,1045979200
2008-09-09,4.553452014923096,4.802018296728155,4.496714290196166,4.708956195397966,1245025600
2008-09-10,4.5513482093811035,4.652816084710306,4.466992186038144,4.572662571569858,973142800
2008-09-11,4.5825700759887695,4.592777147026224,4.382936183743849,4.44837991832539,971135200
2008-09-12,4.47119665145874,4.5303364370130215,4.397947487855785,4.5303364370130215,793027200
2008-09-15,4.213624477386475,4.43367221441974,4.213624477386475,4.263758430621614,920634400
2008-09-16,4.199214458465576,4.27786737274514,3.9671592223187355,4.018493201121365,1199836400
2008-09-17,3.8374710083007812,4.158085931178684,3.8374710083007812,4.157485114379136,1200455200
2008-09-18,4.025398254394531,4.065624933635567,3.6228280474171957,3.919727017034703,1676253600
2008-09-19,4.230135917663574,4.328902391977044,4.092043379321225,4.280869891048623,1430875600
2008-09-22,3.934136390686035,4.210321789991217,3.9224290781272706,4.20101534025648,856713200
2008-09-23,3.8077523708343506,4.076732401783342,3.8023482244969324,3.958153414800761,1280364400
2008-09-24,3.8638904094696045,3.9311354229364506,3.7570187270626905,3.820661243205549,1047015200
2008-09-25,3.9605534076690674,4.0464112891079935,3.858184888490942,3.89661030857249,1006045600
2008-09-26,3.8497793674468994,3.896610614885395,3.6924739764587695,3.749812103505902,1126451200
2008-09-29,3.1599180698394775,3.5928080962306974,3.0197239040815775,3.591006847770139,2622057200
2008-09-30,3.412086248397827,3.4523129165228172,3.1911381784526998,3.249676732298786,1626682400
2008-10-01,3.2757949829101562,3.3730599771273635,3.2238599971550257,3.3598514253824794,1296484000
2008-10-02,3.0050129890441895,3.265887497926364,3.002011310207289,3.242472078290669,1609364400
2008-10-03,2.9140522480010986,3.197141351250431,2.8414033216544574,3.1220917631582705,2294398400
2008-10-06,2.9461746215820312,2.9653873365768417,2.627961687236312,2.7606504458346492,2107417200
2008-10-07,2.6765942573547363,3.0470422018373355,2.670289887817291,3.0164213791815895,1878772000
2008-10-08,2.695507049560547,2.8918383404434853,2.572124123710724,2.5790285093122733,2207741200
2008-10-09,2.6639857292175293,2.8759278200007112,2.5997422033258646,2.802378645426389,1617383600
2008-10-10,2.905947685241699,3.002012260342865,2.5517097900128047,2.5727239533922934,2219299600
2008-10-13,3.310018539428711,3.3181241580862983,3.032632669470243,3.138604124156338,1539076000
2008-10-14,3.1244938373565674,3.49434171393365,3.096274482891749,3.490138801506097,1980994400
2008-10-15,2.9404704570770264,3.2121531442772846,2.938669208688744,3.11728879866916,1584175600
2008-10-16,3.0587499141693115,3.104980949330415,2.75404577416501,2.995106813053311,1980521200
2008-10-17,2.9239590167999268,3.0632529441594407,2.5784279746575045,2.9900037845548435,1762227600
2008-10-20,2.955179452896118,3.0029117206638603,2.8110834284831605,2.995406320668186,1549170000
2008-10-21,2.7465403079986572,2.9389696449373974,2.7366334431205495,2.910450283221295,2193660000
2008-10-22,2.9080488681793213,3.03953658820033,2.789769901649107,2.9230588699841085,2248808800
2008-10-23,2.9488749504089355,2.979495760442564,2.7588481281385153,2.8972407863478846,1675430400
2008-10-24,2.893338441848755,2.938969254203216,2.7051120423071313,2.711716217202731,1590058400
2008-10-27,2.764552593231201,2.930863820041972,2.757647408297872,2.8540119735299543,1208771200
2008-10-28,2.999309778213501,3.0170222541026526,2.772958713470411,2.8648197742591344,1634133200
2008-10-29,3.138604164123535,3.2884043998403345,3.000211435480428,3.0278297792638447,1950978400
2008-10-30,3.3334336280822754,3.3679571529784016,3.2304646719286105,3.2490771701941203,1638089600
2008-10-31,3.2298641204833984,3.325628674708616,3.156314959621775,3.2241601681332863,1659756000
2008-11-03,3.210952043533325,3.275195570000025,3.1479097501868196,3.1800312128112806,1057938000
2008-11-04,3.3319334983825684,3.355949342959268,3.202246414583352,3.301912891037989,1398681200
2008-11-05,3.1010782718658447,3.2938068210334857,3.0917716223341385,3.2694909721213534,1256455200
2008-11-06,2.974993944168091,3.0854675044257394,2.941971658706213,3.03353331357375,1319074400
2008-11-07,2.949176549911499,2.9975090538357487,2.873525909463136,2.9791973610630484,1095253600
2008-11-10,2.878329038619995,3.0140196697707218,2.8369011295111934,3.0071152854604644,1123822000
2008-11-11,2.8450067043304443,2.9170546309037144,2.7696560884580523,2.8462069352899375,1224538000
2008-11-12,2.7054126262664795,2.799075734417703,2.702110938926998,2.7747590827205464,1178976400
2008-11-13,2.8951406478881836,2.8951406478881836,2.582330858087072,2.697908157532025,1854087200
2008-11-14,2.709014654159546,2.821590440884252,2.7018102639410166,2.814685256612933,1405266800
2008-11-17,2.6459732055664062,2.7183221479894093,2.619556097846121,2.656180279944788,1162526400
2008-11-18,2.699108123779297,2.7315303888341123,2.6075472849306602,2.691003309037656,1209695200
2008-11-19,2.5904364585876465,2.7492425282231587,2.5880349943016445,2.685000001773238,1171900800
2008-11-20,2.416318893432617,2.5952386390661353,2.4016089029766117,2.558914475905928,1716814400
2008-11-21,2.479062080383301,2.5252931277127932,2.3757928944782107,2.4595483526503985,1569271200
2008-11-24,2.7903695106506348,2.845606177022615,2.546906244103939,2.558013538813401,1442257600
2008-11-25,2.7258262634277344,2.8432049926132303,2.646572950311724,2.8408035288869007,1235292800
2008-11-26,2.8519110679626465,2.8594164694219355,2.697307934380935,2.6994093906758834,899836000
2008-11-28,2.7819650173187256,2.8447071092558622,2.757648360896538,2.842905860601926,297774400
2008-12-01,2.6696882247924805,2.769955692936395,2.6693882171977483,2.7408361180951624,923767600
2008-12-02,2.7759597301483154,2.781363674326058,2.596739970643467,2.7027105844875856,1148722400
2008-12-03,2.8789288997650146,2.8888357641548907,2.6657864219297163,2.6837981010150522,1338680000
2008-12-04,2.7441391944885254,2.8582154534797275,2.6735915016650793,2.8347998256328073,1091370000
2008-12-05,2.821890354156494,2.8366003441077914,2.667586665883297,2.712317051670133,1043795200
2008-12-08,2.99360728263855,3.0260285576829205,2.8759283029881666,2.9203581034311314,1185142000
2008-12-09,3.003811836242676,3.1100834545703946,2.9182551692586656,2.943172030192889,1203496000
2008-12-10,2.9482758045196533,2.9867014339622373,2.896941829784634,2.9380689309407764,938047600
2008-12-11,2.8519110679626465,3.0392364773253178,2.846807932058149,2.922458555023162,1040617200
2008-12-12,2.9500772953033447,2.9719914818474336,2.7777616750529215,2.785867292744553,1041174400
2008-12-15,2.8444063663482666,2.8882349352786445,2.7918711632897937,2.8816307593997803,891758000
2008-12-16,2.864819288253784,2.89634032748169,2.784365546139422,2.8212907303250456,1093506400
2008-12-17,2.6765942573547363,2.734832619498571,2.6423705370086035,2.732731162986089,1293860400
2008-12-18,2.6847000122070312,2.7267281457070873,2.6549794092252452,2.6810973144699575,857416000
2008-12-19,2.701810598373413,2.7300291496284492,2.6657864383572183,2.7000091498855427,801920000
2008-12-22,2.5739247798919678,2.702710810742362,2.5424035398015175,2.7024106027299037,844740400
2008-12-23,2.5931382179260254,2.637868021877809,2.5787284296970916,2.60784801384558,635031600
2008-12-24,2.552910327911377,2.5892344912357945,2.538200537794732,2.5859326042880855,271334000
2008-12-26,2.57602596282959,2.62435844944108,2.558914707820328,2.600942826348225,308324800
2008-12-29,2.600041627883911,2.6303624338551357,2.5538106003877683,2.597339956434391,686000000
2008-12-30,2.5904364585876465,2.643271879374608,2.5433043902262322,2.62435917073749,967601600
2008-12-31,2.56221604347229,2.6339639429370783,2.561916035915305,2.5808287367621765,607541200
2009-01-02,2.724324941635132,2.733031575072229,2.556513274740106,2.578127449661451,746015200
2009-01-05,2.8393023014068604,2.887334582241796,2.7831644040885624,2.7969741733179547,1181608400
2009-01-06,2.792470693588257,2.9170537895456583,2.7735579930640233,2.880429621139736,1289310400
2009-01-07,2.732130527496338,2.7768603210973044,2.7096153262764173,2.7561471696634907,753048800
2009-01-08,2.7828640937805176,2.796373653522554,2.703010573357263,2.7147188851878097,673500800
2009-01-09,2.719221591949463,2.803278023788902,2.7060130418754205,2.7981748888743163,546845600
2009-01-12,2.6615829467773438,2.7315295898151293,2.6282604682411135,2.7156185697525492,617716400
2009-01-13,2.6330647468566895,2.6940055842404047,2.592237850828093,2.6489757750928282,798397600
2009-01-14,2.561616897583008,2.619255247267936,2.5433044046093785,2.5889352323904573,1021664000
2009-01-15,2.503077745437622,2.5252929437548337,2.4031110564606197,2.418721275967188,1831634000
2009-01-16,2.4715564250946045,2.5330974786787483,2.4136180689016533,2.5306960144278356,1047625600
2009-01-20,2.3475732803344727,2.461649545242409,2.3475732803344727,2.4595480886788916,919914800
2009-01-21,2.4865667819976807,2.488068023027625,2.380896127346499,2.383297591938919,1089270000
2009-01-22,2.6525776386260986,2.701811161918564,2.576326791309734,2.642971581402852,1409528400
2009-01-23,2.6525776386260986,2.6979082565209733,2.5967407400909823,2.6063465969083035,763770000
2009-01-26,2.6910040378570557,2.73093091284596,2.650776353555506,2.6675878064601597,692238400
2009-01-27,2.723724603652954,2.748341458761614,2.694004813862552,2.707513572378524,618038400
2009-01-28,2.827895164489746,2.851911005712769,2.7468405981296047,2.7654530955239354,861406000
2009-01-29,2.7918708324432373,2.83209770185345,2.7798625126105296,2.7945723035938532,592729200
2009-01-30,2.7057135105133057,2.8104829088406658,2.7021108136665446,2.7798628915287305,651478800
2009-02-02,2.7471413612365723,2.761851158213594,2.6687890464612027,2.6747932088240303,558247200
2009-02-03,2.7912700176239014,2.8032783383273103,2.710216257746523,2.7594487693834115,599309200
2009-02-04,2.8083813190460205,2.889436082270005,2.79487275965871,2.7984754563341645,808421600
2009-02-05,2.8957395553588867,2.919455181818219,2.780462307675891,2.784965226526258,749246400
2009-02-06,2.99360728263855,3.0020129097274375,2.9119524763422437,2.91255249177996,687209600
2009-02-09,3.077361583709717,3.0920713754667086,2.9870009762747505,3.0020117776668784,715010800
2009-02-10,2.93686842918396,3.0773619894269735,2.9137530104603258,3.041938842228328,849060800
2009-02-11,2.906547784805298,2.9512775845879684,2.8750267392282396,2.8930392233429476,674973600
2009-02-12,2.9800963401794434,2.9945061231091095,2.876827197811855,2.876827197811855,817188400
2009-02-13,2.976795196533203,3.000210822506985,2.9455741614955926,2.971691259025819,608977600
2009-02-17,2.8378007411956787,2.913151341952823,2.8302961428112727,2.9080482070351925,678238400
2009-02-18,2.832998514175415,2.8774281043607166,2.783465787811715,2.8534124617304015,684779200
2009-02-19,2.7210233211517334,2.829395408439273,2.705112296362488,2.802978105158249,922804400
2009-02-20,2.7378344535827637,2.773858411819385,2.6717896951244753,2.683798015213142,750316000
2009-02-23,2.610248327255249,2.761849741864293,2.59703977804858,2.7513428639294544,786982000
2009-02-24,2.709315299987793,2.728528214198515,2.611750289915764,2.6252590508232654,807105600
2009-02-25,2.736632823944092,2.789468222237716,2.6792947070818736,2.6976071921558624,833053200
2009-02-26,2.6774942874908447,2.7894690850331134,2.6705899031172073,2.7618505455090188,629868400
2009-02-27,2.6810965538024902,2.740836347680322,2.6318632392024677,2.6396686478720612,706658400
2009-03-02,2.6399693489074707,2.737835387355655,2.6318639304890423,2.6453732951963302,770929600
2009-03-03,2.6528775691986084,2.724025478368257,2.6381677747001384,2.6696888201699793,724340400
2009-03-04,2.736933946609497,2.784966234022796,2.685299763705724,2.7072141503903775,741403600
2009-03-05,2.6669867038726807,2.7579473214900707,2.6552793936907992,2.715619196628974,706899200
2009-03-06,2.560715436935425,2.6537776948464273,2.471555281067808,2.651976246781716,1011147200
2009-03-09,2.494971513748169,2.629761706916413,2.4787612828560603,2.527093571168294,698297600
2009-03-10,2.6606826782226562,2.6768937104114916,2.5324966632023296,2.5478066705463616,844258800
2009-03-11,2.782263994216919,2.82399210428274,2.6892019197802948,2.69610630291714,846372800
2009-03-12,2.8924379348754883,2.8993431206174005,2.7618504433728193,2.788868766200573,768457200
2009-03-13,2.8798303604125977,2.917956794295439,2.852212013081972,2.8909384624344963,601168400
2009-03-16,2.8645198345184326,2.9236594248470857,2.827294632928603,2.897842330975204,797244000
2009-03-17,2.9918057918548584,2.992706015344563,2.854012878989151,2.859116817510032,786646000
2009-03-18,3.0476415157318115,3.106480877828328,2.9936058821970284,2.9993090322767033,796037200
2009-03-19,3.050644874572754,3.0980761465111266,3.009516970091485,3.0575492593892153,500180800
2009-03-20,3.0497426986694336,3.095373509585564,3.0191226874267216,3.064752696719415,695587200
2009-03-23,3.231966495513916,3.246976499891083,3.0545479151100574,3.083366690637379,666397200
2009-03-24,3.1971428394317627,3.2854020201792236,3.1638211418871083,3.192940126275476,640612000
2009-03-25,3.1968424320220947,3.2529801394344595,3.1178899130113225,3.229564711282022,646618000
2009-03-26,3.298309803009033,3.3016114894502726,3.229563580953153,3.2370679785542857,616252000
2009-03-27,3.207648754119873,3.2580824960538277,3.194139995238605,3.2490766567996494,492872800
2009-03-30,3.1368019580841064,3.152411973012897,3.080364054522558,3.137402173699468,502796000
2009-03-31,3.155715227127075,3.225661902476328,3.152112529948496,3.165621291628224,570080000
2009-04-01,3.2628865242004395,3.272192371332988,3.1187894844604234,3.124793644686355,589372000
2009-04-02,3.3835673332214355,3.444808575866789,3.2956083744929074,3.3064156643953764,812366800
2009-04-03,3.4820327758789062,3.486235687813023,3.407883405099989,3.4279965391612053,636241200
2009-04-06,3.555881977081299,3.5648878152105596,3.4006776658256563,3.4505113863422463,658064400
2009-04-07,3.4523134231567383,3.50244736309614,3.4279969732703157,3.4982444506297816,536580800
2009-04-08,3.4919395446777344,3.506048518449042,3.439704557353563,3.4652214346355374,455630000
2009-04-09,3.589506149291992,3.6024146970103663,3.5411734459536217,3.55498341961184,530756800
2009-04-13,3.609018087387085,3.631833497606117,3.5723939089572045,3.6027137185496176,389236400
2009-04-14,3.5516796112060547,3.6075174995947745,3.5198583636828173,3.5895050189456628,454622000
2009-04-15,3.5315661430358887,3.5498780283452627,3.475128244760063,3.5183565909939283,412882400
2009-04-16,3.6459429264068604,3.696976685053023,3.5660891986915857,3.578097519137049,593446000
2009-04-17,3.705083131790161,3.73000000148746,3.609919575801026,3.637838125470706,497495600
2009-04-20,3.6174254417419434,3.6921756720247787,3.57719834901602,3.654350244633176,466466000
2009-04-21,3.6552488803863525,3.6666571865802813,3.560385545763628,3.569091178006615,470685600
2009-04-22,3.64774489402771,3.7630223881732072,3.638438043034843,3.6813673962838527,938767200
2009-04-23,3.764521598815918,3.8185582350989153,3.7077834914493306,3.8011465725852327,945156800
2009-04-24,3.7194926738739014,3.756717669514302,3.6915741275495035,3.741707668203522,540764000
2009-04-27,3.7444093227386475,3.7525149402809124,3.6822674573500924,3.6894728515328197,480690000
2009-04-28,3.7194926738739014,3.7888391284330236,3.7002797599687973,3.702981231539057,455856800
2009-04-29,3.756716012954712,3.8080499623305397,3.717389578358514,3.7480103843742474,458110800
2009-04-30,3.777432441711426,3.81255558784949,3.7501143055556336,3.789139756278888,498489600
2009-05-01,3.819760799407959,3.8410751754370365,3.776531631100762,3.776531631100762,397516000
2009-05-04,3.9647555351257324,3.970158877036428,3.832967059967783,3.8497783031812167,609358400
2009-05-05,3.983968496322632,3.988471214507923,3.9362362365782673,3.955148935553803,398255200
2009-05-06,3.9776670932769775,4.0076871073329965,3.9092208359625986,4.002583969479366,473538800
2009-05-07,3.8743979930877686,3.9743645062210833,3.8395742468042924,3.972563257233388,531776000
2009-05-08,3.878298759460449,3.9395399919758134,3.7903398152813197,3.87379523843172,467964000
2009-05-11,3.889707326889038,3.931435450687101,3.8161579464793873,3.8236635497052616,404658800
2009-05-12,3.7351021766662598,3.893909002783691,3.699979042966279,3.8894058827663534,609481600
2009-05-13,3.5871028900146484,3.7230942956102835,3.583800201511869,3.6987774498851467,595971600
2009-05-14,3.690972328186035,3.708384792716035,3.5934075354469623,3.5958087985963587,447826400
2009-05-15,3.675062656402588,3.7411068219769628,3.650746205966443,3.672060175189804,367567200
2009-05-18,3.8020482063293457,3.803549647639972,3.6495464997757328,3.714390246885846,458841600
2009-05-19,3.8260645866394043,3.881901686038829,3.774729806797468,3.8071518784902314,372422400
2009-05-20,3.7786312103271484,3.8788986700335406,3.761519756544243,3.8314666115525844,388584000
2009-05-21,3.7278976440429688,3.805949721511505,3.6891720137204533,3.75701741980102,407946000
2009-05-22,3.677461862564087,3.7278955771532956,3.6549466754185618,3.723992875240739,297998400
2009-05-26,3.926032304763794,3.927533746441143,3.7390070218705898,3.74531139350514,636927200
2009-05-27,3.9941771030426025,4.052115252373507,3.9299333822545495,3.956051482487336,646422000
2009-05-28,4.054817199707031,4.064423455679977,3.963555563499246,4.006183900546129,487552800
2009-05-29,4.077032566070557,4.079734037992452,4.0181929845266176,4.064424227458233,456534400
2009-06-01,4.183302879333496,4.202515388757157,4.082735208379879,4.096844983680107,452499600
2009-06-02,4.187507152557373,4.243044049927831,4.153283828664094,4.172497548608723,456223600
2009-06-03,4.23133659362793,4.2361395224385126,4.174898672999595,4.202817224806416,565199600
2009-06-04,4.315090179443359,4.3282993295697665,4.204016441692108,4.206717912497181,550634000
2009-06-05,4.3430094718933105,4.39494344389914,4.299179912213893,4.362221979334173,632716000
2009-06-08,4.318393707275391,4.329801212121984,4.185704958480035,4.317493483956272,931652400
2009-06-09,4.284470558166504,4.33970722408621,4.2193266279432295,4.317192026052848,676964400
2009-06-10,4.210320949554443,4.273363426286294,4.151781993574843,4.2712619703140575,688623600
2009-06-11,4.201315402984619,4.249648101309551,4.159287475030053,4.18930828245156,524823600
2009-06-12,4.111856460571289,4.175798780332253,4.083937107917342,4.167093146445584,563085600
2009-06-15,4.085437774658203,4.110654851356011,4.049414009222793,4.083036510945312,539750400
2009-06-16,4.093243598937988,4.15688570499808,4.085737996461141,4.102549247378924,514805200
2009-06-17,4.070127487182617,4.126265186423146,4.038606445619195,4.10284896005566,571412800
2009-06-18,4.0791335105896,4.142776012637118,4.070427878129956,4.086037894786184,427680400
2009-06-19,4.187207221984863,4.187807237378199,4.109755134758853,4.144877879516758,721856800
2009-06-22,4.123863220214844,4.24964758226494,4.0926427867452295,4.222930269358549,634914000
2009-06-23,4.022995948791504,4.11125512148628,3.9890736377127642,4.094744879290998,706532400
2009-06-24,4.089339733123779,4.127765556882265,4.0485130469024435,4.065324294695311,485525600
2009-06-25,4.19861364364624,4.208820717470666,4.059020506000911,4.075230939274888,589447600
2009-06-26,4.276064872741699,4.309687366479796,4.195010317527714,4.1965113574992134,439384400
2009-06-29,4.261956214904785,4.3213958101199665,4.249047668575771,4.306686015352693,567616000
2009-06-30,4.2757649421691895,4.3168922376214764,4.256852638924708,4.2802680623758596,434224000
2009-07-01,4.2877726554870605,4.3427103236873235,4.278467008261596,4.307886593322073,414178800
2009-07-02,4.203417778015137,4.287774261243514,4.196513391611324,4.240342978400464,370479200
2009-07-06,4.161086559295654,4.172494860994221,4.090239093876031,4.1637880297467085,498688400
2009-07-07,4.064723968505859,4.193210219623607,4.058119791631693,4.157186052050849,461596800
2009-07-08,4.119359970092773,4.143976627585702,4.035303726281947,4.080334529686103,575929200
2009-07-09,4.093542575836182,4.142475278330753,4.080634032402642,4.1355708950113055,343025200
2009-07-10,4.15838623046875,4.171894788867514,4.092341271983402,4.092942489607891,445275600
2009-07-13,4.2730631828308105,4.2730631828308105,4.128667118965685,4.189006932928727,483501200
2009-07-14,4.270961284637451,4.298279813536825,4.237639797797322,4.263757093809708,347247600
2009-07-15,4.409355163574219,4.41295766044363,4.332503901086008,4.354118080678783,485587200
2009-07-16,4.428566932678223,4.443577734584327,4.3700283724692435,4.375731924073309,393570800
2009-07-17,4.555552959442139,4.56365857681307,4.461890051659343,4.4753994139442295,602154000
2009-07-20,4.590375900268555,4.654319413590601,4.529735877947232,4.601183790930347,735526400
2009-07-21,4.548347473144531,4.605986616100486,4.4955124605271575,4.601784104286701,874781600
2009-07-22,4.705353736877441,4.765094344562028,4.6864410282097895,4.736874784386241,874104000
2009-07-23,4.73777437210083,4.756386065411312,4.6699285674629785,4.702050422212385,526962800
2009-07-24,4.802918910980225,4.803218718202221,4.69814831124662,4.711657271955358,438362400
2009-07-27,4.806219100952148,4.829634920458072,4.720962447229941,4.808320556621678,433311200
2009-07-28,4.803220272064209,4.806221952561367,4.73117152308201,4.769597763026337,363554800
2009-07-29,4.804119110107422,4.816727847969129,4.750683681464563,4.770196803533969,382158000
2009-07-30,4.886975288391113,4.9449134364185845,4.848248851797955,4.854253012635933,469604800
2009-07-31,4.90498685836792,4.953319149585326,4.890576872682615,4.8929785369635,422536800
2009-08-03,4.996248722076416,5.002552690284927,4.949416667308675,4.9596233401488155,394240000
2009-08-04,4.969830513000488,4.9704309291096465,4.9296038361223475,4.951218014428402,395810800
2009-08-05,4.9566216468811035,5.025066671365586,4.929603325579003,4.975834158760747,423183600
2009-08-06,4.920598983764648,4.99865108957551,4.895982319155894,4.970731734891107,341616800
2009-08-07,4.9686279296875,5.001350197932146,4.947313965228343,4.9680279145532245,387354800
2009-08-10,4.944913387298584,5.001351296179547,4.913092136797,4.973132942956767,300294400
2009-08-11,4.8881754875183105,4.934706529366624,4.859656526516407,4.9139921754597,355342400
2009-08-12,4.9626264572143555,5.0046543835708945,4.877068762563611,4.879770234316981,445071200
2009-08-13,5.0559868812561035,5.063492481444143,4.998348553292798,5.002851672918593,439980800
2009-08-14,5.006755828857422,5.050284394619165,4.969230622714646,5.041578761629183,305816000
2009-08-17,4.790910720825195,4.910991131946821,4.7858067832992095,4.909789898966973,524381200
2009-08-18,4.923300743103027,4.930505337468547,4.845548840872728,4.85215301897346,431152400
2009-08-19,4.941309452056885,4.9623236078505135,4.876766746541845,4.885772584275295,413271600
2009-08-20,4.993244171142578,5.004952280184605,4.941610011434591,4.952716903005013,342031200
2009-08-21,5.080002307891846,5.0845062287777925,5.007353987847308,5.0328712628569106,416074400
2009-08-24,5.075201034545898,5.124734560944592,5.051485400328536,5.107022286076004,406929600
2009-08-25,5.085407733917236,5.131638567566744,5.07730211720106,5.087208982076387,324354800
2009-08-26,5.025668144226074,5.0899106604555735,5.006154621708538,5.070997954827301,303998800
2009-08-27,5.086909770965576,5.090511466366157,4.948216842024688,5.06589560580232,449181600
2009-08-28,5.104920387268066,5.178169541535272,5.059290371080031,5.171565365849858,453700800
2009-08-31,5.0496826171875,5.068895124835925,4.99834825891196,5.0481811765889475,311337600
2009-09-01,4.962324619293213,5.103419579577114,4.951517531647988,5.043078971460882,469028000
2009-09-02,4.95872163772583,5.031670167714264,4.926599786920163,4.941910392831242,364249200
2009-09-03,4.999850273132324,5.016361314517575,4.953319229376034,4.996548385504716,293955200
2009-09-04,5.112725257873535,5.124433369522947,5.016060689638559,5.02176464146776,374628800
2009-09-08,5.191379547119141,5.197683516303979,5.163460995900302,5.192880587594549,315047600
2009-09-09,5.137643814086914,5.237610302368082,5.094414249941269,5.1868763375966065,811087200
2009-09-10,5.180271148681641,5.200985102032984,5.1277359456308025,5.165261147925943,491134000
2009-09-11,5.168262958526611,5.19888377768923,5.129537323935542,5.190778160637178,348961200
2009-09-14,5.215094566345215,5.220497508961488,5.110924389781111,5.128335652930288,322011200
2009-09-15,5.258324146270752,5.273033941550545,5.211193080408203,5.224701642542123,426470800
2009-09-16,5.4597578048706055,5.486175707875646,5.33997761938353,5.343279907360628,754023200
2009-09-17,5.540211200714111,5.607456184831012,5.462759946924365,5.463060154903667,810572000
2009-09-18,5.554320812225342,5.6002514292713075,5.5465150041815505,5.578637257021271,601582800
2009-09-21,5.5243024826049805,5.55852499912231,5.452254552026616,5.532408100251701,437715600
2009-09-22,5.538110733032227,5.56512905517866,5.489178026109929,5.559425503365937,356753600
2009-09-23,5.568731307983398,5.670800030635223,5.5546215310557425,5.565729628597801,593563600
2009-09-24,5.518296241760254,5.6347737190338965,5.486775208859017,5.619763722452912,550880400
2009-09-25,5.474768161773682,5.568731267204522,5.446849617766102,5.463961073954051,445239200
2009-09-28,5.588244915008545,5.60415594258116,5.503588644870566,5.519799479698751,337444800
2009-09-29,5.565128326416016,5.625768737867457,5.533006872728956,5.605656004734396,345385600
2009-09-30,5.564228057861328,5.5972501352597055,5.481973072356492,5.5876434795442576,539585200
2009-10-01,5.429439067840576,5.590346177456351,5.424634937305109,5.564229278933825,524711600
2009-10-02,5.550719261169434,5.581940496853554,5.444148612317213,5.445949860576594,553308000
2009-10-05,5.584342002868652,5.609559078783137,5.531806795457648,5.589746148693257,423133200
2009-10-06,5.7041215896606445,5.7041215896606445,5.622768020966202,5.635976372378006,605085600
2009-10-07,5.711327075958252,5.720332915998924,5.674702097303374,5.69661728337769,465668000
2009-10-08,5.681908130645752,5.74735188496286,5.670499823469476,5.723636249670972,438211200
2009-10-09,5.717931747436523,5.724836131876802,5.662395261424392,5.67290214251794,293272000
2009-10-12,5.728138446807861,5.749152608432969,5.693014908358343,5.734442815538933,288024800
2009-10-13,5.704421520233154,5.738944233973404,5.6948148652974,5.7227334045810245,348020400
2009-10-14,5.74254846572876,5.773468290246335,5.7107272154779345,5.771367234802275,375510800
2009-10-15,5.720633506774902,5.73144059570913,5.6897132802147246,5.6927149598879225,373556400
2009-10-16,5.6452813148498535,5.7146277514591395,5.6389769475902085,5.684307548643299,431426800
2009-10-19,5.699618339538574,5.703821251476757,5.570232300747354,5.63927853648481,942230800
2009-10-20,5.966798305511475,6.05655891194236,5.93948017375481,6.022036187578537,1141039200
2009-10-21,6.1517205238342285,6.2654973383400705,5.980906200122445,5.989611830282685,1193726800
2009-10-22,6.160126209259033,6.2396797200173175,6.079372668214674,6.145116211201854,791392000
2009-10-23,6.122302532196045,6.178140430110957,6.100988561415198,6.175138750302435,420786800
2009-10-26,6.078474998474121,6.2066606521676,6.007027073091972,6.114198961165196,484338400
2009-10-27,5.925069808959961,6.088378540634232,5.89745027407564,6.053855825478645,756551600
2009-10-28,5.775869846343994,5.944582728192003,5.736843208551643,5.93527587971314,818386800
2009-10-29,5.894448280334473,5.908258247445045,5.768063934397088,5.853921407762012,570270400
2009-10-30,5.658792972564697,5.90795967236983,5.648886105702719,5.885745075575789,717525200
2009-11-02,5.683105945587158,5.790277368776051,5.57083098769015,5.6978157330518435,678983200
2009-11-03,5.666297912597656,5.689413134217598,5.581341026034113,5.639280386566628,522541600
2009-11-04,5.728138446807861,5.819399284520211,5.710727182412304,5.7257371833411534,487530400
2009-11-05,5.824802398681641,5.853921771279337,5.758457637169667,5.775869700106022,384801200
2009-11-06,5.834108829498291,5.859625709749477,5.775870477278359,5.779172364709195,295097600
2009-11-09,6.047852993011475,6.061061345364615,5.89174841695607,5.912161361575634,528855600
2009-11-10,6.093482971191406,6.153522567811226,6.0343431969582575,6.03464340496165,401195200
2009-11-11,6.101589202880859,6.154124409790737,6.058960060109605,6.140915255441052,443870000
2009-11-12,6.0637640953063965,6.1502216084567065,6.046952845391868,6.0982868184696954,363731200
2009-11-13,6.137613773345947,6.149021279317408,6.066165855161045,6.090181699396944,343240800
2009-11-16,6.203057289123535,6.24418459112506,6.154424785582408,6.1685337628531975,485206400
2009-11-17,6.214163303375244,6.227371653733777,6.15412330670392,6.186544969036315,396513600
2009-11-18,6.182943344116211,6.214164581684476,6.124104167339508,6.200355812486172,374320800
2009-11-19,6.019332408905029,6.142415285689967,5.99801844224186,6.142415285689967,542326400
2009-11-20,6.001621246337891,6.015731023251882,5.936777917384522,5.978506030464051,406666400
2009-11-23,6.1805419921875,6.184144488872226,6.092582634716071,6.094084075813199,474896800
2009-11-24,6.137314796447754,6.180543565231382,6.091083946329444,6.164032117890635,318438400
2009-11-25,6.129807472229004,6.173637042926687,6.116898927768092,6.166131441374957,286454000
2009-11-27,6.0217366218566895,6.09288353458743,5.955091628057549,5.980608514181348,295257200
2009-11-30,6.001319885253906,6.054455087690961,5.967096981521619,6.0373436358248185,424858000
2009-12-01,5.91306209564209,6.087178733213631,5.908859183504765,6.071267708693759,465763200
2009-12-02,5.890847206115723,6.04665156920958,5.876437621225783,5.972801995735367,715260000
2009-12-03,5.8983540534973145,5.973404880875188,5.89205008380488,5.926572815083411,448719600
2009-12-04,5.80349063873291,6.000421952578239,5.71222897457561,5.995019008105705,826884800
2009-12-07,5.672300815582275,5.816998289353471,5.664195599080282,5.803489327975606,714758800
2009-12-08,5.699919700622559,5.7743700961535245,5.664796560469027,5.684609490562253,690398800
2009-12-09,5.937979698181152,5.948786787066643,5.713128680609568,5.742248460371044,684782000
2009-12-10,5.8968505859375,5.995016596472016,5.887544538882607,5.989012436558057,489669600
2009-12-11,5.844014644622803,5.943981893954058,5.806789658197165,5.937376917843327,429774800
2009-12-14,5.913361072540283,5.926870030273117,5.7806723573297765,5.865028792182711,495790400
2009-12-15,5.829006671905518,5.92927416403579,5.801988747011079,5.878840410304153,419459600
2009-12-16,5.854822158813477,5.898951931733383,5.840412576100843,5.8569236147441135,352984800
2009-12-17,5.759661674499512,5.853925029142573,5.733844575332194,5.831710026948128,388838800
2009-12-18,5.866831302642822,5.868932758868691,5.7818740327584415,5.79898629140945,608770400
2009-12-21,5.950887680053711,5.996518500350204,5.874036025330229,5.885444331622054,611906400
2009-12-22,6.014830112457275,6.029539904877367,5.963795950618777,5.9872117757679355,349515600
2009-12-23,6.067065715789795,6.075471541338028,6.0283400790923345,6.040047391625156,345525600
2009-12-24,6.275407314300537,6.284714167819126,6.104592884030502,6.110597047067042,500889200
2009-12-28,6.352558135986328,6.422804827621055,6.292517718170572,6.35586082591204,644565600
2009-12-29,6.277207851409912,6.385881185988549,6.266100551863774,6.383179312928484,445205600
2009-12-30,6.353458404541016,6.36426629707481,6.2534919117965835,6.269101931548898,412084400
2009-12-31,6.326138496398926,6.404791795014638,6.321035360882961,6.398187218590505,352410800
2010-01-04,6.424605369567871,6.439315163181909,6.375672659933639,6.407193703508267,493729600
2010-01-05,6.4357123374938965,6.472036705740915,6.401789232558781,6.442316913833998,601904800
2010-01-06,6.333343982696533,6.46122979510523,6.326739406175394,6.435712513903516,552160000
2010-01-07,6.321635723114014,6.364264863379803,6.275705096078485,6.356759662485861,477131200
2010-01-08,6.363664150238037,6.3642649671311435,6.276006208050368,6.313230401843963,447610800
2010-01-11,6.307526588439941,6.394284298208381,6.257692860547633,6.388280138025751,462229600
2010-01-12,6.235776424407959,6.297318252305418,6.196750593488335,6.279905790458578,594459600
2010-01-13,6.323736667633057,6.332142491954052,6.127105630676993,6.2402816461283805,605892000
2010-01-14,6.287112236022949,6.31803325912976,6.274804108867116,6.3075263799691825,432894000
2010-01-15,6.182041645050049,6.352255967896085,6.180240397111936,6.33214203258716,594067600
2010-01-19,6.455526828765869,6.460029950088654,6.221370532159046,6.254092011335684,730007600
2010-01-20,6.35615873336792,6.47083498004536,6.289213553454415,6.451622069331009,612152800
2010-01-21,6.2462849617004395,6.4035907622237715,6.220467872859289,6.366666377134003,608154400
2010-01-22,5.93647575378418,6.229171662525206,5.9187642880948514,6.207557493868692,881767600
2010-01-25,6.096184730529785,6.145117034148472,6.009726825525188,6.0793734823569965,1065699600
2010-01-26,6.182345390319824,6.41560192121252,6.081477852943726,6.182645598481276,1867110000
2010-01-27,6.240580081939697,6.321633822352593,5.989911658005317,6.209659064365654,1722568400
2010-01-28,5.9827094078063965,6.169134606746448,5.964997933719202,6.152023548785045,1173502400
2010-01-29,5.765664100646973,6.070068257963605,5.711327644529887,6.0364457570574945,1245952400
2010-02-01,5.845818042755127,5.883943667109292,5.742849076678136,5.774970539460983,749876400
2010-02-02,5.879741191864014,5.893550764506423,5.805291586894794,5.881242633180507,698342400
2010-02-03,5.98090934753418,6.010029134607887,5.8365124470915095,5.859027655469509,615328000
2010-02-04,5.765364170074463,5.955090849120654,5.750954183584234,5.905857530236009,757652000
2010-02-05,5.867732524871826,5.883943761374101,5.729339804930618,5.782776042147731,850306800
2010-02-08,5.827505111694336,5.940380931985343,5.823902615146617,5.874636973236708,478270800
2010-02-09,5.889647483825684,5.928973538768982,5.846418323139816,5.896551868660504,632886800
2010-02-10,5.857524871826172,5.901955259927815,5.831707782594653,5.8806400887589,370361600
2010-02-11,5.9640960693359375,5.996518134753807,5.825703378312862,5.850320035193965,550345600
2010-02-12,6.015430927276611,6.053256336807876,5.868932617552168,5.947284908028259,655468800
2010-02-16,6.106091499328613,6.114797130890145,6.049653595343914,6.062261931072785,543737600
2010-02-17,6.080575466156006,6.133410480528079,6.029840705731055,6.129807983872214,436396800
2010-02-18,6.091983795166016,6.120803373394176,6.031643166486593,6.052957141027834,422825200
2010-02-19,6.054156303405762,6.100087327665818,6.037345055528109,6.059860656451437,415469600
2010-02-22,6.016631126403809,6.079073190767008,5.979706743184227,6.0742702633635055,390563600
2010-02-23,5.915763854980469,6.043949875728417,5.87523697411814,6.004023010103161,575094800
2010-02-24,6.023836612701416,6.047252036489456,5.939179154033308,5.950887266739102,460566400
2010-02-25,6.0640645027160645,6.08988159583449,5.91066178196193,5.925371576991525,665126000
2010-02-26,6.142716884613037,6.159227927762016,6.064064373804336,6.0754718797290606,507460800
2010-03-01,6.2739057540893555,6.289215564984891,6.1676340947796415,6.176639936626168,550093600
2010-03-02,6.269702434539795,6.329142028985736,6.236379739675086,6.302123703573347,566546400
2010-03-03,6.2841105461120605,6.300321780109644,6.2423832322173265,6.272403234292958,372052800
2010-03-04,6.3255391120910645,6.331843481524197,6.2630970363317555,6.28261096157948,366041200
2010-03-05,6.572903633117676,6.595418831543843,6.443216587189503,6.452523034874503,899620400
2010-03-08,6.576808452606201,6.607128266897949,6.551891582246093,6.604727003018539,429889600
2010-03-09,6.695087909698486,6.754527510016909,6.541084762311828,6.553693101650299,920259200
2010-03-10,6.749723434448242,6.76893675064911,6.7004909149308665,6.719403622254259,596218000
2010-03-11,6.76953649520874,6.76953649520874,6.704093139701463,6.721805415914415,405700400
2010-03-12,6.802558898925781,6.836481206144874,6.777041615484182,6.825673716343427,416323600
2010-03-15,6.719704627990723,6.769537168742972,6.611931923692374,6.76593547315144,493502800
2010-03-16,6.7380146980285645,6.753925322280713,6.6797759453813,6.72990948229834,446908000
2010-03-17,6.728107929229736,6.798054390677824,6.702591050303533,6.751523352110669,450956800
2010-03-18,6.744019985198975,6.7545268668452465,6.682778741307207,6.727508140524381,342109600
2010-03-19,6.671970844268799,6.761731042347743,6.641350025622175,6.748222081633764,559445600
2010-03-22,6.7470197677612305,6.784545362946566,6.608927308985766,6.618533963961009,456419600
2010-03-23,6.85539436340332,6.868003102334355,6.727508130545306,6.77373937166875,602431200
2010-03-24,6.885713577270508,6.910630441183526,6.829875689269824,6.833778794195104,597780400
2010-03-25,6.8040595054626465,6.933746977581992,6.792051183519106,6.932245536527236,542284400
2010-03-26,6.931644916534424,6.963165554628323,6.8610972377853665,6.873105557986953,640875200
2010-03-29,6.976374626159668,7.0208046138733895,6.953259809818213,6.994687717171304,540744400
2010-03-30,7.080245494842529,7.1291790128457935,7.0322130019238065,7.102760700847439,527310000
2010-03-31,7.054727077484131,7.103060171560752,7.038516644797338,7.069437672392414,430659600
2010-04-01,7.083846092224121,7.166701098219023,6.9871815177516385,7.127075244095628,603145200
2010-04-05,7.159496784210205,7.160097200220622,7.047821811143165,7.054126580064301,684507600
2010-04-06,7.191020965576172,7.212034732328914,7.114769706428861,7.150793879164861,447017200
2010-04-07,7.22283935546875,7.262466009899618,7.1645998050123465,7.191317916237254,628502000
2010-04-08,7.203326225280762,7.251058094838289,7.145987699724688,7.218036016466786,572989200
2010-04-09,7.258565902709961,7.261568785577703,7.218639424601677,7.247759211855708,334182800
2010-04-12,7.2735748291015625,7.296990256416315,7.259164842062535,7.270872555719912,333026400
2010-04-13,7.277776718139648,7.288884816954884,7.238150056615978,7.260666061488773,306210800
2010-04-14,7.375643253326416,7.379245750128945,7.327011149739634,7.363335123396282,404076400
2010-04-15,7.47260856628418,7.475910454257223,7.370239618011878,7.378344835126576,376784800
2010-04-16,7.426975727081299,7.539251110450586,7.341418454005446,7.462098859469742,750545600
2010-04-19,7.417071342468262,7.44168760291775,7.2579642697095395,7.4158705101720095,566924400
2010-04-20,7.342619895935059,7.482513624377203,7.29368719194415,7.461199256132154,738326400
2010-04-21,7.781816005706787,7.81273703759749,7.677045388278768,7.769207266158169,982391200
2010-04-22,7.999460220336914,8.007866045193637,7.691153386713968,7.752395023332227,793424800
2010-04-23,8.130349159240723,8.170876048134094,8.015372268783086,8.045091666655404,796955600
2010-04-26,8.090421676635742,8.179280853512592,8.05109482336326,8.161869588442405,479068800
2010-04-27,7.8664703369140625,8.04058697477721,7.820840322593738,8.023475519001208,709343600
2010-04-28,7.853262424468994,7.9253099460950605,7.69745806572578,7.902795546500173,758402400
2010-04-29,8.064604759216309,8.10543145116114,7.865571229084787,7.895891039990527,558840800
2010-04-30,7.837951183319092,8.122541140877006,7.835249712243143,8.084715736072933,542463600
2010-05-03,7.995858669281006,8.041790102580844,7.891688474407178,7.920508448751758,454342000
2010-05-04,7.765605449676514,7.903998583071756,7.707667288351715,7.891991060263574,723819600
2010-05-05,7.6848464012146,7.749389900012839,7.466900266325085,7.595987263921564,883103200
2010-05-06,7.392457008361816,7.752697973249424,5.981510356733031,7.62000917643192,1285860800
2010-05-07,7.080544471740723,7.402060485576299,6.760830507862892,7.316203386521879,1676018400
2010-05-10,7.6248087882995605,7.644622518770905,7.460899207972792,7.512534188789668,984306400
2010-05-11,7.700763702392578,7.80193104055562,7.52004240904116,7.5602686968184685,848906800
2010-05-12,7.867971897125244,7.899192729047717,7.766204185768228,7.7824138153238875,654379600
2010-05-13,7.755998611450195,7.955331962083875,7.6971586307942745,7.901895726739347,599712400
2010-05-14,7.6197052001953125,7.699558930168541,7.490018542211385,7.659932273201552,759362800
2010-05-17,7.631712913513184,7.690552879052663,7.436281917222509,7.646122897308196,762834800
2010-05-18,7.575874328613281,7.761698632224883,7.5128314636237175,7.714567188668332,782678400
2010-05-19,7.455197334289551,7.592689439895214,7.3504275113195625,7.490020672848502,1025726800
2010-05-20,7.137585163116455,7.320407489830054,7.091053307729858,7.26126689405419,1282915200
2010-05-21,7.274477005004883,7.339920769913715,6.9451555212493625,6.989284911102634,1223891200
2010-05-24,7.407762050628662,7.53204574747038,7.392752453494605,7.423372865336452,754238800
2010-05-25,7.361532688140869,7.4077631197391876,7.119570636613475,7.185314188601005,1048006400
2010-05-26,7.328208923339844,7.56897090908022,7.317401436260898,7.507429476760258,850654000
2010-05-27,7.605594158172607,7.621805387681503,7.478309192225893,7.523038974917227,666282400
2010-05-28,7.711568832397461,7.78721966560997,7.605597383796595,7.786919858340637,815614800
2010-06-01,7.830150127410889,7.983552886984837,7.774012404980123,7.795927199436959,876472800
2010-06-02,7.9238080978393555,7.949324571230494,7.815134422861619,7.941519164507189,688548000
2010-06-03,7.898890018463135,7.971838535203041,7.817534878773464,7.960730441924232,650106800
2010-06-04,7.6839494705200195,7.862268237333206,7.644023003457463,7.751494275762073,758304400
2010-06-07,7.533249855041504,7.779714697633641,7.521541338107752,7.753897602168186,886942000
2010-06-08,7.484916687011719,7.619106889055522,7.374442521763253,7.602295237080811,1000770400
2010-06-09,7.300890922546387,7.562067069294527,7.279577357268142,7.549157724656313,854630000
2010-06-10,7.520340442657471,7.534449019567039,7.270872746067219,7.350126073609344,776356000
2010-06-11,7.61039924621582,7.620906125113736,7.426075547426695,7.451892633089798,545759200
2010-06-14,7.63351583480835,7.7797135534704625,7.625410617958677,7.6839499875229285,602960400
2010-06-15,7.795923233032227,7.800726561058264,7.670138886032611,7.674341798055394,585074000
2010-06-16,8.022883415222168,8.037893028165469,7.824149534468845,7.838258923350228,783678000
2010-06-17,8.161571502685547,8.192492537179582,8.090423383106616,8.123445473557119,872855200
2010-06-18,8.227615356445312,8.255535113075595,8.148062206828923,8.172979080564577,784621600
2010-06-21,8.1105375289917,8.375915104776228,8.067308359593323,8.336288432963038,776490400
2010-06-22,8.221010208129883,8.28465271720836,8.150463314092054,8.170276245550937,717262000
2010-06-23,8.134552001953125,8.245326779900084,8.042390125047866,8.242925115249543,768457200
2010-06-24,8.075414657592773,8.201498870913454,8.048395924775017,8.13545388120504,714277200
2010-06-25,8.00636100769043,8.113533222411855,7.979642905781106,8.107229257412907,549942400
2010-06-28,8.054394721984863,8.09792447282531,7.94091852461696,8.013266634683845,584948000
2010-06-29,7.690250396728516,7.937015697736155,7.634112717638736,7.928909683014523,1133344800
2010-06-30,7.55096435546875,7.744293632947074,7.505334310800956,7.706468200114522,739452000
2010-07-01,7.459400653839111,7.649128178423589,7.301495190119477,7.634117772355268,1022896000
2010-07-02,7.4131669998168945,7.53294718274758,7.300890814238768,7.5197372294976255,693842800
2010-07-06,7.463902473449707,7.589085624189554,7.389752286826611,7.535049777920477,615235600
2010-07-07,7.765303134918213,7.768306016990345,7.497524773523255,7.519738565595028,654556000
2010-07-08,7.747892379760742,7.892289653153148,7.651828203957988,7.879680914439716,738144400
2010-07-09,7.793822765350342,7.802227788405998,7.659932391402046,7.711867177163303,433322400
2010-07-12,7.723875045776367,7.860766690326467,7.650926504212937,7.7611000369806495,562878400
2010-07-13,7.559064865112305,7.697157349137071,7.397856764138528,7.694756486577691,1190924000
2010-07-14,7.586986064910889,7.679147960995935,7.4750112329593215,7.486419944047374,812047600
2010-07-15,7.548557281494141,7.714268086552617,7.423973769299527,7.451892712011985,824866000
2010-07-16,7.50202751159668,7.654229383399595,7.457297715240647,7.600493345676154,1039858400
2010-07-19,7.372340679168701,7.501427745075379,7.1928210621082975,7.501427745075379,1024478000
2010-07-20,7.561767101287842,7.592087713852233,7.205128751910857,7.291886875235175,1074950800
2010-07-21,7.632315158843994,7.959834545262631,7.625110966843249,7.9580332968565255,1185671200
2010-07-22,7.775811672210693,7.805231262217054,7.664436479384705,7.73558459140145,645318800
2010-07-23,7.803431510925293,7.816640668885362,7.693557738219938,7.717874196379952,533388800
2010-07-26,7.7836174964904785,7.808233758561228,7.736486028193953,7.805231677622874,420551600
2010-07-27,7.927713394165039,7.949327573168461,7.814237150743818,7.831348609595097,584771600
2010-07-28,7.834052085876465,7.985053975156157,7.8127385102955955,7.9154072896733405,519985200
2010-07-29,7.748493671417236,7.884784941653448,7.688153847672712,7.826546173786733,643806800
2010-07-30,7.722673416137695,7.796222366118204,7.6521257442904504,7.681846734693473,448210000
2010-08-02,7.860764980316162,7.882979566354152,7.793820613449151,7.818436863018096,428055600
2010-08-03,7.863168239593506,7.903094701463267,7.787818035076631,7.83554990500602,417653600
2010-08-04,7.894690990447998,7.933716433981833,7.814537444579734,7.890488077717724,420375200
2010-08-05,7.856265068054199,7.90069505762272,7.821741543277519,7.857165291388172,289097200
2010-08-06,7.807932376861572,7.849960699900039,7.734082002293265,7.7986255270174665,444897600
2010-08-09,7.857762336730957,7.869770653523558,7.79231861345785,7.849656322084309,303128000
2010-08-10,7.787522315979004,7.818743967821313,7.731684394115804,7.800731476373827,451920000
2010-08-11,7.510733127593994,7.675844345805667,7.499326023510642,7.667138713314788,620054400
2010-08-12,7.558767318725586,7.5980933790482865,7.38855292615473,7.405664387764423,534920400
2010-08-13,7.478007793426514,7.561463181968743,7.477707184724942,7.55455880131102,354869200
2010-08-16,7.434182167053223,7.505330272095134,7.403560946113603,7.432380918762657,318430000
2010-08-17,7.564167022705078,7.64402073475365,7.481010622370202,7.507428922167148,422640400
2010-08-18,7.597190856933594,7.645223343870907,7.552461059396666,7.5758772875701315,339696000
2010-08-19,7.501429557800293,7.60950208481243,7.465405382129581,7.590288763588646,426706000
2010-08-20,7.494222164154053,7.622708002226489,7.475008849078622,7.486717363764526,384230000
2010-08-23,7.378942966461182,7.565067904950343,7.362432730084488,7.558763938215719,414041600
2010-08-24,7.202727794647217,7.294888870354384,7.1643019616848,7.2849832060607245,602565600
2010-08-25,7.291585445404053,7.324608327541257,7.120771491278401,7.145988163286898,596867600
2010-08-26,7.213233470916748,7.377443657398707,7.213233470916748,7.368437416423126,466505200
2010-08-27,7.253462314605713,7.28318251626142,7.0715402106502285,7.257365420792136,548391200
2010-08-30,7.279876708984375,7.377442297509876,7.22523965876072,7.227641322578174,383289200
2010-08-31,7.29788875579834,7.3417183162500494,7.21533357101673,7.260363161682724,420786800
2010-09-01,7.514936923980713,7.5488592346105445,7.393355457172668,7.429079016283849,697037600
2010-09-02,7.570173263549805,7.570173263549805,7.462100764450208,7.542854730302402,415427600
2010-09-03,7.768307209014893,7.76860701629394,7.640121159876191,7.657833036428456,520788800
2010-09-07,7.739485263824463,7.791119433734101,7.692653620026863,7.704361330570399,342557600
2010-09-08,7.892889022827148,7.937018400037891,7.7782111605994055,7.798625306286032,526551200
2010-09-09,7.897394180297852,8.000963175144076,7.892891459347603,7.956533977005103,438575200
2010-09-10,7.907600402832031,7.940322683293432,7.84725978016738,7.900995824960363,387542400
2010-09-13,8.016571998596191,8.053796994258754,7.978146972386718,7.97994741901889,388780000
2010-09-14,8.04719066619873,8.08051254924423,7.970939443210595,7.991653392832797,408150400
2010-09-15,8.112037658691406,8.116841790126715,8.040589730992803,8.050496999540941,429368800
2010-09-16,8.302661895751953,8.305663975616481,8.09042005988235,8.112635450879855,652103200
2010-09-17,8.266640663146973,8.344392547542968,8.21590670284532,8.33628652901573,634477200
2010-09-20,8.502598762512207,8.519109805530258,8.281050016864112,8.287954401653861,658677600
2010-09-21,8.51880931854248,8.626281404138343,8.489389728921033,8.521511592019698,668074400
2010-09-22,8.638288497924805,8.6451928818309,8.477980615751694,8.486986856688066,585289600
2010-09-23,8.673412322998047,8.788689811255113,8.585753975802897,8.595660440806762,786116800
2010-09-24,8.775479316711426,8.81180408500989,8.722344503146186,8.76887554213309,649488000
2010-09-27,8.740657806396484,8.847829282270029,8.736155086134527,8.82531487933656,482834800
2010-09-28,8.611573219299316,8.758971803849146,8.255535194916073,8.758971803849146,1035042400
2010-09-29,8.62687873840332,8.70012787902719,8.585751449402842,8.622675826869756,469644000
2010-09-30,8.518210411071777,8.705836063921572,8.443159989607107,8.675816055660457,673391600
2010-10-01,8.481282234191895,8.603163472982983,8.446158299786033,8.59025493008227,448142800
2010-10-04,8.364808082580566,8.492692730728187,8.338689575911397,8.453667279246538,435302000
2010-10-05,8.6740140914917,8.689323500834371,8.460269950863319,8.465674497820503,501967200
2010-10-06,8.681517601013184,8.765574253765651,8.563538640239143,8.693525923298864,670868800
2010-10-07,8.682416915893555,8.720242322019647,8.613070872411381,8.71603941004747,408399600
2010-10-08,8.828014373779297,8.840922917154293,8.705833323317476,8.757166888001361,658403200
2010-10-11,8.866740226745605,8.923178531357008,8.843926021089182,8.848128933255612,427753200
2010-10-12,8.96220588684082,8.9910258595694,8.780583624347246,8.868242771482752,558544000
2010-10-13,9.010237693786621,9.064873951384754,9.00003062088146,9.012038941946356,630092400
2010-10-14,9.0753812789917,9.080183805606685,9.018041948956087,9.05676838206742,435296400
2010-10-15,9.44853401184082,9.456339423028059,9.153436241141238,9.229386892095949,922194000
2010-10-18,9.54639720916748,9.576416408595746,9.435022035300657,9.560506585613135,1093010800
2010-10-19,9.290926933288574,9.41941278360191,9.00663669849819,9.108104623536319,1232784000
2010-10-20,9.322149276733398,9.43382429440814,9.212276309433236,9.27621863602513,721624400
2010-10-21,9.291827201843262,9.448531796980436,9.210172214888509,9.377083883800937,551460000
2010-10-22,9.23028564453125,9.30743710897954,9.19516250527268,9.278317329070678,372778000
2010-10-25,9.27141284942627,9.354267865135425,9.259404527603078,9.278918451377573,392462000
2010-10-26,9.247694969177246,9.298428911922585,9.175645860485242,9.212271231562234,392929600
2010-10-27,9.241095542907715,9.303236621119288,9.174150333041684,9.235691796623266,399002800
2010-10-28,9.16334056854248,9.246195578908084,9.03305349165792,9.244694137965208,551051200
2010-10-29,9.035455703735352,9.182554452058096,9.03215301414189,9.133021322769368,430511200
2010-11-01,9.131519317626953,9.174148059460423,9.072079726476291,9.072680142581321,423889200
2010-11-02,9.287023544311523,9.311940413102263,9.21617684525233,9.21617684525233,433930000
2010-11-03,9.390294075012207,9.392695739695116,9.262108028245027,9.347364719617088,508348400
2010-11-04,9.554503440856934,9.611841977627497,9.457237633095033,9.46984637155919,642488000
2010-11-05,9.520278930664062,9.593528087642484,9.508871827006615,9.546096821563248,361253200
2010-11-08,9.565008163452148,9.59953087997262,9.509170278764692,9.522379430365127,281758400
2010-11-09,9.488759994506836,9.64546540976681,9.441328719905115,9.637959806763618,383544000
2010-11-10,9.547296524047852,9.56951111429045,9.412805745729026,9.505568013111132,384227200
2010-11-11,9.505867958068848,9.558403147217824,9.43381885123412,9.45633404681559,361284000
2010-11-12,9.24709701538086,9.501367234771065,9.11500947463286,9.48635763311447,795846800
2010-11-15,9.217376708984375,9.322447116698154,9.194261091027569,9.260005448466517,403606000
2010-11-16,9.053768157958984,9.234188802975678,8.985622127040159,9.177751287850294,657650000
2010-11-17,9.021047592163086,9.125817415754618,8.938792174146219,9.04206135801562,479449600
2010-11-18,9.259101867675781,9.296326852235177,9.146827299714788,9.162136702887159,494491200
2010-11-19,9.20806884765625,9.258202377354436,9.163339061541297,9.245293835161762,384843200
2010-11-22,9.4071044921875,9.4071044921875,9.182253876338141,9.206569525623182,393075200
2010-11-23,9.268106460571289,9.358768452523291,9.202963344742649,9.319741422176307,519447600
2010-11-24,9.450333595275879,9.468346079456953,9.358772939704977,9.366276939011565,413725200
2010-11-26,9.456335067749023,9.537389620268529,9.394493826226,9.41850966334815,237585600
2010-11-29,9.512474060058594,9.530785547172659,9.34766346141992,9.471345961390547,445785200
2010-11-30,9.34075927734375,9.43712405149849,9.332353452452836,9.412506992889384,501858000
2010-12-01,9.49836540222168,9.538892286281193,9.456337077109799,9.464442293596976,461750800
2010-12-02,9.55090045928955,9.576416940545677,9.45303424037861,9.532287560596894,462837200
2010-12-03,9.529585838317871,9.565909808181882,9.496563756032918,9.51667729360178,342092800
2010-12-06,9.610940933227539,9.676384681179702,9.5590053443261,9.565609921052637,448481600
2010-12-07,9.552701950073242,9.726217393839272,9.550000478425595,9.720514643304742,391454000
2010-12-08,9.636757850646973,9.637058459511438,9.51967991660995,9.595329941005593,321935600
2010-12-09,9.59923267364502,9.68148727200389,9.577017278612182,9.670380776922883,294151200
2010-12-10,9.623248100280762,9.637957892842802,9.564408128409026,9.595929570541154,262511200
2010-12-13,9.656569480895996,9.758338794610884,9.63645674651105,9.73762484257792,439815600
2010-12-14,9.615144729614258,9.682690346450222,9.576418287377097,9.658373892324326,351008000
2010-12-15,9.617244720458984,9.696497234818008,9.582120782066683,9.606436429849541,417312000
2010-12-16,9.643960952758789,9.684788438288733,9.609438235909865,9.639157624858386,322030800
2010-12-17,9.62474536895752,9.660169099286351,9.613337468837367,9.65536577291997,386929200
2010-12-20,9.672782897949219,9.704004538273173,9.553303288588927,9.654470605878753,385610400
2010-12-21,9.732521057128906,9.738224608638571,9.667978337550444,9.696496896722318,256354000
2010-12-22,9.76134204864502,9.778153700732998,9.713009751327622,9.737326204428744,265921600
2010-12-23,9.714510917663574,9.761041965226529,9.701602371701643,9.75653924507077,223157200
2010-12-27,9.746929168701172,9.769744975478462,9.65206585065544,9.691993111703969,249816000
2010-12-28,9.770648002624512,9.806371557595956,9.758339873573448,9.783856355000072,175924000
2010-12-29,9.76524543762207,9.800068773476294,9.75954108325779,9.79316358678519,163139200
2010-12-30,9.71630859375,9.771845061205916,9.697996309359658,9.77094483815521,157494400
2010-12-31,9.683287620544434,9.710905953838909,9.645762022826354,9.694995331274002,193508000
2011-01-03,9.893729209899902,9.91444316237059,9.751734424414499,9.775750264277862,445138400
2011-01-04,9.945365905761719,9.981689879851146,9.851102174886478,9.979888631428421,309080800
2011-01-05,10.026719093322754,10.036926167317263,9.891628673419461,9.893130114524599,255519600
2011-01-06,10.0186128616333,10.064242875029139,9.99369599809402,10.04833225161674,300428800
2011-01-07,10.090364456176758,10.097268842121014,9.963679034478565,10.026421329087995,311931200
2011-01-10,10.280386924743652,10.303802345391944,10.121881120559905,10.171714041634916,448560000
2011-01-11,10.256075859069824,10.355741745708595,10.190931901234228,10.353340882437598,444108000
2011-01-12,10.339529991149902,10.339830600058633,10.26688203658295,10.304407647877591,302590400
2011-01-13,10.377351760864258,10.406171728028442,10.32241570251622,10.361741746940467,296780400
2011-01-14,10.461409568786621,10.461409568786621,10.340128733192097,10.383657694377725,308840000
2011-01-18,10.226353645324707,10.349736359014297,9.78655883379426,9.8922296717921,1880998000
2011-01-19,10.172015190124512,10.465010977433604,10.113176026592372,10.457505376777592,1135612800
2011-01-20,9.987091064453125,10.155803948672368,9.910239421368802,10.099666256326534,764789200
2011-01-21,9.808173179626465,10.053137342671626,9.805470906302757,10.019814649170229,754401200
2011-01-24,10.130287170410156,10.130287170410156,9.808170816783012,9.81267433736305,574683200
2011-01-25,10.248865127563477,10.250066761056042,10.043828296457733,10.096664097077063,546868000
2011-01-26,10.322417259216309,10.374952463180186,10.251870374681992,10.29569914477362,506875600
2011-01-27,10.303201675415039,10.347631653416915,10.291794574161692,10.320313128918476,285026000
2011-01-28,10.089757919311523,10.338925717676847,10.012607278869114,10.332021335372362,592057200
2011-01-31,10.186426162719727,10.208041142070604,10.03572573147478,10.08075533520853,377246800
2011-02-01,10.357842445373535,10.3764545446037,10.236260979349774,10.245867637854998,426633200
2011-02-02,10.336526870727539,10.364445016326549,10.31341125219901,10.340429976103298,258955200
2011-02-03,10.310110092163086,10.334126739195847,10.163311944482132,10.320917583327828,393797600
2011-02-04,10.401969909667969,10.407974070125032,10.312209714893745,10.316112018379057,321840400
2011-02-07,10.563478469848633,10.604604964338119,10.436192674832398,10.443697474485653,485021600
2011-02-08,10.663150787353516,10.672757449770348,10.5715900918772,10.617520744121629,381040800
2011-02-09,10.752005577087402,10.777223053655021,10.653239932880311,10.662845788996714,482745200
2011-02-10,10.643327713012695,10.807238027925996,10.446995744938986,10.728885766256944,928550000
2011-02-11,10.712676048278809,10.741194601755213,10.613309218582534,10.649633980563358,367572800
2011-02-14,10.782625198364258,10.791630637704893,10.708475818484475,10.7108774827416,310416400
2011-02-15,10.804241180419922,10.806343037807913,10.733694285137595,10.782926807388142,284174800
2011-02-16,10.901205062866211,10.95433987901373,10.822251555051333,10.831256994140723,481157600
2011-02-17,10.756208419799805,10.815348203691352,10.702772188092444,10.72468777673102,530583200
2011-02-18,10.52385139465332,10.79223093962523,10.492629761959982,10.768514907910317,816057200
2011-02-22,10.165108680725098,10.36894547300212,10.138391375196543,10.271379891800152,872555600
2011-02-23,10.285493850708008,10.34613347498712,10.165112420662233,10.169916551327498,671854400
2011-02-24,10.293296813964844,10.361442831417596,10.157906605546039,10.327520527917443,499900800
2011-02-25,10.451804161071777,10.459909377281244,10.35093666523348,10.364745433349816,380018800
2011-02-28,10.603404998779297,10.658641671292854,10.540662724943004,10.544265221188265,403074000
2011-03-01,10.486327171325684,10.678756119932675,10.43739446225017,10.671251319592502,456136800
2011-03-02,10.570682525634766,10.637627710492294,10.459007549012398,10.505839197692369,602590800
2011-03-03,10.794029235839844,10.80093361729329,10.684755956166494,10.722881961775151,500788400
2011-03-04,10.807241439819336,10.815947071281354,10.739695840130468,10.80934249507366,453266800
2011-03-07,10.667947769165039,10.857374607786706,10.546366335135527,10.849268590994175,546123200
2011-03-08,10.679956436157227,10.729189751712118,10.574585421132987,10.654439154285054,356316800
2011-03-09,10.581191062927246,10.649937506642786,10.525054159430754,10.64783564939839,453306000
2011-03-10,10.407075881958008,10.50013879116206,10.353940249864854,10.480624863545803,507539200
2011-03-11,10.566779136657715,10.576686401690514,10.356939752152016,10.366845413937783,471080400
2011-03-14,10.613909721374512,10.701568842278439,10.546364934563433,10.602501818916542,435957200
2011-03-15,10.369847297668457,10.442195416261399,10.209840052802686,10.269880045117251,721081200
2011-03-16,9.906941413879395,10.296903364631131,9.794366168811674,10.26688335272133,1162011200
2011-03-17,10.045930862426758,10.195130625399335,9.92645048787922,10.111674407846804,659422400
2011-03-18,9.926752090454102,10.152803536117194,9.906638552399361,10.120681676351081,753214000
2011-03-21,10.185824394226074,10.1990327448965,10.064542764397702,10.086458349697136,409402000
2011-03-22,10.242859840393066,10.285489367054138,10.181018609187735,10.28368811944874,325922800
2011-03-23,10.182525634765625,10.213445866516317,10.085259813970701,10.185227106843813,372996400
2011-03-24,10.356040000915527,10.386961028596385,10.172617295194748,10.262377496177525,404712000
2011-03-25,10.553269386291504,10.568879398660728,10.41757779261046,10.449099227745398,448910000
2011-03-28,10.520246505737305,10.636725591459214,10.520246505737305,10.601601660803546,309355200
2011-03-29,10.535858154296875,10.535858154296875,10.388760249744651,10.436791924104106,352900800
2011-03-30,10.465909957885742,10.533456347652033,10.430186413304021,10.526250555033661,329406000
2011-03-31,10.462311744689941,10.501037381736435,10.388762774539128,10.397768214655468,274019200
2011-04-01,10.343730926513672,10.554772769313349,10.305905515167266,10.540363585043615,418661600
2011-04-04,10.242563247680664,10.344932181322084,10.158807211802944,10.336226549308915,460084800
2011-04-05,10.173518180847168,10.274385685198851,10.086760054652302,10.116480252093579,482731200
2011-04-06,10.148000717163086,10.323918630952914,10.120982793579012,10.243465276316417,402539200
2011-04-07,10.149202346801758,10.21974843468762,10.087660095777107,10.149801961293583,373447200
2011-04-08,10.058538436889648,10.211340690263862,10.025216553793479,10.204436307587107,377535200
2011-04-11,9.930654525756836,10.076851423798367,9.907239101623217,10.028519134606707,398946800
2011-04-12,9.97868824005127,10.018614709542847,9.91264326856249,9.921348901479119,425639200
2011-04-13,10.090662002563477,10.090961809780408,9.982288908254752,10.057339312187423,346220000
2011-04-14,9.979290008544922,10.086762112208973,9.968483317690318,10.050737938904689,301800800
2011-04-15,9.830385208129883,10.015909730732393,9.810572283171606,10.005702659463024,453605600
2011-04-18,9.962174415588379,9.973582319585486,9.611239680724106,9.789559224561394,609898800
2011-04-19,10.142596244812012,10.14619793933979,9.957971924363278,9.999700437304185,419378400
2011-04-20,10.27918815612793,10.379455235983237,10.251870427096037,10.312210238695563,700666400
2011-04-21,10.528056144714355,10.661045519328459,10.462612386100005,10.657142413451448,753810400
2011-04-25,10.597402572631836,10.619617969779819,10.516047388214616,10.51724902211657,266546000
2011-04-26,10.519646644592285,10.656838072363389,10.48752479430296,10.615710785070986,338800000
2011-04-27,10.511545181274414,10.577590158180598,10.419984521268255,10.574287468442241,356213200
2011-04-28,10.409475326538086,10.499534525303481,10.372550141193434,10.3926636775563,360959200
2011-04-29,10.510940551757812,10.625616778723344,10.407070207421308,10.410372895583889,1006345200
2011-05-02,10.395367622375488,10.521152005968082,10.371952193060078,10.499237216285621,442713600
2011-05-03,10.45300579071045,10.503739754428754,10.375553708350184,10.446701821763543,313348000
2011-05-04,10.494131088256836,10.561976493775916,10.41337633778024,10.454804240624526,389250400
2011-05-05,10.409475326538086,10.535559487407312,10.388460765310853,10.45900764537199,335969200
2011-05-06,10.406773567199707,10.50704064513346,10.393264606555801,10.497734596942438,280134400
2011-05-09,10.434992790222168,10.483025275935999,10.402870930127058,10.442797397790883,204747200
2011-05-10,10.490531921386719,10.49773691575458,10.406775865919746,10.473720267861712,282091600
2011-05-11,10.423884391784668,10.507040815659519,10.36414499643666,10.477621229635448,336000000
2011-05-12,10.404068946838379,10.420580785704127,10.274983530169223,10.39056079086563,322000000
2011-05-13,10.221850395202637,10.394465621216826,10.217347675102877,10.376754548066724,326116000
2011-05-16,10.005704879760742,10.243464841760392,9.984690316601784,10.182824419891777,449775200
2011-05-17,10.090960502624512,10.090960502624512,9.928551587431482,9.966677601328302,452334400
2011-05-18,10.202935218811035,10.238358959785094,10.086757533092811,10.100866907722464,334776400
2011-05-19,10.22275161743164,10.279189130698484,10.166913718674254,10.26928266531368,261170000
2011-05-20,10.063344955444336,10.235360573938312,10.057340793985327,10.193632052610049,337968400
2011-05-23,10.038729667663574,10.086161749948989,9.889230029030815,9.905741075149331,383600000
2011-05-24,9.972386360168457,10.083761578500233,9.946869068518737,10.07175325263592,321927200
2011-05-25,10.110175132751465,10.163611364525087,9.992196173686313,10.009607439124704,294224000
2011-05-26,10.056740760803223,10.113478886315919,10.039629300805286,10.085860544176459,222560800
2011-05-27,10.129088401794434,10.135692979322684,10.036026305131038,10.050736099723029,203599200
2011-05-31,10.44189739227295,10.44189739227295,10.236859701604235,10.239862583749083,417754400
2011-06-01,10.372245788574219,10.570978614707847,10.34642951163177,10.473114042810158,554682800
2011-06-02,10.389959335327148,10.446397629759378,10.335923506180245,10.401967653636854,338783200
2011-06-03,10.310110092163086,10.366848218342385,10.267181538027625,10.302305483501172,313250000
2011-06-06,10.148000717163086,10.418482165120828,10.141096332644048,10.377955279744716,461941200
2011-06-07,9.967879295349121,10.153403855912318,9.96367638279,10.151903216524435,529785200
2011-06-08,9.973882675170898,10.050734324129973,9.926151604617337,9.960073908038646,333723600
2011-06-09,9.951370239257812,10.016813996501158,9.929154841660036,10.004205257324042,275088800
2011-06-10,9.783554077148438,9.956469859535407,9.771845565521351,9.92314717571873,433955200
2011-06-13,9.804570198059082,9.85590457081064,9.758639570064048,9.822581878957218,329473200
2011-06-14,9.979887008666992,10.004203457608005,9.885923901952747,9.906637854634088,334569200
2011-06-15,9.809077262878418,9.91564835061326,9.752938739551613,9.899137303149105,399196000
2011-06-16,9.76134204864502,9.867012885469803,9.55630514534029,9.813577451723258,510591200
2011-06-17,9.614243507385254,9.884125360297105,9.587225581854417,9.876319950230236,615020000
2011-06-20,9.465946197509766,9.537394128302276,9.321249087167429,9.527187052010822,640645600
2011-06-21,9.765542030334473,9.780551627855315,9.462339182230805,9.506769162074463,493382400
2011-06-22,9.68478775024414,9.873614957608057,9.677882566066142,9.761338779159631,390583200
2011-06-23,9.943564414978027,9.957373184258664,9.55000086287756,9.574616320807463,559759200
2011-06-24,9.797067642211914,10.001204347815325,9.759242221874505,9.947768907339944,439807200
2011-06-27,9.967879295349121,10.023717189153846,9.8240832515254,9.834290324883266,339813600
2011-06-28,10.064544677734375,10.107773837291,10.00990841337884,10.016212381905799,294299600
2011-06-29,10.027921676635742,10.097868156867467,9.963077531448883,10.087961690805493,352545200
2011-06-30,10.076852798461914,10.09066317100574,9.991896722179431,10.047733818739692,322954800
2011-07-01,10.304705619812012,10.311909811229583,10.032722743872585,10.085257949029137,435313200
2011-07-05,10.489931106567383,10.501939430057496,10.28189211265544,10.296901715394348,355054000
2011-07-06,10.5598783493042,10.63012624516981,10.408276861602078,10.475521874754607,444626000
2011-07-07,10.723187446594238,10.747203291652383,10.627122463114219,10.647236805522141,399663600
2011-07-08,10.798542022705078,10.80724846144732,10.573090871689105,10.607313805376961,489633200
2011-07-11,10.627118110656738,10.800335298223592,10.591694372932904,10.69736597180666,442674400
2011-07-12,10.619614601135254,10.737593529368262,10.465610715981633,10.613009224076379,451609200
2011-07-13,10.74779987335205,10.807239445002814,10.698565768891484,10.757105117491852,391638800
2011-07-14,10.740297317504883,10.855574799651247,10.697368770347953,10.837562317304814,430533600
2011-07-15,10.954944610595703,10.957346275731924,10.782329337861189,10.842369363018944,484467200
2011-07-18,11.22152328491211,11.247039773310647,10.965751571681107,10.970254292781123,572653200
2011-07-19,11.313080787658691,11.367116628382018,11.20710935993111,11.347603507760027,819145600
2011-07-20,11.614786148071289,11.896075147344884,11.587768218605781,11.891572426308574,941340400
2011-07-21,11.626489639282227,11.709644447779551,11.524721133568898,11.61628256750568,526534400
2011-07-22,11.80691146850586,11.859446670411684,11.640299622044187,11.657411078646387,516728800
2011-07-25,11.963019371032715,12.00804898255835,11.696440190941956,11.718354179695918,589806000
2011-07-26,12.1104154586792,12.14313773389774,11.998440666569897,12.008046522129519,476582400
2011-07-27,11.785594940185547,12.087297136037733,11.77238578951425,12.025755704663405,659324400
2011-07-28,11.762482643127441,11.917686599961296,11.651708676725567,11.756479283662488,594034000
2011-07-29,11.722254753112793,11.862449099133418,11.527724757064892,11.63699807643387,632584400
2011-08-01,11.910482406616211,11.993036815890154,11.778993683665204,11.941402633782708,612836000
2011-08-02,11.675122261047363,11.945003247216073,11.658311414275635,11.937498447851382,639539600
2011-08-03,11.784996032714844,11.814415615897724,11.474888775638162,11.737263360218261,732508000
2011-08-04,11.328693389892578,11.74747365599023,11.328092973711367,11.690135914743967,871407600
2011-08-05,11.21611213684082,11.512711980871671,10.884390768247677,11.420849951172361,1204590800
2011-08-08,10.603404998779297,11.040497455431392,10.597700645579192,10.85797498712262,1143833600
2011-08-09,11.227824211120605,11.24583669388549,10.657141140685955,10.846268201599143,1082583600
2011-08-10,10.918017387390137,11.247037409705694,10.882293830165315,11.14196699204633,878656800
2011-08-11,11.218515396118164,11.271050588792273,10.948934248578702,11.123050864252217,741969200
2011-08-12,11.317286491394043,11.396838831178673,11.234430660116626,11.349707362525852,528976000
2011-08-15,11.510013580322266,11.556845234777896,11.350306103264442,11.396537341616492,460544000
2011-08-16,11.422052383422852,11.508811297015676,11.289363647756328,11.45327401687242,498750000
2011-08-17,11.420851707458496,11.543333363728184,11.347602559444862,11.476989400456599,442061200
2011-08-18,10.988863945007324,11.18699805846154,10.848369779174591,11.1326608003177,851435200
2011-08-19,10.68805980682373,11.0173811468024,10.687159583696223,10.87238349826864,775888400
2011-08-22,10.70036792755127,10.953738652580283,10.65984105274247,10.94263055652392,535315200
2011-08-23,11.2155122756958,11.216713107472584,10.717178311057108,10.816244527771785,656835200
2011-08-24,11.29296588897705,11.376421304173162,11.125453039366208,11.211610727246706,626267600
2011-08-25,11.2191162109375,11.271050989513949,10.957340461364451,10.95974212522626,871346000
2011-08-26,11.515116691589355,11.521720466631157,11.131458845172517,11.142566141479778,641477200
2011-08-29,11.70694637298584,11.752877808493855,11.647807385182283,11.653210329007965,405269200
2011-08-30,11.707544326782227,11.763081607562473,11.594068101082685,11.655308933381406,417922400
2011-08-31,11.552642822265625,11.770288458683602,11.463483031082545,11.724958243336008,522586400
2011-09-01,11.438568115234375,11.627995027523605,11.429262064449091,11.582364997133396,343725200
2011-09-02,11.229026794433594,11.347606185445134,11.162382201057762,11.249739950407927,438939200
2011-09-06,11.399840354919434,11.41755142804285,11.001772483171111,11.028490599727801,509698000
2011-09-07,11.525625228881836,11.575758774705047,11.46768547152638,11.574557942411424,350576800
2011-09-08,11.531927108764648,11.666117287587403,11.476990243717989,11.47969171507746,416158400
2011-09-09,11.331995010375977,11.58776586644638,11.258144628679581,11.525624801614272,564813200
2011-09-12,11.405843734741211,11.434061687230876,11.16448128052064,11.197504164893576,467832400
2011-09-13,11.546337127685547,11.594068198792588,11.415148227043124,11.47188634037106,440560400
2011-09-14,11.686829566955566,11.774188089919127,11.580558341015422,11.618383746968592,534724400
2011-09-15,11.796708106994629,11.817722675342436,11.704846827374233,11.750777467184431,417818800
2011-09-16,12.023052215576172,12.023052215576172,11.858842881638601,11.87415308573765,698513200
2011-09-19,12.357181549072266,12.40521403918357,11.863952109735768,11.917987158066559,823860800
2011-09-20,12.411816596984863,12.694306335853206,12.343971186697255,12.465852438145932,775754000
2011-09-21,12.372488021850586,12.656177733266192,12.368285110365926,12.597638382879252,605976000
2011-09-22,12.062679290771484,12.302840841109587,11.908976828438202,12.0389640651488,968480800
2011-09-23,12.137130737304688,12.210379877964796,12.003540997746528,12.016449539508585,546277200
2011-09-26,12.103209495544434,12.127525943778343,11.746871001267872,12.003842647330199,812876400
2011-09-27,11.985831260681152,12.285731457473007,11.949807099876404,12.270121442044296,632497600
2011-09-28,11.918289184570312,12.120324017818772,11.90327797850358,12.01375215033283,429637600
2011-09-29,11.724956512451172,12.074390632043702,11.594068220396544,12.065685000261823,651086800
2011-09-30,11.447272300720215,11.67452540686315,11.443069387627709,11.621388977862615,547640800
2011-10-03,11.245535850524902,11.48689832200473,11.202608101829433,11.418753096166686,669099200
2011-10-04,11.18249225616455,11.461679302542633,10.63432603773996,11.244634114039831,1233677200
2011-10-05,11.355111122131348,11.402241785890778,10.81624925055061,11.043201745718738,786469600
2011-10-06,11.328693389892578,11.5511423744768,11.161481090732252,11.207411726159254,812582400
2011-10-07,11.101439476013184,11.339799054237252,11.062113424246835,11.280959880205495,535458000
2011-10-10,11.672121047973633,11.672121047973633,11.353907751467213,11.380326058050645,442514800
2011-10-11,12.016752243041992,12.103511163932591,11.75287619039432,11.78499724815228,605687600
2011-10-12,12.0737886428833,12.285729866356574,12.01224720914047,12.228392145976178,622286000
2011-10-13,12.261116027832031,12.261116027832031,12.093603158696217,12.157545463076753,426185200
2011-10-14,12.668490409851074,12.668490409851074,12.46645399813618,12.513286454254036,573367200
2011-10-17,12.608147621154785,12.809582780430084,12.486565385090076,12.660682818772882,686044800
2011-10-18,12.675695419311523,12.752847691227576,12.48806978361247,12.66128543188399,881602400
2011-10-19,11.9666166305542,12.260813223691596,11.941999577252828,12.048571401511213,1104059600
2011-10-20,11.867252349853516,12.018554001534664,11.83423106738784,12.008047120528726,549270400
2011-10-21,11.794002532958984,11.98222936375544,11.730360032732873,11.951008529712889,621244400
2011-10-24,12.181262969970703,12.203176954266569,11.869954850595974,11.893370275890714,502138000
2011-10-25,11.941102981567383,12.20468006307077,11.929396068943827,12.159049236771768,430427200
2011-10-26,12.026058197021484,12.084597557866497,11.802407633418444,12.060880723725772,456304800
2011-10-27,12.148841857910156,12.278229532418312,12.064786002923066,12.234999570205547,494664800
2011-10-28,12.156646728515625,12.198675054956743,12.083397565707187,12.09810735971803,322842800
2011-10-31,12.151541709899902,12.288133549267586,12.039566125818807,12.080694222527603,385501200
2011-11-01,11.903280258178711,11.993040489879064,11.804514583711605,11.930298991350641,531790000
2011-11-02,11.930294036865234,12.021255063376156,11.861246993501805,12.010748183429046,327350800
2011-11-03,12.100210189819336,12.110116655704996,11.868754969349673,11.980129361993303,441386400
2011-11-04,12.015249252319336,12.111313401190044,11.982827592055179,12.068985278383064,302229200
2011-11-07,11.99993896484375,12.008044981613965,11.891867291891474,12.005343510439557,270275600
2011-11-08,12.195068359375,12.248204766463923,12.054874852049767,12.074387968263727,400442000
2011-11-09,11.866352081298828,12.034765190486851,11.834831438401107,11.917086039447245,558684000
2011-11-10,11.564350128173828,11.92429116811398,11.472188259592869,11.91888742313834,744752400
2011-11-11,11.546337127685547,11.66881879331521,11.41544883587481,11.606076519589045,653786000
2011-11-14,11.385429382324219,11.565250387581598,11.353608132308853,11.513314798454342,432905200
2011-11-15,11.672721862792969,11.69283459763038,11.391133153963075,11.431660034092218,430810800
2011-11-16,11.550838470458984,11.74206654742108,11.537328710361386,11.685328440855606,349210400
2011-11-17,11.329891204833984,11.545135137919072,11.272552677234602,11.527122657279909,479900400
2011-11-18,11.255742073059082,11.407343525199952,11.253940824828028,11.375222467514885,371938000
2011-11-21,11.077725410461426,11.157878963491989,10.984662509222519,11.119452329381506,447980400
2011-11-22,11.302871704101562,11.34550043402649,11.135659472868706,11.138061136617909,409021200
2011-11-23,11.01708698272705,11.282765188038676,11.013784292206168,11.242837904188148,428271200
2011-11-25,10.914413452148438,11.141965523586789,10.906907850716493,11.060010736873535,254760800
2011-11-28,11.291166305541992,11.30917878862714,11.117350252700312,11.177990675839705,346413200
2011-11-29,11.203508377075195,11.372521909018777,11.113448363162846,11.282761702357208,375855200
2011-11-30,11.473687171936035,11.476088836008135,11.356608453291793,11.446369445551197,405938400
2011-12-01,11.645705223083496,11.6778262844233,11.430160636650925,11.483896679222733,387181200
2011-12-02,11.69883918762207,11.816818137737586,11.665216689883357,11.702741491200547,379055600
2011-12-05,11.798205375671387,11.900274503805981,11.719553275771492,11.812615361278226,357210000
2011-12-06,11.736361503601074,11.84683643200684,11.68923085692738,11.783193144743434,283598000
2011-12-07,11.680524826049805,11.736062099313877,11.61057756990161,11.705741494473584,304746400
2011-12-08,11.72765827178955,11.872955750770922,11.714749727404119,11.751374305177304,376356400
2011-12-09,11.81651496887207,11.829123703401272,11.738763110000498,11.793400158003639,296993200
2011-12-12,11.763079643249512,11.824920881256146,11.69133194313534,11.758276315773516,301067200
2011-12-13,11.672121047973633,11.869954532013917,11.62078667738892,11.797905406591772,338928800
2011-12-14,11.413342475891113,11.629187548118159,11.33799229668096,11.608773410818397,406887600
2011-12-15,11.375823974609375,11.519920640419151,11.356911267181252,11.507612510471649,256200000
2011-12-16,11.438265800476074,11.532228922723482,11.394736832577866,11.418452869396129,421478400
2011-12-19,11.473987579345703,11.553240889086725,11.422051995509992,11.48179298744301,235530400
2011-12-20,11.886466026306152,11.890969548033834,11.625591233425359,11.640600834854531,337215200
2011-12-21,11.901473045349121,11.926990322471644,11.768183109009986,11.908677235142415,262948000
2011-12-22,11.964518547058105,11.981930614640321,11.890969575985483,11.91798669829677,202358800
2011-12-23,12.108011245727539,12.115816653045917,11.992733788664845,11.99873794814052,269399200
2011-12-27,12.204078674316406,12.280930333024694,12.098707651241114,12.10111011730087,265076000
2011-12-28,12.087302207946777,12.255714540743918,12.048275957120243,12.214887842966508,228662000
2011-12-29,12.161747932434082,12.177659357771004,12.023356448795564,12.110113757976837,215978000
2011-12-30,12.158149719238281,12.196575553885717,12.112819499197744,12.113419113765728,179662000
2012-01-03,12.345170021057129,12.383296033185891,12.278225646487943,12.290233965524314,302220800
2012-01-04,12.411517143249512,12.448742941750757,12.286633799933435,12.308247978084713,260022000
2012-01-05,12.549307823181152,12.564917837783055,12.388399539351715,12.45684616271655,271269600
2012-01-06,12.680495262145996,12.69100214094469,12.585031526555946,12.601542565132027,318292800
2012-01-09,12.660382270812988,12.84110347974764,12.648974366746572,12.773558683413144,394024400
2012-01-10,12.705714225769043,12.78857004241074,12.653478827897464,12.78586776921125,258196400
2012-01-11,12.685001373291016,12.694007615365475,12.587736363757902,12.688903677378107,215084800
2012-01-12,12.650177955627441,12.695508171334989,12.570924629141226,12.676896072793966,212587200
2012-01-13,12.602744102478027,12.62195741606316,12.568221382065088,12.599443016640928,226021600
2012-01-17,12.749545097351074,12.788271538041474,12.697309694157783,12.734534693668031,242897200
2012-01-18,12.881930351257324,12.892737037180728,12.797573910852924,12.817386836398718,276791200
2012-01-19,12.841104507446289,12.949776606282215,12.803879513873877,12.913152830384918,261738400
2012-01-20,12.617454528808594,12.833599507759555,12.600943487428601,12.833299700531505,413974400
2012-01-23,12.83089542388916,12.862117053677034,12.677492754063838,12.68860004846511,306062400
2012-01-24,12.620759010314941,12.761553795316427,12.594941916845126,12.761553795316427,547638000
2012-01-25,13.408783912658691,13.642639939571298,13.32082497005115,13.64234013237396,958314000
2012-01-26,13.347846984863281,13.47272953934996,13.303117182904183,13.459821794208553,323985200
2012-01-27,13.427398681640625,13.463422846132602,13.322028461435178,13.339139117904642,299709200
2012-01-30,13.599413871765137,13.626131988247131,13.370660941806094,13.380266798085835,379341200
2012-01-31,13.703581809997559,13.756416819617858,13.601212876625818,13.676863696347967,391683600
2012-02-01,13.694877624511719,13.778934277886615,13.67566591195967,13.7615230120671,270046000
2012-02-02,13.66275691986084,13.72429756957174,13.628534001827003,13.686172347476516,186796400
2012-02-03,13.799647331237793,13.809253988509592,13.675964825357811,13.728200222649608,286599600
2012-02-06,13.928436279296875,13.958756897696658,13.75522140980066,13.760624354174986,249412800
2012-02-07,14.074333190917969,14.101952333548354,13.9467467643477,13.966861105988196,316223600
2012-02-08,14.309988021850586,14.31328910744769,14.100446843914574,14.124463484149937,407890000
2012-02-09,14.805021286010742,14.91249335991946,14.42646736299996,14.432471523825631,884214800
2012-02-10,14.812522888183594,14.938607031806521,14.666324409325577,14.738674130842709,631302000
2012-02-13,15.088112831115723,15.12503722112158,14.922700990983971,14.99595015648211,517216000
2012-02-14,15.294048309326172,15.29704958806587,15.07009872558961,15.149951658382443,460398400
2012-02-15,14.940114974975586,15.799288887638708,14.916697942252151,15.438147772812615,1506120000
2012-02-16,15.076398849487305,15.156852979462874,14.608685269246525,14.754883739979899,944552000
2012-02-17,15.073700904846191,15.24331483449712,15.019063845007505,15.103420297382057,535805200
2012-02-21,15.455855369567871,15.455855369567871,15.133739007605683,15.216594810239663,605595200
2012-02-22,15.401525497436523,15.475074486709246,15.282344871484124,15.402726329980725,483302400
2012-02-23,15.502090454101562,15.54532042021807,15.295252285112424,15.4627643956951,568027600
2012-02-24,15.682809829711914,15.697519623929624,15.56963499770947,15.600555225642196,415072000
2012-02-27,15.78337287902832,15.865627454700943,15.498782147655714,15.649782341694312,547582000
2012-02-28,16.073068618774414,16.073068618774414,15.786076190277003,15.849418874403904,600387200
2012-02-29,16.284109115600586,16.43931464678079,16.081774535957223,16.257692414977118,952011200
2012-03-01,16.345048904418945,16.457325885779,16.17393436627786,16.456123450628567,683270000
2012-03-02,16.36636734008789,16.414998637024322,16.286512804176187,16.33814858634187,431712400
2012-03-05,16.005525588989258,16.43541225989742,15.790579848664475,16.373571811353703,809124400
2012-03-06,15.918472290039062,16.021440877651493,15.496989675742537,15.720339724927046,810238800
2012-03-07,15.93136978149414,16.144211986393756,15.709520537364003,16.11479241183341,798520800
2012-03-08,16.270606994628906,16.30062620089309,15.974307616926719,16.05145909331237,516457200
2012-03-09,16.36606788635254,16.443219349172615,16.304225831255934,16.33724791428875,418919200
2012-03-12,16.571107864379883,16.571107864379883,16.421005425681887,16.48044582466856,407282400
2012-03-13,17.054426193237305,17.056827857251935,16.683676926402253,16.737414559541325,690855200
2012-03-14,17.69925308227539,17.85355593941299,17.2735670850923,17.353121780180043,1418844000
2012-03-15,17.578577041625977,18.01236757660957,17.36813644646978,18.000359256740307,1159718000
2012-03-16,17.578880310058594,17.687853028646483,17.35162802233989,17.553363026123847,825487600
2012-03-19,18.04509925842285,18.065212002257947,17.68335685074994,17.9631444366323,901236000
2012-03-20,18.190988540649414,18.219205687489815,17.75629698058509,17.997357989939026,816662000
2012-03-21,18.08711814880371,18.30176246685422,18.054397479798453,18.094323141038,644042000
2012-03-22,17.99225616455078,18.14716029574595,17.877878913455294,17.945423713621437,623870800
2012-03-23,17.89348793029785,18.066103114800033,17.84395401299453,18.026777070731764,430488800
2012-03-26,18.22160530090332,18.226710038711808,17.869771187583595,18.00576018433409,595742000
2012-03-27,18.446760177612305,18.500796016262232,18.193990644103334,18.1975931402298,607129600
2012-03-28,18.54102897644043,18.656005875309607,18.321581259972234,18.563843189239822,655460400
2012-03-29,18.308061599731445,18.50919690504165,18.22910971969477,18.395720712187234,608238400
2012-03-30,17.99856185913086,18.32908250247211,17.950228764281746,18.275346464390122,731038000
2012-04-02,18.57135009765625,18.575552209628693,18.023481913119593,18.067011688840218,598351600
2012-04-03,18.89225959777832,18.97901932099147,18.687823131996165,18.831618374996946,834559600
2012-04-04,18.741859436035156,18.788390481190664,18.52241176116521,18.74306026823105,572980800
2012-04-05,19.02313995361328,19.052559526539877,18.714532641729473,18.822004666337733,641298000
2012-04-09,19.099693298339844,19.20806636525864,18.77157442292512,18.79649048057624,597536800
2012-04-10,18.8658447265625,19.332957261964754,18.792595560539525,19.210775382840147,889725200
2012-04-11,18.798601150512695,19.11891557095164,18.71274243736863,19.09880283111648,696614800
2012-04-12,18.69561767578125,18.952590811330566,18.627471689453795,18.762562830588667,614336800
2012-04-13,18.169069290161133,18.753561742865617,18.117435126077062,18.735849073027676,859644800
2012-04-16,17.415573120117188,18.320678425296453,17.359135605033497,18.314074649243114,1050786800
2012-04-17,18.303260803222656,18.312266240758955,17.168801731454476,17.379843526835113,1025528000
2012-04-18,18.26244354248047,18.619983806126623,18.093429172750064,18.42395150660399,954531200
2012-04-19,17.635013580322266,18.154061554832722,17.547354453302688,18.01867056137034,834719200
2012-04-20,17.20092010498047,17.850555626041583,17.124068479358396,17.75328986150127,1030985200
2012-04-23,17.162504196166992,17.31170562403588,16.70980158520198,17.129783515960504,966529200
2012-04-24,16.81967544555664,17.042124447658303,16.661168767729897,16.88962193211648,1076149200
2012-04-25,18.312273025512695,18.55243468234535,18.192192998720085,18.481587177953173,905777600
2012-04-26,18.243228912353516,18.453069969018937,18.07601660501519,18.44046042697307,536068400
2012-04-27,18.10212516784668,18.19759049972227,18.02707558097241,18.164268617822827,406722400
2012-04-30,17.531147003173828,17.964038166565846,17.50172741772207,17.946025684682986,506144800
2012-05-01,17.47561264038086,17.914806221626037,17.44859471590417,17.558768271097232,610999200
2012-05-02,17.591196060180664,17.6338248209537,17.377452641567697,17.418880569597153,427389200
2012-05-03,17.466304779052734,17.753898479984876,17.42067475863692,17.72688055707116,390549600
2012-05-04,16.968873977661133,17.36243756676663,16.966472312930218,17.32401253431949,529992400
2012-05-07,17.095857620239258,17.194624069143174,16.848191178226088,16.856297196758298,460118400
2012-05-08,17.05682945251465,17.15649531194912,16.773139678053926,17.09885697345433,497252000
2012-05-09,17.08685302734375,17.2309513153478,16.836786488203,16.92234379457419,480704000
2012-05-10,17.12708282470703,17.287991188928398,17.064642735103536,17.24896493049035,333200000
2012-05-11,17.01270294189453,17.245659602622876,16.941855438143158,16.961368562564022,399546000
2012-05-14,16.757827758789062,17.03671418964477,16.739215663567972,16.888415439032688,352626400
2012-05-15,16.606233596801758,16.907935968912142,16.563604841809024,16.854801131273675,476336000
2012-05-16,16.39338493347168,16.717902999924416,16.242083292928445,16.632645522698034,560896000
2012-05-17,15.914268493652344,16.436018167869825,15.914268493652344,16.3702737937878,717220000
2012-05-18,15.922074317932129,16.31323629898238,15.675910060336513,16.029546425340996,732292400
2012-05-21,16.849693298339844,16.857499510306113,16.032245507162724,16.04575607365271,631106000
2012-05-22,16.72030258178711,17.22794187185271,16.588514078784627,17.097953815181437,694870400
2012-05-23,17.12828254699707,17.195527559664157,16.608033521523666,16.736217974180164,584897600
2012-05-24,16.970972061157227,17.30659741805339,16.84818898315275,17.287683911691502,496230000
2012-05-25,16.8800106048584,16.98688306073041,16.76533354179789,16.949057650418553,328507200
2012-05-29,17.179607391357422,17.231542969023405,16.970669058561644,17.138480903789112,380508800
2012-05-30,17.38675308227539,17.411369342813963,17.00819911656053,17.08745244515264,529429600
2012-05-31,17.343530654907227,17.456705530642495,17.155304536337614,17.433889709127165,491674400
2012-06-01,16.840986251831055,17.19102164090812,16.826877675215588,17.086251030312194,520987600
2012-06-04,16.94005584716797,17.03642065093923,16.466039644409324,16.85630058623205,556995600
2012-06-05,16.89622688293457,17.005501040864786,16.76113723025697,16.84939601710603,388214400
2012-06-06,17.155290603637695,17.22703749418658,16.97636988145574,17.04451588004304,401455600
2012-06-07,17.163101196289062,17.331212888251752,17.126476617184228,17.330313466570882,379766800
2012-06-08,17.42127227783203,17.42907848782759,17.08144482187013,17.159497302343276,347516400
2012-06-11,17.146596908569336,17.66684439353678,17.13038486722525,17.643428960009253,591264800
2012-06-12,17.296388626098633,17.3101973928744,17.012399064498858,17.245355669493563,435380400
2012-06-13,17.176315307617188,17.366042033131507,17.122879062918546,17.247162821965606,293580000
2012-06-14,17.157398223876953,17.216538811461113,17.029213789938645,17.148692590863995,345573200
2012-06-15,17.235445022583008,17.250154811994484,17.09795218006106,17.141481933991418,335255200
2012-06-18,17.585182189941406,17.6485248797658,17.122573254372796,17.14028592837568,440412000
2012-06-19,17.63411521911621,17.711866285023582,17.50472837748138,17.51373381581035,361404400
2012-06-20,17.5839786529541,17.689348836541583,17.435678332186,17.65812721009144,358943200
2012-06-21,17.341720581054688,17.65843244671404,17.334815395347224,17.574977016759032,326351200
2012-06-22,17.474716186523438,17.477417659028305,17.274181954530096,17.382854898623513,284471600
2012-06-25,17.13458824157715,17.405670177097868,17.12257991609765,17.33061894447486,304382400
2012-06-26,17.172407150268555,17.246255919078806,17.031311784285425,17.15139178702847,276536400
2012-06-27,17.24654769897461,17.313792661601553,17.16909646993651,17.261557291519573,202997200
2012-06-28,17.08295440673828,17.231554645954184,16.97968600223307,17.16160814605116,282836400
2012-06-29,17.53175163269043,17.53175163269043,17.239054757309468,17.35162998530292,421500800
2012-07-02,17.787517547607422,17.816036105743496,17.51973841923088,17.553661523098725,400092000
2012-07-03,17.994359970092773,18.012072647508685,17.831952610429987,17.858369318049643,241712800
2012-07-05,18.31047248840332,18.44256083787375,18.001565186095167,18.02888291909787,484383200
2012-07-06,18.18858528137207,18.26543692537125,18.05949985075574,18.22491004820402,418930400
2012-07-09,18.429046630859375,18.429346438043943,18.135450425077178,18.17117397420313,379405600
2012-07-10,18.2585391998291,18.608573018801504,18.171479654384452,18.551534282690785,511957600
2012-07-11,18.14505958557129,18.242023976082265,17.92861480090621,18.195792739892212,469322000
2012-07-12,17.979047775268555,18.116239238370383,17.792322387776526,18.019274849869625,428041600
2012-07-13,18.161273956298828,18.22791775026061,18.012074136488465,18.100634324394083,311427200
2012-07-16,18.21950912475586,18.360902698107314,18.162770207837,18.16577308976379,301260400
2012-07-17,18.22041130065918,18.357302964638766,18.10663365241549,18.335987792327693,293624800
2012-07-18,18.199995040893555,18.26243670465024,18.118939678617984,18.209901504558346,252700000
2012-07-19,18.44195556640625,18.472875786905284,18.19218732875593,18.350693940798735,436861600
2012-07-20,18.14116096496582,18.44556476243393,18.12314847904381,18.403235821329087,397471200
2012-07-23,18.127044677734375,18.18918653079826,17.643120608363812,17.84395454819234,487975600
2012-07-24,18.039690017700195,18.302665855223164,17.96734027881636,18.23361880568497,565132400
2012-07-25,17.26066780090332,17.435684688669095,17.111468004336956,17.245358392478607,877312800
2012-07-26,17.257965087890625,17.42367511318695,17.122274262796008,17.40446179897966,406632800
2012-07-27,17.566572189331055,17.586686529894312,17.159199877646103,17.261868627924272,403936400
2012-07-30,17.862869262695312,17.995257391289098,17.64642288908582,17.73948657301538,379142400
2012-07-31,18.3350830078125,18.363303360282448,18.093722198666477,18.109031603605434,462327600
2012-08-01,18.216506958007812,18.504400458211382,18.102129698024058,18.489690664959944,384501600
2012-08-02,18.245929718017578,18.33298766049974,18.01957842626496,18.09733112025876,332158400
2012-08-03,18.48338508605957,18.5518309104477,18.35910137232942,18.421243229194495,344920800
2012-08-06,18.68901824951172,18.75866489062149,18.470171864650283,18.531111272780443,302103200
2012-08-07,18.639793395996094,18.76257489053558,18.55363488148828,18.69562969269806,290446800
2012-08-08,18.608274459838867,18.728955716585816,18.52541862376641,18.59416427769348,244706000
2012-08-09,18.71438980102539,18.744539493320353,18.626053215264186,18.627560297346328,221642400
2012-08-10,18.743633270263672,18.745441446607874,18.653187420056266,18.65348851442525,194938800
2012-08-13,18.993873596191406,18.993873596191406,18.790367577642122,18.79458934011442,278832400
2012-08-14,19.04482078552246,19.253453418498246,19.000200854787174,19.050248534746935,340169200
2012-08-15,19.018890380859375,19.114462872335363,18.926032568707285,19.03306113574052,257342400
2012-08-16,19.185022354125977,19.19768442373163,19.008951317056134,19.03035800772337,254534000
2012-08-17,19.539873123168945,19.542285098955396,19.259488183582,19.295365115807456,442761200
2012-08-20,20.053606033325195,20.053606033325195,19.5938333650777,19.597150233214943,613384800
2012-08-21,19.779560089111328,20.34696540037598,19.60680592078354,20.224560026400148,812719600
2012-08-22,20.1657657623291,20.16968482033548,19.53987255511662,19.730112711883073,565322800
2012-08-23,19.977636337280273,20.196818590871114,19.933014786862188,20.082554059893955,420128800
2012-08-24,19.995424270629883,20.184157351434756,19.764182129062572,19.88357171076303,437340400
2012-08-27,20.371078491210938,20.527550964281875,20.306558955623103,20.501019235415207,427008400
2012-08-28,20.344547271728516,20.383741067106765,20.220031053751924,20.34997341134008,267416800
2012-08-29,20.304452896118164,20.43107841188018,20.27822386553994,20.35811855536753,202806800
2012-08-30,20.015026092529297,20.246570995599065,19.984274198619286,20.219135971758405,302699600
2012-08-31,20.056318283081055,20.157618008061274,19.815426719132002,20.11691713944618,338321200
2012-09-04,20.34967613220215,20.354801178380704,20.034016439107155,20.072004253901593,367892000
2012-09-05,20.206771850585938,20.3912831853312,20.1877771369361,20.36776722425161,336375200
2012-09-06,20.38886833190918,20.449769912624486,20.223953923025825,20.295406689719016,391196400
2012-09-07,20.51459503173828,20.57609881473954,20.373798738718694,20.44253684019277,329666400
2012-09-10,19.980958938598633,20.600519675060816,19.96166312747679,20.514897733469844,487998000
2012-09-11,19.9161319732666,20.202847927729504,19.79282173203233,20.0524053758946,503983200
2012-09-12,20.19350242614746,20.196819295380948,19.77774896903673,20.104864731339937,712233200
2012-09-13,20.591171264648438,20.667146898967445,20.34364745910809,20.42203506944138,598360000
2012-09-14,20.84140396118164,21.013253192409774,20.739197705670836,20.801607975057454,600474000
2012-09-17,21.097667694091797,21.098269882822645,20.94179742061991,21.0847029249453,398031200
2012-09-18,21.161893844604492,21.17455591483416,20.996375597469548,21.100691154942762,373503200
2012-09-19,21.16762351989746,21.22460444829401,21.09134678077147,21.112149674181385,326874800
2012-09-20,21.06511688232422,21.106120481577936,20.91195959949171,21.07898494171212,336568400
2012-09-21,21.107023239135742,21.25716474262768,21.085014357323463,21.176968943635497,571589200
2012-09-24,20.826627731323242,20.957173883771866,20.591767670878163,20.708143065689693,639766400
2012-09-25,20.306560516357422,20.88662775193678,20.290278876418107,20.750352744232657,518789600
2012-09-26,20.054513931274414,20.280932078950094,19.934520572975284,20.161843613938547,576503200
2012-09-27,20.541126251220703,20.566753097188005,19.908901849584257,20.027689268611518,594090000
2012-09-28,20.112398147583008,20.53478523362461,20.10184535373891,20.46363357662571,535110800
2012-10-01,19.879955291748047,20.403342809494987,19.79282467196715,20.23480880529855,543594800
2012-10-02,19.937843322753906,20.08979460642353,19.616454732646755,19.95291736926892,627992400
2012-10-03,20.243558883666992,20.255921472502646,19.977645684108744,20.04487833055594,424281200
2012-10-04,20.10335922241211,20.327969251803545,20.065674110525872,20.23752176301493,370725600
2012-10-05,19.674942016601562,20.079239424688446,19.635447117746292,20.055121275153073,594006000
2012-10-08,19.24019432067871,19.523293969218393,19.17808674296963,19.50279217296273,637994000
2012-10-09,19.170246124267578,19.310137495494907,18.799413713755524,19.25466366417317,838597200
2012-10-10,19.322797775268555,19.445504210704584,19.204915290816878,19.28752303622812,510356000
2012-10-11,18.936594009399414,19.512441245068445,18.936594009399414,19.491337258607437,546081200
2012-10-12,18.98512840270996,19.15607273016671,18.852171882480313,18.98060554633303,460014800
2012-10-15,19.137380599975586,19.148535583518846,18.80845510731753,19.064721854685,432502000
2012-10-16,19.59052276611328,19.605899514097434,19.024022438678195,19.1557746017462,549771600
2012-10-17,19.434354782104492,19.6809737112213,19.415963866252042,19.562790098581672,389037600
2012-10-18,19.07347297668457,19.357475951465197,18.993879365820092,19.283008998035886,476624400
2012-10-19,18.386072158813477,19.04723855277671,18.379438419980787,19.025532379669066,744086000
2012-10-22,19.11537742614746,19.15607831501467,18.41380958066489,18.463857279401314,546730800
2012-10-23,18.492191314697266,19.11145229201736,18.44214524200136,19.02401899172996,707145600
2012-10-24,18.596811294555664,18.88985990849701,18.41018909822444,18.735799384884015,558527200
2012-10-25,18.377025604248047,18.752683590312774,18.256731128694675,18.692384195183894,656325600
2012-10-26,18.209997177124023,18.511487660458354,17.81806083689374,18.373705578919175,1018432800
2012-10-31,17.948305130004883,18.148494266448353,17.718570098702227,17.935039264732684,510003200
2012-11-01,17.985090255737305,18.179851678014526,17.91363748096551,18.035740140497346,361298000
2012-11-02,17.389944076538086,17.997446261894577,17.328139222615718,17.965488394481493,599373600
2012-11-05,17.625717163085938,17.720685915911602,17.414070259748048,17.59255329271955,529135600
2012-11-06,17.57234764099121,17.810223513061214,17.489137699049074,17.794848375469435,374917200
2012-11-07,16.899986267089844,17.40092784002568,16.831840006759464,17.379727464194335,793648800
2012-11-08,16.286678314208984,17.028097791458226,16.212173726377426,16.979637944915883,1056146000
2012-11-09,16.568639755249023,16.80548147644823,16.164614881446116,16.36753634439017,929913600
2012-11-12,16.44053077697754,16.79397700687605,16.3139318873405,16.783376013856067,515802000
2012-11-13,16.44266128540039,16.67223422637266,16.244585638058545,16.321817332007363,532949200
2012-11-14,16.26032829284668,16.58045925627037,16.239127920282172,16.52140003574334,477170400
2012-11-15,15.919299125671387,16.339678550732327,15.828440156756976,16.280014392037835,789910800
2012-11-16,15.981694221496582,16.05195939197703,15.317506312507705,15.9065830656392,1266893600
2012-11-19,17.13410186767578,17.187708552897238,16.35119064180706,16.3763279749501,823317600
2012-11-20,16.98811912536621,17.322485610490386,16.796405106326795,17.321274114276388,642754000
2012-11-21,17.012041091918945,17.18376617677172,16.857577800690887,17.089272737532976,373002000
2012-11-23,17.308853149414062,17.323997659155495,17.039302550312254,17.177712338102932,272826400
2012-11-26,17.854923248291016,17.86915711344602,17.375787084903386,17.442115279041037,630579600
2012-11-27,17.711057662963867,17.881875335744,17.569315889375034,17.85552489773079,533330000
2012-11-28,17.65533447265625,17.741954015723376,17.33187149082512,17.48360773475862,520864400
2012-11-29,17.849777221679688,17.997879004691377,17.725300425209166,17.875825200815587,514698800
2012-11-30,17.7262020111084,17.820697073775488,17.647456395133243,17.77193476819659,391319600
2012-12-03,17.753765106201172,18.008174432404175,17.7328672030398,17.979705083058718,364280000
2012-12-04,17.440593719482422,17.620799243047294,17.327927862934047,17.620799243047294,557068400
2012-12-05,16.31817626953125,17.240708708614758,16.317569712742163,17.2304118005632,1044638000
2012-12-06,16.574098587036133,16.757937042823386,15.707594253926475,16.0198512880571,1177212400
2012-12-07,16.150388717651367,16.815181453677745,16.051956678180012,16.760665744888943,787040800
2012-12-10,16.046504974365234,16.3096956235502,15.796941634230286,15.900522122888482,630484400
2012-12-11,16.39692497253418,16.64436783918208,16.275172018545508,16.347860180294035,592345600
2012-12-12,16.324533462524414,16.597113567564143,16.241850889970127,16.590147061832475,487144000
2012-12-13,16.04256820678711,16.283348631842347,15.924752221535105,16.08678700996699,625259600
2012-12-14,15.439863204956055,15.69245451511643,15.312356862352862,15.590085506908723,1009579200
2012-12-17,15.713651657104492,15.749087511206472,15.180606349864416,15.413813671781948,757607200
2012-12-18,16.170074462890625,16.200360247650025,15.756659914052795,15.900522244114239,625685200
2012-12-19,15.940197944641113,16.164017404993363,15.915665552553218,16.09647770933686,449369200
2012-12-20,15.80148983001709,16.05801813549677,15.715172730564245,16.05196065329962,481689600
2012-12-21,15.728797912597656,15.739094821136202,15.453490669176324,15.52103036646434,596268400
2012-12-24,15.75424575805664,15.877815193550472,15.710026934721252,15.759698302261176,175753200
2012-12-26,15.537081718444824,15.73273429592298,15.480143018926912,15.71880128195652,302436400
2012-12-27,15.599477767944336,15.635518575107437,15.284495153111125,15.553440901708083,455120400
2012-12-28,15.433808326721191,15.581911748302355,15.389287044568583,15.455010323686002,354278400
2012-12-31,16.11768341064453,16.215510541675076,15.415940629550624,15.462278349657154,659492400
2013-01-02,16.62831687927246,16.80912909382295,16.40419649514269,16.773390755565092,560518000
2013-01-03,16.418424606323242,16.6476949832987,16.385109272769583,16.593481746675987,352965200
2013-01-04,15.961097717285156,16.313332572784063,15.925661855955063,16.263056286599873,594333600
2013-01-07,15.867212295532227,16.030759470702396,15.603717467777644,15.809667020480509,484156400
2013-01-08,15.909911155700684,16.109198231657178,15.786948338340704,16.028029605872742,458707200
2013-01-09,15.661260604858398,15.900827939644065,15.627641177175647,15.824807757702201,407604400
2013-01-10,15.85539722442627,16.013189345113805,15.613405310449783,16.008040890717794,601146000
2013-01-11,15.758176803588867,15.91021553174626,15.719408925502583,15.779377178174853,350506800
2013-01-14,15.196359634399414,15.370507782605614,15.098230049800993,15.22452490203,734207600
2013-01-15,14.716919898986816,15.112766995200168,14.639990696424796,15.091869089413887,876772400
2013-01-16,15.327803611755371,15.429265220046501,14.91620863637897,14.981021266212945,690804800
2013-01-17,15.22452163696289,15.468936519428686,15.204836847808055,15.455610062744489,453678400
2013-01-18,15.143356323242188,15.21059193595948,15.034323282979004,15.09853096394575,472922800
2013-01-22,15.287820816040039,15.382011797587978,15.041287046088746,15.281460866536381,461546400
2013-01-23,15.567670822143555,15.597351666543528,15.287821705311876,15.410179571051644,861509600
2013-01-24,13.644163131713867,14.10542934265375,13.636590068157734,13.931886169850518,1460852400
2013-01-25,13.322516441345215,13.817703698084392,13.174717166253718,13.680202947600094,1208026400
2013-01-28,13.623870849609375,13.726239846486322,13.20076593499442,13.260430906352767,785517600
2013-01-29,13.87948989868164,13.937944181957278,13.693226818771041,13.88645640572578,571158000
2013-01-30,13.83587646484375,14.010631125340577,13.765308843957646,13.841024918526717,417155200
2013-01-31,13.795291900634766,13.910078315108978,13.779846539873073,13.8404197218989,319334400
2013-02-01,13.738656044006348,13.916136167611764,13.579045891106073,13.904930233773491,539484400
2013-02-04,13.396417617797852,13.808922342863955,13.386725648811655,13.747440127721383,477117200
2013-02-05,13.866467475891113,13.924012732489295,13.393388757637098,13.448813491667321,573347600
2013-02-06,13.851633071899414,14.128755244984927,13.707164119570978,13.824980145844263,593706400
2013-02-07,14.263492584228516,14.31771592966334,13.833960195267974,14.112090539477393,704580800
2013-02-08,14.46942138671875,14.58609535114008,14.264402869330718,14.439567559107632,633158400
2013-02-11,14.620214462280273,14.772836677102354,14.416721971978166,14.515726057434913,517490400
2013-02-12,14.253740310668945,14.694848059379519,14.248866084037132,14.607417839354932,609053200
2013-02-13,14.226627349853516,14.428598635061421,14.11117195751829,14.2327201329369,475207600
2013-02-14,14.213833808898926,14.367672926507852,14.135543577217364,14.150774721995278,355275200
2013-02-15,14.017958641052246,14.322591370685059,14.010647299357524,14.282683223873416,391745200
2013-02-19,14.012777328491211,14.096247658751002,13.825734547348501,14.046592687600278,435783600
2013-02-20,13.673419952392578,13.942714541547156,13.671895535959786,13.942714541547156,476302400
2013-02-21,13.588424682617188,13.683166254198168,13.489724021596322,13.586596847406293,447182400
2013-02-22,13.733125686645508,13.757190963808734,13.60487542762607,13.685603597277082,330654800
2013-02-25,13.489114761352539,13.864421287848153,13.482107653395998,13.82573333168225,372579200
2013-02-26,13.677075386047363,13.755365638241383,13.33253612836089,13.520189022230944,501499600
2013-02-27,13.543034553527832,13.78278031597859,13.42361924119338,13.660622030665992,587350400
2013-02-28,13.446468353271484,13.643564650951367,13.446468353271484,13.52719571694697,322515200
2013-03-01,13.113502502441406,13.348374013435194,13.098575589941845,13.342889694957154,552448400
2013-03-04,12.7960786819458,13.044353558583115,12.764091968865849,13.032167989132486,582755600
2013-03-05,13.133915901184082,13.257291952737273,12.8174034421111,12.83964170106554,638433600
2013-03-06,12.966976165771484,13.259119077703094,12.929505948327757,13.236575775355917,460250000
2013-03-07,13.116852760314941,13.160415753381367,12.826842788211232,12.931636218677916,468473600
2013-03-08,13.151583671569824,13.264601977194552,13.05684290602889,13.093094567154633,391482000
2013-03-11,13.338934898376465,13.373663776811329,12.951137630475515,13.09157349354143,474236000
2013-03-12,13.051359176635742,13.369700247629352,13.025161017133053,13.269781023689907,465911600
2013-03-13,13.048920631408691,13.236269257425034,12.9578363615821,13.05196783673476,405549200
2013-03-14,13.175347328186035,13.240537691001354,13.112896685135652,13.185399203820037,303875600
2013-03-15,13.5153169631958,13.532680995145148,13.320046848446415,13.340762319149217,643960800
2013-03-18,13.88270092010498,13.935705702620186,13.440374545795075,13.447990119366397,606197200
2013-03-19,13.845232009887695,14.042633345533376,13.662755962520032,13.997850973052369,526775200
2013-03-20,13.771811485290527,13.940883371514605,13.695958368305565,13.934486355900654,308660800
2013-03-21,13.791618347167969,13.951550311531097,13.711501062163673,13.715156733590309,383255600
2013-03-22,14.071266174316406,14.07705309836059,13.803190212465358,13.84797095025454,395105200
2013-03-25,14.122139930725098,14.31619142462184,14.067306506144329,14.155953658961707,501135600
2013-03-26,14.047812461853027,14.190988835983045,14.029229875121445,14.178803266501381,294294000
2013-03-27,13.771811485290527,13.915597914578687,13.73068641899107,13.90524099662385,331237200
2013-03-28,13.48485279083252,13.763895837222421,13.453171122170673,13.70296961390779,442839600
2013-04-01,13.0659818649292,13.516533103970874,13.030340296304965,13.461698857722075,389732000
2013-04-02,13.092790603637695,13.347158277175357,12.989519931240423,13.026076641342062,529519200
2013-04-03,13.159805297851562,13.320955748169373,13.10862673394262,13.14091767049081,363216000
2013-04-04,13.029728889465332,13.251501338932473,12.954485043214879,13.213727706304162,358447600
2013-04-05,12.892034530639648,12.945345162423974,12.784803175307106,12.93163599376154,383695200
2013-04-08,12.98373031616211,13.023027553659334,12.870407785044957,12.942300197489166,300829200
2013-04-09,13.007187843322754,13.053491378394291,12.878328298846412,12.988301024917023,306614000
2013-04-10,13.272521018981934,13.314256181207337,12.977636791250156,13.041305161659468,375928000
2013-04-11,13.231091499328613,13.342586187013648,13.135740654779925,13.212508102349378,328364400
2013-04-12,13.093093872070312,13.225608267646573,13.071464894924544,13.225608267646573,238613200
2013-04-15,12.789983749389648,13.0349079600257,12.780844573836424,13.007795479279016,317520000
2013-04-16,12.984643936157227,12.995914366014802,12.81191717580588,12.842380281380496,305771200
2013-04-17,12.270587921142578,12.812834414856725,12.127715768939478,12.802780912561763,945056000
2013-04-18,11.94310474395752,12.36166916696983,11.872734321772063,12.337298848869144,666299200
2013-04-19,11.89680290222168,12.173104563264891,11.731386659189928,11.81881689179899,609274400
2013-04-22,12.144773483276367,12.25230991048127,11.919346962403148,11.961080502962467,429920400
2013-04-23,12.372032165527344,12.440573968573492,12.149040284121726,12.306840174312956,664238400
2013-04-24,12.351619720458984,12.649854626343458,11.956816207742035,11.988498689158812,969651200
2013-04-25,12.440570831298828,12.609946157738934,12.39853143552219,12.527390968900237,384837600
2013-04-26,12.709257125854492,12.757084263529263,12.436611123057432,12.484134028238108,764097600
2013-04-29,13.102838516235352,13.209459768181478,12.794550233535345,12.808258587247778,640326400
2013-04-30,13.488509178161621,13.563753861541176,13.16224823102787,13.254551900949616,691538400
2013-05-01,13.38218879699707,13.554001233977027,13.232919660221294,13.539683598683347,506909200
2013-05-02,13.571978569030762,13.665499162568413,13.423012815964494,13.458045111156093,421828400
2013-05-03,13.707839965820312,13.80684566080314,13.682554508398193,13.748354941124845,361300800
2013-05-06,14.034711837768555,14.080101042825044,13.839746012629314,13.882393871740781,496641600
2013-05-07,13.97226333618164,14.188247264352192,13.821165530831175,14.164486217696039,483753200
2013-05-08,14.130064964294434,14.176674368581617,13.885445717206842,13.983841360031683,472598000
2013-05-09,14.006790161132812,14.197832146977577,13.970299363315396,14.10001185057545,398487600
2013-05-10,13.890263557434082,14.096945381730976,13.813908343843242,14.043588114786845,334852000
2013-05-13,13.944536209106445,14.041437738393805,13.845183072765797,13.84548931893745,316948800
2013-05-14,13.610909461975098,13.958648855794895,13.558471743917144,13.917251562362173,447118000
2013-05-15,13.150630950927734,13.52320993241372,12.951616678703335,13.466786908426727,741613600
2013-05-16,13.326333045959473,13.426607375608578,12.845508550262023,12.978593799394709,603204000
2013-05-17,13.285861015319824,13.49530236686903,13.21686552594413,13.463410991071319,427904400
2013-05-20,13.582388877868652,13.6703970082941,13.188958250025939,13.244461698184447,451578400
2013-05-21,13.482114791870117,13.660584301678398,13.314684886433563,13.435811012904654,456022000
2013-05-22,13.533937454223633,13.748592319344432,13.43795628094167,13.616732843710212,443038400
2013-05-23,13.558161735534668,13.681434842739106,13.363439913371142,13.368346403469644,353021200
2013-05-24,13.650461196899414,13.666100222564268,13.503576854117746,13.5186025686028,276166800
2013-05-28,13.536698341369629,13.833227431320923,13.518606884050401,13.79612414019895,386145200
2013-05-29,13.644328117370605,13.722524064719835,13.47413794935408,13.492537284791558,330576400
2013-05-30,13.847638130187988,13.937179936996525,13.630837102118365,13.665795025304682,353519600
2013-05-31,13.790907859802246,14.016907721178923,13.783854371375076,13.87584777871647,384302800
2013-06-03,13.821267127990723,13.871557015977062,13.568588608961278,13.821573374214946,372352400
2013-06-04,13.77802848815918,13.935032895808767,13.719152244710653,13.897927973892456,292728800
2013-06-05,13.64924144744873,13.821271635225846,13.606310462085474,13.665800038801144,290589600
2013-06-06,13.44531536102295,13.707193546743536,13.310083908025742,13.660276461897148,416934000
2013-06-07,13.548043251037598,13.59189378043407,13.270832277172737,13.385212786757357,404535600
2013-06-10,13.458499908447266,13.770974199178053,13.39441093241723,13.637582692275862,450153200
2013-06-11,13.418944358825684,13.577175410641647,13.287699006218192,13.361908860201245,286112400
2013-06-12,13.253045082092285,13.53086932561331,13.23188625497512,13.477205823525438,265227200
2013-06-13,13.368654251098633,13.404838801069456,13.147560837011238,13.262554665369521,285832400
2013-06-14,13.187422752380371,13.378771758629888,13.139891542297628,13.35147981878704,271866000
2013-06-17,13.247220039367676,13.360680171198004,13.196930151400618,13.230048142133125,259414400
2013-06-18,13.240164756774902,13.336145907369959,13.192328123399227,13.233725398937409,195025600
2013-06-19,12.971235275268555,13.236792470368195,12.971235275268555,13.228819424881683,310940000
2013-06-20,12.78234577178955,13.062621753665315,12.731135490542078,12.857781447515862,357310800
2013-06-21,12.67992115020752,12.879243239682744,12.514331184123686,12.8329386433565,481118400
2013-06-24,12.343832969665527,12.531502117064228,12.206147460641757,12.492864327339786,480746000
2013-06-25,12.346592903137207,12.504823105851315,12.230066226270786,12.440734129588861,314162800
2013-06-26,12.206761360168457,12.412829022246543,12.132858584554196,12.385537081688076,367724000
2013-06-27,12.075209617614746,12.308569248666661,12.06785070073311,12.24294739500089,337246000
2013-06-28,12.15954303741455,12.274229018013715,11.9246496347724,12.00100569189755,578516400
2013-07-01,12.548677444458008,12.642206206948494,12.303358610436133,12.34843659000087,391053600
2013-07-02,12.832939147949219,12.929227393553873,12.556343094826138,12.571368813689363,469865200
2013-07-03,12.903776168823242,12.970626292138313,12.801049375947585,12.905616103011006,240928800
2013-07-05,12.800125122070312,12.980128277465854,12.736649458921077,12.891200608515877,274024800
2013-07-08,12.72745132446289,12.909907758424119,12.592526108653054,12.882616632788553,298138400
2013-07-09,12.951308250427246,12.98657242976798,12.58424995347946,12.682990638241957,352584400
2013-07-10,12.901628494262695,13.026435309699593,12.825580341669703,12.866977630467215,281405600
2013-07-11,13.102787017822266,13.132225955400475,12.91511870380149,12.969701762880984,326292400
2013-07-12,13.07887077331543,13.17945136946619,12.983809978835657,13.113828698391496,279563200
2013-07-15,13.10738754272461,13.230660647661615,13.026432914108792,13.032873091664685,241917200
2013-07-16,13.19202709197998,13.207665304669884,13.007117386700829,13.079179430253815,216538000
2013-07-17,13.195399284362793,13.253970115503176,13.13131028812776,13.176694514329103,198990400
2013-07-18,13.239862442016602,13.335229490922277,13.204598267680987,13.289539023645236,218878800
2013-07-19,13.031033515930176,13.307936593237669,13.012634177893716,13.280951716291005,268721600
2013-07-22,13.072739601135254,13.178226703320908,13.046981341686745,13.169334097617542,207796400
2013-07-23,12.84826946258545,13.092667835100304,12.839683105763834,13.06322971626625,369395600
2013-07-24,13.5081787109375,13.633290938785041,13.34718818203121,13.459727937848992,591936800
2013-07-25,13.44654369354248,13.53547220312466,13.364055362664974,13.51400712434979,229493600
2013-07-26,13.522897720336914,13.524430589090096,13.318976226914536,13.348414349000924,200152400
2013-07-29,13.731420516967773,13.798883128137957,13.498674180894536,13.517072702649925,248057600
2013-07-30,13.900996208190918,14.018442456135913,13.775576094510106,13.797961547527747,309422400
2013-07-31,13.876769065856934,14.024266738690297,13.781708277345466,13.952205531784022,322957600
2013-08-01,14.004026412963867,14.007706280021305,13.899152658346981,13.975509490368786,206250800
2013-08-02,14.183725357055664,14.193232091626768,14.00341674787759,14.044814032371718,274783600
2013-08-05,14.395618438720703,14.433029605367173,14.171765568919469,14.24965363955973,318855600
2013-08-06,14.266829490661621,14.470443953229026,14.172381177005432,14.351771068626759,334857600
2013-08-07,14.258545875549316,14.320489490098497,14.160111471570547,14.222361332310523,298858000
2013-08-08,14.230154037475586,14.325534247821865,14.135698632224527,14.31812591609653,255777200
2013-08-09,14.027663230895996,14.21317649933337,14.002970439782802,14.156997473474062,266865200
2013-08-12,14.42615795135498,14.465975663650992,14.09495087733191,14.10205093888937,364434000
2013-08-13,15.11172103881836,15.26883564959925,14.447454021646635,14.536662243017432,881941200
2013-08-14,15.387365341186523,15.564852030384406,15.229942465023651,15.368227981436016,756372400
2013-08-15,15.369154930114746,15.507750382617283,15.096596292178354,15.323163606645323,490294000
2013-08-16,15.505586624145508,15.52441571512178,15.398477417606172,15.438295125839483,362306000
2013-08-19,15.67258358001709,15.857786915869653,15.557139557392944,15.567633869088294,510518400
2013-08-20,15.466696739196777,15.759937386447632,15.458980140347071,15.73339169294692,358688400
2013-08-21,15.506518363952637,15.654371782391477,15.470711427818062,15.544484827104213,335879600
2013-08-22,15.525035858154297,15.606217580236487,15.378107260756263,15.58738848488615,244207600
2013-08-23,15.46514892578125,15.53706938500278,15.41360054492819,15.534599942261563,222731600
2013-08-26,15.525343894958496,15.748515300207904,15.449101069315043,15.456817667516924,330965600
2013-08-27,15.081466674804688,15.511141457475924,15.010780938900727,15.371927863144114,424188800
2013-08-28,15.152778625488281,15.304029596634066,15.001529302836476,15.001529302836476,307608000
2013-08-29,15.177471160888672,15.325634484219153,15.15987678684935,15.175928170717137,239657600
2013-08-30,15.039175987243652,15.216044419448565,15.01695100841983,15.186721030981117,272297200
2013-09-03,15.081159591674805,15.452184315766202,15.043193143960776,15.220679816687914,331928800
2013-09-04,15.39322566986084,15.50280594695875,15.318835773446954,15.42008126979167,345032800
2013-09-05,15.287666320800781,15.454660387901317,15.237352642535262,15.441386716088664,236367600
2013-09-06,15.3787260055542,15.414531290608672,15.123453445643735,15.385517799956798,359525600
2013-09-09,15.62411880493164,15.67813664247987,15.541085831925455,15.588003607635297,340687200
2013-09-10,15.268218994140625,15.6636299622283,15.109561377625168,15.625045321397073,743195600
2013-09-11,14.436965942382812,14.621551106073666,14.347449424335972,14.415357483789059,898696400
2013-09-12,14.590681076049805,14.674330583348596,14.384485856562584,14.461346867496234,404051200
2013-09-13,14.350225448608398,14.564135645873927,14.344053488014984,14.487276273355928,298835600
2013-09-16,13.894003868103027,14.248668989603512,13.804489025728824,14.229841546006602,543706800
2013-09-17,14.05451488494873,14.190022699236879,13.813132575549131,13.827331050074548,399380800
2013-09-18,14.343433380126953,14.39498177272441,14.21934632684942,14.297132142426767,456862000
2013-09-19,14.578644752502441,14.68760689760384,14.484499269935029,14.529257525882986,404541200
2013-09-20,14.427702903747559,14.771563860743198,14.384179372115806,14.754587672244456,699302800
2013-09-23,15.144749641418457,15.33828772754422,14.896575534164903,15.313285026145879,762106800
2013-09-24,15.097217559814453,15.293841676336942,15.057708105186958,15.275630763612366,364344400
2013-09-25,14.86355209350586,15.11388579679788,14.860466112757237,15.100305503311159,316957200
2013-09-26,15.008313179016113,15.080541912566105,14.936700981956996,15.00152303515003,237221600
2013-09-27,14.90120792388916,14.960472921899704,14.83854702879921,14.933000773924801,228040400
2013-09-30,14.716004371643066,14.867561937160001,14.643773971579002,14.731437569684873,260156400
2013-10-01,15.062026023864746,15.098449491075549,14.76631593582635,14.768477111002335,353883600
2013-10-02,15.111412048339844,15.180554812052453,14.932074086784134,14.9901043556779,289184000
2013-10-03,14.921577453613281,15.197531959405318,14.839162672298288,15.140734766233601,322753200
2013-10-04,14.909850120544434,14.958310887880453,14.773107573668128,14.93546936009844,258868400
2013-10-07,15.0555419921875,15.206791262987629,14.981460346623608,15.018810261920812,312292400
2013-10-08,14.845341682434082,15.144754358911289,14.832994462034065,15.123145898964237,290917200
2013-10-09,15.019736289978027,15.056776291529912,14.763229045264207,14.959544845024359,301725200
2013-10-10,15.11388111114502,15.19845706906342,15.033625854633971,15.165739418994098,278602800
2013-10-11,15.211731910705566,15.243524758383229,14.975596741158155,15.032084023047751,267738800
2013-10-14,15.311432838439941,15.358968800158122,15.104930989481996,15.11974765004251,261898000
2013-10-15,15.392925262451172,15.495405532408538,15.295385528623878,15.356810058734895,320073600
2013-10-16,15.467930793762207,15.511762589952083,15.40990052224105,15.458053020142675,251101200
2013-10-17,15.572569847106934,15.581212898621041,15.423790010133601,15.433049598223386,253593200
2013-10-18,15.708077430725098,15.719498193648079,15.609919534148025,15.618562585534455,290542000
2013-10-21,16.09299659729004,16.183746178373077,15.78926162336543,15.796978222621556,398106800
2013-10-22,16.0469970703125,16.311839023007735,15.681527803050065,16.248869884351762,534063600
2013-10-23,16.204118728637695,16.226035453707308,16.020148469063145,16.020148469063145,313723200
2013-10-24,16.41864013671875,16.435926235354557,16.12663596012566,16.20534656012222,384764800
2013-10-25,16.234989166259766,16.459393714810254,16.20875173507617,16.400436973867166,337792000
2013-10-28,16.355981826782227,16.39055402946764,16.150096545932072,16.330052674768165,550440800
2013-10-29,15.948534965515137,16.645211468158625,15.882479824272952,16.55322717002604,635807200
2013-10-30,16.202266693115234,16.28313849807228,15.959031444605065,16.038978444584718,354163600
2013-10-31,16.134361267089844,16.282216356561772,16.09022118753113,16.20535696496686,275696400
2013-11-01,16.051939010620117,16.19917584654342,15.922604812948945,16.175099600533073,274890000
2013-11-04,16.25937271118164,16.261533886741496,16.014286171127825,16.084971942928806,244627600
2013-11-05,16.21923828125,16.32542267717388,16.143613653255528,16.19238432615398,265213200
2013-11-06,16.17329216003418,16.29561983481333,16.08884253883219,16.27357515252002,223375600
2013-11-07,15.91156005859375,16.243769031085275,15.908145993047638,16.13168852569946,262620400
2013-11-08,16.162118911743164,16.17981601247237,15.914669569728488,15.976454388183615,279316800
2013-11-11,16.115236282348633,16.196580263861467,15.971175623499958,16.14442082755242,227452400
2013-11-12,16.145048141479492,16.26644401889942,16.051594887996306,16.072395992748643,204276800
2013-11-13,16.164287567138672,16.21458492335319,16.050341687298832,16.082631880313983,197220800
2013-11-14,16.39807891845703,16.43285132140266,16.202789038426047,16.231973582045615,282419200
2013-11-15,16.299650192260742,16.426943888263043,16.284126894332207,16.34901567249235,317920400
2013-11-18,16.102195739746094,16.36796397005123,16.08884622655888,16.299659430710253,244944000
2013-11-19,16.130760192871094,16.249672171605386,16.081704752714163,16.114615091610048,208938800
2013-11-20,15.989484786987305,16.1577638409215,15.968683699847894,16.12081600315925,193916800
2013-11-21,16.180116653442383,16.182290445772388,15.948192411807973,16.070208320418356,262026800
2013-11-22,16.138513565063477,16.211785790454307,16.099083523882353,16.129820053460758,223725600
2013-11-25,16.260845184326172,16.326975912552644,16.175775430003295,16.17639556621062,229311600
2013-11-26,16.560758590698242,16.64582997562708,16.268913300452954,16.27263743272891,401382800
2013-11-27,16.950719833374023,16.95196176375962,16.560761982887197,16.651111174850733,363448400
2013-11-29,17.26462173461914,17.334788355740773,17.008168761682093,17.060018142367714,318127600
2013-12-02,17.114337921142578,17.521059265310882,17.101608551703098,17.324529209014923,472544800
2013-12-03,17.582849502563477,17.58471322741562,17.314599140837817,17.333848234973512,450968000
2013-12-04,17.5418701171875,17.67195945811731,17.4120908444074,17.557393422094517,377809600
2013-12-05,17.63191032409668,17.856694844211862,17.585650470396683,17.779386717794836,447580000
2013-12-06,17.387250900268555,17.596201996706874,17.37328125341541,17.56639566177131,344352400
2013-12-09,17.586259841918945,17.684058939405233,17.414566729657363,17.414566729657363,320493600
2013-12-10,17.558942794799805,17.631284833733208,17.42388575120028,17.497779788768575,278269600
2013-12-11,17.428857803344727,17.727226298792694,17.37701009247822,17.60396673556127,359718800
2013-12-12,17.40339469909668,17.55242304641206,17.38756132843295,17.453071920280603,262290000
2013-12-13,17.213699340820312,17.476051852065606,17.1901043120633,17.47511998936979,332822000
2013-12-16,17.30901336669922,17.468598986962675,17.23170690533974,17.232016973509403,282592800
2013-12-17,17.231081008911133,17.369242046443695,17.18109372075293,17.256539755134007,229902400
2013-12-18,17.10007095336914,17.121183785631512,16.728431714111917,17.06685053442807,565863200
2013-12-19,16.904146194458008,17.07614938641859,16.88148138223724,17.060626087566384,320308800
2013-12-20,17.045730590820312,17.126144365976334,16.91533117395752,16.93427020399715,436413600
2013-12-23,17.69989013671875,17.71944928874036,17.472311875094615,17.63499971501938,501306400
2013-12-24,17.62476921081543,17.755478698886,17.573850047182813,17.69369388416463,167554800
2013-12-26,17.50771713256836,17.681584109613528,17.49157203390647,17.638116536293047,204008000
2013-12-27,17.389415740966797,17.523540862889895,17.37109851730646,17.505223639229563,225884400
2013-12-30,17.216489791870117,17.38942490233929,17.14818526494035,17.307770864647964,253629600
2013-12-31,17.418304443359375,17.4263761657909,17.200349698401233,17.20562914873442,223084400
2014-01-02,17.1733341217041,17.29441987289749,17.13887178975653,17.252505957050168,234684800
2014-01-03,16.796104431152344,17.191028363532638,16.779027473022285,17.164949482333537,392467600
2014-01-06,16.887691497802734,16.976797092756694,16.566970053340242,16.68650376889563,412610800
2014-01-07,16.76692008972168,16.950720823168314,16.701099433559715,16.899803332503723,317209200
2014-01-08,16.873104095458984,16.938302962892255,16.725007606466587,16.72873174004038,258529600
2014-01-09,16.657638549804688,16.978670240478973,16.621312483862017,16.97680651498511,279148800
2014-01-10,16.546483993530273,16.790517560751177,16.489666910368108,16.760401157276178,304976000
2014-01-13,16.63310432434082,16.843295657149636,16.45147573281678,16.452407595152902,378492800
2014-01-14,16.964073181152344,16.97462876172836,16.693027228522844,16.710414256157172,332561600
2014-01-15,17.30466651916504,17.392841942966548,17.127695535255615,17.18544448520031,391638800
2014-01-16,17.208101272583008,17.288825074309454,17.128307674881878,17.22828222301462,229278000
2014-01-17,16.786476135253906,17.140417959533895,16.762569392901856,17.12210073226499,426739600
2014-01-21,17.04728126525879,17.07832787149393,16.77871916748624,16.796416263638115,328526800
2014-01-22,17.12303924560547,17.30249242978829,17.008163142106618,17.104410284955225,379985200
2014-01-23,17.268028259277344,17.277963703900586,16.915018197628665,17.074292063478918,403239200
2014-01-24,16.95413589477539,17.250638904192265,16.913152191232943,17.200341551631006,429354800
2014-01-27,17.091670989990234,17.225175989607038,16.944196349286297,17.078321484899135,554878800
2014-01-28,15.72558307647705,15.989485797575409,15.588040542530722,15.795749649622724,1065523200
2014-01-29,15.547063827514648,15.752599212510976,15.48093309056709,15.646416625126683,502810000
2014-01-30,15.516940116882324,15.725581059445995,15.421314814501418,15.602631636485683,678501600
2014-01-31,15.542402267456055,15.571276734367682,15.323517426060045,15.374124845642552,464797200
2014-02-03,15.571279525756836,15.763775453636182,15.502044796112482,15.604811652151227,401464000
2014-02-04,15.796685218811035,15.817487972448294,15.609468726667785,15.705405800053576,376681200
2014-02-05,15.914669036865234,15.998186814133426,15.717827141838212,15.727452520484638,328344800
2014-02-06,16.00743293762207,16.038355134686807,15.860635069735618,15.93091142557413,257765200
2014-02-07,16.231374740600586,16.33288354074767,16.159538770061857,16.284471908068863,370280400
2014-02-10,16.52215576171875,16.61585643582112,16.17890077153098,16.19951445278133,345559200
2014-02-11,16.73985481262207,16.79576096112984,16.538084925529432,16.57275521126562,282256800
2014-02-12,16.73860740661621,16.852297945331618,16.654903293771383,16.770778970045363,308100800
2014-02-13,17.004405975341797,17.017523473464024,16.684887140422255,16.699254003510603,307398000
2014-02-14,16.990657806396484,17.052814117718132,16.903831129177107,16.94318361546915,272924400
2014-02-18,17.053123474121094,17.215535857804177,17.041253677143793,17.05343539824065,260251600
2014-02-19,16.783891677856445,17.08123376927398,16.689567156177315,17.014393599715294,313768000
2014-02-20,16.58962059020996,16.772336413219858,16.522468492758527,16.64708969482256,305858000
2014-02-21,16.40534210205078,16.696437362603817,16.385040345641855,16.64084147556828,278784800
2014-02-24,16.47718620300293,16.551210670275672,16.31696054550708,16.339761042220566,288909600
2014-02-25,16.305706024169922,16.540267925976487,16.27259870288038,16.534334696339904,231952000
2014-02-26,16.158594131469727,16.397529610596795,16.103935699434405,16.35411545622108,276217200
2014-02-27,16.48093032836914,16.51559894798858,16.117997386837292,16.152042158124473,301882000
2014-02-28,16.43626594543457,16.639595454110584,16.30758305515573,16.524967499064804,371968800
2014-03-03,16.483734130859375,16.573998608454914,16.329128231556094,16.348180618426337,238781200
2014-03-04,16.592432022094727,16.63615978594997,16.48405255504416,16.58493750204889,259140000
2014-03-05,16.627405166625977,16.702051746570813,16.526520274631523,16.582429730656887,200062800
2014-03-06,16.57712173461914,16.69237349981488,16.49435343941243,16.640837642323817,185488800
2014-03-07,16.56744384765625,16.615543546475212,16.430329014024075,16.58774560359763,220729600
2014-03-10,16.582439422607422,16.65771156256815,16.5018562315091,16.502481747896226,178584000
2014-03-11,16.74390411376953,16.826672391301905,16.634587269022216,16.723915958395278,279224400
2014-03-12,16.760150909423828,16.783263315711793,16.616165422214152,16.6945617835831,199326400
2014-03-13,16.573997497558594,16.855409673067456,16.52745910165148,16.78607246729445,257742800
2014-03-14,16.38785743713379,16.581503989683302,16.33507218788811,16.51591316741,237199200
2014-03-17,16.45188331604004,16.5527665989901,16.424085367786684,16.48186806958353,199544800
2014-03-18,16.597429275512695,16.61523230499406,16.403782756394325,16.42564580402969,209647200
2014-03-19,16.593053817749023,16.74859551561889,16.522465563089867,16.624287927784767,224756000
2014-03-20,16.513092041015625,16.637089341843094,16.470927254027764,16.550259371645563,208398400
2014-03-21,16.643346786499023,16.67083281676793,16.439081445154834,16.613987542733824,374046400
2014-03-24,16.840734481811523,16.881649913936155,16.711739695538373,16.816684634676584,355700800
2014-03-25,17.021886825561523,17.04562474793679,16.853225976349925,16.91288354038277,282293200
2014-03-26,16.859163284301758,17.147135966664028,16.830429568519456,17.06967703482943,299768000
2014-03-27,16.78670310974121,16.912887267394204,16.7136177820714,16.866660776792504,222031600
2014-03-28,16.767967224121094,16.83293253360045,16.68644824603381,16.813568210860677,200564000
2014-03-31,16.76421356201172,16.891333471974683,16.738912681612838,16.84198441167663,168669200
2014-04-01,16.91756820678711,16.924440544979625,16.7651490867193,16.796069604455873,200760000
2014-04-02,16.9456844329834,16.97473174905377,16.874160379590638,16.940375049323585,180420800
2014-04-03,16.82823944091797,16.944115057651143,16.792321469260294,16.909446450260944,162344000
2014-04-04,16.61054801940918,16.86603727468876,16.571819379891,16.86010404311127,275251200
2014-04-07,16.349746704101562,16.581811583168722,16.300399306223966,16.491859003215193,289850400
2014-04-08,16.348814010620117,16.43251978356003,16.200766784975823,16.40347246918484,243888400
2014-04-09,16.56369972229004,16.569009105630954,16.304462366793597,16.323826686996142,206169600
2014-04-10,16.35006332397461,16.62366754012425,16.340380329865418,16.57494231343628,239652000
2014-04-11,16.229183197021484,16.329754516902366,16.152036205753998,16.210129141210707,271717600
2014-04-14,16.29384422302246,16.308834933015852,16.154230621627455,16.30071489560094,205674000
2014-04-15,16.177650451660156,16.292588648484877,15.970572874865567,16.249799999819338,266490000
2014-04-16,16.21044921875,16.27541451758216,16.058341979804617,16.180464464807287,214765600
2014-04-17,16.395662307739258,16.483741689424935,16.216382634528994,16.241369929765177,284334400
2014-04-21,16.590248107910156,16.62054311861713,16.36505386055328,16.408156111223267,182548800
2014-04-22,16.606800079345703,16.61086009743487,16.444386011430318,16.500917676615188,202563200
2014-04-23,16.38973045349121,16.588999979636363,16.38035938296826,16.524346598812294,394940000
2014-04-24,17.7333927154541,17.803043560484223,17.513509488068433,17.747135729923954,759911600
2014-04-25,17.86363410949707,17.865193730385876,17.61439167907197,17.63219304177289,390275200
2014-04-28,18.555452346801758,18.60730014666007,17.882683649402768,17.890493429634297,669485600
2014-04-29,18.500478744506836,18.614481176162176,18.41240104462101,18.54451842847149,337377600
2014-04-30,18.430513381958008,18.72223412873762,18.421455907145482,18.51015911075148,456640800
2014-05-01,18.47393035888672,18.577624273562847,18.314015043194605,18.490170428914656,244048000
2014-05-02,18.50828742980957,18.558887530350557,18.41864843844738,18.500792910220625,191514400
2014-05-05,18.770030975341797,18.771282008490545,18.42771327691635,18.43208688880437,287067200
2014-05-06,18.56545066833496,18.877783553338713,18.56545066833496,18.796264578610316,374564400
2014-05-07,18.500478744506836,18.655396614688385,18.356805155425423,18.591680689831108,282864400
2014-05-08,18.467500686645508,18.66913948958253,18.41756232407737,18.475666075231484,230297200
2014-05-09,18.390552520751953,18.412851345760565,18.22691598001627,18.359143953105928,291597600
2014-05-12,18.6195125579834,18.645580406952167,18.44896699824468,18.451795026901866,213208800
2014-05-13,18.648725509643555,18.673223356500472,18.552619475168115,18.593448101689454,159737200
2014-05-14,18.652177810668945,18.76304795211365,18.585279661689565,18.60695115292176,166404000
2014-05-15,18.49357032775879,18.737923127288177,18.469072482270985,18.678249361381017,230846000
2014-05-16,18.766498565673828,18.767125898156042,18.386148894539712,18.487595601823745,276256400
2014-05-19,18.988872528076172,19.074929490249847,18.76085051277841,18.777182968497833,317755200
2014-05-20,18.992637634277344,19.045716007704435,18.867634072740223,18.9863559218363,234836000
2014-05-21,19.042888641357422,19.055136721944727,18.909406033160078,18.96499708860029,196859600
2014-05-22,19.073047637939453,19.154080921354783,18.97348623097609,19.052005151074514,200760000
2014-05-23,19.288503646850586,19.307348788965705,19.04791986994169,19.072417716011234,232209600
2014-05-27,19.649696350097656,19.65691906384435,19.33561733054058,19.34346905442545,348866000
2014-05-28,19.59880256652832,19.781596148636012,19.591578180115242,19.661931660338986,315481600
2014-05-29,19.955917358398438,20.002715701868254,19.716903625266234,19.71941631051777,376474000
2014-05-30,19.881174087524414,20.231999076082083,19.75240144167874,20.037584602951043,564020800
2014-06-02,19.744539260864258,19.938639964784613,19.55138123306692,19.911315776094327,369350800
2014-06-03,20.02375602722168,20.06144630193723,19.73197761257794,19.73857299131321,292709200
2014-06-04,20.252410888671875,20.348833943272048,19.978848526354803,20.020621506293267,335482000
2014-06-05,20.33186912536621,20.395313589419587,20.182996717302725,20.295750532820172,303805600
2014-06-06,20.27596664428711,20.45467932108912,20.24141973135523,20.41196366345059,349938400
2014-06-09,20.60041046142578,20.63998442397192,20.171693931642903,20.38055548669398,301660000
2014-06-10,20.721330642700195,20.89721528726935,20.5718291980245,20.826861764913744,251108000
2014-06-11,20.63558578491211,20.83345557580339,20.549842488419245,20.694945883499415,182724000
2014-06-12,20.290420532226562,20.69275563200439,20.204677206354006,20.675166827373932,218996000
2014-06-13,20.068359375,20.323391919684994,19.98041706037207,20.27062552449215,218100000
2014-06-16,20.270626068115234,20.39154696364155,20.105734852775814,20.118927290607893,142244000
2014-06-17,20.244237899780273,20.38054685285865,20.18267880131138,20.294803583225598,118904000
2014-06-18,20.266231536865234,20.290415718154026,20.083751506180835,20.286017679359517,134056000
2014-06-19,20.195878982543945,20.29261571234605,20.081553451439568,20.29041669284316,142112000
2014-06-20,19.98701286315918,20.347574820876254,19.984813844157483,20.19367536059797,403592000
2014-06-23,19.969423294067383,20.143108886568083,19.91885592314289,20.07715173794656,174776000
2014-06-24,19.848501205444336,20.169489175979717,19.82871506847867,19.951833282558027,156144000
2014-06-25,19.866090774536133,19.94084064246355,19.709993982076004,19.833112200949362,147476000
2014-06-26,19.98481559753418,20.01779417601292,19.74297548429039,19.868292740621456,130516000
2014-06-27,20.22225570678711,20.226652067024204,19.956229785046297,19.96722320167885,256116000
2014-06-30,20.431119918823242,20.607004544156425,20.24644089448739,20.24863991357808,197929200
2014-07-01,20.560834884643555,20.681755782196653,20.475091585418706,20.560834884643555,152892000
2014-07-02,20.552034378051758,20.679548930293226,20.466289433943796,20.63777764480015,113860000
2014-07-03,20.672956466674805,20.68834624294374,20.490476492800425,20.59380856661748,91567200
2014-07-07,21.09947967529297,21.103876036224374,20.688350317760587,20.69714471698354,225872000
2014-07-08,20.963172912597656,21.281963653777446,20.648780210529566,21.16543910036386,260888000
2014-07-09,20.97196388244629,21.095082119664358,20.83345586557596,20.982957301066552,145744000
2014-07-10,20.89501190185547,21.00713838127311,20.56083148247425,20.613597871235452,158744000
2014-07-11,20.934587478637695,21.081889884629085,20.85543956671634,20.965367035789328,136072000
2014-07-14,21.205005645751953,21.301742344034803,21.029122722117517,21.07529205247255,171240000
2014-07-15,20.95657730102539,21.29295516287457,20.892819153489988,21.281963419937014,181911600
2014-07-16,20.83784294128418,21.34790613908129,20.82904854577878,21.319325611708315,213585200
2014-07-17,20.466299057006836,20.947781994643947,20.351975206708165,20.892818250251047,229192000
2014-07-18,20.760908126831055,20.829062641420776,20.450911765579917,20.582826110071803,199952000
2014-07-21,20.653175354003906,20.886221073436452,20.604806994719368,20.884022054188915,156316000
2014-07-22,20.824657440185547,20.86203237249257,20.69274482904556,20.81586304246157,220788000
2014-07-23,21.36770248413086,21.519401254460128,20.923594559175918,20.97855829502162,371672000
2014-07-24,21.3325252532959,21.396283389251746,21.19841360134742,21.334724272428204,182916000
2014-07-25,21.47323226928711,21.510607207707828,21.246781942271987,21.292951279855252,173876000
2014-07-28,21.770036697387695,21.818405055401698,21.446851325618105,21.506211424860634,221272000
2014-07-29,21.62932586669922,21.862373216480414,21.60074533168751,21.838189041716706,172572000
2014-07-30,21.578760147094727,21.699679343392937,21.473229050324043,21.642518273445365,132040000
2014-07-31,21.018129348754883,21.42486060236052,20.958769260279198,21.36110415366288,227372000
2014-08-01,21.13465118408203,21.242381294060145,20.84444277973078,20.8642305931928,194044000
2014-08-04,21.01593589782715,21.23359352707622,20.92359721246347,21.18742418439438,159832000
2014-08-05,20.912607192993164,21.035725450286602,20.74551693140889,20.965371920781717,223732000
2014-08-06,20.877422332763672,20.991747826820923,20.82245860452534,20.831253002326658,154232000
2014-08-07,20.87521743774414,21.20001035434394,20.79125591917659,20.974643599970115,186844000
2014-08-08,20.932659149169922,20.95033543266726,20.610074561007778,20.82660481959224,167460000
2014-08-11,21.208852767944336,21.22873901581561,20.954761575235988,21.04976952778941,146340000
2014-08-12,21.204429626464844,21.405491902078335,21.124888024812375,21.21989595535819,135180000
2014-08-13,21.48503303527832,21.48503303527832,21.219895492686675,21.24419996408964,127664000
2014-08-14,21.542478561401367,21.557944888837834,21.387815287036716,21.50491772129899,112464000
2014-08-15,21.648540496826172,21.694939491812335,21.40107750452957,21.63086420758276,195804000
2014-08-18,21.909257888793945,21.955656879598745,21.648538545912047,21.761221086850743,190288000
2014-08-19,22.21194839477539,22.24509100088717,21.944600960692192,21.964487198640448,277596000
2014-08-20,22.220796585083008,22.33568909443537,22.083807871194196,22.19207387917085,210796000
2014-08-21,22.223003387451172,22.302544992518605,22.119157309407388,22.220793430170552,133912000
2014-08-22,22.386503219604492,22.419645833620955,22.136832007326767,22.158926521436616,176736000
2014-08-25,22.435110092163086,22.574307035345615,22.37766301221495,22.490347215193122,161080000
2014-08-26,22.291494369506836,22.426273091414952,22.284866184118453,22.408596806577066,132608000
2014-08-27,22.565471649169922,22.66268953700048,22.24951519942402,22.320218658108953,209476000
2014-08-28,22.59198570251465,22.709088145978956,22.439530687444233,22.44615887319453,273840000
2014-08-29,22.647218704223633,22.735598431429512,22.580933487393448,22.726760290138614,178380000
2014-09-02,22.823978424072266,22.921194607996554,22.695827902418536,22.770949575710173,214256000
2014-09-03,21.86064910888672,22.80188867652142,21.781107499550885,22.779794159640037,501684000
2014-09-04,21.679471969604492,22.11473918982033,21.60655854475731,21.840763464407935,342872000
2014-09-05,21.867277145385742,21.96007512707315,21.721450300702465,21.82971629837468,233828000
2014-09-08,21.732494354248047,21.942394752642855,21.66400085943141,21.94018648137366,185426800
2014-09-09,21.650747299194336,22.775376261844137,21.241992830980386,21.891582088104315,759385200
2014-09-10,22.3158016204834,22.340106093738225,21.599928852377747,21.655165985101714,403478400
2014-09-11,22.41080093383789,22.41301089029357,22.010884786205708,22.18543426074149,249412400
2014-09-12,22.461627960205078,22.578730409261613,22.333477410568182,22.362200112092257,250504400
2014-09-15,22.454994201660156,22.76874233537835,22.41301513526866,22.715713484615645,245266000
2014-09-16,22.284860610961914,22.373240327345425,21.849591898478007,22.050655795393062,267632400
2014-09-17,22.443946838378906,22.49255577333494,22.22520663107676,22.375451663803084,243706000
2014-09-18,22.49034881591797,22.614079440886602,22.439529917403945,22.521281472160126,149197600
2014-09-19,22.306955337524414,22.614073548551048,22.205319252682056,22.60081718095945,283609600
2014-09-22,22.329057693481445,22.567682508217896,22.22300334406757,22.492560817858358,211153600
2014-09-23,22.678152084350586,22.74443730330996,22.21416060874439,22.227416978255008,253608800
2014-09-24,22.481521606445312,22.724564746130916,22.359999193750433,22.572111347854978,240687200
2014-09-25,21.62422752380371,22.251720374052567,21.591084915920863,22.20753135401081,400368000
2014-09-26,22.26055908203125,22.26055908203125,21.74133049765551,21.770053192843722,249482000
2014-09-29,22.119150161743164,22.19206355711072,21.792145703723882,21.796565616856856,199065200
2014-09-30,22.26055908203125,22.435108581336017,22.211950147325734,22.27381545124072,221056400
2014-10-01,21.913673400878906,22.247306124675713,21.80761737382907,22.22520992500045,205965200
2014-10-02,22.07276153564453,22.14346500759097,21.661797078173446,21.933562863650423,191031200
2014-10-03,22.01089096069336,22.141249771198055,21.882740421560943,21.97112016184893,173878400
2014-10-06,22.01089096069336,22.238467654085174,21.966700247697695,22.083802687155362,148204800
2014-10-07,21.818666458129883,22.121366538883255,21.814248229417498,21.968911519902612,168376800
2014-10-08,22.2716121673584,22.340105671215564,21.72144912212648,21.820876970571234,229618800
2014-10-09,22.320209503173828,22.620699500760605,22.229621524063123,22.4351036299761,309506000
2014-10-10,22.256153106689453,22.54338527380842,22.161145141743756,22.24731496044985,265326400
2014-10-13,22.052867889404297,22.488136677349384,22.052867889404297,22.38871053274504,214333600
2014-10-14,21.818666458129883,22.209744598758498,21.77889565690465,22.181021897869385,254754400
2014-10-15,21.55132484436035,21.907052195474016,21.029886057101958,21.64633280184482,403734400
2014-10-16,21.26850128173828,21.591085862148923,21.080695409775647,21.111628062301108,288618000
2014-10-17,21.580041885375977,21.87390382619572,21.390026020312344,21.542481040950328,272718800
2014-10-20,22.04183006286621,22.08601910308121,21.70156905895847,21.72366357906597,310069200
2014-10-21,22.640596389770508,22.76211707119539,22.375457139409487,22.76211707119539,378495600
2014-10-22,22.7554874420166,23.002950389521306,22.669317654681738,22.722344827110096,273052400
2014-10-23,23.16203498840332,23.210643935101896,22.896895738875692,22.996323589587373,284298800
2014-10-24,23.24820327758789,23.307858635594474,23.095748261110586,23.239365134604803,188215600
2014-10-27,23.223899841308594,23.30565140326971,23.133310135970316,23.166452752208794,136750800
2014-10-28,23.58405113220215,23.58405113220215,23.27693273857957,23.287980841943103,192243600
2014-10-29,23.716615676879883,23.723245549127476,23.50008704982585,23.564162329257154,210751600
2014-10-30,23.637075424194336,23.718825304705792,23.398450597704713,23.632655509424026,162619200
2014-10-31,23.862436294555664,23.8712744362084,23.687886789746294,23.864646251394635,178557200
2014-11-03,24.17177391052246,24.370627960789765,23.864655532883333,23.9110545303284,209130400
2014-11-04,23.995006561279297,24.191650589771044,23.8005724897659,24.16292789186552,166297600
2014-11-05,24.05245018005371,24.149668044665955,23.891157057920037,24.1054773399772,149743600
2014-11-06,24.121246337890625,24.141218811922123,23.921531755653476,24.099056016865717,139874000
2014-11-07,24.190032958984375,24.258823446211558,24.087956151384738,24.13233678320629,134766000
2014-11-10,24.150096893310547,24.26105019886502,24.11459102288683,24.192257998172348,108782000
2014-11-11,24.34315299987793,24.354249006926825,24.054675439749452,24.121246403003884,109769200
2014-11-12,24.687103271484375,24.727046517531775,24.269919573999104,24.272137420492644,187769600
2014-11-13,25.035503387451172,25.175303940674837,24.764777055451287,24.80915939275384,238091600
2014-11-14,25.33729362487793,25.33951316474367,24.678230804821258,25.108730116079904,176254400
2014-11-17,25.295135498046875,26.025208491349503,25.142021079327044,25.357269081644855,186986800
2014-11-18,25.623554229736328,25.67237395044041,25.272941411055125,25.284037417765298,176896000
2014-11-19,25.446029663085938,25.68346965967402,25.252972002737177,25.616898694834557,167476800
2014-11-20,25.809953689575195,25.932002985362022,25.485970287047152,25.49928583305025,173582000
2014-11-21,25.845460891723633,26.089557802910054,25.74782145004389,26.076243949231156,228717200
2014-11-24,26.32478141784668,26.355848208847732,25.87875033575455,25.929787909679217,189803200
2014-11-25,26.096216201782227,26.573315737339147,26.062929872694436,26.422419179419123,275361600
2014-11-26,26.40688705444336,26.429077377231028,26.14725672250013,26.171666585470497,163073200
2014-11-28,26.39134979248047,26.49564615661601,26.196072610341545,26.46679721750703,99257600
2014-12-01,25.534791946411133,26.462361585862514,24.691546203996072,26.364722141810905,335256000
2014-12-02,25.437152862548828,25.685688863193565,25.01996906544341,25.186399014880948,237395600
2014-12-03,25.725631713867188,25.818832077762153,25.5436683730667,25.685688458910352,172253600
2014-12-04,25.627992630004883,26.0074527109192,25.583611987435123,25.690126206807744,168178000
2014-12-05,25.51926040649414,25.758919954026098,25.439373890650156,25.738947478558554,153275600
2014-12-08,24.942304611206055,25.44159450990141,24.769217717207106,25.319545190792834,230659600
2014-12-09,25.323976516723633,25.363919764108555,24.265481307529555,24.451883692996734,240832000
2014-12-10,24.842439651489258,25.485969038356334,24.75145883882539,25.388331299523497,178261200
2014-12-11,24.769210815429688,25.252967183535073,24.707075556552343,24.911230878266803,165606800
2014-12-12,24.34981346130371,24.82469347908465,24.31652713065282,24.51180434118462,224112400
2014-12-15,24.01694679260254,24.76477078697034,23.599761392622153,24.56505455219384,268872400
2014-12-16,23.68852424621582,24.44522639543889,23.579790510604592,23.604200366580343,243162800
2014-12-17,24.278799057006836,24.374217258467816,23.704060150382123,23.770632799740685,213647200
2014-12-18,24.997774124145508,24.997774124145508,24.55618054729487,24.824687279601672,236024800
2014-12-19,24.804719924926758,25.128703363614193,24.778092215974358,24.91123583977545,353719200
2014-12-22,25.0621280670166,25.18417566232007,24.846878427447695,24.88904121668652,180670000
2014-12-23,24.973365783691406,25.14867217850585,24.955612851631336,25.126481859937154,104113600
2014-12-24,24.85576057434082,25.011094528598903,24.85576057434082,24.982247277954723,57918400
2014-12-26,25.295135498046875,25.41274573743065,24.855761332310767,24.87573211574733,134884000
2014-12-29,25.277376174926758,25.468214252256033,25.230774309111464,25.250746779176968,110395600
2014-12-30,24.968929290771484,25.27959886195474,24.87794846731103,25.21746528632068,119526000
2014-12-31,24.494043350219727,25.10428633707592,24.456319644627992,25.035495851230692,165613600
2015-01-02,24.261051177978516,24.729274281755732,23.821675325324954,24.71817827354724,212818400
2015-01-05,23.577571868896484,24.110147948537623,23.391171172179064,24.03026145194082,257142000
2015-01-06,23.579792022705078,23.83942229690088,23.218083238966898,23.64192558989593,263188400
2015-01-07,23.910436630249023,24.01029392504949,23.67743401836389,23.788387320592424,160423600
2015-01-08,24.829126358032227,24.886822541149925,24.121243847243377,24.238855753255983,237458000
2015-01-09,24.85576057434082,25.13092430460362,24.456327987658426,25.00221806078228,214798000
2015-01-12,24.243297576904297,24.993341322659273,24.143440277820233,24.986684395122083,198603200
2015-01-13,24.45854377746582,25.03106316625113,24.16784669635183,24.72705053894741,268367600
2015-01-14,24.365346908569336,24.518461321069434,24.076867632996397,24.196697407787628,195826400
2015-01-15,23.704063415527344,24.4230403397773,23.668559239188266,24.409726485276778,240056000
2015-01-16,23.51987648010254,23.87270880076629,23.34457008962357,23.75065951213766,314053200
2015-01-20,24.125688552856445,24.18116520913398,23.633055574229825,23.93040963923108,199599600
2015-01-21,24.30987548828125,24.644953328779597,24.025833538918743,24.17673013673085,194303600
2015-01-22,24.942304611206055,24.957838007000497,24.347594797483953,24.467424576332416,215185600
2015-01-23,25.070995330810547,25.241862578725822,24.749229912900837,24.92009885382823,185859200
2015-01-26,25.09763526916504,25.377238049714297,25.03106430723337,25.23965535290147,222460000
2015-01-27,24.2188777923584,24.960046459776805,24.194467939379766,24.946730917144198,382274800
2015-01-28,25.58804702758789,26.211605664482956,25.58804702758789,26.102870222038018,585908400
2015-01-29,26.384695053100586,26.449048170199948,25.6435261294502,25.812175619330834,337745600
2015-01-30,25.998577117919922,26.62879102622777,25.929784923186702,26.273740817813987,334982000
2015-02-02,26.32478141784668,26.44461119442779,25.758920559173443,26.19607686641939,250956400
2015-02-03,26.3292179107666,26.42685566159745,26.098434848144024,26.295931582818667,207662800
2015-02-04,26.531150817871094,26.741963089882017,26.25376758602479,26.295930379029553,280598800
2015-02-05,26.72052001953125,26.785127115673475,26.566799628720617,26.738341318709153,168984800
2015-02-06,26.495508193969727,26.78958086394794,26.388571905025536,26.73834016931549,174826400
2015-02-09,26.671504974365234,26.698237770325253,26.384115519933175,26.410850015587748,155559200
2015-02-10,27.183902740478516,27.212865534998993,26.7695291157995,26.77175571561299,248034000
2015-02-11,27.821060180664062,27.829971678923542,27.290838781933655,27.350989270567034,294247200
2015-02-12,28.173065185546875,28.40030421026316,27.974788963807274,28.083951875848232,297898000
2015-02-13,28.311185836791992,28.355741633824508,27.99260695889488,28.355741633824508,217088800
2015-02-17,28.478269577026367,28.712191735645902,28.275536812930167,28.402522690545037,252609600
2015-02-18,28.67654800415039,28.6899144029449,28.393613431905806,28.43371432798399,179566800
2015-02-19,28.61640167236328,28.745615886162405,28.58966886929795,28.623084873129613,149449600
2015-02-20,28.850318908691406,28.850318908691406,28.527285129746105,28.654269321738926,195793600
2015-02-23,29.63005828857422,29.63005828857422,28.885965911316145,28.96616770882471,283896400
2015-02-24,29.44514274597168,29.763723273660514,29.222360396316702,29.616686107034898,276912400
2015-02-25,28.692136764526367,29.318158010503875,28.549556199464845,29.30924481303132,298846800
2015-02-26,29.055278778076172,29.15553017329183,28.20647841951973,28.692142396043774,365150000
2015-02-27,28.618621826171875,29.088692714889373,28.569609437821136,28.961705145238223,248059200
2015-03-02,28.758970260620117,29.024081778114386,28.58297371505887,28.794616249393325,192386800
2015-03-03,28.819128036499023,28.8547740321923,28.536193469691177,28.730016446655085,151265200
2015-03-04,28.636444091796875,28.863683059023995,28.587435098266674,28.76120507338472,126665200
2015-03-05,28.16191864013672,28.683228541068605,28.01710976775747,28.645355948203196,226068400
2015-03-06,28.204248428344727,28.821354861270127,28.128503236447628,28.60525568485425,291368400
2015-03-09,28.324548721313477,28.865911616282308,27.861161011018062,28.507230185990295,354114000
2015-03-10,27.73862648010254,28.342366348995636,27.58045124062376,28.161913217984974,275426400
2015-03-11,27.232912063598633,27.796551097316453,27.203950972035244,27.792096198496825,275756000
2015-03-12,27.725263595581055,27.825516675855415,27.09701741803413,27.248509488491273,193450800
2015-03-13,27.533672332763672,27.93690957884645,27.308663362514302,27.71412720852023,207309200
2015-03-16,27.83665657043457,27.83665657043457,27.373270530624637,27.598279501504912,143497200
2015-03-17,28.302270889282227,28.3646496774058,27.992603548458405,28.04829913781081,204092400
2015-03-18,28.620847702026367,28.774568061657938,28.153005124528036,28.29335738786922,261083600
2015-03-19,28.404754638671875,28.794623819986978,28.38247673967853,28.68323262532552,183238000
2015-03-20,28.048303604125977,28.60525788664302,27.883445109305814,28.571841887466128,274780400
2015-03-23,28.340147018432617,28.482727608990597,28.186426628736324,28.320097419617298,150838800
2015-03-24,28.22429656982422,28.525050703803593,28.19533377641262,28.344599243232636,131369200
2015-03-25,27.486886978149414,28.253258840820795,27.486886978149414,28.190880051941875,206620800
2015-03-26,27.67848014831543,27.821060723861976,27.31311721101558,27.348763204749485,190291600
2015-03-27,27.457921981811523,27.780955678190416,27.382176805990813,27.75199458738149,158184800
2015-03-30,28.153005599975586,28.159688798386455,27.625010829489707,27.636150626637427,188398800
2015-03-31,27.72081184387207,28.17974300661866,27.70521714512907,28.09062971393237,168362400
2015-04-01,27.680709838867188,27.874531115222556,27.42450977003734,27.80769572346012,162485600
2015-04-02,27.919090270996094,27.972557571025973,27.667346771147866,27.854483171099858,128880400
2015-04-06,28.371339797973633,28.40698579970914,27.698537662317634,27.729727063988747,148776000
2015-04-07,28.07280731201172,28.542876555563243,28.066124112769437,28.435941968297502,140049200
2015-04-08,27.98146629333496,28.159692875335587,27.84111400730336,28.037161887748322,149316800
2015-04-09,28.19533348083496,28.19979007963362,27.772048378461868,28.037158217371275,129936000
2015-04-10,28.31563377380371,28.340139966053933,27.90571510288052,28.059433754629573,160752000
2015-04-13,28.259944915771484,28.643132585799844,28.20647761981867,28.59857338973223,145460400
2015-04-14,28.13741683959961,28.35797093215795,28.05053184254042,28.293363834399493,102098400
2015-04-15,28.24435043334961,28.322323927981227,28.072808745160057,28.16192203889392,115881600
2015-04-16,28.10845184326172,28.31563951998062,28.09508544466522,28.132958040485054,113476000
2015-04-17,27.79210090637207,28.101768267469506,27.727493814530177,27.97032748384589,207828000
2015-04-20,28.427030563354492,28.542876649890996,27.88566932691057,27.9747826163896,188217200
2015-04-21,28.2733097076416,28.56069745208385,28.21984071824791,28.538421256044888,129740400
2015-04-22,28.65426254272461,28.709958125896996,28.141864197355247,28.291127952330605,150618000
2015-04-23,28.88819122314453,29.055278010553366,28.547334448781662,28.582980445949,183083600
2015-04-24,29.024093627929688,29.102068835282843,28.790171405260203,29.070879432219577,178103600
2015-04-27,29.552078247070312,29.659016225812266,29.217904712126938,29.476333061669838,387816800
2015-04-28,29.086469650268555,29.973142651968864,28.865917249497503,29.95532305140102,475696000
2015-04-29,28.65872573852539,29.315933091372774,28.582980543827464,28.997355913995918,253544400
2015-04-30,27.881210327148438,28.658720221632425,27.75422446071584,28.658720221632425,332781600
2015-05-01,28.72779083251953,28.99067584164951,27.914636403052867,28.092861309640885,234050400
2015-05-04,28.672096252441406,29.08870168184656,28.574071445522545,28.850322865076613,203953200
2015-05-05,28.02602195739746,28.61639385984713,28.02156535830659,28.54955847104041,197085600
2015-05-06,27.850019454956055,28.237660231929684,27.482428271761307,28.195331045470773,288564000
2015-05-07,28.02227783203125,28.205722338487142,27.744872612088034,27.912657284095037,175763600
2015-05-08,28.550243377685547,28.550243377685547,28.212436391614474,28.339952687353417,222201600
2015-05-11,28.259418487548828,28.536822055001224,28.105056012911106,28.49879126486547,168143200
2015-05-12,28.15874481201172,28.38469362395213,27.92384557199335,28.098341370043993,192640000
2015-05-13,28.1900691986084,28.45405054686139,28.15874952227282,28.22138887494398,138776800
2015-05-14,28.847787857055664,28.847787857055664,28.447343128044622,28.503271372596334,180814000
2015-05-15,28.80752182006836,28.968595441157902,28.6822430955741,28.874636397787206,152832000
2015-05-18,29.12518310546875,29.243750669822575,28.71578808731596,28.720263301137226,203531600
2015-05-19,29.09834098815918,29.27954790622129,29.00214265800493,29.23704190547324,178532800
2015-05-20,29.09610366821289,29.301919157992057,28.935030082544245,29.082681438338582,145819600
2015-05-21,29.393634796142578,29.447327115557325,29.044643253915723,29.098335573330473,158921600
2015-05-22,29.65090560913086,29.74710392907189,29.395873045307205,29.44061835518929,182384000
2015-05-26,28.99766731262207,29.733684723786734,28.885810853723097,29.664334265443486,282790400
2015-05-27,29.5390625,29.588279632224047,29.093875822504415,29.15875108938734,183332800
2015-05-28,29.480886459350586,29.518917243713908,29.3287633218973,29.498783901448864,122933200
2015-05-29,29.145320892333984,29.40706461659608,29.060308884704277,29.357847497819773,203538000
2015-06-01,29.2034912109375,29.39364861135081,29.09387403429455,29.145327064424695,128451200
2015-06-02,29.073726654052734,29.23032498338856,28.93055055100461,29.05135400118152,134670400
2015-06-03,29.109525680541992,29.292971923689176,29.060308562311693,29.23033257568488,123934000
2015-06-04,28.939504623413086,29.21243466979933,28.838834488110578,28.988721740865582,153800400
2015-06-05,28.780668258666992,29.013331627012427,28.715793008286923,28.970825622396134,142507200
2015-06-08,28.590513229370117,28.90594928095356,28.373511413479815,28.836595405014542,210699200
2015-06-09,28.505508422851562,28.6531598136829,28.10282606991949,28.344434798960876,224301600
2015-06-10,28.832120895385742,28.935026922241622,28.60169516468053,28.61735500008826,156349200
2015-06-11,28.767253875732422,29.122956726779993,28.74264530916746,28.899243726585624,141563600
2015-06-12,28.449573516845703,28.709081340547552,28.436151286928105,28.677761666210326,147544800
2015-06-15,28.393638610839844,28.465226664901454,28.122946228082075,28.210194115632355,175955600
2015-06-16,28.545772552490234,28.601700790918624,28.270606575227426,28.418256237145286,125976400
2015-06-17,28.47865867614746,28.60841088751629,28.35337826590972,28.57261770373002,131672400
2015-06-18,28.60840606689453,28.704602685627478,28.460756435114913,28.462994042097737,141628800
2015-06-19,28.322063446044922,28.594993559737375,28.277321531942228,28.570384994942508,218867600
2015-06-22,28.548006057739258,28.64867618972686,28.429438482395682,28.521159892705295,136157200
2015-06-23,28.41825294494629,28.548006852699064,28.384695664417926,28.518924786531382,121075600
2015-06-24,28.659870147705078,29.03794563197054,28.438394774299702,28.45852812333901,221123600
2015-06-25,28.523405075073242,28.90371646002305,28.523405075073242,28.827654865750926,127752400
2015-06-26,28.35561180114746,28.633015336132086,28.30192117978136,28.561427272045922,176267200
2015-06-29,27.858970642089844,28.292974268449026,27.847786019769835,28.067023733336914,196645600
2015-06-30,28.0603084564209,28.21467089997057,27.932792174686718,28.091628125142,177482800
2015-07-01,28.322063446044922,28.39812674817305,28.185598389198695,28.389178023993583,120955200
2015-07-02,28.28626251220703,28.34219074292127,28.13637355672932,28.2840249050761,108844000
2015-07-06,28.187828063964844,28.239282786817057,27.93055786329205,27.950692913727835,112241600
2015-07-07,28.11847496032715,28.22138268956001,27.688944894962802,28.163216857630488,187787200
2015-07-08,27.420495986938477,27.883581721345053,27.41378487158096,27.847788537173503,243046400
2015-07-09,26.86121368408203,27.75382787155724,26.671058019032134,27.70684835714216,314380000
2015-07-10,27.579330444335938,27.706846749433172,27.11624473563605,27.279555929712142,245418000
2015-07-13,28.11176872253418,28.134139675066198,27.81199249686344,27.970828478673333,165762000
2015-07-14,28.100584030151367,28.27060635153076,27.973067715815414,28.196780667758794,127072400
2015-07-15,28.371274948120117,28.44510062786121,28.093871380758944,28.125191055777417,134596800
2015-07-16,28.74934959411621,28.762775238352578,28.489843463092814,28.57709137589152,144889600
2015-07-17,28.99766731262207,28.997667312622074,28.704603936480872,28.876863838989998,184658800
2015-07-20,29.545778274536133,29.747118614047775,29.23928913576409,29.299692603053405,235600800
2015-07-21,29.250465393066406,29.735922038142906,29.154270472361155,29.720263908218314,307025600
2015-07-22,28.01333236694336,28.07597171201857,27.290738877867724,27.290738877867724,461802400
2015-07-23,27.99991226196289,28.43167659567125,27.977539602629502,28.23257221652284,203998000
2015-07-24,27.85226058959961,28.1296641529109,27.718033169080872,28.03570512922721,168649200
2015-07-27,27.46523666381836,27.653156419384597,27.31982461946616,27.53682473574972,177822000
2015-07-28,27.601701736450195,27.720271027557082,27.416021294667143,27.601701736450195,134472400
2015-07-29,27.51445198059082,27.62854604946669,27.353378402599983,27.550246867608408,148046800
2015-07-30,27.375751495361328,27.420493398050073,27.22810014425895,27.364565166292053,134513200
2015-07-31,27.136381149291992,27.436155678960716,27.04913323652009,27.427206956266886,171540000
2015-08-03,26.49656105041504,27.42049487435575,26.290743849300853,27.181122097815482,279904000
2015-08-04,25.64645004272461,26.331011059255985,25.33548920797381,26.268371712226212,496554400
2015-08-05,25.81646728515625,26.272841775633097,25.078214081515554,25.268369692515776,397250400
2015-08-06,25.872650146484375,26.180524745699543,25.645678591297774,26.061420486844845,211612000
2015-08-07,25.960294723510742,26.12434512903234,25.731075417412494,25.749053872857033,154681600
2015-08-10,26.904146194458008,26.964821345502152,26.187271059399706,26.187271059399706,219806400
2015-08-11,25.50410270690918,26.558066106440315,25.46814750972999,26.474917034026074,388331200
2015-08-12,25.897377014160156,25.937827689726046,24.636666292630203,25.288370859182763,404870000
2015-08-13,25.877145767211914,26.158052686711567,25.740063053334502,26.077151356734085,194143200
2015-08-14,26.059175491333008,26.13782909370305,25.620961339185683,25.6906257134963,171718000
2015-08-17,26.3288516998291,26.43896676201046,25.95580638679805,26.077158414608625,163538800
2015-08-18,26.180524826049805,26.39176737758443,26.07040979397144,26.164794107181464,138242800
2015-08-19,25.845687866210938,26.185022236948075,25.771528017829972,26.090637910565032,193146000
2015-08-20,25.31533432006836,25.697367080875384,25.0861132919682,25.63669193491942,274006400
2015-08-21,23.7669734954834,25.146788168407536,23.742253549020607,24.81644135160456,513102000
2015-08-24,23.173707962036133,24.450149629904324,20.67475829831657,21.319721484197963,648825200
2015-08-25,23.313024520874023,24.96925218896791,23.25909087716638,24.96925218896791,414406400
2015-08-26,24.6501522064209,24.695096641695418,23.607425534465253,24.065864260730322,387098400
2015-08-27,25.376007080078125,25.447919182922238,24.72430268363598,25.220947626316622,338464400
2015-08-28,25.45915985107422,25.463653608053637,25.0658901063542,25.207466597226198,212657600
2015-08-31,25.340051651000977,25.737815091118808,25.16925976538462,25.176001257070045,224917200
2015-09-01,24.207433700561523,25.142290988115928,24.126532374823586,24.75351679203276,307383600
2015-09-02,25.24567222595215,25.24567222595215,24.52430328012755,24.771502803371042,247555200
2015-09-03,24.802959442138672,25.344547123280524,24.728799599538373,25.27937650837601,212935600
2015-09-04,24.55576515197754,24.820941424177935,24.38497493325339,24.488348501803344,199985200
2015-09-08,25.238929748535156,25.295111144441982,24.791726317182476,25.113083970350317,219374400
2015-09-09,24.75351905822754,25.62320581775102,24.668122254064002,25.5647784106621,340043200
2015-09-10,25.297353744506836,25.456908670747158,24.697336969521444,24.78048432129018,251571200
2015-09-11,25.665903091430664,25.665903091430664,25.11532621767221,25.122067709384552,199662000
2015-09-14,25.913105010986328,26.268171824207496,25.811979189970696,26.198507445930954,233453600
2015-09-15,26.131088256835938,26.1872696477268,25.713098571446302,26.05243465249272,173364800
2015-09-16,26.160306930541992,26.1895206402109,25.942322832454952,26.124350012930844,148694000
2015-09-17,25.600736618041992,26.17828126650722,25.555792189683,25.991760345749377,256450400
2015-09-18,25.495107650756836,25.6861257000814,25.140042658756222,25.216448506870428,297141200
2015-09-21,25.8906192779541,25.926576173463797,25.54229585392946,25.544541874009457,200888000
2015-09-22,25.483875274658203,25.659160912564044,25.286115712286712,25.479379803957187,201384800
2015-09-23,25.69062614440918,25.780516711991236,25.46140682586891,25.53556495819313,143026800
2015-09-24,25.84343910217285,25.95580188087795,25.252411503411206,25.450169376705002,200878000
2015-09-25,25.77826690673828,26.223224237560725,25.623205732971094,26.167042851647377,224607600
2015-09-28,25.268146514892578,25.746811416236124,25.268146514892578,25.585008713100212,208436000
2015-09-29,24.50856590270996,25.508595546024186,24.238895950872273,25.355782116110895,293461600
2015-09-30,24.787233352661133,25.06589260520561,24.43441424366298,24.758017928562307,265892000
2015-10-01,24.62543296813965,24.63442219835979,24.115304868898864,24.510822425983292,255716400
2015-10-02,24.805208206176758,24.946786414891452,24.16923613568208,24.272609693834994,232079200
2015-10-05,24.895095825195312,25.027684789490863,24.51081534552357,24.69284248996812,208258800
2015-10-06,25.014205932617188,25.110838008986548,24.66812830363205,24.861392456370766,192787200
2015-10-07,24.895095825195312,25.117573636685297,24.587222923062672,25.1108321445977,187062400
2015-10-08,24.607446670532227,24.762507842033973,24.31755051771235,24.762507842033973,247918400
2015-10-09,25.196229934692383,25.232185132071688,24.605200625618203,24.7198111391471,211064400
2015-10-12,25.07937240600586,25.337807145516006,25.043417207593652,25.33331338865947,121868800
2015-10-13,25.1220703125,25.270388289099376,24.87262480617747,24.904086247108243,132197200
2015-10-14,24.767004013061523,25.06139395100104,24.620932054675972,25.009708031807985,177849600
2015-10-15,25.137800216674805,25.191733868730488,24.829925595255503,24.92880538612416,150694000
2015-10-16,24.95352554321289,25.169261867765638,24.83891503142803,25.119821971916483,156930400
2015-10-19,25.10858917236328,25.11308292946071,24.744533124749246,24.899594319671532,119036800
2015-10-20,25.567031860351562,25.656922447132715,24.90409199756618,25.020948560217445,195871200
2015-10-21,25.564775466918945,25.97377584204485,25.55129076993438,25.618709111298287,167180800
2015-10-22,25.955806732177734,25.955806732177734,25.64119055009577,25.692878192349628,166616400
2015-10-23,26.760316848754883,26.794026021568058,26.142321633752424,26.225468983569204,237467600
2015-10-26,25.906362533569336,26.546830042872955,25.825461194023617,26.535594793476033,265335200
2015-10-27,25.74231719970703,26.189520646857954,25.61646970255627,25.933333609634193,279537600
2015-10-28,26.803014755249023,26.809757961734682,26.08164596806831,26.277157807676474,342205600
2015-10-29,27.08616828918457,27.122125197528327,26.57828810320742,26.67492015123157,204909200
2015-10-30,26.85470199584961,27.241230198481244,26.843465033055978,27.189542569958256,197461200
2015-11-02,27.232242584228516,27.27269325235393,26.87942353455905,27.146847491305937,128813200
2015-11-03,27.54461097717285,27.75135807455724,27.1243735756138,27.14459976694483,182076000
2015-11-04,27.41652488708496,27.825525435672137,27.33112977105744,27.670464213483907,179544400
2015-11-05,27.290130615234375,27.689598432935576,27.12312235636019,27.50002004779122,158210800
2015-11-06,27.32172966003418,27.490995294085657,27.222428325588147,27.33301472438124,132169200
2015-11-09,27.211145401000977,27.49099745585183,27.09378864311488,27.299163399880353,135485600
2015-11-10,26.353527069091797,26.64692149059824,26.193289160128977,26.38286754435777,236511600
2015-11-11,26.20457649230957,26.50022657454588,26.00145739228274,26.263255726063772,180872000
2015-11-12,26.116561889648438,26.364817834384485,26.100763831034122,26.23843336546997,130102400
2015-11-13,25.353734970092773,26.082706411554206,25.33793691269189,25.999201409944344,183249600
2015-11-16,25.769001007080078,25.78254170723503,25.051314627262517,25.13707526467575,152426800
2015-11-17,25.658414840698242,25.96535000733251,25.574909837970388,25.936009527581543,110467600
2015-11-18,26.47089195251465,26.516028772076655,26.066911046555308,26.12559028947335,186698800
2015-11-19,26.807157516479492,27.026074638737438,26.35126958290528,26.54987393741683,173183200
2015-11-20,26.924516677856445,27.06444181151853,26.82295628015524,26.901946552683643,137148400
2015-11-23,26.57469940185547,27.02156134686757,26.482166713327093,26.917743596176653,129930000
2015-11-24,26.829736709594727,26.935810139069766,26.432527840821948,26.47992202214622,171212800
2015-11-25,26.637897491455078,26.908723546347577,26.61307172671012,26.904208831743524,85553200
2015-11-27,26.588245391845703,26.723659277317896,26.540851220674067,26.69657615585164,52185600
2015-11-30,26.698833465576172,26.949346742651052,26.574704644733995,26.628869165711,156721200
2015-12-01,26.48217010498047,26.81393100148749,26.373841070524477,26.80039030264523,139409600
2015-12-02,26.242944717407227,26.65595329488644,26.197807901863122,26.48217293913744,133546400
2015-12-03,25.999202728271484,26.3580467958002,25.77802991344428,26.303882270801992,166278000
2015-12-04,26.86358070373535,26.9132322252668,25.978886187647753,26.019510003277226,231108000
2015-12-07,26.69430923461914,27.050895791135243,26.588235865870562,26.852291470448808,128336800
2015-12-08,26.683032989501953,26.766536259717242,26.373840504981796,26.52279335462948,137238000
2015-12-09,26.093990325927734,26.561163399170145,25.972118864839405,26.54987833501308,185445600
2015-12-10,26.218120574951172,26.391900941455514,26.069167696949552,26.188781815217627,116850800
2015-12-11,25.543306350708008,26.04207542207448,25.468829076947664,25.996938619597167,187544800
2015-12-14,25.385334014892578,25.43047083194064,24.77823401099873,25.317627067461288,257274800
2015-12-15,24.936216354370117,25.457555753963696,24.904620235832244,25.263464327597138,213292400
2015-12-16,25.1280460357666,25.274743258712757,24.554801287035072,25.06711116689984,224954000
2015-12-17,24.595428466796875,25.333425952975965,24.595428466796875,25.281517062002127,179091200
2015-12-18,23.929643630981445,24.717292467295476,23.87999210904976,24.579624686292426,385813200
2015-12-21,24.22304344177246,24.232071149757175,23.82583289974126,24.21175837632676,190362400
2015-12-22,24.20047378540039,24.311060189259624,24.024436071560665,24.238840250963513,131157600
2015-12-23,24.511919021606445,24.566083538400644,24.193698826490273,24.20949688229937,130629600
2015-12-24,24.381017684936523,24.599934811508824,24.36296227366362,24.599934811508824,54281600
2015-12-28,24.107938766479492,24.304287512043896,23.963498903716822,24.281717384476803,106816800
2015-12-29,24.541257858276367,24.69698278167213,24.116965985227196,24.139534390478726,123724800
2015-12-30,24.220783233642578,24.53223137409268,24.18918712034441,24.50514997518513,100855200
2015-12-31,23.755868911743164,24.155335065776598,23.656565851637144,24.150822072980475,163649200
2016-01-04,23.77617835998535,23.78069307433639,23.020125560934314,23.15779507703764,270597600
2016-01-05,23.180362701416016,23.889021307034476,23.1126574851651,23.866452901617503,223164000
2016-01-06,22.726730346679688,23.103629776733978,22.539411032061107,22.695134234726723,273829600
2016-01-07,21.767560958862305,22.598091114446778,21.763047966009083,22.270844894024773,324377600
2016-01-08,21.882659912109375,22.367888384113957,21.83752310060806,22.241503934423086,283192000
2016-01-11,22.23698616027832,22.35660024397062,21.96841751978212,22.33628919814759,198957600
2016-01-12,22.559720993041992,22.724473616163657,22.306950387742376,22.692877505733563,196616800
2016-01-13,21.979698181152344,22.83731108482356,21.95938713939609,22.640962405221053,249758400
2016-01-14,22.460420608520508,22.677082136934686,21.607322082128857,22.108348638100864,252680400
2016-01-15,21.9210262298584,22.051925392953642,21.521560112936886,21.711136786226017,319335600
2016-01-19,21.814960479736328,22.264078244149463,21.553162082399982,22.209913711612767,212350800
2016-01-20,21.844301223754883,22.160264182280997,21.083733454099974,21.462888659959393,289337600
2016-01-21,21.73370361328125,22.090288500107565,21.426768522496506,21.905224847298413,208646000
2016-01-22,22.889225006103516,22.89825271239898,22.200879189198982,22.259556697331114,263202000
2016-01-25,22.442363739013672,22.914049749437755,22.390454860586807,22.911792392499496,207178000
2016-01-26,22.566486358642578,22.767348039958595,22.133166892558034,22.552945663408217,300308000
2016-01-27,21.083730697631836,21.808187533033102,21.065675280222983,21.675032703826414,533478800
2016-01-28,21.23493766784668,21.331983369121573,20.851269577332417,21.167232445798984,222715200
2016-01-29,21.968421936035156,21.968421936035156,21.29361674669528,21.39291980452718,257666000
2016-02-01,21.763042449951172,21.826234665034523,21.53058463509796,21.77207015522861,163774000
2016-02-02,21.322959899902344,21.6750319173024,21.27782135801816,21.535105020250406,149428800
2016-02-03,21.7449951171875,21.855581534663806,21.23268513585658,21.440317268792324,183857200
2016-02-04,21.91971206665039,22.085358688228332,21.59976685401658,21.75179757017025,185886800
2016-02-05,21.334280014038086,21.99232560862704,21.259400318732908,21.9015604005454,185672400
2016-02-08,21.558927536010742,21.715495769016933,21.111910247219463,21.132331513227943,216085600
2016-02-09,21.554384231567383,21.76995180866636,21.313857911151835,21.39554642208585,177324800
2016-02-10,21.391010284423828,21.862988030728157,21.35243562960538,21.765415724821036,169374400
2016-02-11,21.26166343688965,21.493114752274785,21.009790863136274,21.28208642645985,200298800
2016-02-12,21.32746696472168,21.44319261595702,21.105094084844062,21.37285042167763,161405600
2016-02-16,21.92878532409668,21.97643665761015,21.468154035597856,21.56118709687598,196231600
2016-02-17,22.264619827270508,22.285041088918415,21.817602633931287,21.93559618514665,179452800
2016-02-18,21.842559814453125,22.43933803016862,21.80398344070875,22.42799173238463,156084000
2016-02-19,21.792638778686523,21.956015771329387,21.73818035820623,21.78356208673948,141496800
2016-02-22,21.983243942260742,21.987783153799384,21.765408530858885,21.853904112640826,137123200
2016-02-23,21.486316680908203,21.89702720718241,21.454549111539077,21.874336333519135,127770400
2016-02-24,21.806259155273438,21.86979428577765,21.17544360069238,21.32520646362585,145022800
2016-02-25,21.95601463317871,21.95601463317871,21.613376887547727,21.794907254674552,110330800
2016-02-26,21.990062713623047,22.241933669567196,21.915181270157163,22.055865729902195,115964400
2016-02-29,21.940134048461914,22.28957893074847,21.93105735566461,21.978708694448848,140865200
2016-03-01,22.811466217041016,22.865924619786647,22.10576966159033,22.157960190489224,201628400
2016-03-02,22.861400604248047,22.893168168824754,22.609527962816713,22.806942169431185,132678400
2016-03-03,23.031579971313477,23.079231308337462,22.793321554991476,22.822821238293518,147822800
2016-03-04,23.374229431152344,23.542143997578975,23.002093510313355,23.22900574161532,184220400
2016-03-07,23.115537643432617,23.333373064817575,22.90904678901025,23.233531180815373,143315600
2016-03-08,22.92493438720703,23.090581019517717,22.78198035500638,22.868206349336596,126247600
2016-03-09,22.945350646972656,23.049729998276305,22.75247398985753,22.988462765883884,108806800
2016-03-10,22.956697463989258,23.19949334938229,22.725247876434086,23.011157616168585,134054400
2016-03-11,23.20404052734375,23.208578009315495,23.03158678197353,23.19950131416942,109632800
2016-03-14,23.263025283813477,23.35152258621243,23.095110832208753,23.124610510075655,100304400
2016-03-15,23.730470657348633,23.866617587309353,23.564824042908292,23.589784515374674,160270800
2016-03-16,24.045875549316406,24.12302483245281,23.732735742887154,23.737274954366907,153214000
2016-03-17,24.007307052612305,24.15933778326067,23.81669993931986,23.943770194046568,137682800
2016-03-18,24.034528732299805,24.166138163136797,23.868883872110054,24.129831396891323,176820800
2016-03-21,24.032258987426758,24.427085518007257,23.85753571807211,24.036796467253346,142010800
2016-03-22,24.2160587310791,24.345398554248845,23.873420987481342,23.88249767890401,129777600
2016-03-23,24.082181930541992,24.29547987075625,24.02999311402278,24.161602555057197,102814000
2016-03-24,23.977807998657227,24.109417469508774,23.800816787402866,23.932426258254416,104532000
2016-03-28,23.868892669677734,24.095804848741267,23.839392978429853,24.052690980734383,77645600
2016-03-29,24.433895111083984,24.45885558069643,23.798540535643134,23.80081014139025,124760400
2016-03-30,24.860490798950195,25.055635356609592,24.642655376000597,24.65400167424672,182404400
2016-03-31,24.73115348815918,24.93764436515272,24.70619301443024,24.896800110978297,103553600
2016-04-01,24.958066940307617,24.9603365465485,24.55189398330587,24.683503446039865,103496000
2016-04-04,25.214479446411133,25.457275384549654,25.021602728478562,25.05563989818445,149424800
2016-04-05,24.917219161987305,25.125979626582534,24.82872357432712,24.849146565203664,106314800
2016-04-06,25.17816925048828,25.182708462473773,24.77880342466941,25.012524368262575,105616400
2016-04-07,24.629045486450195,25.05563971418443,24.533742796935478,24.948990724450283,127207600
2016-04-08,24.656278610229492,24.90814954039236,24.545090394208763,24.71300665592076,94326800
2016-04-11,24.737964630126953,25.09875588967212,24.694852493966817,24.726620060064818,117630000
2016-04-12,25.060182571411133,25.07379674869256,24.65627915417122,24.810577779900978,108929200
2016-04-13,25.423236846923828,25.491309451470528,25.141866272819133,25.141866272819133,133029200
2016-04-14,25.436851501464844,25.502656232276333,25.262129908842983,25.327934639654472,101895600
2016-04-15,24.926300048828125,25.48223587105358,24.899071698013767,25.439122007327693,187756000
2016-04-18,24.388517379760742,24.722076768763625,24.265984617366893,24.70846259445394,243286000
2016-04-19,24.259178161621094,24.50651156776309,24.104877834353754,24.47928148723276,129539600
2016-04-20,24.309097290039062,24.526932739876617,24.066301365940745,24.19791082455164,122444000
2016-04-21,24.045875549316406,24.26371095789218,23.94376406544524,24.26371095789218,126210000
2016-04-22,23.980073928833008,24.16160432502004,23.739547625407024,23.82804321746761,134732400
2016-04-25,23.843929290771484,23.973269147854865,23.714589433688104,23.825775903166228,112126400
2016-04-26,23.678285598754883,23.893853208130416,23.578445416932862,23.578445416932862,224064800
2016-04-27,22.196544647216797,22.398496305875128,21.71095282401562,21.783564636890503,458408400
2016-04-28,21.518083572387695,22.21016471892966,21.386474085603044,22.148899188848606,328970800
2016-04-29,21.270742416381836,21.493117063784947,20.99164146812114,21.32747044844157,274126000
2016-05-02,21.2480525970459,21.347894492376604,20.966682028898372,21.32293401854393,192640400
2016-05-03,21.597497940063477,21.724568186747554,21.257129723986328,21.37512327716407,227325200
2016-05-04,21.37285614013672,21.760875712117674,21.28889802070602,21.602036167076005,164102000
2016-05-05,21.286102294921875,21.47558646786894,21.15825839112268,21.45960597989404,143562000
2016-05-06,21.167387008666992,21.334040393870385,20.96877091081266,21.31577822602421,174799600
2016-05-09,21.18337059020996,21.407097419269714,21.13771080956534,21.23131205357991,131745600
2016-05-10,21.327198028564453,21.361442433506753,21.02813382500346,21.306652430644746,134747200
2016-05-11,21.119447708129883,21.36143843878082,21.10803232803627,21.34089284470327,114876400
2016-05-12,20.624053955078125,21.181091192647486,20.425439532177116,21.167394126721312,305258800
2016-05-13,20.66514015197754,20.927678194273145,20.54642822195066,20.54642822195066,177571200
2016-05-16,21.432212829589844,21.548643109170396,20.923118832572783,21.092055689983834,245039200
2016-05-17,21.343177795410156,21.619412966896792,21.233597793399337,21.585170304857616,187667600
2016-05-18,21.587451934814453,21.735843189676448,21.434495572272688,21.49613584727728,168249600
2016-05-19,21.505260467529297,21.605710227777053,21.36143609950914,21.605710227777053,121768400
2016-05-20,21.73811912536621,21.78606057732969,21.578312543745835,21.605708405614447,128104000
2016-05-23,22.014360427856445,22.187864118616265,21.840856737096626,21.886516519792693,152074400
2016-05-24,22.349956512451172,22.393331136760352,22.10796397429735,22.19471670640158,140560800
2016-05-25,22.742618560791016,22.770012689521316,22.397894593079144,22.525738505134335,152675200
2016-05-26,22.922969818115234,22.99602372787253,22.51888901903378,22.756314661180642,225324800
2016-05-27,22.90927505493164,22.936670929078108,22.658152304689207,22.701528669985386,145364800
2016-05-31,22.79740333557129,22.920682111834168,22.559977737777103,22.738046500687176,169228800
2016-06-01,22.477792739868164,22.724350301749695,22.44811519217111,22.60563662747681,116693200
2016-06-02,22.30885887145996,22.336252998569663,22.060017852510565,22.28146300260769,160766400
2016-06-03,22.354511260986328,22.434413681098395,22.24721297894635,22.324833716871023,114019600
2016-06-06,22.516599655151367,23.260837361939867,22.270043863345098,22.37049187417649,93170000
2016-06-07,22.607921600341797,22.799689186633326,22.59194111329604,22.65814648584059,89638000
2016-06-08,22.587379455566406,22.728920436230982,22.528022605299768,22.605641628019992,83392400
2016-06-09,22.749465942382812,22.827084958849852,22.477795901263008,22.48692785762547,106405600
2016-06-10,22.562271118164062,22.680983098575187,22.482368656181283,22.493782298325655,126851600
2016-06-13,22.22209930419922,22.628463395674473,22.167309325134816,22.530297073073815,152082000
2016-06-14,22.2495059967041,22.482366569143807,22.087417662659107,22.217545014877924,127727600
2016-06-15,22.17644500732422,22.466378918012488,22.15133256650107,22.331684758893555,117780800
2016-06-16,22.270051956176758,22.315710001170025,21.932176501301175,22.018927483485488,125307200
2016-06-17,21.76323699951172,22.064584588371037,21.756388467769415,22.05773605662873,244032800
2016-06-20,21.710731506347656,22.046323539247357,21.694751016292564,21.916196194015104,137647600
2016-06-21,21.895648956298828,21.99609699694683,21.614846947226162,21.67420379516088,142185600
2016-06-22,21.813459396362305,22.11937205752693,21.767799620391372,21.973264257904667,116876400
2016-06-23,21.93902015686035,21.982396509181385,21.744970896161714,21.90249407733399,128960800
2016-06-24,21.3226318359375,21.610282384378795,21.15141156167956,21.210768411110266,301245600
2016-06-27,21.01215171813965,21.242728835816965,20.888872914878785,21.231313454466964,181958400
2016-06-28,21.36600112915039,21.381983356170746,21.034976044786063,21.208479700478406,161779600
2016-06-29,21.550918579101562,21.585162971248856,21.37513151222512,21.452752250541796,146124000
2016-06-30,21.824878692626953,21.863688205957693,21.528097909709587,21.560058890304642,143345600
2016-07-01,21.891080856323242,22.023491608865225,21.763236952761357,21.79976303588937,104106000
2016-07-05,21.68561553955078,21.779216781642216,21.56462017137795,21.776933357221267,110820800
2016-07-06,21.808895111083984,21.838574404388872,21.544075346297866,21.596581917657563,123796400
2016-07-07,21.902498245239258,22.030342160522967,21.829444330542465,21.847706502909627,100558400
2016-07-08,22.071430206298828,22.11937166390841,21.927605833470086,22.028053855333923,115648400
2016-07-11,22.139915466308594,22.292871769768755,22.08284206277193,22.08740716868836,95179600
2016-07-12,22.24036979675293,22.304291748213068,22.17188273807816,22.183296376986014,96670000
2016-07-13,22.11481285095215,22.29744677833486,22.10796257642211,22.23809166635046,103568800
2016-07-14,22.553133010864258,22.59879105048033,22.217541020284173,22.233521508324053,155676000
2016-07-15,22.55084991455078,22.669563606068355,22.486927961460978,22.582810891095686,120548000
2016-07-18,22.790559768676758,22.85904683146646,22.509757760185277,22.53258678111518,145975600
2016-07-19,22.799694061279297,22.82937161735444,22.67869692864334,22.728921824880373,95119600
2016-07-20,22.820232391357422,22.934379213087944,22.770007511117225,22.829364346104935,105104000
2016-07-21,22.69923973083496,23.05766072390316,22.63075093297786,22.790557547396936,130808000
2016-07-22,22.523456573486328,22.669564397576554,22.443552387591627,22.660432440853082,113254800
2016-07-25,22.22209930419922,22.564539721400298,22.126216405401003,22.429847326670714,161531600
2016-07-26,22.069150924682617,22.36593342282285,22.01207750132816,22.10339532704382,224959200
2016-07-27,23.502836227416992,23.8224477626889,23.45717818312504,23.80418384827502,369379200
2016-07-28,23.82016372680664,23.84527617304574,23.473158070559652,23.47544149523849,159479200
2016-07-29,23.79048728942871,23.86810805646754,23.66949190191264,23.7859221815995,110934800
2016-08-01,24.21055030822754,24.233379332449942,23.836148737402805,23.836148737402805,152671600
2016-08-02,23.85213279724121,24.21511903939257,23.742551026138198,24.210553930562224,135266400
2016-08-03,24.151185989379883,24.162599627092934,23.918325485731373,23.927457440947233,120810400
2016-08-04,24.300382614135742,24.330220933913676,24.16495877568354,24.233818592005388,109634800
2016-08-05,24.66993522644043,24.708954985330525,24.37154492052897,24.39220182187838,162213600
2016-08-08,24.874208450317383,24.874208450317383,24.596476894637274,24.679106222145144,112148800
2016-08-09,24.975202560424805,25.00504263353333,24.79157928894944,24.842076257738015,105260800
2016-08-10,24.789281845092773,24.995859544037458,24.734195042433488,24.952248210044168,96034000
2016-08-11,24.773218154907227,25.002748573556907,24.754855301132505,24.90864026134504,109938000
2016-08-12,24.830596923828125,24.890275313788013,24.738784420315493,24.738784420315493,74641600
2016-08-15,25.128984451293945,25.14275571244474,24.807641598746702,24.821412859897496,103472800
2016-08-16,25.106037139892578,25.30113940118224,25.067017388105914,25.16341974587703,135177600
2016-08-17,25.06930923461914,25.103739143023226,24.86732137261004,25.041764957660295,101424000
2016-08-18,25.03717041015625,25.15652541883444,25.023397398679013,25.071600312083007,87938800
2016-08-19,25.101444244384766,25.177189695340626,24.87191384840552,24.966020400144476,101472400
2016-08-22,24.906341552734375,25.041763633805925,24.754850664236244,24.98667683397833,103280800
2016-08-23,24.984390258789062,25.092269855341797,24.91094058152441,24.924711848768272,85030800
2016-08-24,24.796171188354492,24.96143337224892,24.715835890955297,24.920117826275312,94700400
2016-08-25,24.690587997436523,24.76174186953064,24.486306057210424,24.649272450470672,100344800
2016-08-26,24.545982360839844,24.777806811778337,24.401377083228862,24.653861932651832,111065200
2016-08-29,24.518428802490234,24.66073823183726,24.396778012631387,24.472523438792418,99881200
2016-08-30,24.33022117614746,24.444986370374572,24.21545598192035,24.28431579892777,99455600
2016-08-31,24.353174209594727,24.46105377388423,24.24759043955208,24.2521820280458,118649600
2016-09-01,24.49777603149414,24.513843086606485,24.242997192442903,24.362352208823516,106806000
2016-09-02,24.727306365966797,24.7892787924297,24.518432898539377,24.72041898420188,107210000
2016-09-06,24.720422744750977,24.858142382156956,24.67681316067182,24.76632987427895,107521600
2016-09-07,24.871919631958008,24.96373216193478,24.57582514215156,24.75026877398959,169457200
2016-09-08,24.220048904418945,24.621727135381228,24.155780667653477,24.617137297545746,212008000
2016-09-09,23.671463012695312,24.265947495844006,23.671463012695312,24.018054311723837,186228000
2016-09-12,24.201684951782227,24.265953180979132,23.5337506743903,23.561294951693792,181171200
2016-09-13,24.777801513671875,24.970607925533727,24.614835169185667,24.676809346675345,248704800
2016-09-14,25.654611587524414,25.943820376781805,24.927000652568726,24.956840724799267,443554800
2016-09-15,26.52682876586914,26.563554471137767,26.049405104445068,26.134331984495258,359934400
2016-09-16,26.37763786315918,26.655369486666974,26.175651705474863,26.423545002072633,319547600
2016-09-19,26.070064544677734,26.66684326402679,25.99431908864002,26.439608647091717,188092000
2016-09-20,26.067766189575195,26.194008603903818,25.824464537790462,25.948411157900956,138057200
2016-09-21,26.06317138671875,26.164163547762563,25.80839256356215,26.132029439542592,144012800
2016-09-22,26.30877685546875,26.38222651838284,26.166467367432283,26.246802662622994,124296000
2016-09-23,25.8703670501709,26.347790626353195,25.604112739223883,26.262863761466306,209924800
2016-09-26,25.909395217895508,26.026456231636505,25.604121066169935,25.62477796502985,119477600
2016-09-27,25.957590103149414,25.97824874817638,25.785442316362023,25.936933209300292,98429600
2016-09-28,26.15498924255371,26.31336578415655,26.035634201133718,26.09531259743273,118564400
2016-09-29,25.74872398376465,26.12056391477913,25.661503049852808,25.973664578096965,143548000
2016-09-30,25.948415756225586,26.021865423620664,25.661502719341968,25.812991892203854,145516400
2016-10-03,25.826759338378906,25.94841191901747,25.771672533773295,25.87037067391307,86807200
2016-10-04,25.936931610107422,26.23761583211321,25.852004743437956,25.95070287182441,118947200
2016-10-05,25.948415756225586,26.088429458319048,25.865784661508847,26.028751056317358,85812400
2016-10-06,26.141216278076172,26.244504254294586,25.96677268933728,26.097604943096968,115117200
2016-10-07,26.180233001708984,26.294998184779672,26.053992351037856,26.23761559324433,97433600
2016-10-10,26.637008666992188,26.797679276960885,26.33173275687335,26.400590839212086,144944000
2016-10-11,26.694385528564453,27.242963030251325,26.671431088217037,27.01572667929305,256164000
2016-10-12,26.93309211730957,27.07999316160458,26.797670042883,26.935387911283257,150347200
2016-10-13,26.8504638671875,26.956047628874412,26.561255106197756,26.80685253583808,140769600
2016-10-14,26.99966049194336,27.123607118866815,26.88489529121919,27.05704309230544,142608800
2016-10-17,26.981300354003906,27.047862631763685,26.8045609579191,26.930803383693963,94499600
2016-10-18,26.962936401367188,27.132788407246363,26.95834481270187,27.125902775426365,98214000
2016-10-19,26.882598876953125,27.029498180829002,26.12055808140532,26.91243719608553,80138400
2016-10-20,26.86882781982422,26.942277477110643,26.701271610004238,26.82292244071194,96503200
2016-10-21,26.76323699951172,26.8343925949301,26.689787361566374,26.81143816024046,92770800
2016-10-24,27.004253387451172,27.02491028401574,26.855058269054144,26.878010960074132,94154800
2016-10-25,27.141971588134766,27.167220073892395,26.926212437543427,27.073111763127034,192516000
2016-10-26,26.531414031982422,26.556662512209698,26.008085080322005,26.23761544516799,264536800
2016-10-27,26.276641845703125,26.59339317792539,26.189419170017576,26.48551360611097,138248000
2016-10-28,26.102195739746094,26.44419552407986,26.040221554952822,26.136625647833704,151446800
2016-10-31,26.060884475708008,26.21926102818684,25.982843221161133,26.086132962369216,105677600
2016-11-01,25.590347290039062,26.113676393106815,25.36999828617781,26.042522519795494,175303200
2016-11-02,25.613298416137695,25.787742023548795,25.530669077025184,25.5696888276685,113326800
2016-11-03,25.338756561279297,25.7148113997691,25.274158356892737,25.60407212372615,107730400
2016-11-04,25.110355377197266,25.435655765198014,24.941938868936504,25.038836182744273,123348000
2016-11-07,25.472564697265625,25.49563522998178,25.25339023604011,25.39643035515038,130240000
2016-11-08,25.62252426147461,25.774792947021243,25.30876008535018,25.449492624354615,97016800
2016-11-09,25.580997467041016,25.68250992752007,24.928092738526715,25.350288609711452,236705600
2016-11-10,24.86811065673828,25.629448912912636,24.415921458243243,25.629448912912636,228538000
2016-11-11,25.015762329101562,25.117274793064155,24.582030296098672,24.71353427888251,136575600
2016-11-14,24.388233184814453,24.8727214349155,24.012178379675365,24.849650901133337,204702000
2016-11-15,24.711225509643555,24.84272948610668,24.4920528022613,24.586642517178138,129058000
2016-11-16,25.375673294067383,25.43104470148259,24.59357020606339,24.616640745735054,235362000
2016-11-17,25.36643409729004,25.45871797747786,25.10804134496648,25.334135003249596,110528000
2016-11-18,25.391813278198242,25.502554291123282,25.299531154290843,25.313373120843217,113715600
2016-11-21,25.777097702026367,25.837080728996217,25.380278242780214,25.4056563542554,117058400
2016-11-22,25.793254852294922,25.93629323895214,25.70097094338013,25.82785977798995,103862000
2016-11-23,25.66175079345703,25.726349001493862,25.454112438932103,25.691742315711515,109705600
2016-11-25,25.790943145751953,25.809400276616874,25.597146792008044,25.638674456369674,45903600
2016-11-28,25.740184783935547,25.947823088545327,25.698657123013593,25.707885687681664,108776000
2016-11-29,25.71480941772461,25.846313397995214,25.394124241974033,25.55792732194837,114115200
2016-11-30,25.497940063476562,25.885530982668666,25.440262853835883,25.74710603156479,144649200
2016-12-01,25.260313034057617,25.594841943058903,25.154187167806192,25.463337960946383,148347600
2016-12-02,25.354904174804688,25.39873766147787,25.112659166697906,25.186485931807862,106112000
2016-12-05,25.172645568847656,25.384897312054523,24.974235794928926,25.377976327410455,137298000
2016-12-06,25.36643409729004,25.461025558528924,25.191096661118657,25.262615832184125,104782000
2016-12-07,25.6156005859375,25.652514842858533,25.184176209226976,25.207246739718297,119994800
2016-12-08,25.86707878112793,25.93859796658698,25.516400317872215,25.576385116091817,108273200
2016-12-09,26.289278030395508,26.462309702627604,25.910915581261523,25.910915581261523,137610400
2016-12-12,26.139310836791992,26.53151513912904,25.952435489766913,26.137003255671797,105497600
2016-12-13,26.575349807739258,26.74376626234758,26.24312854032644,26.263891489455425,174935200
2016-12-14,26.575349807739258,26.80836445097371,26.52690116626966,26.54074313235565,136127200
2016-12-15,26.720693588256836,26.930639444615725,26.584576238882732,26.619181151321243,186098000
2016-12-16,26.75531005859375,26.877585487769416,26.681483284742264,26.870664502747267,177404400
2016-12-19,26.909875869750977,27.080599898918678,26.704545166519516,26.716081311263622,111117600
2016-12-20,26.98140525817871,27.108295857750768,26.919114629405573,26.932956600206442,85700000
2016-12-21,27.006776809692383,27.08521873221407,26.942178614773816,26.946793777364455,95132800
2016-12-22,26.829132080078125,26.87988830814205,26.679170977208024,26.842974047670534,104343600
2016-12-23,26.882198333740234,26.882198333740234,26.667639001656163,26.667639001656163,56998000
2016-12-27,27.05292320251465,27.177506206360043,26.875276382891595,26.8821973675215,73187600
2016-12-28,26.93756675720215,27.228258651006673,26.808368599786792,27.112904221988366,83623600
2016-12-29,26.930646896362305,27.018315632412065,26.85451254759413,26.86604693487572,60158000
2016-12-30,26.720693588256836,27.039071103870537,26.630717295579736,26.91218231786953,122345200
2017-01-03,26.79683494567871,26.838362611667527,26.476149765052995,26.71608719519183,115127600
2017-01-04,26.766847610473633,26.87989624642704,26.704556977743042,26.72762751726662,84472400
2017-01-05,26.9029598236084,26.960637037575456,26.718392034846257,26.743770149805272,88774400
2017-01-06,27.2028865814209,27.260563805016307,26.870665210257194,26.942184404261365,127007600
2017-01-09,27.452045440673828,27.553557897454613,27.209802205404447,27.212108026572132,134247600
2017-01-10,27.479736328125,27.54202695462928,27.292862688443005,27.401294389382365,97848400
2017-01-11,27.62738609313965,27.668913758508953,27.36207055106736,27.394369650780273,110354400
2017-01-12,27.512027740478516,27.523563885946604,27.27209034812538,27.43128000270791,108344800
2017-01-13,27.46358299255371,27.59739455421782,27.41051918011142,27.479732542398075,104447600
2017-01-17,27.685062408447266,27.740432040416877,27.27440093101565,27.302084866916022,137759200
2017-01-18,27.682756423950195,27.800418438820728,27.61815822289781,27.68506400546463,94852000
2017-01-19,27.634309768676758,27.705828959267983,27.539720041782147,27.546641026656253,102389200
2017-01-20,27.685062408447266,27.788880688411396,27.622771792502558,27.788880688411396,130391600
2017-01-23,27.703527450561523,27.871943975947026,27.632006488667027,27.68507031457782,88200800
2017-01-24,27.67814064025879,27.708132156690723,27.5697072006043,27.58124334701517,92844000
2017-01-25,28.118799209594727,28.16955544761756,27.7496653332957,27.78196443746129,129510400
2017-01-26,28.13263511657715,28.24798953085189,28.054193199582617,28.070342747174333,105350400
2017-01-27,28.134946823120117,28.22723072587861,28.054199068269828,28.178782072968435,82251600
2017-01-30,28.061120986938477,28.061120986938477,27.837334847524577,27.899625471862652,121510000
2017-01-31,27.996522903442383,28.005751470082693,27.828106402721776,27.950381830409942,196804000
2017-02-01,29.703763961791992,30.105198621684547,29.302331062068244,29.306944464520072,447940000
2017-02-02,29.653017044067383,29.851426854997612,29.479985355012136,29.52612819486182,134841600
2017-02-03,29.77989387512207,29.805271985255317,29.567642190524506,29.602247104189345,98029200
2017-02-06,30.059051513671875,30.107501916278675,29.738366385032283,29.79143194987243,107383600
2017-02-07,30.34514045715332,30.47433687416009,30.095974429923828,30.116737385441702,152735200
2017-02-08,30.462797164916992,30.504326591437092,30.27361772507943,30.303611004214062,92016400
2017-02-09,30.682926177978516,30.689877169847744,30.381703566441082,30.504509136932313,113399600
2017-02-10,30.613405227661133,30.803408387165437,30.597187429137758,30.69218900888991,80262000
2017-02-13,30.884502410888672,31.007311478797693,30.759381060543703,30.835845482932317,92141600
2017-02-14,31.28536605834961,31.301583858074522,30.87523993009798,30.926216218834362,132904800
2017-02-15,31.39889144897461,31.574992586148046,31.192670540126333,31.401210802210752,142492400
2017-02-16,31.361831665039062,31.489268856048277,31.243657747818663,31.435976746957113,90338400
2017-02-17,31.447566986083984,31.473055134709295,31.303908440523752,31.303908440523752,88792800
2017-02-21,31.674638748168945,31.68622491229545,31.507807884429813,31.565735169461433,98028800
2017-02-22,31.769630432128906,31.77194624999132,31.537921364295013,31.612066427489967,83347600
2017-02-23,31.63524627685547,31.855369236561085,31.58195416853952,31.832200445624018,83152800
2017-02-24,31.66537857055664,31.66537857055664,31.345618758815977,31.491596679063086,87106400
2017-02-27,31.727924346923828,31.846098246912685,31.577314851000985,31.776584812025153,81029600
2017-02-28,31.741832733154297,31.84610112711568,31.674635110298848,31.762685704826477,93931600
2017-03-01,32.390621185302734,32.47403662243283,31.883181106329225,31.95037520553905,145658400
2017-03-02,32.19829177856445,32.50414589208368,32.15194713917099,32.439267639652336,104844000
2017-03-03,32.388301849365234,32.39988801296421,32.112567419472995,32.15659271978866,84432400
2017-03-06,32.28635787963867,32.38599467044894,32.11489534079567,32.293308872532215,87000000
2017-03-07,32.32806396484375,32.43464820171065,32.158913727326784,32.22147619237555,69785200
2017-03-08,32.207557678222656,32.39292562377837,32.16585174666235,32.19597151870052,74828800
2017-03-09,32.13341522216797,32.15890336374425,31.75573180593775,32.14732073760971,88623600
2017-03-10,32.24000930786133,32.29098560105037,32.12415473890458,32.26549745445585,78451200
2017-03-13,32.25390625,32.30719835342371,32.1658591955609,32.17281018576398,69686800
2017-03-14,32.20524597167969,32.35817127585512,32.17048748867623,32.277075220046925,61236400
2017-03-15,32.54584884643555,32.61304290314798,32.21450312620831,32.302553680713245,102767200
2017-03-16,32.59915542602539,32.67561985700658,32.499518669680036,32.60610641651455,76928000
2017-03-17,32.43696212768555,32.67098707433795,32.41378980062658,32.67098707433795,175540000
2017-03-20,32.77757263183594,32.78683944067793,32.49256787763799,32.53195800251727,86168000
2017-03-21,32.402198791503906,33.088059264033994,32.37671064979096,32.928179423798255,158119600
2017-03-22,32.768310546875,32.81002003617831,32.38367247437293,32.40452898682526,103440800
2017-03-23,32.6524543762207,32.80538327023991,32.58062510237565,32.731234642011984,81385200
2017-03-24,32.58757019042969,32.84245163428481,32.52037610192273,32.78684017318899,89582400
2017-03-27,32.643192291259766,32.721972568456096,32.11952725149214,32.297944320344044,94300400
2017-03-28,33.31977081298828,33.37537873675065,32.582934002732934,32.65013162474638,133499200
2017-03-29,33.39391326904297,33.479648037448705,33.17842551017487,33.2919607026795,116760000
2017-03-30,33.34990310668945,33.481979046383415,33.25026984883059,33.41014976083832,84829200
2017-03-31,33.287330627441406,33.42867332187341,33.13671758894155,33.301232607942865,78646800
2017-04-03,33.29660415649414,33.3939215752472,33.1459946231956,33.29892351077941,79942800
2017-04-04,33.54452896118164,33.57233292308607,33.17379296965375,33.192330122790196,79565600
2017-04-05,33.37075424194336,33.70441599832726,33.322093762636875,33.41709536686308,110871600
2017-04-06,33.287330627441406,33.48660059769635,33.23867016008599,33.433304958307005,84596000
2017-04-07,33.21319580078125,33.40783067977577,33.19697799533261,33.30356224714312,66688800
2017-04-10,33.173797607421875,33.33831265475705,33.11123514879008,33.27343437750961,75733600
2017-04-11,32.816959381103516,33.215499296723564,32.45317441456657,33.120497721762945,121517600
2017-04-12,32.85634994506836,32.93744600588938,32.6732977824949,32.81000883379918,81400000
2017-04-13,32.68257522583008,32.990748809335685,32.68257522583008,32.88184522961562,71291600
2017-04-17,32.86330795288086,32.8748941170724,32.64086562144642,32.782208339141,66328400
2017-04-18,32.71733474731445,32.91196960543955,32.69648177014421,32.765995229646435,58790000
2017-04-19,32.596839904785156,32.90269766467193,32.543547792902174,32.874893699446176,69313600
2017-04-20,33.00465393066406,33.115873339566704,32.70806648318951,32.721968467352184,93278400
2017-04-21,32.96526336669922,33.0602614357712,32.86794594322956,33.00465349984638,69283600
2017-04-24,33.28269577026367,33.35452502726758,33.17610802607698,33.25025663691996,68537200
2017-04-25,33.48891067504883,33.57464189717814,33.33598184454813,33.34525218702681,75486000
2017-04-26,33.29195785522461,33.50513331335182,33.22244796192211,33.475010002520825,80164800
2017-04-27,33.317447662353516,33.40318242771786,33.20622829190253,33.34757097469234,56985200
2017-04-28,33.28501510620117,33.43562816204325,33.19696804102041,33.38696768908486,83441600
2017-05-01,33.96392059326172,34.10757910510044,33.58855297943781,33.62099211229172,134411600
2017-05-02,34.17940139770508,34.313793073749125,34.02415675527478,34.186352386500495,181408800
2017-05-03,34.07513427734375,34.17477101305747,33.42866754651177,33.73452167150333,182788000
2017-05-04,33.952327728271484,34.093670394003,33.785496924929376,33.95001191052493,93487600
2017-05-05,34.51539993286133,34.52003157068391,34.00563692426587,34.00563692426587,109310800
2017-05-08,35.45380783081055,35.613687674210674,34.5316066102536,34.5316066102536,195009600
2017-05-09,35.680885314941406,35.88710627097497,35.555760421941116,35.6530778189412,156521600
2017-05-10,35.51172637939453,35.669290365912886,35.24526239627006,35.59746112884104,103222800
2017-05-11,35.81885528564453,35.846777561546396,35.43728398346313,35.469857013520304,109020400
2017-05-12,36.31907653808594,36.39352763265037,35.986363113390176,35.99334279256207,130108000
2017-05-15,36.226009368896484,36.44704083339217,36.074778248502845,36.29813508939785,104038800
2017-05-16,36.17251205444336,36.30978387200854,35.99801289815713,36.281865143064955,80194000
2017-05-17,34.95799255371094,35.963109251694405,34.83235474155996,35.737423425069245,203070800
2017-05-18,35.49080276489258,35.67693592190662,35.162747025246915,35.19532006145977,134272800
2017-05-19,35.61178207397461,35.82583391523636,35.51173760966273,35.68623674060161,107843200
2017-05-22,35.82816696166992,35.96543877507769,35.57688775820464,35.83049233894665,91865600
2017-05-23,35.78395462036133,36.03988454031888,35.669947247258676,36.03988454031888,79675600
2017-05-24,35.676937103271484,35.87004994942603,35.521051599791384,35.79326988648304,76712000
2017-05-25,35.80025100708008,35.911933039588206,35.604812775483275,35.76767796848061,76942400
2017-05-26,35.73975372314453,35.88633414933184,35.669953351141324,35.83049314169039,87710400
2017-05-30,35.75371170043945,35.930536225819196,35.67460627199543,35.695545317725745,80507600
2017-05-31,35.5419807434082,35.8700399526836,35.4535702669393,35.823507562406206,97804800
2017-06-01,35.63970184326172,35.67460380058862,35.416344937223215,35.6373764661842,65616400
2017-06-02,36.167850494384766,36.167850494384766,35.572227395105855,35.73276715471647,111082800
2017-06-05,35.814205169677734,35.93519224555093,35.70485563113581,35.909598893927644,101326800
2017-06-06,35.9351806640625,36.25160584115458,35.779295227213254,35.80721394718826,106499600
2017-06-07,36.14924240112305,36.29116851698473,35.94217022062264,36.06781159542178,84278400
2017-06-08,36.06082534790039,36.1887885264461,35.92355001151078,36.12131709685279,85003200
2017-06-09,34.662513732910156,36.107368405845925,33.973825671403006,36.107368405845925,259530800
2017-06-12,33.83422088623047,33.99010636502912,33.15716334309144,33.90867555979091,289229200
2017-06-13,34.1064453125,34.30653784622285,33.77140632113198,34.23906639249771,136661600
2017-06-14,33.77373123168945,34.31816775280594,33.46661100940151,34.31816775280594,126124800
2017-06-15,33.571319580078125,33.61552661437187,33.08737823148211,33.34563720270749,128661600
2017-06-16,33.10132598876953,33.62016912726743,33.08503769755581,33.452649661441285,201444400
2017-06-19,34.04827117919922,34.14133951686314,33.42472929272425,33.42472929272425,130165600
2017-06-20,33.73881912231445,34.17157704616285,33.72253438522746,34.17157704616285,99600400
2017-06-21,33.93892288208008,33.985458832564305,33.64576556508013,33.857492069121825,85063200
2017-06-22,33.88308334350586,34.132033622392534,33.76442164732189,33.91565637673013,76425200
2017-06-23,34.03432083129883,34.23906767819987,33.76210252813903,33.766756833803605,141757600
2017-06-26,33.92729568481445,34.49965100840859,33.824922264283494,34.241392079412726,102769600
2017-06-27,33.441017150878906,34.00639626054493,33.415423799409346,33.73882875878233,99047600
2017-06-28,33.92961883544922,33.99476490783932,33.308402220032775,33.61784783898308,88329600
2017-06-29,33.42936706542969,33.76673477693551,33.10363688558102,33.66901572298091,125997600
2017-06-30,33.50849151611328,33.72719768816281,33.45265050935776,33.60853599258162,92096400
2017-07-03,33.38750076293945,33.80629939195588,33.29443597879978,33.70858030355104,57111200
2017-07-05,33.5247802734375,33.68764545824093,33.206029586736875,33.43171546789119,86278400
2017-07-06,33.208343505859375,33.387496922424134,33.133892397150426,33.275818484263944,96515200
2017-07-07,33.54570770263672,33.67832873230761,33.247896167810374,33.247896167810374,76806800
2017-07-10,33.75045394897461,33.9575260840945,33.35724871988106,33.52942245309055,84362400
2017-07-11,33.85981750488281,33.93427218563015,33.59225354011056,33.673684353209055,79127200
2017-07-12,33.90867614746094,34.01104600008935,33.6946242825563,33.93892025269907,99538000
2017-07-13,34.380985260009766,34.54850472025517,33.838874166464805,33.85283352978623,100797600
2017-07-14,34.67646026611328,34.74393524087063,34.27860429846324,34.427510058025874,80528400
2017-07-17,34.797447204589844,35.10921808305502,34.56711066088786,34.62527702852062,95174000
2017-07-18,34.9184455871582,34.93007957450292,34.59038631508754,34.71369877051362,71475200
2017-07-19,35.13715744018555,35.23022225357628,34.888203561562975,35.01151603689348,83692000
2017-07-20,34.97892761230469,35.30466141629395,34.94402921018139,35.248820422703176,68974800
2017-07-21,34.962646484375,35.00219919426279,34.639241573933525,34.89750042688994,105010400
2017-07-24,35.38608932495117,35.467523656869794,34.876551394255884,35.03476575479095,85972800
2017-07-25,35.5373420715332,35.79327208016707,35.31863585766034,35.31863585766034,75415600
2017-07-26,35.70484924316406,35.81419876214221,35.61178091291465,35.6792558961197,63124000
2017-07-27,35.030113220214844,35.82815764265496,34.27162505255066,35.77231665078899,129905200
2017-07-28,34.783512115478516,34.95335703342569,34.711386337317215,34.87425157029367,68854800
2017-07-31,34.604347229003906,34.976613539533545,34.464750025201276,34.87656550412341,79383600
2017-08-01,34.911468505859375,34.95102122562267,34.529897123807544,34.69043693061989,141474400
2017-08-02,36.56106185913086,37.16831904468561,36.333050629937745,37.05896595972482,279747200
2017-08-03,36.195777893066406,36.57734921695769,36.06781114263458,36.54012188043312,108389200
2017-08-04,36.38656234741211,36.62155325627429,36.22369718531979,36.31211122339602,82239600
2017-08-07,36.949615478515625,36.975208831058765,36.451711342835544,36.54245076545312,87481200
2017-08-08,37.24509811401367,37.65226278763925,36.823974076752,36.900754126944705,144823600
2017-08-09,37.47311019897461,37.52197152301882,37.0194131193968,37.05431152928959,104526000
2017-08-10,36.2795295715332,37.37267871310609,36.11835932432111,37.349319363255844,163217200
2017-08-11,36.7840461730957,37.038650173535515,36.4547022567992,36.57849893001648,105028400
2017-08-14,37.33763885498047,37.42172751474677,37.08070029343457,37.213842156454525,88490800
2017-08-15,37.74640655517578,37.8865519604917,37.405379297047986,37.526841499630855,117862000
2017-08-16,37.594573974609375,37.958956980069274,37.40770988961722,37.825818680752455,110686400
2017-08-17,36.87281036376953,37.538512468065775,36.86813778210182,37.49413185256129,111762400
2017-08-18,36.78872299194336,37.25588137914264,36.606531506066496,36.87281164420466,109712400
2017-08-21,36.72098159790039,36.879813717152935,36.230463932424875,36.788717986608646,105474000
2017-08-22,37.3212776184082,37.37266531835174,36.91017958299497,36.95922921030965,86418400
2017-08-23,37.36799621582031,37.482451297101036,37.1110612563196,37.155441870778155,77596400
2017-08-24,37.20215606689453,37.54551773804493,37.03397877636636,37.47310520018072,79275600
2017-08-25,37.339969635009766,37.503474355966645,37.20215876764151,37.290916436654896,101920400
2017-08-28,37.71603012084961,37.83982679994081,37.356316191156566,37.4053693867094,103864000
2017-08-29,38.05238723754883,38.101436872228,37.372670929623744,37.39603027460902,118067600
2017-08-30,38.15517807006836,38.281309317201476,37.98232811408727,38.260288036702136,109078400
2017-08-31,38.306983947753906,38.42844611432662,38.185521781181194,38.22289530383977,107140400
2017-09-01,38.31867599487305,38.526561381116004,38.22057313931152,38.49386042926216,66364400
2017-09-05,37.858516693115234,38.3653831231186,37.50347531557039,38.248593524570296,117874000
2017-09-06,37.81880569458008,38.07107163537819,37.494130778616245,38.00566975044558,86606800
2017-09-07,37.66697692871094,37.895887089131044,37.45675709434637,37.86084807398001,87714000
2017-09-08,37.05266571044922,37.64128266590205,37.02930636727006,37.57354627329907,114446000
2017-09-11,37.72303009033203,37.85149932668642,37.34696754253176,37.48945095664577,126323200
2017-09-12,37.57354736328125,38.2976442532163,37.08536772823925,37.982310931826895,286856000
2017-09-13,37.29091262817383,37.363325163899525,36.8844871581796,37.34230033010291,179629600
2017-09-14,36.97092056274414,37.232528162109475,36.92653993839404,37.1367633857151,95042800
2017-09-15,37.344635009765625,37.59923542355935,36.905505074682935,37.01528755845361,196458400
2017-09-18,37.06201171875,37.48946208801053,36.90551408040912,37.39836634139014,113077600
2017-09-19,37.07603454589844,37.318958969620724,37.00829812944194,37.25822608162184,83242400
2017-09-20,36.454708099365234,36.96624356253601,35.93148939902498,36.882154906483755,211805600
2017-09-21,35.82870864868164,36.391635302280676,35.67921812284365,36.391635302280676,150046800
2017-09-22,35.47834014892578,35.56710137444985,35.16767942372686,35.39658601340253,186581600
2017-09-25,35.165348052978516,35.46432913347632,34.84067311880658,35.034544275777684,177549200
2017-09-26,35.770320892333984,35.95251239515675,35.43163174293966,35.45265301692629,146640000
2017-09-27,36.02491760253906,36.139372689130724,35.8637473906101,35.92448026127064,102016800
2017-09-28,35.80300521850586,36.03658432539284,35.66752890881529,35.94548861627229,88022000
2017-09-29,35.99922180175781,36.001559874586356,35.504035084523316,35.78666745834996,105199200
2017-10-02,35.92680740356445,36.07629791247327,35.67220699316481,36.03191730505529,74795200
2017-10-03,36.08331298828125,36.225796439570175,35.950174700693445,35.97353048167491,64921200
2017-10-04,35.849727630615234,35.93848884983833,35.61147945922963,35.884766642267266,80655200
2017-10-05,36.29587173461914,36.30755140744281,35.98287646210498,36.013239334483636,85135200
2017-10-06,36.274845123291016,36.31922573500782,36.10199525769272,36.197763570962124,69630400
2017-10-09,36.40098571777344,36.608871086309875,36.31923512717011,36.393978626125616,65051600
2017-10-10,36.41499710083008,36.90551486327479,36.22813658574244,36.45237062950196,62468000
2017-10-11,36.56682586669922,36.66726321574258,36.37996178674909,36.431349497838774,67622400
2017-10-12,36.438350677490234,36.75835300125002,36.37528330335977,36.520104812997694,64500400
2017-10-13,36.66960144042969,36.73733784307192,36.534125071009335,36.60886856481677,65576800
2017-10-16,37.344635009765625,37.372663366767526,36.823750947914164,36.88214573442473,96486000
2017-10-17,37.48245620727539,37.575886465853955,37.19281670306439,37.321285981711846,75989200
2017-10-18,37.31661605834961,37.538519175522126,37.27924609073712,37.47077920371068,65496800
2017-10-19,36.433677673339844,36.69061618412299,36.209443667688426,36.61353463088805,170336800
2017-10-20,36.49674987792969,36.847118676757816,36.42901347837597,36.58083853221387,95896400
2017-10-23,36.47805404663086,36.833095339145686,36.32155644975255,36.64623131339394,87937200
2017-10-24,36.695281982421875,36.77002544911113,36.48505863133073,36.50607989719947,71028800
2017-10-25,36.53411865234375,36.80039876224637,36.26783854244113,36.650908236759555,84828400
2017-10-26,36.767704010009766,36.865806849735726,36.62054796835289,36.72565789919243,68002000
2017-10-27,38.08509063720703,38.213559914636534,37.06901965515249,37.20683053269691,177816800
2017-10-30,38.94231033325195,39.25764356411785,38.241572988336145,38.28128101018524,178803200
2017-10-31,39.484222412109375,39.62670585228483,38.99370828012982,39.21794229356751,144187200
2017-11-01,38.98202133178711,39.694438399678916,38.683040326923454,39.67808614959768,134551200
2017-11-02,39.26700210571289,39.35809785729787,38.60597249738659,38.91429877298867,165573600
2017-11-03,40.29241180419922,40.703509911112626,39.97007136924219,40.6427806024966,237594400
2017-11-06,40.701175689697266,40.87402558116706,40.110220597525775,40.26204565220607,140105200
2017-11-07,40.83198547363281,40.93476090722803,40.54935659538225,40.62176558792353,97446000
2017-11-08,41.16599655151367,41.16599655151367,40.719859455978785,40.79694101417084,97638000
2017-11-09,41.0819091796875,41.13329688674589,40.441900914410205,40.902052204983136,117930400
2017-11-10,40.94594955444336,41.112388550230165,40.85218342357243,41.04909444457055,100582000
2017-11-13,40.78185272216797,40.90609444205388,40.64823224401809,40.67167556272979,67928400
2017-11-14,40.16532897949219,40.6669852263596,40.12782110121564,40.563840349573155,99130000
2017-11-15,39.63554382324219,39.92622451600959,39.471451326094524,39.84417647896168,116632400
2017-11-16,40.109066009521484,40.28956594566577,39.921530217200356,40.12781636950064,94550000
2017-11-17,39.886375427246094,40.1770561584031,39.76682307288123,40.09500811051927,87598000
2017-11-20,39.84651184082031,39.98247519185994,39.74805636116006,39.919181106025675,65049600
2017-11-21,40.5872917175293,40.71856574058504,40.03406292254518,40.03406292254518,100525200
2017-11-22,41.01392364501953,41.02329882517969,40.56618278223153,40.63885205355306,102355600
2017-11-24,41.01626968383789,41.14051139791506,40.94125392902628,41.04674528134861,56106800
2017-11-27,40.80998229980469,41.04205828063427,40.634168138343924,41.035026000331705,82867200
2017-11-28,40.570884704589844,40.99283590426478,40.28723623401388,40.85921897822076,105715200
2017-11-29,39.729305267333984,40.5357066749356,39.18545540122101,40.46772678302688,166665600
2017-11-30,40.28488540649414,40.352865306904945,39.485516178185506,39.95200745374328,166108800
2017-12-01,40.09733963012695,40.2426781530112,39.499570927408755,39.839477498931714,159037200
2017-12-04,39.8043212890625,40.46538058345341,39.764470513952745,40.432562087660216,130169600
2017-12-05,39.766822814941406,40.207531500009885,39.47614208566985,39.63085942110222,109400800
2017-12-06,39.619136810302734,39.8980958722697,39.02137147974328,39.265165560710635,114240000
2017-12-07,39.69181442260742,39.95436247613136,39.59570180410349,39.62383093070993,102693200
2017-12-08,39.70352554321289,40.0856294716893,39.57459801758191,39.96607712763303,93420800
2017-12-11,40.47710418701172,40.52867662244406,39.56755786423912,39.6636704554492,141095200
2017-12-12,40.249717712402344,40.41146729878027,40.19345947501729,40.35520548444727,77636800
2017-12-13,40.383331298828125,40.68104062612267,40.32003721560721,40.43724662611769,95273600
2017-12-14,40.371612548828125,40.58493454978209,40.23799209429182,40.41380622271479,81906000
2017-12-15,40.78185272216797,40.82873578264314,40.42788150208995,40.702151161665356,160677200
2017-12-18,41.356178283691406,41.53902472350812,40.99048540405797,40.99517478319252,117684400
2017-12-19,40.91546630859375,41.11472377065563,40.80997853683367,41.030332837857976,109745600
2017-12-20,40.870933532714844,41.12175987659661,40.61307133157632,40.99282877602735,93902400
2017-12-21,41.02565383911133,41.26241923719855,40.81233534071685,40.82874280507849,83799600
2017-12-22,41.02565383911133,41.1217664546329,40.90610147779472,40.948295166395106,65397600
2017-12-26,39.98482131958008,40.19579683458512,39.77618512821299,40.03873664862404,132742000
2017-12-27,39.99186325073242,40.034056933138324,39.78323058595714,39.87465380811825,85992800
2017-12-28,40.10438537597656,40.2848889284281,39.96373260682888,40.085631434960305,65920800
2017-12-29,39.670719146728516,39.989529071769816,39.66837624485705,39.9731216047707,103999600
2018-01-02,40.3809928894043,40.3903716472095,39.677736285832275,39.88871541307271,102223600
2018-01-03,40.373958587646484,40.91781205077507,40.31066807189711,40.44428495987144,118071600
2018-01-04,40.561500549316406,40.66464543398791,40.33880331756572,40.44663400466889,89738400
2018-01-05,41.023311614990234,41.11004547206685,40.56619542952727,40.65761866661986,94640000
2018-01-08,40.870933532714844,41.166300036515835,40.77247445449957,40.870933532714844,82271200
2018-01-09,40.86623764038086,41.03736239552762,40.65057273241356,40.917810072389095,86336000
2018-01-10,40.85686492919922,40.8592114072408,40.55446614853844,40.59197402772143,95839600
2018-01-11,41.08894348144531,41.13817302307532,40.90375412891968,40.927193872166164,74670800
2018-01-12,41.51323699951172,41.576531096215895,41.175673253020285,41.29991496847226,101672400
2018-01-16,41.3022575378418,42.052397138529756,41.290535880013536,41.70311176615497,118263600
2018-01-17,41.98442840576172,42.01958981164469,41.03972048025275,41.29288975650762,137547200
2018-01-18,42.02192306518555,42.218837623766504,41.7851613070516,42.047709282562344,124773600
2018-01-19,41.83439636230469,42.09694437246694,41.588255814303395,41.86955776475558,129700400
2018-01-22,41.49214172363281,41.67498816371669,41.39837560249429,41.56246810296082,108434400
2018-01-23,41.50151062011719,42.06411799259364,41.44994176516418,41.56246180888039,130756400
2018-01-24,40.8404541015625,41.56246462005955,40.60134586266364,41.55074296166244,204420400
2018-01-25,40.11141586303711,41.01158352987278,39.97545247946062,40.90843864737004,166116000
2018-01-26,40.205177307128906,40.32004383599083,39.86527067622671,40.32004383599083,156572000
2018-01-29,39.37300109863281,39.88872197739946,39.164368414983855,39.88872197739946,202561600
2018-01-30,39.140926361083984,39.2346924959149,38.60879442469922,38.80336255257468,184192800
2018-01-31,39.24874496459961,39.48551028405784,39.03073715866626,39.11747098550671,129915600
2018-02-01,39.33079528808594,39.527706268230695,39.09168705393994,39.18779964315865,188923200
2018-02-02,37.624229431152344,39.10106905879282,37.53046331194743,38.91353324343483,346375200
2018-02-05,36.6842041015625,38.416559117245136,36.56933758682586,37.29603739272768,290954000
2018-02-06,38.21731185913086,38.379061467695124,36.10050954041684,36.29507765093991,272975200
2018-02-07,37.39918518066406,38.30404216762096,37.28901160186484,38.23137288977657,206434400
2018-02-08,36.37009048461914,37.74144246457728,36.3419613615672,37.57500347364013,217562000
2018-02-09,36.814945220947266,37.16329865334211,35.362684244764615,36.970293332303825,282690400
2018-02-12,38.29780960083008,38.575549954605094,37.073858588541775,37.30688077719947,243278000
2018-02-13,38.68147277832031,38.7779772559174,38.04831433527804,38.11892745526451,130196800
2018-02-14,39.394649505615234,39.434662760544875,38.33781974683445,38.375476956953584,162579600
2018-02-15,40.71745681762695,40.74099212471423,39.77831079062471,39.96425516020043,204588800
2018-02-16,40.58564376831055,41.148192554732624,40.430299249571625,40.56916941260214,160704400
2018-02-20,40.449134826660156,41.01638500061634,40.34792186009505,40.49620903810648,135722000
2018-02-21,40.265541076660156,40.983430849870615,40.25141558148277,40.67979914689796,149886400
2018-02-22,40.60212326049805,40.94341575220747,40.416178884970336,40.43736173948644,123967600
2018-02-23,41.30825424194336,41.34355900553718,40.84691831230039,40.877518168436644,135249600
2018-02-26,42.125003814697266,42.22386074238521,41.475371036376885,41.5083233456062,152648800
2018-02-27,41.98848342895508,42.4804155826652,41.93434826539465,42.155601009770486,155712400
2018-02-28,41.9249382019043,42.51337492084651,41.908463841370924,42.19326520208064,151128400
2018-03-01,41.1905632019043,42.31565372661089,40.63978739020082,42.023787871542986,195208000
2018-03-02,41.475372314453125,41.49655517285351,40.59036125382416,40.67274382520227,153816000
2018-03-05,41.61893844604492,41.83548264680158,41.0775761483876,41.239985196837935,113605600
2018-03-06,41.58362579345703,41.95551805347011,41.45652510304975,41.87549155982364,95154000
2018-03-07,41.19762420654297,41.390633141156364,41.01874076764662,41.17644135026552,126814000
2018-03-08,41.64719009399414,41.689555805988924,41.207040658898826,41.30354153339762,95096400
2018-03-09,42.362728118896484,42.36743661748297,41.753108642868185,41.88727391609229,128740800
2018-03-12,42.77227020263672,42.92997074481642,42.416855869503166,42.43568267590063,128828400
2018-03-13,42.36036682128906,43.191238867493816,42.188544369842795,42.97704712067932,126774000
2018-03-14,42.00025177001953,42.4898314572597,41.8519645959978,42.44275724707992,117473600
2018-03-15,42.04966735839844,42.42391567085636,41.91315326229252,42.014362607945365,90975200
2018-03-16,41.90140914916992,42.160319189272414,41.8072571051509,42.04969278225835,157618800
2018-03-19,41.261173248291016,41.77193576305772,40.87515899977217,41.73663100526373,133787200
2018-03-20,41.24705123901367,41.61423508525341,41.17643813207561,41.24705123901367,78597600
2018-03-21,40.31261444091797,41.21174367230431,40.31025839600515,41.199974222335854,148219600
2018-03-22,39.74300765991211,40.644489331080045,39.684164002489396,40.01368704744385,165963200
2018-03-23,38.82268524169922,39.994849688004095,38.82268524169922,39.63472685455181,164115200
2018-03-26,40.665672302246094,40.74334635439028,39.175750592639936,39.55941235554052,150164800
2018-03-27,39.622962951660156,41.225863550656555,39.28873141985822,40.87986256946427,163690400
2018-03-28,39.18516540527344,40.01839356438432,38.88153372827884,39.366404866791264,166674000
2018-03-29,39.49115753173828,40.42559515689415,39.284026695472384,39.49821848374443,153594000
2018-04-02,39.23223876953125,39.76418769347283,38.71206288607714,39.222825365285466,150347200
2018-04-03,39.63473892211914,39.71947394352662,38.80857515704541,39.45820792681457,121112000
2018-04-04,40.39263153076172,40.486779925481045,38.78267027695639,38.80856162423385,138422000
2018-04-05,40.672725677490234,41.00930958255793,40.50325570283783,40.620942985705845,107732800
2018-04-06,39.63239288330078,40.59742699224518,39.59002356997306,40.242012490456815,140021200
2018-04-09,40.02547073364258,40.7410082821338,39.97839650926724,39.98545746334688,116070800
2018-04-10,40.778648376464844,40.9551793218175,40.37380378780024,40.719804728013955,113634400
2018-04-11,40.58799743652344,40.93635084608589,40.413818935976494,40.53856718922922,89726400
2018-04-12,40.98815155029297,41.19057394304583,40.72923793460919,40.81632901890266,91557200
2018-04-13,41.127010345458984,41.38827634272129,40.91988310196301,41.13877979590958,100497200
2018-04-16,41.383575439453125,41.47066291645523,41.15055322750271,41.197627442327295,86313600
2018-04-17,41.953189849853516,42.11795142951499,41.522453697038706,41.54128410493331,106421600
2018-04-18,41.85902404785156,42.089693775070444,41.63306641047342,41.851963096154236,83018000
2018-04-19,40.672725677490234,41.28234494077912,40.63977338194842,40.898683249339534,139235200
2018-04-20,39.00628662109375,40.30084717404898,38.938025962498145,40.15491604282429,261964400
2018-04-23,38.893314361572266,39.288742109648695,38.62263131807293,39.2675592499016,146062000
2018-04-24,38.35194778442383,39.14986774043818,37.947103080746636,38.99451960242738,134768000
2018-04-25,38.5190544128418,38.935668488153105,38.22719218802867,38.27661884605533,113528400
2018-04-26,38.65321350097656,39.008627820938656,38.45314367298912,38.62967460655532,111852000
2018-04-27,38.20601272583008,38.679114452308156,37.808229015445676,38.601440391268724,142623200
2018-04-30,38.898006439208984,39.36875565537939,38.093025710541376,38.16128635814372,169709600
2018-05-01,39.80185317993164,39.82538848908301,38.90036787504531,39.16869482178843,214277600
2018-05-02,41.560096740722656,41.837837057450194,40.90810806336872,41.244692032779035,266157600
2018-05-03,41.635414123535156,41.778992777587,41.05874705420715,41.39768706321684,136272800
2018-05-04,43.268924713134766,43.36778164057173,41.93670325911471,41.95553366313113,224805200
2018-05-07,43.58196258544922,44.17275154917288,43.48545813573796,43.586667491631644,169805600
2018-05-08,43.79145050048828,43.8314637564863,43.23125773345237,43.541953968070146,113611200
2018-05-09,44.09978485107422,44.109198254726,43.59608335471698,43.909132001226254,92844800
2018-05-10,44.73059844970703,44.80827251787199,44.168053160450754,44.18923960924648,111957200
2018-05-11,44.56047058105469,44.90780579194199,44.29110894867078,44.77312677844062,104848800
2018-05-14,44.45650863647461,44.7825793299708,44.387988363034815,44.65971153736071,83115200
2018-05-15,44.05245590209961,44.201314848435054,43.73583860532365,44.13279098837762,94780800
2018-05-16,44.463600158691406,44.52976251767143,43.948506490621085,43.965047981711514,76732400
2018-05-17,44.18241882324219,44.63608030646676,44.03355985337533,44.421062595632634,69176000
2018-05-18,44.02174377441406,44.37616713616014,43.97921470158735,44.22967330036031,73190800
2018-05-21,44.33365249633789,44.721155353784866,44.16352893888487,44.42107580030773,73603200
2018-05-22,44.22259521484375,44.62900105083375,44.13280678898637,44.5108599032874,60962800
2018-05-23,44.50613021850586,44.53920959335198,43.89179485092774,44.03120413563344,80233600
2018-05-24,44.45650863647461,44.619543983222705,43.99812405110959,44.60300609875713,92936000
2018-05-25,44.55811309814453,44.810933264665934,44.338368701451394,44.47541285742939,69844000
2018-05-29,44.397438049316406,44.598279425304774,44.15406759439294,44.32655625109124,90056400
2018-05-30,44.302921295166016,44.42106241861979,44.1327977889621,44.354903677916155,74762000
2018-05-31,44.1540641784668,44.475408191958955,43.98157914049399,44.23676441050668,109931200
2018-06-01,44.95033645629883,44.955059505415925,44.36199235693021,44.41870139476438,93770000
2018-06-04,45.32603454589844,45.701722541786346,45.2126200501436,45.281140331537905,105064800
2018-06-05,45.67573165893555,45.82459066433924,45.451264190968374,45.6190262133584,86264000
2018-06-06,45.83402633666992,45.85765600201336,45.34728551579332,45.751329718729366,83734400
2018-06-07,45.7111701965332,45.886016771398246,45.44653159867628,45.87184041185582,85388800
2018-06-08,45.295310974121094,45.36619637703649,44.83928791820581,45.17008165796916,106627200
2018-06-11,45.184261322021484,45.359111514616245,44.943255982017156,45.212617648490294,73234000
2018-06-12,45.432350158691406,45.51032373283676,45.16535006589498,45.22205910310459,67644400
2018-06-13,45.059024810791016,45.57412199581187,44.9975927231053,45.46543057334217,86553600
2018-06-14,45.082645416259766,45.26458372354032,44.94560130477132,45.2598570699358,86440400
2018-06-15,44.619544982910156,44.931439323743355,44.48250082757874,44.900721473557255,246876800
2018-06-18,44.595916748046875,44.70933122765769,44.2320400347811,44.39271385249596,73939600
2018-06-19,43.87525939941406,44.02647992215143,43.345985767142466,43.745303417675316,134314000
2018-06-20,44.06663513183594,44.232031968895384,43.88469680838022,44.031194240101996,82514800
2018-06-21,43.82090759277344,44.503763149833475,43.69803981348712,44.24385123314723,102847600
2018-06-22,43.69331741333008,43.98394359909991,43.641335024931394,43.97685541935294,108801600
2018-06-25,43.04352569580078,43.69330171190237,42.70327876869041,43.33415177713253,126652400
2018-06-26,43.577537536621094,44.07373174817735,43.130964188373,43.23729409469315,98276800
2018-06-27,43.51374053955078,44.25094001454132,43.483022692965825,43.76656067524056,101141200
2018-06-28,43.83037185668945,43.99813389598619,43.4286926200496,43.49957803954657,69460800
2018-06-29,43.73820495605469,44.2296724407701,43.21838475667249,44.01701626462684,90950800
2018-07-02,44.2273063659668,44.2556626854085,43.33888647337589,43.43340152921368,70925200
2018-07-03,43.457035064697266,44.40925233310828,43.36724664755097,44.371446304269696,55819200
2018-07-05,43.806732177734375,44.04537958202898,43.542097184453866,43.773652803574315,66416800
2018-07-06,44.413978576660156,44.52266640183763,43.75947567930748,43.811458067133685,69940800
2018-07-09,45.03068161010742,45.05430767711103,44.72824055155952,44.775496290948546,79026400
2018-07-10,44.976318359375,45.19605907551176,44.936147212508885,45.06138009586864,63756400
2018-07-11,44.39271926879883,44.84165419251075,44.3289220388796,44.53921313972723,75326000
2018-07-12,45.13699722290039,45.22678563021757,44.73059147082814,44.78257385344535,72164400
2018-07-13,45.207889556884766,45.328392223058444,45.106286300581004,45.148818986242105,50055600
2018-07-16,45.108646392822266,45.51977521113344,44.992866789356334,45.25277871330797,60172400
2018-07-17,45.23622512817383,45.335463216586895,44.70459019393088,44.834546121155185,62138000
2018-07-18,44.98814010620117,45.318937427873614,44.87708715743599,45.31421077324628,65573600
2018-07-19,45.33784103393555,45.496149714901144,44.8203823095987,44.8203823095987,81147200
2018-07-20,45.2338752746582,45.46779239863314,44.93379580262433,45.314210375712605,82704800
2018-07-23,45.274044036865234,45.35674427011643,44.78966468221073,45.05429966000469,63957600
2018-07-24,45.60248565673828,45.75843284603744,45.37801818416751,45.47252966565565,74791600
2018-07-25,46.03252029418945,46.039608474894045,45.46780212525665,45.616661130816794,66839600
2018-07-26,45.88838577270508,46.301879786021026,45.746614954558375,45.982897247881766,76304000
2018-07-27,45.125179290771484,46.119929065766975,44.917253379961814,46.072673340827535,96096000
2018-07-30,44.87236404418945,45.413448823361634,44.673887814697736,45.34256342557714,84118000
2018-07-31,44.96214294433594,45.39926650211066,44.7376755519843,44.96450807402614,157492000
2018-08-01,47.610877990722656,47.67231008374114,46.620854690382096,47.05089015765555,271742800
2018-08-02,49.0025749206543,49.23649564245094,47.33914949290995,47.39349340005751,249616000
2018-08-03,49.14435577392578,49.321567494955595,48.55128490676838,48.91752318463968,133789600
2018-08-06,49.39954376220703,49.44207284697596,48.92697914718217,49.14671996258542,101701600
2018-08-07,48.93642044067383,49.50113491433572,48.853720205108345,49.45860583687777,102349600
2018-08-08,48.96949768066406,49.101815167499936,48.32444812964864,48.68595969381847,90102000
2018-08-09,49.35464096069336,49.56729355830663,48.95768487833233,49.508222991705026,93970400
2018-08-10,49.20762634277344,49.57989220419106,49.00371081760765,49.167317922662505,98444800
2018-08-13,49.525360107421875,50.01855128909105,49.247940746112796,49.62968949827844,103563600
2018-08-14,49.73401641845703,49.92607568843563,49.380719838430274,49.83123276583713,82992000
2018-08-15,49.85021209716797,49.96876758326642,49.39732927194555,49.60835789247975,115230400
2018-08-16,50.580509185791016,50.69669123482444,50.141852484591766,50.20824326061828,114001600
2018-08-17,51.59060287475586,51.67833277178583,50.5425728705174,50.608963649571336,141708000
2018-08-20,51.087921142578125,51.96997044895426,51.00493087218621,51.7138938355704,121150800
2018-08-21,50.98833465576172,51.49812534467867,50.74885391021264,51.405652223325475,104639200
2018-08-22,50.9907112121582,51.301325981983666,50.70380536683848,50.76545653021063,76072400
2018-08-23,51.09503936767578,51.46493186680774,50.88401076916968,50.895863422121245,75532800
2018-08-24,51.2538948059082,51.429354562512124,51.004927628590785,51.358224184443145,73905600
2018-08-27,51.67595291137695,51.86564236521051,51.29420419707113,51.48863326418211,82100400
2018-08-28,52.09326934814453,52.29244165624201,51.90832311662178,51.92966223148389,91107200
2018-08-29,52.87099075317383,52.99191963522178,52.024506668965344,52.19996643032836,109019200
2018-08-30,53.3570671081543,54.122934324650984,52.733464265030115,52.93500998317282,195175200
2018-08-31,53.97356033325195,54.267575560999,53.58706837261931,53.70799364035151,173360400
2018-09-04,54.146644592285156,54.34107364648311,53.73644375345672,54.15850086074208,109560400
2018-09-05,53.793357849121094,54.45726920533211,53.3736740899167,54.296035502637366,133332000
2018-09-06,52.89945602416992,53.90717759275835,52.472655577397845,53.6416108603079,137160000
2018-09-07,52.47265625,53.4376959772682,52.33276165171727,52.60306800180006,150479200
2018-09-10,51.768428802490234,52.60306027336048,51.32740233630588,52.38965826957899,158066000
2018-09-11,53.0772819519043,53.18398114443549,51.3487412844018,51.69255140168033,142996000
2018-09-12,52.41810607910156,53.349950138196704,52.12645708003472,53.33572406371053,197114800
2018-09-13,53.684288024902344,54.14428382079878,52.773782896668074,52.999037562836996,166825600
2018-09-14,53.074913024902344,53.7862458594256,52.761928459085574,53.52779579787503,127997200
2018-09-17,51.661720275878906,52.86387056968871,51.51708249272369,52.67418113994048,148780400
2018-09-18,51.74708557128906,52.60305608904145,51.48151889557614,51.640382768873216,126286800
2018-09-19,51.77791213989258,52.07430079960809,51.049983473004616,51.808737718271196,108495200
2018-09-20,52.1715202331543,52.70501985218735,51.962861446608656,52.22131512286209,106435200
2018-09-21,51.60955810546875,52.48686769049842,51.5218246143482,52.34934293768456,384986800
2018-09-24,52.35173034667969,52.4631727938787,51.36535144474411,51.410403108678985,110773600
2018-09-25,52.68367385864258,52.83305489024052,52.09326638815939,52.10512265730652,98217600
2018-09-26,52.26399230957031,53.0535721640974,52.1074982227936,52.40151708722023,95938800
2018-09-27,53.338104248046875,53.691400844636,53.003776960471846,53.070171351034034,120724800
2018-09-28,53.52541732788086,53.54912624771217,53.11758627931917,53.30015907231894,91717600
2018-10-01,53.885841369628906,54.39800196765595,53.67007312209405,54.0494485288342,94403200
2018-10-02,54.36479568481445,54.53551584996074,53.73645314505783,53.88346076914599,99152800
2018-10-03,55.02632522583008,55.35827902007674,54.48333926906766,54.547360221538455,114619200
2018-10-04,54.05891799926758,55.092721717820574,53.760155935330346,54.720455850224305,128168000
2018-10-05,53.18160629272461,54.15850573672969,52.30192681160914,54.05180654706137,134322000
2018-10-08,53.058319091796875,53.30254308452448,52.21183125092516,52.688426583123054,118655600
2018-10-09,53.793357849121094,53.888204396023134,52.697906463089694,53.02749052526942,107564000
2018-10-10,51.30132293701172,53.670062521507774,51.227819124762505,53.45903393039437,167962400
2018-10-11,50.84843444824219,52.04584527964782,50.3433906650113,50.86503394876488,212497600
2018-10-12,52.66469955444336,52.84727595151399,51.4151241598321,52.26398157426076,161351600
2018-10-15,51.53843307495117,52.59831924587156,51.51709395908651,52.43945535328062,123164000
2018-10-16,52.674190521240234,52.87336644786293,51.39616278070378,51.910693053592425,116736000
2018-10-17,52.44656753540039,52.790377662588455,52.007910864764305,52.7097608141769,91541600
2018-10-18,51.220703125,52.102756057051366,50.50462711714634,51.65698635946986,130325200
2018-10-19,52.000789642333984,52.46315516254536,51.55502000334808,51.70440102450296,132314800
2018-10-22,52.31852340698242,52.96109559648838,51.91306575711629,52.114607869673115,115168400
2018-10-23,52.81172180175781,52.93502051095604,50.907721129484436,51.175657665426925,155071200
2018-10-24,51.00019073486328,53.16738456128527,50.86977899548912,52.78089619299104,163702000
2018-10-25,52.11698532104492,52.49162104030336,51.393796230641804,51.62142432490957,119423200
2018-10-26,51.287086486816406,52.20944770880318,50.42637279404858,51.192239959527555,189033600
2018-10-29,50.324424743652344,52.09090043654111,48.86619036324804,51.972344972346896,183742000
2018-10-30,50.57575988769531,51.02152595640416,49.620203170895984,50.06596923960483,146640000
2018-10-31,51.89409255981445,52.271098028598864,51.36296283271689,51.42461398325226,153435600
2018-11-01,52.690792083740234,52.72398746980492,51.408021061480326,51.93915085654104,233292800
2018-11-02,49.19577407836914,50.65874806253091,48.709695954834366,49.68659543348698,365314800
2018-11-05,47.7991943359375,48.46310570278856,46.98827534156456,48.4417665861533,264654800
2018-11-06,48.31610107421875,48.541355761410564,47.82290984588946,47.87744435335091,127531600
2018-11-07,49.781436920166016,49.80751926608168,48.401453247422836,48.83773647180707,133697600
2018-11-08,49.60774612426758,49.995582995692075,49.193732269955774,49.96227178653937,101450400
2018-11-09,48.6512336730957,49.01765697612966,48.1230104741023,48.908207415631644,137463200
2018-11-12,46.20046615600586,47.551957204167856,46.11004846587322,47.34970825433935,204542000
2018-11-13,45.738861083984375,46.916654497155434,45.55326957066767,45.59610033639789,187531600
2018-11-14,44.44686508178711,46.27422906847281,44.23985633891213,46.136224450106,243204000
2018-11-15,45.54375457763672,45.67699939705427,44.470650905004426,44.82518015217892,185915200
2018-11-16,46.04819869995117,46.390830431303115,45.079791711276194,45.327245944669095,147713200
2018-11-19,44.22320556640625,45.37482588432456,44.0162004400595,45.20826982688179,167701200
2018-11-20,42.11030578613281,43.17864971687647,41.76053630707205,42.4410397716322,271300800
2018-11-21,42.062713623046875,42.893119226709615,42.0079888550369,42.76463056885299,124496800
2018-11-23,40.994384765625,42.01990180472043,40.949179542058644,41.62492338758252,94496000
2018-11-26,41.54878234863281,41.62730241870806,40.51137127621907,41.45836826877504,179994000
2018-11-27,41.4583625793457,41.58446956319541,40.65888990269772,40.808788533497605,165549600
2018-11-28,43.052555084228516,43.13583130793944,41.622543627391536,42.050833278612686,184250000
2018-11-29,42.7218132019043,43.495112508761814,42.28162599035636,43.461801299230856,167080000
2018-11-30,42.49100875854492,42.907400653298076,42.12220378277658,42.89788109111159,158126000
2018-12-03,43.97574996948242,44.00430139823407,43.11679272492388,43.89009205257784,163210000
2018-12-04,42.04131317138672,43.39756057342333,41.94137953446295,43.05492888645622,165377200
2018-12-06,41.57257080078125,41.58684651469543,40.54943561268697,40.86827199226882,172393600
2018-12-07,40.0902214050293,41.517851060130326,40.04501255171377,41.27991278428015,169126400
2018-12-10,40.35433578491211,40.470923224403286,38.862461677140615,39.25981818919566,248104000
2018-12-11,40.12352752685547,40.875409623836234,39.73568702462761,40.84448012074256,189126800
2018-12-12,40.2353630065918,40.906347041677016,40.216327509267764,40.544679853820156,142510800
2018-12-13,40.675540924072266,41.06100333718601,40.34242884424496,40.5660913681216,127594400
2018-12-14,39.3740119934082,40.2305909585754,39.32642507993198,40.211555467055156,162814800
2018-12-17,39.007591247558594,40.05689963898235,38.719684412140545,39.36687664240765,177151600
2018-12-18,39.514404296875,39.86179208564838,39.11466617547559,39.350226334370745,135366000
2018-12-19,38.28188705444336,39.842761481494094,37.85359745417949,39.49775172568284,196189200
2018-12-20,37.31585693359375,38.57217062840605,36.95181169422482,38.165294615238025,259092000
2018-12-21,35.86442947387695,37.63231246407767,35.60269959136626,37.32299202961106,382978400
2018-12-24,34.93647384643555,36.05954268213559,34.87936735913485,35.250550449965445,148676800
2018-12-26,37.396751403808594,37.41102711679266,34.9102976111204,35.28624045251434,234330000
2018-12-27,37.15406036376953,37.30158456380548,35.707398839936126,37.080300079076544,212468400
2018-12-28,37.1730842590332,37.71796477444169,36.7733498226303,37.47526679196917,169165600
2018-12-31,37.532379150390625,37.91783793600413,37.23257464544732,37.72034876183257,140014000
2019-01-02,37.5752067565918,37.796491209681555,36.69721406234268,36.85425417348387,148158800
2019-01-03,33.83243942260742,34.6723611316717,33.787230575440596,34.258347280967,365248800
2019-01-04,35.27672576904297,35.345729898875284,34.21552314309918,34.3892170595102,234428400
2019-01-07,35.198204040527344,35.41235064672023,34.71518967715672,35.38141751200746,219111200
2019-01-08,35.86918258666992,36.12377819583394,35.33858143298108,35.58603555615991,164101200
2019-01-09,36.478302001953125,36.76858687365271,35.602691237294295,35.99766585904337,180396400
2019-01-10,36.59489822387695,36.63534728478305,35.895359290285356,36.28557781798725,143122800
2019-01-11,36.23561096191406,36.571104733058135,36.05001943546186,36.37599727501957,108092800
2019-01-14,35.69074249267578,35.992925129029125,35.505150922165875,35.89299148572764,129756800
2019-01-15,36.421207427978516,36.49734577535337,35.70263294063492,35.754979642864214,114843600
2019-01-16,36.866153717041016,37.089816257077324,36.40455292260857,36.42358841863822,122278800
2019-01-17,37.085052490234375,37.5133420282532,36.46641164302394,36.69007415902539,119284800
2019-01-18,37.313480377197266,37.56569435663353,37.11360947574702,37.47527665432627,135004000
2019-01-22,36.47593688964844,37.29206339899699,36.314136980893885,37.2159250418447,121576000
2019-01-23,36.623443603515625,36.91372846860248,36.09522056249846,36.67816836739804,92522400
2019-01-24,36.33317184448242,36.756701659961614,36.10475314635756,36.66866566491867,101766000
2019-01-25,37.53712844848633,37.6251680497409,36.718624104982105,36.99462965271494,134142000
2019-01-28,37.18975067138672,37.19688852871694,36.5615938117792,37.06839983547352,104768400
2019-01-29,36.804290771484375,37.62518072781439,36.66866784216678,37.1778556073389,166348800
2019-01-30,39.319297790527344,39.53344077404036,38.12484669885647,38.84342126658753,244439200
2019-01-31,39.60243606567383,40.21155729948408,39.155111071185516,39.52391602106797,162958400
2019-02-01,39.62147521972656,40.20680123448356,39.481088904224514,39.72616862220974,130672400
2019-02-04,40.74692153930664,40.844477084128826,39.80230648382668,39.83323961527012,125982000
2019-02-05,41.44407653808594,41.658223109934525,41.00865279969011,41.12999998228332,144406400
2019-02-06,41.4583625793457,41.77482089204486,41.127628552346515,41.55591450394574,112958400
2019-02-07,40.673160552978516,41.38697522430309,40.53039616645393,41.020548326526274,126966800
2019-02-08,40.72095489501953,40.78069457288458,40.2454257465744,40.38163396229257,95280000
2019-02-11,40.48677444458008,40.91212432348893,40.44376362488432,40.87389005294555,83973600
2019-02-12,40.83565902709961,40.861944634409184,40.55129754244725,40.646883226400696,89134000
2019-02-13,40.665992736816406,41.21559851553818,40.603864782993156,40.95513438892217,89960800
2019-02-14,40.81415939331055,40.92407838764119,40.474838371237844,40.553695204329756,87342800
2019-02-15,40.72334671020508,41.02921359577018,40.563244797153104,40.921682895507914,98507200
2019-02-19,40.8452033996582,40.96707465400429,40.50110598032196,40.55367717901637,75891200
2019-02-20,41.10807800292969,41.41633686629879,40.859562479868394,40.90735350589308,104457600
2019-02-21,40.876277923583984,41.18931326234548,40.694670609628645,41.05310868843414,68998800
2019-02-22,41.33269500732422,41.33986347807937,40.952751472416445,41.00054249285786,75652800
2019-02-25,41.63377380371094,42.025665930791185,41.566865658567025,41.617048590535184,87493600
2019-02-26,41.657676696777344,41.889466961350905,41.38048368917295,41.50952344791541,68280800
2019-02-27,41.78670883178711,41.817774631160844,41.27533733357488,41.39004014069917,111341600
2019-02-28,41.375701904296875,41.79627159518977,41.320742418317295,41.65528682209308,112861600
2019-03-01,41.81061553955078,41.85362636720422,41.31358086918982,41.64573340776982,103544800
2019-03-04,42.02089309692383,42.47491321428441,41.57164952876691,41.982658825969885,109744800
2019-03-05,41.944419860839844,42.056730740309895,41.70784943778627,42.04239380186186,78949600
2019-03-06,41.70307540893555,41.934865651105085,41.5644789185296,41.73891775722132,83241600
2019-03-07,41.22037887573242,41.683959372280896,41.10567971197652,41.547751152766466,99185600
2019-03-08,41.318355560302734,41.356589832825826,40.50350540248133,40.69945331449648,95997600
2019-03-11,42.74971008300781,42.80228128884256,41.901409612771666,41.93486368501011,128044000
2019-03-12,43.230018615722656,43.6505846085032,42.86202018159688,43.012565327032,129870400
2019-03-13,43.42118835449219,43.80113182441466,43.232408933638794,43.55022445223586,124130000
2019-03-14,43.90388870239258,43.992305916475004,43.62430741144457,43.94451125103757,94318000
2019-03-15,44.47499465942383,44.76413630754834,43.9062753998339,44.171519718082784,156171600
2019-03-18,44.929019927978516,45.01743348832118,44.39613935267995,44.39853127348104,104879200
2019-03-19,44.57297134399414,45.16081142055455,44.427206373732226,45.00787798013392,126585600
2019-03-20,44.96247863769531,45.28029420823643,44.142848240779564,44.501286360698266,124140800
2019-03-21,46.61845016479492,46.914760254354924,45.35674856766888,45.40693149712946,204136800
2019-03-22,45.65305709838867,47.23974260703408,45.588537233062475,46.6781882437175,169630800
2019-03-25,45.101070404052734,45.87529432805428,44.58969888594255,45.76298343726282,175381200
2019-03-26,44.63509750366211,46.09035887304303,44.10700077672146,45.79882894425689,199202000
2019-03-27,45.036556243896484,45.34481142938426,44.57775587798241,45.10346440270346,119393600
2019-03-28,45.0963020324707,45.29702653604563,44.81194049596205,45.15126153187824,83121600
2019-03-29,45.390201568603516,45.42126736450016,45.053268947051265,45.36152769314211,94256000
2019-04-01,45.69846725463867,45.80360602937068,45.01504516466666,45.79404928483894,111448000
2019-04-02,46.36277389526367,46.467916320039805,45.653066174245645,45.6626229191249,91062800
2019-04-03,46.68058776855469,46.95538884017429,46.15487566354562,46.178772994217205,93087200
2019-04-04,46.7618408203125,46.924331028637695,46.15249524665033,46.54677574631455,76457200
2019-04-05,47.07487106323242,47.09876839535696,46.81918346513947,46.94344302898936,74106400
2019-04-08,47.815643310546875,47.846705466003094,46.91715615255903,46.93627328849716,103526800
2019-04-09,47.67226791381836,48.472781139280634,47.60774803404576,47.86821582786071,143072800
2019-04-10,47.93989181518555,47.96856933777075,47.35683202096376,47.47631136744461,86781200
2019-04-11,47.540836334228516,48.03070243658207,47.418968700387076,47.99486008728185,83603200
2019-04-12,47.521724700927734,47.82520332961341,46.88609720701765,47.600581524738395,111042800
2019-04-15,47.60775375366211,47.75591066746627,47.31622376851955,47.45243201482349,70146400
2019-04-16,47.612525939941406,48.11911726997724,47.44764383635256,47.66270887651136,102785600
2019-04-17,48.53968048095703,48.59942015421328,47.45958616754238,47.68181600186989,115627200
2019-04-18,48.714111328125,48.78340773341681,48.39390760700341,48.53728061160636,96783200
2019-04-22,48.87423324584961,48.97220720924463,48.350912995670726,48.46800409676876,77758000
2019-04-23,49.57914733886719,49.643667205274184,48.72367480218776,48.850322614551736,93292000
2019-04-24,49.502681732177734,49.81810529825637,49.47639613115284,49.55047273961751,70162400
2019-04-25,49.053443908691406,49.646060491105864,49.01520963983355,49.42383064003315,74172800
2019-04-26,48.819278717041016,48.98654913117144,48.29834668878164,48.96265179505785,74596400
2019-04-29,48.89335250854492,49.21833657117823,48.71413343678879,48.84316956411581,88818800
2019-04-30,47.95184326171875,48.60419951041868,47.57906826246165,48.52295442518993,186139600
2019-05-01,50.30560302734375,51.45021397103335,49.99734416146072,50.152669555084614,259309200
2019-05-02,49.97821044921875,50.81456589591716,49.7344752014596,50.143092534963124,127985200
2019-05-03,50.599510192871094,50.62101560310211,50.236291908679384,50.39400554281509,83569600
2019-05-06,49.8181037902832,49.904129059558905,48.62809060381931,48.81686635366931,129772400
2019-05-07,48.47516632080078,49.56481750590483,47.99008040853929,49.19682267965225,155054800
2019-05-08,48.4847297668457,49.067789710466904,48.209928658014654,48.2457710126548,105358000
2019-05-09,47.96379470825195,48.19319303822912,46.9936228856528,47.88732616744576,139634400
2019-05-10,47.29933547973633,47.699936597031,46.241471960624764,47.35690775258256,164834800
2019-05-13,44.550315856933594,45.45225932989758,43.861864488539425,45.02767625266252,229722400
2019-05-14,45.25556182861328,45.50503431641319,44.4759552713781,44.71583421206585,146118800
2019-05-15,45.797691345214844,45.996791324468816,44.622285886295614,44.68225562726624,106178800
2019-05-16,45.596187591552734,46.16949808957643,45.298736399758674,45.555408612560825,132125600
2019-05-17,45.337120056152344,45.79288858202996,44.79978990816282,44.84056888908769,131516400
2019-05-20,43.91943359375,44.2216833962281,43.24537436800454,44.022583439754115,154449200
2019-05-21,44.76141357421875,45.09724264041479,44.30564137265292,44.43037945163815,113459200
2019-05-22,43.84506607055664,44.54791316726557,43.78989494714465,44.29603958434583,118994400
2019-05-23,43.096656799316406,43.30774780477371,42.6528792389541,43.130239708838886,146118800
2019-05-24,42.931129455566406,43.691545172371775,42.847170371710014,43.22617949439193,94858800
2019-05-28,42.753623962402344,43.31973842722147,42.67686460222569,42.919141022494294,111792800
2019-05-29,42.54973220825195,43.0222940646248,42.218698063515376,42.319446790117254,113924800
2019-05-30,42.770423889160156,42.99350958897045,42.37941997112291,42.68646478004668,84873600
2019-05-31,41.99561309814453,42.69605925236911,41.976422341284085,42.27386992196449,108174400
2019-06-03,41.57102584838867,42.679265508249905,40.84419286883519,42.12274820633601,161584400
2019-06-04,43.091854095458984,43.13743168124543,41.86367505232312,42.0843632453702,123872000
2019-06-05,43.78749084472656,44.37519705175313,43.45166186379255,44.20488142982572,119093600
2019-06-06,44.43038558959961,44.490355335438046,43.693955353777504,43.91704471163313,90105200
2019-06-07,45.61298370361328,46.03757049628516,44.562316326514456,44.73982441794124,122737600
2019-06-10,46.19589614868164,46.8651569175894,45.96561070868693,46.01118830224672,104883600
2019-06-11,46.73081588745117,47.016272412741905,46.44056441873156,46.74281056654767,107731600
2019-06-12,46.582088470458984,47.00907265899637,46.39018460071747,46.524516211457964,73012800
2019-06-13,46.57249450683594,47.20577475889717,46.440564018697366,46.70442865523664,86698400
2019-06-14,46.23427200317383,46.438166922730055,45.6489667559537,45.94881545553267,75046000
2019-06-17,46.51012420654297,46.766796410926815,46.09753216640612,46.27264275521919,58676400
2019-06-18,47.60398483276367,48.04536129589424,46.8267792477431,47.02827672087711,106204000
2019-06-19,47.46484375,47.947002752454424,47.330512131892405,47.89902403719136,84496800
2019-06-20,47.84626388549805,48.12212325372135,47.503235034135585,48.06455097971471,86056000
2019-06-21,47.683135986328125,48.17968715515577,47.532011080987154,47.68793459006049,191202400
2019-06-24,47.635162353515625,48.01417153393236,47.5368111055046,47.62556514576405,72881600
2019-06-25,46.91313552856445,47.798285921333026,46.84596604435592,47.59918592168598,84281200
2019-06-26,47.927818298339844,48.21327485447175,47.34011556173668,47.440864288560434,104270000
2019-06-27,47.913421630859375,48.352400537964535,47.87264264957798,48.04535212195591,83598800
2019-06-28,47.476837158203125,47.85584630501311,47.26814366138991,47.65914382643267,124442400
2019-07-01,48.34761428833008,49.0528591501094,48.13172098723223,48.736217105937804,109012000
2019-07-02,48.63065719604492,48.72661096961243,48.30202421469893,48.314018893927646,67740800
2019-07-03,49.03364944458008,49.04084551914324,48.621057421737504,48.76258510182862,45448000
2019-07-05,48.99047088623047,49.1943694326661,48.671431482881296,48.77937992526596,69062000
2019-07-08,47.980587005615234,48.31161745661008,47.59438176256944,48.17008975928739,101354400
2019-07-09,48.27323532104492,48.337999994247646,47.690327640387444,47.78388027305323,82312000
2019-07-10,48.750587463378906,48.870526912496295,48.34999014255823,48.41955707279275,71588400
2019-07-11,48.39558410644531,49.02886446581431,48.38599055778244,48.76979472876389,80767200
2019-07-12,48.76739501953125,48.93530956539922,48.50352669012259,48.56349643223705,70380800
2019-07-15,49.225563049316406,49.38388038130091,48.93530789686365,48.95689612482575,67789600
2019-07-16,49.05523681640625,49.44144200572339,48.815357907768565,49.076825039720845,67467200
2019-07-17,48.77938461303711,49.19677163205839,48.76019385833028,48.947299141394076,56430000
2019-07-18,49.33351135253906,49.38628502036882,48.86334694649109,48.93531137173736,74162400
2019-07-19,48.597068786621094,49.534996228045955,48.54189766073192,49.36468058691618,83717200
2019-07-22,49.70771408081055,49.710111552508515,48.841750963766714,48.85134451082072,89111600
2019-07-23,50.0963134765625,50.11310675812358,49.72450041329824,50.00516197466283,73420800
2019-07-24,50.055538177490234,50.170679044292804,49.6957197660028,49.81565923649861,59966400
2019-07-25,49.659732818603516,50.19226428996798,49.59016588517336,50.10830520762446,55638400
2019-07-26,49.83245849609375,50.30981530335246,49.68852965013139,49.77008762138751,70475600
2019-07-29,50.29781723022461,50.52810263617911,50.00036967035038,50.005168274295485,86693600
2019-07-30,50.08192825317383,50.41296238448018,49.72930589424204,50.0771296491696,135742800
2019-07-31,51.103816986083984,53.10200935598429,50.686429897756184,51.91460912083272,277125600
2019-08-01,49.99797821044922,52.300818074433565,49.59258577509147,51.31011663320139,216071600
2019-08-02,48.94009780883789,49.51820321863462,48.366787342006155,49.30231365683223,163448400
2019-08-05,46.37819290161133,47.65194947419942,46.195886226790655,47.493632157235574,209572000
2019-08-06,47.25615692138672,47.51282917529694,46.54611356220465,47.09063984703528,143299200
2019-08-07,47.7454948425293,47.87023289591732,46.49333034680226,46.87473692091355,133457600
2019-08-08,48.79857635498047,48.822565715714255,47.82946694169369,48.023768318744715,108038000
2019-08-09,48.39645004272461,48.82264628400615,47.98710353990854,48.47109445761,98478800
2019-08-12,48.27364730834961,48.651689913377716,47.95339570878828,48.06656746480503,89927600
2019-08-13,50.317962646484375,51.08126765927399,48.27365113393243,48.403679987994906,188874000
2019-08-14,48.82022476196289,49.70874140098457,48.78169743892015,48.91894964944702,146189600
2019-08-15,48.577049255371094,49.395735021606384,48.07861143932295,48.991208974526174,108909600
2019-08-16,49.723201751708984,49.88212424685635,49.082698610055964,49.18864694015421,110481600
2019-08-19,50.65025329589844,51.22333184974015,50.57319861770534,50.71526404718342,97654400
2019-08-20,50.65266418457031,51.37262873921867,50.643034186061826,50.7778762101982,107537200
2019-08-21,51.20166778564453,51.444864754007845,50.95124739959902,51.285945890829794,86141600
2019-08-22,51.158321380615234,51.63508526351441,50.746568249359605,51.33409731422995,89014800
2019-08-23,48.793758392333984,51.0595965612192,48.39886234899058,50.42872331972758,187272000
2019-08-26,49.720802307128906,49.88935482276287,49.37647018489091,49.569103205973704,104174400
2019-08-27,49.15975570678711,50.21682513114525,49.0080566199062,50.05067921202214,103493200
2019-08-28,49.48963165283203,49.535382399166785,48.95748713029365,49.145303276385846,63755200
2019-08-29,50.32759094238281,50.40223903898198,49.76173581076194,50.20478918362739,83962000
2019-08-30,50.2625846862793,50.67433417397629,49.891765447658244,50.6045065811856,84573600
2019-09-03,49.53057098388672,49.83878231756605,49.17420231822666,49.70634689899237,80092000
2019-09-04,50.370933532714844,50.4407611170652,49.92065675727125,50.17830051930232,76752400
2019-09-05,51.35577392578125,51.521919882232446,50.92957390803728,51.04756252147198,95654800
2019-09-06,51.350955963134766,51.63027369034283,51.170363175155885,51.541182424007545,77449200
2019-09-09,51.570072174072266,52.11666733290454,50.82362424500518,51.73140127816905,109237600
2019-09-10,52.17927932739258,52.19854300043408,50.977737574059724,51.49543546818403,127111600
2019-09-11,53.83831787109375,53.867215213888514,52.427286157903254,52.509157675957375,177158400
2019-09-12,53.717926025390625,54.51975844711015,53.66254526569315,54.12967919974324,128906800
2019-09-13,52.67289352416992,53.164104263143614,52.25632721215194,52.97388148716518,159053200
2019-09-16,52.94978713989258,53.00517155600877,52.386338702246135,52.427272613613425,84632400
2019-09-17,53.142425537109375,53.17132287538397,52.76197637165238,52.96424304289899,73274800
2019-09-18,53.6408576965332,53.6601213619853,52.83902553366117,53.229104655102724,101360000
2019-09-19,53.20502853393555,53.87923846285037,53.06295945861484,53.45785542019433,88242400
2019-09-20,52.427284240722656,53.5903021245644,52.364680069600674,53.3061712623539,221652400
2019-09-23,52.665672302246094,52.935356352596806,52.40802483158133,52.72105306097819,76662000
2019-09-24,52.41524887084961,53.573453700774465,52.29726393450636,53.22189812453719,124763200
2019-09-25,53.22189712524414,53.33506889719885,52.285222698801874,52.624738014666015,87613600
2019-09-26,52.94739532470703,53.200225952875144,52.69215811549392,52.97388241288026,75334000
2019-09-27,52.68974685668945,53.20503806562803,52.318927655185426,53.10390288400387,101408000
2019-09-30,53.929813385009766,54.076695641123095,53.16409818413681,53.19058526881853,103909600
2019-10-01,54.0791130065918,54.953183301231086,53.98520490111425,54.194695039617834,139223200
2019-10-02,52.72345733642578,53.835907592119455,52.47543989247352,53.71069557972817,138449200
2019-10-03,53.17132568359375,53.205036184887106,51.80122803429767,52.5958332325223,114426000
2019-10-04,54.66181945800781,54.777401478656415,53.91055469463885,54.3319378335589,138478800
2019-10-07,54.673858642578125,55.364925801166926,54.38009410896721,54.483635874503506,122306000
2019-10-08,54.03335189819336,54.91464544187616,54.01649848462692,54.37527742104487,111820000
2019-10-09,54.66663360595703,54.84963295173128,54.33193516189685,54.66663360595703,74770400
2019-10-10,55.403446197509766,55.48772428275277,54.73164279284251,54.88333820244352,113013600
2019-10-11,56.87709045410156,57.2214188925984,55.93800588024177,56.09211155799021,166795600
2019-10-14,56.79521560668945,57.33940411972234,56.506267937152586,56.56164868588965,96427600
2019-10-15,56.662784576416016,57.22382283538705,56.55683623894147,56.92042832966639,87360000
2019-10-16,56.43404006958008,56.64353019818746,56.15231576645595,56.19324969007197,73903200
2019-10-17,56.65315246582031,56.86263889167149,56.22936277841763,56.6074017120898,67585200
2019-10-18,56.92524719238281,57.206971459334895,56.414769154933225,56.48700699434459,97433600
2019-10-21,57.9124870300293,58.028069045974206,57.14436888293073,57.19252621915649,87247200
2019-10-22,57.78006362915039,58.319431751544194,57.698192104141526,58.06901136245704,82293600
2019-10-23,58.555397033691406,58.5698475413598,58.083449993262974,58.29534668236837,75828800
2019-10-24,58.6517219543457,58.945486515651,58.22552194750612,58.87565524701943,69275200
2019-10-25,59.374088287353516,59.410205372219664,58.48316467701797,58.55058568488102,73477200
2019-10-28,59.968849182128906,60.01700652675471,59.40780711552205,59.576359658797315,96572800
2019-10-29,58.581886291503906,60.137393666231965,58.408520608918174,59.94957747544215,142839600
2019-10-30,58.57466125488281,59.06587564349659,58.08104395955555,58.935846792440884,124522000
2019-10-31,59.89900588989258,59.997730814775515,57.12991687660738,59.533007204842754,139162000
2019-11-01,61.598995208740234,61.62547862266393,59.99533043692069,60.08682828055856,151125200
2019-11-04,62.00352478027344,62.087802885565,61.493050334515786,61.96258718112971,103272000
2019-11-05,61.91442108154297,62.16965825317563,61.71938149469798,61.895153739341644,79897600
2019-11-06,61.94089889526367,62.00109647461246,61.49062217746869,61.82772715215445,75864400
2019-11-07,62.655799865722656,62.87799536674147,62.33700050920069,62.48915508255898,94940400
2019-11-08,62.82725524902344,62.89970626993197,62.03267465786518,62.47705811703485,69986400
2019-11-11,63.32477569580078,63.389981618512955,62.378040533790944,62.38286814534022,81821200
2019-11-12,63.26681900024414,63.46727915715043,63.01565048685888,63.167797667497766,87388800
2019-11-13,63.87302780151367,63.94789634080761,63.05188399059845,63.066374200113295,102734400
2019-11-14,63.43104553222656,63.97203287087934,63.30062630937287,63.699121710448345,89182800
2019-11-15,64.18457794189453,64.18940555462353,63.52041635680175,63.6822261428361,100206400
2019-11-18,64.5082015991211,64.587897742297,63.815059632152085,64.1942298980991,86703200
2019-11-19,64.31256103515625,64.7255466008755,64.09520059900923,64.70139380343717,76167200
2019-11-20,63.56386184692383,64.2618311859174,62.890037932428314,64.1314193601943,106234400
2019-11-21,63.2789192199707,63.76194595071718,63.07845899928524,63.684659904901025,121395200
2019-11-22,63.22333526611328,63.56145232586072,62.99631223234019,63.41896039962427,65325200
2019-11-25,64.33187866210938,64.3487863573065,63.402051241454195,63.447939345332685,84020400
2019-11-26,63.82954788208008,64.52268982778749,63.39723704007561,64.46955661049978,105207600
2019-11-27,64.68692016601562,64.72073556516953,64.07589182337021,64.14109775979452,65235600
2019-11-29,64.54441833496094,64.72555327883829,64.21837396190178,64.38743619101386,46617600
2019-12-02,63.79813003540039,64.7859181736184,63.626657721094105,64.54923257596882,94487200
2019-12-03,62.660621643066406,62.67993946193497,61.89743881575501,62.385292973988165,114430400
2019-12-04,63.213680267333984,63.592857866147476,62.957676793454816,63.05187050555753,67181600
2019-12-05,64.14109802246094,64.21597392512254,63.4527910239609,63.70879452854286,74424400
2019-12-06,65.38005828857422,65.45009920383288,64.55649711525137,64.5999751073708,106075600
2019-12-09,64.46472930908203,65.40179466423844,63.97928524744854,65.20858698429703,128042400
2019-12-10,64.84148406982422,65.22548927689962,64.20871312410253,64.87046448237331,90420400
2019-12-11,65.39456939697266,65.47427293266577,64.84633672678027,64.92120527824785,78756800
2019-12-12,65.56120300292969,65.82686912584704,64.56134170264266,64.67243576480755,137310400
2019-12-13,66.45238494873047,66.48861047070119,65.43319849834741,65.56120025624476,133587600
2019-12-16,67.58990478515625,67.81451774298293,66.8943527115529,66.89918032393605,128186000
2019-12-17,67.72274017333984,68.0511946985015,67.33389995738182,67.51986990125756,114158400
2019-12-18,67.56092071533203,68.08259027011515,67.41118366514803,67.57541092209821,116028400
2019-12-19,67.62853240966797,67.90868864256628,67.37011885354875,67.50294818267172,98369200
2019-12-20,67.48847198486328,68.26372755491401,67.27593911783867,68.16229610408891,275978000
2019-12-23,68.58975219726562,68.65013050025618,67.7130580585791,67.75170105694085,98572000
2019-12-24,68.65497589111328,68.80472031244457,68.32893886684734,68.75641470938284,48478800
2019-12-26,70.01710510253906,70.0340127984304,68.75882317129982,68.78780358117109,93121200
2019-12-27,69.99056243896484,70.99767630190148,69.58482179982006,70.30936181417954,146266000
2019-12-30,70.40595245361328,70.6885262491251,68.88442165735184,69.90843566014871,144114400
2019-12-31,70.92036437988281,70.92760948256597,69.92291347823897,70.02193479517499,100805600
2020-01-02,72.53852081298828,72.59889913772518,71.29231130597061,71.5458973217052,135480400
2020-01-03,71.8332748413086,72.59404000584014,71.60866931689996,71.76565143491464,146322800
2020-01-06,72.40568542480469,72.4443284378041,70.70301958367426,70.9541954829699,118387200
2020-01-07,72.06513977050781,72.67133299565539,71.84536183598526,72.41532954893665,108872000
2020-01-08,73.22440338134766,73.5262949460089,71.76807876823776,71.76807876823776,132079200
2020-01-09,74.7797622680664,74.97296995476395,73.95137344000949,74.20254195863613,170108400
2020-01-10,74.94882202148438,75.51396965111952,74.44647758118805,75.01403533204297,140644800
2020-01-13,76.550048828125,76.57661912211044,75.14685723047293,75.26520375211625,121532000
2020-01-14,75.51638793945312,76.6973916872814,75.39322115027991,76.48727626476031,161954400
2020-01-15,75.19271850585938,76.19741429832948,74.7604078158595,75.31589259589906,121923600
2020-01-16,76.1346435546875,76.24574496948411,75.3738782015038,75.73614811924845,108829200
2020-01-17,76.97752380371094,76.97993392443253,76.07667669301796,76.38339587903954,137816400
2020-01-21,76.4558334350586,77.04753633689393,76.31816914586837,76.60557043576469,110843200
2020-01-22,76.72877502441406,77.28183515069573,76.63458130371416,76.94130052804331,101832400
2020-01-23,77.09825134277344,77.17794744530988,76.23363007313968,76.78186968204291,104472000
2020-01-24,76.87610626220703,78.08850050621476,76.68530867082355,77.34464270460084,146537600
2020-01-27,74.61550903320312,75.29657068258192,73.63254850151056,74.88358515799297,161940000
2020-01-28,76.72634887695312,76.89782122944564,75.39802593452413,75.49704725649863,162234000
2020-01-29,78.3323974609375,79.18011122783992,77.61752038824181,78.3589677479383,216229200
2020-01-30,78.21890258789062,78.27203580279424,76.9823558087521,77.4146666313588,126743200
2020-01-31,74.75076293945312,77.93148808362285,74.45611650102718,77.50883992680524,199588400
2020-02-03,74.54549407958984,75.71200004458515,72.99014787932889,73.49249228699044,173788400
2020-02-04,77.0064926147461,77.1972901245958,75.74579329608108,76.15153374175752,136616400
2020-02-05,77.63443756103516,78.4338458330259,77.03065443292134,78.13436438960977,118826800
2020-02-06,78.54251098632812,78.54492847701792,77.3470249882305,77.90491992808909,105425600
2020-02-07,77.47493743896484,78.29076771071938,76.9835021703116,78.04141892687844,117684000
2020-02-10,77.84290313720703,77.84290313720703,75.97884171109904,76.05872699723375,109348800
2020-02-11,77.37325286865234,78.41180589004748,77.15537652396827,78.33918290445037,94323200
2020-02-12,79.21070098876953,79.21554005883662,77.82354276759801,77.82354276759801,113730400
2020-02-13,78.6466293334961,78.97344754144679,78.27866056338509,78.48201230906955,94747600
2020-02-14,78.66602325439453,78.91537209230916,78.1576400484623,78.61517976227493,80113600
2020-02-18,77.22559356689453,77.40715844205181,76.16283028478497,76.34439515994225,152531200
2020-02-19,78.34400177001953,78.57398681158733,77.46765015965101,77.46765015965101,93984000
2020-02-20,77.54029846191406,78.59337615293093,77.03433859303921,78.10436411115981,100566000
2020-02-21,75.78516387939453,77.57660960627356,75.1678463572217,77.13358724414647,129554000
2020-02-24,72.1853256225586,73.63784411599852,70.01865663591204,71.96261025745015,222195200
2020-02-25,69.7402572631836,73.23840922009403,69.26819314550896,72.8559159017165,230673600
2020-02-26,70.84661102294922,72.11272604677254,69.35778056176747,69.36504286107494,198054800
2020-02-27,66.2154769897461,69.23671826456818,66.07990918137826,68.05049624740387,320605600
2020-02-28,66.1767578125,67.3992989911438,62.0637108077199,62.27917132496963,426510000
2020-03-02,72.33784484863281,72.97453333535833,67.23224297649529,68.3361564954498,341397200
2020-03-03,70.04043579101562,73.59426220602887,69.18828697406445,73.51437694838485,319475600
2020-03-04,73.28925323486328,73.44903118653338,70.9628058782761,71.7641114774827,219178400
2020-03-05,70.91195678710938,72.51698353207479,70.54640393192855,71.54137556338232,187572800
2020-03-06,69.97023010253906,70.40356681603825,68.08195918610811,68.26836304968833,226176800
2020-03-09,64.43614959716797,67.32181576257562,63.66873234822989,63.850297174318,286744800
2020-03-10,69.07695007324219,69.34324665860709,65.21082898559138,67.09184552066098,285290000
2020-03-11,66.6778564453125,68.07953879233956,65.81360621039644,67.15235111618254,255598800
2020-03-12,60.093116760253906,65.36333966293708,60.03743791262368,61.95960486263178,418474000
2020-03-13,67.29276275634766,67.76483423256263,61.23575946723115,64.12627561961224,370732000
2020-03-16,58.63576126098633,62.719754836954735,58.10074857584745,58.572816419236986,322423600
2020-03-17,61.2139778137207,62.36388471818226,57.71340624039025,59.91881387267281,324056000
2020-03-18,59.7154655456543,60.52161388588787,57.40353915642415,58.04507047998226,300233600
2020-03-19,59.25792694091797,61.20914333463061,58.73259973445275,59.88977278720958,271857200
2020-03-20,55.49590301513672,60.96463541715743,55.195714466288855,59.83893112943769,401693200
2020-03-23,54.31694412231445,55.316762499666766,51.47000835368413,55.21508661799568,336752800
2020-03-24,59.766300201416016,59.96238962255932,56.72085240856594,57.21954987318864,287531200
2020-03-25,59.43705749511719,62.51881651598571,59.14171177404684,60.70316840806745,303602000
2020-03-26,62.56482696533203,62.62292535314042,59.64042200804535,59.67915672921516,252087200
2020-03-27,59.9744987487793,61.94265908510833,59.80745850642363,61.18735053944383,204216800
2020-03-30,61.68605041503906,61.85793342734731,60.376361777058186,60.700760441559225,167976400
2020-03-31,61.5601692199707,63.545277612218875,61.00579280749305,61.87730561089299,197002000
2020-04-01,58.3210563659668,60.21175123504188,57.8901427153891,59.674318939342214,176218400
2020-04-02,59.29423141479492,59.34749072840286,57.350277549943364,58.18305551478086,165934000
2020-04-03,58.44208526611328,59.48063441327349,57.851393792822975,58.778585252101344,129880000
2020-04-06,63.54042434692383,63.69535581741941,60.3715139261483,60.7394826329803,201820400
2020-04-07,62.80450439453125,65.7749107366169,62.70040896355512,65.55702695731613,202887200
2020-04-08,64.41194915771484,64.72665861508077,63.240251523791564,63.605797071493534,168895200
2020-04-09,64.8767318725586,65.3802757210065,64.0802729370591,65.04861853557672,161834800
2020-04-13,66.15011596679688,66.25905781375604,64.353831433513,64.95420843019932,131022800
2020-04-14,69.49091339111328,69.78142008992293,67.31213531371759,67.78420685231022,194994800
2020-04-15,68.8566665649414,69.31662947171817,67.93674075138786,68.36523122875091,131154400
2020-04-16,69.40376281738281,69.7693157098203,68.35310854308584,69.57080305380181,157125200
2020-04-17,68.4620361328125,69.46670067896375,67.02404221723192,68.91958300953867,215250000
2020-04-20,67.041015625,68.1909265506525,67.02165195482027,67.28794859412912,130015200
2020-04-21,64.96874237060547,67.11847132681476,64.25700758407963,66.8836471640781,180991600
2020-04-22,66.840087890625,67.27584066000009,65.8959519650496,66.2372874479201,116862400
2020-04-23,66.5810317993164,68.2078529350214,66.5422970832411,66.78438351779307,124814400
2020-04-24,68.50320434570312,68.51288987249583,67.05794791639367,67.10636816246496,126161200
2020-04-27,68.55162048339844,68.88327772422247,67.77210185087893,68.21995585468255,117087600
2020-04-28,67.44042205810547,69.19554835392223,67.34843543739386,69.01398356469981,112004800
2020-04-29,69.65552520751953,70.12517343259273,68.72591428235458,68.92926597961963,137280800
2020-04-30,71.12500762939453,71.30173342629523,69.8056406949222,70.195396396661,183064000
2020-05-01,69.97991943359375,72.38383568163243,69.20040090766054,69.29723399286716,240616800
2020-05-04,70.97006225585938,71.09836777466262,69.31419187836596,70.0041397159612,133568000
2020-05-05,72.03524017333984,72.86801811424831,71.2847707351164,71.43002407604543,147751200
2020-05-06,72.7784652709961,73.41030748628177,72.3523906692474,72.73730731555251,142333600
2020-05-07,73.53132629394531,73.87751548674036,73.10283599340708,73.4054440161324,115215200
2020-05-08,75.2815170288086,75.33492052212418,73.86390577921274,74.1916086969269,133838400
2020-05-11,76.4660873413086,76.96127521844708,74.57997904728234,74.78874082159405,145946400
2020-05-12,75.59221649169922,77.60211807775983,75.47084560508229,77.15061452744153,162301200
2020-05-13,74.67948913574219,76.69424986886771,73.60171529968213,75.77182688246066,200622400
2020-05-14,75.13829803466797,75.19898348401253,73.19393386714296,73.91730709017112,158929200
2020-05-15,74.69406127929688,74.74018280409528,72.8734981674341,72.9074855679762,166348400
2020-05-18,76.4539566040039,76.82778105681554,75.32763848421635,76.01945410801251,135178400
2020-05-19,76.01216125488281,77.31810575212776,75.98060363958615,76.47093934712166,101729600
2020-05-20,77.49044799804688,77.56083776866723,76.83261255175897,76.87145211894088,111504800
2020-05-21,76.91273498535156,77.89341385727374,76.67484537253091,77.35209701743804,102688800
2020-05-22,77.40791320800781,77.49044450659204,76.54860541656436,76.65055279391973,81803200
2020-05-26,76.88360595703125,78.70659167112338,76.82777268129091,78.5269651260588,125522000
2020-05-27,77.21858215332031,77.36422869926452,76.00002111496565,76.74038797022739,112945200
2020-05-28,77.2525634765625,78.51239377679266,76.61658126415462,76.89330301256463,133560800
2020-05-29,77.17732238769531,77.9565214299296,76.82049167356892,77.49531352794295,153532400
2020-06-01,78.12644958496094,78.24782048460888,77.00012408043993,77.13120672626943,80791200
2020-06-02,78.48812866210938,78.51240432243173,77.41763649054919,77.8594283215851,87642800
2020-06-03,78.92018127441406,79.18234646200645,78.23564789423146,78.8085221652708,104491200
2020-06-04,78.24053192138672,79.04157682827717,77.86670750782196,78.74300918140095,87560400
2020-06-05,80.46888732910156,80.52957276449304,78.46141579319185,78.49054361691735,137250400
2020-06-08,80.94466400146484,80.97865140314263,79.45423346951993,80.16546503775984,95654400
2020-06-09,83.50074005126953,83.89398053792564,80.59269835430385,80.62425597002903,147712400
2020-06-10,85.64901733398438,86.11750723835495,84.01051015507953,84.44987222819896,166651600
2020-06-11,81.53695678710938,85.2169228066109,81.43500939497191,84.7921247209598,201662400
2020-06-12,82.24090576171875,84.42558161332404,81.12915175448484,83.67794024802434,200146000
2020-06-15,83.25801849365234,83.91099461363045,80.73107513642306,80.89371542315325,138808800
2020-06-16,85.46452331542969,85.73640033379766,83.6779473563593,85.31402459590804,165428800
2020-06-17,85.3455810546875,86.27042663858354,85.22421016537945,86.20974119392952,114406400
2020-06-18,85.37957000732422,85.7970861704287,84.77028576142695,85.30189085886494,96820400
2020-06-19,84.89167022705078,86.55202339942768,83.78233832338894,86.08596324993198,264476000
2020-06-22,87.11275482177734,87.25597160509083,85.23878769520459,85.28490923314024,135445200
2020-06-23,88.97215270996094,90.39219373833417,87.93807025920542,88.35801624501319,212155600
2020-06-24,87.40161895751953,89.52075770910452,87.02779448118991,88.60076413876878,192623200
2020-06-25,88.56192016601562,88.6007597441656,86.79718989219901,87.5569729349939,137522400
2020-06-26,85.84077453613281,88.67842646058456,85.69269820221506,88.45753055778336,205256800
2020-06-29,87.81912231445312,87.91379516599585,85.27033358259102,85.74853519336081,130646000
2020-06-30,88.55218505859375,88.83862594589743,87.38702765304257,87.40644373304936,140223200
2020-07-01,88.38471984863281,89.17363075760089,88.33617592973944,88.62989145548384,110737200
2020-07-02,88.38471984863281,89.92856166413286,88.27063830568181,89.2925792858583,114041600
2020-07-06,90.7490005493164,91.21749032739643,89.78288576186722,89.81444337317966,118655600
2020-07-07,90.46745300292969,91.90691027355584,90.35579383560182,91.12771107529522,112424400
2020-07-08,92.57442474365234,92.60598235802769,91.35828614347145,91.4456770300409,117092000
2020-07-09,92.97254180908203,93.52113325517837,91.92389542563048,93.46772976135745,125642800
2020-07-10,93.1351547241211,93.19341778265134,91.95543335132274,92.56713990671183,90257200
2020-07-13,92.70552825927734,97.0530350925637,92.49191427496272,94.44113076999513,191649200
2020-07-14,94.2396240234375,94.43138465547754,91.15194893729137,92.08649866670663,170989200
2020-07-15,94.88774108886719,96.36603734050372,93.68859634607485,96.1160136540934,153198000
2020-07-16,93.72016906738281,94.57704721895716,93.12059659931413,93.7590086395202,110577600
2020-07-17,93.53082275390625,94.3270153946456,93.057473380001,94.17166452732319,92186800
2020-07-20,95.50188446044922,95.64024903517041,93.27351698417317,93.61821352696963,90318000
2020-07-21,94.18380737304688,96.36848331726704,93.9337836446351,96.2932339607085,103433200
2020-07-22,94.4483642578125,95.13046782119261,93.79781829972356,93.88520175324808,89001600
2020-07-23,90.14945220947266,94.25906916667438,89.33869547436655,94.18139001162552,197004400
2020-07-24,89.92611694335938,90.27081352736032,86.55685988171646,88.34587300700521,185438800
2020-07-27,92.05740356445312,92.1496466394303,90.76602273844958,90.98934105986477,121214000
2020-07-28,90.54511260986328,91.80494302513247,90.54025303327292,91.62773886108056,103625600
2020-07-29,92.28072357177734,92.4652097102924,90.99176520648089,91.02817499490048,90329200
2020-07-30,93.39734649658203,93.50172370292267,91.04517763130927,91.45298211740241,158130000
2020-07-31,103.17496490478516,103.32546361824967,97.89775374108596,99.89795098088912,374336800
2020-08-03,105.77473449707031,108.39634285363456,104.76007559751676,105.05864325676774,308151200
2020-08-04,106.48110961914062,107.57344762416928,105.24069527688243,105.96406844483113,173071600
2020-08-05,106.86705780029297,107.18747869527104,105.73588033133619,106.20194776111252,121776800
2020-08-06,110.5955810546875,111.09077637005811,106.60976509533027,107.19962585470167,202428800
2020-08-07,108.08112335205078,110.57371303352541,107.28349495082885,110.11653442162098,198045600
2020-08-10,109.65206909179688,110.67099178916104,106.99897985972514,109.52804517215966,212403600
2020-08-11,106.39102172851562,109.41374086189697,106.13081790570277,108.91522590001141,187902400
2020-08-12,109.92683410644531,110.18460371438742,107.288335746899,107.482876326809,165598000
2020-08-13,111.87226867675781,112.87660092461535,110.81929757369635,111.30809060988061,210082000
2020-08-14,111.7725830078125,111.86255822594228,109.9608929550016,111.69719796444708,165565200
2020-08-17,111.48075866699219,112.92038434329335,110.85335892216301,112.89606491291276,119561600
2020-08-18,112.40970611572266,112.83527017348905,110.89712956784018,111.2327184122214,105633600
2020-08-19,112.55072784423828,113.96603385163618,112.45589172935948,112.81822669084653,145538000
2020-08-20,115.0481948852539,115.1624895192386,112.57505670786055,112.59208104980983,126907200
2020-08-21,120.9769058227539,121.46083051491364,115.99658841174927,116.008744414782,338054800
2020-08-24,122.42383575439453,125.27147262052793,120.55621925237116,125.18635090264807,345937600
2020-08-25,121.41950225830078,121.76482035926398,119.69536076539771,121.29548577928259,211495600
2020-08-26,123.0706787109375,123.52785723369402,121.66996279802345,122.73752407416738,163022400
2020-08-27,121.59944915771484,124.00692412752836,120.45406865293813,123.67376948239601,155552400
2020-08-28,121.40245819091797,122.9928461715313,121.17872987082973,122.57457729408102,187630000
2020-08-31,125.51948547363281,127.42601869627453,122.56243019641671,124.09932594347109,225702700
2020-09-01,130.51927185058594,131.12236700060433,126.96885769324331,129.13801430731166,151948100
2020-09-02,127.81509399414062,134.21557794835164,123.53514224699033,133.836218656411,200119000
2020-09-03,117.58211517333984,125.32494732420406,117.21248511185603,123.44760925137419,257599600
2020-09-04,117.6599349975586,120.32517948321234,107.86466781430556,116.79421681694939,332607200
2020-09-08,109.74202728271484,115.74369462203643,109.60584737773415,110.84119577898701,231366600
2020-09-09,114.11925506591797,115.88960121264321,112.11545871886855,114.06089437114895,176940500
2020-09-10,110.39375305175781,117.21250764939418,109.43076440296137,117.0763277362815,182274400
2020-09-11,108.94438934326172,112.08627097984936,106.9989538192749,111.44427369473487,180860300
2020-09-14,112.21272277832031,112.76717161154352,109.72256765665087,111.59018399790295,140150100
2020-09-15,112.38780975341797,115.58805204226122,110.51046419860256,115.10169316714062,184642000
2020-09-16,109.07083892822266,112.83525930246253,108.98329789268679,112.08626989830371,154679000
2020-09-17,107.32967376708984,109.13892938917895,105.74414649450532,106.72659350722516,178011000
2020-09-18,103.9251708984375,107.85495187903756,103.19563251538361,107.38805146978207,287104900
2020-09-21,107.0767822265625,107.18378178328017,100.28720839881021,101.68792447129736,195713800
2020-09-22,108.75959014892578,109.78094695116036,106.18189355316511,109.60585742567011,183055400
2020-09-23,104.19754028320312,109.05140034753937,103.8570830937395,108.574770672038,150718700
2020-09-24,105.26750183105469,107.24211740863973,102.13534991299021,102.30071012698828,167743300
2020-09-25,109.21675109863281,109.37238950555708,104.7325215412831,105.471789131678,149981400
2020-09-28,111.82363891601562,112.17381792247089,109.70311378636897,111.87227777517529,137672400
2020-09-29,110.97737884521484,112.16409584063497,110.47156881534237,111.42483559860969,99382200
2020-09-30,112.65044403076172,114.0608892683136,110.52019713326597,110.68555737521241,142675200
2020-10-01,113.60372924804688,114.50835723025065,112.66992091500572,114.43053801385166,116120400
2020-10-02,109.93656921386719,112.2224621206602,109.1583993790266,109.81011856378328,144712000
2020-10-05,113.32161712646484,113.46752627225055,110.45210275141814,110.80228173280487,106243800
2020-10-06,110.07273864746094,112.95198215292027,109.18756197702983,112.54343507820363,161498200
2020-10-07,111.94039154052734,112.39757019740009,111.01630496863045,111.49294214180603,96849000
2020-10-08,111.83335876464844,113.22434541737783,111.46372127712412,113.07843627342072,83477200
2020-10-09,113.77880859375,113.80798894197643,111.7847340241306,112.13491304534423,100506900
2020-10-12,121.00609588623047,121.76481458334483,116.0257780752071,116.78449677232146,240226800
2020-10-13,117.79611206054688,121.9690718867462,116.38567436315013,121.85234309102313,262330500
2020-10-14,117.8836669921875,119.67346409750246,116.35650041512618,117.69884824411241,150712000
2020-10-15,117.41675567626953,117.8933852834975,114.92660067544894,115.48104948176437,112559200
2020-10-16,115.77287292480469,118.23385526990404,115.56860307094232,117.97121729976094,115393800
2020-10-19,112.81580352783203,117.1346651236104,112.50453415677372,116.68721586654202,120639300
2020-10-20,114.3040771484375,115.73397358180452,112.4753628325675,113.02981171272529,124423700
2020-10-21,113.68153381347656,115.47133103249566,113.27298669065874,113.4869857975519,89946000
2020-10-22,112.59207916259766,114.81960369273567,111.46372301440654,114.24569636322538,101988000
2020-10-23,111.90145874023438,113.37026472424279,111.16219112016253,113.2146263110706,82572600
2020-10-26,111.91117858886719,113.37025519408711,109.80037545983436,110.89955125203169,111850700
2020-10-27,113.41889190673828,114.08034029540528,111.41509565044463,112.3391745749253,92276800
2020-10-28,108.16619110107422,112.28078969838558,108.06892082806664,111.9111596924583,143937800
2020-10-29,112.1738052368164,113.73988133267714,109.13892333116605,109.30429098085882,146129200
2020-10-30,105.89006042480469,108.93466447069503,104.78116272521534,108.03003661879342,190272600
2020-11-02,105.80250549316406,107.66039994190102,104.39206773628062,106.13323338437135,122866900
2020-11-03,107.42695617675781,108.44830541372347,105.7636096297727,106.66823748036964,107624400
2020-11-04,111.81391143798828,112.43645025464208,109.2848465676762,111.02601237155882,138235500
2020-11-05,115.7825927734375,116.35650010587017,113.68152628924997,114.73205582071998,126387100
2020-11-06,115.65105438232422,116.14799095011887,113.1565957663913,115.29052521485966,114457900
2020-11-09,113.34173583984375,118.86655905479424,113.0786522061061,117.41471118065078,154515300
2020-11-10,113.00070190429688,114.57921861893705,111.20780945261693,112.59145738080137,138023400
2020-11-11,116.4305648803711,116.56697971266742,113.45866182357159,114.18945875403799,112295000
2020-11-12,116.1577377319336,117.44394006005354,115.5341249324846,116.55724363092018,103162300
2020-11-13,116.20646667480469,116.60596516096147,114.85205685711352,116.38185824859463,81581900
2020-11-16,117.21983337402344,117.89216151069154,115.12488063733073,115.87516223258528,91183000
2020-11-17,116.33313751220703,117.5803631991879,115.91414693604456,116.48904444010537,74271000
2020-11-18,115.00794219970703,116.75211168169893,114.97871151334662,115.57309358284304,76322100
2020-11-19,115.60234069824219,116.01158523354931,113.8191942363378,114.57922192592288,74113000
2020-11-20,114.33562469482422,115.72901129196754,114.28690935456355,115.60234248642783,73604300
2020-11-23,110.93497467041016,114.60845147390663,110.83753656463605,114.17971488763942,127959300
2020-11-24,112.22116088867188,112.8837503205093,109.7072179766373,110.99342755083629,113874200
2020-11-25,113.05915832519531,113.760724582734,112.22117723247423,112.59145244287018,76499200
2020-11-27,113.60482788085938,114.4817857816356,113.24430611291088,113.58534323153174,46691300
2020-11-30,116.0018310546875,117.8726693370055,113.81917895793265,113.97508586515107,169410200
2020-12-01,119.577880859375,120.30867787495882,116.93726853515172,117.91166455593012,127728200
2020-12-02,119.92864990234375,120.21122560718797,117.79472048917064,118.89578518676296,89004200
2020-12-03,119.79222106933594,120.61070996642201,119.08090887006357,120.3573649789216,78967600
2020-12-04,119.11991119384766,119.71429334953903,118.40859884170744,119.46094830759233,78260400
2020-12-07,120.58149719238281,121.38050156328545,119.1199032870206,119.17836466433876,86712000
2020-12-08,121.19536590576172,121.78000942455122,119.93839423484614,121.18562729875275,82225500
2020-12-09,118.66192626953125,122.72515520882723,117.90189869056083,121.3415148761349,115089200
2020-12-10,120.08455657958984,120.69843079499793,117.07367661772612,117.41471371847992,81312200
2020-12-11,119.27581787109375,119.61685498411975,117.46344071723955,119.29530252010173,86939800
2020-12-14,118.66192626953125,120.19172746757567,118.42807334539813,119.46093057486559,79184500
2020-12-15,124.60576629638672,124.62525838078408,120.95178104734528,121.15640332920535,157243700
2020-12-16,124.53754425048828,125.0832036047306,123.31954931044656,124.14779181691584,98208600
2020-12-17,125.40474700927734,126.26222014302118,124.76164215896948,125.5996232120097,94359800
2020-12-18,123.4169921875,125.79452063801119,122.89081749267945,125.6581058023967,192541500
2020-12-21,124.94677734375,125.02473079695858,120.2891663082695,121.81896751574804,121251600
2020-12-22,128.5033416748047,130.96856222026736,126.33042801765606,128.2402506072199,168904800
2020-12-23,127.60689544677734,129.0392437617865,127.43149645083432,128.77616757002454,88223700
2020-12-24,128.59103393554688,130.04288924480903,127.74331422195132,127.95768251910687,54930100
2020-12-28,133.19015502929688,133.8235063080633,130.0915688691176,130.55928952566094,124486200
2020-12-29,131.4167938232422,135.23642465149393,130.90036509315357,134.51538107187807,121047300
2020-12-30,130.2962188720703,132.5081016930773,129.9844050523243,132.10859581206566,96452100
2020-12-31,129.29257202148438,131.2900862451404,128.34740697226323,130.64698149385816,99116600
2021-01-04,126.09659576416016,130.18905617994074,123.51444475784658,130.10136410422703,143301900
2021-01-05,127.65562438964844,128.36694422919058,125.14168073283425,125.58990946914705,97664900
2021-01-06,123.3585433959961,127.69461045301895,123.14417506694097,124.44986969207119,155088000
2021-01-07,127.56791687011719,128.25974454135618,124.58626762143851,125.07346559980046,109578200
2021-01-08,128.66896057128906,129.23411188523488,126.89555318600054,129.0392208425577,105158200
2021-01-11,125.67757415771484,126.83710761276025,125.20986830687416,125.88220383076441,100384500
2021-01-12,125.502197265625,126.36940903829134,123.61186680500131,125.20987551647978,91951100
2021-01-13,127.5386734008789,128.08433270307023,125.20012928631586,125.46320546323611,88636800
2021-01-14,125.6093978881836,127.64588205646474,125.46322956038647,127.45100582083897,90221800
2021-01-15,123.88470458984375,126.88584599937765,123.74828974705143,125.48271340602645,111598500
2021-01-19,124.55704498291016,125.41451823804258,123.6898331200979,124.5083222083043,90757300
2021-01-20,128.64950561523438,129.09773432738962,125.25861162121556,125.36579577837638,104319500
2021-01-21,133.36558532714844,136.0938972964428,130.1695674073792,130.3741971240205,120150900
2021-01-22,135.5092315673828,136.26925910487765,131.56292558848264,132.79065894872045,114459400
2021-01-25,139.2606964111328,141.3751342790999,133.04404419681762,139.406864754955,157611700
2021-01-26,139.49453735351562,140.60534821810342,137.75036015705467,139.92327397986588,98390600
2021-01-27,138.4226837158203,140.60533595593498,136.81493637532154,139.7576013848175,140843800
2021-01-28,133.57992553710938,138.35447419549072,133.19991174456135,135.94771521998626,142621100
2021-01-29,128.581298828125,133.2389103783543,126.8761058794983,132.3522064767238,177523800
2021-02-01,130.70547485351562,131.91373120913244,127.5776572470742,130.32546101984542,106239800
2021-02-02,131.53370666503906,132.8199015096137,131.16343146870483,132.2547501087198,83305400
2021-02-03,130.51058959960938,132.2937358859012,130.189037167514,132.28398241128824,89880900
2021-02-04,133.87225341796875,133.88199202454763,131.1439418976162,132.81016544490666,84183100
2021-02-05,133.45748901367188,134.10155478599495,132.57922833528005,134.0332529018306,75693800
2021-02-08,133.60389709472656,133.65269267140306,131.66194630942968,132.7451425942424,71297200
2021-02-09,132.72561645507812,134.55046970081816,132.56949146196018,133.32088673165194,76774200
2021-02-10,132.12057495117188,133.68194379137316,131.15447630613667,133.18424984227164,73046600
2021-02-11,131.86691284179688,133.09648125599304,130.53975325125631,132.61830831642197,64280000
2021-02-12,132.10107421875,132.25721410503192,130.46165008374714,131.10571594692075,60145100
2021-02-16,129.9737548828125,132.72565030112574,129.58340507467835,132.2182178860353,80576300
2021-02-17,127.68050384521484,129.02718470487588,126.34359103778664,128.0806068383494,97918500
2021-02-18,126.57775115966797,126.86074164698687,124.3332889063116,126.08005718186494,96856700
2021-02-19,126.73389434814453,127.55362134396646,125.6897404521568,127.09496971320031,87668800
2021-02-22,122.95734405517578,126.58751445183981,122.56700179136556,124.91880108792212,103916400
2021-02-23,122.82074737548828,123.65022018140999,115.5311309097856,120.77145942992851,158273000
2021-02-24,122.32304382324219,122.52797184498519,119.2783904200208,121.92294838417055,111039900
2021-02-25,118.06834411621094,123.40625632255099,117.62921364696236,121.66924076662798,148199500
2021-02-26,118.33183288574219,121.83513850368571,118.27327669448195,119.6297105769618,164560400
2021-03-01,124.7041244506836,124.8407431312115,119.82486458851659,120.7616815886335,116307900
2021-03-02,122.0986099243164,125.61167577926304,121.99126560430425,125.30916402931615,102260900
2021-03-03,119.11249542236328,122.67435679168018,118.89780678629857,121.79608848285189,112966300
2021-03-04,117.22911834716797,120.61532656382595,115.75558693292824,118.81000154074016,178155000
2021-03-05,118.48794555664062,118.99539275523834,114.73091692483256,118.05857574839611,153766600
2021-03-08,113.55014038085938,118.07809310772461,113.40376109045417,118.00978376489019,154376600
2021-03-09,118.1659164428711,119.1124940848032,115.92146128458052,116.15566368258474,129525800
2021-03-10,117.08272552490234,119.2198363292163,116.56551771410868,118.75143154135017,111943300
2021-03-11,119.01490783691406,120.23472282472085,118.33181442180619,119.58090377809478,103026500
2021-03-12,118.10736083984375,118.24397951783547,116.28252245017181,117.49257678888105,88105100
2021-03-15,120.99588012695312,121.00564073101157,117.51208899403603,118.47818777651618,92403800
2021-03-16,122.5377426147461,124.1478999993401,121.7082698545493,122.6646007020175,115227900
2021-03-17,121.74729919433594,122.82073491932013,119.38573166517871,121.05444515870833,111932600
2021-03-18,117.61945343017578,120.20546300637888,117.41452538083813,119.91270439580465,121229700
2021-03-19,117.09249877929688,118.49772827437513,116.78998699166908,117.00467565843506,185549500
2021-03-22,120.41036987304688,120.8787820785301,117.35595599145238,117.42426532921458,111912300
2021-03-23,119.58089447021484,121.23983974643996,119.19055221546797,120.35181837592111,95467100
2021-03-24,117.19005584716797,119.93220486001856,117.17054208424707,119.8541349180161,88530500
2021-03-25,117.67798614501953,118.7221549060971,116.1263850777415,116.6533460379,98844700
2021-03-26,118.28300476074219,118.54648893602595,116.04830307573802,117.44377155344249,94071200
2021-03-29,118.45868682861328,119.61995321991907,117.81462830863143,118.71241046141134,80819200
2021-03-30,117.00464630126953,117.49257225961915,115.98975941448322,117.20957431035725,85671900
2021-03-31,119.20032501220703,120.53723750663126,118.22447299809998,118.7123990051535,118323800
2021-04-01,120.0298080444336,121.18131381778825,119.53212138984829,120.67387400273938,75089100
2021-04-05,122.85977935791016,123.1135029854138,120.09811616226364,120.87880081066227,88651200
2021-04-06,123.16227722167969,124.0600592543952,122.6158024965763,123.44527518865387,80171300
2021-04-07,124.81147003173828,124.830983795515,122.11811647580448,122.79145672607788,83466700
2021-04-08,127.21206665039062,127.24134101901195,125.41650255345681,125.83611176390906,88844600
2021-04-09,129.78831481933594,129.82734234724018,126.34355848189794,126.66559142580684,106686700
2021-04-12,128.07081604003906,129.6419382844939,127.47554575138676,129.31990535224077,91420000
2021-04-13,131.18380737304688,131.40826410568187,128.7441768121527,129.241870976382,91266500
2021-04-14,128.8417510986328,131.74003301621525,128.48069058786155,131.68148427288168,87222800
2021-04-15,131.25213623046875,131.74006238745935,130.41290264483195,130.58856380431737,89347100
2021-04-16,130.92030334472656,131.41798248691907,130.06154884966244,131.05692202436683,84922400
2021-04-19,131.58387756347656,132.1986690764981,130.12009959176393,130.2859926417197,94264200
2021-04-20,129.8957061767578,132.25726706369517,128.6270951507964,131.75958772849899,94812300
2021-04-21,130.27627563476562,130.5202386977521,128.1294036585496,129.16380466316036,68847100
2021-04-22,128.75389099121094,130.91051516608923,128.23669071993334,129.8273190546684,84566500
2021-04-23,131.07644653320312,131.85711621347775,128.9686026596944,128.9686026596944,78657500
2021-04-26,131.46678161621094,131.79856771997257,130.33478973127393,131.57412593099494,66905100
2021-04-27,131.14476013183594,132.1401334204204,130.87152274129448,131.7497836551319,66015800
2021-04-28,130.3543243408203,131.75955373687952,129.8663982944287,131.06669219926212,107760100
2021-04-29,130.25674438476562,133.76006501598266,129.2516178339276,133.17454775379707,151101000
2021-04-30,128.28553771972656,130.33481842080408,127.9049559545034,128.59780268308566,109839500
2021-05-03,129.33938598632812,130.83245288130888,128.64653957387134,128.85146010531835,75135100
2021-05-04,124.7626724243164,128.3147804318186,123.64044117384255,128.0220218638134,137564700
2021-05-05,125.00664520263672,127.29988843260809,124.8797796797169,126.08007345167024,84000900
2021-05-06,126.60704040527344,126.61679356449366,124.06005871360824,124.80170829812977,78128300
2021-05-07,127.2815170288086,128.30789005898956,126.56792436314103,127.90712250466862,78973300
2021-05-10,123.99708557128906,126.62658120316634,123.95798429414883,126.49951510362119,88071200
2021-05-11,123.07823181152344,123.43012839060427,120.00884494360865,120.72243020113098,126142800
2021-05-12,120.00886535644531,121.8368112224308,119.50056358215276,120.62470125465063,112172300
2021-05-13,122.15937042236328,123.31283199690465,121.46533953245027,121.77814229209847,105861300
2021-05-14,124.5835952758789,125.0137018854759,123.01958141071674,123.41058674145887,81918000
2021-05-17,123.43013763427734,124.07529756948797,122.35487853339957,123.96777091361953,74244600
2021-05-18,122.04207611083984,124.13394612750437,121.97365073488565,123.71361668726954,63342900
2021-05-19,121.88565826416016,122.110481266006,120.09681414325692,120.39006996753153,92612000
2021-05-20,124.44673919677734,124.84752169451296,122.2864439727993,122.41352498808429,76857100
2021-05-21,122.60902404785156,125.12122331133726,122.39397075203622,124.94527129274346,79295400
2021-05-24,124.24147033691406,125.06258229000034,123.10756306374581,123.17598843835246,63092900
2021-05-25,124.04597473144531,125.43404408732667,123.47901735071959,124.94528180981987,72009500
2021-05-26,123.99708557128906,124.52494162597304,123.57675616428918,124.10461221897317,56575900
2021-05-27,122.46241760253906,124.769341158599,122.26691863994715,123.59633246743279,94625600
2021-05-28,121.80747985839844,122.97071874535015,121.74883166504185,122.74588824113839,71311100
2021-06-01,121.48489379882812,122.53082878890919,121.15254410936616,122.26690447420742,67637100
2021-06-02,122.2473373413086,122.42328935200692,121.26005810254007,121.48488111421776,59278900
2021-06-03,120.76153564453125,122.04207082094376,120.36075313288092,121.87589598051592,76229200
2021-06-04,123.05867767333984,123.32260943039987,121.06455727986688,121.27961057589917,75169300
2021-06-07,123.06847381591797,123.47902610369498,122.02253872592952,123.3323981558297,71057600
2021-06-08,123.88956451416016,125.57088967583601,123.37148561983427,123.75271376689696,74403800
2021-06-09,124.27079772949219,124.87685639052275,123.67451625303815,124.34900029049098,56877900
2021-06-10,123.27372741699219,125.30694902913476,123.10755258677628,124.1632572111759,71186400
2021-06-11,124.48583984375,124.57381958141005,123.26395290484824,123.68428231014268,53522400
2021-06-14,127.54542541503906,127.6040735939575,124.21212215861955,124.94525422632002,96906500
2021-06-15,126.7243423461914,127.66275811320399,126.47996494927916,127.01759820560862,62746300
2021-06-16,127.22284698486328,127.94620933630257,125.57086856900956,127.4379002537882,91815000
2021-06-17,128.82595825195312,129.56887494764572,126.73408871652109,126.88072407701245,96721700
2021-06-18,127.5259017944336,128.5522748841205,127.31084850130004,127.7702791806661,108953300
2021-06-21,129.3245391845703,129.43206585059897,126.30403772378516,127.36951974085984,79663300
2021-06-22,130.96673583984375,131.06449276893142,128.65981252013916,129.15835197662773,74783600
2021-06-23,130.69302368164062,131.29908974446735,130.23359300049012,130.76145650954527,60214200
2021-06-24,130.4095458984375,131.6118784063628,129.94033059947196,131.4261492149737,68711000
2021-06-25,130.11630249023438,130.87875877934593,129.82304662928087,130.45843681394894,70783700
2021-06-28,131.74874877929688,132.20817950576375,130.35091714623502,130.40956533844553,62111300
2021-06-29,133.26385498046875,133.42026006032864,131.32839059293283,131.76826682888063,64556100
2021-06-30,133.8797149658203,134.319591281627,132.81421821699357,133.1074740660687,63261400
2021-07-01,134.18272399902344,134.24137217848602,132.70667520970073,133.52779446900757,52485800
2021-07-02,136.81227111816406,136.8513649452778,134.65196800865726,134.7985885048526,78852600
2021-07-06,138.82589721679688,139.9304727602518,136.91975675935547,136.91975675935547,108181800
2021-07-07,141.3185577392578,141.63135302793145,139.45151098591106,140.3117092164722,104911600
2021-07-08,140.0184783935547,140.82002849752848,137.50627159938102,138.39580890191343,105575500
2021-07-09,141.84640502929688,142.3742535997312,139.44172508137947,139.53948199823574,99890800
2021-07-12,141.2501678466797,143.02924286417507,140.7614129406358,142.92171618822078,76299700
2021-07-13,142.364501953125,144.1435766396761,140.39971296594135,140.79071085179643,100827100
2021-07-14,145.79554748535156,146.20611463354894,144.35860721349817,144.76917436169552,127050800
2021-07-15,145.14064025878906,146.62645922194355,143.7819023332903,145.8835571981737,106820300
2021-07-16,143.09759521484375,146.3917969988858,142.59907080876903,145.12104675803545,93251400
2021-07-19,139.24624633789062,140.82982210985173,138.48379000590003,140.51701186307943,121434600
2021-07-20,142.86305236816406,143.7916986175757,139.7448086120487,140.2335635156902,96350000
2021-07-21,142.1298828125,142.8434755242887,141.3772111971352,142.2569638271825,74993500
2021-07-22,143.49839782714844,144.86690516323114,142.5306580508827,142.6577390590944,77338200
2021-07-23,145.21881103515625,145.3752161371665,143.6156960285799,144.23153179548808,71447400
2021-07-26,145.63916015625,146.46026463758602,144.37816442398642,144.9353520535012,72434100
2021-07-27,143.46908569335938,145.85421146271116,142.27652280868347,145.76622426436333,104818600
2021-07-28,141.7193145751953,143.66456373234172,139.3341891527353,141.55313976010396,118931200
2021-07-29,142.364501953125,143.25403929640055,141.32834413155712,141.43587078750923,56699500
2021-07-30,142.57952880859375,143.03895944281084,140.86888727307377,141.13281900063922,70440600
2021-08-02,142.2471923828125,143.6450238649846,141.98326063074202,143.06829681635188,62880000
2021-08-03,144.04579162597656,144.71049088545726,141.91481329138477,142.5306490113704,64786600
2021-08-04,143.64500427246094,144.46610859400542,142.99007476011403,143.95781444196922,56368300
2021-08-05,143.7525634765625,144.51501979299104,142.88258050445233,143.67436091646556,46397700
2021-08-06,143.06727600097656,144.01688208379585,142.56800458197282,143.2728671370131,54126800
2021-08-09,143.01832580566406,143.61550061721744,142.4603183242228,143.12601355653302,48908700
2021-08-10,142.5386199951172,144.60425572712768,142.24492480830875,143.36095456781464,69023100
2021-08-11,142.7931365966797,143.6350547655628,142.47007341046165,142.97914403158916,48493500
2021-08-12,145.7594451904297,145.91608462298464,142.77357136091953,143.11621825238865,72282600
2021-08-13,145.96505737304688,146.2979050117812,145.15250700463497,145.8377859484882,59375000
2021-08-16,147.9425506591797,148.01108601151154,143.39032739407136,145.41679586878547,103296000
2021-08-17,147.03213500976562,148.49079698288415,145.95525743273268,147.07128740440294,92229700
2021-08-18,143.2826690673828,147.55099731267805,143.07707790614015,146.65034281258323,86326000
2021-08-19,143.615478515625,144.88814766514,141.46173876765357,141.9805937770935,86960300
2021-08-20,145.07418823242188,145.3776678425582,143.69383103345265,144.33995758675238,60549600
2021-08-23,146.5622100830078,147.03211343952145,144.78047016020776,145.191637464402,60131800
2021-08-24,146.4740753173828,147.68800837397345,146.01395637307587,146.3076515410526,48606400
2021-08-25,145.2406005859375,147.15939642783155,144.69237747052765,146.66011006790077,58991300
2021-08-26,144.43783569335938,145.98461660195343,144.4084676646739,145.23081728174643,48597200
2021-08-27,145.47555541992188,145.62239555790586,143.7427671019152,144.37909428379132,55802400
2021-08-30,149.90052795410156,150.26275857372073,145.48535959462373,145.8671589433328,90956700
2021-08-31,148.63766479492188,149.58727102922836,148.1090103253276,149.4502152293265,86453100
2021-09-01,149.30335998535156,151.72142761830509,149.13693615262528,149.6166389208094,80313700
2021-09-02,150.41941833496094,151.46692816715506,149.19570027191062,150.63479390909498,71115500
2021-09-03,151.0557403564453,151.3788036741578,149.87117485816617,150.5270858591112,57808700
2021-09-07,153.39544677734375,153.95345421989785,151.1438034675188,151.71161021089787,82278300
2021-09-08,151.8486785888672,153.73809149809526,150.7424330368148,153.67935544010308,74420200
2021-09-09,150.83056640625,152.82766725771464,150.71307934113239,152.2207080167917,57305700
2021-09-10,145.83779907226562,152.21091623055125,145.5734718351498,151.74101276076019,140893200
2021-09-13,146.40557861328125,148.2362553872636,145.6223963511956,147.462872426403,102404300
2021-09-14,145.00564575195312,147.8936314335505,143.8210954003336,147.1887688532645,109296300
2021-09-15,145.89651489257812,146.2978978750979,143.29244009500678,145.43639585173057,83281300
2021-09-16,145.66156005859375,145.83778317678434,144.12457838073104,145.3189280621593,68034100
2021-09-17,142.9889373779297,145.6909151277315,142.69524219582632,145.6909151277315,129868800
2021-09-20,139.9345703125,141.7946152611483,138.29968524042357,140.7764886965952,123478900
2021-09-21,140.4142608642578,141.55967381165956,139.77793361611074,140.90374795912805,75834000
2021-09-22,142.78335571289062,143.35114745502966,140.67855277043824,141.41278322846554,76404300
2021-09-23,143.74278259277344,143.987526141095,142.5778009126891,143.56655947024234,64838200
2021-09-24,143.83087158203125,144.36931031939181,142.4994662214484,142.59736960568088,53477900
2021-09-27,142.31349182128906,142.8910980217354,140.79609357882552,142.41139522826984,74150700
2021-09-28,138.9262237548828,141.7065067266194,138.71084824910437,140.23804551701713,108972300
2021-09-29,139.82687377929688,141.41280705571026,139.04369150451467,139.47444250254287,74602000
2021-09-30,138.5248260498047,141.34427605273183,138.30945056691672,140.63941355200004,89056700
2021-10-01,139.65066528320312,139.91499250291432,136.1851031474959,138.91643462464168,94639600
2021-10-04,136.2144775390625,139.21993567866247,135.36277471551017,138.7793853125862,98322000
2021-10-05,138.14303588867188,139.2492814021404,136.4298312131739,136.55710262635787,80861100
2021-10-06,139.01431274414062,139.16115287396872,135.4606322227177,136.5375096346514,83221100
2021-10-07,140.27719116210938,141.18764483600611,139.71918369704164,140.05203130343006,61732700
2021-10-08,139.8954315185547,141.1485175173034,139.56258381781655,141.00167733696696,58773200
2021-10-11,139.80728149414062,141.76522959139172,138.8283074455151,139.27864208058458,64452200
2021-10-12,138.5346221923828,140.23804253698972,138.07450316144806,140.2184588719824,73035900
2021-10-13,137.94725036621094,138.4269381369984,136.2731980054475,138.27031362663757,78762700
2021-10-14,140.73733520507812,140.8548222748978,138.53464310497256,139.12203364018546,69907100
2021-10-15,141.79461669921875,141.85335275996707,140.49257924677562,140.74712209396571,67940300
2021-10-18,143.4686737060547,143.75256965473264,140.1499517260529,140.43384767473086,85589200
2021-10-19,145.63218688964844,146.03356986995644,143.4686624173773,143.91898215404882,76378900
2021-10-20,146.12167358398438,146.60137628639336,145.00564367087514,145.57345046006543,58418800
2021-10-21,146.33706665039062,146.4937061154404,144.76091751098588,145.68115569570142,61421000
2021-10-22,145.56365966796875,147.02232150012944,145.51470797593214,146.5426337568644,58883400
2021-10-25,145.51470947265625,146.2293563822722,144.51615170908323,145.55386186391277,50720600
2021-10-26,146.180419921875,147.6684497999659,145.87692540269924,146.190204285219,60893400
2021-10-27,145.7203369140625,146.5818241779891,145.3679055531043,146.2196084512687,56094900
2021-10-28,149.36209106445312,149.94946658313845,146.57200880232836,146.66991219108917,100077900
2021-10-29,146.65029907226562,146.78735482622835,143.3315780160653,144.12454451670374,124953200
2021-11-01,145.82801818847656,146.55244960962315,144.69240441623955,145.85738622241698,74588300
2021-11-02,146.86570739746094,148.3831203302802,145.5245026428988,145.53430194477542,69122000
2021-11-03,148.30477905273438,148.77468239775834,146.66989423866602,147.22790166001485,54511500
2021-11-04,147.78594970703125,149.22502801768104,147.47267079725674,148.39290892226862,60394600
2021-11-05,148.31532287597656,149.21729158680063,147.11923035602848,148.9133691359506,65463900
2021-11-08,147.49180603027344,148.5996660295044,147.21729443113375,148.44279798435025,55020900
2021-11-09,147.8545379638672,148.46238288844518,147.1192358932613,147.25649168138406,56787900
2021-11-10,145.02122497558594,147.1879224121505,144.95260453755975,147.08007747259725,65187100
2021-11-11,144.97218322753906,146.50160947604698,144.7859042685968,146.0408338404559,41000000
2021-11-12,147.05064392089844,147.45259776115682,144.58982294106508,145.52120275202367,63804000
2021-11-15,147.06045532226562,148.90361781609556,146.50161841135474,147.42319965826968,59222800
2021-11-16,148.04083251953125,148.52123530858523,146.41336017433824,147.0016078768631,59256200
2021-11-17,150.48202514648438,151.96242792983602,148.03101824439025,148.04081688648543,88807000
2021-11-18,154.77622985839844,155.5605553164082,150.05069477948223,150.69776440432256,137827700
2021-11-19,157.4036865234375,157.86447707717755,153.46246272837266,154.56050917485408,117305600
2021-11-22,157.86448669433594,162.4527653050192,157.84487444666516,158.51154126985364,117467900
2021-11-23,158.246826171875,158.6291826815126,155.94287351139204,157.96250097049108,96041900
2021-11-24,158.7664337158203,158.9625112862029,156.51150425702141,157.5997519763684,69463600
2021-11-26,153.73696899414062,157.30563478087385,153.29579070221752,156.44289044282164,76959800
2021-11-29,157.09976196289062,158.0311417015208,155.67816582735122,156.24680128961487,88748200
2021-11-30,162.06060791015625,162.27629775232137,156.7860353404558,156.85467072649087,174048100
2021-12-01,161.54100036621094,166.96262755361067,161.30569826962912,164.1978840178816,152052500
2021-12-02,160.55078125,160.98216094033538,154.70758806208025,155.62916922602187,136739200
2021-12-03,158.6683807373047,161.72724755293552,156.58993165162352,160.8056665553949,118023100
2021-12-06,162.08021545410156,164.59004449763117,161.06058805531697,161.0703866988541,107497000
2021-12-07,167.82537841796875,168.21754859396336,165.04103748733866,165.76654109310675,120405400
2021-12-08,171.64892578125,172.51168504122978,167.35475668604474,168.7567404835119,116998900
2021-12-09,171.13914489746094,173.2862298561429,170.51168757727757,171.48229193058603,108923700
2021-12-10,175.93331909179688,176.10979941461878,171.26660609827198,171.77641985782503,115402700
2021-12-13,172.2960205078125,178.56079478498526,172.09012930519359,177.57057822727617,153237000
2021-12-14,170.9136505126953,174.25682821034476,168.83520101609776,171.81561944442183,139380400
2021-12-15,175.78627014160156,175.98234775996642,168.93324742548972,171.67837896188757,131063300
2021-12-16,168.88417053222656,177.59015164670058,167.40376778099412,175.7666019527164,150185800
2021-12-17,167.7861328125,170.07047310742206,166.3645517595425,166.59983885479875,195432700
2021-12-20,166.42340087890625,167.23713712314685,164.17828470413107,164.98220734461725,107499100
2021-12-21,169.59994506835938,169.80582135089108,165.8057747328625,168.19796079499608,91185900
2021-12-22,172.19796752929688,172.4136573675495,168.77635596770887,169.64891396436306,92135300
2021-12-23,172.825439453125,173.38427634319635,171.83523780972868,172.40387334427473,68356600
2021-12-27,176.79605102539062,176.88428369318993,173.599943060433,173.61954034677024,74919600
2021-12-28,175.7764434814453,177.77647393560375,175.03134260309423,176.62940424561387,79144300
2021-12-29,175.8647003173828,177.09020410494455,174.64899517460688,175.81567717392772,62348900
2021-12-30,174.70782470703125,177.03139016388263,174.5999797705549,175.95294079911923,59773000
2021-12-31,174.0901641845703,175.71762176050464,173.7862266948401,174.5999629626884,64062300
2022-01-03,178.44314575195312,179.2961065398854,174.22742479359925,174.34506836720536,104487900
2022-01-04,176.1784210205078,179.3549322145944,175.6097854694808,179.051009669682,99310400
2022-01-05,171.49209594726562,176.6392118468071,171.21758429607112,176.09018854441808,94537600
2022-01-06,168.62928771972656,171.86462006909193,168.27634210052742,169.3155667126804,96904000
2022-01-07,168.79595947265625,170.72735431349597,167.6783008049415,169.50185073224034,86709100
2022-01-10,168.81556701660156,169.119489502726,164.87434342032694,165.7665135929736,106765600
2022-01-11,171.64892578125,171.74695708640064,167.47241519588906,168.9430194109857,76138300
2022-01-12,172.09011840820312,173.70777719583765,171.39404073246158,172.66855252404713,74805200
2022-01-13,168.81556701660156,173.15874440691425,168.42339690566672,172.33520961359125,84505800
2022-01-14,169.6783447265625,170.37442243944997,167.73713612609606,167.9822368621362,80440800
2022-01-18,166.472412109375,169.15870642783565,166.09005558435084,168.1488926576498,90956700
2022-01-19,162.97235107421875,167.72731057448723,162.68804084831785,166.66847376948644,94815000
2022-01-20,161.28607177734375,166.3547528521012,160.9625370330281,163.70766807832655,91420500
2022-01-21,159.22723388671875,163.0704113462842,159.1193889725066,161.19783827212862,122848900
2022-01-24,158.4527130126953,159.11939476840692,151.66832669269064,156.88407733764427,162294600
2022-01-25,156.64877319335938,159.5703696285005,153.942866591661,155.86444788627315,115798400
2022-01-26,156.56056213378906,161.1684533792907,154.727213256224,160.29589528165266,108275300
2022-01-27,156.09976196289062,160.6292188937634,155.17818077822113,159.26645936487785,121954600
2022-01-28,166.9920196533203,167.01163189910224,159.6095873711376,162.4625632621154,179935700
2022-01-31,171.35484313964844,171.5705330064948,166.18811489980484,166.82538585540124,115541600
2022-02-01,171.18814086914062,171.41362933410613,168.93321134020488,170.59989317993646,86213900
2022-02-02,172.39405822753906,172.4332827246188,169.93325210735014,171.32542255843316,84914300
2022-02-03,169.51165771484375,172.78621481447524,168.74694463929947,171.0606961129302,89418100
2022-02-04,169.22698974609375,170.90562127726093,167.54835821492657,168.53001022690665,82465400
2022-02-07,168.51039123535156,170.75836779564654,167.81341170266444,169.68837067678015,77251200
2022-02-08,171.62220764160156,172.13267083606547,168.2845821132694,168.57908068618394,74829200
2022-02-09,173.04562377929688,173.4088302479398,171.6909391445202,172.81984799977465,71285000
2022-02-10,168.96194458007812,172.26029603848204,168.40241070544232,170.94488589786454,90865900
2022-02-11,165.54580688476562,169.9043445353418,164.95680964270105,169.1681054721721,98670700
2022-02-14,165.78140258789062,166.46855602542965,163.50396264767951,164.2990984096048,86185500
2022-02-15,169.61961364746094,169.77668153567035,167.12622458211413,167.8330151002382,62527400
2022-02-16,169.38401794433594,170.15951626127358,166.92988848985067,168.69686469284355,61177400
2022-02-17,165.78140258789062,168.75580709374077,165.37892165346722,167.89194849865083,69589300
2022-02-18,164.23037719726562,167.4109199862711,163.14074291393072,166.70414435001902,82772700
2022-02-22,161.3050537109375,163.6315640117695,159.17485582320555,161.95293260639133,91162800
2022-02-23,157.133056640625,163.10148814384206,156.8189207831809,162.50267977205857,90009200
2022-02-24,159.75404357910156,159.86202589264875,149.2110962540396,149.78045618194105,141147500
2022-02-25,161.82534790039062,162.09038317154068,157.91836192123637,160.83386973446065,91974200
2022-02-28,162.09039306640625,162.3848916978169,159.44974647016767,160.06819209824778,95056600
2022-03-01,160.20558166503906,163.54320699943037,158.99815406295153,161.67805946523026,83474400
2022-03-02,163.5039520263672,164.2892766091773,159.96018776566925,161.37376901896334,79724800
2022-03-03,163.1799774169922,165.81081207668467,162.5124613709738,165.37888288040546,76678400
2022-03-04,160.17617797851562,162.51251486628342,159.1258179770991,161.4719659938963,83737200
2022-03-07,156.37716674804688,161.99221739182056,156.121927641353,160.3626714753167,96418800
2022-03-08,154.55128479003906,159.89147377341504,152.94137619759366,155.90596926887457,131148300
2022-03-09,159.96018981933594,160.41175632836593,156.4851483427237,158.51716018630677,91454900
2022-03-10,155.61146545410156,157.4471497383223,153.11806120676204,157.26063347822767,105342000
2022-03-11,151.89100646972656,156.3575259685623,151.665230708696,156.01394178449013,96970100
2022-03-14,147.85643005371094,151.2922123001873,147.34598176184335,148.67120306961968,108732100
2022-03-15,152.24440002441406,152.71560375350202,147.62082764624324,148.13127588452474,92964300
2022-03-16,156.6618194580078,157.06430032250074,151.6259555145145,154.16843028106842,102300200
2022-03-17,157.67294311523438,158.04597567713608,154.73781315339022,155.6998279417029,75615400
2022-03-18,160.97128295898438,161.4621089351798,156.8287105215893,157.56494948588247,123511700
2022-03-21,162.3456268310547,163.29783055310392,160.01910120084528,160.50992724401203,95811400
2022-03-22,165.72250366210938,166.31148589554496,161.88424061211234,162.4732228455479,81532000
2022-03-23,167.0869903564453,169.47239748158006,164.57394870167656,164.90772175927947,98062700
2022-03-24,170.87619018554688,170.94489804434284,167.0870124371813,167.92140774440355,90131400
2022-03-25,171.51425170898438,172.06397447426608,169.5803959233043,170.68966756106184,80546200
2022-03-28,172.37811279296875,172.5057173789197,168.8441592815926,169.01103833923784,90371900
2022-03-29,175.67645263671875,175.72552325481462,173.10451415071458,173.4480983503125,100589400
2022-03-30,174.5082550048828,176.31449082883282,173.45788032690467,175.2739422558794,92633200
2022-03-31,171.40623474121094,174.76348236111616,171.20008125648198,174.57696610798493,103049300
2022-04-01,171.1117401123047,171.67128888454906,168.78522990497535,170.8368787788995,78751300
2022-04-04,175.16600036621094,175.21508596620356,171.23939202795495,171.36701159217134,76468400
2022-04-05,171.84800720214844,175.02856526846452,171.21975048299214,174.2432406248137,73401800
2022-04-06,168.67726135253906,170.44423791053993,167.00845598396842,169.19753570311426,89058800
2022-04-07,168.98155212402344,170.179168602463,166.73357593477996,168.01953748650962,77594700
2022-04-08,166.9691925048828,168.62818685521674,166.0955227852114,168.62818685521674,76575500
2022-04-11,162.70883178710938,165.92864940184566,162.46341876782265,165.61452852614607,72246700
2022-04-12,164.58377075195312,166.75321318939567,163.5824815614611,164.93716605572558,79265200
2022-04-13,167.2734832763672,167.90173991390134,163.71009694763094,164.3187163524491,70618900
2022-04-14,162.25726318359375,168.12755331525187,162.01185016741871,167.48947048590375,75329400
2022-04-18,162.04129028320312,163.5432165286054,160.56881239721503,160.91238158332047,69023900
2022-04-19,164.3285369873047,164.7408440040976,160.90258113171808,161.99221543879506,67723800
2022-04-20,164.16165161132812,165.78138631816157,163.05239509202772,165.66357789841544,67929800
2022-04-21,163.36654663085938,168.38278964359662,162.8659094340129,165.81086584120527,87227800
2022-04-22,158.8214569091797,164.78990235630212,158.53678444420197,163.40578453855588,84882400
2022-04-25,159.8914794921875,160.17615197605645,155.55257953271186,158.16376241881838,96046400
2022-04-26,153.92303466796875,159.36138008917553,153.84450071149385,159.27303500519898,95623200
2022-04-27,153.69725036621094,156.85815581050312,152.52908216912786,153.0493564954022,88063200
2022-04-28,160.63755798339844,161.5014166726903,156.01396974444066,156.32810562375522,130216800
2022-04-29,154.75743103027344,163.15055858383272,154.36477622377623,158.87055528620192,131747600
2022-05-02,155.061767578125,155.32680285229077,150.45781697290937,153.83470249054395,123055300
2022-05-03,156.5538787841797,157.76132169874938,153.45186941180674,155.24827964309745,88966500
2022-05-04,162.97386169433594,163.42541320530594,156.33788489489382,156.74036579119067,108256500
2022-05-05,153.89356994628906,161.0694428169404,152.10695632876542,160.84366707784005,130525300
2022-05-06,154.6210479736328,156.74453495515866,151.5734500834341,153.3725141927135,116124600
2022-05-09,149.48931884765625,153.19558860822082,148.92896288962842,152.31079472594658,131577900
2022-05-10,151.8979034423828,154.09021465537515,150.3446125608553,152.89083834180113,115366700
2022-05-11,144.02330017089844,152.82199025284592,143.34496277337416,150.90495956472975,142689800
2022-05-12,140.14993286132812,143.72839581595062,136.45350338099348,140.35638928215414,182602000
2022-05-13,144.62301635742188,145.59628520412005,140.6906387962122,142.1456142936274,113990900
2022-05-16,143.0795440673828,145.02608166695018,141.7425351609862,143.08938461134267,86643800
2022-05-17,146.71702575683594,147.2380646317424,144.20029128457014,146.34344505375913,78336300
2022-05-18,138.4393768310547,144.86880836010556,137.53491667633742,144.36743555765233,109742900
2022-05-19,135.0279998779297,139.26513365262397,134.29067919785544,137.51522710531395,136095600
2022-05-20,135.2639617919922,138.32138613190273,130.3681556306207,136.73860346717416,137426100
2022-05-23,140.6906280517578,140.83808619870993,135.32292649026942,135.46055909436765,117726300
2022-05-24,137.9871368408203,139.56991949662205,135.00836187381935,138.4295263407137,104132700
2022-05-25,138.14439392089844,139.39291268865855,136.00124087715074,136.08971575030043,92482700
2022-05-26,141.34930419921875,141.89983463413682,134.82155832650707,135.0673319135833,90601500
2022-05-27,147.1102294921875,147.1495466635664,142.80427168601537,142.93207874444667,90978500
2022-05-31,146.32376098632812,148.11299992246586,144.35757226573517,146.54988348979353,103718400
2022-06-01,146.19595336914062,149.17472776391935,145.18335248498283,147.36582293275725,74286600
2022-06-02,148.65370178222656,148.712685042506,144.37723540201858,145.33083811208033,72348100
2022-06-03,142.92225646972656,145.46846714813478,142.01781149904664,144.4165490295479,88570300
2022-06-06,143.66940307617188,146.05833007006927,142.45036072118282,144.54435641942476,71598400
2022-06-07,146.19595336914062,146.48104410293644,141.66388825021798,141.9096618141491,67808200
2022-06-08,145.4586181640625,147.3363166045176,144.96707108524492,146.06813174153186,53950200
2022-06-09,140.2285614013672,145.4487894010345,140.12042043523653,144.5935022148915,69473000
2022-06-10,134.8117218017578,138.38034379484614,134.7428980025847,137.9084627463307,91437900
2022-06-13,129.65048217773438,132.91434748083088,129.2179182819536,130.6237359424125,122207100
2022-06-14,130.51559448242188,131.62649584691928,129.25723497256138,130.87934957569854,84784300
2022-06-15,133.14047241210938,135.0181863871141,129.9257644034857,132.0197453538818,91533000
2022-06-16,127.86125946044922,130.15187128772985,126.85849893930482,129.8471144138601,108123900
2022-06-17,129.33587646484375,130.83018391739205,127.61546153618984,127.87107564040531,134520300
2022-06-21,133.57302856445312,134.74291327638406,131.06614989697803,131.1644503344464,81000500
2022-06-22,133.06182861328125,135.43107463782408,131.64617032424826,132.51128316690097,73409200
2022-06-23,135.93247985839844,136.24706229598306,133.3371109947913,134.50699584255014,72433800
2022-06-24,139.26513671875,139.51091028418583,137.40708916408835,137.53488121755194,89116800
2022-06-27,139.26513671875,141.06420101783954,138.58679927801467,140.2875481505987,70207900
2022-06-28,135.11647033691406,140.99536950005523,134.99850383222812,139.72718457219997,67083400
2022-06-29,136.876220703125,138.29187895229046,134.35950159386607,135.1361545226192,66242400
2022-06-30,134.40863037109375,136.03072968185316,131.508505693856,134.92966905883227,98964500
2022-07-01,136.581298828125,136.6894398129789,133.36659091632603,133.7401565905966,71051600
2022-07-05,139.16680908203125,139.215966790971,134.6150782492546,135.44088875729327,73353800
2022-07-06,140.5038299560547,141.68354006887108,138.69494011634768,138.96037976700046,74064300
2022-07-07,143.87586975097656,144.07248562850194,140.857762778016,140.8675883216018,66253700
2022-07-08,144.55416870117188,145.0555563580384,142.5486630761882,142.80426217519934,64547800
2022-07-11,142.42086791992188,144.1609490492264,141.34929872199137,143.20734636825597,63141600
2022-07-12,143.3941192626953,145.94032961653699,142.59781536832085,143.29580384328963,77588800
2022-07-13,143.0303955078125,143.97415763799123,139.7173575069719,140.57265975093034,71185600
2022-07-14,145.96002197265625,146.43190306892052,140.82826817318988,141.64423829848138,78140700
2022-07-15,147.6312713623047,148.30960883923063,145.69457436327764,147.24786517980246,76259900
2022-07-18,144.58367919921875,149.00760334414767,144.2199241245172,148.19163331287257,81420900
2022-07-19,148.44725036621094,148.67335787183444,144.42639797966964,145.41931789638997,82982400
2022-07-20,150.45277404785156,151.12128610103343,147.8279135614201,148.56523442842325,64823400
2022-07-21,152.72369384765625,152.93997577721333,149.3713389403487,151.88805775611044,65086600
2022-07-22,151.4849853515625,153.6379641019081,150.8164884797473,152.76301084272214,66675400
2022-07-25,150.36427307128906,152.4189365975324,149.70560167774437,151.40635064916066,53623900
2022-07-26,149.03709411621094,150.50189494637155,148.25061571701698,149.68592491978026,55138700
2022-07-27,154.13937377929688,154.67025318814936,149.58765663017232,150.00055450326258,78620700
2022-07-28,154.68984985351562,154.97494051859573,151.79955103820504,154.32609486601086,81378700
2022-07-29,159.7626495361328,160.86372535437394,156.8035410889223,158.51413057382698,101786900
2022-08-01,158.779541015625,160.82437877972106,158.17002740354454,158.287993908895,67829400
2022-08-02,157.30491638183594,159.66435174491758,156.931350741657,157.39340627106276,59907000
2022-08-03,163.3214874267578,163.7737024778556,158.03243443212287,158.1209093333162,82507500
2022-08-04,163.00686645507812,164.3635414140804,161.65019149607585,163.20348231849744,55474100
2022-08-05,162.78045654296875,163.27268651132164,160.46696968304354,160.673712879285,56697000
2022-08-08,162.3079071044922,165.20222176015508,161.64832074077538,163.78459702908208,60276900
2022-08-09,162.35714721679688,163.24317026155526,160.7131007604691,161.47113919370653,63135500
2022-08-10,166.61001586914062,166.7084528561764,164.30636805182522,165.07424565037454,70170500
2022-08-11,165.87167358398438,168.3328236251765,165.57633257470778,167.4172679985858,57149200
2022-08-12,169.42555236816406,169.4944567489093,166.76749865896252,167.18098503009688,68039400
2022-08-15,170.49859619140625,170.6954851482581,168.68719375370597,168.85455011811328,54091700
2022-08-16,170.34107971191406,171.01052019393777,168.99237457923107,170.09496475942944,56377100
2022-08-17,171.8374786376953,173.4126054655057,169.88825224075944,170.0851412165275,79542000
2022-08-18,171.44371032714844,172.1820553587411,170.42971768549464,171.04993231896626,62290100
2022-08-19,168.85455322265625,171.04005523372263,168.6478100500787,170.34108214913311,70346300
2022-08-22,164.9659423828125,167.22034880392278,164.54261684090196,167.05299243394208,69026800
2022-08-23,164.63121032714844,166.0882216660332,164.06022183299058,164.4835473638596,54147100
2022-08-24,164.92657470703125,165.4975632823113,163.66646716905697,164.71984652905635,53841500
2022-08-25,167.3877410888672,167.49603229522685,165.73385541537561,166.1571660264473,51218200
2022-08-26,161.07728576660156,168.3918288972729,161.01822059009925,167.919292463592,78961000
2022-08-29,158.8721160888672,160.36848406338322,157.33636131300617,158.64567953529183,73314000
2022-08-30,156.44052124023438,160.0337937500244,155.26901159376436,159.61048321715364,77906200
2022-08-31,154.7767791748047,158.084564879281,154.69802058402368,157.81875651310324,87991100
2022-09-01,155.50531005859375,155.95815325184458,152.26642820794754,154.20581563274152,74229900
2022-09-02,153.3887176513672,157.86801387339864,152.56177481637718,157.26749264334606,76957800
2022-09-06,152.1285858154297,154.64880073393257,151.30164311185825,154.03844040820118,73714800
2022-09-07,153.536376953125,154.2353350897476,151.22289011406963,152.41409323627113,87449600
2022-09-08,152.05967712402344,153.93014485598613,150.30732474708108,152.23687268905203,84923800
2022-09-09,154.9244384765625,155.36745741692656,152.34515853161906,153.05397081020374,68028800
2022-09-12,160.89028930664062,161.70739290272505,156.82447975379577,157.10996654198559,104956000
2022-09-13,151.44927978515625,158.04515690767866,150.9865825148229,157.41510328747248,122656600
2022-09-14,152.89646911621094,154.65866080063967,151.22289024182777,152.38454574724284,87965400
2022-09-15,150.0021514892578,152.82756164210238,149.0275457934619,152.24671887947383,90481100
2022-09-16,148.35809326171875,148.99800116372188,146.06430005699622,148.86017738849526,162278800
2022-09-19,152.07936096191406,152.15811955641868,146.78297692105565,146.98970508767258,81474200
2022-09-20,154.4617156982422,155.62338591622526,150.70108758267182,151.0161068647548,107689800
2022-09-21,151.33116149902344,156.27315389590652,151.21303113007994,154.8949011643533,101696800
2022-09-22,150.3663787841797,152.06948984550405,148.56481574497693,150.01197269414533,86652500
2022-09-23,148.09230041503906,149.1161471568303,146.2513651484526,148.84049957750184,96029900
2022-09-26,148.42701721191406,151.38039679019585,147.31457276382835,147.3342661670832,93339400
2022-09-27,149.401611328125,152.3156188966605,147.6197415235521,150.36639273150132,84442700
2022-09-28,147.51148986816406,148.2990609102626,142.58918963213347,145.34568076864423,146691400
2022-09-29,140.2658233642578,144.43993818318944,138.49379277972724,143.82957793472042,128138200
2022-09-30,136.05238342285156,140.87624694738128,135.85549440630666,139.0845223469839,124925300
2022-10-03,140.236328125,140.84670355770672,135.5503037948178,136.06222721595856,114311700
2022-10-04,143.82957458496094,143.94770494729045,142.01815723981503,142.77619544864433,87830100
2022-10-05,144.12493896484375,145.08972058696108,140.78762014316808,141.8311603684175,79471000
2022-10-06,143.16998291015625,145.24719370943012,142.96325476225735,143.54408244476417,68402200
2022-10-07,137.91297912597656,140.8762129387206,137.28292541213156,140.32490279514894,85925600
2022-10-10,138.2378692626953,139.68502664208134,136.4166273038199,138.2378692626953,74899000
2022-10-11,136.82025146484375,139.15343196264072,136.0720672460081,137.72595289448736,77033700
2022-10-12,136.19021606445312,138.17882981029737,136.01302044457762,136.96794800947129,70433700
2022-10-13,140.76791381835938,141.35858069211028,132.2818600306571,132.8922353283637,113224000
2022-10-14,136.22955322265625,142.27413585110418,136.04250345541635,142.0673926816115,88598000
2022-10-17,140.19692993164062,140.67930564113678,138.09018646721276,138.87775734642221,85250900
2022-10-18,141.51608276367188,144.42023589257636,138.4248798871267,143.22904806022734,99136600
2022-10-19,141.6243896484375,142.69744724205523,139.3010638831592,139.488113651557,61758300
2022-10-20,141.1616973876953,143.6228470143876,140.43319169039492,140.7974520498777,64522000
2022-10-21,144.98141479492188,145.5524033439164,140.43319980718348,140.6497821885837,86548600
2022-10-24,147.12753295898438,147.89541049964913,143.73114921809554,144.90265893368223,75981900
2022-10-25,149.97259521484375,150.12027319083927,147.0389093560302,147.75756076988446,74732300
2022-10-26,147.0290985107422,149.62807215966112,145.73944336708044,148.61407962000084,88194300
2022-10-27,142.5498046875,146.73375950209572,141.89021831932845,145.76899295091448,109180200
2022-10-28,153.3197784423828,155.05242232533004,145.52285843662315,145.89694295512044,164762400
2022-10-31,150.9570770263672,151.84309994681692,149.55914577499016,150.77988145527678,97943200
2022-11-01,148.30885314941406,153.0342628843062,146.81248516700126,152.6700175890912,80379300
2022-11-02,142.77621459960938,149.80525751264736,142.7466820050657,146.63529551052576,93604600
2022-11-03,136.7218017578125,140.58088293366475,136.59381715822644,139.85237716768756,97918500
2022-11-04,136.45555114746094,140.68588340372804,132.51117923439392,140.11394767074316,140814800
2022-11-07,136.988037109375,137.21483428526327,133.78323487446542,135.2032111952328,83374600
2022-11-08,137.55995178222656,139.46310374939873,135.5779105819191,138.4572998817349,89908500
2022-11-09,132.9943389892578,136.623168532168,132.71823419264956,136.57386087993447,74917800
2022-11-10,144.8274383544922,144.8274383544922,137.55993955287704,139.27574636621986,118854000
2022-11-11,147.61813354492188,147.9238199974,142.36225553469492,143.79210256196848,93979700
2022-11-14,146.2178497314453,148.19003547375948,145.37966477232854,146.898256219997,73374100
2022-11-15,147.95338439941406,151.45401749484597,146.49397099909157,150.10307492440734,89868300
2022-11-16,146.7207489013672,147.78573098764542,145.24160962263343,147.05603190661645,64218300
2022-11-17,148.6239471435547,149.3733724520642,144.11749463891493,144.39359949187033,80389400
2022-11-18,149.18601989746094,150.57641479286625,147.88438481730566,150.19183908207188,74829600
2022-11-21,145.95162963867188,148.27880988198416,145.66566926933072,148.07173876370618,58724100
2022-11-22,148.0914306640625,148.32809838668408,144.8866286056601,146.06995217218372,51804100
2022-11-23,148.96905517578125,149.718480330565,147.26310369909984,147.37157451526696,58301400
2022-11-25,146.0502471923828,146.80954307968733,145.07400962299127,146.24746279975653,35195900
2022-11-28,142.21434020996094,144.6006835742159,141.3860256630134,143.12154400613,69246000
2022-11-29,139.20672607421875,142.7961034526806,138.39813776001694,142.28333095673383,83763800
2022-11-30,145.97132873535156,146.6517352342591,138.595358159877,139.43352808516767,111380900
2022-12-01,146.2474365234375,147.05603992895004,144.57108159207246,146.14883626075934,71250400
2022-12-02,145.75439453125,145.94175459663157,143.62443017730817,143.93013162674256,65447400
2022-12-05,144.59080505371094,148.82113692482218,143.74276456774905,145.71495034472244,68826400
2022-12-06,140.92254638671875,145.25149381357704,139.94630895435972,145.02469664926164,64727200
2022-12-07,138.97994995117188,141.37614872094412,138.05302012289312,140.21256620226913,69721100
2022-12-08,140.6661834716797,141.52409475387847,139.1377511085993,140.38022307533845,62128300
2022-12-09,140.1829833984375,143.54556411340621,138.94049659830839,140.3604729146931,76097000
2022-12-12,142.4805908203125,142.4904463340837,139.09828382013,140.71547582717935,70462700
2022-12-13,143.44696044921875,147.8843792751259,142.2340701831816,147.4209143273598,93886200
2022-12-14,141.2183837890625,144.6204015969479,139.19689014923398,143.32862218685506,82291200
2022-12-15,134.6016845703125,139.827980094081,134.1382196907759,139.14757356682156,98931900
2022-12-16,132.63937377929688,135.73570542541242,131.87022238639204,134.7890645018001,160156900
2022-12-19,130.52908325195312,133.31972734226898,129.49369797509624,133.23098261223785,79592600
2022-12-20,130.46009826660156,131.39688354522443,128.0836106828586,129.56275008486864,77432800
2022-12-21,133.56629943847656,134.90738657654524,130.9038512362098,131.13064842267107,85928000
2022-12-22,130.3910369873047,132.68863484520332,128.48788524787975,132.48156379876292,77852100
2022-12-23,130.02621459960938,130.57842423400893,127.83708708710822,129.09928483618836,63814900
2022-12-27,128.2216796875,129.58249292838534,126.92990018333715,129.55291134024313,69007800
2022-12-28,124.28715515136719,129.20775681904706,124.1195211570346,127.86666981780208,85438400
2022-12-29,127.80750274658203,128.66539876390968,125.95365078301222,126.21002952300181,75703700
2022-12-30,128.123046875,128.14277294659772,125.657822079017,126.62419645842127,77034200
2023-01-03,123.33064270019531,129.07955877586164,122.44315755676651,128.46818597294893,112117500
2023-01-04,124.60269927978516,126.87071595607891,123.34050157319417,125.12532731236189,89113600
2023-01-05,123.28134155273438,125.99309725880703,123.02496279365805,125.36199835089351,80962700
2023-01-06,127.81737518310547,128.47805571510713,123.15315931135854,124.25758622586783,87754700
2023-01-09,128.33998107910156,131.55465346679887,128.08360234953716,128.65553802002677,70790800
2023-01-10,128.9119415283203,129.4345696464241,126.33823803970584,128.44847658636624,63896200
2023-01-11,131.63356018066406,131.65327120715185,128.64569958998982,129.42470644063985,69458900
2023-01-12,131.5546875,132.39285762882386,129.6120828388038,132.01815247276784,71379600
2023-01-13,132.88587951660156,133.04365799858422,129.82900042275443,130.19384999657817,57809700
2023-01-17,134.0494842529297,135.38070076927318,132.26465833803292,132.95492042575748,63646600
2023-01-18,133.3296356201172,136.68234566241608,133.15213106325567,134.91724588612811,69672800
2023-01-19,133.38880920410156,134.3551761664197,131.90966964997585,132.21535608370812,58280400
2023-01-20,135.95263671875,136.10055969629155,132.3534032973474,133.3986594670003,80223600
2023-01-23,139.14756774902344,141.32683964763805,135.9822029643826,136.19914460303502,81760300
2023-01-24,140.54782104492188,141.16906439218428,138.34883807200805,138.35869358432294,66435100
2023-01-25,139.8871307373047,140.44919583129123,136.87954456914778,138.93061947978296,65799300
2023-01-26,141.95794677734375,142.24390711048304,139.9265826744515,141.17892492583348,54105100
2023-01-27,143.90054321289062,145.18246711281154,141.09018721144076,141.16907645645273,70555800
2023-01-30,141.01129150390625,143.5258315295515,140.863383580403,142.94404030165967,64015300
2023-01-31,142.28335571289062,142.3326633733732,140.30131415280843,140.71547141700836,65874500
2023-02-01,143.40750122070312,144.57109881294525,139.35467333783802,141.967813832125,77663600
2023-02-02,148.72251892089844,149.0774978736836,146.10936405021556,146.82920755988812,118339000
2023-02-03,152.3513946533203,155.19134779574657,145.77415501983222,145.97137064437013,154357300
2023-02-06,149.619873046875,150.97083056548323,148.68308779153134,150.44820252682044,69858300
2023-02-07,152.49928283691406,153.07121860652774,148.54505515759215,148.54505515759215,83322600
2023-02-08,149.80722045898438,152.4302309897519,149.06765083879986,151.7399690202295,64120100
2023-02-09,148.77182006835938,152.1837078719676,148.3280813053058,151.64135380753217,56007100
2023-02-10,149.1372528076172,149.46316214008027,147.3694580195322,147.60648709847575,57450700
2023-02-13,151.9420166015625,152.3469204839961,149.04834551559807,149.07797226139675,62199000
2023-02-14,151.3000946044922,151.8630330104811,148.98911761787627,150.23348636384839,61707600
2023-02-15,153.40367126464844,153.5715611952289,150.98405804107867,151.21120146838675,65573800
2023-02-16,151.80377197265625,154.39127521881363,151.44823591009165,151.60624021713144,68167900
2023-02-17,150.6581573486328,151.10257366904202,148.97924287733272,150.46064065840176,59144100
2023-02-21,146.63865661621094,149.42369229489003,146.56953254062006,148.33732765365474,58867200
2023-02-22,147.0633087158203,148.0904046122651,145.3350111943411,147.02379633351947,51011300
2023-02-23,147.5472412109375,148.47558640924544,145.41403945071286,148.2286867318044,48394200
2023-02-24,144.89059448242188,145.3646375819345,143.91286646196608,145.2856278870893,55469600
2023-02-27,146.08555603027344,147.32005405148948,145.62138356873174,145.87816880166045,44998500
2023-02-28,145.5819091796875,147.2311969873109,145.0091001993268,145.2263730908277,50547000
2023-03-01,143.50791931152344,145.4041064076396,143.21163678129003,145.00907308036537,55479000
2023-03-02,144.1005096435547,144.8905915062189,142.11542689154663,142.58948505088003,52238100
2023-03-03,149.15701293945312,149.236022634522,145.50290119247913,146.20408774818284,70732300
2023-03-06,151.92230224609375,154.3616721188966,151.55689556759242,151.8827898611123,87558000
2023-03-07,149.71995544433594,152.11981283549997,149.25578289163562,151.79390348554702,56182000
2023-03-08,150.9741973876953,151.5667625921133,149.94710144553787,150.91494388116536,47204800
2023-03-09,148.72244262695312,152.6234533766544,148.3669065925505,151.65561114338573,53833600
2023-03-10,146.65838623046875,149.06812912915592,145.77942411442874,148.3471863994858,68572400
2023-03-13,148.6039581298828,151.2408445051467,145.86830586973156,145.97694231528436,84457100
2023-03-14,150.69766235351562,151.49761478500946,148.23855155589501,149.4039106364519,73695900
2023-03-15,151.0926971435547,151.34946732376167,148.06076257128353,149.3150168625453,77167900
2023-03-16,153.917236328125,154.5196720318581,149.7594399024329,150.27299535550645,76161100
2023-03-17,153.07778930664062,154.79621636647911,152.36671707978053,154.1443976469308,98944600
2023-03-20,155.44801330566406,155.86281797805782,152.23831786199295,153.14692183341302,73641400
2023-03-21,157.3046875,157.4231944974596,154.59866219140062,155.36900288355957,73938300
2023-03-22,155.8726806640625,160.12922799549253,155.85292447362312,157.32445173541882,75701800
2023-03-23,156.95904541015625,159.54656410725272,155.72454710395584,156.86029458739586,67622100
2023-03-24,158.26268005371094,158.35156031348998,155.89244937558198,156.88991856429575,59196500
2023-03-27,156.31712341308594,158.77624963861064,155.91220432321953,157.95654089676907,52390300
2023-03-28,155.69493103027344,156.52452540181238,154.0456429884017,156.01096985172836,45992200
2023-03-29,158.77622985839844,159.05275625859912,157.37384166607825,157.39358278783644,51305700
2023-03-30,160.3465118408203,160.45514829132492,159.27003296644855,159.5268031814781,49501700
2023-03-31,162.85501098632812,162.95377687892702,159.90210067407045,160.42552675181378,68749800
2023-04-03,164.10923767089844,164.22774466628186,162.18342364813336,162.23280658606208,56976200
2023-04-04,163.57595825195312,164.77094409936112,163.06240276891677,164.53393008377392,46278300
2023-04-05,161.72914123535156,163.00315186770885,159.79345641920935,162.69699871298138,51511700
2023-04-06,162.6179962158203,162.91427882271006,159.99098020805553,160.41564039126865,45390100
2023-04-10,160.02059936523438,160.02059936523438,158.09478511621296,159.41816361866267,47716900
2023-04-11,158.80584716796875,160.34649846878187,158.51943515436048,160.33662790848967,47644200
2023-04-12,158.11453247070312,160.05021717246308,157.79849370413785,159.22063801456596,50133100
2023-04-13,163.50682067871094,163.74384976611952,159.4181631056541,159.62556544083142,68445600
2023-04-14,163.1611785888672,164.2574136863755,161.7884170766324,162.5488571823505,49386500
2023-04-17,163.18089294433594,163.33891231813308,161.99577777997115,163.04262975965267,41516200
2023-04-18,164.40554809570312,165.33389323571308,163.59570997116356,164.04014141829643,49923000
2023-04-19,165.5511474609375,166.0745734796078,163.4870550672227,163.74384033117565,47720200
2023-04-20,164.58328247070312,165.78815383509277,163.50680373238094,164.03022972696172,52456400
2023-04-21,162.97349548339844,164.38575399057277,162.4500695263773,163.00312223043315,58337300
2023-04-24,163.27967834472656,163.54633418620037,161.85753394961128,162.95376899838274,41949600
2023-04-25,161.73902893066406,164.24752277490956,161.69951654722522,163.14141715156464,48714100
2023-04-26,161.72914123535156,163.23029532612622,160.78105501874768,161.0378252295865,45498800
2023-04-27,166.32147216796875,166.4696059197472,163.14140369362494,163.14140369362494,64902300
2023-04-28,167.57571411132812,167.74361912541863,165.79804878354395,166.40048449959994,55275900
2023-05-01,167.48683166503906,168.33616700655767,166.548616072207,167.18067853080987,52472900
2023-05-02,166.44984436035156,168.237410301642,165.46224586153255,167.98062504743248,48425700
2023-05-03,165.3733673095703,168.80033534118735,165.08697037258037,167.3979472668269,65136000
2023-05-04,163.73397827148438,164.96847661956093,162.2723364468385,162.84514548869322,81235400
2023-05-05,171.41746520996094,172.13840783799864,168.64230098781798,168.8595738460577,113453200
2023-05-08,171.34832763671875,171.6939931151052,169.9755664215469,170.34097301845657,55962800
2023-05-09,169.63980102539062,171.38783954566773,169.47191108630196,170.90392591816433,45326900
2023-05-10,171.40760803222656,171.87178057282452,169.76819076413835,170.87431142683658,53724500
2023-05-11,171.59524536132812,172.42482451357537,170.03483786854437,171.6940112425966,49514700
2023-05-12,170.66563415527344,172.13918180226995,169.11295243629542,171.70403494878815,45533100
2023-05-15,170.17115783691406,171.29857695594924,169.5777729993573,171.249125704419,37266700
2023-05-16,170.17115783691406,171.2293421857262,169.9041331509732,170.09203885254627,42110300
2023-05-17,170.7843017578125,171.02164360752573,168.53934785672587,169.81512066054435,57951600
2023-05-18,173.11825561523438,173.30616130301183,170.6755118549318,171.09087517456516,65496700
2023-05-19,173.22705078125,174.44347306887536,173.00947735219142,174.44347306887536,55809500
2023-05-22,172.2776336669922,172.78201528070161,171.5359102025042,172.06006024351018,43570900
2023-05-23,169.66676330566406,171.46668610985583,169.3898544266195,171.2194449613945,50747300
2023-05-24,169.9436798095703,170.51728111058472,168.63825433413288,169.2019563309073,45143500
2023-05-25,171.0809783935547,171.98092464144923,169.7953214946183,170.50737715893996,56058300
2023-05-26,173.49404907226562,173.83030849826073,171.19965909306288,171.40734829469508,54835000
2023-05-30,175.34344482421875,177.01479758641247,174.62150481648905,175.00720044696425,55964400
2023-05-31,175.29396057128906,177.3707920923561,174.80936252559982,175.37307954346696,99625300
2023-06-01,178.10264587402344,178.1323136072369,174.97751385870967,175.73902088879638,68901800
2023-06-02,178.95315551757812,179.77399801140302,177.28180279681203,179.03227450268932,61996900
2023-06-05,177.59825134277344,182.908986017055,176.0752375225132,180.61459616435278,121946500
2023-06-06,177.2323760986328,178.1323225352186,175.47200499411858,177.9839838617166,64848400
2023-06-07,175.85769653320312,179.21028600208987,175.36321422162453,176.47084977063176,61944600
2023-06-08,178.5773468017578,178.84435638126445,175.50166626223591,175.93679801452896,50214900
2023-06-09,178.96302795410156,180.21900204187077,178.6366678484163,179.4970621604222,48900000
2023-06-12,181.7617950439453,181.86069753893617,178.97292275194738,179.26961514651788,54274900
2023-06-13,181.28707885742188,182.11780541012092,180.42668457715504,180.782712398369,54929100
2023-06-14,181.9200439453125,182.35519080481038,180.0113494184458,181.3464426387383,57462900
2023-06-15,183.95730590820312,184.46168752877136,181.75191900244837,181.9299404833556,65433200
2023-06-16,182.8793182373047,184.9264820484004,182.2364973319158,184.669341613924,101256200
2023-06-20,182.96835327148438,184.0463362605814,182.37498350716317,182.37498350716317,49799100
2023-06-21,181.929931640625,183.36392727035516,180.57503989811684,182.85954567430247,49515700
2023-06-22,184.93638610839844,184.98583735805877,181.6431320743364,181.7123668419414,51245300
2023-06-23,184.61988830566406,185.49018190726844,182.96831937745645,183.50236866585945,53117000
2023-06-26,183.22547912597656,185.97479955864205,183.18591209060443,184.76826151663462,48088700
2023-06-27,185.9846649169922,186.31102501891434,183.62104032161758,183.838613722899,50730800
2023-06-28,187.16152954101562,187.80435042269775,185.5297441703453,185.85608917215896,51216800
2023-06-29,187.497802734375,187.97251662731944,186.85498175364998,186.99343619982474,46347300
2023-06-30,191.8294677734375,192.3338342950544,189.14936702429083,189.51529419368583,85213200
2023-07-03,190.3361358642578,191.74046380244184,189.64384856353968,191.64156130508144,31458200
2023-07-05,189.2185821533203,190.8503675642152,188.51641070905347,189.45593906907268,46920300
2023-07-06,189.6932830810547,189.90097227103217,187.11208506779732,187.74502176003202,45094300
2023-07-07,188.5757598876953,190.54380484505052,188.14062814608695,189.29771490007704,46815000
2023-07-10,186.5286102294922,187.89338618022617,184.97592859390042,187.17143117099337,59922200
2023-07-11,186.0044708251953,187.21100889013437,184.54080738706045,187.07255444450544,46638100
2023-07-12,187.6758270263672,189.5845215693785,186.39016995526782,187.5868087386057,60750200
2023-07-13,188.43734741210938,189.08018358996824,187.68573959242778,188.39779545966525,41342300
2023-07-14,188.58566284179688,189.07024584013215,187.53736277551775,188.13073248396137,41616200
2023-07-17,191.8492431640625,192.17560328436687,189.69329254549467,189.7822957354681,50520200
2023-07-18,191.5920867919922,192.1854715232971,190.29654572205703,191.2162905465396,48288200
2023-07-19,192.94700622558594,196.0424552700726,190.52403079875788,190.96907695660155,80507300
2023-07-20,190.99871826171875,194.30185606220206,190.37566579926568,192.9370802265051,59581200
2023-07-21,189.82188415527344,192.8184459451999,189.11971258876892,191.95805149771712,71951700
2023-07-24,190.6229248046875,192.759091941705,190.1284425094743,191.27564505606543,45377800
2023-07-25,191.4833221435547,192.29428036369316,190.79104993758423,191.19652904765346,37283200
2023-07-26,192.35360717773438,193.48102617402893,191.18663623876353,191.53276478098633,47471900
2023-07-27,191.08775329589844,195.02382842734414,190.4251487828704,193.85685736898512,47460200
2023-07-28,193.6689453125,194.4601200346163,191.99759267326004,192.5217427199515,48291400
2023-07-31,194.28208923339844,194.32165626732748,193.10521896564188,193.8963936498011,38824100
2023-08-01,193.4513702392578,194.55900578654655,193.12501010327395,194.074422779809,35175100
2023-08-02,190.45481872558594,193.02611782368746,189.73287873889473,192.88766337294663,50389300
2023-08-03,189.0603485107422,190.2471029357017,188.58564975883863,189.4559433793295,61235200
2023-08-04,179.98167419433594,185.312192820491,179.91243942847825,183.47271804853088,115956800
2023-08-07,176.8763427734375,181.10911048560996,175.39289572224425,180.12014578481444,97576100
2023-08-08,177.8158416748047,178.2806562533865,175.6203390114105,177.7070549630004,67823000
2023-08-09,176.22357177734375,178.93332462049432,175.05658591895383,178.87398916997267,60378500
2023-08-10,176.00604248046875,178.75536303948698,175.64013038367378,177.4993736907431,54686900
2023-08-11,176.0654754638672,176.88742648776613,174.83751282012926,175.60004824652898,52036700
2023-08-14,177.71926879882812,177.94703359876078,175.59011444303226,176.24371615843643,43675600
2023-08-15,175.728759765625,177.73906787465035,175.3326457472995,177.14489684716207,43622600
2023-08-16,174.85728454589844,176.80816171418965,174.78795629022963,175.4118501481314,46964900
2023-08-17,172.3122100830078,175.78815784652573,171.79724982185638,175.42175166053434,66062900
2023-08-18,172.79747009277344,173.40155375891743,170.29201204567954,170.62871045348956,61172200
2023-08-21,174.13436889648438,174.42156439236868,172.05474771785234,173.37184868637627,46311900
2023-08-22,175.5108642578125,175.95649623435884,174.54037449165708,175.34251507159627,42038900
2023-08-23,179.36314392089844,179.78898080878903,176.60021337314086,176.78837280424742,52722800
2023-08-24,174.66912841796875,179.3433458832632,174.30270712253693,178.91750900229638,54945800
2023-08-25,176.87750244140625,177.41225784961358,174.1145717959043,175.6594375427037,51449600
2023-08-28,178.44216918945312,178.83828316683332,176.8180777049469,178.34313313971825,43820700
2023-08-29,182.3340606689453,183.10649358507428,177.75887876406125,177.95693577395411,53003900
2023-08-30,185.8297882080078,186.0278602958339,182.94802670379437,183.14608368084174,60813900
2023-08-31,186.0476837158203,187.2855588991337,185.66146726305777,186.01797592028328,60794500
2023-09-01,187.62225341796875,188.0777829772235,186.45369150574666,187.65196121049496,45766500
2023-09-05,187.85992431640625,188.1372071331358,185.7902007519677,186.453699999912,45280000
2023-09-06,181.1357879638672,187.01817274976997,179.70975345688714,186.57252563325392,81755800
2023-09-07,175.83767700195312,176.4813811102254,171.8566665123906,173.48075801343515,112488800
2023-09-08,176.45166015625,178.4916910043361,176.06544373133067,176.62002446653017,65551300
2023-09-11,177.62020874023438,178.5510931586707,175.61979850768685,178.32332838951461,58953100
2023-09-12,174.5899200439453,178.3827714442694,173.12428004812202,177.7489799506068,90370200
2023-09-13,172.52017211914062,175.58019553637163,172.2923922361182,174.79785006313273,84267900
2023-09-14,174.03533935546875,174.39184798430878,171.89628758242847,172.31221179761187,60895800
2023-09-15,173.31239318847656,174.78794559113751,172.1339489112559,174.76813536061914,109259500
2023-09-18,176.2436981201172,177.64002479353724,174.46115503817452,174.76814563074643,67257600
2023-09-19,177.33303833007812,177.88760394386657,175.4118538031827,175.7980702206982,51826900
2023-09-20,173.78778076171875,177.95693597912128,173.69864226300012,177.52120149038592,58436200
2023-09-21,172.2428741455078,174.5898954535224,172.17356100214752,172.856870429388,63149100
2023-09-22,173.0945281982422,175.36232363207063,172.36171587825564,172.97569703516947,56725400
2023-09-25,174.37203979492188,175.2534062611611,172.46075278406465,172.51027081019092,46172700
2023-09-26,170.29202270507812,173.50058556280408,169.99492963397503,173.12428177613603,64588900
2023-09-27,168.77685546875,171.36153958960574,167.41025147102962,170.9456153197968,66921800
2023-09-28,169.03431701660156,170.36131544966938,165.99408862675534,167.69740591218968,56294400
2023-09-29,169.54930114746094,171.39126009408957,168.68772971206937,170.35144187875733,51861100
2023-10-02,172.06463623046875,172.6093042881744,169.2719827950215,169.55917827580257,52164500
2023-10-03,170.72772216796875,171.9458021063211,169.1630613901914,170.58908076573104,49594600
2023-10-04,171.97552490234375,172.52019299821677,169.31161512407647,169.43044630471027,53020300
2023-10-05,173.21339416503906,173.74814957044222,171.00501406167223,172.1042477774046,48527900
2023-10-06,175.7683563232422,176.26350633418187,171.50015053588783,172.1141468247828,57266700
2023-10-09,177.2538299560547,177.31324554755352,174.0947700479303,175.0949677633166,42390800
2023-10-10,176.6596221923828,177.9767230488949,176.22388776036024,176.3724418317021,43698000
2023-10-11,178.05596923828125,178.10548726772782,175.87731193966172,176.4714829606774,47551100
2023-10-12,178.95713806152344,180.57131695227565,177.30332359387822,178.3233466007442,56743100
2023-10-13,177.11520385742188,180.16531529722363,176.4120840387178,179.66026761502152,51427100
2023-10-16,176.98641967773438,177.34292828713865,174.79784999846225,175.0355274416581,52517000
2023-10-17,175.431640625,176.6893258679855,173.10444466932296,174.93649062028842,57549400
2023-10-18,174.13436889648438,175.85749653944856,173.4114540423014,173.87689630601963,54764400
2023-10-19,173.758056640625,176.11496052795673,173.4906713911534,174.33241738277906,59302900
2023-10-20,171.20309448242188,173.7184502104905,170.96541700693638,173.60951658974062,64244000
2023-10-23,171.3218994140625,172.32209697076135,168.28167117128655,169.25217604772806,55980100
2023-10-24,171.75762939453125,171.985394156852,169.7869270122857,171.3714130102576,43816600
2023-10-25,169.44033813476562,171.38131769667615,168.99469104064445,170.21277093543313,57157000
2023-10-26,165.2711944580078,169.71764765287952,164.06302704400315,168.71743481214864,70625300
2023-10-27,166.58827209472656,167.32109955610002,165.21175565878588,165.29098147440297,58499100
2023-10-30,168.63818359375,169.5096524459554,167.23195938000526,167.38051344932887,51131000
2023-10-31,169.11355590820312,169.24228464861295,166.27138428536674,167.70733154956028,44846000
2023-11-01,172.28250122070312,172.53997379429074,168.46983997695696,169.34130885799144,56934900
2023-11-02,175.84759521484375,176.05554977286621,173.75806140886317,173.8174769968696,77334800
2023-11-03,174.93649291992188,175.10485722122255,171.66851493448934,172.5498813500308,79829200
2023-11-06,177.49147033691406,177.6895273209714,174.50077512285628,174.66912431484397,63841300
2023-11-07,180.05638122558594,180.67036248552094,177.23401974281032,177.4419743130807,70530000
2023-11-08,181.115966796875,181.67053238037917,179.8285737718667,180.5812114444328,49340300
2023-11-09,180.64065551757812,182.33406032637882,180.0464693782347,181.18532362684607,53763500
2023-11-10,184.8351287841797,185.00371491529177,181.98922784820692,182.425536381392,66133400
2023-11-13,183.24855041503906,184.4682199516521,182.6635072771428,184.25999143916752,43627500
2023-11-14,185.86639404296875,186.53076740007103,184.7359652497266,186.12420582715117,60108400
2023-11-15,186.4315948486328,187.90909130382101,186.20353000343164,186.2729495954029,53790500
2023-11-16,188.11734008789062,189.35684600106327,187.06622636374277,187.9785160308428,54412900
2023-11-17,188.0975341796875,188.78174397533326,186.9869415436769,188.6528304976928,50922700
2023-11-20,189.84271240234375,190.29885721130628,188.28590092727276,188.29581152699646,46505100
2023-11-21,189.03952026367188,189.91213724546566,188.14708208188244,189.80306012274144,38134500
2023-11-22,189.70388793945312,191.31028267101584,189.22792193208022,189.88238464889707,39617700
2023-11-24,188.3751678466797,189.29735306155973,187.66121116968733,189.26760612757576,24048300
2023-11-27,188.19664001464844,189.06925694915728,187.3141124806788,188.32555346106983,40552600
2023-11-28,188.80154418945312,189.47584330827428,187.80993940877178,188.18675406725092,38415400
2023-11-29,187.78018188476562,190.47734794655034,187.3835460471391,189.2973359031836,43014200
2023-11-30,188.35531616210938,188.7222202024886,186.61009727764167,188.2462390361622,48794400
2023-12-01,189.63450622558594,189.95181189166442,187.64137090627887,188.73214223180454,45704800
2023-12-04,187.8396759033203,188.45448112204545,185.87630278327032,188.38506152852514,43389500
2023-12-05,191.79620361328125,192.76797210608754,188.58339853026055,188.61316059527184,66628400
2023-12-06,190.70542907714844,193.1249319103576,190.4971854261922,192.8175368647406,41089700
2023-12-07,192.63905334472656,193.3629205543118,191.96475426663108,192.0044269286476,47477700
2023-12-08,194.06695556640625,194.3446036620394,192.04407357743747,192.56962283922067,53406400
2023-12-11,191.55821228027344,191.86562248491865,189.8129932403368,191.4888078106811,60943700
2023-12-12,193.0753631591797,193.08527375940776,190.11045957675134,191.45904261144975,52696900
2023-12-13,196.29808044433594,196.33773797632358,193.214189106248,193.45216455954898,70404200
2023-12-14,196.4468231201172,197.9441408874326,194.51319682969313,196.35758232148717,66831600
2023-12-15,195.91136169433594,196.73438033852585,195.34613971264017,195.87168903034603,128538400
2023-12-18,194.24545288085938,194.97924583916173,192.75804576345098,194.4437708037096,55751900
2023-12-19,195.28665161132812,195.2965622122741,194.24546354583867,194.51320107826476,40714100
2023-12-20,193.19436645507812,196.0204310779547,193.19436645507812,195.24698053858313,52242800
2023-12-21,193.0456085205078,195.42546903656068,191.87552215973167,194.45370060278358,46482500
2023-12-22,191.9746856689453,193.76948784569112,191.349969834571,193.54140785907617,37149600
2023-12-26,191.42929077148438,192.262235089905,191.21113652656177,191.98458698376479,28919300
2023-12-27,191.52845764160156,191.8755253676685,189.48575421105227,190.87400998463178,48087700
2023-12-28,191.95486450195312,193.02579953233345,191.54830289093405,192.51016078496022,34049900
2023-12-29,190.91366577148438,192.76796185552627,190.12037892679615,192.27215946893213,42672100
2024-01-02,184.08151245117188,186.85800888690832,182.34620407017263,185.57883023572913,82488700
2024-01-03,182.7031707763672,184.31949132166326,181.8900476382689,182.6734238450404,58414500
2024-01-04,180.38284301757812,181.55292948513,179.36149122617633,180.6208184994182,71983600
2024-01-05,179.658935546875,181.2256728170181,178.65742022872922,180.46214807824285,62379700
2024-01-08,184.00216674804688,184.04183940945515,179.9762540642685,180.56129720920066,59144500
2024-01-09,183.585693359375,183.59560395931726,181.19592240352762,182.37593441619447,42841800
2024-01-10,184.6268768310547,184.8351053395885,182.3759299825551,182.8023278606972,46792900
2024-01-11,184.0319061279297,185.47965559618967,182.07844372761645,184.97392753345,49128400
2024-01-12,184.35914611816406,185.17226924419936,183.63527891547233,184.49797017252533,40477800
2024-01-16,182.08839416503906,182.71309489982514,179.41104910197012,180.63073389939075,65603000
2024-01-17,181.14634704589844,181.39424823145328,178.786338048284,179.74819585869176,47317400
2024-01-18,187.04640197753906,187.55211493445296,184.26990575318283,184.52771753168435,78005800
2024-01-19,189.9517822265625,190.33850743054634,187.23479519933252,187.74050811817725,68903000
2024-01-22,192.26223754882812,193.69015075906108,190.64591702187175,190.68558968364889,60133900
2024-01-23,193.5414276123047,194.10664964027157,192.20277014147499,193.38278233542192,42355600
2024-01-24,192.86712646484375,194.73134826169684,192.7084660713482,193.77940103141137,53631300
2024-01-25,192.53988647460938,194.62226243680658,191.48878789336808,193.58107445570798,54822100
2024-01-26,190.8045654296875,193.12491668531047,190.3285994330514,192.63904008919584,44594000
2024-01-29,190.12037658691406,190.5864320350317,187.98843240307312,190.3980247095346,47145600
2024-01-30,186.46136474609375,190.1898085739461,185.89615786346673,189.33702781871273,55859400
2024-01-31,182.8519287109375,185.52927391668564,182.80236057287416,185.46976491576893,55467800
2024-02-01,185.29124450683594,185.3804852934909,182.27677304456427,182.44534401847454,64885400
2024-02-02,184.2897491455078,185.75731994134992,177.74515173237538,178.35003123610636,102551700
2024-02-05,186.10435485839844,187.66118143341563,184.27980591994816,186.57041025788217,69668800
2024-02-06,187.71078491210938,187.72069551270494,185.2020260688322,185.291266866256,43490800
2024-02-07,187.81985473632812,189.4460858813363,187.02656792958788,189.03952431241242,53439000
2024-02-08,186.739013671875,187.94875754592414,185.77715585449096,187.8000228857875,40962000
2024-02-09,187.50352478027344,188.63539609029752,186.65957913376621,187.304938639922,45155200
2024-02-12,185.81561279296875,187.32477942159008,185.4581789901372,187.07656192379022,41781900
2024-02-13,183.7206573486328,184.88232857566155,182.20156746712615,184.44546335353002,56529500
2024-02-14,182.83702087402344,184.2071864451767,181.13922150541597,183.9986922104331,54630500
2024-02-15,182.54910278320312,183.1746158133602,180.05700420987225,182.24131546677532,65434500
2024-02-16,181.01014709472656,183.53204565484478,180.37471083115267,182.1122335213933,49752500
2024-02-20,180.26548767089844,181.12927978468986,178.7166127841021,180.49384354523508,53665600
2024-02-21,181.02008056640625,181.5860086349742,179.37191259479573,180.64278508736416,41371400
2024-02-22,183.05545043945312,183.64125529629035,181.15908011476066,182.17179668082835,52292200
2024-02-23,181.21865844726562,183.72068024032762,180.93071762862238,183.69089534874325,45119700
2024-02-26,179.86834716796875,181.45693020455124,179.36197373162466,180.94064867140935,40867400
2024-02-27,181.32786560058594,182.60866132395924,178.27974721589908,179.8087756065873,54318900
2024-02-28,180.12648010253906,181.814356133641,178.84568442217187,181.20870480571682,48953900
2024-02-29,179.46127319335938,181.26830407372196,178.2499704416867,179.97756989489093,136682600
2024-03-01,178.3790283203125,179.24282037465971,176.11528592616577,178.26981201401622,73563100
2024-03-04,173.85154724121094,175.63870116419773,172.55087478393426,174.8940486462885,81510100
2024-03-05,168.90704345703125,170.8133520831047,168.41060844555398,169.5424796657224,95132400
2024-03-06,167.9141845703125,170.01907946057096,167.47731930724007,169.84035496658896,68587700
2024-03-07,167.79502868652344,169.51268953107953,167.28867044448495,167.9439531253601,71765100
2024-03-08,169.5126953125,172.4615205019895,167.73546463179477,167.79503440936114,76267000
2024-03-11,171.51829528808594,173.13667826239134,170.8232893067872,171.7069430151515,60139500
2024-03-12,171.99488830566406,172.78918743932962,169.79071540599014,171.9154568772979,59825400
2024-03-13,169.9098663330078,171.9551763303205,169.54249409126064,171.53817270319811,52488700
2024-03-14,171.76651000976562,173.06716728584055,170.82328653971078,171.67715534575908,72913500
2024-03-15,171.38922119140625,171.38922119140625,169.0758321837892,169.94956266563446,121752700
2024-03-18,172.48138427734375,176.44294118443133,172.282813299669,174.31819990832292,75604200
2024-03-19,174.82455444335938,175.35077434046616,171.79629786095623,173.09695515946524,55215200
2024-03-20,177.39608764648438,177.39608764648438,173.84161109695287,174.46712406809783,53423100
2024-03-21,170.14813232421875,176.22450721449738,169.6219124199128,175.78764197696165,106181300
2024-03-22,171.05166625976562,171.81618050845861,168.8474933401544,170.5353695457136,71160100
2024-03-25,169.6318817138672,170.71410660852467,168.24185432761246,169.35387926661565,54288300
2024-03-26,168.49996948242188,170.19776864921857,168.37089153816484,168.7878951080797,57388400
2024-03-27,172.07432556152344,172.36226639285164,168.89714406925813,169.19500814821973,60273300
2024-03-28,170.25733947753906,171.00199196056712,169.29425438748996,170.52541861342735,65672700
2024-04-01,168.81768798828125,170.02899062252595,168.27160644825386,169.969420845431,46240500
2024-04-02,167.6361541748047,168.1325891363387,167.0305029157335,167.8744484103384,49329500
2024-04-03,168.44039916992188,169.46305411699578,167.37803608655156,167.5865303145986,47691700
2024-04-04,167.6163330078125,170.69422114433502,167.6163330078125,169.0758380772312,53704400
2024-04-05,168.37091064453125,169.17513298848516,167.74539764368038,168.3808338913719,42104800
2024-04-08,167.2489776611328,167.99363029110225,167.04048340873945,167.8248441796421,37425500
2024-04-09,168.4602508544922,168.86733118994096,167.14967033425899,167.49716574379335,42373800
2024-04-10,166.583740234375,167.88439761067826,165.91851910107465,167.59647195447172,49709300
2024-04-11,173.79196166992188,174.20898041040104,166.96102623293754,167.13973556457645,91070300
2024-04-12,175.2912139892578,177.0883063929916,172.96790166012116,173.0175330436537,101670900
2024-04-15,171.458740234375,175.37065085788137,171.27009249111015,174.1097015871075,73531800
2024-04-16,168.17233276367188,172.5210932508517,167.0702464097302,170.52542991803605,73711200
2024-04-17,166.8021697998047,169.43326939438703,166.8021697998047,168.4006911997193,50901200
2024-04-18,165.8489990234375,167.4375970919546,165.36250241682455,166.83194578270678,43122900
2024-04-19,163.8235626220703,165.21357466916862,162.9101239696921,165.02494208062998,68149400
2024-04-22,164.65756225585938,166.06743588145892,163.59519920100377,164.33985172403135,48116400
2024-04-23,165.7100067138672,165.85894631264824,163.74412823991455,164.17107024309314,49537800
2024-04-24,167.8148956298828,168.09289802448964,165.02493328758231,165.35256706337344,48251800
2024-04-25,168.6787109375,169.39357866495865,166.95111140447554,168.32127707377066,50558300
2024-04-26,168.0928955078125,170.1183436596222,167.97374080476908,168.66876193087458,44838400
2024-04-29,172.26295471191406,174.7749147415349,171.86581274952138,172.1338767566388,68169400
2024-04-30,169.1155548095703,173.74233280675443,168.78790588015656,172.09416491333778,65934800
2024-05-01,168.0928955078125,171.47858587357683,167.90424778215495,168.37089789825708,50383100
2024-05-02,171.79632568359375,172.18354444700543,169.67158410871994,171.28002894904594,94214900
2024-05-03,182.07252502441406,185.66670996286234,181.35765733555206,185.31919936550048,163224100
2024-05-06,180.4144287109375,182.88666551151155,179.1336178251023,181.04986495546194,78569700
2024-05-07,181.09950256347656,183.5816778461448,180.02721617336002,182.14201921219635,77305800
2024-05-08,181.4370880126953,181.76473696457006,180.15627709627628,181.5463043299869,45057100
2024-05-09,183.25404357910156,183.34339825305352,180.81157644111198,181.25836496086742,48983000
2024-05-10,181.99139404296875,184.01958970422,181.07671637844012,183.83068607894495,50759500
2024-05-13,185.20269775390625,186.01796278299403,183.5522942832241,184.36755931231187,72044800
2024-05-14,186.3460235595703,187.2110023802185,185.2126171602605,186.42556271379902,52393600
2024-05-15,188.62281799316406,189.54743236218252,186.2864023770235,186.82328796013638,70400000
2024-05-16,188.74209594726562,189.99481870677727,188.5631442219314,189.36845732702145,52845200
2024-05-17,188.7719268798828,189.70649303935699,188.08591490450098,188.4140082479681,41282900
2024-05-20,189.9351806640625,190.81009634808845,187.9169216688578,188.23507834324732,44361300
2024-05-21,191.23760986328125,191.61540193588445,189.815871933387,189.98488697096772,42309400
2024-05-22,189.7959747314453,191.7048842739564,189.1696284842733,191.15806201805708,34648500
2024-05-23,185.7992401123047,189.89540846653745,185.55068591274116,189.87551988281993,51005900
2024-05-24,188.88128662109375,189.47782271626807,186.9525037733123,187.72800676525614,36327000
2024-05-28,188.8912353515625,191.88382214222983,188.00638309980087,190.40243380522858,52280100
2024-05-29,189.18951416015625,191.13818582461732,188.41402624535667,188.51345399670836,53068000
2024-05-30,190.1837158203125,191.06856812279528,189.52754429358754,189.6567821553814,49889100
2024-05-31,191.13816833496094,191.45632497373828,188.81170480343985,190.33285520255313,75158300
2024-06-03,192.90786743164062,193.86232215027837,191.40660565779223,191.7843976924141,50080500
2024-06-04,193.2260284423828,194.19041988861153,191.91365507081835,193.51434462038463,47471400
2024-06-05,194.7372283935547,195.76127042413225,193.74301165159252,194.269945311189,54156800
2024-06-06,193.3552703857422,195.3635924798522,193.04706561878618,194.55827933508485,41181800
2024-06-07,195.75132751464844,195.80104138427978,193.0172315608974,193.5242766218339,53103900
2024-06-10,192.0031280517578,196.15896182874013,191.03873662001607,195.76126603853862,97010200
2024-06-11,205.95199584960938,205.96194772636147,192.51019617172983,192.53006958414636,172373300
2024-06-12,211.83778381347656,218.9265393804105,205.7034527218097,206.1707358379729,198134300
2024-06-13,213.00100708007812,215.49648572091758,210.37627540407073,213.4981154669776,97862700
2024-06-14,211.2611083984375,213.9256018265929,210.07798811856898,212.61324369392398,70122700
2024-06-17,215.4169464111328,217.6837594401996,211.4897931914233,212.13602802573277,93728300
2024-06-18,213.05068969726562,217.36560169939582,211.76815683093403,216.33160783720555,79943300
2024-06-20,208.46734619140625,213.00098699569836,207.64215969704074,212.6927670816265,86172500
2024-06-21,206.29005432128906,210.66460227969185,205.91224707350656,209.17327704334386,241805100
2024-06-24,206.936279296875,211.46990537136972,205.39524025887107,206.51871007112354,80727000
2024-06-25,207.86090087890625,210.15753911842552,207.40355450398363,207.94042486793816,55549700
2024-06-26,212.0167236328125,213.61741321993355,209.42181728774156,210.2768443064002,66213200
2024-06-27,212.86183166503906,214.49234667698786,211.12195219378995,213.44841596012938,49772700
2024-06-28,209.4019317626953,214.82042530908265,209.08379028418835,214.52215724323335,82542700
2024-07-01,215.49647521972656,216.25207446959737,210.6944066158183,210.86342163866271,60402900
2024-07-02,218.99612426757812,219.10548871515067,213.85602557275527,214.89994100712372,58046200
2024-07-03,220.26873779296875,220.26873779296875,217.76330717829083,218.72769869983824,37369800
2024-07-05,225.03102111816406,225.14038557018992,220.36814201808318,220.36814201808318,60412400
2024-07-08,226.50245666503906,226.53228195249955,221.95887904834774,225.77666754871936,59085900
2024-07-09,227.35748291015625,228.07332019577044,225.0608446065374,226.6118203351868,48076100
2024-07-10,231.6326141357422,231.73204187894612,227.9241899064988,227.97390377810078,62627700
2024-07-11,226.25392150878906,231.04603853364384,224.46432825800636,230.0518217466028,64710600
2024-07-12,229.20672607421875,231.29458734662404,227.357482286545,227.59609977127653,53046500
2024-07-15,233.04440307617188,235.8580383346859,231.7419815445035,235.11237576276483,62631300
2024-07-16,233.46197509765625,234.9035862928846,230.98637002864072,233.64092682357534,43234300
2024-07-17,227.55633544921875,230.1214164943178,225.32928445945876,228.1230311101644,57345900
2024-07-18,222.8834991455078,229.10730558155058,220.9845567217071,228.94822726389444,66034600
2024-07-19,223.01275634765625,225.4883615119168,221.9887143107171,223.5198165983548,49151500
2024-07-22,222.66477966308594,226.46267958300487,221.7998008147913,225.69712847330965,48201800
2024-07-23,223.70870971679688,225.6275559695254,221.3921828247117,223.07241159149987,39960300
2024-07-24,217.27610778808594,223.499913948863,215.87427379105335,222.70453756630337,61777600
2024-07-25,216.23220825195312,219.57277716709376,213.3787958392943,217.663867640833,51391200
2024-07-26,216.69947814941406,218.22062848355827,214.76074345207394,217.43518879671294,41601300
2024-07-29,216.97787475585938,218.0317421116191,214.50226952108,215.70527849563507,36311800
2024-07-30,217.53463745117188,219.05578793157815,214.87012855591783,217.92238139381377,41643800
2024-07-31,220.795654296875,222.52559687691686,219.35404306544518,220.1593561933901,50036300
2024-08-01,217.09716796875,223.1817695634113,215.76492117798517,223.07240511518174,62501000
2024-08-02,218.5885009765625,224.29531073215608,216.45094097639597,217.88260039056834,105568600
2024-08-05,208.0597381591797,212.26527065556354,194.866477978878,197.9386040162881,119548600
2024-08-06,206.0315399169922,208.77558795019922,199.90717605667754,204.11270880558044,69660500
2024-08-07,208.60655212402344,212.40445197195865,205.19638100586542,205.703426053809,63516400
2024-08-08,212.0763702392578,212.96122253044004,207.6222834948103,211.87752992550045,47161100
2024-08-09,214.9894561767578,215.52632659839892,210.7441459978426,210.87339904235876,42201600
2024-08-12,216.52230834960938,218.49313190431408,214.60125621149956,215.06908018890428,38028100
2024-08-13,220.24497985839844,220.86210287308924,217.99543949730662,217.99543949730662,44155300
2024-08-14,220.69290161132812,221.99683071433236,218.6822548419691,219.548234966672,41960600
2024-08-15,223.6790008544922,224.3060872818483,221.72807374055304,223.55956160665437,46414000
2024-08-16,225.00283813476562,225.77922361016536,222.6139468974481,222.88270038911833,44340200
2024-08-19,224.84356689453125,224.94310972106823,222.00676340736013,224.67435623990076,40687800
2024-08-20,225.46070861816406,226.11765487642407,224.4056213968942,224.72414631778543,30299000
2024-08-21,225.35121154785156,226.92389412945442,224.00747444255492,225.4706659840429,34765500
2024-08-22,223.4898681640625,227.28221598709214,222.86278176595104,226.7347608131935,43695300
2024-08-23,225.78916931152344,227.16278137803022,223.29080225181497,224.61464290366072,38677300
2024-08-26,226.12757873535156,226.2271215594374,222.8528263811224,225.70952621277567,30602200
2024-08-27,226.97366333007812,227.7898720189865,223.84820980142854,224.9530683997657,35934600
2024-08-28,225.44078063964844,228.79516410710562,224.6345202420592,226.864148811834,38052200
2024-08-29,228.7255096435547,231.8410150307569,227.8197366882459,229.03408635152135,51906300
2024-08-30,227.9391632080078,229.33267166766268,226.42620031745173,229.123652992766,52990800
2024-09-03,221.738037109375,227.9391727978887,220.1454429272487,227.4912604304481,50190600
2024-09-04,219.82691955566406,220.75260404502964,216.47252073588626,220.6331648046219,43840200
2024-09-05,221.34983825683594,224.43546851590304,220.49382156548631,220.60331260233696,36615400
2024-09-06,219.79705810546875,224.1965806221913,218.75191919539128,222.91254804497814,48423000
2024-09-09,219.88665771484375,220.24499065438135,215.70611687897429,219.79707827698536,67180000
2024-09-10,219.09033203125,220.45398059003196,215.72598515928053,217.90584232481805,51591000
2024-09-11,221.6285400390625,222.05654079085224,216.88063262193214,220.43410202901993,44587100
2024-09-12,221.738037109375,222.51442259643306,218.8017058249269,221.46928361366915,37455600
2024-09-13,221.46926879882812,223.00212806640087,220.8820056188433,222.54426752163744,36766600
2024-09-16,215.31790161132812,216.213726272445,212.92901053484562,215.53686848493908,59357400
2024-09-17,215.78570556640625,215.89519659483264,213.50632075947794,214.75053008791312,45519300
2024-09-18,219.66766357421875,221.67831024616868,216.5322467283196,216.54221012404864,59894900
2024-09-19,227.8097686767578,228.75538000957175,223.58941994126667,223.94775287051627,66781300
2024-09-20,227.1428680419922,232.01021467188832,226.56555305015522,228.90467282845125,318679900
2024-09-23,225.42088317871094,228.38707413181643,224.7639369712135,226.2868480598011,54146000
2024-09-24,226.31671142578125,228.28755007923567,224.6843092769655,227.59078065470555,43556100
2024-09-25,225.32135009765625,226.2370864319121,222.98224544035924,223.88801837861104,42308700
2024-09-26,226.4660186767578,227.44147457763864,224.36579263659118,226.24703661091274,36636700
2024-09-27,226.73475646972656,228.45675318264773,226.24703611440785,227.40166606122023,34026000
2024-09-30,231.92063903808594,231.92063903808594,228.58615167195362,228.97434440874213,54541900
2024-10-01,225.16207885742188,228.58613014733984,222.70352002656801,228.4567427059963,63285000
2024-10-02,225.7294464111328,226.31670960653594,221.98686997976517,224.84356992020335,32880600
2024-10-03,224.6245880126953,225.75930638603796,222.28548343692833,224.09704443839323,34044200
2024-10-04,225.74935913085938,226.9437971307691,223.09172964492672,226.8442543024003,37245100
2024-10-07,220.6630401611328,224.64451046166124,220.3047072265611,223.4600206171574,39505400
2024-10-08,224.72413635253906,224.93315503301397,222.2158058701156,223.26094483680066,31855700
2024-10-09,228.47666931152344,228.68570318762718,223.78849648056692,224.1866374402548,33591100
2024-10-10,227.9789581298828,228.43683384781116,226.11762582538967,226.7248005882391,28183500
2024-10-11,226.4958953857422,228.34727968813561,226.28686151162026,228.23778864704394,31759200
2024-10-14,230.228515625,230.65651637799863,227.54102629778745,227.64055393917852,39882100
2024-10-15,232.76670837402344,236.3898456598821,231.29355345996072,232.52781469355565,64751400
2024-10-16,230.70628356933594,231.0447048824563,228.7752681420796,230.52712470524975,34082200
2024-10-17,231.07456970214844,232.76670668063704,229.4521309302649,232.348638945834,32993800
2024-10-18,233.91136169433594,235.0858880500012,232.92594240501305,235.0858880500012,46431500
2024-10-21,235.384521484375,235.75281781754072,233.36392650842956,233.36392650842956,36254500
2024-10-22,234.76739501953125,235.12572795126604,231.52250221800776,232.80651969699693,38846600
2024-10-23,229.69100952148438,234.05072423456664,226.7049068825192,232.99563706556216,52287000
2024-10-24,229.50189208984375,229.75073396519565,227.35189464165862,228.91461372105516,31109500
2024-10-25,230.3380126953125,232.13962556438537,228.5065400142299,228.6757506783198,38802300
2024-10-28,232.3187713623047,233.64261197661628,231.47271808946843,232.23915532682838,36087100
2024-10-29,232.5875244140625,233.2444706163013,231.24378738741356,232.0201728307493,35417200
2024-10-30,229.03408813476562,232.38847204702165,228.48663292359964,231.53245531359053,47070900
2024-10-31,224.8634796142578,228.76531846185907,224.32597264925337,228.27758291037028,64370100
2024-11-01,221.8773956298828,224.30609500692114,219.24962577022424,219.94638005344729,65276700
2024-11-04,220.98153686523438,221.75792231303782,218.69220372782075,219.96627293386246,44944500
2024-11-05,222.41488647460938,222.91257027302564,220.11558975602287,220.77253601507735,28111300
2024-11-06,221.68826293945312,225.02275032206146,220.16535179621147,221.5787719009408,54561100
2024-11-07,226.42620849609375,226.82436463330757,223.52970043689453,223.5894200604507,42137700
2024-11-08,226.15716552734375,227.8511489598711,225.60910803907555,226.366414165256,38328800
2024-11-11,223.43682861328125,224.90163000948098,220.71648967954502,224.20410915529405,42005600
2024-11-12,223.43682861328125,224.79201850347917,222.56991092342136,223.7557039779463,40398300
2024-11-13,224.32366943359375,225.8482560889112,221.97201694486657,223.21759527142092,48566200
2024-11-14,227.41270446777344,228.06039910056816,224.20409355692922,224.22402706703753,44923900
2024-11-15,224.20408630371094,226.1172926822584,223.47667285882866,225.59912786989784,47923700
2024-11-18,227.21340942382812,228.92732633570628,224.3734848929754,224.45320372664565,44633700
2024-11-19,227.4724884033203,229.34584301691135,225.8582238051146,226.17708394083317,36211800
2024-11-20,228.18994140625,229.11664435033194,225.0909420304879,227.25326410482543,35169600
2024-11-21,227.71163940429688,229.34583747298603,224.9115819089953,228.07036655131708,42108300
2024-11-22,229.05686950683594,229.90386885981255,227.2532745036032,227.2532745036032,38168300
2024-11-25,232.04624938964844,232.42491005721112,228.92733167542056,230.64124862727573,90152800
2024-11-26,234.22850036621094,234.73670603206307,232.50462429580293,232.50462429580293,45986200
2024-11-27,234.09896850585938,234.85628986853752,232.9829351774668,233.640604190904,33498400
2024-11-29,236.490478515625,236.96877632211965,233.14236346053607,233.97938842310504,28481400
2024-12-02,238.7424774169922,239.93822952974793,236.32108052902282,236.4306920263062,48137100
2024-12-03,241.79165649414062,241.90126799408412,238.05492154808562,238.96170621081686,38861000
2024-12-04,242.15037536621094,243.24649032811607,240.39660663197557,242.01087120786053,44383900
2024-12-05,242.18028259277344,243.67497660990782,241.27351311137042,243.1269343008096,40033900
2024-12-06,241.98098754882812,243.7646642163996,241.22368140458013,242.05074723300527,36870600
2024-12-09,245.8771514892578,246.36542364679892,240.89483838917155,240.97455722335047,44649200
2024-12-10,246.8935546875,247.33200068563022,244.47214254503118,246.0166626912396,36914800
2024-12-11,245.61807250976562,249.91282389632013,245.38887516358946,247.0828737526952,45205800
2024-12-12,247.08290100097656,247.86014070071687,244.81095202694985,246.01667859977562,32777500
2024-12-13,247.2522735595703,248.40815863747187,245.36895982515324,246.9433725816478,33155300
2024-12-16,250.1519775390625,250.490786396497,246.7739697560149,247.1127786134494,51694800
2024-12-17,252.58334350585938,252.93211150871377,248.89643481128522,249.1953766416157,51356400
2024-12-18,247.1725616455078,253.38051965426092,246.86366065893745,251.26802371656945,56774100
2024-12-19,248.90640258789062,251.1085917693189,246.21595643132494,246.6245097734382,60882300
2024-12-20,253.58978271484375,254.09797318748596,244.82090844231297,247.1625865233097,147495300
2024-12-23,254.36703491210938,254.74568039470608,252.55346551957817,253.8688035675433,40858800
2024-12-24,257.2866516113281,257.2965955586333,254.38692663500538,254.58623131585566,23234700
2024-12-26,258.1037292480469,259.1799258751944,256.7186620602343,257.27667867815336,27237100
2024-12-27,254.68588256835938,257.78489719249416,252.16483330495137,256.917949151404,42355300
2024-12-30,251.30787658691406,252.60328106925755,249.86300878941353,251.33776924994547,35557500
2024-12-31,249.5341796875,252.38406352835983,248.54767617168994,251.5470385357527,39480700
2025-01-02,242.9874267578125,248.21885574509324,240.96460876578237,248.0494437119358,55740700
2025-01-03,242.4991455078125,243.31623695542578,241.03434422978034,242.4991455078125,40244100
2025-01-06,244.1333465576172,246.45510633108967,242.33971076643533,243.4457849039297,45045600
2025-01-07,241.3532257080078,244.681407317594,240.496267218822,242.12049100282684,40856000
2025-01-08,241.8414764404297,242.84791342439922,239.20085656180404,241.06423680804883,37628900
2025-01-10,236.01217651367188,239.31046533751606,232.1757893628752,239.16098682233465,61710900
2025-01-13,233.5708465576172,233.8398957390806,228.90740850459227,232.7039288898965,49630700
2025-01-14,232.45480346679688,235.28475371553364,231.6476711610837,233.91960476413306,39435300
2025-01-15,237.028564453125,238.11472029161553,233.60073052224158,233.80999436776753,39832000
2025-01-16,227.45257568359375,237.16808723307213,227.2233935146464,236.51043339153568,71759100
2025-01-17,229.16647338867188,231.4682996512766,227.67177943063626,231.2989028272768,68488300
2025-01-21,221.85244750976562,223.62614984013746,218.60398468999986,223.2076373446938,98070400
2025-01-22,223.03822326660156,223.32719072748344,219.0125058897086,219.0125058897086,64126500
2025-01-23,222.8688507080078,226.2269251350915,221.51366083038826,223.94503224654224,60234800
2025-01-24,221.991943359375,224.831867935065,220.6267944226493,223.9848686181573,54697900
2025-01-27,229.04690551757812,231.32879829775732,223.18770026542342,223.2275672861503,94863400
2025-01-28,237.41717529296875,239.34035603116672,229.99353191106584,230.03339893004483,75707600
2025-01-29,238.5133056640625,239.01153699982427,233.1822242894862,233.2918357915463,45486100
2025-01-30,236.7495574951172,239.93823493591583,236.37091202718113,237.82573898228924,55658300
2025-01-31,235.16519165039062,246.31561143302469,232.61424963135997,246.31561143302469,100959800
2025-02-03,227.2034454345703,231.00994009075862,224.90161912474946,229.1764524471141,73063300
2025-02-04,231.9765167236328,232.3053512351318,225.84826207175638,226.44614576626617,45067300
2025-02-05,231.64767456054688,231.84696405052938,227.46253445166022,227.72160926815613,39620300
2025-02-06,232.39501953125,232.9729696905443,229.61488023403817,230.47183871784506,29925300
2025-02-07,226.82479858398438,233.17226081850333,226.45609706307513,231.77721918612997,39707200
2025-02-10,227.0941162109375,230.02693972945139,226.64521806905947,229.0094413336025,33115600
2025-02-11,232.05198669433594,234.65561423976854,227.57296005864194,227.64278121837336,53718400
2025-02-12,236.29161071777344,236.38140252594314,230.11672290007743,230.63545743654387,45243300
2025-02-13,240.9402313232422,241.74825103145727,234.99479296308533,236.33151730066413,53614100
2025-02-14,244.00274658203125,244.9504238462646,240.40156080072015,240.66092045804314,40896200
2025-02-18,243.87306213378906,244.58131995427482,241.2494791133952,243.55383619329416,48822500
2025-02-19,244.27207946777344,245.40929524371262,242.56626341463,244.06260076305156,32204200
2025-02-20,245.22975158691406,246.17742890005937,243.69350332551406,244.34192533458386,32316900
2025-02-21,244.95042419433594,248.08275639920348,244.6212281548445,245.34944139409683,53197400
2025-02-24,246.49664306640625,248.25234005966587,243.82317911276243,244.3319283268952,51326400
2025-02-25,246.43678283691406,249.38956194785018,244.3119941197594,247.3944454522674,48013300
2025-02-26,239.77310180664062,244.3818160551289,238.54610942000366,243.7334092806253,44433600
2025-02-27,236.72056579589844,241.86796980219768,236.48114634623442,238.82541422357912,41153600
2025-02-28,241.24948120117188,241.49887076126774,229.63790389196947,236.37142201455794,56833400
2025-03-03,237.4487762451172,243.43412542285543,235.53346633482454,241.19958958341564,47184000
2025-03-04,235.35391235351562,239.4838181516717,234.10696453181083,237.1295800554318,53798100
2025-03-05,235.1643829345703,235.97240266650644,228.67026910680244,234.84515699420854,47227600
2025-03-06,234.75538635253906,237.27920752401755,232.59068676229822,233.86756011302523,45170400
2025-03-07,238.4862518310547,240.78062356819368,234.1867631010968,234.53591456798168,46273600
2025-03-10,226.92454528808594,235.583358769024,223.6725108894593,234.96486230654432,72071200
2025-03-11,220.30075073242188,225.28854176632854,216.91902902029437,223.26349982428485,76137400
2025-03-12,216.45018005371094,221.20853706339403,214.38524243690583,219.60246770742089,62547500
2025-03-13,209.16799926757812,216.31051974194543,207.9110813961123,215.42269353923288,61368300
2025-03-14,212.9687042236328,213.4275724686152,209.06824803363213,210.73416839029963,60107600
2025-03-17,213.4774627685547,214.69448503570536,209.4573042902151,212.78914514941675,48073400
2025-03-18,212.17066955566406,214.624654360469,210.97360268345204,213.6370814211214,42432400
2025-03-19,214.7144317626953,218.22582565599035,213.22806456968678,213.6969181399133,54385400
2025-03-20,213.5772247314453,216.9589465476154,211.70181037410745,213.46749271646212,48862900
2025-03-21,217.73704528808594,218.30564558008663,210.76410758323678,211.0434226778215,94127800
2025-03-24,220.19102478027344,220.93919345594836,218.04628066528426,220.460369765545,44299500
2025-03-25,223.2036590576172,223.55281053469957,219.54262209652958,220.23093972638688,34493600
2025-03-26,220.98907470703125,224.47055842890478,219.93166541277708,222.9642357514217,34466100
2025-03-27,223.3034210205078,224.4406368200556,220.02144584411215,220.84942102067788,37094800
2025-03-28,217.36793518066406,223.26350805320467,217.1484711493609,221.12873402087155,39818600
2025-03-31,221.58761596679688,225.06908447075043,215.7020132379398,216.48010744476517,65299300
2025-04-01,222.64503479003906,223.13382860511078,218.3655012478301,219.27328293515097,36412700
2025-04-02,223.34332275390625,224.64015156252358,220.48033536050963,220.7796058888877,35905900
2025-04-03,202.69384765625,206.98335084549154,200.75858236471802,205.0381002304481,103419000
2025-04-04,187.92002868652344,199.39194860307396,186.88255957870848,193.4165691841804,125910900
2025-04-07,181.0169219970703,193.6759230716255,174.19361217758157,176.76731422169505,160466300
2025-04-08,171.9989776611328,189.8752182218586,168.79682446290911,186.24410709579757,120859500
2025-04-09,198.3644561767578,200.1201531468693,171.47028013366514,171.53013119082922,184395900
2025-04-10,189.9550323486328,194.30438674913324,182.553152263757,188.60833789927736,121880000
2025-04-11,197.66615295410156,199.05275825525484,185.60567786476867,185.64558871717136,87435900
2025-04-14,202.02549743652344,212.42005238891582,200.66881763194172,210.9237150406947,101352900
2025-04-15,201.6464080810547,203.01305790446213,199.3121256140358,201.36709301089155,51343900
2025-04-16,193.79563903808594,200.2099310657198,191.9002692932641,197.8756484915953,59732400
2025-04-17,196.4990234375,198.34451232255947,193.9452767059697,196.71848747425943,52164700
2025-04-21,192.6883544921875,193.3267911609043,189.34652827875263,192.79808650813246,46742500
2025-04-22,199.25228881835938,201.097762433896,195.49148998245192,195.64111763020085,52976400
2025-04-23,204.1004180908203,207.49210995336898,202.30481024884085,205.49699351150966,52929200
2025-04-24,207.8612060546875,208.32008954356945,202.44447210591895,204.38970763388747,47311000
2025-04-25,208.76898193359375,209.2378355121778,205.69650080604464,205.86608387594285,38222300
2025-04-28,209.62689208984375,210.98357193193158,206.95344326011445,209.48723454234343,38743100
2025-04-29,210.6942901611328,211.72177396764008,207.86121308906752,208.18043904370694,36827600
2025-04-30,211.9811248779297,213.0584895980106,206.16535854293033,208.78894157113288,52286500
2025-05-01,212.79913330078125,214.0360957896086,208.3899124386699,208.56948083895412,57365700
2025-05-02,204.8485870361328,206.48458191182934,201.66637387157866,205.58677037884885,101010600
2025-05-05,198.40435791015625,203.60164304236298,197.72602561272546,202.6040848015313,69018500
2025-05-06,198.02528381347656,200.1600578713198,196.538931754607,197.72602851406054,51216500
2025-05-07,195.7707977294922,198.95301083885846,192.77812311451905,198.6836658614824,68536700
2025-05-08,197.00778198242188,199.56152863729463,194.20463054641704,197.2372161152265,50478900
2025-05-09,198.0452423095703,200.0503289543839,197.05765414160055,198.51409591462888,36453900
2025-05-12,210.55104064941406,211.03050749278242,206.5156271207593,210.7308445260501,63775800
2025-05-13,212.68861389160156,213.1580823159532,208.76307628033234,210.19144790738707,51909300
2025-05-14,212.08929443359375,213.69746987061376,210.34127831689767,212.18917192393894,49325800
2025-05-15,211.21029663085938,212.71859464512332,209.30245815432872,210.71086343228015,45029500
2025-05-16,211.0205078125,212.32903558469047,209.53220664773164,212.11926693678467,54737900
2025-05-19,208.54331970214844,209.24252311349682,204.02843943795537,207.67431083672193,46140500
2025-05-20,206.62550354003906,208.2336790492342,204.79757620413463,207.4345828831543,42496600
2025-05-21,201.86090087890625,206.80528635778637,200.4824756537251,204.93741112479617,59211800
2025-05-22,201.13172912597656,202.52015274475195,199.4736073247078,200.48247209416806,46742400
2025-05-23,195.04864501953125,197.4758830409797,193.24069928507132,193.45045269257122,78432900
2025-05-27,199.98304748535156,200.51244545494848,197.20618488735448,198.07520901450675,56288500
2025-05-28,200.1927947998047,202.50017366149785,199.67338002302156,200.36260025266836,45339700
2025-05-29,199.72332763671875,203.57895243464628,198.28495762525483,203.3492174371598,51396800
2025-05-30,200.622314453125,201.73105672211125,196.55692105301176,199.14398126681596,70819900
2025-06-02,201.47134399414062,201.9008644592711,199.89313329888972,200.05295557621693,35423300
2025-06-03,203.03956604003906,203.5389992121068,200.7321872237246,201.1217444882778,46381600
2025-06-04,202.590087890625,206.00620910456834,201.8709028727957,202.67998220748078,43604000
2025-06-05,200.40257263183594,204.5178973620389,199.92310578136215,203.26931435006063,55126100
2025-06-06,203.68882751464844,205.4668084267123,201.82095228760733,202.76987228695742,46607700
2025-06-09,201.2216339111328,205.76647909477697,199.79326227022588,204.15830357568726,72862600
2025-06-10,202.44024658203125,204.11835001917973,200.34263633745982,200.3726011094186,54672600
2025-06-11,198.55465698242188,204.26817387189894,198.18508130061548,203.26930749599725,60989900
2025-06-12,198.97418212890625,199.45363372918547,197.13627162659284,198.85432303920933,43904600
2025-06-13,196.227294921875,200.1428492549886,195.47814514596445,199.50357538920457,51447300
2025-06-16,198.195068359375,198.46476655376847,196.33717625414866,197.07634287373045,43020700
2025-06-17,195.418212890625,198.16509536417735,194.98870767431248,196.97644196425614,38856200
2025-06-18,196.35714721679688,197.3460303816964,194.84886452825484,195.71787336797544,45394700
2025-06-20,200.7721405029297,201.47134391409438,196.6368343380514,198.01527480684123,96813500
2025-06-23,201.27157592773438,202.07067208145295,198.73446202428119,201.40143343464243,55814300
2025-06-24,200.07293701171875,203.2093768046809,199.9730442780961,202.36033429336192,54064000
2025-06-25,201.33151245117188,203.43912119943792,200.39257558111612,201.2216365357081,39525700
2025-06-26,200.7721405029297,202.41028074115465,199.23389299836737,201.20164572639828,50799100
2025-06-27,200.85205078125,202.98962419564972,199.77327327657756,201.66113009938155,73188600
2025-06-30,204.93740844726562,207.15489297707504,199.0341046248948,201.78098710410558,91912800
2025-07-01,207.58441162109375,209.95171998702364,205.90630823197938,206.4357061767528,78788900
2025-07-02,212.1991729736328,213.09814660534315,207.9040445567577,208.6731759252599,67941800
2025-07-03,213.30792236328125,214.40666625629999,211.56988934364432,211.90950026104147,34955800
2025-07-07,209.7119903564453,215.9848699115094,208.56330013289198,212.43889126622693,50229000
2025-07-08,209.7719268798828,211.1903153368944,208.213697736729,209.86183643928914,42848900
2025-07-09,210.90065002441406,211.09043707809712,206.98509558510867,209.2924745188519,48749400
2025-07-10,212.16920471191406,213.23798377907798,209.7918979255535,210.27134950514616,44443600
2025-07-11,210.92062377929688,211.88952536572023,209.6220944658076,210.33129628612954,39765800
2025-07-14,208.3834991455078,210.67091168904602,207.3047216270235,209.69201166358403,38840100
2025-07-15,208.87295532226562,211.64980271899068,208.6831682659836,208.9828312368767,42296300
2025-07-16,209.92176818847656,212.1592191902425,208.40348697906978,210.06160887608695,47490500
2025-07-17,209.78192138671875,211.5599023237274,209.35240091776063,210.33130094399476,48068100
2025-07-18,210.9405975341797,211.54990664350106,209.46227954032304,210.63095139102305,48974600
2025-07-21,212.23912048339844,215.53538252867688,211.39009321998003,211.8595616297783,51377400
2025-07-22,214.15695190429688,214.7063314773177,211.9894136266437,212.89838571641525,46404100
2025-07-23,213.9072265625,214.90609293027538,212.1692088371252,214.75626907170553,46989300
2025-07-24,213.51766967773438,215.44548969662856,213.28793468034502,213.65751035981805,46022600
2025-07-25,213.63754272460938,214.9960015887686,213.15807589620647,214.45660521718813,40268800
2025-07-28,213.80735778808594,214.60645396318566,212.81847455673218,213.78737619229818,37858000
2025-07-29,211.03050231933594,214.5664825639156,210.58101550100253,213.93719187335407,51411700
2025-07-30,208.81301879882812,212.14922883427738,207.48452469073794,211.65977882345743,45512500
2025-07-31,207.33470153808594,209.60211724381097,206.92516266487007,208.25365677749065,80698400
2025-08-01,202.1505889892578,213.33788973606855,201.27158167093614,210.63095505795985,104434500
2025-08-04,203.11949157714844,207.64435521756303,201.4513712516652,204.27816503495924,75109300
2025-08-05,202.68995666503906,205.1072113881769,201.93082373064988,203.1694082424696,44155100
2025-08-06,213.0082550048828,215.1358452662651,205.35693489516686,205.39689808550258,108483100
2025-08-07,219.7805633544922,220.59964108330854,216.33447747046458,218.63187314031333,90224800
2025-08-08,229.0900115966797,230.73813503605493,219.00145500716468,220.57966572513484,113854000
2025-08-11,227.17999267578125,229.55999755859375,224.75999450683594,227.9199981689453,61806100
2025-08-12,229.64999389648438,230.8000030517578,227.07000732421875,228.00999450683594,55626200
2025-08-13,233.3300018310547,235.0,230.42999267578125,231.07000732421875,69878500
2025-08-14,232.77999877929688,235.1199951171875,230.85000610351562,234.05999755859375,51916300
2025-08-15,231.58999633789062,234.27999877929688,229.33999633789062,234.0,56038700
2025-08-18,230.88999938964844,233.1199951171875,230.11000061035156,231.6999969482422,37476200
2025-08-19,230.55999755859375,232.8699951171875,229.35000610351562,231.27999877929688,39402600
2025-08-20,226.00999450683594,230.47000122070312,225.77000427246094,229.97999572753906,42263900
2025-08-21,224.89999389648438,226.52000427246094,223.77999877929688,226.27000427246094,30621200
2025-08-22,227.75999450683594,229.08999633789062,225.41000366210938,226.1699981689453,42477800
2025-08-25,227.16000366210938,229.3000030517578,226.22999572753906,226.47999572753906,30983100
2025-08-26,229.30999755859375,229.49000549316406,224.69000244140625,226.8699951171875,54575100
2025-08-27,230.49000549316406,230.89999389648438,228.25999450683594,228.61000061035156,31259500
2025-08-28,232.55999755859375,233.41000366210938,229.33999633789062,230.82000732421875,38074700
2025-08-29,232.13999938964844,233.3800048828125,231.3699951171875,232.50999450683594,39418400
2025-09-02,229.72000122070312,230.85000610351562,226.97000122070312,229.25,44075600
2025-09-03,238.47000122070312,238.85000610351562,234.36000061035156,237.2100067138672,66427800
2025-09-04,239.77999877929688,239.89999389648438,236.74000549316406,238.4499969482422,47549400
2025-09-05,239.69000244140625,241.32000732421875,238.49000549316406,240.0,54870400
2025-09-08,237.8800048828125,240.14999389648438,236.33999633789062,239.3000030517578,48999500
2025-09-09,234.35000610351562,238.77999877929688,233.36000061035156,237.0,66313900
2025-09-10,226.7899932861328,232.4199981689453,225.9499969482422,232.19000244140625,83440800
2025-09-11,230.02999877929688,230.4499969482422,226.64999389648438,226.8800048828125,50208600
2025-09-12,234.07000732421875,234.50999450683594,229.02000427246094,229.22000122070312,55824200
2025-09-15,236.6999969482422,238.19000244140625,235.02999877929688,237.0,42699500
2025-09-16,238.14999389648438,241.22000122070312,236.32000732421875,237.17999267578125,63421100
2025-09-17,238.99000549316406,240.10000610351562,237.72999572753906,238.97000122070312,46508000
2025-09-18,237.8800048828125,241.1999969482422,236.64999389648438,239.97000122070312,44249600
2025-09-19,245.5,246.3000030517578,240.2100067138672,241.22999572753906,163470300
2025-09-22,255.88999938964844,256.6300048828125,248.1699981689453,248.33999633789062,85294056
