Price,Adj Close,Close,High,Low,Open,Volume
Ticker,MSFT,MSFT,MSFT,MSFT,MSFT,MSFT
Date,,,,,,
2000-01-03,35.668094635009766,58.28125,59.3125,56.0,58.6875,53228400
2000-01-04,34.46320724487305,56.3125,58.5625,56.125,56.78125,54119000
2000-01-05,34.82659149169922,56.90625,58.1875,54.6875,55.5625,64059600
2000-01-06,33.65994644165039,55.0,56.9375,54.1875,56.09375,54976600
2000-01-07,34.0998420715332,55.71875,56.125,53.65625,54.3125,62013600
2000-01-10,34.34846496582031,56.125,56.84375,55.6875,56.71875,44963600
2000-01-11,33.468711853027344,54.6875,57.125,54.34375,55.75,46743600
2000-01-12,32.378570556640625,52.90625,54.4375,52.21875,54.25,66532400
2000-01-13,32.990596771240234,53.90625,54.3125,50.75,52.1875,83144000
2000-01-14,34.34846496582031,56.125,56.96875,52.875,53.59375,73416400
2000-01-18,35.285579681396484,57.65625,58.25,55.875,55.90625,81483600
2000-01-19,32.74195861816406,53.5,55.75,53.0,55.25,97568200
2000-01-20,32.43595504760742,53.0,54.84375,52.9375,53.53125,56349800
2000-01-21,31.747468948364258,51.875,53.625,51.625,53.5,68416200
2000-01-24,30.982460021972656,50.625,52.84375,50.40625,51.8984375,63597600
2000-01-25,31.460596084594727,51.40625,51.9375,49.78125,50.5,59823200
2000-01-26,30.408723831176758,49.6875,51.75,49.5625,51.21875,49365000
2000-01-27,30.21747589111328,49.375,50.59375,48.625,49.9453125,63654800
2000-01-28,30.064455032348633,49.125,50.125,48.625,49.0625,58225400
2000-01-31,29.949710845947266,48.9375,49.09375,47.4375,48.8125,73194200
2000-02-01,31.498844146728516,51.46875,51.625,48.84375,49.25,70196600
2000-02-02,30.848590850830078,50.40625,51.96875,50.25,51.21875,49915600
2000-02-03,31.709213256835938,51.8125,52.09375,50.0625,51.03125,49186000
2000-02-04,32.608097076416016,53.28125,54.0,52.0703125,52.1875,55365400
2000-02-07,32.627220153808594,53.3125,53.4375,52.125,53.40625,40005800
2000-02-08,33.64083480834961,54.96875,55.0,53.21875,53.21875,56229000
2000-02-09,31.823970794677734,52.0,54.71875,51.9375,54.71875,55090000
2000-02-10,32.43595504760742,53.0,53.28125,51.25,51.9453125,54527800
2000-02-11,30.580839157104492,49.96875,52.4375,49.5625,52.4375,115559000
2000-02-14,30.485206604003906,49.8125,50.875,49.53125,50.6171875,81028600
2000-02-15,30.160079956054688,49.28125,50.0,49.0625,49.875,71027600
2000-02-16,29.873214721679688,48.8125,50.09375,48.5625,49.625,65202600
2000-02-17,30.485206604003906,49.8125,49.84375,48.5703125,49.25,80343400
2000-02-18,29.08910369873047,47.53125,50.03125,47.4375,50.0,79063000
2000-02-22,28.706579208374023,46.90625,48.5625,46.40625,47.5625,66296200
2000-02-23,28.8404541015625,47.125,47.875,46.03125,46.75,75847200
2000-02-24,28.993467330932617,47.375,47.9375,46.0,47.125,69733200
2000-02-25,27.94159507751465,45.65625,47.3515625,45.25,47.34375,65301400
2000-02-28,28.018095016479492,45.78125,46.0625,44.0625,45.125,76131800
2000-02-29,27.348716735839844,44.6875,45.875,44.4375,45.875,58437400
2000-03-01,27.78859519958496,45.40625,47.046875,44.46875,44.8125,106889800
2000-03-02,28.572723388671875,46.6875,47.6875,45.5625,45.90625,106932600
2000-03-03,29.414222717285156,48.0625,49.4375,46.9375,47.375,101435200
2000-03-06,27.73122215270996,45.3125,48.6875,45.0625,48.0,93609400
2000-03-07,28.419719696044922,46.4375,48.75,45.96875,48.0625,135061000
2000-03-08,29.242090225219727,47.78125,48.09375,45.5,46.90625,94290000
2000-03-09,30.59996795654297,50.0,50.0,47.5,47.65625,88198800
2000-03-10,30.905963897705078,50.5,51.25,49.75,49.78125,85589000
2000-03-13,29.987966537475586,49.0,50.125,48.75,48.8125,61831800
2000-03-14,29.108217239379883,47.5625,49.625,47.5625,49.3125,73489200
2000-03-15,29.184717178344727,47.6875,48.3125,46.84375,47.28125,53208000
2000-03-16,29.184717178344727,47.6875,48.34375,46.625,47.96875,77300800
2000-03-17,30.408723831176758,49.6875,49.75,47.25,47.625,81161600
2000-03-20,29.796720504760742,48.6875,49.875,48.25,49.375,47773000
2000-03-21,31.441469192504883,51.375,51.5625,48.25,48.375,81648800
2000-03-22,31.594463348388672,51.625,52.8125,50.5625,51.40625,93975800
2000-03-23,34.23371887207031,55.9375,56.4375,53.3125,53.40625,148224000
2000-03-24,34.176353454589844,55.84375,57.5,54.78125,56.3125,112196800
2000-03-27,31.84308624267578,52.03125,54.125,51.96875,53.8828125,111434000
2000-03-28,31.919605255126953,52.15625,53.71875,51.1875,51.8125,81114400
2000-03-29,32.79933547973633,53.59375,54.46875,52.5625,52.59375,64363800
2000-03-30,31.63270378112793,51.6875,54.3125,51.25,53.09375,64178400
2000-03-31,32.51247024536133,53.125,54.125,52.0625,53.0,64281400
2000-04-03,27.80771827697754,45.4375,48.25,45.0,47.21875,260118200
2000-04-04,27.100093841552734,44.28125,46.0,42.46875,45.78125,181244400
2000-04-05,26.430728912353516,43.1875,44.25,42.9375,44.125,82887600
2000-04-06,26.31596565246582,43.0,44.0,42.6328125,43.9375,66421400
2000-04-07,27.253089904785156,44.53125,44.6875,42.5,43.5,82613600
2000-04-10,26.33509063720703,43.03125,44.3125,43.0,44.3125,60685400
2000-04-11,25.665729522705078,41.9375,43.03125,41.75,42.5625,71961800
2000-04-12,24.288719177246094,39.6875,41.125,39.375,41.0625,153003800
2000-04-13,24.25047492980957,39.625,41.125,39.5,40.4375,94316200
2000-04-14,22.682218551635742,37.0625,39.75,36.625,39.5625,151217800
2000-04-17,23.217727661132812,37.9375,38.0,36.5,37.125,119772200
2000-04-18,24.6521053314209,40.28125,40.96875,37.9375,38.25,91794600
2000-04-19,24.078353881835938,39.34375,40.75,39.0625,40.71875,53715400
2000-04-20,24.154850006103516,39.46875,39.9375,38.75,39.3125,52387400
2000-04-24,20.38722801208496,33.3125,34.0,32.5,33.625,313645800
2000-04-25,21.22872543334961,34.6875,34.75,33.8125,34.375,159517400
2000-04-26,20.807971954345703,34.0,35.5625,33.6875,35.0,107091200
2000-04-27,21.362600326538086,34.90625,34.96875,33.6875,33.71875,77669800
2000-04-28,21.34347915649414,34.875,35.5,34.125,35.375,78082600
2000-05-01,22.47184181213379,36.71875,37.0,35.84375,36.4375,107811000
2000-05-02,21.381729125976562,34.9375,36.75,34.75,36.40625,97716200
2000-05-03,21.592105865478516,35.28125,35.40625,34.40625,35.1875,55354800
2000-05-04,21.55385398864746,35.21875,35.625,34.65625,35.15625,43317200
2000-05-05,21.76422119140625,35.5625,35.90625,34.9375,35.125,36402200
2000-05-08,21.362600326538086,34.90625,35.6875,34.84375,35.46875,36187600
2000-05-09,20.750606536865234,33.90625,35.21875,33.75,35.09375,60778400
2000-05-10,20.253347396850586,33.09375,33.9375,32.875,33.875,67740000
2000-05-11,20.76972770690918,33.9375,34.0625,32.875,33.3125,58390800
2000-05-12,21.056602478027344,34.40625,34.875,34.125,34.21875,37886000
2000-05-15,21.22872543334961,34.6875,34.71875,34.0,34.5,33899600
2000-05-16,21.266986846923828,34.75,35.3125,34.53125,34.78125,48410600
2000-05-17,20.71234893798828,33.84375,34.5625,33.625,34.4375,53242000
2000-05-18,20.253347396850586,33.09375,34.03125,32.9375,34.03125,53640400
2000-05-19,19.909101486206055,32.53125,32.96875,32.25,32.6875,66578000
2000-05-22,19.64134979248047,32.09375,32.625,31.21875,32.5625,69955000
2000-05-23,19.33535385131836,31.59375,32.78125,31.53125,31.9375,57963200
2000-05-24,20.062097549438477,32.78125,33.28125,31.5,31.5625,85482400
2000-05-25,18.8189754486084,30.75,32.375,30.5625,32.28125,94348800
2000-05-26,18.799848556518555,30.71875,31.3125,30.1875,31.03125,55822000
2000-05-30,19.39272689819336,31.6875,32.0625,31.0,31.21875,68536400
2000-05-31,19.144105911254883,31.28125,31.8515625,31.03125,31.8203125,54968200
2000-06-01,19.756103515625,32.28125,33.0,31.90625,32.1875,94507200
2000-06-02,20.291601181030273,33.15625,33.375,32.5,33.0,80463200
2000-06-05,20.46373176574707,33.4375,34.1875,33.0,33.0078125,64400000
2000-06-06,21.305227279663086,34.8125,34.9375,33.90625,34.09375,99019000
2000-06-07,21.57297706604004,35.25,35.375,33.5625,34.625,76310600
2000-06-08,21.056602478027344,34.40625,36.0625,34.125,35.78125,94765600
2000-06-09,21.056602478027344,34.40625,34.84375,34.15625,34.8125,35710200
2000-06-12,20.46373176574707,33.4375,34.5,33.1875,34.5,49260600
2000-06-13,20.76972770690918,33.9375,34.0,33.0625,33.375,44289200
2000-06-14,21.57297706604004,35.25,35.5,34.75,34.90625,79992400
2000-06-15,22.1467227935791,36.1875,36.34375,35.3125,35.40625,65592600
2000-06-16,22.204097747802734,36.28125,36.5625,35.75,36.3125,68710600
2000-06-19,22.548349380493164,36.84375,36.90625,36.0,36.28125,46604800
2000-06-20,22.930849075317383,37.46875,37.625,36.875,36.9375,62275000
2000-06-21,24.690345764160156,40.34375,41.09375,38.46875,38.5,160399600
2000-06-22,24.441730499267578,39.9375,41.0,39.65625,40.6875,87315200
2000-06-23,23.772340774536133,38.84375,40.03125,38.5,39.96875,49811600
2000-06-26,24.32697105407715,39.75,40.0625,38.75,38.75,48287000
2000-06-27,24.116594314575195,39.40625,40.0625,39.1875,39.625,31071200
2000-06-28,24.154850006103516,39.46875,40.03125,39.3125,39.5,37459200
2000-06-29,23.61935806274414,38.59375,39.46875,38.53125,39.125,38449000
2000-06-30,24.479969024658203,40.0,40.0,38.34375,38.53125,52356400
2000-07-03,24.479969024658203,40.0,40.03125,39.6875,39.84375,15734800
2000-07-05,24.020973205566406,39.25,39.9375,39.125,39.9375,34824400
2000-07-06,24.766847610473633,40.46875,40.84375,39.25,39.4375,47873200
2000-07-07,25.091964721679688,41.0,41.4375,40.28125,40.6328125,54153200
2000-07-10,24.307844161987305,39.71875,40.65625,39.6875,40.34375,52689800
2000-07-11,24.212228775024414,39.5625,40.25,39.25,39.40625,37164800
2000-07-12,24.575599670410156,40.15625,40.5,38.59375,39.125,58370200
2000-07-13,24.46084976196289,39.96875,40.0,38.6875,39.40625,80843200
2000-07-14,24.154850006103516,39.46875,39.875,39.21875,39.75,51180600
2000-07-17,23.92534637451172,39.09375,39.78125,38.75,39.125,53992800
2000-07-18,24.020973205566406,39.25,39.75,38.71875,38.8125,70617200
2000-07-19,22.376224517822266,36.5625,38.75,36.40625,38.03125,139924600
2000-07-20,22.892593383789062,37.40625,37.625,36.5625,36.71875,54690600
2000-07-21,22.12759780883789,36.15625,37.5,35.9375,37.375,56100600
2000-07-24,21.592105865478516,35.28125,36.0625,35.0,36.03125,56165600
2000-07-25,21.113977432250977,34.5,35.5,34.1875,35.40625,64188600
2000-07-26,20.750606536865234,33.90625,34.75,33.625,34.53125,85404600
2000-07-27,21.22872543334961,34.6875,35.0625,33.75,33.9375,74337600
2000-07-28,21.32434844970703,34.84375,35.90625,34.8125,35.46875,75645600
2000-07-31,21.362600326538086,34.90625,35.5625,34.625,35.09375,70283800
2000-08-01,21.018356323242188,34.34375,35.03125,34.09375,34.96875,47163600
2000-08-02,21.22872543334961,34.6875,35.21875,34.25,34.28125,48269200
2000-08-03,21.496479034423828,35.125,35.1875,34.0625,34.09375,54543400
2000-08-04,21.15222930908203,34.5625,34.9375,34.09375,34.71875,38107400
2000-08-07,21.41997528076172,35.0,35.5625,34.875,35.09375,52741800
2000-08-08,22.682218551635742,37.0625,37.34375,35.0,35.03125,138038800
2000-08-09,22.720474243164062,37.125,37.4375,36.5625,36.875,63945600
2000-08-10,22.223224639892578,36.3125,37.03125,35.875,36.90625,48986000
2000-08-11,22.16584587097168,36.21875,36.34375,35.8125,36.21875,35629600
2000-08-14,22.08934783935547,36.09375,36.6875,35.6875,36.15625,53427000
2000-08-15,21.9172306060791,35.8125,36.5,35.75,36.0,40714200
2000-08-16,21.725975036621094,35.5,36.125,35.28125,35.9375,44976200
2000-08-17,21.898099899291992,35.78125,36.0,35.28125,35.5625,36112800
2000-08-18,21.725975036621094,35.5,35.71875,35.0,35.5625,54438800
2000-08-21,21.61121940612793,35.3125,35.40625,35.03125,35.34375,34119600
2000-08-22,21.802474975585938,35.625,36.21875,35.109375,35.40625,54428200
2000-08-23,21.64946937561035,35.375,35.5625,35.1875,35.40625,36726800
2000-08-24,21.76422119140625,35.5625,35.59375,34.96875,35.3125,42405400
2000-08-25,21.61121940612793,35.3125,35.84375,35.28125,35.34375,52729400
2000-08-28,21.821598052978516,35.65625,36.0625,35.0625,35.09375,56421600
2000-08-29,21.706850051879883,35.46875,36.375,35.4375,35.59375,59400200
2000-08-30,21.41997528076172,35.0,35.46875,34.84375,35.34375,53498800
2000-08-31,21.362600326538086,34.90625,36.0,34.84375,35.4375,72575400
2000-09-01,21.47734832763672,35.09375,35.3125,34.84375,35.0,37629800
2000-09-05,21.458227157592773,35.0625,35.34375,34.90625,35.0,50755200
2000-09-06,21.24785041809082,34.71875,35.34375,34.65625,35.03125,62960800
2000-09-07,21.439096450805664,35.03125,36.03125,34.71875,35.0,111711200
2000-09-08,21.209606170654297,34.65625,35.4375,34.59375,35.1875,56709600
2000-09-11,21.056602478027344,34.40625,34.84375,34.03125,34.5625,48495200
2000-09-12,20.846227645874023,34.0625,34.65625,33.8125,34.375,46781200
2000-09-13,20.884477615356445,34.125,34.375,33.59375,33.78125,40744800
2000-09-14,20.13860321044922,32.90625,34.375,32.84375,34.34375,78503000
2000-09-15,19.64134979248047,32.09375,32.8125,31.65625,32.71875,99915200
2000-09-18,19.277973175048828,31.5,32.3125,31.09375,32.125,69037800
2000-09-19,19.88998031616211,32.5,32.875,31.6875,31.8125,79311200
2000-09-20,19.660478591918945,32.125,32.5,31.59375,32.4375,67791400
2000-09-21,19.64134979248047,32.09375,32.5625,31.78125,32.0,48952200
2000-09-22,19.35447120666504,31.625,31.75,30.5,30.5625,84476600
2000-09-25,18.742475509643555,30.625,31.75,30.21875,31.625,53484200
2000-09-26,19.182350158691406,31.34375,32.9375,30.21875,30.46875,155704800
2000-09-27,18.551223754882812,30.3125,31.78125,29.90625,31.71875,106155600
2000-09-28,18.761606216430664,30.65625,30.9375,30.3125,30.40625,52360400
2000-09-29,18.455602645874023,30.15625,30.65625,29.3125,30.5,74053600
2000-10-02,18.092222213745117,29.5625,30.40625,29.125,30.25,58562400
2000-10-03,17.308107376098633,28.28125,29.90625,28.25,29.78125,85374000
2000-10-04,16.96385955810547,27.71875,28.28125,27.25,28.1875,136453400
2000-10-05,16.94472885131836,27.6875,28.625,27.625,27.75,81099400
2000-10-06,17.002099990844727,27.78125,28.375,27.375,27.90625,61794000
2000-10-09,16.58135986328125,27.09375,27.875,26.5,27.8125,58323600
2000-10-10,16.696104049682617,27.28125,27.78125,26.90625,26.96875,62066200
2000-10-11,17.059478759765625,27.875,28.46875,27.0,27.0,101205800
2000-10-12,16.63874053955078,27.1875,28.4375,26.90625,28.15625,90219600
2000-10-13,16.447479248046875,26.875,27.4375,26.0625,26.9375,104521200
2000-10-16,15.414739608764648,25.1875,26.90625,24.78125,26.75,119759000
2000-10-17,15.433856010437012,25.21875,26.21875,25.125,25.9375,81276600
2000-10-18,15.835485458374023,25.875,26.625,24.21875,24.8125,110536400
2000-10-19,18.933725357055664,30.9375,31.09375,29.0,29.21875,256993200
2000-10-20,19.947351455688477,32.59375,33.0625,30.5625,30.65625,160378600
2000-10-23,19.010225296020508,31.0625,33.125,30.34375,32.3125,185170400
2000-10-24,18.8189754486084,30.75,31.46875,30.09375,31.3125,94427400
2000-10-25,18.742475509643555,30.625,31.71875,30.21875,30.96875,167603800
2000-10-26,19.717849731445312,32.21875,32.53125,30.40625,30.5,114826600
2000-10-27,20.71234893798828,33.84375,34.59375,32.3125,32.34375,124292400
2000-10-30,21.133100509643555,34.53125,35.0625,33.6875,33.75,110057600
2000-10-31,21.075729370117188,34.4375,34.75,34.0,34.5,104474000
2000-11-01,21.305227279663086,34.8125,35.03125,34.21875,34.25,81309400
2000-11-02,21.515592575073242,35.15625,35.421875,34.8125,35.1875,77985200
2000-11-03,20.884477615356445,34.125,34.8125,34.03125,34.625,68711000
2000-11-06,21.266986846923828,34.75,35.0625,34.125,34.34375,74851400
2000-11-07,21.57297706604004,35.25,35.9375,34.75,34.875,104331200
2000-11-08,21.24785041809082,34.71875,36.1875,34.0,35.5625,206149400
2000-11-09,21.687726974487305,35.4375,35.65625,34.21875,34.25,91058600
2000-11-10,20.616729736328125,33.6875,35.15625,33.40625,34.96875,93744400
2000-11-13,20.329853057861328,33.21875,34.0625,32.203125,33.34375,83364800
2000-11-14,21.056602478027344,34.40625,34.90625,33.65625,34.0,84218600
2000-11-15,21.439096450805664,35.03125,35.4375,34.34375,34.53125,60422200
2000-11-16,21.0948543548584,34.46875,35.75,34.46875,34.71875,92128600
2000-11-17,21.133100509643555,34.53125,35.0,33.8984375,34.71875,106525600
2000-11-20,20.55935287475586,33.59375,34.25,32.78125,34.0625,80157200
2000-11-21,20.73147964477539,33.875,34.625,33.6875,33.6875,59487600
2000-11-22,20.884477615356445,34.125,34.75,33.0,33.03125,76343200
2000-11-24,21.400856018066406,34.96875,35.21875,34.25,34.5,34439200
2000-11-27,21.63035011291504,35.34375,36.125,35.3125,35.71875,85307600
2000-11-28,20.501972198486328,33.5,34.875,33.40625,34.6875,127446200
2000-11-29,19.909101486206055,32.53125,33.5625,31.625,33.40625,98280400
2000-11-30,17.556726455688477,28.6875,31.03125,28.5,31.0,197200800
2000-12-01,17.32723045349121,28.3125,30.3125,28.03125,29.03125,109809800
2000-12-04,17.269855499267578,28.21875,29.5,27.59375,28.625,80407200
2000-12-05,18.32172966003418,29.9375,30.25,29.125,29.59375,101734400
2000-12-06,17.346351623535156,28.34375,30.03125,28.03125,30.0,90560800
2000-12-07,16.256235122680664,26.5625,27.0,26.125,26.71875,145308400
2000-12-08,16.65785789489746,27.21875,27.9375,26.71875,27.3125,120939800
2000-12-11,17.767107009887695,29.03125,29.375,27.5,27.75,95576200
2000-12-12,17.862733840942383,29.1875,30.0,28.375,28.90625,63106000
2000-12-13,17.51847267150879,28.625,30.25,28.40625,30.25,98360400
2000-12-14,16.982982635498047,27.75,29.3671875,27.6875,28.96875,71201400
2000-12-15,15.05135440826416,24.59375,26.0,23.875,25.5234375,116899800
2000-12-18,14.630607604980469,23.90625,25.0,23.5,24.5,107187400
2000-12-19,13.712614059448242,22.40625,24.0,22.25,23.71875,120271800
2000-12-20,12.69898509979248,20.75,22.0,20.6875,21.40625,149037800
2000-12-21,13.291855812072754,21.71875,22.5625,20.15625,20.375,163173000
2000-12-22,14.209859848022461,23.21875,23.5625,22.375,22.375,109551800
2000-12-26,14.343738555908203,23.4375,24.28125,22.9375,23.4375,66941600
2000-12-27,14.209859848022461,23.21875,23.40625,22.5,23.0625,69003800
2000-12-28,13.636110305786133,22.28125,23.125,21.9375,22.5625,77619200
2000-12-29,13.272736549377441,21.6875,22.90625,21.5,21.96875,99977600
2001-01-02,13.272736549377441,21.6875,22.5,21.4375,22.0625,82413200
2001-01-03,14.66886043548584,23.96875,24.4375,21.5625,21.59375,135962200
2001-01-04,14.821855545043945,24.21875,25.25,23.4375,23.90625,112397000
2001-01-05,15.032227516174316,24.5625,24.9375,23.78125,24.25,93414600
2001-01-08,14.974855422973633,24.46875,24.875,23.34375,24.46875,79817600
2001-01-09,15.854606628417969,25.90625,26.3125,24.875,25.0,114965400
2001-01-10,16.17972755432129,26.4375,26.90625,25.375,25.5,90230200
2001-01-11,16.829973220825195,27.5,27.875,26.15625,26.5,101854800
2001-01-12,16.37097930908203,26.75,27.5,26.25,27.4375,73712000
2001-01-16,16.084110260009766,26.28125,26.75,25.5625,26.6875,68462400
2001-01-17,16.198848724365234,26.46875,27.4375,26.28125,26.8125,72844200
2001-01-18,16.982982635498047,27.75,28.09375,26.3125,26.84375,109788800
2001-01-19,18.665973663330078,30.5,30.71875,29.4375,30.0,209348800
2001-01-22,18.398231506347656,30.0625,30.5,29.5,30.375,76673000
2001-01-23,18.5321044921875,30.28125,30.46875,29.46875,29.875,70295200
2001-01-24,19.258853912353516,31.46875,31.71875,30.375,30.5,110455000
2001-01-25,18.914602279663086,30.90625,32.0,30.78125,31.375,85657400
2001-01-26,19.583980560302734,32.0,32.15625,30.5,30.5,93080000
2001-01-29,19.73697853088379,32.25,32.3125,31.75,31.78125,84983800
2001-01-30,19.39272689819336,31.6875,32.375,31.4375,32.25,57276800
2001-01-31,18.685104370117188,30.53125,31.875,30.5,31.5,81898800
2001-02-01,19.086727142333984,31.1875,31.3125,30.1875,30.40625,71792800
2001-02-02,18.608610153198242,30.40625,31.6875,30.375,31.25,71100000
2001-02-05,18.95285415649414,30.96875,31.03125,30.125,30.375,51399200
2001-02-06,19.144105911254883,31.28125,31.90625,30.84375,31.03125,96442000
2001-02-07,19.794357299804688,32.34375,32.53125,30.90625,31.0,126061800
2001-02-08,19.048477172851562,31.125,32.25,31.0,31.875,88041200
2001-02-09,18.092222213745117,29.5625,30.78125,29.25,30.65625,100575200
2001-02-12,17.977479934692383,29.375,29.71875,28.59375,29.40625,71289400
2001-02-13,17.805349349975586,29.09375,30.53125,29.0625,29.8125,76070600
2001-02-14,17.862733840942383,29.1875,29.5,28.1875,28.8125,61728400
2001-02-15,17.996599197387695,29.40625,30.09375,28.9375,29.5,65627800
2001-02-16,17.53761100769043,28.65625,29.125,28.0625,28.5,66958400
2001-02-20,17.097726821899414,27.9375,29.125,27.6875,28.6875,60730800
2001-02-21,17.212486267089844,28.125,29.03125,27.59375,27.625,63947200
2001-02-22,16.88736343383789,27.59375,28.40625,26.9375,28.15625,100816400
2001-02-23,17.36548614501953,28.375,28.75,27.15625,27.21875,92620600
2001-02-26,18.22611427307129,29.78125,29.96875,28.6875,28.8125,87936800
2001-02-27,18.168725967407227,29.6875,30.59375,29.3359375,29.6875,99148600
2001-02-28,18.05398178100586,29.5,30.0390625,29.09375,29.78125,84608400
2001-03-01,18.163955688476562,29.6796875,29.75,28.125,29.28125,81781600
2001-03-02,17.346351623535156,28.34375,29.0625,28.21875,28.75,79800800
2001-03-05,17.575857162475586,28.71875,29.3125,28.28125,28.625,49383600
2001-03-06,18.187849044799805,29.71875,30.0,29.1875,29.3125,66781800
2001-03-07,18.570350646972656,30.34375,30.5625,29.65625,29.9375,59743600
2001-03-08,18.130475997924805,29.625,30.296875,29.21875,30.15625,54626000
2001-03-09,17.346351623535156,28.34375,29.09375,27.4375,28.96875,103794400
2001-03-12,15.892854690551758,25.96875,27.5,25.8125,27.34375,114376000
2001-03-13,16.58135986328125,27.09375,27.375,26.0,26.09375,91035600
2001-03-14,16.523977279663086,27.0,27.625,26.09375,26.25,90686200
2001-03-15,16.428354263305664,26.84375,28.0390625,26.75,27.65625,71638400
2001-03-16,16.696104049682617,27.28125,27.5625,26.2421875,26.25,112848800
2001-03-19,16.619592666625977,27.15625,27.75,26.5625,27.25,61036400
2001-03-20,16.122356414794922,26.34375,28.0625,26.3125,27.28125,91822800
2001-03-21,15.319110870361328,25.03125,26.625,24.875,26.125,124988600
2001-03-22,16.523977279663086,27.0,27.03125,25.25,25.28125,126363200
2001-03-23,17.308107376098633,28.28125,28.5,27.1875,27.46875,99519600
2001-03-26,17.15509796142578,28.03125,28.75,27.78125,28.5625,63118600
2001-03-27,17.824481964111328,29.125,29.28125,27.9375,28.03125,95135600
2001-03-28,17.002099990844727,27.78125,28.96875,27.6875,28.6875,78681600
2001-03-29,16.94472885131836,27.6875,28.59375,27.28125,27.6875,86985000
2001-03-30,16.734355926513672,27.34375,28.09375,26.9375,27.875,91201600
2001-04-02,17.078601837158203,27.90625,28.46875,27.3125,27.40625,75924000
2001-04-03,16.332725524902344,26.6875,27.65625,26.375,27.65625,94187600
2001-04-04,15.892854690551758,25.96875,27.5,25.53125,26.6875,104046600
2001-04-05,17.36548614501953,28.375,28.6875,26.75,26.875,113364000
2001-04-06,17.193349838256836,28.09375,28.59375,27.53125,28.1875,92622000
2001-04-09,17.487886428833008,28.575000762939453,28.709999084472656,27.829999923706055,28.28499984741211,56295600
2001-04-10,18.262060165405273,29.84000015258789,30.045000076293945,28.889999389648438,28.975000381469727,109199400
2001-04-11,18.372224807739258,30.020000457763672,30.75,29.850000381469727,30.325000762939453,109879600
2001-04-12,19.02705955505371,31.09000015258789,31.155000686645508,29.674999237060547,29.780000686645508,87520000
2001-04-16,18.60171890258789,30.395000457763672,30.790000915527344,30.059999465942383,30.700000762939453,65857400
2001-04-17,18.812862396240234,30.739999771118164,31.05500030517578,30.020000457763672,30.260000228881836,85149200
2001-04-18,20.021562576293945,32.71500015258789,33.154998779296875,31.5,31.69499969482422,156696400
2001-04-19,20.820220947265625,34.02000045776367,34.5,32.875,32.904998779296875,159375600
2001-04-20,21.113977432250977,34.5,35.54999923706055,34.25,35.150001525878906,192919600
2001-04-23,20.884477615356445,34.125,34.23500061035156,33.45000076293945,34.05500030517578,92171200
2001-04-24,20.670286178588867,33.775001525878906,34.96500015258789,33.56999969482422,34.099998474121094,89176600
2001-04-25,21.325122833251953,34.845001220703125,34.89500045776367,33.625,33.78499984741211,76744000
2001-04-26,21.15375518798828,34.564998626708984,35.5,34.125,35.03499984741211,118737600
2001-04-27,20.5386962890625,33.560001373291016,34.84000015258789,33.10499954223633,34.76499938964844,121572400
2001-04-30,20.73147964477539,33.875,34.529998779296875,33.84000015258789,34.26499938964844,74368200
2001-05-01,21.472002029418945,35.084999084472656,35.150001525878906,33.79999923706055,33.83000183105469,83702800
2001-05-02,21.346525192260742,34.880001068115234,35.57500076293945,34.67499923706055,35.5,92864400
2001-05-03,20.97015953063965,34.26499938964844,35.09000015258789,34.06999969482422,34.625,66273400
2001-05-04,21.64946937561035,35.375,35.525001525878906,33.97999954223633,34.0,119538400
2001-05-07,21.842256546020508,35.689998626708984,36.07500076293945,35.349998474121094,35.415000915527344,109356200
2001-05-08,22.05033302307129,36.029998779296875,36.04999923706055,35.375,35.875,75084000
2001-05-09,21.54237937927246,35.20000076293945,35.650001525878906,34.93000030517578,35.619998931884766,76676600
2001-05-10,21.41997528076172,35.0,35.619998931884766,34.97999954223633,35.564998626708984,64334600
2001-05-11,21.236371994018555,34.70000076293945,35.0,34.32500076293945,34.97999954223633,51128800
2001-05-14,21.02829933166504,34.36000061035156,34.599998474121094,34.150001525878906,34.564998626708984,44968000
2001-05-15,20.890602111816406,34.1349983215332,34.650001525878906,34.0,34.369998931884766,61385600
2001-05-16,21.162940979003906,34.58000183105469,34.939998626708984,33.665000915527344,33.849998474121094,91893800
2001-05-17,20.85999298095703,34.084999084472656,35.06999969482422,33.775001525878906,34.54999923706055,106984800
2001-05-18,20.835512161254883,34.04499816894531,34.599998474121094,33.625,33.845001220703125,90605400
2001-05-21,21.049715042114258,34.39500045776367,34.994998931884766,33.875,34.025001525878906,103491600
2001-05-22,21.514833450317383,35.154998779296875,35.17499923706055,34.59000015258789,34.724998474121094,83455600
2001-05-23,21.328176498413086,34.849998474121094,35.79999923706055,34.755001068115234,35.19499969482422,93637400
2001-05-24,21.946292877197266,35.86000061035156,35.88999938964844,34.6349983215332,34.970001220703125,80781600
2001-05-25,21.698434829711914,35.45500183105469,35.95000076293945,35.18000030517578,35.83000183105469,52747600
2001-05-29,21.524015426635742,35.16999816894531,35.875,35.025001525878906,35.400001525878906,71210800
2001-05-30,21.172115325927734,34.595001220703125,35.290000915527344,34.32500076293945,34.779998779296875,86501800
2001-05-31,21.169048309326172,34.59000015258789,35.189998626708984,34.20000076293945,34.744998931884766,70682600
2001-06-01,21.524015426635742,35.16999816894531,35.349998474121094,34.349998474121094,34.79999923706055,57587600
2001-06-04,21.658655166625977,35.38999938964844,35.5099983215332,34.900001525878906,35.275001525878906,43736600
2001-06-05,22.2155818939209,36.29999923706055,36.540000915527344,35.25,35.380001068115234,89454200
2001-06-06,22.142131805419922,36.18000030517578,36.7400016784668,35.775001525878906,36.44499969482422,80022800
2001-06-07,22.546051025390625,36.84000015258789,36.8650016784668,36.040000915527344,36.060001373291016,66960000
2001-06-08,22.396108627319336,36.595001220703125,36.875,36.025001525878906,36.849998474121094,51867000
2001-06-11,22.068696975708008,36.060001373291016,36.42499923706055,35.755001068115234,36.42499923706055,47345600
2001-06-12,22.05644989013672,36.040000915527344,36.20500183105469,35.404998779296875,35.5099983215332,66714600
2001-06-13,21.63112449645996,35.345001220703125,36.150001525878906,35.31999969482422,36.025001525878906,55302400
2001-06-14,21.083377838134766,34.45000076293945,35.275001525878906,34.20000076293945,35.11000061035156,71972400
2001-06-15,20.814088821411133,34.0099983215332,34.150001525878906,33.20000076293945,33.755001068115234,108354400
2001-06-18,20.465248107910156,33.439998626708984,33.97999954223633,33.005001068115234,33.974998474121094,56846800
2001-06-19,20.599903106689453,33.65999984741211,34.42499923706055,33.42499923706055,34.10499954223633,63457400
2001-06-20,21.239444732666016,34.70500183105469,34.79499816894531,33.54999923706055,33.56999969482422,64108400
2001-06-21,21.37101936340332,34.91999816894531,35.275001525878906,34.459999084472656,34.57500076293945,69603800
2001-06-22,21.06194496154785,34.415000915527344,35.30500030517578,34.290000915527344,35.0,51092000
2001-06-25,21.068077087402344,34.42499923706055,34.904998779296875,33.8849983215332,34.54999923706055,49215600
2001-06-26,21.46281623840332,35.06999969482422,35.10499954223633,33.849998474121094,33.90999984741211,63077000
2001-06-27,21.76881980895996,35.56999969482422,35.76499938964844,34.68000030517578,34.93000030517578,69199800
2001-06-28,22.25841522216797,36.369998931884766,38.07500076293945,35.26499938964844,35.775001525878906,128975600
2001-06-29,22.337976455688477,36.5,36.70500183105469,35.70000076293945,36.29999923706055,94283800
2001-07-02,21.603578567504883,35.29999923706055,36.57500076293945,35.07500076293945,36.025001525878906,72810200
2001-07-03,21.563798904418945,35.23500061035156,35.400001525878906,34.96500015258789,35.150001525878906,28037400
2001-07-05,20.964027404785156,34.255001068115234,35.36000061035156,34.220001220703125,35.11000061035156,49242600
2001-07-06,20.214332580566406,33.029998779296875,34.20000076293945,32.834999084472656,34.150001525878906,67467800
2001-07-09,20.10112190246582,32.845001220703125,33.45500183105469,32.52000045776367,33.099998474121094,66476600
2001-07-10,19.73085594177246,32.2400016784668,33.125,32.17499923706055,32.95000076293945,66562600
2001-07-11,20.34897804260254,33.25,33.375,32.099998474121094,32.10499954223633,73822600
2001-07-12,21.909568786621094,35.79999923706055,36.025001525878906,35.165000915527344,35.349998474121094,128078000
2001-07-13,21.83001708984375,35.66999816894531,36.0,35.470001220703125,35.70000076293945,58934600
2001-07-16,21.781057357788086,35.59000015258789,36.08000183105469,35.07500076293945,35.724998474121094,55990800
2001-07-17,21.976896286010742,35.90999984741211,36.005001068115234,35.06999969482422,35.33000183105469,63241000
2001-07-18,21.594398498535156,35.28499984741211,35.75,34.935001373291016,35.29999923706055,57590800
2001-07-19,22.206390380859375,36.28499984741211,36.5,35.61000061035156,35.61000061035156,76549400
2001-07-20,21.169048309326172,34.59000015258789,34.70000076293945,33.970001220703125,34.01499938964844,124203600
2001-07-23,20.529521942138672,33.54499816894531,34.619998931884766,33.17499923706055,34.619998931884766,79999400
2001-07-24,20.293893814086914,33.15999984741211,33.994998931884766,32.849998474121094,33.5,67530200
2001-07-25,20.64885902404785,33.7400016784668,33.7599983215332,32.80500030517578,33.130001068115234,74065400
2001-07-26,20.37651252746582,33.29499816894531,33.65999984741211,32.75,33.560001373291016,77974000
2001-07-27,20.033796310424805,32.73500061035156,33.125,32.525001525878906,33.025001525878906,65396000
2001-07-30,20.134784698486328,32.900001525878906,33.439998626708984,32.77000045776367,32.82500076293945,42196400
2001-07-31,20.254114151000977,33.095001220703125,33.69499969482422,32.92499923706055,33.005001068115234,59031600
2001-08-01,20.339797973632812,33.23500061035156,33.404998779296875,32.880001068115234,33.400001525878906,55679000
2001-08-02,20.639667510986328,33.724998474121094,33.77000045776367,33.130001068115234,33.60499954223633,54198400
2001-08-03,20.46832275390625,33.44499969482422,33.68000030517578,33.0,33.650001525878906,43260400
2001-08-06,20.235755920410156,33.064998626708984,33.560001373291016,32.84000015258789,33.26499938964844,27831600
2001-08-07,20.303071975708008,33.17499923706055,33.525001525878906,32.994998931884766,33.02000045776367,31347800
2001-08-08,19.84714126586914,32.43000030517578,33.619998931884766,32.244998931884766,33.255001068115234,54996400
2001-08-09,19.893043518066406,32.505001068115234,32.775001525878906,32.150001525878906,32.4900016784668,45536200
2001-08-10,20.04909896850586,32.7599983215332,32.93000030517578,31.450000762939453,32.3849983215332,51756400
2001-08-13,20.143953323364258,32.915000915527344,32.994998931884766,32.375,32.619998931884766,32675400
2001-08-14,19.795120239257812,32.345001220703125,33.04499816894531,32.224998474121094,32.875,36481200
2001-08-15,19.33917808532715,31.600000381469727,32.525001525878906,31.600000381469727,32.35499954223633,39503000
2001-08-16,19.77370262145996,32.310001373291016,32.35499954223633,31.350000381469727,31.420000076293945,43905600
2001-08-17,18.935260772705078,30.940000534057617,32.064998626708984,30.75,31.889999389648438,52234200
2001-08-20,19.186182022094727,31.350000381469727,31.375,30.549999237060547,30.829999923706055,48371200
2001-08-21,18.59865951538086,30.389999389648438,31.600000381469727,30.354999542236328,31.350000381469727,47111800
2001-08-22,18.561939239501953,30.329999923706055,30.575000762939453,29.540000915527344,30.565000534057617,78107200
2001-08-23,18.090700149536133,29.559999465942383,30.764999389648438,29.5,30.334999084472656,51813200
2001-08-24,18.987276077270508,31.024999618530273,31.139999389648438,29.614999771118164,29.799999237060547,63399000
2001-08-27,19.06683921813965,31.155000686645508,31.68000030517578,30.78499984741211,30.950000762939453,44562800
2001-08-28,18.586421966552734,30.3700008392334,31.475000381469727,30.290000915527344,31.170000076293945,47422800
2001-08-29,18.436481475830078,30.125,30.649999618530273,29.770000457763672,30.524999618530273,48170000
2001-08-30,17.42361831665039,28.469999313354492,29.829999923706055,28.260000228881836,29.520000457763672,97632000
2001-08-31,17.457273483276367,28.524999618530273,29.030000686645508,28.149999618530273,28.424999237060547,57900800
2001-09-04,17.16657829284668,28.049999237060547,29.540000915527344,28.03499984741211,28.594999313354492,67189200
2001-09-05,17.66841697692871,28.8700008392334,29.19499969482422,27.69499969482422,28.09000015258789,89470600
2001-09-06,17.14210319519043,28.010000228881836,29.19499969482422,27.950000762939453,28.280000686645508,112356800
2001-09-07,16.952383041381836,27.700000762939453,28.68000030517578,27.655000686645508,28.05500030517578,89863800
2001-09-10,17.61945915222168,28.790000915527344,28.975000381469727,27.350000381469727,27.459999084472656,84471800
2001-09-17,16.190433502197266,26.454999923706055,27.549999237060547,26.399999618530273,27.010000228881836,127502000
2001-09-18,16.62190055847168,27.15999984741211,27.5,26.584999084472656,26.704999923706055,83182600
2001-09-19,16.484195709228516,26.934999465942383,27.350000381469727,25.299999237060547,27.229999542236328,126950200
2001-09-20,15.53254222869873,25.3799991607666,26.30500030517578,25.334999084472656,26.174999237060547,117983200
2001-09-21,15.211243629455566,24.854999542236328,25.299999237060547,23.75,23.959999084472656,184976600
2001-09-24,15.91504192352295,26.0049991607666,26.225000381469727,24.934999465942383,25.325000762939453,85580200
2001-09-25,15.697774887084961,25.649999618530273,26.5,25.079999923706055,26.135000228881836,84940600
2001-09-26,15.382600784301758,25.135000228881836,25.899999618530273,24.774999618530273,25.7549991607666,58524400
2001-09-27,15.287747383117676,24.979999542236328,25.34000015258789,24.0,25.049999237060547,81191200
2001-09-28,15.657999992370605,25.584999084472656,25.795000076293945,24.489999771118164,24.809999465942383,116641200
2001-10-01,15.847721099853516,25.895000457763672,26.25,25.204999923706055,25.469999313354492,69999600
2001-10-02,16.233280181884766,26.524999618530273,26.774999618530273,25.780000686645508,25.815000534057617,80860800
2001-10-03,17.20635986328125,28.114999771118164,28.46500015258789,26.200000762939453,26.239999771118164,97199200
2001-10-04,17.270620346069336,28.219999313354492,29.200000762939453,28.104999542236328,28.459999084472656,101778000
2001-10-05,17.662309646606445,28.860000610351562,29.0,27.469999313354492,28.079999923706055,80844400
2001-10-08,17.76021385192871,29.020000457763672,29.325000762939453,28.3700008392334,28.399999618530273,60605800
2001-10-09,16.695344924926758,27.280000686645508,28.78499984741211,27.094999313354492,28.75,99477600
2001-10-10,16.986034393310547,27.7549991607666,27.875,26.5,26.799999237060547,86349200
2001-10-11,17.23390007019043,28.15999984741211,28.420000076293945,27.295000076293945,27.8799991607666,83742600
2001-10-12,17.25226402282715,28.190000534057617,28.31999969482422,27.274999618530273,27.850000381469727,63307000
2001-10-15,17.766345977783203,29.030000686645508,29.25,27.924999237060547,27.950000762939453,68437000
2001-10-16,17.885679244995117,29.225000381469727,29.454999923706055,28.604999542236328,28.934999465942383,66169000
2001-10-17,17.145158767700195,28.014999389648438,29.649999618530273,27.989999771118164,29.559999465942383,73710600
2001-10-18,17.36548614501953,28.375,28.790000915527344,27.75,28.170000076293945,78348000
2001-10-19,17.717388153076172,28.950000762939453,29.0049991607666,27.815000534057617,28.700000762939453,91219600
2001-10-22,18.408933639526367,30.079999923706055,30.09000015258789,28.735000610351562,28.950000762939453,72323600
2001-10-23,18.49155616760254,30.21500015258789,30.719999313354492,29.700000762939453,30.235000610351562,80325000
2001-10-24,18.763896942138672,30.65999984741211,30.809999465942383,29.809999465942383,30.25,79141400
2001-10-25,19.143335342407227,31.280000686645508,31.299999237060547,29.78499984741211,30.30500030517578,75318200
2001-10-26,19.033180236816406,31.100000381469727,31.815000534057617,31.040000915527344,31.15999984741211,64509400
2001-10-29,18.24981689453125,29.81999969482422,31.100000381469727,29.770000457763672,31.049999237060547,55129400
2001-10-30,18.017263412475586,29.440000534057617,29.770000457763672,29.094999313354492,29.459999084472656,57395600
2001-10-31,17.79388427734375,29.075000762939453,30.364999771118164,29.049999237060547,29.649999618530273,64700000
2001-11-01,18.923015594482422,30.920000076293945,31.125,29.799999237060547,30.040000915527344,109671200
2001-11-02,18.788375854492188,30.700000762939453,31.510000228881836,30.2549991607666,30.96500015258789,83360000
2001-11-05,19.360595703125,31.635000228881836,32.01499938964844,30.875,30.93000030517578,66401600
2001-11-06,19.822650909423828,32.38999938964844,32.470001220703125,31.079999923706055,31.350000381469727,68612000
2001-11-07,19.660478591918945,32.125,32.525001525878906,32.01499938964844,32.11000061035156,58899000
2001-11-08,19.71250343322754,32.209999084472656,33.029998779296875,31.829999923706055,32.22999954223633,74227800
2001-11-09,19.954238891601562,32.60499954223633,32.82500076293945,31.954999923706055,32.16999816894531,48013600
2001-11-12,20.13170623779297,32.89500045776367,33.220001220703125,31.825000762939453,32.349998474121094,57752800
2001-11-13,20.77737808227539,33.95000076293945,33.974998474121094,33.29999923706055,33.400001525878906,60159600
2001-11-14,20.18067741394043,32.974998474121094,34.16999816894531,32.89500045776367,34.1150016784668,88625600
2001-11-15,20.232696533203125,33.060001373291016,33.525001525878906,32.724998474121094,33.04999923706055,77922000
2001-11-16,20.119476318359375,32.875,33.30500030517578,32.474998474121094,33.18000030517578,59249000
2001-11-19,20.361217498779297,33.27000045776367,33.48500061035156,32.849998474121094,33.125,56005000
2001-11-20,20.012386322021484,32.70000076293945,33.900001525878906,32.51499938964844,33.224998474121094,65921800
2001-11-21,19.599279403686523,32.025001525878906,32.29999923706055,31.739999771118164,32.18000030517578,50785200
2001-11-23,19.801237106323242,32.35499954223633,32.404998779296875,31.809999465942383,32.189998626708984,15754600
2001-11-26,19.932825088500977,32.56999969482422,32.85499954223633,32.20000076293945,32.494998931884766,41983600
2001-11-27,19.504417419433594,31.8700008392334,32.53499984741211,31.375,32.39500045776367,90819000
2001-11-28,19.216773986816406,31.399999618530273,32.060001373291016,31.364999771118164,31.584999084472656,54536600
2001-11-29,19.84100914001465,32.41999816894531,32.45000076293945,31.475000381469727,31.559999465942383,54034400
2001-11-30,19.64824676513672,32.10499954223633,32.540000915527344,31.96500015258789,32.33000183105469,48234200
2001-12-03,19.819591522216797,32.3849983215332,32.6150016784668,31.899999618530273,31.915000915527344,47211800
2001-12-04,20.19597053527832,33.0,33.040000915527344,32.04999923706055,32.5,51005800
2001-12-05,20.838577270507812,34.04999923706055,34.084999084472656,32.599998474121094,33.244998931884766,74243000
2001-12-06,21.006866455078125,34.32500076293945,34.5,33.775001525878906,33.9900016784668,56026200
2001-12-07,20.755958557128906,33.915000915527344,34.41999816894531,33.275001525878906,34.125,42334800
2001-12-10,20.52033805847168,33.529998779296875,34.224998474121094,33.43000030517578,33.7599983215332,38367400
2001-12-11,20.599903106689453,33.65999984741211,34.064998626708984,33.53499984741211,33.83000183105469,54334000
2001-12-12,20.79266929626465,33.974998474121094,33.9900016784668,33.125,33.58000183105469,47884200
2001-12-13,20.278600692749023,33.1349983215332,34.119998931884766,33.03499984741211,33.564998626708984,53227800
2001-12-14,20.636621475219727,33.720001220703125,33.974998474121094,32.96500015258789,33.0099983215332,43000600
2001-12-17,21.107860565185547,34.4900016784668,34.55500030517578,33.58000183105469,33.584999084472656,57079800
2001-12-18,21.19660186767578,34.6349983215332,34.70000076293945,34.29999923706055,34.459999084472656,47255200
2001-12-19,21.26390838623047,34.744998931884766,34.94499969482422,34.224998474121094,34.310001373291016,56996200
2001-12-20,20.42853546142578,33.380001068115234,34.625,33.310001373291016,34.57500076293945,78585000
2001-12-21,20.667217254638672,33.77000045776367,34.0099983215332,33.5,34.005001068115234,84307600
2001-12-24,20.584592819213867,33.6349983215332,34.01499938964844,33.599998474121094,33.86000061035156,11701600
2001-12-26,20.71004295349121,33.84000015258789,34.53499984741211,33.69499969482422,33.709999084472656,29328000
2001-12-27,20.762069702148438,33.92499923706055,34.35499954223633,33.630001068115234,33.9900016784668,32406600
2001-12-28,20.76820182800293,33.935001373291016,34.42499923706055,33.849998474121094,34.1150016784668,28787200
2001-12-31,20.272480010986328,33.125,34.2400016784668,33.125,33.91999816894531,43006200
2002-01-02,20.514217376708984,33.52000045776367,33.55500030517578,32.755001068115234,33.32500076293945,48124000
2002-01-03,21.18436050415039,34.6150016784668,34.625,33.54499816894531,33.55500030517578,67590800
2002-01-04,21.083377838134766,34.45000076293945,34.95500183105469,34.334999084472656,34.625,52731400
2002-01-07,20.979333877563477,34.279998779296875,35.0099983215332,34.17499923706055,34.875,58508800
2002-01-08,21.230255126953125,34.689998626708984,34.93000030517578,34.0,34.345001220703125,47736400
2002-01-09,21.025230407714844,34.35499954223633,35.310001373291016,34.275001525878906,34.86000061035156,76304000
2002-01-10,21.19964599609375,34.63999938964844,34.900001525878906,34.064998626708984,34.2400016784668,50296600
2002-01-11,20.994630813598633,34.30500030517578,35.15999984741211,34.04999923706055,34.7599983215332,72993200
2002-01-14,20.951784133911133,34.23500061035156,34.52000045776367,33.869998931884766,34.150001525878906,50997800
2002-01-15,21.28228187561035,34.775001525878906,34.810001373291016,34.25,34.33000183105469,60717400
2002-01-16,20.76820182800293,33.935001373291016,34.91999816894531,33.92499923706055,34.42499923706055,61955400
2002-01-17,21.377134323120117,34.93000030517578,35.0,34.20000076293945,34.26499938964844,78958000
2002-01-18,20.22657012939453,33.04999923706055,33.92499923706055,32.709999084472656,33.54999923706055,107140400
2002-01-22,19.72473907470703,32.22999954223633,33.314998626708984,32.125,33.30500030517578,76837200
2002-01-23,19.504417419433594,31.8700008392334,32.35499954223633,31.6200008392334,32.025001525878906,80403000
2002-01-24,19.767580032348633,32.29999923706055,32.59000015258789,31.899999618530273,32.04999923706055,83886000
2002-01-25,19.522775650024414,31.899999618530273,32.42499923706055,31.7549991607666,32.095001220703125,48981200
2002-01-28,19.528902053833008,31.90999984741211,32.20000076293945,31.454999923706055,32.1150016784668,41622000
2002-01-29,19.069902420043945,31.15999984741211,32.25,30.9950008392334,31.950000762939453,58666000
2002-01-30,19.232072830200195,31.424999237060547,31.450000762939453,30.665000915527344,31.225000381469727,66100000
2002-01-31,19.495237350463867,31.854999542236328,31.905000686645508,31.059999465942383,31.530000686645508,69566200
2002-02-01,19.17393684387207,31.329999923706055,32.25,31.235000610351562,32.07500076293945,63462200
2002-02-04,18.702701568603516,30.559999465942383,31.344999313354492,30.375,31.200000762939453,70308400
2002-02-05,18.711872100830078,30.575000762939453,31.114999771118164,30.25,30.399999618530273,66772600
2002-02-06,18.482378005981445,30.200000762939453,30.94499969482422,30.125,30.80500030517578,66103000
2002-02-07,18.298770904541016,29.899999618530273,30.80500030517578,29.875,30.149999618530273,63314000
2002-02-08,18.558870315551758,30.325000762939453,30.329999923706055,29.415000915527344,30.059999465942383,61283000
2002-02-11,18.70575714111328,30.565000534057617,30.6200008392334,29.795000076293945,30.0049991607666,50899600
2002-02-12,18.402812957763672,30.06999969482422,30.424999237060547,30.010000228881836,30.2450008392334,44973800
2002-02-13,18.916906356811523,30.90999984741211,30.940000534057617,29.975000381469727,30.1299991607666,54168600
2002-02-14,18.874055862426758,30.84000015258789,31.4950008392334,30.65999984741211,31.0,57267000
2002-02-15,18.43036651611328,30.114999771118164,31.030000686645508,30.100000381469727,30.850000381469727,50179800
2002-02-19,18.03255844116211,29.46500015258789,30.06999969482422,29.299999237060547,29.954999923706055,52262600
2002-02-20,18.329378128051758,29.950000762939453,30.18000030517578,29.399999618530273,29.700000762939453,50492000
2002-02-21,17.76327896118164,29.024999618530273,30.135000228881836,29.0049991607666,29.860000610351562,59398400
2002-02-22,17.744911193847656,28.9950008392334,29.375,28.575000762939453,29.024999618530273,71347800
2002-02-25,18.07846450805664,29.540000915527344,29.94499969482422,28.94499969482422,28.969999313354492,51832200
2002-02-26,17.916278839111328,29.274999618530273,30.0,28.950000762939453,29.549999237060547,63276200
2002-02-27,17.86731719970703,29.19499969482422,30.075000762939453,28.9950008392334,29.53499984741211,65750000
2002-02-28,17.85202407836914,29.170000076293945,29.850000381469727,29.06999969482422,29.389999389648438,68068000
2002-03-01,18.779203414916992,30.684999465942383,30.709999084472656,29.424999237060547,29.524999618530273,62115600
2002-03-04,19.369781494140625,31.649999618530273,31.75,30.434999465942383,30.6200008392334,74464200
2002-03-05,19.30246353149414,31.540000915527344,31.940000534057617,31.170000076293945,31.5,55926400
2002-03-06,19.470762252807617,31.815000534057617,31.850000381469727,31.094999313354492,31.454999923706055,49835400
2002-03-07,19.192298889160156,31.360000610351562,31.940000534057617,30.93000030517578,31.834999084472656,58079200
2002-03-08,19.56867027282715,31.975000381469727,32.349998474121094,31.584999084472656,31.815000534057617,57701800
2002-03-11,19.688020706176758,32.16999816894531,32.5,31.5,31.7549991607666,43718200
2002-03-12,19.137210845947266,31.270000457763672,31.399999618530273,30.834999084472656,31.260000228881836,66407200
2002-03-13,19.002580642700195,31.049999237060547,31.510000228881836,30.975000381469727,31.040000915527344,44387400
2002-03-14,18.73329734802246,30.610000610351562,31.1200008392334,30.524999618530273,31.06999969482422,51819600
2002-03-15,19.121917724609375,31.2450008392334,31.2549991607666,30.485000610351562,30.5,69086800
2002-03-18,19.014812469482422,31.06999969482422,31.4950008392334,30.600000381469727,31.3700008392334,52296800
2002-03-19,19.042356491088867,31.114999771118164,31.5,30.75,31.09000015258789,36376400
2002-03-20,18.390579223632812,30.049999237060547,31.010000228881836,30.049999237060547,30.700000762939453,55235200
2002-03-21,18.776138305664062,30.68000030517578,30.795000076293945,29.915000915527344,30.104999542236328,46123400
2002-03-22,18.497684478759766,30.225000381469727,30.56999969482422,30.110000610351562,30.524999618530273,41341400
2002-03-25,18.124357223510742,29.614999771118164,30.389999389648438,29.575000762939453,30.239999771118164,47752400
2002-03-26,18.07846450805664,29.540000915527344,30.459999084472656,29.155000686645508,29.549999237060547,69357200
2002-03-27,18.18862533569336,29.719999313354492,29.940000534057617,29.295000076293945,29.399999618530273,47318400
2002-03-28,18.454843521118164,30.155000686645508,30.325000762939453,29.829999923706055,29.975000381469727,43901200
2002-04-01,18.47626304626465,30.190000534057617,30.200000762939453,29.600000381469727,29.915000915527344,47010000
2002-04-02,17.52766227722168,28.639999389648438,29.545000076293945,28.55500030517578,29.450000762939453,76509400
2002-04-03,17.236967086791992,28.165000915527344,28.80500030517578,27.75,28.719999313354492,76931400
2002-04-04,17.273681640625,28.225000381469727,28.485000610351562,27.709999084472656,27.989999771118164,61763800
2002-04-05,17.0961971282959,27.934999465942383,28.649999618530273,27.920000076293945,28.44499969482422,50166000
2002-04-08,17.509292602539062,28.610000610351562,28.655000686645508,27.1299991607666,27.149999618530273,73389600
2002-04-09,16.790205001831055,27.434999465942383,28.71500015258789,27.399999618530273,28.665000915527344,63413000
2002-04-10,17.22777557373047,28.149999618530273,28.55500030517578,27.530000686645508,27.559999465942383,75636400
2002-04-11,16.765718460083008,27.395000457763672,28.225000381469727,27.25,27.94499969482422,58165800
2002-04-12,17.114553451538086,27.96500015258789,28.1299991607666,27.43000030517578,27.575000762939453,52297600
2002-04-15,17.041114807128906,27.844999313354492,28.375,27.700000762939453,28.0,47388800
2002-04-16,17.68984031677246,28.905000686645508,29.049999237060547,28.18000030517578,28.200000762939453,51921600
2002-04-17,17.328758239746094,28.315000534057617,29.139999389648438,28.209999084472656,28.975000381469727,55158600
2002-04-18,17.249197006225586,28.184999465942383,28.655000686645508,26.34000015258789,28.395000457763672,74794800
2002-04-19,17.50318145751953,28.600000381469727,28.989999771118164,28.43000030517578,28.719999313354492,104268600
2002-04-22,17.010515213012695,27.795000076293945,28.350000381469727,27.5,28.260000228881836,51465200
2002-04-23,16.520917892456055,26.9950008392334,27.90999984741211,26.649999618530273,27.850000381469727,68281400
2002-04-24,16.22410011291504,26.510000228881836,27.21500015258789,26.5,26.924999237060547,61220400
2002-04-25,16.441362380981445,26.864999771118164,27.225000381469727,26.440000534057617,26.450000762939453,57290400
2002-04-26,15.758986473083496,25.75,27.225000381469727,25.729999542236328,27.03499984741211,62776600
2002-04-29,15.985417366027832,26.1200008392334,26.454999923706055,25.719999313354492,25.735000610351562,70246000
2002-04-30,15.991546630859375,26.1299991607666,26.649999618530273,25.959999084472656,26.049999237060547,77384000
2002-05-01,16.1414852142334,26.375,26.594999313354492,25.329999923706055,26.079999923706055,76413000
2002-05-02,15.670249938964844,25.604999542236328,27.03499984741211,25.575000762939453,26.31999969482422,79009200
2002-05-03,15.165346145629883,24.780000686645508,25.84000015258789,24.7549991607666,25.6299991607666,71628000
2002-05-06,14.877706527709961,24.309999465942383,25.270000457763672,24.184999465942383,24.719999313354492,66299400
2002-05-07,15.137802124023438,24.735000610351562,25.145000457763672,24.174999237060547,24.59000015258789,88385400
2002-05-08,16.820798873901367,27.485000610351562,27.485000610351562,25.610000610351562,25.635000228881836,101242000
2002-05-09,15.948698997497559,26.059999465942383,27.5,25.950000762939453,27.200000762939453,83288200
2002-05-10,15.315277099609375,25.024999618530273,26.334999084472656,24.9950008392334,26.264999389648438,64408800
2002-05-13,16.12312126159668,26.344999313354492,26.454999923706055,24.875,25.225000381469727,64819000
2002-05-14,16.79326057434082,27.440000534057617,27.549999237060547,26.989999771118164,27.200000762939453,64832400
2002-05-15,16.753480911254883,27.375,28.219999313354492,26.93000030517578,27.2450008392334,70412000
2002-05-16,17.05642318725586,27.8700008392334,28.014999389648438,27.325000762939453,27.354999542236328,53406400
2002-05-17,17.145158767700195,28.014999389648438,28.200000762939453,27.635000228881836,28.104999542236328,54646200
2002-05-20,16.52703285217285,27.0049991607666,27.774999618530273,26.75,27.75,52115800
2002-05-21,15.970123291015625,26.094999313354492,27.299999237060547,26.065000534057617,26.975000381469727,63120000
2002-05-22,16.429119110107422,26.844999313354492,26.860000610351562,25.924999237060547,25.934999465942383,54169400
2002-05-23,16.774904251098633,27.40999984741211,27.420000076293945,26.5049991607666,26.850000381469727,51412800
2002-05-24,16.297544479370117,26.6299991607666,27.260000228881836,26.520000457763672,27.06999969482422,35982000
2002-05-28,16.009897232055664,26.15999984741211,26.844999313354492,25.875,26.795000076293945,49602000
2002-05-29,15.927282333374023,26.024999618530273,26.360000610351562,25.774999618530273,25.825000762939453,45393200
2002-05-30,16.107820510864258,26.31999969482422,26.68000030517578,25.71500015258789,25.81999969482422,63213000
2002-05-31,15.578431129455566,25.454999923706055,26.709999084472656,25.440000534057617,26.450000762939453,66468000
2002-06-03,15.122501373291016,24.709999084472656,25.81999969482422,24.584999084472656,25.4950008392334,88439000
2002-06-04,15.293866157531738,24.989999771118164,25.614999771118164,24.6200008392334,24.75,88008400
2002-06-05,15.807944297790527,25.829999923706055,25.875,25.165000915527344,25.21500015258789,66969400
2002-06-06,15.881379127502441,25.950000762939453,26.06999969482422,25.0,25.75,78703400
2002-06-07,15.90585994720459,25.989999771118164,26.299999237060547,24.93000030517578,24.94499969482422,97834400
2002-06-10,16.162899017333984,26.40999984741211,26.649999618530273,25.729999542236328,25.825000762939453,71825400
2002-06-11,16.08640480041504,26.28499984741211,27.09000015258789,26.209999084472656,26.6200008392334,74368200
2002-06-12,16.995220184326172,27.770000457763672,27.889999389648438,26.25,26.290000915527344,136198600
2002-06-13,16.5913028717041,27.110000610351562,27.739999771118164,27.100000381469727,27.420000076293945,79771600
2002-06-14,16.906482696533203,27.625,27.774999618530273,26.5,26.575000762939453,109433600
2002-06-17,17.038063049316406,27.84000015258789,28.219999313354492,27.684999465942383,27.829999923706055,94486600
2002-06-18,17.132919311523438,27.9950008392334,28.145000457763672,27.674999237060547,27.764999389648438,77518400
2002-06-19,16.63414192199707,27.18000030517578,27.969999313354492,27.15999984741211,27.735000610351562,81247000
2002-06-20,16.55457878112793,27.049999237060547,27.549999237060547,26.950000762939453,27.184999465942383,86401200
2002-06-21,15.997660636901855,26.139999389648438,27.274999618530273,26.139999389648438,26.700000762939453,116820000
2002-06-24,16.572946548461914,27.079999923706055,27.31999969482422,25.924999237060547,26.045000076293945,104523200
2002-06-25,16.20268440246582,26.475000381469727,27.5,26.399999618530273,27.350000381469727,84025200
2002-06-26,16.56376838684082,27.065000534057617,27.19499969482422,25.524999618530273,25.524999618530273,112131400
2002-06-27,16.80549430847168,27.459999084472656,27.469999313354492,26.43000030517578,27.299999237060547,95812400
2002-06-28,16.738187789916992,27.350000381469727,27.895000457763672,27.0,27.274999618530273,89555600
2002-07-01,16.113937377929688,26.329999923706055,27.19499969482422,26.290000915527344,27.059999465942383,66473800
2002-07-02,15.740623474121094,25.719999313354492,26.459999084472656,25.665000915527344,26.190000534057617,82814200
2002-07-03,15.863024711608887,25.920000076293945,26.260000228881836,25.225000381469727,25.6200008392334,80936600
2002-07-05,16.784082412719727,27.424999237060547,27.450000762939453,26.524999618530273,26.545000076293945,35673600
2002-07-08,16.193500518798828,26.459999084472656,27.46500015258789,26.290000915527344,27.204999923706055,63199400
2002-07-09,16.282238006591797,26.604999542236328,27.364999771118164,26.485000610351562,26.655000686645508,85277200
2002-07-10,15.985417366027832,26.1200008392334,27.100000381469727,26.065000534057617,26.844999313354492,90673400
2002-07-11,16.190433502197266,26.454999923706055,26.53499984741211,25.625,26.020000457763672,129550600
2002-07-12,15.869144439697266,25.93000030517578,26.864999771118164,25.739999771118164,26.684999465942383,95733800
2002-07-15,15.850780487060547,25.899999618530273,25.93000030517578,24.0,25.69499969482422,136965600
2002-07-16,15.682483673095703,25.625,26.399999618530273,25.31999969482422,25.655000686645508,97154600
2002-07-17,15.911985397338867,26.0,26.649999618530273,25.584999084472656,26.260000228881836,98034800
2002-07-18,15.639638900756836,25.55500030517578,26.3700008392334,25.329999923706055,26.030000686645508,91053600
2002-07-19,15.165346145629883,24.780000686645508,25.44499969482422,24.405000686645508,24.934999465942383,112543400
2002-07-22,14.538045883178711,23.7549991607666,24.9950008392334,22.950000762939453,24.475000381469727,180069800
2002-07-23,13.161042213439941,21.5049991607666,23.399999618530273,21.485000610351562,23.2450008392334,168061600
2002-07-24,14.146364212036133,23.114999771118164,23.18000030517578,20.704999923706055,20.875,202307800
2002-07-25,13.105960845947266,21.415000915527344,22.854999542236328,21.219999313354492,22.725000381469727,163411400
2002-07-26,13.877082824707031,22.674999237060547,22.704999923706055,21.84000015258789,21.8700008392334,123538000
2002-07-29,14.764480590820312,24.125,24.149999618530273,23.274999618530273,23.424999237060547,112148600
2002-07-30,14.718584060668945,24.049999237060547,24.415000915527344,23.665000915527344,23.774999618530273,122690600
2002-07-31,14.681864738464355,23.989999771118164,24.0,23.18000030517578,23.80500030517578,93875600
2002-08-01,13.99948501586914,22.875,24.045000076293945,22.75,23.790000915527344,92002800
2002-08-02,13.589444160461426,22.204999923706055,22.924999237060547,21.899999618530273,22.7549991607666,85947600
2002-08-05,13.460920333862305,21.9950008392334,22.584999084472656,21.905000686645508,22.145000457763672,78941600
2002-08-06,13.974996566772461,22.834999084472656,23.625,22.420000076293945,22.450000762939453,88715800
2002-08-07,14.40952205657959,23.545000076293945,23.649999618530273,22.579999923706055,23.5,86349400
2002-08-08,14.96643352508545,24.454999923706055,24.5,23.204999923706055,23.55500030517578,88748000
2002-08-09,14.72470760345459,24.059999465942383,24.575000762939453,23.829999923706055,24.075000762939453,69049400
2002-08-12,14.831808090209961,24.235000610351562,24.375,23.799999237060547,23.80500030517578,56866600
2002-08-13,14.400347709655762,23.530000686645508,24.850000381469727,23.459999084472656,23.9950008392334,100122800
2002-08-14,15.211243629455566,24.854999542236328,24.864999771118164,23.604999542236328,23.625,96706000
2002-08-15,15.229608535766602,24.885000228881836,25.3700008392334,24.375,24.979999542236328,98745600
2002-08-16,15.299983978271484,25.0,25.114999771118164,24.459999084472656,24.71500015258789,69334000
2002-08-19,15.911985397338867,26.0,26.024999618530273,24.924999237060547,25.020000457763672,79848200
2002-08-20,15.618226051330566,25.520000457763672,25.850000381469727,25.375,25.690000534057617,70317600
2002-08-21,15.997660636901855,26.139999389648438,26.190000534057617,25.575000762939453,25.780000686645508,81203400
2002-08-22,16.288362503051758,26.614999771118164,26.725000381469727,26.299999237060547,26.424999237060547,72517600
2002-08-23,15.97929859161377,26.110000610351562,26.424999237060547,25.920000076293945,26.329999923706055,57929200
2002-08-26,15.94258975982666,26.049999237060547,26.325000762939453,25.59000015258789,26.25,55652400
2002-08-27,15.557029724121094,25.420000076293945,26.225000381469727,25.325000762939453,26.165000915527344,65470200
2002-08-28,15.110259056091309,24.690000534057617,25.329999923706055,24.649999618530273,25.239999771118164,68875000
2002-08-29,15.477466583251953,25.290000915527344,25.5,24.260000228881836,24.44499969482422,94275600
2002-08-30,15.018468856811523,24.540000915527344,25.239999771118164,24.5,25.06999969482422,58138400
2002-09-03,14.388104438781738,23.510000228881836,24.260000228881836,23.5,24.260000228881836,74452600
2002-09-04,14.752243995666504,24.104999542236328,24.299999237060547,23.575000762939453,23.725000381469727,80232000
2002-09-05,14.048445701599121,22.954999923706055,23.760000228881836,22.940000534057617,23.75,90438800
2002-09-06,14.63290023803711,23.90999984741211,24.135000228881836,23.735000610351562,23.875,69918400
2002-09-09,14.902182579040527,24.350000381469727,24.475000381469727,23.315000534057617,23.625,81653200
2002-09-10,15.235719680786133,24.895000457763672,24.90999984741211,24.174999237060547,24.270000457763672,83950000
2002-09-11,14.86546516418457,24.290000915527344,25.549999237060547,24.264999389648438,25.114999771118164,77443200
2002-09-12,14.427885055541992,23.575000762939453,24.149999618530273,23.510000228881836,24.075000762939453,63726800
2002-09-13,14.660449028015137,23.954999923706055,24.1299991607666,23.424999237060547,23.450000762939453,59549200
2002-09-16,14.620660781860352,23.889999389648438,24.065000534057617,23.524999618530273,23.799999237060547,50166200
2002-09-17,14.470718383789062,23.645000457763672,24.450000762939453,23.604999542236328,24.334999084472656,73343400
2002-09-18,14.61147403717041,23.875,24.1200008392334,23.329999923706055,23.360000610351562,83951800
2002-09-19,14.443182945251465,23.600000381469727,23.90999984741211,23.295000076293945,23.34000015258789,77777600
2002-09-20,14.52273941040039,23.729999542236328,24.0,23.649999618530273,23.854999542236328,130619200
2002-09-23,13.840370178222656,22.614999771118164,23.354999542236328,22.405000686645508,23.299999237060547,89783800
2002-09-24,13.965826034545898,22.81999969482422,23.239999771118164,22.315000534057617,22.415000915527344,104142200
2002-09-25,14.232041358947754,23.2549991607666,23.479999542236328,22.524999618530273,23.200000762939453,107116600
2002-09-26,14.137185096740723,23.100000381469727,23.75,22.975000381469727,23.55500030517578,100852200
2002-09-27,13.846481323242188,22.625,23.549999237060547,22.594999313354492,23.020000457763672,81011600
2002-09-30,13.38442611694336,21.8700008392334,22.520000457763672,21.55500030517578,22.434999465942383,115577000
2002-10-01,14.146364212036133,23.114999771118164,23.125,21.594999313354492,22.15999984741211,110636600
2002-10-02,13.956644058227539,22.80500030517578,23.405000686645508,22.579999923706055,23.049999237060547,103488600
2002-10-03,13.708788871765137,22.399999618530273,23.295000076293945,22.299999237060547,22.649999618530273,105221400
2002-10-04,13.393608093261719,21.885000228881836,22.78499984741211,21.844999313354492,22.69499969482422,107120400
2002-10-07,13.479287147521973,22.024999618530273,22.530000686645508,21.844999313354492,21.905000686645508,89790000
2002-10-08,13.766927719116211,22.4950008392334,22.989999771118164,22.065000534057617,22.375,115667600
2002-10-09,13.460920333862305,21.9950008392334,22.725000381469727,21.905000686645508,22.114999771118164,123142600
2002-10-10,14.192266464233398,23.190000534057617,23.309999465942383,21.625,22.0,118515000
2002-10-11,14.95419979095459,24.434999465942383,24.450000762939453,23.5049991607666,23.68000030517578,108828800
2002-10-14,15.082724571228027,24.645000457763672,24.665000915527344,23.920000076293945,24.125,76216200
2002-10-15,16.000720977783203,26.145000457763672,26.184999465942383,25.325000762939453,25.6299991607666,133374200
2002-10-16,15.425446510314941,25.204999923706055,25.6299991607666,25.139999389648438,25.19499969482422,95437400
2002-10-17,15.535602569580078,25.385000228881836,26.25,25.024999618530273,26.139999389648438,182602400
2002-10-18,16.263887405395508,26.575000762939453,26.600000381469727,25.56999969482422,26.299999237060547,152817200
2002-10-21,16.068035125732422,26.2549991607666,26.4950008392334,25.68000030517578,25.985000610351562,112378600
2002-10-22,15.811001777648926,25.834999084472656,25.96500015258789,25.514999389648438,25.71500015258789,87159000
2002-10-23,16.279186248779297,26.600000381469727,26.6299991607666,25.71500015258789,25.71500015258789,110866600
2002-10-24,15.676360130310059,25.614999771118164,26.684999465942383,25.450000762939453,26.68000030517578,95833400
2002-10-25,16.120059967041016,26.34000015258789,26.399999618530273,25.579999923706055,25.625,75425800
2002-10-28,15.896688461303711,25.975000381469727,26.75,25.7549991607666,26.700000762939453,79906600
2002-10-29,15.933403015136719,26.03499984741211,26.2450008392334,25.424999237060547,26.075000762939453,90517200
2002-10-30,16.25164031982422,26.55500030517578,26.69499969482422,25.815000534057617,26.100000381469727,94451200
2002-10-31,16.361801147460938,26.735000610351562,27.03499984741211,26.424999237060547,26.594999313354492,105973800
2002-11-01,16.21797752380371,26.5,26.6200008392334,25.950000762939453,26.21500015258789,105097800
2002-11-04,17.16657829284668,28.049999237060547,28.625,27.760000228881836,28.375,139964200
2002-11-05,17.344064712524414,28.34000015258789,28.399999618530273,27.790000915527344,27.889999389648438,76658200
2002-11-06,17.4511661529541,28.514999389648438,28.549999237060547,27.764999389648438,28.4950008392334,115407000
2002-11-07,17.139036178588867,28.0049991607666,28.309999465942383,27.75,28.100000381469727,73699600
2002-11-08,16.860578536987305,27.549999237060547,28.274999618530273,27.5049991607666,28.0,64522200
2002-11-11,16.48114585876465,26.93000030517578,27.549999237060547,26.90999984741211,27.53499984741211,58341200
2002-11-12,16.68004035949707,27.2549991607666,27.71500015258789,26.950000762939453,27.049999237060547,81398600
2002-11-13,16.94013786315918,27.68000030517578,27.96500015258789,27.05500030517578,27.1200008392334,107370200
2002-11-14,17.43892478942871,28.4950008392334,28.5,27.934999465942383,27.9950008392334,78337000
2002-11-15,17.347110748291016,28.344999313354492,28.459999084472656,27.834999084472656,28.299999237060547,77533600
2002-11-18,17.090084075927734,27.924999237060547,28.514999389648438,27.8700008392334,28.475000381469727,58086400
2002-11-19,16.787137985229492,27.43000030517578,27.899999618530273,27.155000686645508,27.774999618530273,76403400
2002-11-20,17.325698852539062,28.309999465942383,28.450000762939453,27.46500015258789,27.5049991607666,76435400
2002-11-21,17.699016571044922,28.920000076293945,29.0,28.389999389648438,28.489999771118164,82922200
2002-11-22,17.8153018951416,29.110000610351562,29.149999618530273,28.524999618530273,28.725000381469727,70002000
2002-11-25,17.8183536529541,29.114999771118164,29.31999969482422,28.78499984741211,29.030000686645508,61583000
2002-11-26,17.411378860473633,28.450000762939453,29.125,28.389999389648438,28.81999969482422,68650400
2002-11-27,17.7724552154541,29.040000915527344,29.30500030517578,28.700000762939453,28.799999237060547,55191800
2002-11-29,17.650062561035156,28.84000015258789,29.315000534057617,28.84000015258789,29.21500015258789,28393000
2002-12-02,17.653108596801758,28.844999313354492,29.479999542236328,28.5049991607666,29.325000762939453,63735000
2002-12-03,17.35323715209961,28.354999542236328,28.674999237060547,28.204999923706055,28.639999389648438,58457400
2002-12-04,17.30121612548828,28.270000457763672,28.719999313354492,27.90999984741211,28.065000534057617,83892000
2002-12-05,16.93402099609375,27.670000076293945,28.545000076293945,27.649999618530273,28.475000381469727,68435800
2002-12-06,16.97380256652832,27.735000610351562,27.8700008392334,27.110000610351562,27.434999465942383,71670200
2002-12-09,16.380159378051758,26.764999389648438,27.610000610351562,26.7549991607666,27.5,63862800
2002-12-10,16.52703285217285,27.0049991607666,27.239999771118164,26.739999771118164,26.780000686645508,63730200
2002-12-11,16.725936889648438,27.329999923706055,27.5049991607666,26.790000915527344,26.924999237060547,69186200
2002-12-12,16.575998306274414,27.084999084472656,27.530000686645508,26.844999313354492,27.5,55242000
2002-12-13,16.06498146057129,26.25,26.875,26.2450008392334,26.84000015258789,65245400
2002-12-16,16.670856475830078,27.239999771118164,27.274999618530273,26.334999084472656,26.5,60140400
2002-12-17,16.63414192199707,27.18000030517578,27.4950008392334,26.889999389648438,27.209999084472656,49549800
2002-12-18,16.380159378051758,26.764999389648438,27.200000762939453,26.395000457763672,26.920000076293945,62709400
2002-12-19,16.25164031982422,26.55500030517578,27.375,26.440000534057617,26.625,82686600
2002-12-20,16.230222702026367,26.520000457763672,26.860000610351562,26.475000381469727,26.7450008392334,98294600
2002-12-23,16.523977279663086,27.0,27.139999389648438,26.450000762939453,26.524999618530273,48798400
2002-12-24,16.468900680541992,26.90999984741211,27.114999771118164,26.760000228881836,26.770000457763672,18386000
2002-12-26,16.337326049804688,26.69499969482422,27.344999313354492,26.584999084472656,27.014999389648438,37228000
2002-12-27,16.208799362182617,26.485000610351562,27.0,26.450000762939453,26.639999389648438,40891600
2002-12-30,16.1414852142334,26.375,26.6200008392334,26.135000228881836,26.5049991607666,48019600
2002-12-31,15.820188522338867,25.850000381469727,26.4950008392334,25.6299991607666,26.3700008392334,58208800
2003-01-02,16.438295364379883,26.860000610351562,26.875,25.854999542236328,26.149999618530273,67025200
2003-01-03,16.4597225189209,26.895000457763672,26.899999618530273,26.440000534057617,26.795000076293945,55546800
2003-01-06,16.75960350036621,27.385000228881836,27.614999771118164,26.899999618530273,27.010000228881836,59456200
2003-01-07,17.07478141784668,27.899999618530273,28.0049991607666,27.34000015258789,27.459999084472656,80517400
2003-01-08,16.5974178314209,27.1200008392334,27.774999618530273,27.05500030517578,27.684999465942383,64566000
2003-01-09,17.077842712402344,27.905000686645508,27.959999084472656,27.264999389648438,27.360000610351562,61808000
2003-01-10,17.11150360107422,27.959999084472656,28.149999618530273,27.450000762939453,27.549999237060547,67730200
2003-01-13,17.25532341003418,28.19499969482422,28.375,27.885000228881836,28.260000228881836,60817800
2003-01-14,17.432802200317383,28.485000610351562,28.5,28.094999313354492,28.165000915527344,54206400
2003-01-15,17.21859359741211,28.135000228881836,28.65999984741211,28.094999313354492,28.5,59622600
2003-01-16,16.93708610534668,27.674999237060547,28.325000762939453,27.55500030517578,28.15999984741211,81371000
2003-01-17,15.746737480163574,25.729999542236328,26.5,25.655000686645508,26.469999313354492,155876000
2003-01-21,15.706954002380371,25.665000915527344,26.075000762939453,25.645000457763672,25.934999465942383,86159200
2003-01-22,15.605986595153809,25.5,26.200000762939453,25.454999923706055,25.795000076293945,86948000
2003-01-23,15.997660636901855,26.139999389648438,26.270000457763672,25.729999542236328,25.975000381469727,71374800
2003-01-24,15.254077911376953,24.924999237060547,26.024999618530273,24.850000381469727,26.014999389648438,103027000
2003-01-27,15.046006202697754,24.584999084472656,25.299999237060547,24.204999923706055,24.65999984741211,114838600
2003-01-28,14.93890380859375,24.40999984741211,24.850000381469727,24.280000686645508,24.844999313354492,86151200
2003-01-29,15.272440910339355,24.954999923706055,25.020000457763672,23.96500015258789,24.364999771118164,106884000
2003-01-30,14.76142692565918,24.1200008392334,25.084999084472656,24.094999313354492,25.079999923706055,87877400
2003-01-31,14.52273941040039,23.729999542236328,24.174999237060547,23.514999389648438,23.725000381469727,106858400
2003-02-03,14.859343528747559,24.280000686645508,24.549999237060547,23.729999542236328,23.96500015258789,80129800
2003-02-04,14.479905128479004,23.65999984741211,23.969999313354492,23.440000534057617,23.899999618530273,81854800
2003-02-05,14.36974048614502,23.479999542236328,24.264999389648438,23.364999771118164,23.915000915527344,101072000
2003-02-06,14.510499000549316,23.709999084472656,23.809999465942383,23.280000686645508,23.43000030517578,83312000
2003-02-07,14.253463745117188,23.290000915527344,23.975000381469727,23.204999923706055,23.940000534057617,75208000
2003-02-10,14.498263359069824,23.690000534057617,23.760000228881836,23.270000457763672,23.399999618530273,74081400
2003-02-11,14.210622787475586,23.219999313354492,23.834999084472656,23.0,23.649999618530273,84292000
2003-02-12,14.210622787475586,23.219999313354492,23.549999237060547,23.1299991607666,23.274999618530273,71315200
2003-02-13,14.378923416137695,23.4950008392334,23.559999465942383,23.065000534057617,23.204999923706055,73558200
2003-02-14,14.779780387878418,24.149999618530273,24.25,23.385000228881836,23.625,90446400
2003-02-18,15.275500297546387,24.959999084472656,24.989999771118164,24.399999618530273,24.6200008392334,57415500
2003-02-19,15.060613632202148,24.530000686645508,24.8799991607666,24.170000076293945,24.81999969482422,46902700
2003-02-20,14.821166038513184,24.139999389648438,24.8700008392334,24.100000381469727,24.770000457763672,50897200
2003-02-21,15.122015953063965,24.6299991607666,24.799999237060547,23.700000762939453,24.290000915527344,56853200
2003-02-24,14.778191566467285,24.06999969482422,24.5,23.84000015258789,24.440000534057617,62403700
2003-02-25,14.851868629455566,24.190000534057617,24.270000457763672,23.3799991607666,23.540000915527344,68113000
2003-02-26,14.495762825012207,23.610000610351562,24.469999313354492,23.579999923706055,24.06999969482422,57096000
2003-02-27,14.477338790893555,23.579999923706055,24.209999084472656,23.299999237060547,23.899999618530273,75434300
2003-02-28,14.551024436950684,23.700000762939453,24.06999969482422,23.549999237060547,23.739999771118164,56585400
2003-03-03,14.452788352966309,23.540000915527344,24.1200008392334,23.399999618530273,24.020000457763672,50653500
2003-03-04,14.164223670959473,23.06999969482422,23.65999984741211,23.059999465942383,23.579999923706055,56605700
2003-03-05,14.391390800476074,23.440000534057617,23.549999237060547,23.049999237060547,23.06999969482422,55415900
2003-03-06,14.28702163696289,23.270000457763672,23.5,23.1299991607666,23.170000076293945,54607600
2003-03-07,14.46506404876709,23.559999465942383,23.790000915527344,22.899999618530273,22.950000762939453,66167600
2003-03-10,14.09054946899414,22.950000762939453,23.459999084472656,22.889999389648438,23.309999465942383,48413600
2003-03-11,13.998449325561523,22.799999237060547,23.260000228881836,22.760000228881836,23.059999465942383,53990700
2003-03-12,14.360684394836426,23.389999389648438,23.440000534057617,22.549999237060547,22.809999465942383,72379500
2003-03-13,15.146562576293945,24.670000076293945,24.739999771118164,23.440000534057617,23.719999313354492,80701300
2003-03-14,15.26322078704834,24.860000610351562,24.959999084472656,24.260000228881836,24.68000030517578,75451400
2003-03-17,15.920169830322266,25.93000030517578,25.950000762939453,24.329999923706055,24.520000457763672,100983800
2003-03-18,15.987702369689941,26.040000915527344,26.040000915527344,25.5,25.889999389648438,78108800
2003-03-19,16.159616470336914,26.31999969482422,26.43000030517578,25.739999771118164,25.979999542236328,73652100
2003-03-20,16.116640090942383,26.25,26.520000457763672,25.670000076293945,26.020000457763672,71798500
2003-03-21,16.31310272216797,26.56999969482422,26.799999237060547,26.030000686645508,26.75,85586800
2003-03-24,15.527233123779297,25.290000915527344,25.93000030517578,25.18000030517578,25.549999237060547,61105200
2003-03-25,15.650022506713867,25.489999771118164,25.75,25.030000686645508,25.600000381469727,63595100
2003-03-26,15.502668380737305,25.25,25.6200008392334,25.239999771118164,25.459999084472656,51673600
2003-03-27,15.373735427856445,25.040000915527344,25.260000228881836,24.59000015258789,24.940000534057617,60043300
2003-03-28,15.146562576293945,24.670000076293945,25.100000381469727,24.600000381469727,24.670000076293945,39584600
2003-03-31,14.864145278930664,24.209999084472656,24.709999084472656,24.010000228881836,24.25,71384000
2003-04-01,14.95009994506836,24.350000381469727,24.700000762939453,24.25,24.459999084472656,49803200
2003-04-02,15.791239738464355,25.719999313354492,26.0,25.100000381469727,25.100000381469727,68282500
2003-04-03,15.797369956970215,25.729999542236328,26.09000015258789,25.600000381469727,25.989999771118164,57394300
2003-04-04,15.404428482055664,25.09000015258789,25.799999237060547,24.93000030517578,25.760000228881836,55740600
2003-04-07,15.453546524047852,25.170000076293945,26.43000030517578,25.170000076293945,26.229999542236328,65627100
2003-04-08,15.705281257629395,25.579999923706055,25.829999923706055,25.200000762939453,25.309999465942383,54132100
2003-04-09,15.085177421569824,24.56999969482422,25.670000076293945,24.540000915527344,25.610000610351562,76875800
2003-04-10,15.097450256347656,24.59000015258789,24.790000915527344,24.280000686645508,24.709999084472656,51608900
2003-04-11,14.858001708984375,24.200000762939453,25.18000030517578,23.950000762939453,24.889999389648438,71565500
2003-04-14,15.201830863952637,24.760000228881836,24.8799991607666,24.0,24.270000457763672,51599600
2003-04-15,15.103589057922363,24.600000381469727,24.790000915527344,24.100000381469727,24.68000030517578,63399000
2003-04-16,15.300060272216797,24.920000076293945,25.739999771118164,24.600000381469727,25.600000381469727,86178700
2003-04-17,15.656161308288574,25.5,25.540000915527344,24.739999771118164,24.770000457763672,58356600
2003-04-21,15.478104591369629,25.209999084472656,25.610000610351562,25.079999923706055,25.610000610351562,41557800
2003-04-22,15.8157958984375,25.760000228881836,25.799999237060547,25.030000686645508,25.059999465942383,58844000
2003-04-23,15.791239738464355,25.719999313354492,25.989999771118164,25.469999313354492,25.75,55559300
2003-04-24,15.650022506713867,25.489999771118164,25.719999313354492,25.31999969482422,25.479999542236328,51703600
2003-04-25,15.4842529296875,25.219999313354492,25.639999389648438,25.170000076293945,25.329999923706055,53657400
2003-04-28,15.803511619567871,25.739999771118164,25.940000534057617,25.31999969482422,25.389999389648438,56287600
2003-04-29,15.840352058410645,25.799999237060547,26.25,25.68000030517578,25.950000762939453,65877300
2003-04-30,15.699141502380371,25.56999969482422,25.8799991607666,25.25,25.729999542236328,55566800
2003-05-01,15.791239738464355,25.719999313354492,25.950000762939453,25.34000015258789,25.540000915527344,42085800
2003-05-02,16.024545669555664,26.100000381469727,26.290000915527344,25.559999465942383,25.649999618530273,52695400
2003-05-05,15.877188682556152,25.860000610351562,26.389999389648438,25.84000015258789,26.25,50391500
2003-05-06,16.190317153930664,26.3700008392334,26.5,25.81999969482422,25.860000610351562,54299500
2003-05-07,15.957006454467773,25.989999771118164,26.350000381469727,25.84000015258789,26.110000610351562,49120000
2003-05-08,15.803511619567871,25.739999771118164,26.139999389648438,25.709999084472656,25.75,46401400
2003-05-09,16.18417739868164,26.360000610351562,26.5,25.889999389648438,25.899999618530273,58913600
2003-05-12,16.085941314697266,26.200000762939453,26.469999313354492,26.059999465942383,26.149999618530273,53900800
2003-05-13,15.957006454467773,25.989999771118164,26.200000762939453,25.889999389648438,26.040000915527344,44501900
2003-05-14,15.729838371276855,25.6200008392334,26.18000030517578,25.540000915527344,26.079999923706055,45021000
2003-05-15,15.83421516418457,25.790000915527344,26.010000228881836,25.56999969482422,25.850000381469727,45450200
2003-05-16,15.699141502380371,25.56999969482422,26.049999237060547,25.40999984741211,25.8799991607666,60620900
2003-05-19,15.201830863952637,24.760000228881836,25.540000915527344,24.739999771118164,25.399999618530273,55336300
2003-05-20,15.122015953063965,24.6299991607666,25.0,24.5,24.860000610351562,52677600
2003-05-21,14.75363540649414,24.030000686645508,24.709999084472656,23.889999389648438,24.6299991607666,108960900
2003-05-22,14.83344841003418,24.15999984741211,24.270000457763672,24.040000915527344,24.200000762939453,93157100
2003-05-23,14.870279312133789,24.219999313354492,24.540000915527344,24.030000686645508,24.200000762939453,76968000
2003-05-27,15.220246315002441,24.790000915527344,24.889999389648438,24.219999313354492,24.25,68486800
2003-05-28,14.986936569213867,24.40999984741211,24.8700008392334,24.299999237060547,24.780000686645508,91467000
2003-05-29,14.980803489685059,24.399999618530273,24.670000076293945,24.229999542236328,24.469999313354492,75451300
2003-05-30,15.10972785949707,24.610000610351562,24.90999984741211,24.510000228881836,24.729999542236328,85096700
2003-06-02,15.12814998626709,24.639999389648438,25.030000686645508,24.56999969482422,24.979999542236328,66310800
2003-06-03,15.275500297546387,24.8799991607666,24.920000076293945,24.56999969482422,24.75,61058200
2003-06-04,15.269355773925781,24.8700008392334,25.219999313354492,24.739999771118164,24.989999771118164,83484600
2003-06-05,14.790478706359863,24.09000015258789,24.520000457763672,24.010000228881836,24.469999313354492,115877900
2003-06-06,14.532600402832031,23.670000076293945,24.559999465942383,23.649999618530273,24.440000534057617,119629400
2003-06-09,14.581717491149902,23.75,23.979999542236328,23.600000381469727,23.719999313354492,73610000
2003-06-10,15.152709007263184,24.68000030517578,24.75,23.850000381469727,23.940000534057617,80655300
2003-06-11,15.275500297546387,24.8799991607666,24.959999084472656,24.420000076293945,24.670000076293945,75768600
2003-06-12,15.343047142028809,24.989999771118164,25.139999389648438,24.739999771118164,24.969999313354492,66177700
2003-06-13,15.134286880493164,24.649999618530273,25.25,24.489999771118164,25.200000762939453,55157500
2003-06-16,15.588621139526367,25.389999389648438,25.420000076293945,24.670000076293945,24.799999237060547,69658600
2003-06-17,15.938582420349121,25.959999084472656,26.139999389648438,25.530000686645508,25.639999389648438,122213900
2003-06-18,16.006128311157227,26.06999969482422,26.43000030517578,25.709999084472656,25.979999542236328,89957700
2003-06-19,16.006128311157227,26.06999969482422,26.389999389648438,26.010000228881836,26.09000015258789,63626900
2003-06-20,16.16575050354004,26.329999923706055,26.3799991607666,26.010000228881836,26.34000015258789,86048900
2003-06-23,15.828069686889648,25.780000686645508,26.239999771118164,25.489999771118164,26.139999389648438,52584500
2003-06-24,15.778953552246094,25.700000762939453,26.040000915527344,25.520000457763672,25.649999618530273,51820300
2003-06-25,15.508808135986328,25.260000228881836,25.989999771118164,25.139999389648438,25.639999389648438,60483500
2003-06-26,15.809656143188477,25.75,26.510000228881836,25.209999084472656,25.389999389648438,51758100
2003-06-27,15.735973358154297,25.6299991607666,26.34000015258789,25.530000686645508,25.950000762939453,76040300
2003-06-30,15.742116928100586,25.639999389648438,26.1200008392334,25.5,25.940000534057617,48073100
2003-07-01,16.05523681640625,26.149999618530273,26.200000762939453,25.389999389648438,25.59000015258789,60926000
2003-07-02,16.503440856933594,26.8799991607666,26.93000030517578,26.450000762939453,26.5,94069300
2003-07-03,16.27012825012207,26.5,26.950000762939453,26.40999984741211,26.690000534057617,39440900
2003-07-07,16.834976196289062,27.420000076293945,27.549999237060547,26.950000762939453,27.020000457763672,88960800
2003-07-08,17.00688934326172,27.700000762939453,27.799999237060547,27.25,27.260000228881836,61896800
2003-07-09,16.865673065185547,27.469999313354492,27.700000762939453,27.25,27.559999465942383,62300700
2003-07-10,16.521854400634766,26.90999984741211,27.420000076293945,26.59000015258789,27.25,55350800
2003-07-11,16.767438888549805,27.309999465942383,27.450000762939453,26.889999389648438,26.950000762939453,50377300
2003-07-14,16.822702407836914,27.399999618530273,27.809999465942383,27.049999237060547,27.6299991607666,60464400
2003-07-15,16.742889404296875,27.270000457763672,27.530000686645508,27.100000381469727,27.469999313354492,53567600
2003-07-16,16.896373748779297,27.520000457763672,27.6200008392334,27.200000762939453,27.559999465942383,49838900
2003-07-17,16.386781692504883,26.690000534057617,27.270000457763672,26.540000915527344,27.139999389648438,72805000
2003-07-18,16.50957489013672,26.889999389648438,27.229999542236328,26.75,27.110000610351562,63388400
2003-07-21,15.987702369689941,26.040000915527344,26.90999984741211,26.0,26.8700008392334,48480800
2003-07-22,16.196456909179688,26.3799991607666,26.559999465942383,26.1299991607666,26.280000686645508,51791000
2003-07-23,16.239431381225586,26.450000762939453,26.649999618530273,26.139999389648438,26.420000076293945,49828200
2003-07-24,15.96314525604248,26.0,26.920000076293945,25.979999542236328,26.780000686645508,53556600
2003-07-25,16.50957489013672,26.889999389648438,26.950000762939453,26.06999969482422,26.280000686645508,54173000
2003-07-28,16.33766746520996,26.610000610351562,27.0,26.489999771118164,26.940000534057617,52658300
2003-07-29,16.251705169677734,26.469999313354492,26.899999618530273,26.239999771118164,26.8799991607666,62391100
2003-07-30,16.10434913635254,26.229999542236328,26.56999969482422,26.170000076293945,26.459999084472656,41240300
2003-07-31,16.21487045288086,26.40999984741211,26.989999771118164,26.309999465942383,26.600000381469727,64504800
2003-08-01,16.06751823425293,26.170000076293945,26.510000228881836,26.1200008392334,26.329999923706055,42649700
2003-08-04,16.073659896850586,26.18000030517578,26.40999984741211,25.75,26.149999618530273,51825600
2003-08-05,15.754396438598633,25.65999984741211,26.540000915527344,25.600000381469727,26.309999465942383,58825800
2003-08-06,15.748249053955078,25.649999618530273,26.190000534057617,25.43000030517578,25.540000915527344,56294900
2003-08-07,15.7850923538208,25.709999084472656,25.809999465942383,25.450000762939453,25.719999313354492,44258500
2003-08-08,15.705281257629395,25.579999923706055,25.979999542236328,25.5,25.8799991607666,33241400
2003-08-11,15.723694801330566,25.610000610351562,25.989999771118164,25.540000915527344,25.610000610351562,36433900
2003-08-12,15.797369956970215,25.729999542236328,25.770000457763672,25.450000762939453,25.709999084472656,38208400
2003-08-13,15.71755313873291,25.600000381469727,25.889999389648438,25.5,25.790000915527344,39636900
2003-08-14,15.735973358154297,25.6299991607666,25.709999084472656,25.520000457763672,25.65999984741211,37338300
2003-08-15,15.680721282958984,25.540000915527344,25.65999984741211,25.43000030517578,25.610000610351562,27607900
2003-08-18,15.778953552246094,25.700000762939453,25.829999923706055,25.459999084472656,25.559999465942383,45817400
2003-08-19,16.343812942504883,26.6200008392334,26.649999618530273,25.770000457763672,25.850000381469727,72952900
2003-08-20,16.239431381225586,26.450000762939453,26.530000686645508,26.0,26.299999237060547,56739300
2003-08-21,16.11049461364746,26.239999771118164,26.729999542236328,26.1299991607666,26.649999618530273,63802700
2003-08-22,16.098217010498047,26.219999313354492,26.950000762939453,26.209999084472656,26.780000686645508,65846300
2003-08-25,16.27012825012207,26.5,26.540000915527344,26.229999542236328,26.309999465942383,36132900
2003-08-26,16.31310272216797,26.56999969482422,26.670000076293945,25.959999084472656,26.309999465942383,47546000
2003-08-27,16.221010208129883,26.420000076293945,26.579999923706055,26.299999237060547,26.510000228881836,30633900
2003-08-28,16.276268005371094,26.510000228881836,26.579999923706055,26.239999771118164,26.5,46211200
2003-08-29,16.282407760620117,26.520000457763672,26.549999237060547,26.350000381469727,26.459999084472656,34503000
2003-09-02,16.736751556396484,27.260000228881836,27.299999237060547,26.469999313354492,26.700000762939453,74168900
2003-09-03,17.37527084350586,28.299999237060547,28.399999618530273,27.3799991607666,27.420000076293945,109437800
2003-09-04,17.45509147644043,28.43000030517578,28.469999313354492,27.989999771118164,28.100000381469727,59840800
2003-09-05,17.424388885498047,28.3799991607666,28.75,28.170000076293945,28.229999542236328,64024500
2003-09-08,17.706811904907227,28.84000015258789,28.920000076293945,28.34000015258789,28.389999389648438,46105300
2003-09-09,17.418251037597656,28.3700008392334,28.709999084472656,28.309999465942383,28.649999618530273,44315200
2003-09-10,16.914796829223633,27.549999237060547,28.18000030517578,27.479999542236328,28.030000686645508,54763500
2003-09-11,17.09284210205078,27.84000015258789,28.110000610351562,27.59000015258789,27.65999984741211,37813300
2003-09-12,17.39982795715332,28.34000015258789,28.399999618530273,27.450000762939453,27.479999542236328,55777200
2003-09-15,17.412111282348633,28.360000610351562,28.610000610351562,28.329999923706055,28.3700008392334,41432300
2003-09-16,17.743648529052734,28.899999618530273,28.950000762939453,28.31999969482422,28.40999984741211,52060600
2003-09-17,17.498065948486328,28.5,28.950000762939453,28.469999313354492,28.760000228881836,47221600
2003-09-18,18.11203384399414,29.5,29.510000228881836,28.420000076293945,28.489999771118164,67268100
2003-09-19,18.39446258544922,29.959999084472656,29.969999313354492,29.520000457763672,29.760000228881836,92433800
2003-09-22,17.8480281829834,29.06999969482422,30.0,28.809999465942383,29.389999389648438,65678700
2003-09-23,18.173425674438477,29.600000381469727,29.709999084472656,28.8799991607666,29.1200008392334,57827800
2003-09-24,17.4735050201416,28.459999084472656,29.700000762939453,28.420000076293945,29.610000610351562,66336500
2003-09-25,17.338436126708984,28.239999771118164,28.959999084472656,28.219999313354492,28.469999313354492,56224500
2003-09-26,17.307735443115234,28.190000534057617,28.780000686645508,28.139999389648438,28.270000457763672,49864700
2003-09-29,17.70067596435547,28.829999923706055,28.90999984741211,28.100000381469727,28.40999984741211,47380300
2003-09-30,17.06828498840332,27.799999237060547,28.610000610351562,27.75,28.59000015258789,63333700
2003-10-01,17.51034164428711,28.520000457763672,28.6299991607666,27.809999465942383,28.030000686645508,58375900
2003-10-02,17.498065948486328,28.5,28.75,28.190000534057617,28.450000762939453,38143600
2003-10-03,17.854162216186523,29.079999923706055,29.459999084472656,28.93000030517578,29.15999984741211,57303000
2003-10-06,17.92169952392578,29.190000534057617,29.299999237060547,28.90999984741211,29.149999618530273,34047600
2003-10-07,17.89100456237793,29.139999389648438,29.3700008392334,28.920000076293945,29.010000228881836,52356800
2003-10-08,17.694530487060547,28.81999969482422,29.360000610351562,28.68000030517578,29.360000610351562,46989100
2003-10-09,17.76821517944336,28.940000534057617,29.350000381469727,28.799999237060547,29.219999313354492,62653300
2003-10-10,17.74979019165039,28.90999984741211,29.200000762939453,28.670000076293945,28.90999984741211,37604700
2003-10-13,17.669973373413086,28.780000686645508,29.100000381469727,28.5,28.979999542236328,39320300
2003-10-14,17.608579635620117,28.68000030517578,28.770000457763672,28.479999542236328,28.65999984741211,34851300
2003-10-15,17.948152542114258,29.06999969482422,29.260000228881836,28.700000762939453,29.200000762939453,57242100
2003-10-16,18.046934127807617,29.229999542236328,29.309999465942383,28.799999237060547,28.90999984741211,42232500
2003-10-17,17.86171531677246,28.93000030517578,29.290000915527344,28.799999237060547,29.280000686645508,49960000
2003-10-20,18.12103271484375,29.350000381469727,29.3700008392334,28.799999237060547,28.950000762939453,38794500
2003-10-21,18.12103271484375,29.350000381469727,29.43000030517578,29.170000076293945,29.350000381469727,44166800
2003-10-22,17.837011337280273,28.889999389648438,29.209999084472656,28.799999237060547,29.030000686645508,48798500
2003-10-23,17.84937286376953,28.90999984741211,29.079999923706055,28.100000381469727,28.719999313354492,67357900
2003-10-24,16.42932891845703,26.610000610351562,27.399999618530273,26.420000076293945,27.270000457763672,210558300
2003-10-27,16.614538192749023,26.90999984741211,27.100000381469727,26.81999969482422,26.90999984741211,65619100
2003-10-28,16.79359245300293,27.200000762939453,27.219999313354492,26.8799991607666,27.09000015258789,71752600
2003-10-29,16.509578704833984,26.739999771118164,27.25,26.65999984741211,27.15999984741211,73551500
2003-10-30,16.126787185668945,26.1200008392334,27.040000915527344,25.90999984741211,27.010000228881836,98729400
2003-10-31,16.13913917541504,26.139999389648438,26.440000534057617,26.110000610351562,26.3700008392334,69623700
2003-11-03,16.472543716430664,26.68000030517578,26.75,26.290000915527344,26.350000381469727,57772300
2003-11-04,16.09592056274414,26.06999969482422,26.6200008392334,26.010000228881836,26.59000015258789,84026100
2003-11-05,16.114442825317383,26.100000381469727,26.31999969482422,26.0,26.149999618530273,61514400
2003-11-06,16.194698333740234,26.229999542236328,26.299999237060547,26.0,26.260000228881836,68189800
2003-11-07,16.114442825317383,26.100000381469727,26.489999771118164,26.030000686645508,26.3799991607666,57822100
2003-11-10,16.05270004272461,26.0,26.229999542236328,26.0,26.1200008392334,54579100
2003-11-11,15.929216384887695,25.799999237060547,26.079999923706055,25.670000076293945,26.010000228881836,64990700
2003-11-12,16.040348052978516,25.979999542236328,26.139999389648438,25.600000381469727,25.850000381469727,75877300
2003-11-13,15.861296653747559,25.690000534057617,25.93000030517578,25.450000762939453,25.860000610351562,78949500
2003-11-14,15.74399471282959,25.5,26.020000457763672,25.440000534057617,25.700000762939453,83146400
2003-11-17,15.527896881103516,25.149999618530273,25.440000534057617,24.84000015258789,25.389999389648438,103900200
2003-11-18,15.527896881103516,25.149999618530273,25.84000015258789,25.1200008392334,25.329999923706055,106868300
2003-11-19,15.651382446289062,25.350000381469727,25.540000915527344,25.170000076293945,25.290000915527344,78853300
2003-11-20,15.497024536132812,25.100000381469727,25.6299991607666,25.079999923706055,25.170000076293945,106845700
2003-11-21,15.503207206726074,25.110000610351562,25.3799991607666,25.079999923706055,25.329999923706055,70712900
2003-11-24,15.885994911193848,25.729999542236328,25.809999465942383,25.280000686645508,25.329999923706055,99463800
2003-11-25,15.682254791259766,25.399999618530273,25.950000762939453,25.3799991607666,25.8700008392334,85663800
2003-11-26,15.713115692138672,25.450000762939453,25.6299991607666,25.31999969482422,25.610000610351562,69758400
2003-11-28,15.873651504516602,25.709999084472656,25.75,25.399999618530273,25.5,33402600
2003-12-01,15.953922271728516,25.84000015258789,26.209999084472656,25.5,25.899999618530273,101914600
2003-12-02,15.842778205871582,25.65999984741211,26.09000015258789,25.610000610351562,25.950000762939453,85121700
2003-12-03,15.848952293395996,25.670000076293945,26.06999969482422,25.6200008392334,25.81999969482422,93121600
2003-12-04,16.176176071166992,26.200000762939453,26.229999542236328,25.65999984741211,25.719999313354492,87202400
2003-12-05,16.040348052978516,25.979999542236328,26.479999542236328,25.920000076293945,25.959999084472656,96610900
2003-12-08,16.200876235961914,26.239999771118164,26.34000015258789,25.809999465942383,26.1200008392334,90504000
2003-12-09,16.287317276000977,26.3799991607666,26.610000610351562,26.25,26.440000534057617,103547100
2003-12-10,16.416975021362305,26.59000015258789,26.6299991607666,26.3799991607666,26.450000762939453,82853700
2003-12-11,16.42932891845703,26.610000610351562,26.770000457763672,26.280000686645508,26.59000015258789,79309000
2003-12-12,16.454015731811523,26.649999618530273,26.809999465942383,26.5,26.690000534057617,69154100
2003-12-15,16.509578704833984,26.739999771118164,27.100000381469727,26.68000030517578,27.049999237060547,88860600
2003-12-16,16.707157135009766,27.059999465942383,27.15999984741211,26.770000457763672,26.829999923706055,73978000
2003-12-17,16.694814682006836,27.040000915527344,27.079999923706055,26.850000381469727,27.040000915527344,53712300
2003-12-18,16.917072296142578,27.399999618530273,27.450000762939453,27.049999237060547,27.100000381469727,61177800
2003-12-19,16.892379760742188,27.360000610351562,27.549999237060547,27.190000534057617,27.489999771118164,76856400
2003-12-22,16.7812442779541,27.18000030517578,27.43000030517578,26.969999313354492,27.15999984741211,43894800
2003-12-23,16.762720108032227,27.149999618530273,27.34000015258789,27.010000228881836,27.170000076293945,39609000
2003-12-24,16.694814682006836,27.040000915527344,27.15999984741211,27.0,27.139999389648438,19924200
2003-12-26,16.79976463317871,27.209999084472656,27.25,27.0,27.049999237060547,12076900
2003-12-29,16.95412254333496,27.459999084472656,27.530000686645508,27.15999984741211,27.209999084472656,40426700
2003-12-30,16.99116325378418,27.520000457763672,27.549999237060547,27.399999618530273,27.40999984741211,34406600
2003-12-31,16.898548126220703,27.3700008392334,27.549999237060547,27.229999542236328,27.420000076293945,42198900
2004-01-02,16.94795036315918,27.450000762939453,27.770000457763672,27.329999923706055,27.579999923706055,44487700
2004-01-05,17.37396240234375,28.139999389648438,28.18000030517578,27.719999313354492,27.729999542236328,67333700
2004-01-06,17.435697555541992,28.239999771118164,28.280000686645508,28.06999969482422,28.190000534057617,46950800
2004-01-07,17.417179107666016,28.209999084472656,28.309999465942383,28.010000228881836,28.170000076293945,54298200
2004-01-08,17.386316299438477,28.15999984741211,28.479999542236328,28.0,28.389999389648438,58810800
2004-01-09,17.077604293823242,27.65999984741211,28.059999465942383,27.59000015258789,28.030000686645508,67079900
2004-01-12,17.02203941345215,27.56999969482422,27.729999542236328,27.350000381469727,27.670000076293945,55845200
2004-01-13,16.935596466064453,27.43000030517578,27.639999389648438,27.260000228881836,27.549999237060547,51555900
2004-01-14,17.102296829223633,27.700000762939453,27.729999542236328,27.469999313354492,27.520000457763672,43907000
2004-01-15,17.003522872924805,27.540000915527344,27.719999313354492,27.420000076293945,27.549999237060547,58504100
2004-01-16,17.170211791992188,27.809999465942383,27.8799991607666,27.530000686645508,27.709999084472656,63983400
2004-01-20,17.349271774291992,28.100000381469727,28.200000762939453,27.93000030517578,27.979999542236328,63068500
2004-01-21,17.47274398803711,28.299999237060547,28.299999237060547,27.850000381469727,28.1299991607666,53570600
2004-01-22,17.2936954498291,28.010000228881836,28.440000534057617,27.940000534057617,28.360000610351562,78425200
2004-01-23,17.583879470825195,28.479999542236328,28.760000228881836,28.219999313354492,28.280000686645508,127259100
2004-01-26,17.78145408630371,28.799999237060547,28.829999923706055,28.31999969482422,28.489999771118164,58299600
2004-01-27,17.441877365112305,28.25,28.719999313354492,28.219999313354492,28.639999389648438,63196200
2004-01-28,17.108474731445312,27.709999084472656,28.440000534057617,27.469999313354492,28.299999237060547,71336000
2004-01-29,17.231948852539062,27.90999984741211,27.950000762939453,27.56999969482422,27.809999465942383,63748400
2004-01-30,17.07142448425293,27.649999618530273,27.899999618530273,27.549999237060547,27.84000015258789,40528700
2004-02-02,16.917072296142578,27.399999618530273,27.799999237060547,27.239999771118164,27.610000610351562,62891800
2004-02-03,16.849151611328125,27.290000915527344,27.549999237060547,27.18000030517578,27.399999618530273,47993800
2004-02-04,16.676286697387695,27.010000228881836,27.43000030517578,27.010000228881836,27.219999313354492,60648000
2004-02-05,16.645418167114258,26.959999084472656,27.170000076293945,26.829999923706055,27.059999465942383,55527500
2004-02-06,16.719511032104492,27.079999923706055,27.190000534057617,26.93000030517578,27.030000686645508,47209600
2004-02-09,16.608369827270508,26.899999618530273,27.229999542236328,26.850000381469727,27.190000534057617,48108500
2004-02-10,16.682464599609375,27.020000457763672,27.149999618530273,26.81999969482422,26.8700008392334,37790600
2004-02-11,16.762720108032227,27.149999618530273,27.229999542236328,26.850000381469727,26.969999313354492,51515300
2004-02-12,16.639240264892578,26.950000762939453,27.149999618530273,26.93000030517578,27.09000015258789,44537000
2004-02-13,16.416975021362305,26.59000015258789,27.059999465942383,26.5,26.979999542236328,67541100
2004-02-17,16.66393280029297,26.989999771118164,27.100000381469727,26.59000015258789,26.719999313354492,43477000
2004-02-18,16.528104782104492,26.770000457763672,27.110000610351562,26.739999771118164,26.899999618530273,50334700
2004-02-19,16.33670425415039,26.459999084472656,26.979999542236328,26.43000030517578,26.920000076293945,61840600
2004-02-20,16.404630661010742,26.56999969482422,26.799999237060547,26.5,26.65999984741211,57821900
2004-02-23,16.42932891845703,26.610000610351562,26.760000228881836,26.479999542236328,26.729999542236328,50256800
2004-02-24,16.596019744873047,26.8799991607666,26.950000762939453,26.549999237060547,26.610000610351562,55426500
2004-02-25,16.484886169433594,26.700000762939453,26.989999771118164,26.610000610351562,26.899999618530273,64275700
2004-02-26,16.36141014099121,26.5,26.649999618530273,26.40999984741211,26.59000015258789,66602700
2004-02-27,16.37993049621582,26.530000686645508,26.6200008392334,26.350000381469727,26.469999313354492,58266500
2004-03-01,16.484886169433594,26.700000762939453,26.719999313354492,26.5,26.6299991607666,51912300
2004-03-02,16.29349136352539,26.389999389648438,26.690000534057617,26.350000381469727,26.610000610351562,66331000
2004-03-03,16.281143188476562,26.3700008392334,26.549999237060547,26.219999313354492,26.350000381469727,54998700
2004-03-04,16.281143188476562,26.3700008392334,26.420000076293945,26.209999084472656,26.329999923706055,44023200
2004-03-05,16.268796920776367,26.350000381469727,26.600000381469727,26.200000762939453,26.229999542236328,59849800
2004-03-08,15.947746276855469,25.829999923706055,26.350000381469727,25.809999465942383,26.309999465942383,69367800
2004-03-09,15.879823684692383,25.719999313354492,25.969999313354492,25.540000915527344,25.799999237060547,81111700
2004-03-10,15.663729667663574,25.3700008392334,25.799999237060547,25.350000381469727,25.649999618530273,75155800
2004-03-11,15.49085807800293,25.09000015258789,25.780000686645508,25.06999969482422,25.18000030517578,90536300
2004-03-12,15.669903755187988,25.3799991607666,25.510000228881836,25.229999542236328,25.3799991607666,64137100
2004-03-15,15.53408145904541,25.15999984741211,25.43000030517578,25.059999465942383,25.299999237060547,68835300
2004-03-16,15.546419143676758,25.18000030517578,25.3700008392334,25.100000381469727,25.260000228881836,65453800
2004-03-17,15.51555347442627,25.1299991607666,25.459999084472656,25.110000610351562,25.25,56241400
2004-03-18,15.367372512817383,24.889999389648438,25.030000686645508,24.579999923706055,24.959999084472656,123231000
2004-03-19,15.206855773925781,24.6299991607666,24.940000534057617,24.559999465942383,24.770000457763672,86281600
2004-03-22,15.126585960388184,24.5,24.84000015258789,24.010000228881836,24.479999542236328,127605200
2004-03-23,14.910487174987793,24.149999618530273,24.65999984741211,24.110000610351562,24.649999618530273,91696300
2004-03-24,15.07101821899414,24.40999984741211,24.579999923706055,24.18000030517578,24.3799991607666,97584700
2004-03-25,15.552595138549805,25.190000534057617,25.239999771118164,24.579999923706055,24.600000381469727,85677900
2004-03-26,15.453812599182129,25.030000686645508,25.510000228881836,25.0,25.110000610351562,61584900
2004-03-29,15.626688003540039,25.309999465942383,25.399999618530273,25.0,25.25,51881600
2004-03-30,15.558778762817383,25.200000762939453,25.329999923706055,25.030000686645508,25.209999084472656,59010400
2004-03-31,15.392071723937988,24.93000030517578,25.200000762939453,24.8700008392334,25.200000762939453,70533200
2004-04-01,15.484679222106934,25.079999923706055,25.110000610351562,24.850000381469727,24.950000762939453,69051900
2004-04-02,15.960089683532715,25.850000381469727,25.899999618530273,25.440000534057617,25.479999542236328,98043800
2004-04-05,16.02182388305664,25.950000762939453,25.979999542236328,25.729999542236328,25.809999465942383,53800300
2004-04-06,15.929216384887695,25.799999237060547,25.899999618530273,25.65999984741211,25.770000457763672,48992000
2004-04-07,15.799565315246582,25.59000015258789,25.780000686645508,25.350000381469727,25.739999771118164,63268900
2004-04-08,15.731647491455078,25.479999542236328,25.850000381469727,25.360000610351562,25.81999969482422,45294600
2004-04-12,15.811909675598145,25.610000610351562,25.739999771118164,25.43000030517578,25.479999542236328,38786800
2004-04-13,15.713115692138672,25.450000762939453,25.770000457763672,25.40999984741211,25.68000030517578,56971500
2004-04-14,15.750161170959473,25.510000228881836,25.68000030517578,25.3799991607666,25.389999389648438,61079600
2004-04-15,15.571115493774414,25.219999313354492,25.729999542236328,25.100000381469727,25.530000686645508,73756900
2004-04-16,15.53408145904541,25.15999984741211,25.399999618530273,25.110000610351562,25.329999923706055,51768600
2004-04-19,15.762513160705566,25.530000686645508,25.600000381469727,25.059999465942383,25.079999923706055,44592100
2004-04-20,15.639039039611816,25.329999923706055,25.8799991607666,25.280000686645508,25.649999618530273,59902600
2004-04-21,15.713115692138672,25.450000762939453,25.489999771118164,25.200000762939453,25.360000610351562,49252000
2004-04-22,16.02182388305664,25.950000762939453,25.989999771118164,25.469999313354492,25.510000228881836,99207700
2004-04-23,17.003522872924805,27.540000915527344,27.719999313354492,27.34000015258789,27.399999618530273,258269000
2004-04-26,16.81829071044922,27.239999771118164,27.549999237060547,27.100000381469727,27.450000762939453,89391000
2004-04-27,16.805938720703125,27.219999313354492,27.3700008392334,27.1299991607666,27.15999984741211,80716800
2004-04-28,16.39844512939453,26.559999465942383,27.049999237060547,26.469999313354492,27.010000228881836,72842200
2004-04-29,16.349058151245117,26.479999542236328,26.940000534057617,26.309999465942383,26.510000228881836,77787300
2004-04-30,16.132965087890625,26.1299991607666,26.75,25.959999084472656,26.59000015258789,66172200
2004-05-03,16.268796920776367,26.350000381469727,26.520000457763672,26.190000534057617,26.190000534057617,65916200
2004-05-04,16.25644874572754,26.329999923706055,26.540000915527344,26.020000457763672,26.350000381469727,55496400
2004-05-05,16.23792266845703,26.299999237060547,26.600000381469727,26.25,26.31999969482422,51841700
2004-05-06,16.126787185668945,26.1200008392334,26.34000015258789,26.030000686645508,26.15999984741211,62693900
2004-05-07,15.9168701171875,25.780000686645508,26.3799991607666,25.75,26.030000686645508,68290200
2004-05-10,16.009485244750977,25.93000030517578,26.049999237060547,25.6200008392334,25.6299991607666,64621400
2004-05-11,16.015657424926758,25.940000534057617,26.110000610351562,25.790000915527344,26.09000015258789,57917200
2004-05-12,16.015657424926758,25.940000534057617,26.0,25.43000030517578,25.8700008392334,64145600
2004-05-13,16.114442825317383,26.100000381469727,26.190000534057617,25.790000915527344,25.81999969482422,63861500
2004-05-14,15.966264724731445,25.860000610351562,26.170000076293945,25.639999389648438,26.0,43775300
2004-05-17,15.768696784973145,25.540000915527344,25.790000915527344,25.420000076293945,25.469999313354492,55149600
2004-05-18,15.947746276855469,25.829999923706055,25.969999313354492,25.639999389648438,25.700000762939453,58158600
2004-05-19,15.81807804107666,25.6200008392334,26.270000457763672,25.6200008392334,26.030000686645508,60052800
2004-05-20,15.885994911193848,25.729999542236328,25.8700008392334,25.59000015258789,25.75,52089900
2004-05-21,15.984782218933105,25.889999389648438,26.200000762939453,25.780000686645508,25.969999313354492,57809300
2004-05-24,15.904525756835938,25.760000228881836,26.170000076293945,25.739999771118164,26.049999237060547,56250500
2004-05-25,16.114442825317383,26.100000381469727,26.190000534057617,25.600000381469727,25.709999084472656,66615000
2004-05-26,16.13913917541504,26.139999389648438,26.149999618530273,25.850000381469727,25.989999771118164,50306900
2004-05-27,16.17000389099121,26.190000534057617,26.190000534057617,25.920000076293945,26.15999984741211,49071900
2004-05-28,16.194698333740234,26.229999542236328,26.350000381469727,26.020000457763672,26.139999389648438,37393000
2004-06-01,16.12061309814453,26.110000610351562,26.270000457763672,25.8700008392334,26.1299991607666,48369500
2004-06-02,16.132965087890625,26.1299991607666,26.280000686645508,26.010000228881836,26.1200008392334,54020000
2004-06-03,15.984782218933105,25.889999389648438,26.1299991607666,25.860000610351562,26.049999237060547,45933100
2004-06-04,16.02182388305664,25.950000762939453,26.239999771118164,25.940000534057617,26.030000686645508,48815300
2004-06-07,16.318185806274414,26.43000030517578,26.43000030517578,25.969999313354492,26.020000457763672,65218600
2004-06-08,16.423145294189453,26.600000381469727,26.649999618530273,26.239999771118164,26.280000686645508,58447700
2004-06-09,16.342878341674805,26.469999313354492,26.649999618530273,26.399999618530273,26.399999618530273,50385500
2004-06-10,16.528104782104492,26.770000457763672,26.790000915527344,26.3799991607666,26.3799991607666,48109200
2004-06-14,16.608369827270508,26.899999618530273,26.899999618530273,26.530000686645508,26.549999237060547,67377500
2004-06-15,16.923250198364258,27.40999984741211,27.600000381469727,26.969999313354492,26.989999771118164,114183400
2004-06-16,16.867685317993164,27.31999969482422,27.5,27.149999618530273,27.34000015258789,67431100
2004-06-17,17.145519256591797,27.770000457763672,27.920000076293945,27.290000915527344,27.309999465942383,105427500
2004-06-18,17.503616333007812,28.350000381469727,28.5,27.700000762939453,27.770000457763672,134218700
2004-06-21,17.503616333007812,28.350000381469727,28.65999984741211,28.1200008392334,28.219999313354492,116881700
2004-06-22,17.466571807861328,28.290000915527344,28.350000381469727,27.809999465942383,28.149999618530273,98932000
2004-06-23,17.47274398803711,28.299999237060547,28.3799991607666,28.0,28.200000762939453,58558400
2004-06-24,17.528316497802734,28.389999389648438,28.649999618530273,28.360000610351562,28.479999542236328,65503800
2004-06-25,17.63944435119629,28.56999969482422,28.6299991607666,28.25,28.479999542236328,71136500
2004-06-28,17.46040153503418,28.280000686645508,28.75,28.170000076293945,28.600000381469727,77024100
2004-06-29,17.596233367919922,28.5,28.579999923706055,28.18000030517578,28.18000030517578,55371700
2004-06-30,17.633270263671875,28.559999465942383,28.799999237060547,28.389999389648438,28.56999969482422,83544400
2004-07-01,17.67649269104004,28.6299991607666,28.84000015258789,28.260000228881836,28.700000762939453,78441400
2004-07-02,17.63944435119629,28.56999969482422,28.68000030517578,28.399999618530273,28.6200008392334,36690100
2004-07-06,17.299869537353516,28.020000457763672,28.329999923706055,27.940000534057617,28.31999969482422,69158900
2004-07-07,17.349271774291992,28.100000381469727,28.31999969482422,27.549999237060547,27.670000076293945,66255700
2004-07-08,17.065258026123047,27.639999389648438,28.149999618530273,27.549999237060547,27.8799991607666,59125100
2004-07-09,17.20108413696289,27.860000610351562,28.0,27.639999389648438,27.780000686645508,50249300
2004-07-12,17.219606399536133,27.889999389648438,28.0,27.59000015258789,27.670000076293945,45757300
2004-07-13,17.040555953979492,27.600000381469727,27.950000762939453,27.600000381469727,27.90999984741211,43274100
2004-07-14,17.367788314819336,28.1299991607666,28.360000610351562,27.34000015258789,27.399999618530273,87656300
2004-07-15,17.207260131835938,27.8700008392334,28.200000762939453,27.799999237060547,28.049999237060547,46759700
2004-07-16,16.96646499633789,27.479999542236328,28.200000762939453,27.25,28.18000030517578,66406300
2004-07-19,17.25665283203125,27.950000762939453,28.260000228881836,27.600000381469727,27.6200008392334,60354500
2004-07-20,17.485095977783203,28.31999969482422,28.479999542236328,27.850000381469727,28.0,89010700
2004-07-21,17.818500518798828,28.860000610351562,29.889999389648438,28.809999465942383,29.889999389648438,201518000
2004-07-22,17.904939651489258,29.0,29.299999237060547,28.829999923706055,29.06999969482422,124640700
2004-07-23,17.306047439575195,28.030000686645508,28.399999618530273,28.020000457763672,28.3799991607666,97372700
2004-07-26,17.695018768310547,28.65999984741211,28.709999084472656,28.200000762939453,28.360000610351562,72387600
2004-07-27,17.559188842773438,28.440000534057617,28.760000228881836,28.1299991607666,28.700000762939453,72968400
2004-07-28,17.645620346069336,28.579999923706055,28.790000915527344,28.280000686645508,28.34000015258789,62718800
2004-07-29,17.583879470825195,28.479999542236328,28.799999237060547,28.25,28.780000686645508,60148400
2004-07-30,17.590049743652344,28.489999771118164,28.809999465942383,28.329999923706055,28.450000762939453,59552900
2004-08-02,17.608577728271484,28.520000457763672,28.549999237060547,28.15999984741211,28.270000457763672,52267000
2004-08-03,17.330738067626953,28.06999969482422,28.420000076293945,28.0,28.3799991607666,53990900
2004-08-04,17.324565887451172,28.059999465942383,28.200000762939453,27.989999771118164,28.010000228881836,46217900
2004-08-05,16.99734115600586,27.530000686645508,28.209999084472656,27.520000457763672,28.15999984741211,55591700
2004-08-06,16.75655174255371,27.139999389648438,27.860000610351562,27.059999465942383,27.3799991607666,75628000
2004-08-09,16.7812442779541,27.18000030517578,27.280000686645508,27.100000381469727,27.260000228881836,51877500
2004-08-10,17.114643096923828,27.719999313354492,27.75,27.25,27.299999237060547,57632700
2004-08-11,16.923250198364258,27.40999984741211,27.510000228881836,27.200000762939453,27.389999389648438,53097300
2004-08-12,16.596019744873047,26.8799991607666,27.309999465942383,26.860000610351562,27.229999542236328,50279700
2004-08-13,16.682464599609375,27.020000457763672,27.25,26.979999542236328,27.010000228881836,43333200
2004-08-16,16.725675582885742,27.09000015258789,27.200000762939453,26.959999084472656,27.030000686645508,54347200
2004-08-17,16.70098114013672,27.049999237060547,27.3799991607666,26.979999542236328,27.219999313354492,56879700
2004-08-18,16.95412254333496,27.459999084472656,27.5,26.889999389648438,26.93000030517578,58844000
2004-08-19,16.74420928955078,27.1200008392334,27.450000762939453,27.010000228881836,27.350000381469727,46293000
2004-08-20,16.79359245300293,27.200000762939453,27.3700008392334,27.040000915527344,27.1299991607666,46494800
2004-08-23,16.867902755737305,27.239999771118164,27.329999923706055,27.1200008392334,27.270000457763672,39572200
2004-08-24,16.867902755737305,27.239999771118164,27.459999084472656,27.09000015258789,27.399999618530273,40835300
2004-08-25,17.059864044189453,27.549999237060547,27.670000076293945,27.18000030517578,27.209999084472656,53512700
2004-08-26,16.991750717163086,27.440000534057617,27.600000381469727,27.389999389648438,27.459999084472656,35465500
2004-08-27,17.004135131835938,27.459999084472656,27.649999618530273,27.450000762939453,27.5,33248700
2004-08-30,16.905054092407227,27.299999237060547,27.389999389648438,26.850000381469727,27.299999237060547,36679600
2004-08-31,16.905054092407227,27.299999237060547,27.31999969482422,27.049999237060547,27.290000915527344,52106700
2004-09-01,16.960784912109375,27.389999389648438,27.520000457763672,27.139999389648438,27.229999542236328,48507500
2004-09-02,17.103208541870117,27.6200008392334,27.68000030517578,27.350000381469727,27.399999618530273,42161700
2004-09-03,16.78739356994629,27.110000610351562,27.6200008392334,27.100000381469727,27.459999084472656,46174400
2004-09-07,16.942209243774414,27.360000610351562,27.3799991607666,27.15999984741211,27.290000915527344,44893400
2004-09-08,16.880290985107422,27.260000228881836,27.469999313354492,27.139999389648438,27.299999237060547,53278100
2004-09-09,16.892669677734375,27.280000686645508,27.469999313354492,27.18000030517578,27.299999237060547,56904700
2004-09-10,17.022716522216797,27.489999771118164,27.510000228881836,27.18000030517578,27.34000015258789,52664500
2004-09-13,16.87409782409668,27.25,27.56999969482422,26.739999771118164,27.530000686645508,48239200
2004-09-14,16.991750717163086,27.440000534057617,27.510000228881836,27.270000457763672,27.3700008392334,55920000
2004-09-15,16.836938858032227,27.190000534057617,27.399999618530273,27.139999389648438,27.360000610351562,52605700
2004-09-16,16.880290985107422,27.260000228881836,27.350000381469727,27.170000076293945,27.219999313354492,35951500
2004-09-17,17.03508758544922,27.510000228881836,27.530000686645508,27.260000228881836,27.389999389648438,65283000
2004-09-20,17.03508758544922,27.510000228881836,27.649999618530273,27.329999923706055,27.440000534057617,51513600
2004-09-21,16.880290985107422,27.260000228881836,27.530000686645508,27.25,27.450000762939453,73874400
2004-09-22,16.793601989746094,27.1200008392334,27.739999771118164,27.06999969482422,27.280000686645508,68409000
2004-09-23,16.936017990112305,27.350000381469727,27.389999389648438,27.170000076293945,27.190000534057617,52155800
2004-09-24,16.898855209350586,27.290000915527344,27.459999084472656,27.190000534057617,27.389999389648438,49859800
2004-09-27,16.836938858032227,27.190000534057617,27.31999969482422,27.1299991607666,27.170000076293945,47813600
2004-09-28,16.8864803314209,27.270000457763672,27.360000610351562,27.040000915527344,27.209999084472656,62055100
2004-09-29,17.078447341918945,27.579999923706055,27.690000534057617,27.229999542236328,27.260000228881836,61529300
2004-09-30,17.121782302856445,27.649999618530273,27.790000915527344,27.520000457763672,27.59000015258789,71218000
2004-10-01,17.493328094482422,28.25,28.31999969482422,27.780000686645508,27.81999969482422,66302800
2004-10-04,17.412826538085938,28.1200008392334,28.459999084472656,28.06999969482422,28.440000534057617,62016200
2004-10-05,17.57382583618164,28.3799991607666,28.450000762939453,28.100000381469727,28.149999618530273,58017700
2004-10-06,17.666715621948242,28.530000686645508,28.549999237060547,28.229999542236328,28.389999389648438,56999600
2004-10-07,17.443788528442383,28.170000076293945,28.59000015258789,28.15999984741211,28.540000915527344,38401500
2004-10-08,17.332324981689453,27.989999771118164,28.329999923706055,27.969999313354492,28.100000381469727,49556600
2004-10-11,17.37567138671875,28.059999465942383,28.219999313354492,27.93000030517578,28.200000762939453,44691000
2004-10-12,17.357097625732422,28.030000686645508,28.15999984741211,27.809999465942383,27.829999923706055,56412900
2004-10-13,17.357097625732422,28.030000686645508,28.270000457763672,27.940000534057617,28.190000534057617,49500700
2004-10-14,17.214670181274414,27.799999237060547,28.15999984741211,27.799999237060547,28.040000915527344,41548700
2004-10-15,17.332324981689453,27.989999771118164,28.239999771118164,27.81999969482422,27.969999313354492,49828500
2004-10-18,17.59239959716797,28.40999984741211,28.450000762939453,27.979999542236328,28.06999969482422,50350700
2004-10-19,17.449987411499023,28.18000030517578,28.59000015258789,28.170000076293945,28.530000686645508,57026500
2004-10-20,17.77198600769043,28.700000762939453,28.75,28.1200008392334,28.219999313354492,69078100
2004-10-21,17.685285568237305,28.559999465942383,28.889999389648438,28.469999313354492,28.809999465942383,94988500
2004-10-22,17.177513122558594,27.739999771118164,28.34000015258789,27.579999923706055,28.299999237060547,101912800
2004-10-25,17.109403610229492,27.6299991607666,27.770000457763672,27.549999237060547,27.670000076293945,61529500
2004-10-26,17.27659797668457,27.899999618530273,27.899999618530273,27.6299991607666,27.709999084472656,76966600
2004-10-27,17.431400299072266,28.149999618530273,28.350000381469727,27.579999923706055,27.860000610351562,72392600
2004-10-28,17.344709396362305,28.010000228881836,28.540000915527344,27.899999618530273,28.110000610351562,63059600
2004-10-29,17.3199405670166,27.969999313354492,28.149999618530273,27.799999237060547,28.1200008392334,80010100
2004-11-01,17.388059616088867,28.079999923706055,28.280000686645508,27.959999084472656,28.15999984741211,72930900
2004-11-02,17.487131118774414,28.239999771118164,28.469999313354492,28.030000686645508,28.260000228881836,89417100
2004-11-03,17.62956428527832,28.469999313354492,28.649999618530273,28.309999465942383,28.649999618530273,79666700
2004-11-04,17.95775604248047,29.0,29.0,28.3799991607666,28.3799991607666,87867700
2004-11-05,18.14971351623535,29.309999465942383,29.360000610351562,29.030000686645508,29.209999084472656,95337700
2004-11-08,18.131141662597656,29.280000686645508,29.479999542236328,29.1299991607666,29.18000030517578,112802100
2004-11-09,18.434560775756836,29.770000457763672,29.889999389648438,29.350000381469727,29.43000030517578,100401000
2004-11-10,18.409793853759766,29.729999542236328,30.0,29.690000534057617,29.920000076293945,84097700
2004-11-11,18.564599990844727,29.979999542236328,30.079999923706055,29.81999969482422,29.889999389648438,87358900
2004-11-12,18.558408737182617,29.969999313354492,30.200000762939453,29.799999237060547,30.15999984741211,162269000
2004-11-15,18.903493881225586,27.389999389648438,27.5,27.200000762939453,27.34000015258789,104468000
2004-11-16,18.717151641845703,27.1200008392334,27.34000015258789,27.049999237060547,27.329999923706055,64522600
2004-11-17,18.75164794921875,27.170000076293945,27.350000381469727,27.059999465942383,27.25,58830700
2004-11-18,18.682632446289062,27.06999969482422,27.170000076293945,27.0,27.1299991607666,63249900
2004-11-19,18.537696838378906,26.860000610351562,27.06999969482422,26.84000015258789,27.030000686645508,85808600
2004-11-22,18.39276885986328,26.649999618530273,26.81999969482422,26.100000381469727,26.75,92410800
2004-11-23,18.309946060180664,26.530000686645508,26.700000762939453,26.399999618530273,26.520000457763672,70459700
2004-11-24,18.385862350463867,26.639999389648438,26.729999542236328,26.399999618530273,26.6200008392334,60069200
2004-11-26,18.35826873779297,26.600000381469727,26.81999969482422,26.549999237060547,26.559999465942383,24398700
2004-11-29,18.475589752197266,26.770000457763672,26.950000762939453,26.610000610351562,26.639999389648438,67079900
2004-11-30,18.503190994262695,26.809999465942383,27.010000228881836,26.700000762939453,26.75,75960400
2004-12-01,18.806865692138672,27.25,27.280000686645508,26.809999465942383,26.950000762939453,99889000
2004-12-02,18.696439743041992,27.09000015258789,27.399999618530273,26.920000076293945,27.270000457763672,96088300
2004-12-03,18.79305648803711,27.229999542236328,27.440000534057617,27.139999389648438,27.15999984741211,76498400
2004-12-06,18.86207389831543,27.329999923706055,27.440000534057617,27.06999969482422,27.100000381469727,55297400
2004-12-07,18.682632446289062,27.06999969482422,27.3799991607666,27.0,27.260000228881836,111656000
2004-12-08,18.882783889770508,27.360000610351562,27.360000610351562,26.90999984741211,27.010000228881836,95655000
2004-12-09,18.79305648803711,27.229999542236328,27.360000610351562,26.940000534057617,27.1299991607666,83006000
2004-12-10,18.689538955688477,27.079999923706055,27.18000030517578,27.040000915527344,27.079999923706055,70949200
2004-12-13,18.806865692138672,27.25,27.280000686645508,26.90999984741211,27.100000381469727,93812500
2004-12-14,18.79305648803711,27.229999542236328,27.329999923706055,27.040000915527344,27.049999237060547,127843200
2004-12-15,18.71023941040039,27.110000610351562,27.399999618530273,27.06999969482422,27.219999313354492,106303900
2004-12-16,18.744749069213867,27.15999984741211,27.280000686645508,27.010000228881836,27.149999618530273,88997500
2004-12-17,18.606719970703125,26.959999084472656,27.31999969482422,26.799999237060547,27.0,126184400
2004-12-20,18.599817276000977,26.950000762939453,27.149999618530273,26.889999389648438,27.010000228881836,85552800
2004-12-21,18.682632446289062,27.06999969482422,27.170000076293945,26.940000534057617,27.0,94646100
2004-12-22,18.613624572753906,26.969999313354492,27.149999618530273,26.780000686645508,26.84000015258789,63651900
2004-12-23,18.64122772216797,27.010000228881836,27.149999618530273,26.829999923706055,26.8700008392334,65801900
2004-12-27,18.530807495117188,26.850000381469727,27.100000381469727,26.81999969482422,27.010000228881836,55958500
2004-12-28,18.599817276000977,26.950000762939453,27.030000686645508,26.799999237060547,26.850000381469727,55075900
2004-12-29,18.565298080444336,26.899999618530273,27.0,26.81999969482422,26.850000381469727,47594900
2004-12-30,18.468692779541016,26.760000228881836,26.940000534057617,26.75,26.889999389648438,48355400
2004-12-31,18.441083908081055,26.719999313354492,26.899999618530273,26.68000030517578,26.75,54959500
2005-01-03,18.45487403869629,26.739999771118164,26.950000762939453,26.649999618530273,26.799999237060547,65002900
2005-01-04,18.52389907836914,26.84000015258789,27.100000381469727,26.65999984741211,26.8700008392334,109442100
2005-01-05,18.48249053955078,26.780000686645508,27.100000381469727,26.760000228881836,26.84000015258789,72463500
2005-01-06,18.461780548095703,26.75,27.059999465942383,26.639999389648438,26.850000381469727,76890500
2005-01-07,18.406566619873047,26.670000076293945,26.889999389648438,26.6200008392334,26.81999969482422,68723300
2005-01-10,18.49629783630371,26.799999237060547,26.860000610351562,26.540000915527344,26.600000381469727,70376600
2005-01-11,18.447980880737305,26.729999542236328,26.81999969482422,26.610000610351562,26.690000534057617,64712000
2005-01-12,18.48249053955078,26.780000686645508,26.850000381469727,26.6200008392334,26.770000457763672,72940600
2005-01-13,18.13050651550293,26.270000457763672,26.799999237060547,26.15999984741211,26.68000030517578,89861600
2005-01-14,18.026981353759766,26.1200008392334,26.450000762939453,26.040000915527344,26.399999618530273,92180800
2005-01-18,18.16501808166504,26.31999969482422,26.350000381469727,25.84000015258789,26.030000686645508,69146400
2005-01-19,17.93036460876465,25.979999542236328,26.260000228881836,25.920000076293945,26.209999084472656,58114100
2005-01-20,17.847543716430664,25.860000610351562,26.100000381469727,25.739999771118164,25.84000015258789,58380100
2005-01-21,17.702604293823242,25.649999618530273,26.1299991607666,25.639999389648438,25.950000762939453,76501000
2005-01-24,17.716413497924805,25.670000076293945,26.0,25.639999389648438,25.760000228881836,69010900
2005-01-25,17.957963943481445,26.020000457763672,26.190000534057617,25.75,25.760000228881836,67580700
2005-01-26,17.951066970825195,26.010000228881836,26.170000076293945,25.899999618530273,26.06999969482422,64974500
2005-01-27,18.020084381103516,26.110000610351562,26.15999984741211,25.850000381469727,25.950000762939453,93204100
2005-01-28,18.068395614624023,26.18000030517578,26.649999618530273,25.959999084472656,26.540000915527344,110466500
2005-01-31,18.13741683959961,26.280000686645508,26.520000457763672,26.15999984741211,26.350000381469727,71442100
2005-02-01,18.21332550048828,26.389999389648438,26.43000030517578,26.219999313354492,26.25,57981700
2005-02-02,18.261634826660156,26.459999084472656,26.5,26.280000686645508,26.420000076293945,79329500
2005-02-03,18.068395614624023,26.18000030517578,26.399999618530273,26.100000381469727,26.3700008392334,62545400
2005-02-04,18.16501808166504,26.31999969482422,26.3700008392334,26.139999389648438,26.170000076293945,61246500
2005-02-07,18.054594039916992,26.15999984741211,26.299999237060547,26.059999465942383,26.270000457763672,57763400
2005-02-08,18.109804153442383,26.239999771118164,26.34000015258789,26.15999984741211,26.190000534057617,61343700
2005-02-09,17.992475509643555,26.06999969482422,26.309999465942383,26.040000915527344,26.25,77874800
2005-02-10,17.985572814941406,26.059999465942383,26.1299991607666,26.0,26.100000381469727,71796400
2005-02-11,17.9234619140625,25.969999313354492,26.1200008392334,25.809999465942383,26.030000686645508,83835900
2005-02-14,17.951066970825195,26.010000228881836,26.1200008392334,25.90999984741211,25.93000030517578,58694000
2005-02-15,17.951068878173828,25.93000030517578,26.079999923706055,25.860000610351562,26.0,76551600
2005-02-16,17.854156494140625,25.790000915527344,25.93000030517578,25.670000076293945,25.8700008392334,57506600
2005-02-17,17.757225036621094,25.649999618530273,25.860000610351562,25.600000381469727,25.709999084472656,67024800
2005-02-18,17.63953971862793,25.479999542236328,25.649999618530273,25.399999618530273,25.639999389648438,77091100
2005-02-22,17.466459274291992,25.229999542236328,25.489999771118164,25.200000762939453,25.25,96419200
2005-02-23,17.44569969177246,25.200000762939453,25.350000381469727,25.170000076293945,25.239999771118164,83689400
2005-02-24,17.563386917114258,25.3700008392334,25.440000534057617,25.149999618530273,25.18000030517578,85236300
2005-02-25,17.480310440063477,25.25,25.3799991607666,25.149999618530273,25.329999923706055,62467700
2005-02-28,17.41800880432129,25.15999984741211,25.3700008392334,25.1299991607666,25.219999313354492,82728000
2005-03-01,17.501073837280273,25.280000686645508,25.40999984741211,25.1299991607666,25.190000534057617,56394800
2005-03-02,17.487226486206055,25.260000228881836,25.479999542236328,25.15999984741211,25.190000534057617,67739000
2005-03-03,17.424924850463867,25.170000076293945,25.309999465942383,25.139999389648438,25.299999237060547,52183600
2005-03-04,17.424924850463867,25.170000076293945,25.299999237060547,25.1299991607666,25.209999084472656,63058200
2005-03-07,17.63261604309082,25.469999313354492,25.790000915527344,25.15999984741211,25.170000076293945,80407400
2005-03-08,17.584156036376953,25.399999618530273,25.6200008392334,25.34000015258789,25.399999618530273,52871800
2005-03-09,17.5218448638916,25.309999465942383,25.56999969482422,25.280000686645508,25.389999389648438,62991800
2005-03-10,17.604921340942383,25.43000030517578,25.479999542236328,25.25,25.43000030517578,59132900
2005-03-11,17.369543075561523,25.09000015258789,25.479999542236328,25.059999465942383,25.450000762939453,60617900
2005-03-14,17.383399963378906,25.110000610351562,25.149999618530273,24.959999084472656,25.079999923706055,65550500
2005-03-15,17.24493408203125,24.90999984741211,25.239999771118164,24.889999389648438,25.100000381469727,71469400
2005-03-16,17.051090240478516,24.6299991607666,24.969999313354492,24.559999465942383,24.81999969482422,74841400
2005-03-17,16.98879051208496,24.540000915527344,24.68000030517578,24.530000686645508,24.639999389648438,60573200
2005-03-18,16.829565048217773,24.309999465942383,24.90999984741211,24.280000686645508,24.530000686645508,135904000
2005-03-21,16.753408432006836,24.200000762939453,24.360000610351562,24.149999618530273,24.350000381469727,71446200
2005-03-22,16.60802459716797,23.989999771118164,24.270000457763672,23.959999084472656,24.190000534057617,102113300
2005-03-23,16.739559173583984,24.18000030517578,24.389999389648438,23.959999084472656,23.989999771118164,79293300
2005-03-24,16.808786392211914,24.280000686645508,24.469999313354492,24.200000762939453,24.239999771118164,78820900
2005-03-28,16.753408432006836,24.200000762939453,24.469999313354492,24.18000030517578,24.399999618530273,49802000
2005-03-29,16.5595645904541,23.920000076293945,24.239999771118164,23.81999969482422,24.139999389648438,74231700
2005-03-30,16.725711822509766,24.15999984741211,24.190000534057617,24.0,24.040000915527344,59585700
2005-03-31,16.73263168334961,24.170000076293945,24.309999465942383,24.1200008392334,24.25,62382300
2005-04-01,16.69802474975586,24.1200008392334,24.350000381469727,24.100000381469727,24.239999771118164,64619600
2005-04-04,16.774169921875,24.229999542236328,24.260000228881836,23.940000534057617,24.110000610351562,62196400
2005-04-05,16.940322875976562,24.469999313354492,24.5,24.1200008392334,24.219999313354492,73549600
2005-04-06,17.078779220581055,24.670000076293945,24.940000534057617,24.450000762939453,24.469999313354492,78020200
2005-04-07,17.3764705657959,25.100000381469727,25.1299991607666,24.6299991607666,24.65999984741211,77451500
2005-04-08,17.265697479248047,24.940000534057617,25.25,24.90999984741211,25.06999969482422,47956300
2005-04-11,17.286468505859375,24.969999313354492,25.110000610351562,24.860000610351562,25.030000686645508,47791800
2005-04-12,17.528776168823242,25.31999969482422,25.350000381469727,24.799999237060547,24.920000076293945,67517800
2005-04-13,17.334928512573242,25.040000915527344,25.450000762939453,24.989999771118164,25.229999542236328,60929300
2005-04-14,17.19647216796875,24.84000015258789,25.139999389648438,24.829999923706055,25.010000228881836,66754400
2005-04-15,16.933401107788086,24.459999084472656,24.899999618530273,24.40999984741211,24.579999923706055,100251600
2005-04-18,17.06493377685547,24.649999618530273,24.84000015258789,24.399999618530273,24.450000762939453,75766400
2005-04-19,17.051090240478516,24.6299991607666,24.799999237060547,24.450000762939453,24.709999084472656,65956200
2005-04-20,16.83647918701172,24.31999969482422,24.700000762939453,24.299999237060547,24.65999984741211,91923500
2005-04-21,17.501073837280273,25.280000686645508,25.389999389648438,24.469999313354492,24.479999542236328,93562300
2005-04-22,17.293397903442383,24.979999542236328,25.25,24.780000686645508,25.049999237060547,80087500
2005-04-25,17.300304412841797,24.989999771118164,25.280000686645508,24.860000610351562,25.06999969482422,75457900
2005-04-26,17.141088485717773,24.760000228881836,25.25,24.739999771118164,24.950000762939453,60464300
2005-04-27,17.300304412841797,24.989999771118164,25.149999618530273,24.6299991607666,24.65999984741211,47732800
2005-04-28,16.92647933959961,24.450000762939453,24.920000076293945,24.440000534057617,24.81999969482422,83623100
2005-04-29,17.514925003051758,25.299999237060547,25.299999237060547,24.790000915527344,24.8799991607666,98641200
2005-05-02,17.466459274291992,25.229999542236328,25.360000610351562,24.950000762939453,25.229999542236328,54376700
2005-05-03,17.556461334228516,25.360000610351562,25.399999618530273,25.09000015258789,25.1299991607666,67867800
2005-05-04,17.452621459960938,25.209999084472656,25.399999618530273,25.110000610351562,25.34000015258789,86864200
2005-05-05,17.466459274291992,25.229999542236328,25.329999923706055,25.079999923706055,25.200000762939453,59362300
2005-05-06,17.459545135498047,25.219999313354492,25.479999542236328,25.190000534057617,25.329999923706055,64322600
2005-05-09,17.383399963378906,25.110000610351562,25.329999923706055,25.049999237060547,25.229999542236328,61872400
2005-05-10,17.23801040649414,24.899999618530273,25.079999923706055,24.81999969482422,25.040000915527344,62235100
2005-05-11,17.24493408203125,24.90999984741211,24.969999313354492,24.639999389648438,24.889999389648438,59463300
2005-05-12,17.307241439819336,25.0,25.110000610351562,24.829999923706055,24.84000015258789,74540700
2005-05-13,17.514925003051758,25.299999237060547,25.3799991607666,24.989999771118164,25.030000686645508,77204300
2005-05-16,17.70243263244629,25.489999771118164,25.5,25.190000534057617,25.229999542236328,50577300
2005-05-17,17.681602478027344,25.459999084472656,25.5,25.25,25.309999465942383,39983200
2005-05-18,17.84827423095703,25.700000762939453,25.84000015258789,25.420000076293945,25.5,71182400
2005-05-19,18.001068115234375,25.920000076293945,26.049999237060547,25.700000762939453,25.75,52120800
2005-05-20,17.876056671142578,25.739999771118164,25.920000076293945,25.729999542236328,25.8799991607666,64444500
2005-05-23,17.95244598388672,25.850000381469727,26.06999969482422,25.739999771118164,25.739999771118164,75421100
2005-05-24,17.883007049560547,25.75,25.8799991607666,25.719999313354492,25.799999237060547,61287700
2005-05-25,17.855224609375,25.709999084472656,25.770000457763672,25.5,25.68000030517578,35749000
2005-05-26,17.98716926574707,25.899999618530273,26.0,25.729999542236328,25.75,50579200
2005-05-27,18.105239868164062,26.06999969482422,26.09000015258789,25.809999465942383,25.829999923706055,54978000
2005-05-31,17.917728424072266,25.799999237060547,26.030000686645508,25.75,25.989999771118164,46131100
2005-06-01,17.92466926574707,25.809999465942383,26.0,25.610000610351562,25.729999542236328,54621000
2005-06-02,17.910791397094727,25.790000915527344,25.860000610351562,25.639999389648438,25.709999084472656,27212500
2005-06-03,17.6607666015625,25.43000030517578,25.809999465942383,25.34000015258789,25.700000762939453,79659500
2005-06-06,17.619102478027344,25.3700008392334,25.5,25.309999465942383,25.3799991607666,40756900
2005-06-07,17.716323852539062,25.510000228881836,25.829999923706055,25.309999465942383,25.329999923706055,54511400
2005-06-08,17.639934539794922,25.399999618530273,25.6200008392334,25.34000015258789,25.549999237060547,45369700
2005-06-09,17.716323852539062,25.510000228881836,25.610000610351562,25.350000381469727,25.399999618530273,52767900
2005-06-10,17.6607666015625,25.43000030517578,25.520000457763672,25.34000015258789,25.489999771118164,39459800
2005-06-13,17.577428817749023,25.309999465942383,25.489999771118164,25.260000228881836,25.360000610351562,49104100
2005-06-14,17.61214828491211,25.360000610351562,25.440000534057617,25.239999771118164,25.309999465942383,44243300
2005-06-15,17.54269790649414,25.260000228881836,25.40999984741211,25.110000610351562,25.399999618530273,50764800
2005-06-16,17.389915466308594,25.040000915527344,25.229999542236328,24.950000762939453,25.219999313354492,65918800
2005-06-17,17.389915466308594,25.040000915527344,25.290000915527344,24.920000076293945,25.270000457763672,90821300
2005-06-20,17.43853759765625,25.110000610351562,25.280000686645508,24.93000030517578,24.979999542236328,50538900
2005-06-21,17.46630859375,25.149999618530273,25.190000534057617,25.040000915527344,25.079999923706055,81084000
2005-06-22,17.410749435424805,25.06999969482422,25.260000228881836,25.030000686645508,25.110000610351562,60492700
2005-06-23,17.577428817749023,25.309999465942383,25.6200008392334,25.149999618530273,25.170000076293945,105159800
2005-06-24,17.389915466308594,25.040000915527344,25.399999618530273,25.040000915527344,25.219999313354492,57970700
2005-06-27,17.39685821533203,25.049999237060547,25.25,25.030000686645508,25.06999969482422,61636200
2005-06-28,17.410749435424805,25.06999969482422,25.200000762939453,25.030000686645508,25.09000015258789,53058100
2005-06-29,17.424638748168945,25.09000015258789,25.31999969482422,25.0,25.219999313354492,55859900
2005-06-30,17.251022338867188,24.84000015258789,25.139999389648438,24.81999969482422,25.059999465942383,82018200
2005-07-01,17.160736083984375,24.709999084472656,24.989999771118164,24.670000076293945,24.850000381469727,69718400
2005-07-05,17.348251342773438,24.979999542236328,25.190000534057617,24.6200008392334,24.65999984741211,61883500
2005-07-06,17.153797149658203,24.700000762939453,25.079999923706055,24.690000534057617,24.969999313354492,64214600
2005-07-07,17.119064331054688,24.649999618530273,24.709999084472656,24.5,24.579999923706055,80082900
2005-07-08,17.424638748168945,25.09000015258789,25.1200008392334,24.6299991607666,24.639999389648438,56104000
2005-07-11,17.56355094909668,25.290000915527344,25.3799991607666,25.110000610351562,25.149999618530273,61525400
2005-07-12,17.78577423095703,25.610000610351562,25.6200008392334,25.200000762939453,25.239999771118164,63384800
2005-07-13,17.82050132751465,25.65999984741211,25.75,25.479999542236328,25.530000686645508,44749200
2005-07-14,18.035791397094727,25.969999313354492,26.100000381469727,25.790000915527344,25.790000915527344,69506800
2005-07-15,17.910791397094727,25.790000915527344,26.100000381469727,25.75,26.040000915527344,56472800
2005-07-18,17.744096755981445,25.549999237060547,25.790000915527344,25.549999237060547,25.709999084472656,39668000
2005-07-19,18.167747497558594,26.15999984741211,26.25,25.75,25.790000915527344,113290100
2005-07-20,18.18857765197754,26.190000534057617,26.229999542236328,25.8799991607666,26.0,71424800
2005-07-21,18.362199783325195,26.440000534057617,26.479999542236328,26.0,26.299999237060547,112932100
2005-07-22,17.834388732910156,25.68000030517578,26.34000015258789,25.6299991607666,25.989999771118164,97558900
2005-07-25,17.841323852539062,25.690000534057617,25.899999618530273,25.649999618530273,25.690000534057617,45174600
2005-07-26,17.737165451049805,25.540000915527344,25.739999771118164,25.530000686645508,25.719999313354492,51476400
2005-07-27,17.862167358398438,25.719999313354492,25.799999237060547,25.530000686645508,25.610000610351562,57977300
2005-07-28,17.883007049560547,25.75,25.850000381469727,25.65999984741211,25.75,44738700
2005-07-29,17.78577423095703,25.610000610351562,26.0,25.59000015258789,25.780000686645508,59524400
2005-08-01,18.001068115234375,25.920000076293945,26.049999237060547,25.760000228881836,25.809999465942383,61346800
2005-08-02,18.619152069091797,26.809999465942383,26.899999618530273,25.8700008392334,25.899999618530273,137510100
2005-08-03,18.924728393554688,27.25,27.43000030517578,26.729999542236328,26.760000228881836,139422400
2005-08-04,18.973344802856445,27.31999969482422,27.5,27.049999237060547,27.15999984741211,91461400
2005-08-05,19.278913497924805,27.760000228881836,27.940000534057617,27.25,27.290000915527344,82212400
2005-08-08,18.841386795043945,27.1299991607666,27.84000015258789,27.079999923706055,27.799999237060547,77207200
2005-08-09,18.994182586669922,27.350000381469727,27.510000228881836,27.010000228881836,27.219999313354492,64761800
2005-08-10,18.716379165649414,26.950000762939453,27.5,26.850000381469727,27.40999984741211,62818800
2005-08-11,18.93861961364746,27.270000457763672,27.299999237060547,26.889999389648438,26.979999542236328,48646800
2005-08-12,18.785831451416016,27.049999237060547,27.139999389648438,26.899999618530273,27.079999923706055,52006500
2005-08-15,18.89727783203125,27.1299991607666,27.299999237060547,26.690000534057617,26.979999542236328,45976600
2005-08-16,18.62562370300293,26.739999771118164,27.139999389648438,26.700000762939453,27.030000686645508,46894600
2005-08-17,18.771896362304688,26.950000762939453,27.149999618530273,26.65999984741211,26.81999969482422,52413100
2005-08-18,18.681352615356445,26.81999969482422,27.079999923706055,26.799999237060547,26.889999389648438,40861900
2005-08-19,18.611692428588867,26.719999313354492,26.90999984741211,26.700000762939453,26.850000381469727,36043500
2005-08-22,18.744041442871094,26.90999984741211,27.170000076293945,26.770000457763672,26.790000915527344,41691700
2005-08-23,18.71617889404297,26.8700008392334,27.06999969482422,26.739999771118164,26.84000015258789,48296700
2005-08-24,18.67438316345215,26.809999465942383,27.15999984741211,26.780000686645508,26.84000015258789,63645000
2005-08-25,18.827617645263672,27.030000686645508,27.09000015258789,26.850000381469727,26.899999618530273,39306300
2005-08-26,18.78583526611328,26.969999313354492,27.079999923706055,26.8700008392334,27.059999465942383,36774600
2005-08-29,18.911211013793945,27.149999618530273,27.229999542236328,26.809999465942383,26.809999465942383,52307700
2005-08-30,18.932106018066406,27.18000030517578,27.229999542236328,26.959999084472656,27.059999465942383,55163200
2005-08-31,19.071413040161133,27.3799991607666,27.440000534057617,27.040000915527344,27.170000076293945,65210200
2005-09-01,18.946035385131836,27.200000762939453,27.389999389648438,27.149999618530273,27.3799991607666,75974500
2005-09-02,18.820669174194336,27.020000457763672,27.270000457763672,26.969999313354492,27.209999084472656,52047500
2005-09-06,18.806726455688477,27.0,27.290000915527344,26.979999542236328,27.059999465942383,46089000
2005-09-07,18.702251434326172,26.850000381469727,27.110000610351562,26.81999969482422,26.940000534057617,44656100
2005-09-08,18.535078048706055,26.610000610351562,26.8799991607666,26.520000457763672,26.799999237060547,52552300
2005-09-09,18.514171600341797,26.579999923706055,26.81999969482422,26.530000686645508,26.6200008392334,41515800
2005-09-12,18.535078048706055,26.610000610351562,26.75,26.520000457763672,26.6200008392334,40550500
2005-09-13,18.44452667236328,26.479999542236328,26.760000228881836,26.3700008392334,26.540000915527344,63422900
2005-09-14,18.326112747192383,26.309999465942383,26.639999389648438,26.299999237060547,26.520000457763672,54969600
2005-09-15,18.298250198364258,26.270000457763672,26.43000030517578,26.219999313354492,26.3700008392334,60357200
2005-09-16,18.158937454223633,26.06999969482422,26.399999618530273,25.969999313354492,26.34000015258789,187384300
2005-09-19,18.11017608642578,26.0,26.270000457763672,25.860000610351562,26.09000015258789,61832300
2005-09-20,17.99873924255371,25.84000015258789,26.219999313354492,25.690000534057617,26.06999969482422,61043400
2005-09-21,17.754945755004883,25.489999771118164,25.899999618530273,25.43000030517578,25.799999237060547,68281800
2005-09-22,17.65046501159668,25.34000015258789,25.600000381469727,25.149999618530273,25.489999771118164,71314900
2005-09-23,17.60170555114746,25.270000457763672,25.540000915527344,25.1200008392334,25.309999465942383,66396800
2005-09-26,17.60170555114746,25.270000457763672,25.489999771118164,25.209999084472656,25.399999618530273,56203700
2005-09-27,17.65046501159668,25.34000015258789,25.450000762939453,25.299999237060547,25.3700008392334,48797900
2005-09-28,17.880321502685547,25.670000076293945,25.8700008392334,25.3799991607666,25.389999389648438,71019400
2005-09-29,18.068389892578125,25.940000534057617,26.0,25.5,25.610000610351562,66807100
2005-09-30,17.922117233276367,25.729999542236328,25.950000762939453,25.610000610351562,25.90999984741211,57644500
2005-10-03,17.76190948486328,25.5,25.729999542236328,25.440000534057617,25.709999084472656,55341300
2005-10-04,17.39971160888672,24.979999542236328,25.389999389648438,24.75,25.360000610351562,151666300
2005-10-05,17.18377685546875,24.670000076293945,25.049999237060547,24.670000076293945,25.040000915527344,73684700
2005-10-06,17.22557258605957,24.729999542236328,24.950000762939453,24.530000686645508,24.65999984741211,81724600
2005-10-07,17.1280517578125,24.59000015258789,24.84000015258789,24.520000457763672,24.770000457763672,50768700
2005-10-10,17.037504196166992,24.459999084472656,24.68000030517578,24.350000381469727,24.670000076293945,48880900
2005-10-11,17.00267219543457,24.40999984741211,24.549999237060547,24.25,24.510000228881836,76567300
2005-10-12,16.926055908203125,24.299999237060547,24.700000762939453,24.270000457763672,24.489999771118164,71294400
2005-10-13,17.1280517578125,24.59000015258789,24.729999542236328,24.270000457763672,24.309999465942383,70192000
2005-10-14,17.18377685546875,24.670000076293945,24.729999542236328,24.5,24.709999084472656,53846700
2005-10-17,17.086261749267578,24.530000686645508,24.690000534057617,24.440000534057617,24.68000030517578,46924400
2005-10-18,17.11412239074707,24.56999969482422,24.829999923706055,24.450000762939453,24.489999771118164,69328200
2005-10-19,17.476322174072266,25.09000015258789,25.09000015258789,24.5,24.559999465942383,66574500
2005-10-20,17.267362594604492,24.790000915527344,25.1299991607666,24.739999771118164,25.049999237060547,58830600
2005-10-21,17.26039695739746,24.780000686645508,25.0,24.56999969482422,24.90999984741211,69431200
2005-10-24,17.48329734802246,25.100000381469727,25.100000381469727,24.68000030517578,24.889999389648438,51868000
2005-10-25,17.43453025817871,25.030000686645508,25.1299991607666,24.829999923706055,24.950000762939453,41310500
2005-10-26,17.490264892578125,25.110000610351562,25.329999923706055,24.93000030517578,24.969999313354492,58178100
2005-10-27,17.309154510498047,24.850000381469727,25.270000457763672,24.850000381469727,25.219999313354492,61566100
2005-10-28,17.782806396484375,25.530000686645508,25.600000381469727,25.100000381469727,25.100000381469727,106559300
2005-10-31,17.90121841430664,25.700000762939453,25.799999237060547,25.5,25.610000610351562,75122100
2005-11-01,18.08233070373535,25.959999084472656,26.100000381469727,25.610000610351562,25.610000610351562,71370400
2005-11-02,18.430591583251953,26.459999084472656,26.5,25.93000030517578,25.93000030517578,75067100
2005-11-03,18.41666603088379,26.440000534057617,26.639999389648438,26.25,26.600000381469727,73421600
2005-11-04,18.569908142089844,26.65999984741211,26.709999084472656,26.450000762939453,26.530000686645508,57464000
2005-11-07,18.813692092895508,27.010000228881836,27.079999923706055,26.700000762939453,26.719999313354492,77104800
2005-11-08,18.841556549072266,27.049999237060547,27.18000030517578,26.770000457763672,26.940000534057617,60091700
2005-11-09,18.77886962890625,26.959999084472656,27.149999618530273,26.940000534057617,26.979999542236328,59562100
2005-11-10,18.869421005249023,27.09000015258789,27.149999618530273,26.639999389648438,26.940000534057617,73314800
2005-11-11,19.001754760742188,27.280000686645508,27.389999389648438,27.1299991607666,27.149999618530273,51945600
2005-11-14,19.06444549560547,27.3700008392334,27.440000534057617,27.200000762939453,27.360000610351562,67152200
2005-11-15,19.211153030395508,27.5,27.540000915527344,27.25,27.329999923706055,65081000
2005-11-16,19.378816604614258,27.739999771118164,27.8799991607666,27.440000534057617,27.479999542236328,86277000
2005-11-17,19.539485931396484,27.969999313354492,28.0,27.760000228881836,27.850000381469727,91351000
2005-11-18,19.60934829711914,28.06999969482422,28.25,27.899999618530273,28.1200008392334,75431200
2005-11-21,19.672222137451172,28.15999984741211,28.239999771118164,27.84000015258789,28.06999969482422,65794400
2005-11-22,19.497573852539062,27.90999984741211,28.079999923706055,27.860000610351562,28.059999465942383,104253300
2005-11-23,19.50455665588379,27.920000076293945,28.09000015258789,27.739999771118164,27.920000076293945,70541300
2005-11-25,19.392778396606445,27.760000228881836,27.940000534057617,27.469999313354492,27.799999237060547,44082500
2005-11-28,19.38580322265625,27.75,27.850000381469727,27.530000686645508,27.790000915527344,57517200
2005-11-29,19.3369083404541,27.68000030517578,27.790000915527344,27.600000381469727,27.790000915527344,62220400
2005-11-30,19.3369083404541,27.68000030517578,27.770000457763672,27.6299991607666,27.68000030517578,55904700
2005-12-01,19.48360824584961,27.889999389648438,28.100000381469727,27.729999542236328,27.729999542236328,61006100
2005-12-02,19.567441940307617,28.010000228881836,28.100000381469727,27.790000915527344,27.81999969482422,42319600
2005-12-05,19.455659866333008,27.850000381469727,28.020000457763672,27.709999084472656,27.93000030517578,47517300
2005-12-06,19.34389305114746,27.690000534057617,27.920000076293945,27.68000030517578,27.899999618530273,65980000
2005-12-07,19.38580322265625,27.75,27.75,27.549999237060547,27.670000076293945,55583200
2005-12-08,19.34389305114746,27.690000534057617,27.809999465942383,27.600000381469727,27.709999084472656,63931600
2005-12-09,19.35786247253418,27.709999084472656,27.829999923706055,27.639999389648438,27.709999084472656,48467000
2005-12-12,19.176225662231445,27.450000762939453,27.75,27.329999923706055,27.700000762939453,63757200
2005-12-13,18.952672958374023,27.1299991607666,27.43000030517578,27.0,27.290000915527344,104285500
2005-12-14,18.92473030090332,27.09000015258789,27.239999771118164,26.850000381469727,27.0,65076200
2005-12-15,18.805973052978516,26.920000076293945,27.110000610351562,26.809999465942383,27.079999923706055,79018100
2005-12-16,18.791996002197266,26.899999618530273,27.079999923706055,26.809999465942383,26.8799991607666,88542500
2005-12-19,18.743104934692383,26.829999923706055,26.8700008392334,26.649999618530273,26.81999969482422,68680100
2005-12-20,18.764057159423828,26.860000610351562,26.8799991607666,26.670000076293945,26.760000228881836,62960600
2005-12-21,18.673246383666992,26.729999542236328,26.90999984741211,26.709999084472656,26.8700008392334,75800900
2005-12-22,18.5754337310791,26.59000015258789,26.780000686645508,26.420000076293945,26.709999084472656,91276900
2005-12-23,18.610363006591797,26.639999389648438,26.670000076293945,26.440000534057617,26.520000457763672,30689200
2005-12-27,18.484622955322266,26.459999084472656,26.850000381469727,26.450000762939453,26.68000030517578,37819000
2005-12-28,18.435718536376953,26.389999389648438,26.65999984741211,26.350000381469727,26.510000228881836,35444400
2005-12-29,18.35188865661621,26.270000457763672,26.5,26.260000228881836,26.40999984741211,34495500
2005-12-30,18.2680606842041,26.149999618530273,26.309999465942383,26.100000381469727,26.149999618530273,49044600
2006-01-03,18.750085830688477,26.84000015258789,27.0,26.100000381469727,26.25,79973000
2006-01-04,18.84089469909668,26.969999313354492,27.079999923706055,26.770000457763672,26.770000457763672,57975600
2006-01-05,18.854867935180664,26.989999771118164,27.1299991607666,26.90999984741211,26.959999084472656,48245500
2006-01-06,18.798994064331055,26.90999984741211,27.0,26.489999771118164,26.889999389648438,100963000
2006-01-09,18.764057159423828,26.860000610351562,27.06999969482422,26.760000228881836,26.93000030517578,55625000
2006-01-10,18.86185646057129,27.0,27.020000457763672,26.59000015258789,26.649999618530273,64921900
2006-01-11,19.064443588256836,27.290000915527344,27.389999389648438,26.899999618530273,27.010000228881836,70120700
2006-01-12,18.959659576416016,27.139999389648438,27.260000228881836,26.969999313354492,27.25,45994800
2006-01-13,18.99458885192871,27.190000534057617,27.25,27.010000228881836,27.030000686645508,41418000
2006-01-17,18.854867935180664,26.989999771118164,27.190000534057617,26.899999618530273,26.899999618530273,58566600
2006-01-18,18.743104934692383,26.829999923706055,26.979999542236328,26.700000762939453,26.739999771118164,52376200
2006-01-19,18.875835418701172,27.020000457763672,27.239999771118164,26.850000381469727,26.8700008392334,60367600
2006-01-20,18.44969367980957,26.40999984741211,27.010000228881836,26.260000228881836,27.010000228881836,79165900
2006-01-23,18.407777786254883,26.350000381469727,26.530000686645508,26.299999237060547,26.40999984741211,47925600
2006-01-24,18.35887336730957,26.280000686645508,26.450000762939453,26.219999313354492,26.34000015258789,63040700
2006-01-25,18.442703247070312,26.399999618530273,26.56999969482422,26.229999542236328,26.40999984741211,59072100
2006-01-26,18.5125675201416,26.5,26.719999313354492,26.309999465942383,26.559999465942383,69509300
2006-01-27,19.41374397277832,27.790000915527344,27.950000762939453,27.190000534057617,27.229999542236328,134520700
2006-01-30,19.56045150756836,28.0,28.18000030517578,27.780000686645508,27.81999969482422,103999200
2006-01-31,19.665231704711914,28.149999618530273,28.3799991607666,27.8700008392334,27.90999984741211,94841300
2006-02-01,19.588396072387695,28.040000915527344,28.06999969482422,27.760000228881836,27.959999084472656,68448800
2006-02-02,19.3369083404541,27.68000030517578,27.989999771118164,27.549999237060547,27.969999313354492,55073400
2006-02-03,19.239093780517578,27.540000915527344,27.700000762939453,27.34000015258789,27.479999542236328,75022700
2006-02-06,18.980623245239258,27.170000076293945,27.540000915527344,27.09000015258789,27.510000228881836,60170500
2006-02-07,18.819948196411133,26.940000534057617,27.149999618530273,26.809999465942383,26.950000762939453,72159500
2006-02-08,18.798994064331055,26.90999984741211,27.079999923706055,26.709999084472656,27.010000228881836,51795200
2006-02-09,18.62433624267578,26.65999984741211,27.030000686645508,26.649999618530273,26.959999084472656,52861700
2006-02-10,18.645296096801758,26.690000534057617,26.889999389648438,26.510000228881836,26.6200008392334,52127000
2006-02-13,18.435718536376953,26.389999389648438,26.700000762939453,26.34000015258789,26.6299991607666,46707000
2006-02-14,18.617351531982422,26.649999618530273,26.68000030517578,26.350000381469727,26.40999984741211,58432900
2006-02-15,18.841659545898438,26.8799991607666,26.93000030517578,26.5,26.600000381469727,62808900
2006-02-16,18.792585372924805,26.809999465942383,26.899999618530273,26.56999969482422,26.850000381469727,48868500
2006-02-17,18.71548843383789,26.700000762939453,26.809999465942383,26.559999465942383,26.670000076293945,41513200
2006-02-21,18.60334014892578,26.540000915527344,26.719999313354492,26.34000015258789,26.719999313354492,50216100
2006-02-22,18.729503631591797,26.719999313354492,26.860000610351562,26.469999313354492,26.530000686645508,43043100
2006-02-23,18.68744468688965,26.65999984741211,26.889999389648438,26.540000915527344,26.729999542236328,47359100
2006-02-24,18.666425704956055,26.6299991607666,26.739999771118164,26.520000457763672,26.59000015258789,44753800
2006-02-27,18.960817337036133,27.049999237060547,27.260000228881836,26.670000076293945,26.75,51301500
2006-02-28,18.834651947021484,26.8700008392334,27.299999237060547,26.8700008392334,26.950000762939453,65036100
2006-03-01,19.023910522460938,27.139999389648438,27.200000762939453,26.950000762939453,26.979999542236328,53061200
2006-03-02,18.904739379882812,26.969999313354492,27.100000381469727,26.899999618530273,27.020000457763672,41850300
2006-03-03,18.87671661376953,26.93000030517578,27.15999984741211,26.739999771118164,26.809999465942383,45218800
2006-03-06,18.862688064575195,26.90999984741211,27.149999618530273,26.829999923706055,26.920000076293945,53054100
2006-03-07,18.96783447265625,27.059999465942383,27.100000381469727,26.809999465942383,26.899999618530273,51613900
2006-03-08,19.101015090942383,27.25,27.5,26.969999313354492,26.989999771118164,57547400
2006-03-09,18.925777435302734,27.0,27.420000076293945,27.0,27.270000457763672,45360700
2006-03-10,19.044940948486328,27.170000076293945,27.219999313354492,26.8799991607666,27.059999465942383,41297200
2006-03-13,19.002887725830078,27.110000610351562,27.290000915527344,26.940000534057617,27.18000030517578,40342600
2006-03-14,19.086999893188477,27.229999542236328,27.3799991607666,26.989999771118164,27.040000915527344,39821800
2006-03-15,19.178119659423828,27.360000610351562,27.450000762939453,27.010000228881836,27.200000762939453,57152000
2006-03-16,19.115026473999023,27.270000457763672,27.479999542236328,27.219999313354492,27.34000015258789,73793700
2006-03-17,19.276254653930664,27.5,27.65999984741211,27.270000457763672,27.350000381469727,120615000
2006-03-20,19.549623489379883,27.889999389648438,27.989999771118164,27.670000076293945,27.700000762939453,67094100
2006-03-21,19.44448471069336,27.739999771118164,28.219999313354492,27.68000030517578,27.739999771118164,73199600
2006-03-22,19.030921936035156,27.149999618530273,27.5,26.799999237060547,27.079999923706055,145696100
2006-03-23,18.820636749267578,26.850000381469727,27.100000381469727,26.65999984741211,27.079999923706055,73682900
2006-03-24,18.93278694152832,27.010000228881836,27.209999084472656,26.6200008392334,26.709999084472656,69157600
2006-03-27,18.93278694152832,27.010000228881836,27.299999237060547,27.0,27.010000228881836,59908600
2006-03-28,18.85566520690918,26.899999618530273,27.209999084472656,26.809999465942383,27.010000228881836,58520500
2006-03-29,18.939790725708008,27.020000457763672,27.200000762939453,26.920000076293945,26.950000762939453,53150300
2006-03-30,19.086999893188477,27.229999542236328,27.389999389648438,27.0,27.030000686645508,54612000
2006-03-31,19.072975158691406,27.209999084472656,27.540000915527344,27.209999084472656,27.299999237060547,62190500
2006-04-03,19.31830596923828,27.559999465942383,27.729999542236328,27.440000534057617,27.670000076293945,57605300
2006-04-04,19.374385833740234,27.639999389648438,27.799999237060547,27.469999313354492,27.600000381469727,45470000
2006-04-05,19.44448471069336,27.739999771118164,27.940000534057617,27.639999389648438,27.8799991607666,41539300
2006-04-06,19.31830596923828,27.559999465942383,27.719999313354492,27.3700008392334,27.65999984741211,51885500
2006-04-07,19.101015090942383,27.25,27.719999313354492,27.229999542236328,27.610000610351562,47249400
2006-04-10,19.129047393798828,27.290000915527344,27.440000534057617,27.200000762939453,27.229999542236328,39432000
2006-04-11,19.016897201538086,27.1299991607666,27.31999969482422,27.0,27.290000915527344,42953400
2006-04-12,19.065967559814453,27.200000762939453,27.200000762939453,26.969999313354492,27.100000381469727,32183000
2006-04-13,18.97484588623047,27.06999969482422,27.200000762939453,27.0,27.079999923706055,28160000
2006-04-17,18.813617706298828,26.84000015258789,27.049999237060547,26.729999542236328,27.030000686645508,35796200
2006-04-18,19.079980850219727,27.219999313354492,27.5,26.81999969482422,26.940000534057617,56272700
2006-04-19,18.946805953979492,27.030000686645508,27.190000534057617,26.959999084472656,27.110000610351562,45111100
2006-04-20,18.946805953979492,27.030000686645508,27.190000534057617,26.700000762939453,27.049999237060547,45648300
2006-04-21,19.030921936035156,27.149999618530273,27.389999389648438,27.0,27.049999237060547,58528000
2006-04-24,19.002887725830078,27.110000610351562,27.25,26.979999542236328,27.06999969482422,42318400
2006-04-25,19.002887725830078,27.110000610351562,27.209999084472656,27.020000457763672,27.09000015258789,49222500
2006-04-26,18.995874404907227,27.100000381469727,27.229999542236328,27.0,27.079999923706055,39190000
2006-04-27,19.101015090942383,27.25,27.6299991607666,26.940000534057617,26.969999313354492,96509600
2006-04-28,16.928050994873047,24.149999618530273,24.5,24.0,24.229999542236328,591052200
2006-05-01,17.026180267333984,24.290000915527344,25.0,24.09000015258789,24.31999969482422,174800900
2006-05-02,16.82992172241211,24.010000228881836,25.0,23.899999618530273,24.489999771118164,190533500
2006-05-03,16.241119384765625,23.170000076293945,24.020000457763672,23.149999618530273,23.989999771118164,211527100
2006-05-04,16.43037223815918,23.440000534057617,23.670000076293945,23.139999389648438,23.350000381469727,171257400
2006-05-05,16.682722091674805,23.799999237060547,23.950000762939453,23.520000457763672,23.65999984741211,131604300
2006-05-08,16.633644104003906,23.729999542236328,25.0,23.510000228881836,23.850000381469727,80693500
2006-05-09,16.556547164916992,23.6200008392334,24.0,23.489999771118164,23.75,75345900
2006-05-10,16.66168785095215,23.770000457763672,23.790000915527344,23.59000015258789,23.670000076293945,76563300
2006-05-11,16.276166915893555,23.219999313354492,23.790000915527344,23.149999618530273,23.709999084472656,92916700
2006-05-12,16.241119384765625,23.170000076293945,23.3700008392334,23.049999237060547,23.139999389648438,83115900
2006-05-15,16.290372848510742,23.149999618530273,23.229999542236328,23.030000686645508,23.100000381469727,67314800
2006-05-16,16.191864013671875,23.010000228881836,24.0,22.90999984741211,23.15999984741211,82095100
2006-05-17,15.994832038879395,22.729999542236328,23.079999923706055,22.729999542236328,22.889999389648438,98598300
2006-05-18,16.065195083618164,22.829999923706055,23.139999389648438,22.760000228881836,22.84000015258789,95476400
2006-05-19,15.875198364257812,22.559999465942383,22.899999618530273,22.520000457763672,22.790000915527344,100071200
2006-05-22,16.10037612915039,22.8799991607666,23.020000457763672,22.450000762939453,22.479999542236328,87322300
2006-05-23,16.037057876586914,22.790000915527344,23.3799991607666,22.770000457763672,23.110000610351562,79986300
2006-05-24,16.536666870117188,23.5,23.540000915527344,22.979999542236328,22.989999771118164,107356700
2006-05-25,16.705556869506836,23.739999771118164,23.920000076293945,23.540000915527344,23.56999969482422,83052700
2006-05-26,16.69147491455078,23.719999313354492,23.8799991607666,23.559999465942383,23.770000457763672,46861600
2006-05-30,16.290372848510742,23.149999618530273,23.760000228881836,23.139999389648438,23.549999237060547,52497500
2006-05-31,15.9385347366333,22.649999618530273,23.350000381469727,22.649999618530273,23.260000228881836,120202000
2006-06-01,16.05816078186035,22.81999969482422,22.84000015258789,22.6200008392334,22.739999771118164,80230800
2006-06-02,16.015939712524414,22.760000228881836,22.989999771118164,22.670000076293945,22.8700008392334,73935600
2006-06-05,15.832979202270508,22.5,22.729999542236328,22.489999771118164,22.719999313354492,63914100
2006-06-06,15.572615623474121,22.1299991607666,22.559999465942383,21.979999542236328,22.549999237060547,126601300
2006-06-07,15.509284019470215,22.040000915527344,22.389999389648438,22.010000228881836,22.149999618530273,73827500
2006-06-08,15.5585355758667,22.110000610351562,22.209999084472656,21.969999313354492,22.030000686645508,104126900
2006-06-09,15.424839973449707,21.920000076293945,22.190000534057617,21.889999389648438,22.149999618530273,52573800
2006-06-12,15.27706527709961,21.709999084472656,22.100000381469727,21.700000762939453,21.959999084472656,74309700
2006-06-13,15.136327743530273,21.510000228881836,22.030000686645508,21.459999084472656,21.729999542236328,113175300
2006-06-14,15.39669132232666,21.8799991607666,21.940000534057617,21.549999237060547,21.59000015258789,86081500
2006-06-15,15.530391693115234,22.06999969482422,22.1299991607666,21.799999237060547,22.010000228881836,121577300
2006-06-16,15.55150318145752,22.100000381469727,22.280000686645508,21.790000915527344,21.969999313354492,147506500
2006-06-19,15.86816120147705,22.549999237060547,22.600000381469727,22.1200008392334,22.139999389648438,129640900
2006-06-20,15.875198364257812,22.559999465942383,22.760000228881836,22.5,22.540000915527344,90598500
2006-06-21,16.241117477416992,23.079999923706055,23.149999618530273,22.530000686645508,22.610000610351562,91660300
2006-06-22,16.10037612915039,22.8799991607666,23.170000076293945,22.780000686645508,23.059999465942383,76590600
2006-06-23,15.832979202270508,22.5,22.8700008392334,22.5,22.850000381469727,60532600
2006-06-26,16.05816078186035,22.81999969482422,22.889999389648438,22.6299991607666,22.649999618530273,53644100
2006-06-27,16.086307525634766,22.860000610351562,23.15999984741211,22.84000015258789,22.889999389648438,84759100
2006-06-28,16.297412872314453,23.15999984741211,23.25,22.90999984741211,22.959999084472656,71906500
2006-06-29,16.515552520751953,23.469999313354492,23.6299991607666,23.219999313354492,23.31999969482422,121395500
2006-06-30,16.39593505859375,23.299999237060547,23.649999618530273,23.299999237060547,23.540000915527344,73048800
2006-07-03,16.67741584777832,23.700000762939453,23.719999313354492,23.450000762939453,23.530000686645508,25711400
2006-07-05,16.43111801147461,23.350000381469727,23.520000457763672,23.299999237060547,23.479999542236328,53093500
2006-07-06,16.522584915161133,23.479999542236328,23.610000610351562,23.420000076293945,23.450000762939453,44775200
2006-07-07,16.39593505859375,23.299999237060547,23.549999237060547,23.299999237060547,23.389999389648438,63168800
2006-07-10,16.536666870117188,23.5,23.65999984741211,23.3799991607666,23.43000030517578,50565100
2006-07-11,16.255191802978516,23.100000381469727,23.3700008392334,22.739999771118164,23.3700008392334,88676300
2006-07-12,15.93149185180664,22.639999389648438,22.8799991607666,22.6200008392334,22.790000915527344,77379300
2006-07-13,15.66409969329834,22.260000228881836,22.610000610351562,22.25,22.3700008392334,73099500
2006-07-14,15.68520450592041,22.290000915527344,22.549999237060547,22.229999542236328,22.280000686645508,67499400
2006-07-17,15.818901062011719,22.479999542236328,22.610000610351562,22.260000228881836,22.290000915527344,37053500
2006-07-18,16.001869201660156,22.739999771118164,22.760000228881836,22.479999542236328,22.59000015258789,65047300
2006-07-19,16.466297149658203,23.399999618530273,23.459999084472656,22.719999313354492,22.81999969482422,82188200
2006-07-20,16.079269409179688,22.850000381469727,23.450000762939453,22.780000686645508,23.440000534057617,76605200
2006-07-21,16.79703140258789,23.8700008392334,24.149999618530273,23.0,24.079999923706055,175483800
2006-07-24,16.88850212097168,24.0,24.110000610351562,23.790000915527344,24.010000228881836,59586700
2006-07-25,17.043319702148438,24.219999313354492,24.290000915527344,23.899999618530273,24.0,60075800
2006-07-26,17.14887237548828,24.3700008392334,24.530000686645508,24.100000381469727,24.1200008392334,54942100
2006-07-27,16.79703140258789,23.8700008392334,24.600000381469727,23.770000457763672,24.579999923706055,85386800
2006-07-28,17.064435958862305,24.25,24.280000686645508,24.059999465942383,24.079999923706055,51705800
2006-07-31,16.93073272705078,24.059999465942383,24.420000076293945,24.010000228881836,24.06999969482422,40254400
2006-08-01,16.881467819213867,23.989999771118164,24.200000762939453,23.850000381469727,24.020000457763672,49168700
2006-08-02,17.0996150970459,24.299999237060547,24.399999618530273,24.030000686645508,24.1200008392334,46462000
2006-08-03,17.036285400390625,24.209999084472656,24.479999542236328,24.149999618530273,24.190000534057617,43155300
2006-08-04,17.09257698059082,24.290000915527344,24.489999771118164,24.149999618530273,24.399999618530273,45690400
2006-08-07,17.043319702148438,24.219999313354492,24.479999542236328,24.190000534057617,24.280000686645508,36862400
2006-08-08,17.127761840820312,24.34000015258789,24.520000457763672,24.200000762939453,24.389999389648438,58171300
2006-08-09,17.198129653930664,24.440000534057617,24.639999389648438,24.34000015258789,24.489999771118164,44405700
2006-08-10,17.21220588684082,24.459999084472656,24.600000381469727,24.34000015258789,24.3700008392334,31753400
2006-08-11,17.191097259521484,24.43000030517578,24.450000762939453,24.200000762939453,24.43000030517578,30255500
2006-08-14,17.26146125793457,24.530000686645508,24.600000381469727,24.350000381469727,24.520000457763672,47831900
2006-08-15,17.388599395751953,24.6200008392334,24.649999618530273,24.440000534057617,24.549999237060547,48994500
2006-08-16,17.44509506225586,24.700000762939453,24.729999542236328,24.469999313354492,24.610000610351562,52373600
2006-08-17,17.44509506225586,24.700000762939453,24.75,24.610000610351562,24.700000762939453,45674800
2006-08-18,18.214942932128906,25.790000915527344,25.799999237060547,24.979999542236328,25.049999237060547,128414800
2006-08-21,18.448017120361328,26.1200008392334,26.1299991607666,25.559999465942383,25.65999984741211,88398300
2006-08-22,18.094877243041992,25.6200008392334,26.25,25.6200008392334,26.010000228881836,89312400
2006-08-23,18.130189895629883,25.670000076293945,25.950000762939453,25.520000457763672,25.649999618530273,44648500
2006-08-24,18.179630279541016,25.739999771118164,25.860000610351562,25.5,25.81999969482422,35933300
2006-08-25,18.2573184967041,25.850000381469727,26.0,25.690000534057617,25.709999084472656,33115900
2006-08-28,18.327951431274414,25.950000762939453,26.0,25.690000534057617,25.84000015258789,34190900
2006-08-29,18.25025177001953,25.84000015258789,25.979999542236328,25.6299991607666,25.920000076293945,42711200
2006-08-30,18.222003936767578,25.799999237060547,25.889999389648438,25.639999389648438,25.850000381469727,30283100
2006-08-31,18.151384353637695,25.700000762939453,25.979999542236328,25.68000030517578,25.8700008392334,26380500
2006-09-01,18.25025177001953,25.84000015258789,25.969999313354492,25.639999389648438,25.889999389648438,31594600
2006-09-05,18.087806701660156,25.610000610351562,25.959999084472656,25.559999465942383,25.690000534057617,44222400
2006-09-06,18.087806701660156,25.610000610351562,25.719999313354492,25.510000228881836,25.510000228881836,50160400
2006-09-07,17.96067237854004,25.43000030517578,25.700000762939453,25.389999389648438,25.479999542236328,51266900
2006-09-08,18.08074188232422,25.600000381469727,25.790000915527344,25.459999084472656,25.530000686645508,36866800
2006-09-11,18.299697875976562,25.90999984741211,25.950000762939453,25.420000076293945,25.43000030517578,55608200
2006-09-12,18.313819885253906,25.93000030517578,25.979999542236328,25.719999313354492,25.899999618530273,52248800
2006-09-13,18.34912872314453,25.979999542236328,26.100000381469727,25.81999969482422,25.81999969482422,37706700
2006-09-14,18.596330642700195,26.329999923706055,26.5,25.979999542236328,25.989999771118164,74324500
2006-09-15,18.963598251342773,26.850000381469727,26.940000534057617,26.489999771118164,26.579999923706055,126057700
2006-09-18,18.921222686767578,26.790000915527344,27.040000915527344,26.670000076293945,26.739999771118164,49135000
2006-09-19,18.970659255981445,26.860000610351562,26.940000534057617,26.719999313354492,26.739999771118164,43039100
2006-09-20,19.196672439575195,27.18000030517578,27.229999542236328,26.989999771118164,27.010000228881836,71676400
2006-09-21,18.998905181884766,26.899999618530273,27.25,26.850000381469727,27.239999771118164,58495100
2006-09-22,18.829404830932617,26.65999984741211,26.850000381469727,26.479999542236328,26.829999923706055,47712500
2006-09-25,19.034225463867188,26.950000762939453,27.190000534057617,26.790000915527344,26.809999465942383,67903900
2006-09-26,19.210803985595703,27.200000762939453,27.31999969482422,26.8799991607666,26.90999984741211,54766500
2006-09-27,19.380306243896484,27.440000534057617,27.469999313354492,27.1200008392334,27.18000030517578,66233900
2006-09-28,19.3520450592041,27.399999618530273,27.520000457763672,27.260000228881836,27.469999313354492,44179700
2006-09-29,19.31673812866211,27.350000381469727,27.420000076293945,27.209999084472656,27.350000381469727,34283500
2006-10-02,19.323808670043945,27.360000610351562,27.489999771118164,27.149999618530273,27.31999969482422,52908100
2006-10-03,19.330867767333984,27.3700008392334,27.479999542236328,27.209999084472656,27.3700008392334,39386200
2006-10-04,19.733434677124023,27.940000534057617,27.959999084472656,27.3700008392334,27.389999389648438,82191200
2006-10-05,19.71931266784668,27.920000076293945,28.110000610351562,27.780000686645508,27.920000076293945,81967200
2006-10-06,19.68400001525879,27.8700008392334,28.0,27.649999618530273,27.760000228881836,36452200
2006-10-09,19.578062057495117,27.719999313354492,27.93000030517578,27.6200008392334,27.799999237060547,33366300
2006-10-10,19.55687713623047,27.690000534057617,27.75,27.440000534057617,27.690000534057617,34598500
2006-10-11,19.450931549072266,27.540000915527344,27.670000076293945,27.420000076293945,27.459999084472656,37219600
2006-10-12,19.93120002746582,28.219999313354492,28.290000915527344,27.540000915527344,27.579999923706055,120174900
2006-10-13,20.03714942932129,28.3700008392334,28.690000534057617,28.309999465942383,28.34000015258789,129751900
2006-10-16,20.093643188476562,28.450000762939453,28.600000381469727,28.329999923706055,28.479999542236328,49744800
2006-10-17,20.08658790588379,28.440000534057617,28.510000228881836,28.170000076293945,28.239999771118164,40122600
2006-10-18,20.143083572387695,28.520000457763672,28.700000762939453,28.260000228881836,28.5,40630800
2006-10-19,19.98064422607422,28.290000915527344,28.450000762939453,28.1200008392334,28.350000381469727,44730800
2006-10-20,20.07952117919922,28.43000030517578,28.489999771118164,28.170000076293945,28.479999542236328,48887800
2006-10-23,20.093643188476562,28.450000762939453,28.690000534057617,28.18000030517578,28.299999237060547,48525000
2006-10-24,19.973575592041016,28.280000686645508,28.43000030517578,28.1299991607666,28.43000030517578,61409600
2006-10-25,19.994768142700195,28.309999465942383,28.459999084472656,28.139999389648438,28.280000686645508,40717100
2006-10-26,20.023025512695312,28.350000381469727,28.40999984741211,28.040000915527344,28.329999923706055,69964200
2006-10-27,20.015949249267578,28.34000015258789,28.790000915527344,28.25,28.489999771118164,89060100
2006-10-30,20.150148391723633,28.530000686645508,28.84000015258789,28.31999969482422,28.350000381469727,47296800
2006-10-31,20.27727699279785,28.709999084472656,28.850000381469727,28.559999465942383,28.65999984741211,61861700
2006-11-01,20.3479061126709,28.809999465942383,28.989999771118164,28.700000762939453,28.780000686645508,75895900
2006-11-02,20.319660186767578,28.770000457763672,28.860000610351562,28.579999923706055,28.709999084472656,58674400
2006-11-03,20.291400909423828,28.729999542236328,28.93000030517578,28.610000610351562,28.850000381469727,41124500
2006-11-06,20.36910057067871,28.84000015258789,29.049999237060547,28.760000228881836,28.770000457763672,60446200
2006-11-07,20.446779251098633,28.950000762939453,29.06999969482422,28.799999237060547,28.860000610351562,56511200
2006-11-08,20.46796989440918,28.979999542236328,29.229999542236328,28.65999984741211,28.780000686645508,77403300
2006-11-09,20.66573143005371,29.260000228881836,29.399999618530273,29.0,29.110000610351562,89407500
2006-11-10,20.651611328125,29.239999771118164,29.290000915527344,29.149999618530273,29.170000076293945,37855100
2006-11-13,20.72930145263672,29.350000381469727,29.459999084472656,29.15999984741211,29.190000534057617,47271800
2006-11-14,20.715116500854492,29.229999542236328,29.420000076293945,29.06999969482422,29.280000686645508,63012500
2006-11-15,20.63716697692871,29.1200008392334,29.360000610351562,29.110000610351562,29.1299991607666,63943200
2006-11-16,20.885211944580078,29.469999313354492,29.639999389648438,29.1299991607666,29.139999389648438,64328500
2006-11-17,20.835596084594727,29.399999618530273,29.540000915527344,29.280000686645508,29.309999465942383,49356700
2006-11-20,21.1828670501709,29.889999389648438,30.0,29.5,29.520000457763672,85703800
2006-11-21,21.204124450683594,29.920000076293945,30.0,29.790000915527344,29.90999984741211,66446600
2006-11-22,21.204124450683594,29.920000076293945,30.0,29.81999969482422,29.969999313354492,43907200
2006-11-24,21.090730667114258,29.760000228881836,29.84000015258789,29.639999389648438,29.65999984741211,20456700
2006-11-27,20.892297744750977,29.479999542236328,29.739999771118164,29.329999923706055,29.690000534057617,72722100
2006-11-28,20.828514099121094,29.389999389648438,29.420000076293945,29.1299991607666,29.34000015258789,52602300
2006-11-29,20.95608139038086,29.56999969482422,29.780000686645508,29.43000030517578,29.440000534057617,58775100
2006-11-30,20.8072566986084,29.360000610351562,29.56999969482422,29.329999923706055,29.420000076293945,53297400
2006-12-01,20.63716697692871,29.1200008392334,29.299999237060547,28.899999618530273,29.229999542236328,72257000
2006-12-04,20.785995483398438,29.329999923706055,29.520000457763672,29.170000076293945,29.229999542236328,55123400
2006-12-05,20.644254684448242,29.1299991607666,29.399999618530273,29.030000686645508,29.360000610351562,45606000
2006-12-06,20.545032501220703,28.989999771118164,29.1299991607666,28.8700008392334,29.100000381469727,48564100
2006-12-07,20.44582176208496,28.850000381469727,29.06999969482422,28.809999465942383,28.959999084472656,46831100
2006-12-08,20.835596084594727,29.399999618530273,29.399999618530273,28.799999237060547,28.81999969482422,108854900
2006-12-11,20.934825897216797,29.540000915527344,29.75,29.110000610351562,29.190000534057617,107712000
2006-12-12,20.856863021850586,29.43000030517578,29.6299991607666,29.219999313354492,29.559999465942383,68529400
2006-12-13,20.941898345947266,29.549999237060547,29.600000381469727,29.31999969482422,29.600000381469727,46002500
2006-12-14,21.310420989990234,30.06999969482422,30.079999923706055,29.520000457763672,29.540000915527344,85866500
2006-12-15,21.39546775817871,30.190000534057617,30.229999542236328,30.030000686645508,30.139999389648438,102783700
2006-12-18,21.1828670501709,29.889999389648438,30.260000228881836,29.780000686645508,30.190000534057617,56986800
2006-12-19,21.25373649597168,29.989999771118164,30.170000076293945,29.530000686645508,29.709999084472656,53822100
2006-12-20,21.32459831237793,30.09000015258789,30.239999771118164,29.969999313354492,29.989999771118164,31202100
2006-12-21,21.24664878845215,29.979999542236328,30.139999389648438,29.889999389648438,30.1299991607666,32270500
2006-12-22,21.005691528320312,29.639999389648438,29.860000610351562,29.6200008392334,29.829999923706055,37971700
2006-12-26,21.25373649597168,29.989999771118164,30.0,29.399999618530273,29.530000686645508,37098300
2006-12-27,21.27499008178711,30.020000457763672,30.1299991607666,29.90999984741211,29.989999771118164,31248400
2006-12-28,21.24664878845215,29.979999542236328,30.030000686645508,29.809999465942383,29.860000610351562,26690600
2006-12-29,21.16160011291504,29.860000610351562,30.149999618530273,29.829999923706055,29.860000610351562,41739800
2007-01-03,21.16160011291504,29.860000610351562,30.25,29.399999618530273,29.90999984741211,76935100
2007-01-04,21.126163482666016,29.809999465942383,29.969999313354492,29.440000534057617,29.700000762939453,45774500
2007-01-05,21.005691528320312,29.639999389648438,29.75,29.450000762939453,29.6299991607666,44607200
2007-01-08,21.211212158203125,29.93000030517578,30.100000381469727,29.530000686645508,29.649999618530273,50220200
2007-01-09,21.232463836669922,29.959999084472656,30.18000030517578,29.729999542236328,30.0,44636600
2007-01-10,21.019865036010742,29.65999984741211,29.889999389648438,29.43000030517578,29.799999237060547,55017400
2007-01-11,21.756908416748047,30.700000762939453,30.75,29.649999618530273,29.760000228881836,99464300
2007-01-12,22.118337631225586,31.209999084472656,31.389999389648438,30.639999389648438,30.649999618530273,103972500
2007-01-16,22.082908630371094,31.15999984741211,31.450000762939453,31.030000686645508,31.260000228881836,62379600
2007-01-17,22.04038429260254,31.100000381469727,31.440000534057617,31.010000228881836,31.260000228881836,58519600
2007-01-18,21.969505310058594,31.0,31.3700008392334,30.799999237060547,31.149999618530273,56364300
2007-01-19,22.047470092773438,31.110000610351562,31.110000610351562,30.690000534057617,30.729999542236328,75826900
2007-01-22,21.771074295043945,30.719999313354492,31.1200008392334,30.510000228881836,31.059999465942383,56143900
2007-01-23,21.785245895385742,30.739999771118164,30.959999084472656,30.520000457763672,30.6299991607666,49171200
2007-01-24,22.03329086303711,31.09000015258789,31.299999237060547,30.649999618530273,30.780000686645508,58527800
2007-01-25,21.579736709594727,30.450000762939453,31.479999542236328,30.450000762939453,31.079999923706055,97378700
2007-01-26,21.686031341552734,30.600000381469727,31.229999542236328,30.600000381469727,31.219999313354492,96103700
2007-01-29,21.63642120361328,30.530000686645508,30.780000686645508,30.34000015258789,30.649999618530273,57605900
2007-01-30,21.600990295410156,30.479999542236328,30.639999389648438,30.139999389648438,30.56999969482422,61900400
2007-01-31,21.87029457092285,30.860000610351562,31.100000381469727,30.350000381469727,30.40999984741211,73968400
2007-02-01,21.657686233520508,30.559999465942383,30.940000534057617,30.3700008392334,30.84000015258789,55355800
2007-02-02,21.39546775817871,30.190000534057617,30.84000015258789,30.1299991607666,30.81999969482422,60401700
2007-02-05,20.984420776367188,29.610000610351562,30.020000457763672,29.40999984741211,29.969999313354492,99102100
2007-02-06,20.91356086730957,29.510000228881836,29.75,29.219999313354492,29.59000015258789,79281100
2007-02-07,20.81434440612793,29.3700008392334,29.700000762939453,29.25,29.639999389648438,65145500
2007-02-08,20.736387252807617,29.260000228881836,29.799999237060547,29.200000762939453,29.239999771118164,48749000
2007-02-09,20.53795051574707,28.979999542236328,29.399999618530273,28.93000030517578,29.350000381469727,69823100
2007-02-12,20.50960922241211,28.940000534057617,29.09000015258789,28.829999923706055,28.889999389648438,52774400
2007-02-13,20.63050079345703,29.010000228881836,29.200000762939453,28.959999084472656,29.040000915527344,50348100
2007-02-14,20.9078426361084,29.399999618530273,29.690000534057617,29.149999618530273,29.170000076293945,55588600
2007-02-15,20.950515747070312,29.459999084472656,29.649999618530273,29.219999313354492,29.579999923706055,63858100
2007-02-16,20.438493728637695,28.739999771118164,28.940000534057617,28.649999618530273,28.90999984741211,109340300
2007-02-20,20.50249481201172,28.829999923706055,28.860000610351562,28.469999313354492,28.6299991607666,53978200
2007-02-21,20.872291564941406,29.350000381469727,29.389999389648438,28.739999771118164,28.75,68604900
2007-02-22,20.90073585510254,29.389999389648438,29.540000915527344,29.15999984741211,29.309999465942383,57754400
2007-02-23,20.55227279663086,28.899999618530273,29.280000686645508,28.889999389648438,29.219999313354492,63787100
2007-02-26,20.673171997070312,29.06999969482422,29.09000015258789,28.81999969482422,28.959999084472656,63481900
2007-02-27,19.819782257080078,27.8700008392334,28.969999313354492,27.790000915527344,28.709999084472656,87143300
2007-02-28,20.03313446044922,28.170000076293945,28.25,27.920000076293945,27.950000762939453,86333300
2007-03-01,19.976240158081055,28.09000015258789,28.329999923706055,27.729999542236328,27.81999969482422,80175700
2007-03-02,19.74155616760254,27.760000228881836,28.15999984741211,27.760000228881836,28.020000457763672,63254700
2007-03-05,19.59221076965332,27.549999237060547,27.90999984741211,27.40999984741211,27.489999771118164,56454300
2007-03-06,19.791345596313477,27.829999923706055,27.940000534057617,27.649999618530273,27.799999237060547,49361800
2007-03-07,19.6348819732666,27.610000610351562,27.899999618530273,27.549999237060547,27.760000228881836,52044700
2007-03-08,19.42865753173828,27.31999969482422,27.850000381469727,26.600000381469727,27.719999313354492,72175200
2007-03-09,19.407320022583008,27.290000915527344,27.479999542236328,27.030000686645508,27.420000076293945,80125000
2007-03-12,19.513992309570312,27.440000534057617,27.479999542236328,27.1299991607666,27.18000030517578,36516400
2007-03-13,19.001953125,26.719999313354492,27.399999618530273,26.709999084472656,27.25,75169500
2007-03-14,19.48554229736328,27.399999618530273,27.399999618530273,26.729999542236328,26.81999969482422,75730300
2007-03-15,19.400205612182617,27.280000686645508,27.469999313354492,27.200000762939453,27.31999969482422,51757100
2007-03-16,19.43576431274414,27.329999923706055,27.479999542236328,27.200000762939453,27.350000381469727,65055300
2007-03-19,19.791345596313477,27.829999923706055,27.829999923706055,27.200000762939453,27.34000015258789,49412000
2007-03-20,19.7984561920166,27.84000015258789,28.15999984741211,27.760000228881836,27.93000030517578,47902400
2007-03-21,20.282033920288086,28.520000457763672,28.520000457763672,27.559999465942383,27.899999618530273,72808200
2007-03-22,20.104244232177734,28.270000457763672,28.549999237060547,28.010000228881836,28.520000457763672,47934900
2007-03-23,19.926454544067383,28.020000457763672,28.270000457763672,27.799999237060547,28.219999313354492,50519800
2007-03-26,20.068693161010742,28.219999313354492,28.219999313354492,27.700000762939453,27.940000534057617,47491500
2007-03-27,19.71310043334961,27.719999313354492,28.15999984741211,27.649999618530273,28.040000915527344,58979800
2007-03-28,19.656219482421875,27.639999389648438,28.0,27.399999618530273,27.579999923706055,46947000
2007-03-29,19.73444175720215,27.75,27.850000381469727,27.489999771118164,27.84000015258789,42629900
2007-03-30,19.819782257080078,27.8700008392334,27.950000762939453,27.5,27.75,47061000
2007-04-02,19.727340698242188,27.739999771118164,27.93000030517578,27.559999465942383,27.889999389648438,41977600
2007-04-03,19.819782257080078,27.8700008392334,28.059999465942383,27.75,27.860000610351562,39821300
2007-04-04,20.267810821533203,28.5,28.780000686645508,27.899999618530273,28.010000228881836,63244200
2007-04-05,20.303367614746094,28.549999237060547,28.649999618530273,28.299999237060547,28.31999969482422,30131200
2007-04-09,20.31759262084961,28.56999969482422,28.719999313354492,28.389999389648438,28.579999923706055,31384600
2007-04-10,20.196691513061523,28.399999618530273,28.639999389648438,28.219999313354492,28.5,38643100
2007-04-11,19.990449905395508,28.110000610351562,28.56999969482422,27.989999771118164,28.299999237060547,44050200
2007-04-12,20.296253204345703,28.540000915527344,28.6200008392334,28.040000915527344,28.059999465942383,43762100
2007-04-13,20.346033096313477,28.610000610351562,28.700000762939453,28.100000381469727,28.43000030517578,36002900
2007-04-16,20.431377410888672,28.729999542236328,28.75,28.209999084472656,28.600000381469727,30740100
2007-04-17,20.51671600341797,28.850000381469727,28.889999389648438,28.559999465942383,28.6299991607666,33170200
2007-04-18,20.338930130004883,28.600000381469727,28.670000076293945,28.360000610351562,28.610000610351562,41778400
2007-04-19,20.402931213378906,28.690000534057617,28.889999389648438,28.260000228881836,28.34000015258789,43648800
2007-04-20,20.63761329650879,29.020000457763672,29.100000381469727,28.700000762939453,28.979999542236328,60311500
2007-04-23,20.46693229675293,28.780000686645508,28.989999771118164,28.670000076293945,28.959999084472656,41739100
2007-04-24,20.474042892456055,28.790000915527344,28.959999084472656,28.59000015258789,28.790000915527344,34236700
2007-04-25,20.61627197265625,28.989999771118164,29.0,28.690000534057617,28.860000610351562,39475000
2007-04-26,20.69449806213379,29.100000381469727,29.350000381469727,28.90999984741211,29.09000015258789,68760300
2007-04-27,21.419878005981445,30.1200008392334,30.739999771118164,30.0,30.170000076293945,128298800
2007-04-30,21.291872024536133,29.940000534057617,30.3700008392334,29.940000534057617,30.1299991607666,67788800
2007-05-01,21.618995666503906,30.399999618530273,30.420000076293945,29.899999618530273,29.940000534057617,73539300
2007-05-02,21.76833724975586,30.610000610351562,30.690000534057617,30.299999237060547,30.389999389648438,80686700
2007-05-03,22.024356842041016,30.969999313354492,31.0,30.530000686645508,30.600000381469727,82036800
2007-05-04,21.73278045654297,30.559999465942383,30.700000762939453,30.290000915527344,30.68000030517578,104385900
2007-05-07,21.83945655822754,30.709999084472656,30.760000228881836,30.479999542236328,30.520000457763672,59889100
2007-05-08,21.867904663085938,30.75,30.940000534057617,30.579999923706055,30.68000030517578,60551700
2007-05-09,21.889244079589844,30.780000686645508,30.93000030517578,30.56999969482422,30.700000762939453,51735000
2007-05-10,21.74700355529785,30.579999923706055,30.93000030517578,30.530000686645508,30.68000030517578,55398600
2007-05-11,21.96746063232422,30.889999389648438,30.979999542236328,30.549999237060547,30.56999969482422,43425300
2007-05-14,22.024356842041016,30.969999313354492,30.989999771118164,30.809999465942383,30.84000015258789,70188500
2007-05-15,22.04575538635254,30.899999618530273,31.09000015258789,30.84000015258789,30.899999618530273,75013900
2007-05-16,22.167037963867188,31.06999969482422,31.09000015258789,30.809999465942383,31.0,45833600
2007-05-17,22.10283851623535,30.979999542236328,31.139999389648438,30.959999084472656,31.030000686645508,41045600
2007-05-18,21.995817184448242,30.829999923706055,30.989999771118164,30.579999923706055,30.969999313354492,58453000
2007-05-21,22.152774810791016,31.049999237060547,31.15999984741211,30.729999542236328,30.729999542236328,41836400
2007-05-22,21.895938873291016,30.690000534057617,30.93000030517578,30.65999984741211,30.899999618530273,39999500
2007-05-23,21.817447662353516,30.579999923706055,30.84000015258789,30.56999969482422,30.84000015258789,46322500
2007-05-24,21.52493667602539,30.170000076293945,30.799999237060547,29.959999084472656,30.540000915527344,64046400
2007-05-25,21.746105194091797,30.479999542236328,30.65999984741211,30.18000030517578,30.280000686645508,47726500
2007-05-29,21.967273712158203,30.790000915527344,30.829999923706055,30.389999389648438,30.489999771118164,42373100
2007-05-30,22.195587158203125,31.110000610351562,31.1299991607666,30.510000228881836,30.549999237060547,57376800
2007-05-31,21.895938873291016,30.690000534057617,31.15999984741211,30.610000610351562,31.1200008392334,85290500
2007-06-01,21.82459259033203,30.59000015258789,30.899999618530273,30.549999237060547,30.790000915527344,39469400
2007-06-04,21.917335510253906,30.719999313354492,30.760000228881836,30.399999618530273,30.420000076293945,41434500
2007-06-05,21.817447662353516,30.579999923706055,30.6299991607666,30.329999923706055,30.6200008392334,44265000
2007-06-06,21.61054801940918,30.290000915527344,30.530000686645508,30.25,30.3700008392334,38217500
2007-06-07,21.132530212402344,29.6200008392334,30.290000915527344,29.59000015258789,30.020000457763672,71971400
2007-06-08,21.439311981201172,30.049999237060547,30.059999465942383,29.40999984741211,29.579999923706055,61346200
2007-06-11,21.417919158935547,30.020000457763672,30.25,29.93000030517578,29.940000534057617,48467400
2007-06-12,21.296632766723633,29.850000381469727,30.239999771118164,29.770000457763672,29.959999084472656,56981800
2007-06-13,21.68189811706543,30.389999389648438,30.40999984741211,29.850000381469727,29.969999313354492,64435600
2007-06-14,21.774641036987305,30.520000457763672,30.709999084472656,30.299999237060547,30.350000381469727,59065700
2007-06-15,21.753244400024414,30.489999771118164,30.8799991607666,30.43000030517578,30.860000610351562,100933000
2007-06-18,21.767507553100586,30.510000228881836,30.719999313354492,30.420000076293945,30.690000534057617,45412600
2007-06-19,21.731834411621094,30.459999084472656,30.65999984741211,30.3799991607666,30.479999542236328,46802600
2007-06-20,21.410789489746094,30.010000228881836,30.510000228881836,29.959999084472656,30.440000534057617,46861600
2007-06-21,21.56060791015625,30.219999313354492,30.299999237060547,29.90999984741211,29.979999542236328,56564800
2007-06-22,21.039779663085938,29.489999771118164,30.100000381469727,29.450000762939453,30.0,86219900
2007-06-25,21.039779663085938,29.489999771118164,29.770000457763672,29.3799991607666,29.469999313354492,53905800
2007-06-26,21.061193466186523,29.520000457763672,29.799999237060547,29.5,29.549999237060547,48340300
2007-06-27,21.310897827148438,29.8700008392334,29.950000762939453,29.360000610351562,29.360000610351562,53468600
2007-06-28,21.28235626220703,29.829999923706055,29.969999313354492,29.68000030517578,29.860000610351562,46055200
2007-06-29,21.025522232055664,29.469999313354492,29.93000030517578,29.040000915527344,29.8700008392334,71193900
2007-07-02,21.218149185180664,29.739999771118164,29.799999237060547,29.489999771118164,29.670000076293945,47316000
2007-07-03,21.417919158935547,30.020000457763672,30.219999313354492,29.780000686645508,29.790000915527344,35202600
2007-07-05,21.396516799926758,29.989999771118164,30.219999313354492,29.829999923706055,30.049999237060547,47838500
2007-07-06,21.382238388061523,29.969999313354492,30.040000915527344,29.65999984741211,29.90999984741211,57541000
2007-07-09,21.310897827148438,29.8700008392334,29.950000762939453,29.809999465942383,29.860000610351562,33831400
2007-07-10,20.925634384155273,29.329999923706055,29.989999771118164,29.18000030517578,29.700000762939453,66013500
2007-07-11,21.039779663085938,29.489999771118164,29.649999618530273,29.209999084472656,29.239999771118164,48017000
2007-07-12,21.453594207763672,30.06999969482422,30.110000610351562,29.440000534057617,29.559999465942383,54302400
2007-07-13,21.275226593017578,29.81999969482422,30.020000457763672,29.65999984741211,29.940000534057617,42173000
2007-07-16,21.4250545501709,30.030000686645508,30.239999771118164,29.719999313354492,29.760000228881836,48023200
2007-07-17,21.960147857666016,30.780000686645508,30.8799991607666,30.010000228881836,30.020000457763672,77539600
2007-07-18,22.060029983520508,30.920000076293945,30.969999313354492,30.5,30.510000228881836,64414400
2007-07-19,22.48097038269043,31.510000228881836,31.84000015258789,30.93000030517578,31.049999237060547,121159300
2007-07-20,22.23125648498535,31.15999984741211,31.200000762939453,30.790000915527344,31.149999618530273,98292600
2007-07-23,22.252647399902344,31.190000534057617,31.520000457763672,31.1200008392334,31.360000610351562,48910600
2007-07-24,21.974414825439453,30.799999237060547,31.479999542236328,30.709999084472656,31.010000228881836,59729300
2007-07-25,21.910200119018555,30.709999084472656,31.299999237060547,30.3700008392334,30.989999771118164,54950100
2007-07-26,21.38937759399414,29.979999542236328,30.530000686645508,29.510000228881836,30.239999771118164,87025300
2007-07-27,20.968441009521484,29.389999389648438,30.0,29.360000610351562,29.93000030517578,69214600
2007-07-30,20.97557258605957,29.399999618530273,29.489999771118164,28.950000762939453,29.40999984741211,67499600
2007-07-31,20.683053970336914,28.989999771118164,29.719999313354492,28.979999542236328,29.709999084472656,66554000
2007-08-01,20.904224395751953,29.299999237060547,29.549999237060547,28.81999969482422,28.950000762939453,80006300
2007-08-02,21.061193466186523,29.520000457763672,29.790000915527344,29.020000457763672,29.190000534057617,47938300
2007-08-03,20.66164779663086,28.959999084472656,29.780000686645508,28.899999618530273,29.450000762939453,61535500
2007-08-06,21.07546043395996,29.540000915527344,29.540000915527344,28.75,29.049999237060547,59530500
2007-08-07,21.08259391784668,29.549999237060547,29.790000915527344,29.049999237060547,29.329999923706055,49163000
2007-08-08,21.403642654418945,30.0,30.010000228881836,29.209999084472656,29.719999313354492,52898600
2007-08-09,20.904224395751953,29.299999237060547,30.100000381469727,28.920000076293945,29.639999389648438,72964500
2007-08-10,20.48328971862793,28.709999084472656,29.049999237060547,28.260000228881836,28.899999618530273,76576200
2007-08-13,20.42622184753418,28.6299991607666,28.989999771118164,28.440000534057617,28.940000534057617,55492300
2007-08-14,20.240060806274414,28.270000457763672,28.889999389648438,28.200000762939453,28.770000457763672,42944100
2007-08-15,20.11835289001465,28.100000381469727,28.989999771118164,28.049999237060547,28.239999771118164,48117700
2007-08-16,19.910724639892578,27.809999465942383,28.350000381469727,27.510000228881836,27.8799991607666,81447400
2007-08-17,20.225751876831055,28.25,28.25,27.81999969482422,28.09000015258789,76747700
2007-08-20,20.232908248901367,28.260000228881836,28.489999771118164,28.079999923706055,28.18000030517578,49952000
2007-08-21,20.096879959106445,28.06999969482422,28.31999969482422,27.8700008392334,28.100000381469727,50786200
2007-08-22,20.20426368713379,28.219999313354492,28.31999969482422,28.010000228881836,28.270000457763672,44763500
2007-08-23,20.26154327392578,28.299999237060547,28.329999923706055,28.100000381469727,28.280000686645508,33886600
2007-08-24,20.626680374145508,28.809999465942383,28.84000015258789,28.06999969482422,28.209999084472656,45158900
2007-08-27,20.397579193115234,28.489999771118164,28.770000457763672,28.399999618530273,28.610000610351562,32789500
2007-08-28,19.996644973754883,27.93000030517578,28.489999771118164,27.90999984741211,28.299999237060547,43924400
2007-08-29,20.469165802001953,28.59000015258789,28.610000610351562,27.81999969482422,28.1299991607666,45753700
2007-08-30,20.368934631347656,28.450000762939453,28.93000030517578,28.31999969482422,28.420000076293945,33690700
2007-08-31,20.569408416748047,28.729999542236328,28.920000076293945,28.360000610351562,28.700000762939453,42511900
2007-09-04,20.626680374145508,28.809999465942383,29.100000381469727,28.479999542236328,28.5,45689600
2007-09-05,20.390417098999023,28.479999542236328,28.729999542236328,28.420000076293945,28.649999618530273,47669800
2007-09-06,20.69828224182129,28.90999984741211,29.010000228881836,28.549999237060547,28.559999465942383,45430800
2007-09-07,20.361772537231445,28.440000534057617,28.829999923706055,28.31999969482422,28.6200008392334,52160900
2007-09-10,20.390417098999023,28.479999542236328,28.75,28.40999984741211,28.670000076293945,37247600
2007-09-11,20.71259117126465,28.93000030517578,28.950000762939453,28.579999923706055,28.6299991607666,34380800
2007-09-12,20.71259117126465,28.93000030517578,29.170000076293945,28.799999237060547,28.809999465942383,42364700
2007-09-13,20.87726593017578,29.15999984741211,29.260000228881836,28.959999084472656,29.1200008392334,35288600
2007-09-14,20.79134750366211,29.040000915527344,29.110000610351562,28.8799991607666,28.979999542236328,33496600
2007-09-17,20.569408416748047,28.729999542236328,28.8799991607666,28.6200008392334,28.790000915527344,39536500
2007-09-18,20.71259117126465,28.93000030517578,28.969999313354492,28.270000457763672,28.700000762939453,77462400
2007-09-19,20.52644157409668,28.670000076293945,28.90999984741211,28.299999237060547,28.8700008392334,94242200
2007-09-20,20.347457885742188,28.420000076293945,28.579999923706055,28.34000015258789,28.479999542236328,67168900
2007-09-21,20.512134552001953,28.649999618530273,28.809999465942383,28.440000534057617,28.690000534057617,135636100
2007-09-24,20.819988250732422,29.079999923706055,29.610000610351562,28.799999237060547,28.809999465942383,104459800
2007-09-25,21.163654327392578,29.559999465942383,29.559999465942383,29.110000610351562,29.139999389648438,75621000
2007-09-26,21.12068748474121,29.5,29.850000381469727,29.479999542236328,29.68000030517578,60337000
2007-09-27,21.113527297973633,29.489999771118164,29.719999313354492,29.440000534057617,29.700000762939453,43407100
2007-09-28,21.092058181762695,29.459999084472656,29.690000534057617,29.229999542236328,29.489999771118164,45819100
2007-10-01,21.314006805419922,29.770000457763672,29.790000915527344,29.40999984741211,29.459999084472656,43875100
2007-10-02,21.263887405395508,29.700000762939453,29.850000381469727,29.56999969482422,29.700000762939453,33700900
2007-10-03,21.08489990234375,29.450000762939453,29.850000381469727,29.290000915527344,29.709999084472656,37633900
2007-10-04,21.271038055419922,29.709999084472656,29.770000457763672,29.440000534057617,29.559999465942383,37868000
2007-10-05,21.364110946655273,29.84000015258789,29.989999771118164,29.729999542236328,29.889999389648438,45012300
2007-10-08,21.364110946655273,29.84000015258789,29.850000381469727,29.600000381469727,29.65999984741211,30265400
2007-10-09,21.550260543823242,30.100000381469727,30.389999389648438,30.0,30.030000686645508,63603100
2007-10-10,21.64333724975586,30.229999542236328,30.3700008392334,30.030000686645508,30.040000915527344,32251500
2007-10-11,21.41423988342285,29.90999984741211,30.6299991607666,29.790000915527344,30.299999237060547,50788400
2007-10-12,21.60037612915039,30.170000076293945,30.399999618530273,29.950000762939453,30.030000686645508,31121100
2007-10-15,21.507312774658203,30.040000915527344,30.329999923706055,30.0,30.100000381469727,47150500
2007-10-16,21.70777130126953,30.31999969482422,30.579999923706055,30.229999542236328,30.239999771118164,56286200
2007-10-17,22.251903533935547,31.079999923706055,31.229999542236328,30.649999618530273,30.75,86092400
2007-10-18,22.309186935424805,31.15999984741211,31.229999542236328,30.6299991607666,31.219999313354492,49208600
2007-10-19,21.60037612915039,30.170000076293945,31.09000015258789,30.110000610351562,31.09000015258789,75200200
2007-10-22,21.843801498413086,30.510000228881836,30.700000762939453,30.1200008392334,30.1200008392334,58785100
2007-10-23,22.123027801513672,30.899999618530273,31.1200008392334,30.709999084472656,30.709999084472656,49956200
2007-10-24,22.37361717224121,31.25,31.299999237060547,30.5,30.850000381469727,77979200
2007-10-25,22.903427124023438,31.989999771118164,32.220001220703125,31.489999771118164,31.56999969482422,169588700
2007-10-26,25.079927444458008,35.029998779296875,36.029998779296875,34.560001373291016,36.0099983215332,288121200
2007-10-29,24.750591278076172,34.56999969482422,35.290000915527344,34.45000076293945,34.849998474121094,114655600
2007-10-30,25.466541290283203,35.56999969482422,35.59000015258789,34.349998474121094,34.369998931884766,107297300
2007-10-31,26.354318618774414,36.810001373291016,37.0,35.5099983215332,35.52000045776367,185635800
2007-11-01,26.53331184387207,37.060001373291016,37.4900016784668,36.36000061035156,36.529998779296875,152078800
2007-11-02,26.53331184387207,37.060001373291016,37.5,36.41999816894531,37.220001220703125,96389800
2007-11-05,26.29704475402832,36.72999954223633,37.099998474121094,36.630001068115234,36.7599983215332,75485400
2007-11-06,26.067935943603516,36.40999984741211,36.65999984741211,35.869998931884766,36.59000015258789,100966700
2007-11-07,25.430736541748047,35.52000045776367,36.15999984741211,35.45000076293945,36.040000915527344,74897800
2007-11-08,24.87229347229004,34.7400016784668,35.900001525878906,34.400001525878906,35.599998474121094,133742400
2007-11-09,24.149185180664062,33.72999954223633,34.540000915527344,33.650001525878906,34.18000030517578,125136900
2007-11-12,23.898591995239258,33.380001068115234,33.709999084472656,33.02000045776367,33.31999969482422,84865200
2007-11-13,24.75340461730957,34.459999084472656,34.66999816894531,33.380001068115234,33.540000915527344,104311500
2007-11-14,24.3726806640625,33.93000030517578,34.75,33.75,34.619998931884766,84063100
2007-11-15,24.250577926635742,33.7599983215332,34.099998474121094,33.54999923706055,33.7599983215332,64014100
2007-11-16,24.487619400024414,34.09000015258789,34.2599983215332,33.709999084472656,33.86000061035156,71113800
2007-11-19,24.394241333007812,33.959999084472656,34.2400016784668,33.869998931884766,33.959999084472656,63026200
2007-11-20,24.839611053466797,34.58000183105469,34.970001220703125,34.099998474121094,34.22999954223633,100009400
2007-11-21,24.588180541992188,34.22999954223633,34.72999954223633,34.18000030517578,34.400001525878906,89518700
2007-11-23,24.50200080871582,34.11000061035156,34.439998626708984,33.709999084472656,34.36000061035156,33467200
2007-11-26,23.683103561401367,32.970001220703125,34.369998931884766,32.93000030517578,34.09000015258789,80335000
2007-11-27,23.74774932861328,33.060001373291016,33.599998474121094,32.68000030517578,33.27000045776367,84178400
2007-11-28,24.207477569580078,33.70000076293945,33.88999938964844,32.900001525878906,33.380001068115234,88585000
2007-11-29,24.12845802307129,33.59000015258789,33.93000030517578,33.310001373291016,33.58000183105469,53633600
2007-11-30,24.135644912719727,33.599998474121094,34.119998931884766,33.189998626708984,33.91999816894531,71027800
2007-12-03,23.647186279296875,32.91999816894531,33.63999938964844,32.68000030517578,33.5,61770600
2007-12-04,23.539440155029297,32.77000045776367,33.2400016784668,32.630001068115234,32.7400016784668,54801500
2007-12-05,24.530733108520508,34.150001525878906,34.52000045776367,33.029998779296875,33.13999938964844,84894700
2007-12-06,24.81804656982422,34.54999923706055,34.61000061035156,33.869998931884766,34.2599983215332,49209700
2007-12-07,24.803688049316406,34.529998779296875,34.70000076293945,34.220001220703125,34.61000061035156,40771000
2007-12-10,24.968894958496094,34.7599983215332,34.95000076293945,34.470001220703125,34.63999938964844,36083500
2007-12-11,24.494800567626953,34.099998474121094,34.9900016784668,33.93000030517578,34.72999954223633,55070700
2007-12-12,24.760595321655273,34.470001220703125,35.09000015258789,33.93000030517578,34.61000061035156,63345400
2007-12-13,25.29932403564453,35.220001220703125,35.45000076293945,34.279998779296875,34.47999954223633,73913200
2007-12-14,25.363971710205078,35.310001373291016,35.84000015258789,35.0099983215332,35.04999923706055,71126200
2007-12-17,24.70311164855957,34.38999938964844,35.130001068115234,34.36000061035156,35.029998779296875,58121200
2007-12-18,24.95452880859375,34.7400016784668,35.0,34.209999084472656,34.63999938964844,52791800
2007-12-19,24.99045753479004,34.790000915527344,35.13999938964844,34.380001068115234,34.689998626708984,58469100
2007-12-20,25.514814376831055,35.52000045776367,35.790000915527344,35.08000183105469,35.290000915527344,59345000
2007-12-21,25.902721405029297,36.060001373291016,36.060001373291016,35.75,35.900001525878906,83240500
2007-12-24,26.276248931884766,36.58000183105469,36.720001220703125,36.04999923706055,36.130001068115234,29622600
2007-12-26,26.297801971435547,36.61000061035156,36.63999938964844,36.2599983215332,36.40999984741211,30252400
2007-12-27,25.83806610107422,35.970001220703125,36.54999923706055,35.939998626708984,36.349998474121094,33311100
2007-12-28,25.945817947387695,36.119998931884766,36.22999954223633,35.66999816894531,36.099998474121094,33447200
2007-12-31,25.572288513183594,35.599998474121094,35.9900016784668,35.52000045776367,35.900001525878906,35229700
2008-01-02,25.29932403564453,35.220001220703125,35.959999084472656,35.0,35.790000915527344,63004200
2008-01-03,25.407068252563477,35.369998931884766,35.650001525878906,34.86000061035156,35.220001220703125,49599600
2008-01-04,24.695941925048828,34.380001068115234,35.20000076293945,34.09000015258789,35.189998626708984,72090800
2008-01-07,24.861148834228516,34.61000061035156,34.79999923706055,34.25,34.54999923706055,80164300
2008-01-08,24.02789306640625,33.45000076293945,34.709999084472656,33.400001525878906,34.709999084472656,79148300
2008-01-09,24.739032745361328,34.439998626708984,34.540000915527344,33.349998474121094,33.36000061035156,74305500
2008-01-10,24.660018920898438,34.33000183105469,34.5,33.779998779296875,34.349998474121094,72446000
2008-01-11,24.35832405090332,33.90999984741211,34.2400016784668,33.720001220703125,34.13999938964844,55187900
2008-01-14,24.70311164855957,34.38999938964844,34.56999969482422,34.08000183105469,34.459999084472656,52792200
2008-01-15,24.4229736328125,34.0,34.380001068115234,34.0,34.029998779296875,61606200
2008-01-16,23.869869232177734,33.22999954223633,33.650001525878906,32.5099983215332,33.41999816894531,120778500
2008-01-17,23.783666610717773,33.11000061035156,33.79999923706055,32.970001220703125,33.540000915527344,94247800
2008-01-18,23.71183204650879,33.0099983215332,34.0,32.970001220703125,33.15999984741211,117062000
2008-01-22,22.957595825195312,31.959999084472656,32.529998779296875,31.5,31.540000915527344,108521400
2008-01-23,22.936044692993164,31.93000030517578,32.04999923706055,31.040000915527344,31.479999542236328,137597400
2008-01-24,23.88422393798828,33.25,33.36000061035156,32.119998931884766,32.349998474121094,155640400
2008-01-25,23.661550521850586,32.939998626708984,35.0,32.869998931884766,34.900001525878906,196992300
2008-01-28,23.503524780273438,32.720001220703125,33.099998474121094,32.41999816894531,33.02000045776367,81019000
2008-01-29,23.417322158813477,32.599998474121094,32.88999938964844,32.349998474121094,32.849998474121094,68023000
2008-01-30,23.129993438720703,32.20000076293945,32.79999923706055,32.04999923706055,32.560001373291016,106432600
2008-01-31,23.417322158813477,32.599998474121094,32.7400016784668,31.719999313354492,31.90999984741211,103642200
2008-02-01,21.872928619384766,30.450000762939453,33.25,30.25,31.059999465942383,291138900
2008-02-04,21.686166763305664,30.190000534057617,30.719999313354492,30.110000610351562,30.489999771118164,119998600
2008-02-05,20.881635665893555,29.06999969482422,29.940000534057617,28.889999389648438,29.90999984741211,137534100
2008-02-06,20.4865665435791,28.520000457763672,29.350000381469727,28.290000915527344,29.280000686645508,138315600
2008-02-07,20.199230194091797,28.1200008392334,28.780000686645508,27.899999618530273,28.34000015258789,164964900
2008-02-08,20.515304565429688,28.559999465942383,29.079999923706055,28.239999771118164,28.290000915527344,124872000
2008-02-11,20.26388168334961,28.209999084472656,28.610000610351562,27.90999984741211,28.520000457763672,156814100
2008-02-12,20.357261657714844,28.34000015258789,28.6200008392334,28.110000610351562,28.43000030517578,84365900
2008-02-13,20.80262565612793,28.959999084472656,29.049999237060547,28.530000686645508,28.6200008392334,88986200
2008-02-14,20.472196578979492,28.5,29.040000915527344,28.459999084472656,28.8799991607666,69113500
2008-02-15,20.414730072021484,28.420000076293945,28.639999389648438,28.25,28.309999465942383,68166100
2008-02-19,20.313779830932617,28.170000076293945,28.84000015258789,28.06999969482422,28.799999237060547,68261200
2008-02-20,20.34983253479004,28.219999313354492,28.260000228881836,27.920000076293945,28.149999618530273,93056200
2008-02-21,20.2632999420166,28.100000381469727,28.959999084472656,27.959999084472656,28.6200008392334,98776500
2008-02-22,19.960432052612305,27.68000030517578,28.389999389648438,27.200000762939453,28.239999771118164,125705400
2008-02-25,20.075809478759766,27.84000015258789,28.239999771118164,27.479999542236328,27.649999618530273,109974300
2008-02-26,20.465206146240234,28.3799991607666,28.860000610351562,27.670000076293945,27.739999771118164,108923500
2008-02-27,20.378677368164062,28.260000228881836,28.68000030517578,28.100000381469727,28.190000534057617,75199500
2008-02-28,20.140710830688477,27.93000030517578,28.270000457763672,27.799999237060547,28.020000457763672,83002900
2008-02-29,19.614295959472656,27.200000762939453,27.829999923706055,27.020000457763672,27.690000534057617,117411400
2008-03-03,19.462865829467773,26.989999771118164,27.389999389648438,26.8700008392334,27.239999771118164,76544300
2008-03-04,19.895532608032227,27.59000015258789,27.6299991607666,26.959999084472656,27.020000457763672,86925600
2008-03-05,20.277719497680664,28.1200008392334,28.40999984741211,27.700000762939453,27.75,106489800
2008-03-06,19.8811092376709,27.56999969482422,28.170000076293945,27.5,28.059999465942383,91127700
2008-03-07,20.09744644165039,27.8700008392334,28.06999969482422,27.31999969482422,27.34000015258789,77597600
2008-03-10,20.227237701416016,28.049999237060547,28.260000228881836,27.75,27.829999923706055,72175100
2008-03-11,21.11421775817871,29.280000686645508,29.34000015258789,28.3799991607666,28.399999618530273,98740700
2008-03-12,20.645488739013672,28.6299991607666,29.489999771118164,28.540000915527344,29.43000030517578,75993800
2008-03-13,20.63827896118164,28.6200008392334,28.989999771118164,28.15999984741211,28.540000915527344,84552200
2008-03-14,20.162343978881836,27.959999084472656,29.010000228881836,27.639999389648438,28.719999313354492,105214900
2008-03-17,20.40751838684082,28.299999237060547,28.729999542236328,27.280000686645508,27.299999237060547,84490100
2008-03-18,21.215167999267578,29.420000076293945,29.479999542236328,28.670000076293945,28.670000076293945,83695300
2008-03-19,20.63827896118164,28.6200008392334,29.59000015258789,28.6200008392334,29.3799991607666,61442100
2008-03-20,21.042097091674805,29.18000030517578,29.219999313354492,28.59000015258789,28.739999771118164,60170200
2008-03-24,21.03489112854004,29.170000076293945,29.399999618530273,29.059999465942383,29.329999923706055,48294700
2008-03-25,21.013256072998047,29.139999389648438,29.3700008392334,28.940000534057617,29.329999923706055,49149000
2008-03-26,20.595006942749023,28.559999465942383,29.06999969482422,28.3799991607666,29.030000686645508,45868100
2008-03-27,20.227237701416016,28.049999237060547,28.489999771118164,28.0,28.479999542236328,47894400
2008-03-28,20.12628936767578,27.90999984741211,28.43000030517578,27.829999923706055,28.229999542236328,49244000
2008-03-31,20.465206146240234,28.3799991607666,28.59000015258789,27.84000015258789,27.8799991607666,46780600
2008-04-01,21.27286148071289,29.5,29.540000915527344,28.6299991607666,28.829999923706055,65796200
2008-04-02,21.027673721313477,29.15999984741211,29.579999923706055,29.0,29.56999969482422,49499400
2008-04-03,20.912303924560547,29.0,29.31999969482422,28.799999237060547,29.0,38961400
2008-04-04,21.027673721313477,29.15999984741211,29.260000228881836,28.739999771118164,29.1299991607666,43860800
2008-04-07,21.027673721313477,29.15999984741211,29.59000015258789,29.030000686645508,29.549999237060547,44428600
2008-04-08,20.732025146484375,28.75,29.0,28.540000915527344,28.940000534057617,44733500
2008-04-09,20.832975387573242,28.889999389648438,29.040000915527344,28.540000915527344,28.719999313354492,45839300
2008-04-10,20.991621017456055,29.110000610351562,29.399999618530273,28.799999237060547,28.829999923706055,65591600
2008-04-11,20.39310073852539,28.280000686645508,29.010000228881836,28.209999084472656,28.8700008392334,54373700
2008-04-14,20.234453201293945,28.059999465942383,28.309999465942383,27.93000030517578,28.239999771118164,43418100
2008-04-15,20.37146759033203,28.25,28.479999542236328,28.030000686645508,28.1200008392334,34310000
2008-04-16,20.876243591308594,28.950000762939453,29.049999237060547,28.3799991607666,28.56999969482422,54107400
2008-04-17,21.070945739746094,29.219999313354492,29.34000015258789,28.899999618530273,29.1200008392334,48743300
2008-04-18,21.63340950012207,30.0,30.100000381469727,29.610000610351562,30.010000228881836,73658900
2008-04-21,21.936283111572266,30.420000076293945,30.600000381469727,30.1200008392334,30.190000534057617,54411700
2008-04-22,21.813688278198242,30.25,30.700000762939453,29.969999313354492,30.639999389648438,67387500
2008-04-23,22.67902946472168,31.450000762939453,31.459999084472656,30.299999237060547,30.450000762939453,98351500
2008-04-24,22.931415557861328,31.799999237060547,32.099998474121094,31.15999984741211,31.6299991607666,115416700
2008-04-25,21.510822296142578,29.829999923706055,30.389999389648438,29.600000381469727,30.049999237060547,145194900
2008-04-28,20.905092239379883,28.989999771118164,29.84000015258789,28.81999969482422,29.799999237060547,97473000
2008-04-29,20.652698516845703,28.639999389648438,28.899999618530273,28.450000762939453,28.799999237060547,84428900
2008-04-30,20.5661678314209,28.520000457763672,29.209999084472656,28.510000228881836,28.739999771118164,74733600
2008-05-01,21.200742721557617,29.399999618530273,29.489999771118164,28.479999542236328,28.5,71699400
2008-05-02,21.085372924804688,29.239999771118164,29.6200008392334,28.860000610351562,29.59000015258789,66024200
2008-05-05,20.969989776611328,29.079999923706055,30.229999542236328,28.989999771118164,29.93000030517578,119687700
2008-05-06,21.417081832885742,29.700000762939453,29.860000610351562,28.93000030517578,29.0,93582000
2008-05-07,21.063737869262695,29.209999084472656,30.139999389648438,29.079999923706055,29.690000534057617,88775000
2008-05-08,21.10700798034668,29.270000457763672,29.389999389648438,29.0,29.280000686645508,69589900
2008-05-09,21.19353485107422,29.389999389648438,29.549999237060547,28.950000762939453,29.209999084472656,51621200
2008-05-12,21.626205444335938,29.989999771118164,30.059999465942383,29.350000381469727,29.399999618530273,64278800
2008-05-13,21.553829193115234,29.780000686645508,30.1299991607666,29.530000686645508,30.0,70934700
2008-05-14,21.662389755249023,29.93000030517578,30.260000228881836,29.729999542236328,29.889999389648438,66730400
2008-05-15,22.038755416870117,30.450000762939453,30.530000686645508,29.940000534057617,29.979999542236328,53355800
2008-05-16,21.70582389831543,29.989999771118164,30.479999542236328,29.920000076293945,30.469999313354492,81538200
2008-05-19,21.322223663330078,29.459999084472656,29.889999389648438,29.309999465942383,29.8700008392334,59615000
2008-05-20,20.815584182739258,28.760000228881836,29.309999465942383,28.6299991607666,29.299999237060547,75767600
2008-05-21,20.44646644592285,28.25,29.049999237060547,28.190000534057617,28.809999465942383,60125100
2008-05-22,20.60569190979004,28.469999313354492,28.700000762939453,28.18000030517578,28.280000686645508,52203100
2008-05-23,20.30169677734375,28.049999237060547,28.329999923706055,27.950000762939453,28.260000228881836,48890700
2008-05-27,20.583972930908203,28.440000534057617,28.5,28.049999237060547,28.110000610351562,47334500
2008-05-28,20.395801544189453,28.18000030517578,28.56999969482422,28.040000915527344,28.559999465942383,52318500
2008-05-29,20.489883422851562,28.309999465942383,28.68000030517578,28.139999389648438,28.209999084472656,47699200
2008-05-30,20.497129440307617,28.31999969482422,28.700000762939453,28.200000762939453,28.3799991607666,63399200
2008-06-02,20.120765686035156,27.799999237060547,28.360000610351562,27.549999237060547,28.239999771118164,77028400
2008-06-03,19.7661190032959,27.309999465942383,28.309999465942383,27.270000457763672,27.90999984741211,86616700
2008-06-04,19.932592391967773,27.540000915527344,27.639999389648438,27.200000762939453,27.280000686645508,79567400
2008-06-05,20.482646942138672,28.299999237060547,28.299999237060547,27.600000381469727,27.719999313354492,76063400
2008-06-06,19.896400451660156,27.489999771118164,28.170000076293945,27.489999771118164,27.989999771118164,78500800
2008-06-09,20.055627822875977,27.709999084472656,27.90999984741211,27.299999237060547,27.649999618530273,66787100
2008-06-10,20.18590545654297,27.889999389648438,28.290000915527344,27.31999969482422,27.360000610351562,77433900
2008-06-11,19.62860679626465,27.1200008392334,27.940000534057617,27.110000610351562,27.850000381469727,59330800
2008-06-12,20.43922233581543,28.239999771118164,28.549999237060547,27.190000534057617,27.399999618530273,113996300
2008-06-13,21.039945602416992,29.06999969482422,29.56999969482422,28.5,28.6299991607666,131969100
2008-06-16,20.938621520996094,28.93000030517578,29.110000610351562,28.639999389648438,29.020000457763672,74718900
2008-06-17,20.84453773498535,28.799999237060547,29.1200008392334,28.790000915527344,29.040000915527344,44256700
2008-06-18,20.598445892333984,28.459999084472656,28.860000610351562,28.459999084472656,28.549999237060547,49677800
2008-06-19,20.938621520996094,28.93000030517578,29.190000534057617,28.329999923706055,28.549999237060547,62037800
2008-06-20,20.431987762451172,28.229999542236328,28.920000076293945,28.100000381469727,28.899999618530273,97480400
2008-06-23,20.243803024291992,27.969999313354492,28.40999984741211,27.790000915527344,28.299999237060547,57145300
2008-06-24,20.070100784301758,27.729999542236328,28.010000228881836,27.510000228881836,27.920000076293945,65218300
2008-06-25,20.51883888244629,28.350000381469727,28.670000076293945,27.760000228881836,27.809999465942383,64280200
2008-06-26,20.084579467773438,27.75,28.200000762939453,27.75,28.030000686645508,67049100
2008-06-27,19.997724533081055,27.6299991607666,27.90999984741211,27.459999084472656,27.68000030517578,73450200
2008-06-30,19.910873413085938,27.510000228881836,27.979999542236328,27.489999771118164,27.729999542236328,57830500
2008-07-01,19.447664260864258,26.8700008392334,27.3799991607666,26.440000534057617,27.270000457763672,100327800
2008-07-02,18.731136322021484,25.8799991607666,27.0,25.8799991607666,26.899999618530273,84669000
2008-07-03,18.803504943847656,25.979999542236328,26.100000381469727,25.600000381469727,25.969999313354492,37074500
2008-07-07,18.839696884155273,26.030000686645508,26.389999389648438,25.450000762939453,26.110000610351562,71527600
2008-07-08,18.709421157836914,25.850000381469727,26.200000762939453,25.510000228881836,25.93000030517578,65553200
2008-07-09,18.260679244995117,25.229999542236328,25.850000381469727,25.18000030517578,25.790000915527344,54255800
2008-07-10,18.419906616210938,25.450000762939453,25.670000076293945,24.979999542236328,25.200000762939453,57830600
2008-07-11,18.2751522064209,25.25,25.639999389648438,24.8700008392334,25.15999984741211,69532600
2008-07-14,18.202775955200195,25.149999618530273,25.809999465942383,25.06999969482422,25.479999542236328,51216200
2008-07-15,18.92654800415039,26.149999618530273,26.639999389648438,24.93000030517578,24.93000030517578,92719300
2008-07-16,19.729930877685547,27.260000228881836,27.290000915527344,25.920000076293945,26.1299991607666,82060400
2008-07-17,19.918113708496094,27.520000457763672,27.90999984741211,27.110000610351562,27.579999923706055,96526100
2008-07-18,18.71665382385254,25.860000610351562,26.469999313354492,25.110000610351562,26.360000610351562,150277000
2008-07-21,18.557422637939453,25.639999389648438,26.170000076293945,25.530000686645508,25.65999984741211,77575600
2008-07-22,18.67322540283203,25.799999237060547,25.940000534057617,25.479999542236328,25.540000915527344,88657200
2008-07-23,19.12920379638672,26.43000030517578,26.84000015258789,25.850000381469727,25.860000610351562,79408800
2008-07-24,18.412668228149414,25.440000534057617,26.170000076293945,25.440000534057617,26.09000015258789,81092600
2008-07-25,18.93377685546875,26.15999984741211,26.219999313354492,25.5,25.639999389648438,58682300
2008-07-28,18.456100463867188,25.5,26.110000610351562,25.34000015258789,26.059999465942383,59707800
2008-07-29,18.897594451904297,26.110000610351562,26.190000534057617,25.399999618530273,25.520000457763672,66368200
2008-07-30,18.984447479248047,26.229999542236328,26.489999771118164,25.899999618530273,26.200000762939453,51977700
2008-07-31,18.615320205688477,25.719999313354492,26.280000686645508,25.709999084472656,25.850000381469727,60461000
2008-08-01,18.412668228149414,25.440000534057617,25.950000762939453,25.06999969482422,25.920000076293945,82720200
2008-08-04,18.2968692779541,25.280000686645508,25.549999237060547,25.110000610351562,25.389999389648438,60588300
2008-08-05,18.96997833251953,26.209999084472656,26.280000686645508,25.5,25.639999389648438,84297600
2008-08-06,19.556232452392578,27.020000457763672,27.15999984741211,26.3799991607666,26.729999542236328,95550000
2008-08-07,19.82402229309082,27.389999389648438,27.75,26.729999542236328,26.899999618530273,82565800
2008-08-08,20.359607696533203,28.1299991607666,28.229999542236328,27.190000534057617,27.350000381469727,80814100
2008-08-11,20.193140029907227,27.899999618530273,28.399999618530273,27.65999984741211,27.860000610351562,68743800
2008-08-12,20.35236167907715,28.1200008392334,28.360000610351562,27.579999923706055,27.780000686645508,62813000
2008-08-13,20.20037841796875,27.90999984741211,28.5,27.760000228881836,28.06999969482422,51165200
2008-08-14,20.20037841796875,27.90999984741211,28.280000686645508,27.559999465942383,27.81999969482422,49732300
2008-08-15,20.128000259399414,27.809999465942383,28.149999618530273,27.579999923706055,27.979999542236328,47267400
2008-08-18,20.041149139404297,27.690000534057617,28.049999237060547,27.549999237060547,27.780000686645508,38078200
2008-08-19,19.852222442626953,27.31999969482422,27.75,27.270000457763672,27.540000915527344,40332900
2008-08-20,19.83041763305664,27.290000915527344,27.579999923706055,27.170000076293945,27.540000915527344,41497200
2008-08-21,19.750486373901367,27.18000030517578,27.229999542236328,26.860000610351562,27.100000381469727,43614200
2008-08-22,20.230077743530273,27.84000015258789,27.8799991607666,27.219999313354492,27.229999542236328,47930400
2008-08-25,20.09928321838379,27.65999984741211,27.84000015258789,27.459999084472656,27.610000610351562,51381300
2008-08-26,19.815893173217773,27.270000457763672,27.719999313354492,27.170000076293945,27.579999923706055,44774400
2008-08-27,20.026609420776367,27.559999465942383,27.790000915527344,27.1299991607666,27.34000015258789,33975300
2008-08-28,20.30274200439453,27.940000534057617,28.010000228881836,27.600000381469727,27.610000610351562,48372600
2008-08-29,19.83041763305664,27.290000915527344,27.780000686645508,27.290000915527344,27.68000030517578,50735500
2008-09-02,19.69235610961914,27.100000381469727,27.760000228881836,27.059999465942383,27.670000076293945,66079200
2008-09-03,19.54701805114746,26.899999618530273,27.18000030517578,26.84000015258789,27.0,57127700
2008-09-04,19.147357940673828,26.350000381469727,26.889999389648438,26.350000381469727,26.739999771118164,66141900
2008-09-05,18.638710021972656,25.649999618530273,26.219999313354492,25.6299991607666,26.030000686645508,82305200
2008-09-08,18.980234146118164,26.1200008392334,26.329999923706055,25.670000076293945,26.209999084472656,62110800
2008-09-09,18.965696334838867,26.100000381469727,26.600000381469727,26.049999237060547,26.200000762939453,85735700
2008-09-10,19.2127628326416,26.440000534057617,26.860000610351562,26.25,26.520000457763672,75064900
2008-09-11,19.86676025390625,27.34000015258789,27.459999084472656,26.030000686645508,26.100000381469727,72913300
2008-09-12,20.07021713256836,27.6200008392334,27.739999771118164,26.940000534057617,27.139999389648438,75628500
2008-09-15,19.4888973236084,26.81999969482422,27.489999771118164,26.729999542236328,26.920000076293945,82349400
2008-09-16,18.885761260986328,25.989999771118164,26.489999771118164,25.520000457763672,26.09000015258789,111729700
2008-09-17,17.85392189025879,24.56999969482422,25.8700008392334,24.5,25.729999542236328,106972100
2008-09-18,18.355304718017578,25.260000228881836,25.350000381469727,24.010000228881836,24.799999237060547,132291300
2008-09-19,18.28264617919922,25.15999984741211,26.399999618530273,23.5,26.3700008392334,134926100
2008-09-22,18.457042694091797,25.399999618530273,26.31999969482422,25.31999969482422,26.219999313354492,105207700
2008-09-23,18.486103057861328,25.440000534057617,26.170000076293945,25.34000015258789,25.65999984741211,92181300
2008-09-24,18.689565658569336,25.719999313354492,26.09000015258789,25.459999084472656,25.579999923706055,80250300
2008-09-25,19.336288452148438,26.610000610351562,26.8799991607666,25.739999771118164,25.81999969482422,96203500
2008-09-26,19.910348892211914,27.399999618530273,27.559999465942383,26.139999389648438,26.170000076293945,100744300
2008-09-29,18.17365264892578,25.010000228881836,27.65999984741211,25.010000228881836,26.940000534057617,134383100
2008-09-30,19.394426345825195,26.690000534057617,26.690000534057617,25.540000915527344,25.770000457763672,107192700
2008-10-01,19.2418270111084,26.479999542236328,26.989999771118164,26.280000686645508,26.3799991607666,88957000
2008-10-02,19.074703216552734,26.25,26.530000686645508,25.700000762939453,26.18000030517578,93819800
2008-10-03,19.12556266784668,26.31999969482422,27.469999313354492,26.239999771118164,26.3700008392334,114289400
2008-10-06,18.100976943969727,24.90999984741211,25.989999771118164,24.139999389648438,25.6299991607666,146374600
2008-10-07,16.880199432373047,23.229999542236328,25.209999084472656,23.139999389648438,24.979999542236328,145941200
2008-10-08,16.720340728759766,23.010000228881836,24.299999237060547,22.5,22.899999618530273,171598600
2008-10-09,16.20441246032715,22.299999237060547,23.90999984741211,22.06999969482422,23.770000457763672,131948700
2008-10-10,15.623085975646973,21.5,22.350000381469727,20.649999618530273,21.790000915527344,228467500
2008-10-13,18.529706954956055,25.5,25.5,22.6299991607666,22.860000610351562,144935400
2008-10-14,17.512392044067383,24.100000381469727,25.729999542236328,23.600000381469727,25.639999389648438,165674900
2008-10-15,16.466007232666016,22.65999984741211,24.25,22.479999542236328,23.780000686645508,113280200
2008-10-16,17.577781677246094,24.190000534057617,24.190000534057617,21.309999465942383,22.940000534057617,161147800
2008-10-17,17.38886070251465,23.93000030517578,25.110000610351562,23.309999465942383,23.56999969482422,133673100
2008-10-20,17.962913513183594,24.719999313354492,24.75,23.010000228881836,24.200000762939453,93484300
2008-10-21,16.97466278076172,23.360000610351562,25.010000228881836,23.270000457763672,24.299999237060547,100385600
2008-10-22,15.644890785217285,21.530000686645508,23.059999465942383,20.899999618530273,23.040000915527344,150054800
2008-10-23,16.218950271606445,22.31999969482422,22.59000015258789,20.889999389648438,21.549999237060547,154774100
2008-10-24,15.957344055175781,21.959999084472656,22.860000610351562,20.950000762939453,21.059999465942383,153919700
2008-10-27,15.390555381774902,21.18000030517578,21.959999084472656,21.020000457763672,21.670000076293945,117683900
2008-10-28,16.785730361938477,23.100000381469727,23.209999084472656,21.34000015258789,21.639999389648438,134088800
2008-10-29,16.71307373046875,23.0,23.969999313354492,22.700000762939453,23.1299991607666,111701800
2008-10-30,16.44420623779297,22.6299991607666,23.8799991607666,22.389999389648438,23.690000534057617,95323000
2008-10-31,16.22620391845703,22.329999923706055,22.90999984741211,22.1200008392334,22.530000686645508,93055200
2008-11-03,16.43694305419922,22.6200008392334,22.90999984741211,22.209999084472656,22.479999542236328,61923500
2008-11-04,17.09819984436035,23.530000686645508,23.65999984741211,22.8700008392334,23.1299991607666,72123000
2008-11-05,16.0445499420166,22.079999923706055,23.34000015258789,22.049999237060547,23.329999923706055,81179700
2008-11-06,15.172554969787598,20.8799991607666,22.079999923706055,20.860000610351562,21.8700008392334,95509700
2008-11-07,15.623085975646973,21.5,21.540000915527344,21.0,21.31999969482422,71256300
2008-11-10,15.477752685546875,21.299999237060547,21.969999313354492,21.190000534057617,21.850000381469727,67106800
2008-11-11,15.4050931930542,21.200000762939453,21.299999237060547,20.790000915527344,21.290000915527344,78014500
2008-11-12,14.751099586486816,20.299999237060547,21.0,20.280000686645508,20.889999389648438,90162300
2008-11-13,15.441422462463379,21.25,21.25,18.739999771118164,20.149999618530273,148413700
2008-11-14,14.576700210571289,20.059999465942383,21.34000015258789,19.649999618530273,20.559999465942383,96624500
2008-11-17,14.038980484008789,19.31999969482422,20.239999771118164,19.149999618530273,19.739999771118164,97289000
2008-11-18,14.353562355041504,19.6200008392334,19.65999984741211,18.75,19.5,108966500
2008-11-19,13.380562782287598,18.290000915527344,19.950000762939453,18.25,19.6299991607666,103010500
2008-11-20,12.82455825805664,17.530000686645508,18.84000015258789,17.5,18.1200008392334,139532800
2008-11-21,14.397453308105469,19.68000030517578,19.700000762939453,17.979999542236328,18.020000457763672,157231900
2008-11-24,15.136348724365234,20.690000534057617,20.940000534057617,19.8700008392334,19.889999389648438,125289900
2008-11-25,14.62424373626709,19.989999771118164,20.93000030517578,19.549999237060547,20.860000610351562,92948100
2008-11-26,14.990025520324707,20.489999771118164,20.68000030517578,19.729999542236328,19.729999542236328,79678300
2008-11-28,14.79249382019043,20.219999313354492,20.309999465942383,20.020000457763672,20.229999542236328,28650800
2008-12-01,13.614663124084473,18.610000610351562,19.950000762939453,18.600000381469727,19.8799991607666,79639900
2008-12-02,14.009712219238281,19.149999618530273,19.309999465942383,18.559999465942383,18.989999771118164,79689800
2008-12-03,14.53645133972168,19.8700008392334,19.899999618530273,18.600000381469727,18.649999618530273,80961500
2008-12-04,13.980447769165039,19.110000610351562,19.920000076293945,18.790000915527344,19.399999618530273,78719200
2008-12-05,14.53645133972168,19.8700008392334,19.979999542236328,18.469999313354492,18.90999984741211,91996200
2008-12-08,15.37045669555664,21.010000228881836,21.25,20.139999389648438,20.350000381469727,107225000
2008-12-09,15.070505142211914,20.600000381469727,21.25,20.459999084472656,20.6200008392334,80484900
2008-12-10,15.077817916870117,20.610000610351562,20.959999084472656,20.299999237060547,20.81999969482422,61499000
2008-12-11,14.229188919067383,19.450000762939453,20.1200008392334,19.309999465942383,20.110000610351562,83564300
2008-12-12,14.163347244262695,19.360000610351562,19.850000381469727,18.700000762939453,19.149999618530273,78112600
2008-12-15,13.929240226745605,19.040000915527344,19.440000534057617,18.889999389648438,19.34000015258789,59925900
2008-12-16,14.712030410766602,20.110000610351562,20.18000030517578,19.0,19.209999084472656,97688700
2008-12-17,14.382817268371582,19.65999984741211,20.049999237060547,19.5,19.809999465942383,78922700
2008-12-18,14.119449615478516,19.299999237060547,20.020000457763672,18.989999771118164,19.860000610351562,80759200
2008-12-19,13.987765312194824,19.1200008392334,19.799999237060547,19.110000610351562,19.420000076293945,113530400
2008-12-22,14.031664848327637,19.18000030517578,19.290000915527344,18.889999389648438,19.239999771118164,58575400
2008-12-23,14.104822158813477,19.280000686645508,19.56999969482422,19.010000228881836,19.280000686645508,47511400
2008-12-24,14.02434253692627,19.170000076293945,19.450000762939453,19.100000381469727,19.260000228881836,16880400
2008-12-26,13.995081901550293,19.1299991607666,19.329999923706055,19.09000015258789,19.200000762939453,23101000
2008-12-29,13.870718002319336,18.959999084472656,19.209999084472656,18.639999389648438,19.149999618530273,58512800
2008-12-30,14.148717880249023,19.34000015258789,19.489999771118164,19.0,19.010000228881836,43224100
2008-12-31,14.221874237060547,19.440000534057617,19.68000030517578,19.270000457763672,19.309999465942383,46419000
2009-01-02,14.872974395751953,20.329999923706055,20.399999618530273,19.3700008392334,19.530000686645508,50084000
2009-01-05,15.011975288391113,20.520000457763672,20.670000076293945,20.059999465942383,20.200000762939453,61475200
2009-01-06,15.187554359436035,20.760000228881836,21.0,20.610000610351562,20.75,58083400
2009-01-07,14.273082733154297,19.510000228881836,20.290000915527344,19.479999542236328,20.190000534057617,72709900
2009-01-08,14.71934700012207,20.1200008392334,20.190000534057617,19.549999237060547,19.6299991607666,70255400
2009-01-09,14.28039836883545,19.520000457763672,20.299999237060547,19.40999984741211,20.170000076293945,49815300
2009-01-12,14.243821144104004,19.469999313354492,19.790000915527344,19.299999237060547,19.709999084472656,52163500
2009-01-13,14.49987506866455,19.81999969482422,19.989999771118164,19.520000457763672,19.520000457763672,65843500
2009-01-14,13.96581745147705,19.09000015258789,19.68000030517578,19.010000228881836,19.530000686645508,80257500
2009-01-15,14.075555801391602,19.239999771118164,19.299999237060547,18.520000457763672,19.06999969482422,96169800
2009-01-16,14.419394493103027,19.709999084472656,19.90999984741211,19.149999618530273,19.6299991607666,79634100
2009-01-20,13.519556999206543,18.479999542236328,19.6200008392334,18.3700008392334,19.459999084472656,89873000
2009-01-21,14.177982330322266,19.3799991607666,19.450000762939453,18.459999084472656,18.8700008392334,68340900
2009-01-22,12.51729679107666,17.110000610351562,18.18000030517578,17.06999969482422,18.049999237060547,222436600
2009-01-23,12.583141326904297,17.200000762939453,17.489999771118164,16.75,16.969999313354492,117020600
2009-01-26,12.897716522216797,17.6299991607666,17.809999465942383,17.229999542236328,17.290000915527344,92476500
2009-01-27,12.919658660888672,17.65999984741211,17.969999313354492,17.43000030517578,17.780000686645508,61695000
2009-01-28,13.197665214538574,18.040000915527344,18.309999465942383,17.760000228881836,17.799999237060547,64145500
2009-01-29,12.86845588684082,17.59000015258789,17.959999084472656,17.559999465942383,17.780000686645508,49192800
2009-01-30,12.509982109069824,17.100000381469727,17.790000915527344,17.100000381469727,17.739999771118164,62370900
2009-02-02,13.044034957885742,17.829999923706055,18.1299991607666,17.0,17.030000686645508,88871700
2009-02-03,13.534188270568848,18.5,18.610000610351562,17.600000381469727,17.850000381469727,86865100
2009-02-04,13.629292488098145,18.6299991607666,19.0,18.5,18.540000915527344,75618000
2009-02-05,13.929240226745605,19.040000915527344,19.139999389648438,18.25,18.510000228881836,75195200
2009-02-06,14.382817268371582,19.65999984741211,19.93000030517578,19.059999465942383,19.15999984741211,86746000
2009-02-09,14.221874237060547,19.440000534057617,19.770000457763672,19.260000228881836,19.639999389648438,52196400
2009-02-10,13.753662109375,18.799999237060547,19.799999237060547,18.700000762939453,19.25,83953200
2009-02-11,14.053609848022461,19.209999084472656,19.489999771118164,18.920000076293945,18.940000534057617,58599000
2009-02-12,14.090191841125488,19.260000228881836,19.31999969482422,18.540000915527344,18.969999313354492,75323200
2009-02-13,13.96581745147705,19.09000015258789,19.469999313354492,19.040000915527344,19.270000457763672,47416000
2009-02-17,13.32498550415039,18.09000015258789,18.5,17.889999389648438,18.489999771118164,75853300
2009-02-18,13.347081184387207,18.1200008392334,18.450000762939453,18.0,18.219999313354492,54946900
2009-02-19,13.192394256591797,17.90999984741211,18.3799991607666,17.809999465942383,18.299999237060547,49195600
2009-02-20,13.258686065673828,18.0,18.190000534057617,17.65999984741211,17.770000457763672,69413800
2009-02-23,12.676776885986328,17.209999084472656,18.149999618530273,17.15999984741211,18.020000457763672,70803400
2009-02-24,12.647316932678223,17.170000076293945,17.350000381469727,16.360000610351562,17.030000686645508,122674500
2009-02-25,12.492632865905762,16.959999084472656,17.239999771118164,16.459999084472656,17.010000228881836,105894600
2009-02-26,12.094866752624512,16.420000076293945,17.079999923706055,16.420000076293945,17.049999237060547,83219500
2009-02-27,11.89599323272705,16.149999618530273,16.520000457763672,16.100000381469727,16.290000915527344,93428000
2009-03-02,11.630821228027344,15.789999961853027,16.25,15.720000267028809,15.960000038146973,80602100
2009-03-03,11.69710922241211,15.880000114440918,16.239999771118164,15.640000343322754,16.030000686645508,80476600
2009-03-04,11.873892784118652,16.1200008392334,16.399999618530273,15.890000343322754,16.1200008392334,69285100
2009-03-05,11.24778938293457,15.270000457763672,15.880000114440918,15.270000457763672,15.859999656677246,89708500
2009-03-06,11.255154609680176,15.279999732971191,15.619999885559082,14.869999885559082,15.350000381469727,92821400
2009-03-09,11.159396171569824,15.149999618530273,15.739999771118164,15.100000381469727,15.199999809265137,66479100
2009-03-10,12.13906478881836,16.479999542236328,16.6200008392334,15.25,15.369999885559082,95184200
2009-03-11,12.60312271118164,17.110000610351562,17.200000762939453,16.43000030517578,16.6299991607666,84522200
2009-03-12,12.529462814331055,17.010000228881836,17.040000915527344,16.479999542236328,17.010000228881836,93694100
2009-03-13,12.264289855957031,16.649999618530273,17.049999237060547,16.18000030517578,16.979999542236328,82965800
2009-03-16,11.969649314880371,16.25,16.959999084472656,16.239999771118164,16.81999969482422,67028900
2009-03-17,12.448436737060547,16.899999618530273,16.899999618530273,16.260000228881836,16.31999969482422,62481000
2009-03-18,12.492632865905762,16.959999084472656,17.219999313354492,16.600000381469727,17.030000686645508,70710700
2009-03-19,12.625218391418457,17.139999389648438,17.450000762939453,16.920000076293945,17.3700008392334,58994600
2009-03-20,12.566291809082031,17.059999465942383,17.649999618530273,16.8799991607666,17.31999969482422,81725500
2009-03-23,13.501761436462402,18.329999923706055,18.59000015258789,17.309999465942383,17.3700008392334,71600000
2009-03-24,13.207125663757324,17.93000030517578,18.209999084472656,17.84000015258789,18.040000915527344,50044100
2009-03-25,13.17030143737793,17.8799991607666,18.309999465942383,17.520000457763672,17.979999542236328,73927100
2009-03-26,13.8700590133667,18.829999923706055,18.8799991607666,18.1200008392334,18.170000076293945,63775100
2009-03-27,13.354443550109863,18.1299991607666,18.6200008392334,18.049999237060547,18.540000915527344,47670400
2009-03-30,12.875662803649902,17.479999542236328,17.760000228881836,17.270000457763672,17.739999771118164,49633000
2009-03-31,13.531233787536621,18.3700008392334,18.790000915527344,17.780000686645508,17.829999923706055,92423300
2009-04-01,14.223630905151367,19.309999465942383,19.360000610351562,18.18000030517578,18.229999542236328,96438900
2009-04-02,14.208897590637207,19.290000915527344,19.889999389648438,19.0,19.5,99082300
2009-04-03,13.81113052368164,18.75,19.149999618530273,18.43000030517578,19.1299991607666,81858400
2009-04-06,13.818504333496094,18.760000228881836,18.760000228881836,18.270000457763672,18.540000915527344,47476100
2009-04-07,13.818504333496094,18.760000228881836,19.139999389648438,18.6299991607666,18.760000228881836,65815200
2009-04-08,14.135239601135254,19.190000534057617,19.6200008392334,18.959999084472656,18.969999313354492,56408900
2009-04-09,14.488802909851074,19.670000076293945,19.700000762939453,19.219999313354492,19.450000762939453,55759600
2009-04-13,14.429877281188965,19.59000015258789,19.850000381469727,19.3700008392334,19.690000534057617,44444700
2009-04-14,14.253094673156738,19.350000381469727,19.549999237060547,19.0,19.440000534057617,63796300
2009-04-15,13.8700590133667,18.829999923706055,19.25,18.510000228881836,19.209999084472656,72725500
2009-04-16,14.555099487304688,19.760000228881836,19.780000686645508,18.989999771118164,19.15999984741211,67688700
2009-04-17,14.14260196685791,19.200000762939453,19.690000534057617,19.0,19.690000534057617,61398500
2009-04-20,13.708011627197266,18.610000610351562,18.950000762939453,18.56999969482422,18.889999389648438,62937200
2009-04-21,13.973185539245605,18.969999313354492,19.079999923706055,18.56999969482422,18.59000015258789,60928300
2009-04-22,13.833234786987305,18.780000686645508,19.190000534057617,18.700000762939453,18.760000228881836,59401000
2009-04-23,13.936356544494629,18.920000076293945,18.940000534057617,18.469999313354492,18.920000076293945,86116300
2009-04-24,15.402176856994629,20.90999984741211,21.200000762939453,19.5,19.81999969482422,168478500
2009-04-27,15.026511192321777,20.399999618530273,20.81999969482422,20.280000686645508,20.549999237060547,68219600
2009-04-28,14.680317878723145,19.93000030517578,20.270000457763672,19.790000915527344,20.25,76685200
2009-04-29,14.916021347045898,20.25,20.889999389648438,20.059999465942383,20.110000610351562,79301600
2009-04-30,14.923398971557617,20.260000228881836,21.100000381469727,20.010000228881836,20.600000381469727,87439900
2009-05-01,14.908658981323242,20.239999771118164,20.350000381469727,19.860000610351562,20.190000534057617,63224500
2009-05-04,14.871831893920898,20.190000534057617,20.399999618530273,19.979999542236328,20.3700008392334,54313400
2009-05-05,14.577194213867188,19.790000915527344,20.239999771118164,19.639999389648438,20.139999389648438,66835500
2009-05-06,14.577194213867188,19.790000915527344,20.06999969482422,19.610000610351562,20.059999465942383,59639100
2009-05-07,14.23099422454834,19.31999969482422,19.989999771118164,19.139999389648438,19.959999084472656,68727200
2009-05-08,14.30465030670166,19.420000076293945,19.639999389648438,19.139999389648438,19.459999084472656,67597600
2009-05-11,14.23099422454834,19.31999969482422,19.729999542236328,19.010000228881836,19.200000762939453,63762600
2009-05-12,14.650849342346191,19.889999389648438,20.059999465942383,19.469999313354492,19.510000228881836,71966800
2009-05-13,14.5477294921875,19.75,20.0,19.670000076293945,19.920000076293945,49281700
2009-05-14,14.77607250213623,20.059999465942383,20.229999542236328,19.799999237060547,19.829999923706055,54539500
2009-05-15,14.893925666809082,20.219999313354492,20.5,19.979999542236328,20.1299991607666,61289900
2009-05-18,15.173839569091797,20.600000381469727,20.600000381469727,20.239999771118164,20.360000610351562,46073800
2009-05-19,15.055233001708984,20.309999465942383,20.739999771118164,20.25,20.510000228881836,51368300
2009-05-20,15.1071195602417,20.3799991607666,20.690000534057617,20.219999313354492,20.40999984741211,47450700
2009-05-21,14.692007064819336,19.81999969482422,20.229999542236328,19.510000228881836,20.139999389648438,58232800
2009-05-22,14.640119552612305,19.75,20.170000076293945,19.469999313354492,19.93000030517578,37318700
2009-05-26,15.077470779418945,20.34000015258789,20.450000762939453,19.450000762939453,19.540000915527344,44991700
2009-05-27,14.921806335449219,20.1299991607666,20.600000381469727,20.06999969482422,20.25,42892900
2009-05-28,15.159011840820312,20.450000762939453,20.6299991607666,20.049999237060547,20.31999969482422,45480800
2009-05-29,15.485166549682617,20.889999389648438,20.940000534057617,20.299999237060547,20.559999465942383,46134900
2009-06-01,15.86322021484375,21.399999618530273,21.5,20.860000610351562,21.0,57317100
2009-06-02,15.86322021484375,21.399999618530273,21.979999542236328,21.200000762939453,21.360000610351562,48935700
2009-06-03,16.107837677001953,21.729999542236328,21.760000228881836,21.290000915527344,21.309999465942383,56039600
2009-06-04,16.181964874267578,21.829999923706055,21.899999618530273,21.579999923706055,21.770000457763672,42330000
2009-06-05,16.41176414489746,22.139999389648438,22.309999465942383,21.809999465942383,21.959999084472656,59579200
2009-06-08,16.345035552978516,22.049999237060547,22.31999969482422,21.6299991607666,21.979999542236328,49000600
2009-06-09,16.367284774780273,22.079999923706055,22.31999969482422,21.8799991607666,22.059999465942383,50887700
2009-06-10,16.715679168701172,22.549999237060547,22.6200008392334,22.1200008392334,22.170000076293945,61297200
2009-06-11,16.923227310180664,22.829999923706055,23.260000228881836,22.56999969482422,22.59000015258789,65124600
2009-06-12,17.293867111206055,23.329999923706055,23.3799991607666,22.739999771118164,22.899999618530273,50963500
2009-06-15,17.360586166381836,23.420000076293945,23.540000915527344,23.020000457763672,23.229999542236328,69089600
2009-06-16,17.382827758789062,23.450000762939453,24.110000610351562,23.440000534057617,23.469999313354492,105295600
2009-06-17,17.553314208984375,23.68000030517578,23.81999969482422,23.170000076293945,23.5,86483100
2009-06-18,17.419889450073242,23.5,23.690000534057617,23.299999237060547,23.6200008392334,58852200
2009-06-19,17.84241485595703,24.06999969482422,24.34000015258789,23.75,24.040000915527344,115459000
2009-06-22,17.256813049316406,23.280000686645508,23.950000762939453,23.25,23.950000762939453,71291600
2009-06-23,17.301288604736328,23.34000015258789,23.65999984741211,23.209999084472656,23.3799991607666,56752700
2009-06-24,17.39765739440918,23.469999313354492,23.75,23.360000610351562,23.450000762939453,54287700
2009-06-25,17.634857177734375,23.790000915527344,23.920000076293945,23.200000762939453,23.43000030517578,57724300
2009-06-26,17.30869483947754,23.350000381469727,23.690000534057617,23.31999969482422,23.56999969482422,65126400
2009-06-29,17.686748504638672,23.860000610351562,24.030000686645508,23.549999237060547,23.600000381469727,62854900
2009-06-30,17.620033264160156,23.770000457763672,24.239999771118164,23.6299991607666,23.969999313354492,66452400
2009-07-01,17.82017707824707,24.040000915527344,24.299999237060547,23.959999084472656,24.049999237060547,54908400
2009-07-02,17.323516845703125,23.3700008392334,24.040000915527344,23.209999084472656,23.760000228881836,65422200
2009-07-06,17.197505950927734,23.200000762939453,23.280000686645508,22.8700008392334,23.209999084472656,49207700
2009-07-07,16.70085906982422,22.530000686645508,23.139999389648438,22.459999084472656,23.079999923706055,52842500
2009-07-08,16.723094940185547,22.559999465942383,22.690000534057617,22.0,22.309999465942383,73023400
2009-07-09,16.634145736694336,22.440000534057617,22.809999465942383,22.3700008392334,22.649999618530273,46981200
2009-07-10,16.597070693969727,22.389999389648438,22.540000915527344,22.149999618530273,22.190000534057617,43229200
2009-07-13,17.219738006591797,23.229999542236328,23.290000915527344,22.139999389648438,22.420000076293945,67584000
2009-07-14,17.13079261779785,23.110000610351562,23.219999313354492,22.860000610351562,23.200000762939453,45448700
2009-07-15,17.87948226928711,24.1200008392334,24.1200008392334,23.559999465942383,23.75,67238700
2009-07-16,18.116682052612305,24.440000534057617,24.440000534057617,23.860000610351562,23.93000030517578,64555100
2009-07-17,18.005495071411133,24.290000915527344,24.450000762939453,24.100000381469727,24.399999618530273,52860100
2009-07-20,18.18340492248535,24.530000686645508,24.530000686645508,24.149999618530273,24.440000534057617,47798000
2009-07-21,18.40578269958496,24.829999923706055,24.829999923706055,24.3700008392334,24.690000534057617,52028400
2009-07-22,18.383541107177734,24.799999237060547,24.899999618530273,24.510000228881836,24.700000762939453,66192500
2009-07-23,18.946903228759766,25.559999465942383,25.719999313354492,24.84000015258789,24.93000030517578,106060500
2009-07-24,17.382827758789062,23.450000762939453,23.889999389648438,22.809999465942383,23.610000610351562,215135700
2009-07-27,17.13079261779785,23.110000610351562,23.450000762939453,22.899999618530273,23.440000534057617,80950000
2009-07-28,17.39765739440918,23.469999313354492,23.549999237060547,22.899999618530273,22.989999771118164,70288400
2009-07-29,17.64226722717285,23.799999237060547,23.90999984741211,23.34000015258789,23.729999542236328,73626900
2009-07-30,17.649686813354492,23.809999465942383,24.43000030517578,23.709999084472656,24.200000762939453,67820000
2009-07-31,17.43471336364746,23.520000457763672,24.06999969482422,23.5,23.770000457763672,54258200
2009-08-03,17.664514541625977,23.829999923706055,23.860000610351562,23.5,23.81999969482422,46902900
2009-08-04,17.620033264160156,23.770000457763672,23.790000915527344,23.530000686645508,23.68000030517578,49218300
2009-08-05,17.649686813354492,23.809999465942383,24.25,23.790000915527344,23.84000015258789,53310300
2009-08-06,17.390239715576172,23.459999084472656,23.979999542236328,23.270000457763672,23.93000030517578,59686000
2009-08-07,17.4643611907959,23.559999465942383,23.81999969482422,23.5,23.75,46169700
2009-08-10,17.360586166381836,23.420000076293945,23.549999237060547,23.299999237060547,23.459999084472656,35261900
2009-08-11,17.14561653137207,23.1299991607666,23.399999618530273,23.049999237060547,23.31999969482422,33615800
2009-08-12,17.442136764526367,23.530000686645508,23.899999618530273,23.030000686645508,23.1299991607666,61972300
2009-08-13,17.508846282958984,23.6200008392334,23.850000381469727,23.399999618530273,23.6299991607666,38954500
2009-08-14,17.560720443725586,23.690000534057617,23.799999237060547,23.510000228881836,23.6200008392334,46330200
2009-08-17,17.234567642211914,23.25,23.600000381469727,23.229999542236328,23.31999969482422,42474400
2009-08-18,17.577472686767578,23.579999923706055,23.649999618530273,23.270000457763672,23.290000915527344,38878900
2009-08-19,17.62965202331543,23.649999618530273,23.719999313354492,23.25,23.25,41821300
2009-08-20,17.644559860229492,23.670000076293945,23.8700008392334,23.540000915527344,23.600000381469727,39505900
2009-08-21,18.196186065673828,24.40999984741211,24.420000076293945,23.770000457763672,23.93000030517578,69011400
2009-08-24,18.367639541625977,24.639999389648438,24.729999542236328,24.280000686645508,24.40999984741211,54180900
2009-08-25,18.367639541625977,24.639999389648438,24.81999969482422,24.459999084472656,24.600000381469727,43980300
2009-08-26,18.300546646118164,24.549999237060547,24.75,24.420000076293945,24.59000015258789,41079000
2009-08-27,18.404911041259766,24.690000534057617,24.780000686645508,24.299999237060547,24.40999984741211,45495600
2009-08-28,18.397457122802734,24.68000030517578,25.489999771118164,24.610000610351562,25.06999969482422,55808000
2009-08-31,18.375091552734375,24.649999618530273,24.850000381469727,24.290000915527344,24.56999969482422,49592800
2009-09-01,17.890552520751953,24.0,24.739999771118164,23.899999618530273,24.350000381469727,62608500
2009-09-02,17.786195755004883,23.860000610351562,24.139999389648438,23.780000686645508,23.81999969482422,40771300
2009-09-03,17.972557067871094,24.110000610351562,24.139999389648438,23.760000228881836,23.90999984741211,34120000
2009-09-04,18.352731704711914,24.6200008392334,24.799999237060547,24.079999923706055,24.09000015258789,44999700
2009-09-08,18.501821517944336,24.81999969482422,24.84000015258789,24.40999984741211,24.6200008392334,53737100
2009-09-09,18.472002029418945,24.780000686645508,24.950000762939453,24.670000076293945,24.739999771118164,49900300
2009-09-10,18.635995864868164,25.0,25.049999237060547,24.649999618530273,24.799999237060547,46256000
2009-09-11,18.531635284423828,24.860000610351562,25.170000076293945,24.809999465942383,24.93000030517578,54303500
2009-09-14,18.635995864868164,25.0,25.09000015258789,24.639999389648438,24.649999618530273,42806800
2009-09-15,18.78508186340332,25.200000762939453,25.270000457763672,24.860000610351562,24.969999313354492,44716600
2009-09-16,18.78508186340332,25.200000762939453,25.350000381469727,24.950000762939453,25.25,50055800
2009-09-17,18.8596248626709,25.299999237060547,25.3799991607666,25.059999465942383,25.059999465942383,42428800
2009-09-18,18.82980728149414,25.260000228881836,25.479999542236328,25.100000381469727,25.459999084472656,68016500
2009-09-21,18.8596248626709,25.299999237060547,25.3700008392334,25.100000381469727,25.110000610351562,28878700
2009-09-22,19.209985733032227,25.770000457763672,25.81999969482422,25.290000915527344,25.399999618530273,61376700
2009-09-23,19.165250778198242,25.709999084472656,26.25,25.639999389648438,25.920000076293945,60599900
2009-09-24,19.33670997619629,25.940000534057617,26.110000610351562,25.65999984741211,25.920000076293945,56302900
2009-09-25,19.045988082885742,25.549999237060547,25.81999969482422,25.520000457763672,25.690000534057617,50158900
2009-09-28,19.254711151123047,25.829999923706055,26.15999984741211,25.600000381469727,25.600000381469727,44358000
2009-09-29,19.19508171081543,25.75,25.959999084472656,25.690000534057617,25.90999984741211,39050300
2009-09-30,19.172718048095703,25.719999313354492,25.989999771118164,25.3799991607666,25.760000228881836,63533400
2009-10-01,18.546545028686523,24.8799991607666,25.469999313354492,24.799999237060547,25.40999984741211,75958100
2009-10-02,18.60618019104004,24.959999084472656,25.09000015258789,24.43000030517578,24.459999084472656,51219700
2009-10-05,18.367639541625977,24.639999389648438,25.059999465942383,24.520000457763672,24.979999542236328,60804900
2009-10-06,18.717992782592773,25.110000610351562,25.209999084472656,24.65999984741211,24.68000030517578,48795300
2009-10-07,18.710538864135742,25.100000381469727,25.18000030517578,24.8799991607666,24.989999771118164,38472700
2009-10-08,19.13544273376465,25.670000076293945,25.899999618530273,25.219999313354492,25.440000534057617,60521300
2009-10-09,19.045988082885742,25.549999237060547,25.790000915527344,25.459999084472656,25.56999969482422,39520000
2009-10-12,19.172718048095703,25.719999313354492,25.889999389648438,25.549999237060547,25.65999984741211,29145800
2009-10-13,19.239795684814453,25.809999465942383,25.940000534057617,25.520000457763672,25.59000015258789,37749000
2009-10-14,19.351613998413086,25.959999084472656,26.200000762939453,25.81999969482422,26.139999389648438,45365500
2009-10-15,19.91069793701172,26.709999084472656,26.709999084472656,25.899999618530273,25.899999618530273,65620100
2009-10-16,19.754159927368164,26.5,26.6299991607666,26.100000381469727,26.450000762939453,56500900
2009-10-19,19.649789810180664,26.360000610351562,26.579999923706055,26.25,26.489999771118164,48143200
2009-10-20,19.657255172729492,26.3700008392334,26.510000228881836,25.940000534057617,26.420000076293945,54604700
2009-10-21,19.813793182373047,26.579999923706055,26.75,26.389999389648438,26.459999084472656,61672700
2009-10-22,19.82124900817871,26.59000015258789,26.719999313354492,26.1299991607666,26.559999465942383,61600000
2009-10-23,20.88722038269043,28.020000457763672,29.350000381469727,27.8799991607666,29.200000762939453,281761000
2009-10-26,21.379215240478516,28.68000030517578,29.020000457763672,28.110000610351562,28.1299991607666,124149700
2009-10-27,21.31212615966797,28.59000015258789,28.8799991607666,28.440000534057617,28.729999542236328,69685800
2009-10-28,20.88722038269043,28.020000457763672,28.770000457763672,27.950000762939453,28.239999771118164,73542400
2009-10-29,21.036314010620117,28.219999313354492,28.40999984741211,27.850000381469727,28.06999969482422,65225500
2009-10-30,20.67104721069336,27.729999542236328,28.399999618530273,27.65999984741211,28.030000686645508,73371800
2009-11-02,20.782865524291992,27.8799991607666,28.049999237060547,27.40999984741211,27.700000762939453,62428900
2009-11-03,20.52196502685547,27.530000686645508,27.739999771118164,27.43000030517578,27.639999389648438,50294800
2009-11-04,20.91703987121582,28.059999465942383,28.389999389648438,27.6200008392334,27.690000534057617,63898400
2009-11-05,21.222675323486328,28.469999313354492,28.739999771118164,28.280000686645508,28.520000457763672,52681700
2009-11-06,21.259944915771484,28.520000457763672,28.6299991607666,28.200000762939453,28.3799991607666,38908500
2009-11-09,21.610301971435547,28.989999771118164,29.0,28.530000686645508,28.6200008392334,57518000
2009-11-10,21.625207901000977,29.010000228881836,29.280000686645508,28.809999465942383,28.899999618530273,65881100
2009-11-11,21.70720863342285,29.1200008392334,29.299999237060547,29.020000457763672,29.079999923706055,49693400
2009-11-12,21.886112213134766,29.360000610351562,29.489999771118164,29.0,29.010000228881836,55352400
2009-11-13,22.087379455566406,29.6299991607666,29.790000915527344,29.3700008392334,29.469999313354492,53037600
2009-11-16,22.020305633544922,29.540000915527344,29.799999237060547,29.3700008392334,29.610000610351562,54129500
2009-11-17,22.46204376220703,30.0,30.0,29.469999313354492,29.5,75648900
2009-11-18,22.54440689086914,30.110000610351562,30.139999389648438,29.809999465942383,30.0,59431200
2009-11-19,22.297327041625977,29.780000686645508,30.0,29.700000762939453,29.989999771118164,51967700
2009-11-20,22.177528381347656,29.6200008392334,29.770000457763672,29.43000030517578,29.65999984741211,42647100
2009-11-23,22.417118072509766,29.940000534057617,30.010000228881836,29.700000762939453,29.84000015258789,41832700
2009-11-24,22.3946590423584,29.90999984741211,29.989999771118164,29.75,29.950000762939453,37341400
2009-11-25,22.304813385009766,29.790000915527344,29.860000610351562,29.579999923706055,29.809999465942383,32033500
2009-11-27,21.878032684326172,29.219999313354492,29.389999389648438,28.75,29.110000610351562,29357900
2009-11-30,22.020301818847656,29.40999984741211,29.450000762939453,29.0,29.149999618530273,44172000
2009-12-01,22.469533920288086,30.010000228881836,30.049999237060547,29.40999984741211,29.520000457763672,49904200
2009-12-02,22.297327041625977,29.780000686645508,29.989999771118164,29.649999618530273,29.899999618530273,36308600
2009-12-03,22.334760665893555,29.829999923706055,30.200000762939453,29.760000228881836,29.84000015258789,43095200
2009-12-04,22.447072982788086,29.979999542236328,30.3700008392334,29.829999923706055,30.049999237060547,58810700
2009-12-07,22.304813385009766,29.790000915527344,30.079999923706055,29.68000030517578,29.780000686645508,38082700
2009-12-08,22.140092849731445,29.56999969482422,29.739999771118164,29.3799991607666,29.520000457763672,37402200
2009-12-09,22.244916915893555,29.709999084472656,29.809999465942383,29.25,29.469999313354492,44713300
2009-12-10,22.364713668823242,29.8700008392334,29.959999084472656,29.65999984741211,29.709999084472656,45940200
2009-12-11,22.349740982055664,29.850000381469727,30.0,29.790000915527344,29.969999313354492,43744200
2009-12-14,22.54440689086914,30.110000610351562,30.15999984741211,29.899999618530273,29.90999984741211,34651200
2009-12-15,22.477022171020508,30.020000457763672,30.209999084472656,29.8799991607666,29.889999389648438,49473200
2009-12-16,22.536922454833984,30.100000381469727,30.40999984741211,30.040000915527344,30.06999969482422,55737800
2009-12-17,22.162551879882812,29.600000381469727,29.959999084472656,29.56999969482422,29.950000762939453,43691200
2009-12-18,22.731590270996094,30.360000610351562,30.450000762939453,29.799999237060547,29.84000015258789,94118000
2009-12-21,22.85138702392578,30.520000457763672,30.84000015258789,30.3700008392334,30.399999618530273,40129100
2009-12-22,23.07600212097168,30.81999969482422,30.93000030517578,30.540000915527344,30.600000381469727,36321000
2009-12-23,23.150882720947266,30.920000076293945,30.950000762939453,30.690000534057617,30.709999084472656,28362700
2009-12-24,23.210783004760742,31.0,31.0,30.760000228881836,30.8799991607666,11083900
2009-12-28,23.33806800842285,31.170000076293945,31.18000030517578,30.889999389648438,31.0,25384000
2009-12-29,23.502788543701172,31.389999389648438,31.5,31.229999542236328,31.350000381469727,29716200
2009-12-30,23.18083381652832,30.959999084472656,31.290000915527344,30.799999237060547,31.149999618530273,42006200
2009-12-31,22.821443557739258,30.479999542236328,30.989999771118164,30.479999542236328,30.979999542236328,31929700
2010-01-04,23.17333984375,30.950000762939453,31.100000381469727,30.59000015258789,30.6200008392334,38409100
2010-01-05,23.18083381652832,30.959999084472656,31.100000381469727,30.639999389648438,30.850000381469727,49749600
2010-01-06,23.038572311401367,30.770000457763672,31.079999923706055,30.520000457763672,30.8799991607666,58182400
2010-01-07,22.798980712890625,30.450000762939453,30.700000762939453,30.190000534057617,30.6299991607666,50559700
2010-01-08,22.956205368041992,30.65999984741211,30.8799991607666,30.239999771118164,30.280000686645508,51197400
2010-01-11,22.664207458496094,30.270000457763672,30.760000228881836,30.1200008392334,30.709999084472656,68754700
2010-01-12,22.514455795288086,30.06999969482422,30.399999618530273,29.90999984741211,30.149999618530273,65912100
2010-01-13,22.724102020263672,30.350000381469727,30.520000457763672,30.010000228881836,30.260000228881836,51863500
2010-01-14,23.18083381652832,30.959999084472656,31.100000381469727,30.260000228881836,30.309999465942383,63228100
2010-01-15,23.10596466064453,30.860000610351562,31.239999771118164,30.709999084472656,31.079999923706055,79913200
2010-01-19,23.2856502532959,31.100000381469727,31.239999771118164,30.68000030517578,30.75,46575700
2010-01-20,22.903799057006836,30.59000015258789,30.940000534057617,30.309999465942383,30.809999465942383,54849500
2010-01-21,22.469533920288086,30.010000228881836,30.719999313354492,30.0,30.610000610351562,73086700
2010-01-22,21.683361053466797,28.959999084472656,30.200000762939453,28.84000015258789,30.0,102004600
2010-01-25,21.952903747558594,29.31999969482422,29.65999984741211,29.100000381469727,29.239999771118164,63373000
2010-01-26,22.08768081665039,29.5,29.850000381469727,29.09000015258789,29.200000762939453,66639900
2010-01-27,22.2149658203125,29.670000076293945,29.81999969482422,29.020000457763672,29.350000381469727,63949500
2010-01-28,21.833112716674805,29.15999984741211,29.8700008392334,28.889999389648438,29.84000015258789,117513700
2010-01-29,21.09935188293457,28.18000030517578,29.920000076293945,27.65999984741211,29.899999618530273,193888500
2010-02-01,21.27155876159668,28.40999984741211,28.479999542236328,27.920000076293945,28.389999389648438,85931100
2010-02-02,21.308992385864258,28.459999084472656,28.5,28.139999389648438,28.3700008392334,54413700
2010-02-03,21.436283111572266,28.6299991607666,28.790000915527344,28.1200008392334,28.260000228881836,61397900
2010-02-04,20.844778060913086,27.84000015258789,28.5,27.809999465942383,28.3799991607666,77850000
2010-02-05,20.97954750061035,28.020000457763672,28.280000686645508,27.56999969482422,28.0,80960100
2010-02-08,20.754928588867188,27.719999313354492,28.079999923706055,27.56999969482422,28.010000228881836,52820600
2010-02-09,20.97206687927246,28.010000228881836,28.34000015258789,27.75,27.969999313354492,59195800
2010-02-10,20.957090377807617,27.989999771118164,28.239999771118164,27.84000015258789,28.030000686645508,48591300
2010-02-11,21.054431915283203,28.1200008392334,28.399999618530273,27.700000762939453,27.93000030517578,65993700
2010-02-12,20.91216468811035,27.93000030517578,28.059999465942383,27.579999923706055,27.809999465942383,81117200
2010-02-16,21.325899124145508,28.350000381469727,28.3700008392334,28.020000457763672,28.1299991607666,51935600
2010-02-17,21.506433486938477,28.59000015258789,28.649999618530273,28.360000610351562,28.530000686645508,45882900
2010-02-18,21.792282104492188,28.969999313354492,29.030000686645508,28.510000228881836,28.59000015258789,42856500
2010-02-19,21.64183807373047,28.770000457763672,28.920000076293945,28.690000534057617,28.790000915527344,44451800
2010-02-22,21.611740112304688,28.729999542236328,28.940000534057617,28.649999618530273,28.84000015258789,36707100
2010-02-23,21.31084632873535,28.329999923706055,28.829999923706055,28.09000015258789,28.68000030517578,52266200
2010-02-24,21.53652572631836,28.6299991607666,28.790000915527344,28.3799991607666,28.520000457763672,43165900
2010-02-25,21.513952255249023,28.600000381469727,28.649999618530273,28.020000457763672,28.270000457763672,48735300
2010-02-26,21.566604614257812,28.670000076293945,28.850000381469727,28.510000228881836,28.649999618530273,40370600
2010-03-01,21.82988929748535,29.020000457763672,29.049999237060547,28.530000686645508,28.770000457763672,43805400
2010-03-02,21.40863800048828,28.459999084472656,29.299999237060547,28.239999771118164,29.079999923706055,93123900
2010-03-03,21.40863800048828,28.459999084472656,28.610000610351562,28.350000381469727,28.510000228881836,48442100
2010-03-04,21.53652572631836,28.6299991607666,28.649999618530273,28.270000457763672,28.459999084472656,42890600
2010-03-05,21.506433486938477,28.59000015258789,28.68000030517578,28.420000076293945,28.65999984741211,56001800
2010-03-08,21.53652572631836,28.6299991607666,28.93000030517578,28.5,28.520000457763672,39414500
2010-03-09,21.66440200805664,28.799999237060547,29.110000610351562,28.549999237060547,28.559999465942383,50271600
2010-03-10,21.792282104492188,28.969999313354492,29.110000610351562,28.799999237060547,28.860000610351562,44891400
2010-03-11,21.950252532958984,29.18000030517578,29.190000534057617,28.850000381469727,28.889999389648438,35349700
2010-03-12,22.017955780029297,29.270000457763672,29.3799991607666,29.040000915527344,29.31999969482422,31700200
2010-03-15,22.033000946044922,29.290000915527344,29.3700008392334,29.010000228881836,29.18000030517578,37512000
2010-03-16,22.093170166015625,29.3700008392334,29.489999771118164,29.200000762939453,29.420000076293945,36723500
2010-03-17,22.288755416870117,29.6299991607666,29.8700008392334,29.399999618530273,29.5,50385700
2010-03-18,22.273710250854492,29.610000610351562,29.719999313354492,29.5,29.6299991607666,43845200
2010-03-19,22.2586669921875,29.59000015258789,29.899999618530273,29.350000381469727,29.760000228881836,81332100
2010-03-22,22.266189575195312,29.600000381469727,29.700000762939453,29.389999389648438,29.5,37718200
2010-03-23,22.47681427001953,29.8799991607666,29.899999618530273,29.40999984741211,29.59000015258789,42026600
2010-03-24,22.30379867553711,29.649999618530273,29.850000381469727,29.600000381469727,29.719999313354492,33987700
2010-03-25,22.57460594177246,30.010000228881836,30.56999969482422,29.799999237060547,29.829999923706055,73168700
2010-03-26,22.311328887939453,29.65999984741211,30.200000762939453,29.59000015258789,30.09000015258789,55595500
2010-03-29,22.2586669921875,29.59000015258789,29.81999969482422,29.549999237060547,29.709999084472656,33336000
2010-03-30,22.394081115722656,29.770000457763672,29.860000610351562,29.5,29.6299991607666,34954800
2010-03-31,22.033000946044922,29.290000915527344,29.719999313354492,29.170000076293945,29.639999389648438,63760000
2010-04-01,21.935205459594727,29.15999984741211,29.540000915527344,28.6200008392334,29.350000381469727,74768100
2010-04-05,22.017955780029297,29.270000457763672,29.43000030517578,29.030000686645508,29.1299991607666,34331200
2010-04-06,22.055561065673828,29.31999969482422,29.579999923706055,28.979999542236328,29.149999618530273,47366800
2010-04-07,22.078128814697266,29.350000381469727,29.559999465942383,29.139999389648438,29.15999984741211,58318800
2010-04-08,22.506895065307617,29.920000076293945,29.979999542236328,29.299999237060547,29.31999969482422,63713800
2010-04-09,22.822839736938477,30.34000015258789,30.40999984741211,29.899999618530273,29.950000762939453,54752500
2010-04-12,22.807804107666016,30.31999969482422,30.489999771118164,30.209999084472656,30.25,37068800
2010-04-13,22.905595779418945,30.450000762939453,30.5,30.1299991607666,30.149999618530273,41374600
2010-04-14,23.183910369873047,30.81999969482422,31.0,30.65999984741211,30.790000915527344,68941200
2010-04-15,23.221527099609375,30.8700008392334,30.950000762939453,30.709999084472656,30.81999969482422,52745400
2010-04-16,23.07108497619629,30.670000076293945,30.979999542236328,30.600000381469727,30.790000915527344,88703100
2010-04-19,23.34941291809082,31.040000915527344,31.25,30.760000228881836,30.770000457763672,64970300
2010-04-20,23.590131759643555,31.360000610351562,31.440000534057617,31.1299991607666,31.219999313354492,52199500
2010-04-21,23.567564010620117,31.329999923706055,31.5,31.229999542236328,31.329999923706055,55343100
2010-04-22,23.612693786621094,31.389999389648438,31.530000686645508,30.899999618530273,31.040000915527344,84847600
2010-04-23,23.289230346679688,30.959999084472656,31.579999923706055,30.649999618530273,31.1200008392334,126766600
2010-04-26,23.402063369750977,31.110000610351562,31.280000686645508,30.860000610351562,31.0,63649300
2010-04-27,23.206483840942383,30.850000381469727,31.25,30.75,30.950000762939453,68730900
2010-04-28,23.251619338989258,30.90999984741211,31.0,30.6200008392334,30.920000076293945,64557900
2010-04-29,23.319324493408203,31.0,31.43000030517578,30.670000076293945,30.93000030517578,52665200
2010-04-30,22.97329330444336,30.540000915527344,31.079999923706055,30.520000457763672,31.06999969482422,63214800
2010-05-03,23.214012145996094,30.860000610351562,31.059999465942383,30.579999923706055,30.670000076293945,43989500
2010-05-04,22.664873123168945,30.1299991607666,30.549999237060547,29.75,30.520000457763672,82085600
2010-05-05,22.454252243041992,29.850000381469727,30.09000015258789,29.690000534057617,29.770000457763672,66833800
2010-05-06,21.799800872802734,28.979999542236328,29.8799991607666,27.90999984741211,29.59000015258789,128613000
2010-05-07,21.220577239990234,28.209999084472656,28.950000762939453,27.31999969482422,28.93000030517578,173718100
2010-05-10,21.769716262817383,28.940000534057617,29.479999542236328,28.709999084472656,29.010000228881836,86653300
2010-05-11,21.72457504272461,28.8799991607666,29.649999618530273,28.56999969482422,28.68000030517578,63789400
2010-05-12,22.145837783813477,29.440000534057617,29.579999923706055,28.920000076293945,28.979999542236328,47146800
2010-05-13,21.99538803100586,29.239999771118164,29.729999542236328,29.18000030517578,29.260000228881836,45188800
2010-05-14,21.762191772460938,28.93000030517578,29.209999084472656,28.639999389648438,29.200000762939453,63334000
2010-05-17,21.769716262817383,28.940000534057617,29.229999542236328,28.450000762939453,29.1200008392334,46053300
2010-05-18,21.61103057861328,28.600000381469727,29.0,28.399999618530273,28.8700008392334,52690600
2010-05-19,21.33899688720703,28.239999771118164,28.690000534057617,27.790000915527344,28.520000457763672,61746700
2010-05-20,20.485143661499023,27.110000610351562,27.84000015258789,27.040000915527344,27.649999618530273,87991100
2010-05-21,20.281118392944336,26.84000015258789,27.110000610351562,26.440000534057617,26.6299991607666,117596300
2010-05-24,19.850412368774414,26.270000457763672,26.860000610351562,26.260000228881836,26.850000381469727,73711700
2010-05-25,19.69928550720215,26.06999969482422,26.329999923706055,25.3799991607666,25.649999618530273,98373600
2010-05-26,18.8983154296875,25.010000228881836,26.610000610351562,24.559999465942383,26.229999542236328,176684100
2010-05-27,19.646392822265625,26.0,26.360000610351562,25.729999542236328,25.729999542236328,136433600
2010-05-28,19.495267868041992,25.799999237060547,26.1200008392334,25.65999984741211,25.84000015258789,67496900
2010-06-01,19.56326675415039,25.889999389648438,26.309999465942383,25.520000457763672,25.530000686645508,76152400
2010-06-02,19.99398422241211,26.459999084472656,26.479999542236328,25.729999542236328,26.059999465942383,65718800
2010-06-03,20.296228408813477,26.860000610351562,26.93000030517578,26.40999984741211,26.549999237060547,67837000
2010-06-04,19.48771095275879,25.790000915527344,26.56999969482422,25.6200008392334,26.100000381469727,89832200
2010-06-07,19.109901428222656,25.290000915527344,25.829999923706055,25.239999771118164,25.81999969482422,80456200
2010-06-08,18.97388458251953,25.110000610351562,25.260000228881836,24.649999618530273,25.25,87355000
2010-06-09,18.73208236694336,24.790000915527344,25.520000457763672,24.75,25.219999313354492,87794000
2010-06-10,18.890762329101562,25.0,25.149999618530273,24.780000686645508,25.1299991607666,78930900
2010-06-11,19.389476776123047,25.65999984741211,25.719999313354492,24.770000457763672,25.040000915527344,68057700
2010-06-14,19.268573760986328,25.5,25.959999084472656,25.469999313354492,25.860000610351562,50972400
2010-06-15,20.08466148376465,26.579999923706055,26.649999618530273,25.739999771118164,25.75,81641500
2010-06-16,19.88819122314453,26.31999969482422,26.579999923706055,26.229999542236328,26.469999313354492,48698000
2010-06-17,19.925981521606445,26.3700008392334,26.670000076293945,26.040000915527344,26.559999465942383,47995500
2010-06-18,19.97886848449707,26.440000534057617,26.530000686645508,26.170000076293945,26.3700008392334,52075600
2010-06-21,19.608610153198242,25.950000762939453,26.889999389648438,25.889999389648438,26.780000686645508,54625300
2010-06-22,19.47260284423828,25.770000457763672,26.450000762939453,25.760000228881836,26.15999984741211,55985400
2010-06-23,19.1250057220459,25.309999465942383,25.780000686645508,25.219999313354492,25.780000686645508,61466200
2010-06-24,18.890762329101562,25.0,25.719999313354492,24.93000030517578,25.459999084472656,85243400
2010-06-25,18.535619735717773,24.530000686645508,25.110000610351562,24.309999465942383,25.049999237060547,156256700
2010-06-28,18.369369506835938,24.309999465942383,24.610000610351562,24.1200008392334,24.510000228881836,73784800
2010-06-29,17.613746643066406,23.309999465942383,24.200000762939453,23.110000610351562,24.1299991607666,119882100
2010-06-30,17.387056350708008,23.010000228881836,23.68000030517578,22.950000762939453,23.299999237060547,81050500
2010-07-01,17.50040626525879,23.15999984741211,23.31999969482422,22.729999542236328,23.09000015258789,92239400
2010-07-02,17.583518981933594,23.270000457763672,23.479999542236328,23.049999237060547,23.360000610351562,62485100
2010-07-06,17.999116897583008,23.81999969482422,24.09000015258789,23.579999923706055,23.700000762939453,73592000
2010-07-07,18.361818313598633,24.299999237060547,24.31999969482422,23.610000610351562,23.81999969482422,79965300
2010-07-08,18.444942474365234,24.40999984741211,24.6200008392334,23.969999313354492,24.600000381469727,50758100
2010-07-09,18.339149475097656,24.270000457763672,24.40999984741211,24.149999618530273,24.329999923706055,53806100
2010-07-12,18.762298583984375,24.829999923706055,24.889999389648438,24.420000076293945,24.43000030517578,49854200
2010-07-13,18.98899269104004,25.1299991607666,25.299999237060547,24.899999618530273,25.139999389648438,61928700
2010-07-14,19.223236083984375,25.440000534057617,25.610000610351562,25.1200008392334,25.5,72808100
2010-07-15,19.27613639831543,25.510000228881836,25.59000015258789,24.979999542236328,25.5,56934700
2010-07-16,18.80763816833496,24.889999389648438,25.639999389648438,24.8799991607666,25.510000228881836,65064800
2010-07-19,19.06456184387207,25.229999542236328,25.299999237060547,24.90999984741211,24.959999084472656,38181800
2010-07-20,19.25346565246582,25.479999542236328,25.479999542236328,24.700000762939453,24.860000610351562,45530700
2010-07-21,18.981441497802734,25.1200008392334,25.649999618530273,24.979999542236328,25.600000381469727,73297300
2010-07-22,19.525489807128906,25.84000015258789,25.989999771118164,25.469999313354492,25.510000228881836,73016400
2010-07-23,19.502824783325195,25.809999465942383,26.020000457763672,25.25,25.84000015258789,108520100
2010-07-26,19.721954345703125,26.100000381469727,26.200000762939453,25.799999237060547,25.860000610351562,67249900
2010-07-27,19.76729393005371,26.15999984741211,26.239999771118164,25.959999084472656,26.139999389648438,60672100
2010-07-28,19.608610153198242,25.950000762939453,26.190000534057617,25.829999923706055,26.06999969482422,69704800
2010-07-29,19.669063568115234,26.030000686645508,26.40999984741211,25.600000381469727,26.1299991607666,69446200
2010-07-30,19.502824783325195,25.809999465942383,25.84000015258789,25.350000381469727,25.75,83534800
2010-08-02,19.895753860473633,26.329999923706055,26.3799991607666,25.75,25.989999771118164,55044600
2010-08-03,19.76729393005371,26.15999984741211,26.350000381469727,25.969999313354492,26.200000762939453,56877700
2010-08-04,19.442373275756836,25.729999542236328,26.239999771118164,25.440000534057617,26.149999618530273,78531900
2010-08-05,19.170347213745117,25.3700008392334,25.579999923706055,25.209999084472656,25.489999771118164,64922100
2010-08-06,19.306358337402344,25.549999237060547,25.559999465942383,25.020000457763672,25.18000030517578,55982100
2010-08-09,19.351701736450195,25.610000610351562,25.729999542236328,25.3700008392334,25.549999237060547,57096500
2010-08-10,18.943655014038086,25.06999969482422,25.34000015258789,24.8799991607666,25.329999923706055,87257700
2010-08-11,18.78497886657715,24.860000610351562,24.899999618530273,24.559999465942383,24.68000030517578,76746900
2010-08-12,18.505390167236328,24.489999771118164,24.68000030517578,24.360000610351562,24.420000076293945,70240500
2010-08-13,18.4373836517334,24.399999618530273,24.670000076293945,24.239999771118164,24.350000381469727,45263500
2010-08-16,18.51294708251953,24.5,24.610000610351562,24.299999237060547,24.360000610351562,40909700
2010-08-17,18.7712345123291,24.709999084472656,24.959999084472656,24.600000381469727,24.709999084472656,52912600
2010-08-18,18.85479164123535,24.81999969482422,24.950000762939453,24.40999984741211,24.68000030517578,46818900
2010-08-19,18.56612205505371,24.440000534057617,24.739999771118164,24.209999084472656,24.6200008392334,54064600
2010-08-20,18.406591415405273,24.229999542236328,24.399999618530273,24.200000762939453,24.309999465942383,49560100
2010-08-23,18.444578170776367,24.280000686645508,24.639999389648438,24.239999771118164,24.440000534057617,51643000
2010-08-24,18.262258529663086,24.040000915527344,24.350000381469727,24.0,24.09000015258789,66522500
2010-08-25,18.307842254638672,24.100000381469727,24.219999313354492,23.8700008392334,24.0,47404800
2010-08-26,18.095134735107422,23.81999969482422,24.190000534057617,23.790000915527344,24.09000015258789,49105300
2010-08-27,18.178695678710938,23.93000030517578,24.020000457763672,23.510000228881836,23.8799991607666,60939400
2010-08-30,17.958393096923828,23.639999389648438,23.81999969482422,23.600000381469727,23.739999771118164,45453100
2010-08-31,17.829254150390625,23.469999313354492,23.729999542236328,23.31999969482422,23.600000381469727,66074600
2010-09-01,18.15590476989746,23.899999618530273,23.950000762939453,23.540000915527344,23.670000076293945,65235900
2010-09-02,18.186290740966797,23.940000534057617,23.950000762939453,23.709999084472656,23.8799991607666,48837100
2010-09-03,18.452177047729492,24.290000915527344,24.450000762939453,24.200000762939453,24.239999771118164,64189100
2010-09-07,18.20148468017578,23.959999084472656,24.299999237060547,23.920000076293945,24.100000381469727,51928700
2010-09-08,18.178695678710938,23.93000030517578,24.200000762939453,23.739999771118164,24.06999969482422,65512400
2010-09-09,18.239473342895508,24.010000228881836,24.209999084472656,23.989999771118164,24.190000534057617,46028900
2010-09-10,18.117923736572266,23.850000381469727,24.030000686645508,23.790000915527344,23.979999542236328,58284300
2010-09-13,19.075096130371094,25.110000610351562,25.290000915527344,24.09000015258789,24.200000762939453,114680400
2010-09-14,19.01432228088379,25.030000686645508,25.350000381469727,24.889999389648438,25.040000915527344,87160400
2010-09-15,19.082691192626953,25.1200008392334,25.219999313354492,24.920000076293945,25.100000381469727,56201900
2010-09-16,19.242225646972656,25.329999923706055,25.3700008392334,25.049999237060547,25.059999465942383,44548300
2010-09-17,19.158662796020508,25.219999313354492,25.530000686645508,25.079999923706055,25.399999618530273,70341600
2010-09-20,19.31818962097168,25.43000030517578,25.520000457763672,25.110000610351562,25.280000686645508,49838700
2010-09-21,19.10548210144043,25.149999618530273,25.420000076293945,25.079999923706055,25.420000076293945,52675700
2010-09-22,18.695268630981445,24.610000610351562,24.969999313354492,24.360000610351562,24.889999389648438,94299400
2010-09-23,18.558534622192383,24.43000030517578,24.59000015258789,24.360000610351562,24.510000228881836,46201800
2010-09-24,18.824411392211914,24.780000686645508,24.799999237060547,24.579999923706055,24.639999389648438,51948800
2010-09-27,18.78642463684082,24.729999542236328,24.989999771118164,24.59000015258789,24.850000381469727,43603300
2010-09-28,18.748445510864258,24.68000030517578,24.899999618530273,24.350000381469727,24.799999237060547,56041200
2010-09-29,18.61170196533203,24.5,24.65999984741211,24.399999618530273,24.6299991607666,44318900
2010-09-30,18.604108810424805,24.489999771118164,24.829999923706055,24.360000610351562,24.610000610351562,61262700
2010-10-01,18.520544052124023,24.3799991607666,24.81999969482422,24.299999237060547,24.770000457763672,62672300
2010-10-04,18.16350555419922,23.90999984741211,23.989999771118164,23.780000686645508,23.959999084472656,98143400
2010-10-05,18.49774742126465,24.350000381469727,24.450000762939453,23.90999984741211,24.059999465942383,78152900
2010-10-06,18.558534622192383,24.43000030517578,24.540000915527344,24.1299991607666,24.31999969482422,50489700
2010-10-07,18.634492874145508,24.530000686645508,24.75,24.280000686645508,24.6200008392334,50096100
2010-10-08,18.66488265991211,24.56999969482422,24.649999618530273,24.3700008392334,24.6200008392334,41327800
2010-10-11,18.68007469177246,24.59000015258789,24.739999771118164,24.5,24.739999771118164,27587800
2010-10-12,18.862388610839844,24.829999923706055,24.93000030517578,24.43000030517578,24.649999618530273,50141500
2010-10-13,19.24981689453125,25.34000015258789,25.540000915527344,24.889999389648438,25.020000457763672,75336500
2010-10-14,19.16625213623047,25.229999542236328,25.34000015258789,25.0,25.290000915527344,51949100
2010-10-15,19.40175437927246,25.540000915527344,25.549999237060547,25.229999542236328,25.360000610351562,68954800
2010-10-18,19.61445426940918,25.81999969482422,25.950000762939453,25.450000762939453,25.59000015258789,48330500
2010-10-19,19.06749725341797,25.100000381469727,25.3700008392334,24.950000762939453,25.270000457763672,66150900
2010-10-20,19.227020263671875,25.309999465942383,25.399999618530273,25.100000381469727,25.260000228881836,56283600
2010-10-21,19.310592651367188,25.420000076293945,25.540000915527344,25.049999237060547,25.399999618530273,50032400
2010-10-22,19.28019905090332,25.3799991607666,25.540000915527344,25.270000457763672,25.520000457763672,25837900
2010-10-25,19.135868072509766,25.190000534057617,25.350000381469727,25.170000076293945,25.239999771118164,50912400
2010-10-26,19.675230026245117,25.899999618530273,25.969999313354492,25.059999465942383,25.1200008392334,69304200
2010-10-27,19.78917121887207,26.049999237060547,26.110000610351562,25.6200008392334,25.790000915527344,64805500
2010-10-28,19.963899612426758,26.280000686645508,26.3799991607666,25.920000076293945,26.209999084472656,80730300
2010-10-29,20.260162353515625,26.670000076293945,27.200000762939453,26.479999542236328,27.149999618530273,114193200
2010-11-01,20.472869873046875,26.950000762939453,27.219999313354492,26.700000762939453,26.8799991607666,61912100
2010-11-02,20.8071231842041,27.389999389648438,27.420000076293945,27.020000457763672,27.059999465942383,54402100
2010-11-03,20.53364372253418,27.030000686645508,27.489999771118164,26.959999084472656,27.459999084472656,110255300
2010-11-04,20.617212295532227,27.139999389648438,27.43000030517578,27.010000228881836,27.40999984741211,93599300
2010-11-05,20.39689826965332,26.850000381469727,27.190000534057617,26.530000686645508,27.170000076293945,110953700
2010-11-08,20.36651611328125,26.809999465942383,28.8700008392334,26.579999923706055,26.68000030517578,71670800
2010-11-09,20.472869873046875,26.950000762939453,27.110000610351562,26.709999084472656,26.809999465942383,58538600
2010-11-10,20.465282440185547,26.940000534057617,27.079999923706055,26.809999465942383,27.010000228881836,52277300
2010-11-11,20.26776885986328,26.68000030517578,26.719999313354492,26.280000686645508,26.68000030517578,62073100
2010-11-12,19.956308364868164,26.270000457763672,26.520000457763672,26.100000381469727,26.469999313354492,64962200
2010-11-15,19.903135299682617,26.200000762939453,26.5,26.170000076293945,26.329999923706055,51794600
2010-11-16,19.727331161499023,25.809999465942383,26.040000915527344,25.649999618530273,26.040000915527344,65339200
2010-11-17,19.54389190673828,25.56999969482422,25.90999984741211,25.549999237060547,25.899999618530273,58299700
2010-11-18,19.750261306762695,25.84000015258789,26.079999923706055,25.610000610351562,25.709999084472656,59514000
2010-11-19,19.6356143951416,25.690000534057617,25.829999923706055,25.600000381469727,25.799999237060547,52423200
2010-11-22,19.66618537902832,25.729999542236328,25.739999771118164,25.440000534057617,25.649999618530273,53350500
2010-11-23,19.199947357177734,25.1200008392334,25.600000381469727,25.09000015258789,25.56999969482422,69742500
2010-11-24,19.391027450561523,25.3700008392334,25.459999084472656,25.15999984741211,25.200000762939453,56825900
2010-11-26,19.299304962158203,25.25,25.40999984741211,25.170000076293945,25.209999084472656,21356500
2010-11-29,19.345165252685547,25.309999465942383,25.420000076293945,24.93000030517578,25.190000534057617,56603600
2010-11-30,19.30694580078125,25.260000228881836,25.469999313354492,25.0,25.049999237060547,75282100
2010-12-01,19.903135299682617,26.040000915527344,26.25,25.559999465942383,25.56999969482422,74123500
2010-12-02,20.55280113220215,26.889999389648438,26.979999542236328,26.200000762939453,26.239999771118164,91759200
2010-12-03,20.65216827392578,27.020000457763672,27.059999465942383,26.780000686645508,26.809999465942383,52622000
2010-12-06,20.514589309692383,26.84000015258789,26.979999542236328,26.760000228881836,26.93000030517578,36264200
2010-12-07,20.537519454956055,26.8700008392334,27.1299991607666,26.850000381469727,27.079999923706055,57860500
2010-12-08,20.81268310546875,27.229999542236328,27.239999771118164,26.799999237060547,26.829999923706055,41666800
2010-12-09,20.698028564453125,27.079999923706055,27.34000015258789,27.010000228881836,27.280000686645508,47148300
2010-12-10,20.896753311157227,27.34000015258789,27.399999618530273,27.110000610351562,27.190000534057617,37625800
2010-12-13,20.827966690063477,27.25,27.450000762939453,27.170000076293945,27.270000457763672,47943900
2010-12-14,21.110763549804688,27.6200008392334,27.75,27.260000228881836,27.309999465942383,64070500
2010-12-15,21.28656578063965,27.850000381469727,27.989999771118164,27.530000686645508,27.530000686645508,69634200
2010-12-16,21.393564224243164,27.989999771118164,27.989999771118164,27.65999984741211,27.760000228881836,57680200
2010-12-17,21.32477378845215,27.899999618530273,28.09000015258789,27.75,27.920000076293945,87456500
2010-12-20,21.2559871673584,27.809999465942383,27.989999771118164,27.68000030517578,27.950000762939453,52811000
2010-12-21,21.454713821411133,28.06999969482422,28.139999389648438,27.760000228881836,27.850000381469727,38153000
2010-12-22,21.546432495117188,28.190000534057617,28.399999618530273,27.979999542236328,28.010000228881836,42252300
2010-12-23,21.630508422851562,28.299999237060547,28.31999969482422,27.959999084472656,27.969999313354492,24902500
2010-12-27,21.454713821411133,28.06999969482422,28.200000762939453,27.8799991607666,28.1200008392334,21652800
2010-12-28,21.408849716186523,28.010000228881836,28.170000076293945,27.959999084472656,27.969999313354492,23042200
2010-12-29,21.378280639648438,27.969999313354492,28.1200008392334,27.8799991607666,27.940000534057617,19502500
2010-12-30,21.28656578063965,27.850000381469727,28.0,27.780000686645508,27.920000076293945,20786100
2010-12-31,21.33241844177246,27.90999984741211,27.920000076293945,27.6299991607666,27.799999237060547,24752000
2011-01-03,21.385923385620117,27.979999542236328,28.18000030517578,27.920000076293945,28.049999237060547,53443800
2011-01-04,21.470006942749023,28.09000015258789,28.170000076293945,27.850000381469727,27.940000534057617,54405600
2011-01-05,21.401206970214844,28.0,28.010000228881836,27.770000457763672,27.899999618530273,58998700
2011-01-06,22.027957916259766,28.81999969482422,28.850000381469727,27.860000610351562,28.040000915527344,88026300
2011-01-07,21.85980796813965,28.600000381469727,28.739999771118164,28.25,28.639999389648438,73762000
2011-01-10,21.569364547729492,28.219999313354492,28.399999618530273,28.040000915527344,28.260000228881836,57573600
2011-01-11,21.48529052734375,28.110000610351562,28.25,28.049999237060547,28.200000762939453,50298900
2011-01-12,21.82159423828125,28.549999237060547,28.59000015258789,28.06999969482422,28.1200008392334,52631100
2011-01-13,21.546432495117188,28.190000534057617,28.389999389648438,28.010000228881836,28.329999923706055,67077600
2011-01-14,21.630508422851562,28.299999237060547,28.3799991607666,27.90999984741211,28.079999923706055,62688400
2011-01-18,21.90567398071289,28.65999984741211,28.739999771118164,28.139999389648438,28.15999984741211,53322700
2011-01-19,21.760446548461914,28.469999313354492,28.68000030517578,28.270000457763672,28.459999084472656,50005900
2011-01-20,21.668724060058594,28.350000381469727,28.549999237060547,28.1299991607666,28.5,58613600
2011-01-21,21.416492462158203,28.020000457763672,28.43000030517578,28.020000457763672,28.399999618530273,58080300
2011-01-24,21.691654205322266,28.3799991607666,28.559999465942383,27.989999771118164,28.020000457763672,52047800
2011-01-25,21.74516487121582,28.450000762939453,28.450000762939453,28.1200008392334,28.139999389648438,42436600
2011-01-26,21.997386932373047,28.780000686645508,28.989999771118164,28.5,28.510000228881836,74628800
2011-01-27,22.066179275512695,28.8700008392334,29.459999084472656,28.489999771118164,28.75,146938600
2011-01-28,21.21013069152832,27.75,28.93000030517578,27.450000762939453,28.899999618530273,141249400
2011-01-31,21.194847106933594,27.729999542236328,27.899999618530273,27.420000076293945,27.770000457763672,65029000
2011-02-01,21.393564224243164,27.989999771118164,28.059999465942383,27.610000610351562,27.799999237060547,62810700
2011-02-02,21.35535430908203,27.940000534057617,28.110000610351562,27.8799991607666,27.93000030517578,45824000
2011-02-03,21.133697509765625,27.649999618530273,27.969999313354492,27.540000915527344,27.969999313354492,60340100
2011-02-04,21.22541046142578,27.770000457763672,27.84000015258789,27.510000228881836,27.700000762939453,40412200
2011-02-07,21.554080963134766,28.200000762939453,28.34000015258789,27.790000915527344,27.799999237060547,68980900
2011-02-08,21.61521339416504,28.280000686645508,28.34000015258789,28.049999237060547,28.100000381469727,34904200
2011-02-09,21.378280639648438,27.969999313354492,28.260000228881836,27.90999984741211,28.190000534057617,52905100
2011-02-10,21.01905059814453,27.5,27.940000534057617,27.290000915527344,27.93000030517578,76672400
2011-02-11,20.827966690063477,27.25,27.809999465942383,27.06999969482422,27.760000228881836,83939700
2011-02-14,20.81268310546875,27.229999542236328,27.270000457763672,26.950000762939453,27.209999084472656,56766200
2011-02-15,20.728099822998047,26.959999084472656,27.329999923706055,26.950000762939453,27.040000915527344,44116500
2011-02-16,20.774240493774414,27.020000457763672,27.06999969482422,26.600000381469727,27.049999237060547,70817900
2011-02-17,20.920310974121094,27.209999084472656,27.3700008392334,26.90999984741211,26.969999313354492,57207300
2011-02-18,20.80499267578125,27.059999465942383,27.209999084472656,26.989999771118164,27.1299991607666,68667800
2011-02-22,20.443632125854492,26.59000015258789,27.100000381469727,26.520000457763672,26.780000686645508,60889000
2011-02-23,20.443632125854492,26.59000015258789,26.860000610351562,26.43000030517578,26.530000686645508,60234100
2011-02-24,20.58202362060547,26.770000457763672,27.059999465942383,26.5,26.639999389648438,64494200
2011-02-25,20.412879943847656,26.549999237060547,26.950000762939453,26.5,26.90999984741211,53006300
2011-02-28,20.43593978881836,26.579999923706055,26.860000610351562,26.510000228881836,26.690000534057617,51379900
2011-03-01,20.11302947998047,26.15999984741211,26.780000686645508,26.149999618530273,26.600000381469727,60055000
2011-03-02,20.051523208618164,26.079999923706055,26.3700008392334,26.040000915527344,26.110000610351562,48658200
2011-03-03,20.14378547668457,26.200000762939453,26.399999618530273,26.18000030517578,26.260000228881836,68271500
2011-03-04,19.951570510864258,25.950000762939453,26.239999771118164,25.799999237060547,26.219999313354492,70437200
2011-03-07,19.774730682373047,25.719999313354492,26.270000457763672,25.549999237060547,26.1299991607666,64980400
2011-03-08,19.920820236206055,25.90999984741211,26.020000457763672,25.649999618530273,25.770000457763672,50549800
2011-03-09,19.905433654785156,25.889999389648438,25.979999542236328,25.65999984741211,25.809999465942383,39789100
2011-03-10,19.536388397216797,25.40999984741211,25.709999084472656,25.350000381469727,25.6200008392334,66549500
2011-03-11,19.74397850036621,25.68000030517578,25.850000381469727,25.360000610351562,25.40999984741211,49905800
2011-03-14,19.75166893005371,25.690000534057617,25.760000228881836,25.350000381469727,25.489999771118164,54473400
2011-03-15,19.521015167236328,25.389999389648438,25.469999313354492,25.0,25.079999923706055,76067300
2011-03-16,19.059709548950195,24.790000915527344,25.280000686645508,24.68000030517578,25.219999313354492,100725400
2011-03-17,19.05201530456543,24.780000686645508,25.219999313354492,24.75,25.059999465942383,62497000
2011-03-18,19.06739616394043,24.799999237060547,25.18000030517578,24.799999237060547,25.059999465942383,85486700
2011-03-21,19.474885940551758,25.329999923706055,25.579999923706055,25.149999618530273,25.18000030517578,46878100
2011-03-22,19.451818466186523,25.299999237060547,25.459999084472656,25.229999542236328,25.299999237060547,30895600
2011-03-23,19.636343002319336,25.540000915527344,25.610000610351562,25.18000030517578,25.229999542236328,43969000
2011-03-24,19.843929290771484,25.809999465942383,25.8700008392334,25.5,25.600000381469727,38696700
2011-03-25,19.69785499572754,25.6200008392334,25.950000762939453,25.59000015258789,25.93000030517578,57029800
2011-03-28,19.536388397216797,25.40999984741211,25.719999313354492,25.3799991607666,25.65999984741211,48973200
2011-03-29,19.597904205322266,25.489999771118164,25.520000457763672,25.299999237060547,25.34000015258789,40763500
2011-03-30,19.690170288085938,25.610000610351562,25.719999313354492,25.5,25.600000381469727,41999300
2011-03-31,19.521015167236328,25.389999389648438,25.68000030517578,25.34000015258789,25.600000381469727,63233700
2011-04-01,19.590211868286133,25.479999542236328,25.530000686645508,25.309999465942383,25.530000686645508,63114200
2011-04-04,19.644033432006836,25.549999237060547,25.65999984741211,25.40999984741211,25.450000762939453,35433700
2011-04-05,19.82086944580078,25.780000686645508,26.18000030517578,25.739999771118164,25.81999969482422,73651100
2011-04-06,20.1053409576416,26.149999618530273,26.309999465942383,25.860000610351562,25.979999542236328,65581400
2011-04-07,20.14378547668457,26.200000762939453,26.260000228881836,25.969999313354492,26.190000534057617,46134700
2011-04-08,20.043834686279297,26.06999969482422,26.280000686645508,25.959999084472656,26.170000076293945,39887600
2011-04-11,19.974637985229492,25.979999542236328,26.25,25.799999237060547,26.190000534057617,34286300
2011-04-12,19.713228225708008,25.639999389648438,25.850000381469727,25.549999237060547,25.829999923706055,36920400
2011-04-13,19.705543518066406,25.6299991607666,25.8700008392334,25.559999465942383,25.649999618530273,38144700
2011-04-14,19.544082641601562,25.420000076293945,25.440000534057617,25.09000015258789,25.420000076293945,55239900
2011-04-15,19.505634307861328,25.3700008392334,25.559999465942383,25.18000030517578,25.459999084472656,65080400
2011-04-18,19.282676696777344,25.079999923706055,25.280000686645508,24.719999313354492,25.100000381469727,58045100
2011-04-19,19.336490631103516,25.149999618530273,25.170000076293945,24.8700008392334,25.0,38892400
2011-04-20,19.805477142333984,25.760000228881836,26.0,25.510000228881836,25.540000915527344,61608600
2011-04-21,19.6209659576416,25.520000457763672,25.889999389648438,25.360000610351562,25.790000915527344,46892300
2011-04-25,19.690170288085938,25.610000610351562,25.6200008392334,25.34000015258789,25.559999465942383,33525100
2011-04-26,20.13609504699707,26.190000534057617,26.440000534057617,25.670000076293945,25.739999771118164,69200000
2011-04-27,20.28217315673828,26.3799991607666,26.389999389648438,26.1299991607666,26.299999237060547,52689000
2011-04-28,20.535898208618164,26.709999084472656,26.8700008392334,26.399999618530273,26.459999084472656,80200000
2011-04-29,19.928499221801758,25.920000076293945,26.639999389648438,25.360000610351562,26.549999237060547,319317900
2011-05-02,19.728609085083008,25.65999984741211,26.0,25.479999542236328,25.940000534057617,89825600
2011-05-03,19.843929290771484,25.809999465942383,25.850000381469727,25.489999771118164,25.600000381469727,71892900
2011-05-04,20.03614616394043,26.059999465942383,26.25,25.790000915527344,25.850000381469727,73292300
2011-05-05,19.82855987548828,25.790000915527344,26.079999923706055,25.68000030517578,26.049999237060547,55600000
2011-05-06,19.890066146850586,25.8700008392334,26.219999313354492,25.75,26.06999969482422,55993000
2011-05-09,19.859310150146484,25.829999923706055,25.959999084472656,25.670000076293945,25.799999237060547,38696400
2011-05-10,19.736295700073242,25.670000076293945,25.850000381469727,25.25,25.3799991607666,120798700
2011-05-11,19.497947692871094,25.360000610351562,25.65999984741211,25.209999084472656,25.649999618530273,78600000
2011-05-12,19.467205047607422,25.31999969482422,25.389999389648438,25.100000381469727,25.350000381469727,77400000
2011-05-13,19.244232177734375,25.030000686645508,25.31999969482422,24.950000762939453,25.280000686645508,66812300
2011-05-16,18.890560150146484,24.56999969482422,25.06999969482422,24.5,24.959999084472656,91350900
2011-05-17,18.975692749023438,24.520000457763672,24.700000762939453,24.270000457763672,24.399999618530273,82882100
2011-05-18,19.10725212097168,24.690000534057617,24.739999771118164,24.25,24.530000686645508,53931100
2011-05-19,19.130462646484375,24.719999313354492,24.8799991607666,24.5,24.850000381469727,37783600
2011-05-20,18.95246696472168,24.489999771118164,24.8700008392334,24.440000534057617,24.719999313354492,45451500
2011-05-23,18.704824447631836,24.170000076293945,24.25,24.030000686645508,24.209999084472656,52692500
2011-05-24,18.689353942871094,24.149999618530273,24.290000915527344,24.040000915527344,24.200000762939453,47691800
2011-05-25,18.720306396484375,24.190000534057617,24.309999465942383,24.15999984741211,24.170000076293945,34904200
2011-05-26,19.091766357421875,24.670000076293945,25.030000686645508,24.31999969482422,24.350000381469727,78016600
2011-05-27,19.161422729492188,24.760000228881836,24.899999618530273,24.649999618530273,24.68000030517578,50251000
2011-05-31,19.354896545410156,25.010000228881836,25.059999465942383,24.700000762939453,24.959999084472656,60196300
2011-06-01,18.906038284301758,24.43000030517578,25.100000381469727,24.3700008392334,24.989999771118164,74033500
2011-06-02,18.743526458740234,24.219999313354492,24.649999618530273,24.18000030517578,24.489999771118164,51487800
2011-06-03,18.503618240356445,23.90999984741211,24.139999389648438,23.84000015258789,24.049999237060547,60697700
2011-06-06,18.58100700378418,24.010000228881836,24.25,23.770000457763672,23.889999389648438,54778700
2011-06-07,18.61969566345215,24.059999465942383,24.170000076293945,23.899999618530273,24.09000015258789,41112600
2011-06-08,18.526832580566406,23.940000534057617,24.020000457763672,23.860000610351562,23.899999618530273,42205000
2011-06-09,18.542306900024414,23.959999084472656,24.040000915527344,23.81999969482422,24.010000228881836,42878700
2011-06-10,18.348844528198242,23.709999084472656,24.020000457763672,23.690000534057617,24.020000457763672,49327200
2011-06-13,18.60422706604004,24.040000915527344,24.190000534057617,23.700000762939453,23.790000915527344,47572500
2011-06-14,18.743526458740234,24.219999313354492,24.450000762939453,24.190000534057617,24.299999237060547,42894500
2011-06-15,18.37206268310547,23.739999771118164,24.010000228881836,23.670000076293945,24.0,49410200
2011-06-16,18.573266983032227,24.0,24.100000381469727,23.649999618530273,23.75,57184100
2011-06-17,18.774484634399414,24.260000228881836,24.299999237060547,23.979999542236328,24.219999313354492,83320400
2011-06-20,18.93699073791504,24.469999313354492,24.65999984741211,24.15999984741211,24.170000076293945,54338400
2011-06-21,19.161422729492188,24.760000228881836,24.860000610351562,24.399999618530273,24.520000457763672,49708700
2011-06-22,19.0762939453125,24.649999618530273,24.809999465942383,24.59000015258789,24.600000381469727,44287300
2011-06-23,19.06081199645996,24.6299991607666,24.649999618530273,24.200000762939453,24.440000534057617,59470400
2011-06-24,18.80544090270996,24.299999237060547,24.540000915527344,24.190000534057617,24.510000228881836,101387200
2011-06-27,19.50193214416504,25.200000762939453,25.459999084472656,24.229999542236328,24.229999542236328,92044200
2011-06-28,19.966264724731445,25.799999237060547,25.920000076293945,25.15999984741211,25.299999237060547,81032100
2011-06-29,19.826963424682617,25.6200008392334,25.709999084472656,25.360000610351562,25.709999084472656,66051000
2011-06-30,20.12104034423828,26.0,26.0,25.65999984741211,25.739999771118164,52535400
2011-07-01,20.136510848999023,26.020000457763672,26.170000076293945,25.84000015258789,25.93000030517578,52906200
2011-07-05,20.144262313842773,26.030000686645508,26.149999618530273,25.899999618530273,26.100000381469727,37805300
2011-07-06,20.376420974731445,26.329999923706055,26.3700008392334,25.959999084472656,25.969999313354492,48744200
2011-07-07,20.716928482055664,26.770000457763672,26.8799991607666,26.360000610351562,26.489999771118164,51946500
2011-07-08,20.833019256591797,26.920000076293945,26.979999542236328,26.510000228881836,26.540000915527344,58320700
2011-07-11,20.608585357666016,26.6299991607666,26.799999237060547,26.489999771118164,26.6200008392334,43999800
2011-07-12,20.5389404296875,26.540000915527344,26.790000915527344,26.34000015258789,26.549999237060547,47319300
2011-07-13,20.608585357666016,26.6299991607666,26.959999084472656,26.510000228881836,26.600000381469727,40861800
2011-07-14,20.48476791381836,26.469999313354492,27.010000228881836,26.360000610351562,26.6200008392334,46382300
2011-07-15,20.72467041015625,26.780000686645508,26.93000030517578,26.469999313354492,26.469999313354492,49132400
2011-07-18,20.577627182006836,26.59000015258789,26.899999618530273,26.260000228881836,26.6299991607666,44501900
2011-07-19,21.312822341918945,27.540000915527344,27.639999389648438,26.780000686645508,26.809999465942383,86730600
2011-07-20,20.941362380981445,27.059999465942383,27.350000381469727,26.979999542236328,27.280000686645508,49795400
2011-07-21,20.972320556640625,27.100000381469727,27.309999465942383,26.649999618530273,27.040000915527344,81737400
2011-07-22,21.305082321166992,27.530000686645508,27.549999237060547,26.68000030517578,26.860000610351562,76380600
2011-07-25,21.59916877746582,27.90999984741211,28.09000015258789,27.190000534057617,27.260000228881836,108482400
2011-07-26,21.730724334716797,28.079999923706055,28.149999618530273,27.780000686645508,27.81999969482422,74636500
2011-07-27,21.150314331054688,27.329999923706055,27.989999771118164,27.200000762939453,27.8799991607666,71488700
2011-07-28,21.452129364013672,27.719999313354492,28.06999969482422,27.209999084472656,27.290000915527344,83761400
2011-07-29,21.204483032226562,27.399999618530273,27.709999084472656,27.260000228881836,27.520000457763672,104394800
2011-08-01,21.103872299194336,27.270000457763672,27.690000534057617,26.75,27.510000228881836,61838400
2011-08-02,20.74015998840332,26.799999237060547,27.450000762939453,26.760000228881836,26.979999542236328,63883100
2011-08-03,20.833019256591797,26.920000076293945,27.0,26.479999542236328,26.829999923706055,64581200
2011-08-04,20.074604034423828,25.940000534057617,26.8700008392334,25.93000030517578,26.530000686645508,92949500
2011-08-05,19.8734073638916,25.68000030517578,26.100000381469727,25.229999542236328,25.969999313354492,112071700
2011-08-08,18.944732666015625,24.479999542236328,25.600000381469727,24.389999389648438,25.020000457763672,134257200
2011-08-09,19.796010971069336,25.579999923706055,25.6200008392334,24.030000686645508,24.709999084472656,126268900
2011-08-10,18.728042602539062,24.200000762939453,25.09000015258789,24.100000381469727,24.950000762939453,127819900
2011-08-11,19.494192123413086,25.190000534057617,25.3799991607666,24.399999618530273,24.5,90690100
2011-08-12,19.424543380737305,25.100000381469727,25.34000015258789,24.649999618530273,25.1299991607666,64787100
2011-08-15,19.741830825805664,25.510000228881836,25.579999923706055,25.149999618530273,25.239999771118164,56529400
2011-08-16,19.741830825805664,25.350000381469727,25.59000015258789,25.049999237060547,25.219999313354492,54251500
2011-08-17,19.66396141052246,25.25,25.700000762939453,24.93000030517578,25.25,50923700
2011-08-18,19.21227264404297,24.670000076293945,25.09000015258789,24.030000686645508,24.56999969482422,105714200
2011-08-19,18.729433059692383,24.049999237060547,24.6200008392334,23.90999984741211,24.40999984741211,77397900
2011-08-22,18.674917221069336,23.979999542236328,24.489999771118164,23.790000915527344,24.420000076293945,54721000
2011-08-23,19.251205444335938,24.719999313354492,24.75,24.030000686645508,24.030000686645508,59670600
2011-08-24,19.391386032104492,24.899999618530273,24.93000030517578,24.420000076293945,24.649999618530273,45329700
2011-08-25,19.1343994140625,24.56999969482422,25.15999984741211,24.5,25.079999923706055,48192000
2011-08-26,19.66396141052246,25.25,25.34000015258789,24.420000076293945,24.510000228881836,71957000
2011-08-29,20.123430252075195,25.84000015258789,25.860000610351562,25.3700008392334,25.530000686645508,38863200
2011-08-30,20.427154541015625,26.229999542236328,26.43000030517578,25.700000762939453,25.729999542236328,57341400
2011-08-31,20.71529769897461,26.600000381469727,26.709999084472656,26.260000228881836,26.290000915527344,59300800
2011-09-01,20.411579132080078,26.209999084472656,26.860000610351562,26.209999084472656,26.459999084472656,60510800
2011-09-02,20.0922794342041,25.799999237060547,26.0,25.65999984741211,25.780000686645508,43894400
2011-09-06,19.866443634033203,25.510000228881836,25.59000015258789,25.110000610351562,25.200000762939453,54929300
2011-09-07,20.248037338256836,26.0,26.0,25.56999969482422,25.690000534057617,41961000
2011-09-08,20.419363021850586,26.219999313354492,26.65999984741211,25.950000762939453,26.0,65811900
2011-09-09,20.04555320739746,25.739999771118164,26.18000030517578,25.5,26.0,64529200
2011-09-12,20.162372589111328,25.889999389648438,25.93000030517578,25.270000457763672,25.440000534057617,55046100
2011-09-13,20.27918815612793,26.040000915527344,26.190000534057617,25.809999465942383,25.920000076293945,48792300
2011-09-14,20.637420654296875,26.5,26.799999237060547,25.889999389648438,26.170000076293945,66739200
2011-09-15,21.019020080566406,26.989999771118164,27.030000686645508,26.309999465942383,26.729999542236328,67808300
2011-09-16,21.120264053344727,27.1200008392334,27.270000457763672,26.829999923706055,27.049999237060547,89681500
2011-09-19,21.190343856811523,27.209999084472656,27.309999465942383,26.600000381469727,26.799999237060547,52324900
2011-09-20,21.011234283447266,26.979999542236328,27.5,26.93000030517578,27.309999465942383,49211900
2011-09-21,20.240243911743164,25.989999771118164,27.059999465942383,25.969999313354492,27.049999237060547,72750700
2011-09-22,19.515989303588867,25.059999465942383,25.649999618530273,24.600000381469727,25.299999237060547,96278300
2011-09-23,19.515989303588867,25.059999465942383,25.149999618530273,24.690000534057617,24.899999618530273,64768100
2011-09-26,19.81192398071289,25.440000534057617,25.520000457763672,24.729999542236328,25.190000534057617,51057600
2011-09-27,19.991046905517578,25.670000076293945,25.920000076293945,25.450000762939453,25.65999984741211,55620700
2011-09-28,19.92095375061035,25.579999923706055,26.3700008392334,25.510000228881836,25.93000030517578,60736200
2011-09-29,19.81970977783203,25.450000762939453,26.170000076293945,25.09000015258789,25.979999542236328,63407300
2011-09-30,19.383604049682617,24.889999389648438,25.5,24.8799991607666,25.200000762939453,54060500
2011-10-03,19.103246688842773,24.530000686645508,25.34000015258789,24.520000457763672,24.719999313354492,64592500
2011-10-04,19.73404884338379,25.34000015258789,25.389999389648438,24.260000228881836,24.299999237060547,83485400
2011-10-05,20.162372589111328,25.889999389648438,26.15999984741211,25.15999984741211,25.420000076293945,94061300
2011-10-06,20.512813568115234,26.34000015258789,26.399999618530273,25.700000762939453,25.899999618530273,55111400
2011-10-07,20.44273567199707,26.25,26.510000228881836,26.200000762939453,26.34000015258789,52741600
2011-10-10,20.98007583618164,26.940000534057617,26.969999313354492,26.469999313354492,26.579999923706055,41815300
2011-10-11,21.026809692382812,27.0,27.06999969482422,26.719999313354492,26.860000610351562,38826200
2011-10-12,20.99565315246582,26.959999084472656,27.309999465942383,26.899999618530273,27.18000030517578,52489800
2011-10-13,21.166988372802734,27.18000030517578,27.200000762939453,26.6200008392334,26.760000228881836,43823500
2011-10-14,21.237075805664062,27.270000457763672,27.5,27.020000457763672,27.309999465942383,50947700
2011-10-17,21.011234283447266,26.979999542236328,27.420000076293945,26.850000381469727,27.110000610351562,39453300
2011-10-18,21.268224716186523,27.309999465942383,27.399999618530273,26.799999237060547,26.940000534057617,52487900
2011-10-19,21.12804412841797,27.1299991607666,27.469999313354492,27.010000228881836,27.3700008392334,42880000
2011-10-20,21.05795669555664,27.040000915527344,27.34000015258789,26.399999618530273,27.260000228881836,76300200
2011-10-21,21.15141487121582,27.15999984741211,27.190000534057617,26.799999237060547,27.149999618530273,76620600
2011-10-24,21.174776077270508,27.190000534057617,27.399999618530273,27.040000915527344,27.059999465942383,56897800
2011-10-25,20.87883949279785,26.809999465942383,27.229999542236328,26.719999313354492,27.079999923706055,53554600
2011-10-26,20.70751190185547,26.59000015258789,27.059999465942383,26.100000381469727,27.030000686645508,63029900
2011-10-27,21.22149658203125,27.25,27.399999618530273,26.649999618530273,27.1299991607666,74512400
2011-10-28,21.011234283447266,26.979999542236328,27.190000534057617,26.790000915527344,27.139999389648438,57712100
2011-10-31,20.738664627075195,26.6299991607666,27.0,26.6200008392334,26.760000228881836,46799000
2011-11-01,20.240243911743164,25.989999771118164,26.31999969482422,25.860000610351562,26.190000534057617,61182600
2011-11-02,20.255821228027344,26.010000228881836,26.200000762939453,25.700000762939453,26.100000381469727,53533100
2011-11-03,20.660785675048828,26.530000686645508,26.59000015258789,25.979999542236328,26.239999771118164,65836100
2011-11-04,20.44273567199707,26.25,26.399999618530273,26.0,26.3799991607666,36549200
2011-11-07,20.871049880981445,26.799999237060547,26.81999969482422,26.1299991607666,26.209999084472656,42589700
2011-11-08,21.15141487121582,27.15999984741211,27.200000762939453,26.690000534057617,27.010000228881836,47822500
2011-11-09,20.40379524230957,26.200000762939453,26.75,26.059999465942383,26.59000015258789,62950900
2011-11-10,20.466094970703125,26.280000686645508,26.5,26.1200008392334,26.469999313354492,32514400
2011-11-11,20.956722259521484,26.90999984741211,27.079999923706055,26.56999969482422,26.579999923706055,37903000
2011-11-14,20.83989906311035,26.760000228881836,27.0,26.649999618530273,26.8799991607666,34199200
2011-11-15,20.98114013671875,26.739999771118164,26.940000534057617,26.399999618530273,26.559999465942383,43874200
2011-11-16,20.455432891845703,26.06999969482422,26.510000228881836,26.040000915527344,26.469999313354492,53262800
2011-11-17,20.039573669433594,25.540000915527344,26.040000915527344,25.440000534057617,26.010000228881836,70977500
2011-11-18,19.85125732421875,25.299999237060547,25.5,25.149999618530273,25.479999542236328,47626200
2011-11-21,19.615875244140625,25.0,25.25,24.899999618530273,25.239999771118164,61882500
2011-11-22,19.45110321044922,24.790000915527344,24.959999084472656,24.649999618530273,24.889999389648438,49204500
2011-11-23,19.20001792907715,24.469999313354492,24.790000915527344,24.469999313354492,24.610000610351562,49099700
2011-11-25,19.066631317138672,24.299999237060547,24.670000076293945,24.299999237060547,24.3799991607666,26164600
2011-11-28,19.513870239257812,24.8700008392334,24.969999313354492,24.690000534057617,24.940000534057617,46766700
2011-11-29,19.490333557128906,24.84000015258789,25.040000915527344,24.75,24.81999969482422,40917100
2011-11-30,20.070960998535156,25.579999923706055,25.59000015258789,25.139999389648438,25.3700008392334,81350900
2011-12-01,19.83557891845703,25.280000686645508,25.6299991607666,25.200000762939453,25.559999465942383,48545400
2011-12-02,19.78849220275879,25.219999313354492,25.6200008392334,25.15999984741211,25.59000015258789,52293800
2011-12-05,20.165117263793945,25.700000762939453,25.799999237060547,25.5,25.780000686645508,56818400
2011-12-06,20.133731842041016,25.65999984741211,25.8700008392334,25.610000610351562,25.809999465942383,46175300
2011-12-07,20.086654663085938,25.600000381469727,25.760000228881836,25.34000015258789,25.670000076293945,62667000
2011-12-08,19.929729461669922,25.399999618530273,25.719999313354492,25.3700008392334,25.479999542236328,60522200
2011-12-09,20.165117263793945,25.700000762939453,25.8700008392334,25.5,25.520000457763672,53788500
2011-12-12,20.016035079956055,25.510000228881836,25.56999969482422,25.290000915527344,25.40999984741211,38945900
2011-12-13,20.212190628051758,25.760000228881836,26.100000381469727,25.649999618530273,25.75,54581100
2011-12-14,20.078807830810547,25.59000015258789,25.860000610351562,25.56999969482422,25.719999313354492,47926400
2011-12-15,20.055265426635742,25.559999465942383,25.8799991607666,25.540000915527344,25.719999313354492,46213900
2011-12-16,20.4005069732666,26.0,26.170000076293945,25.6299991607666,25.670000076293945,101408100
2011-12-19,20.031728744506836,25.530000686645508,26.1200008392334,25.459999084472656,26.020000457763672,52258300
2011-12-20,20.424047470092773,26.030000686645508,26.100000381469727,25.809999465942383,25.860000610351562,60767600
2011-12-21,20.212190628051758,25.760000228881836,26.190000534057617,25.440000534057617,26.010000228881836,64132500
2011-12-22,20.251426696777344,25.809999465942383,25.860000610351562,25.479999542236328,25.81999969482422,35794100
2011-12-23,20.424047470092773,26.030000686645508,26.040000915527344,25.729999542236328,25.90999984741211,23205800
2011-12-27,20.431886672973633,26.040000915527344,26.139999389648438,25.93000030517578,25.959999084472656,21287200
2011-12-28,20.259273529052734,25.81999969482422,26.149999618530273,25.760000228881836,26.110000610351562,29822500
2011-12-29,20.416200637817383,26.020000457763672,26.049999237060547,25.860000610351562,25.950000762939453,22616900
2011-12-30,20.369117736816406,25.959999084472656,26.1200008392334,25.90999984741211,26.0,27395700
2012-01-03,21.004676818847656,26.770000457763672,26.959999084472656,26.389999389648438,26.549999237060547,64731500
2012-01-04,21.498994827270508,27.399999618530273,27.469999313354492,26.780000686645508,26.81999969482422,80516100
2012-01-05,21.71868896484375,27.68000030517578,27.729999542236328,27.290000915527344,27.3799991607666,56081400
2012-01-06,22.056089401245117,28.110000610351562,28.190000534057617,27.530000686645508,27.530000686645508,99455500
2012-01-09,21.76577377319336,27.739999771118164,28.100000381469727,27.719999313354492,28.049999237060547,59706800
2012-01-10,21.84423828125,27.84000015258789,28.149999618530273,27.75,27.93000030517578,60014400
2012-01-11,21.75008201599121,27.719999313354492,27.979999542236328,27.3700008392334,27.43000030517578,65582400
2012-01-12,21.96977996826172,28.0,28.020000457763672,27.649999618530273,27.8700008392334,49370800
2012-01-13,22.165929794311523,28.25,28.25,27.790000915527344,27.93000030517578,60196100
2012-01-17,22.173784255981445,28.260000228881836,28.649999618530273,28.170000076293945,28.399999618530273,72395300
2012-01-18,22.150243759155273,28.229999542236328,28.399999618530273,27.969999313354492,28.309999465942383,64860600
2012-01-19,22.06393051147461,28.1200008392334,28.440000534057617,28.030000686645508,28.15999984741211,74053500
2012-01-20,23.31151008605957,29.709999084472656,29.739999771118164,28.75,28.81999969482422,165902900
2012-01-23,23.327194213867188,29.729999542236328,29.950000762939453,29.350000381469727,29.549999237060547,76078100
2012-01-24,23.021190643310547,29.34000015258789,29.56999969482422,29.18000030517578,29.469999313354492,51703300
2012-01-25,23.193809509277344,29.559999465942383,29.649999618530273,29.06999969482422,29.06999969482422,59231700
2012-01-26,23.146728515625,29.5,29.700000762939453,29.399999618530273,29.610000610351562,49102800
2012-01-27,22.93488121032715,29.229999542236328,29.530000686645508,29.170000076293945,29.450000762939453,44187700
2012-01-30,23.2330379486084,29.610000610351562,29.6200008392334,28.829999923706055,28.969999313354492,51114800
2012-01-31,23.170270919799805,29.530000686645508,29.700000762939453,29.229999542236328,29.65999984741211,50572400
2012-02-01,23.45273208618164,29.889999389648438,30.049999237060547,29.760000228881836,29.790000915527344,67409900
2012-02-02,23.499818801879883,29.950000762939453,30.170000076293945,29.709999084472656,29.899999618530273,52223300
2012-02-03,23.727365493774414,30.239999771118164,30.399999618530273,30.09000015258789,30.139999389648438,41838500
2012-02-06,23.69597625732422,30.200000762939453,30.219999313354492,29.969999313354492,30.040000915527344,28039700
2012-02-07,23.81366539001465,30.350000381469727,30.489999771118164,30.049999237060547,30.149999618530273,39242400
2012-02-08,24.056901931762695,30.65999984741211,30.670000076293945,30.219999313354492,30.260000228881836,49659100
2012-02-09,24.14322280883789,30.770000457763672,30.799999237060547,30.479999542236328,30.68000030517578,50481600
2012-02-10,23.93136978149414,30.5,30.799999237060547,30.360000610351562,30.639999389648438,44605300
2012-02-13,23.994138717651367,30.579999923706055,30.770000457763672,30.43000030517578,30.6299991607666,33319800
2012-02-14,23.891462326049805,30.25,30.459999084472656,29.850000381469727,30.329999923706055,59644000
2012-02-15,23.733503341674805,30.049999237060547,30.389999389648438,30.030000686645508,30.329999923706055,43311300
2012-02-16,24.71285057067871,31.290000915527344,31.549999237060547,30.299999237060547,30.309999465942383,94705100
2012-02-17,24.681262969970703,31.25,31.31999969482422,30.950000762939453,31.200000762939453,70036500
2012-02-21,24.83132553100586,31.440000534057617,31.610000610351562,31.149999618530273,31.18000030517578,50829900
2012-02-22,24.697057723999023,31.270000457763672,31.68000030517578,31.18000030517578,31.450000762939453,49253200
2012-02-23,24.776042938232422,31.3700008392334,31.59000015258789,31.0,31.200000762939453,35034700
2012-02-24,24.862918853759766,31.479999542236328,31.5,31.239999771118164,31.479999542236328,35575400
2012-02-27,24.76024627685547,31.350000381469727,31.5,31.100000381469727,31.239999771118164,34568400
2012-02-28,25.170944213867188,31.8700008392334,31.93000030517578,31.3799991607666,31.40999984741211,45230600
2012-02-29,25.068265914916992,31.739999771118164,32.0,31.610000610351562,31.889999389648438,59323600
2012-03-01,25.50265884399414,32.290000915527344,32.38999938964844,31.850000381469727,31.93000030517578,77344100
2012-03-02,25.336790084838867,32.08000183105469,32.439998626708984,32.0,32.310001373291016,47314200
2012-03-05,25.11565399169922,31.799999237060547,32.04999923706055,31.6200008392334,32.0099983215332,45240000
2012-03-06,24.92609977722168,31.559999465942383,31.979999542236328,31.489999771118164,31.540000915527344,51932900
2012-03-07,25.14724349975586,31.84000015258789,31.920000076293945,31.530000686645508,31.670000076293945,34340400
2012-03-08,25.281503677368164,32.0099983215332,32.209999084472656,31.899999618530273,32.040000915527344,36747400
2012-03-09,25.26572036743164,31.989999771118164,32.15999984741211,31.920000076293945,32.099998474121094,34628400
2012-03-12,25.305200576782227,32.040000915527344,32.20000076293945,31.81999969482422,31.969999313354492,34073600
2012-03-13,25.802785873413086,32.66999816894531,32.689998626708984,32.150001525878906,32.2400016784668,48951700
2012-03-14,25.881763458251953,32.77000045776367,32.880001068115234,32.4900016784668,32.529998779296875,41986900
2012-03-15,25.944936752319336,32.849998474121094,32.939998626708984,32.58000183105469,32.790000915527344,49068300
2012-03-16,25.74749183654785,32.599998474121094,32.95000076293945,32.5,32.90999984741211,65626400
2012-03-19,25.431570053100586,32.20000076293945,32.61000061035156,32.150001525878906,32.540000915527344,44789200
2012-03-20,25.26572036743164,31.989999771118164,32.150001525878906,31.739999771118164,32.099998474121094,41566800
2012-03-21,25.202531814575195,31.90999984741211,32.150001525878906,31.81999969482422,31.959999084472656,37928600
2012-03-22,25.273609161376953,32.0,32.09000015258789,31.790000915527344,31.809999465942383,31749500
2012-03-23,25.281503677368164,32.0099983215332,32.11000061035156,31.719999313354492,32.099998474121094,35912200
2012-03-26,25.739595413208008,32.59000015258789,32.61000061035156,32.150001525878906,32.189998626708984,36758300
2012-03-27,25.684309005737305,32.52000045776367,32.70000076293945,32.400001525878906,32.650001525878906,36274900
2012-03-28,25.42367172241211,32.189998626708984,32.70000076293945,32.040000915527344,32.52000045776367,41344800
2012-03-29,25.368385314941406,32.119998931884766,32.189998626708984,31.809999465942383,32.060001373291016,37038500
2012-03-30,25.478958129882812,32.2599983215332,32.40999984741211,32.040000915527344,32.400001525878906,31749400
2012-04-02,25.50265884399414,32.290000915527344,32.459999084472656,31.950000762939453,32.220001220703125,35853600
2012-04-03,25.226221084594727,31.940000534057617,32.189998626708984,31.65999984741211,32.15999984741211,42752100
2012-04-04,24.649669647216797,31.209999084472656,31.690000534057617,31.049999237060547,31.65999984741211,49455900
2012-04-05,24.894512176513672,31.520000457763672,31.6299991607666,31.049999237060547,31.149999618530273,50368600
2012-04-09,24.56279754638672,31.100000381469727,31.399999618530273,30.969999313354492,31.219999313354492,31056400
2012-04-10,24.065216064453125,30.469999313354492,31.190000534057617,30.299999237060547,31.059999465942383,54131300
2012-04-11,23.970439910888672,30.350000381469727,30.530000686645508,30.229999542236328,30.43000030517578,43014000
2012-04-12,24.46802520751953,30.979999542236328,31.040000915527344,30.420000076293945,30.479999542236328,38304000
2012-04-13,24.333749771118164,30.809999465942383,31.15999984741211,30.719999313354492,30.889999389648438,39749200
2012-04-16,24.546998977661133,31.079999923706055,31.190000534057617,30.770000457763672,30.989999771118164,38124800
2012-04-17,24.83132553100586,31.440000534057617,31.610000610351562,31.200000762939453,31.270000457763672,34361500
2012-04-18,24.59438133239746,31.139999389648438,31.309999465942383,31.040000915527344,31.280000686645508,40552900
2012-04-19,24.491710662841797,31.010000228881836,31.68000030517578,30.940000534057617,31.1299991607666,54781200
2012-04-20,25.605318069458008,32.41999816894531,32.88999938964844,32.04999923706055,32.150001525878906,106045000
2012-04-23,25.368385314941406,32.119998931884766,32.5,32.029998779296875,32.310001373291016,61398200
2012-04-24,25.21042823791504,31.920000076293945,32.52000045776367,31.829999923706055,32.209999084472656,40871100
2012-04-25,25.431570053100586,32.20000076293945,32.31999969482422,31.8700008392334,31.920000076293945,62495500
2012-04-26,25.36048698425293,32.11000061035156,32.22999954223633,31.920000076293945,32.119998931884766,40308100
2012-04-27,25.2578125,31.979999542236328,32.220001220703125,31.8799991607666,32.119998931884766,41419100
2012-04-30,25.28940773010254,32.02000045776367,32.11000061035156,31.920000076293945,31.979999542236328,35697200
2012-05-01,25.281503677368164,32.0099983215332,32.34000015258789,31.950000762939453,32.04999923706055,43832300
2012-05-02,25.11565399169922,31.799999237060547,31.93000030517578,31.639999389648438,31.850000381469727,37385300
2012-05-03,25.08405303955078,31.760000228881836,31.899999618530273,31.610000610351562,31.8799991607666,31501300
2012-05-04,24.46802520751953,30.979999542236328,31.56999969482422,30.920000076293945,31.450000762939453,57927200
2012-05-07,24.207380294799805,30.649999618530273,30.860000610351562,30.56999969482422,30.700000762939453,48641400
2012-05-08,24.08891487121582,30.5,30.780000686645508,30.170000076293945,30.479999542236328,46328300
2012-05-09,24.294260025024414,30.760000228881836,30.829999923706055,30.100000381469727,30.190000534057617,50309300
2012-05-10,24.278467178344727,30.739999771118164,31.020000457763672,30.450000762939453,30.860000610351562,43839200
2012-05-11,24.61017608642578,31.15999984741211,31.540000915527344,30.690000534057617,30.690000534057617,43459300
2012-05-14,24.231075286865234,30.68000030517578,31.040000915527344,30.639999389648438,30.81999969482422,40528900
2012-05-15,24.016427993774414,30.209999084472656,30.799999237060547,30.149999618530273,30.639999389648438,61822800
2012-05-16,23.76998519897461,29.899999618530273,30.31999969482422,29.739999771118164,30.309999465942383,60083700
2012-05-17,23.626890182495117,29.719999313354492,30.209999084472656,29.709999084472656,29.989999771118164,48484000
2012-05-18,23.26914405822754,29.270000457763672,29.809999465942383,29.170000076293945,29.790000915527344,56205300
2012-05-21,23.650737762451172,29.75,29.790000915527344,29.059999465942383,29.100000381469727,38787900
2012-05-22,23.65869140625,29.760000228881836,29.8799991607666,29.5,29.690000534057617,39504900
2012-05-23,23.141950607299805,29.110000610351562,29.399999618530273,28.639999389648438,29.350000381469727,65171000
2012-05-24,23.110151290893555,29.06999969482422,29.299999237060547,28.760000228881836,29.15999984741211,52575000
2012-05-25,23.10219955444336,29.059999465942383,29.360000610351562,29.010000228881836,29.200000762939453,29507200
2012-05-29,23.49968910217285,29.559999465942383,29.719999313354492,29.219999313354492,29.3799991607666,37758800
2012-05-30,23.324792861938477,29.34000015258789,29.479999542236328,29.1200008392334,29.350000381469727,41585500
2012-05-31,23.20555305480957,29.190000534057617,29.420000076293945,28.940000534057617,29.299999237060547,39134000
2012-06-01,22.617258071899414,28.450000762939453,28.959999084472656,28.440000534057617,28.760000228881836,56634300
2012-06-04,22.69675636291504,28.549999237060547,28.780000686645508,28.31999969482422,28.6200008392334,47926300
2012-06-05,22.664962768554688,28.510000228881836,28.75,28.389999389648438,28.510000228881836,45715400
2012-06-06,23.332746505737305,29.350000381469727,29.3700008392334,28.809999465942383,28.8799991607666,46860500
2012-06-07,23.237354278564453,29.229999542236328,29.700000762939453,29.170000076293945,29.639999389648438,37792800
2012-06-08,23.57124900817871,29.649999618530273,29.68000030517578,29.049999237060547,29.209999084472656,42551100
2012-06-11,22.97500228881836,28.899999618530273,29.809999465942383,28.81999969482422,29.729999542236328,46361900
2012-06-12,23.28504180908203,29.290000915527344,29.299999237060547,28.84000015258789,29.100000381469727,35337900
2012-06-13,23.1578426361084,29.1299991607666,29.440000534057617,29.049999237060547,29.219999313354492,32984600
2012-06-14,23.324792861938477,29.34000015258789,29.459999084472656,28.8799991607666,29.329999923706055,39458900
2012-06-15,23.86538314819336,30.020000457763672,30.079999923706055,29.489999771118164,29.59000015258789,62314400
2012-06-18,23.722280502319336,29.84000015258789,30.030000686645508,29.709999084472656,29.989999771118164,58679900
2012-06-19,24.405977249145508,30.700000762939453,31.110000610351562,30.049999237060547,30.190000534057617,75725800
2012-06-20,24.588823318481445,30.93000030517578,31.049999237060547,30.639999389648438,30.93000030517578,36257100
2012-06-21,23.960777282714844,30.139999389648438,31.139999389648438,30.059999465942383,30.959999084472656,48456600
2012-06-22,24.405977249145508,30.700000762939453,30.729999542236328,30.030000686645508,30.299999237060547,45098100
2012-06-25,23.746135711669922,29.8700008392334,30.31999969482422,29.6200008392334,30.299999237060547,42217200
2012-06-26,23.86538314819336,30.020000457763672,30.270000457763672,29.940000534057617,30.0,38421300
2012-06-27,23.984628677368164,30.170000076293945,30.5,30.030000686645508,30.190000534057617,33781700
2012-06-28,23.777938842773438,29.90999984741211,30.049999237060547,29.420000076293945,29.979999542236328,45328400
2012-06-29,24.318525314331055,30.59000015258789,30.690000534057617,30.139999389648438,30.450000762939453,55227200
2012-07-02,24.294668197631836,30.559999465942383,30.6200008392334,30.209999084472656,30.6200008392334,30589100
2012-07-03,24.453676223754883,30.760000228881836,30.760000228881836,30.170000076293945,30.229999542236328,20938100
2012-07-05,24.405977249145508,30.700000762939453,30.780000686645508,30.3799991607666,30.59000015258789,28801900
2012-07-06,24.000534057617188,30.190000534057617,30.700000762939453,29.950000762939453,30.610000610351562,38294800
2012-07-09,23.849485397338867,30.0,30.229999542236328,29.780000686645508,30.1200008392334,30680800
2012-07-10,23.64278793334961,29.739999771118164,30.219999313354492,29.510000228881836,30.079999923706055,37534100
2012-07-11,23.292991638183594,29.299999237060547,29.739999771118164,29.110000610351562,29.709999084472656,39184900
2012-07-12,22.760353088378906,28.6299991607666,29.18000030517578,28.540000915527344,29.149999618530273,63523600
2012-07-13,23.364545822143555,29.389999389648438,29.479999542236328,28.719999313354492,28.760000228881836,39085000
2012-07-16,23.404293060302734,29.440000534057617,29.530000686645508,29.040000915527344,29.479999542236328,27900600
2012-07-17,23.579187393188477,29.65999984741211,29.860000610351562,29.200000762939453,29.639999389648438,33771300
2012-07-18,24.207229614257812,30.450000762939453,30.450000762939453,29.459999084472656,29.600000381469727,41090400
2012-07-19,24.38212013244629,30.670000076293945,30.799999237060547,30.3799991607666,30.510000228881836,46663200
2012-07-20,23.944887161254883,30.1200008392334,31.049999237060547,30.049999237060547,31.0,64021700
2012-07-23,23.27709197998047,29.280000686645508,29.579999923706055,29.010000228881836,29.56999969482422,55151900
2012-07-24,23.173749923706055,29.149999618530273,29.360000610351562,28.899999618530273,29.239999771118164,47723300
2012-07-25,22.919347763061523,28.829999923706055,29.329999923706055,28.780000686645508,29.239999771118164,45579500
2012-07-26,23.18169593811035,29.15999984741211,29.5,29.09000015258789,29.229999542236328,45301400
2012-07-27,23.65869140625,29.760000228881836,29.850000381469727,29.18000030517578,29.479999542236328,44242600
2012-07-30,23.563291549682617,29.639999389648438,29.81999969482422,29.459999084472656,29.75,28905000
2012-07-31,23.428146362304688,29.469999313354492,29.709999084472656,29.329999923706055,29.479999542236328,37620900
2012-08-01,23.380443572998047,29.40999984741211,29.649999618530273,29.209999084472656,29.59000015258789,31721800
2012-08-02,23.20555305480957,29.190000534057617,29.530000686645508,28.969999313354492,29.209999084472656,39520500
2012-08-03,23.650737762451172,29.75,29.940000534057617,29.479999542236328,29.530000686645508,35859400
2012-08-06,23.809736251831055,29.950000762939453,30.110000610351562,29.809999465942383,30.0,27471800
2012-08-07,24.05617904663086,30.260000228881836,30.350000381469727,29.8700008392334,30.06999969482422,28002900
2012-08-08,24.111827850341797,30.329999923706055,30.469999313354492,30.110000610351562,30.209999084472656,26257600
2012-08-09,24.24697494506836,30.5,30.649999618530273,30.299999237060547,30.389999389648438,24920800
2012-08-10,24.183374404907227,30.420000076293945,30.6200008392334,30.25,30.5,27810300
2012-08-13,24.159523010253906,30.389999389648438,30.459999084472656,30.15999984741211,30.350000381469727,23049100
2012-08-14,24.11151123046875,30.1299991607666,30.389999389648438,30.010000228881836,30.299999237060547,34551400
2012-08-15,24.16753578186035,30.200000762939453,30.280000686645508,30.020000457763672,30.110000610351562,24351000
2012-08-16,24.631671905517578,30.780000686645508,30.940000534057617,30.260000228881836,30.360000610351562,35787200
2012-08-17,24.727705001831055,30.899999618530273,30.920000076293945,30.59000015258789,30.920000076293945,32589900
2012-08-20,24.59966468811035,30.739999771118164,30.850000381469727,30.579999923706055,30.81999969482422,23737700
2012-08-21,24.64767837524414,30.799999237060547,30.959999084472656,30.610000610351562,30.760000228881836,28822700
2012-08-22,24.439624786376953,30.540000915527344,30.760000228881836,30.469999313354492,30.59000015258789,33437400
2012-08-23,24.215547561645508,30.260000228881836,30.399999618530273,30.079999923706055,30.389999389648438,28355600
2012-08-24,24.45561981201172,30.559999465942383,30.6299991607666,30.18000030517578,30.25,22943300
2012-08-27,24.559656143188477,30.690000534057617,30.959999084472656,30.59000015258789,30.93000030517578,34691100
2012-08-28,24.511632919311523,30.6299991607666,30.799999237060547,30.520000457763672,30.700000762939453,23947900
2012-08-29,24.52763557434082,30.649999618530273,30.75,30.440000534057617,30.649999618530273,23346800
2012-08-30,24.263566970825195,30.31999969482422,30.610000610351562,30.219999313354492,30.530000686645508,23982100
2012-08-31,24.6636905670166,30.81999969482422,30.959999084472656,30.3799991607666,30.600000381469727,36590100
2012-09-04,24.319578170776367,30.389999389648438,30.65999984741211,30.149999618530273,30.450000762939453,48556700
2012-09-05,24.319578170776367,30.389999389648438,30.530000686645508,30.209999084472656,30.219999313354492,33650000
2012-09-06,25.08781623840332,31.350000381469727,31.360000610351562,30.459999084472656,30.5,48371700
2012-09-07,24.76771354675293,30.950000762939453,31.06999969482422,30.729999542236328,31.040000915527344,42649100
2012-09-10,24.58365821838379,30.719999313354492,30.899999618530273,30.510000228881836,30.829999923706055,40524000
2012-09-11,24.639680862426758,30.790000915527344,30.90999984741211,30.610000610351562,30.690000534057617,25191800
2012-09-12,24.631671905517578,30.780000686645508,31.18000030517578,30.729999542236328,30.940000534057617,32775800
2012-09-13,24.759714126586914,30.940000534057617,31.18000030517578,30.399999618530273,30.889999389648438,45047300
2012-09-14,24.975784301757812,31.209999084472656,31.25,30.809999465942383,31.010000228881836,51422800
2012-09-17,24.975784301757812,31.209999084472656,31.260000228881836,31.040000915527344,31.190000534057617,36488500
2012-09-18,24.95177459716797,31.18000030517578,31.209999084472656,31.030000686645508,31.100000381469727,34542700
2012-09-19,24.84774398803711,31.049999237060547,31.190000534057617,31.040000915527344,31.09000015258789,48871900
2012-09-20,25.167844772338867,31.450000762939453,31.479999542236328,30.90999984741211,30.950000762939453,45543000
2012-09-21,24.959779739379883,31.190000534057617,31.610000610351562,31.09000015258789,31.43000030517578,102348900
2012-09-24,24.631671905517578,30.780000686645508,31.06999969482422,30.639999389648438,31.0,46825900
2012-09-25,24.319578170776367,30.389999389648438,31.0,30.360000610351562,30.950000762939453,54266400
2012-09-26,24.143518447875977,30.170000076293945,30.600000381469727,30.040000915527344,30.280000686645508,54672000
2012-09-27,24.135513305664062,30.15999984741211,30.399999618530273,29.889999389648438,30.170000076293945,47129900
2012-09-28,23.815420150756836,29.760000228881836,30.260000228881836,29.739999771118164,30.18000030517578,54229300
2012-10-01,23.59935188293457,29.489999771118164,29.979999542236328,29.420000076293945,29.809999465942383,54042700
2012-10-02,23.735395431518555,29.65999984741211,29.889999389648438,29.5,29.68000030517578,43338900
2012-10-03,23.895444869995117,29.860000610351562,29.989999771118164,29.670000076293945,29.75,46655900
2012-10-04,24.031482696533203,30.030000686645508,30.030000686645508,29.56999969482422,29.969999313354492,43634900
2012-10-05,23.8874454498291,29.850000381469727,30.25,29.739999771118164,30.229999542236328,41133900
2012-10-08,23.83142852783203,29.780000686645508,29.920000076293945,29.549999237060547,29.639999389648438,29752000
2012-10-09,23.43129539489746,29.280000686645508,29.739999771118164,29.18000030517578,29.68000030517578,45121100
2012-10-10,23.19122886657715,28.979999542236328,29.309999465942383,28.950000762939453,29.149999618530273,47227100
2012-10-11,23.16721534729004,28.950000762939453,29.25,28.8700008392334,29.219999313354492,41488500
2012-10-12,23.367280960083008,29.200000762939453,29.31999969482422,28.799999237060547,28.969999313354492,46464700
2012-10-15,23.615354537963867,29.510000228881836,29.719999313354492,29.25,29.3700008392334,42440200
2012-10-16,23.59935188293457,29.489999771118164,29.739999771118164,29.31999969482422,29.450000762939453,47739400
2012-10-17,23.67937469482422,29.59000015258789,29.639999389648438,29.09000015258789,29.299999237060547,44206100
2012-10-18,23.60736083984375,29.5,29.729999542236328,29.260000228881836,29.649999618530273,59238500
2012-10-19,22.919147491455078,28.639999389648438,29.079999923706055,28.5,29.049999237060547,90470800
2012-10-22,22.406978607177734,28.0,28.829999923706055,27.829999923706055,28.729999542236328,83374000
2012-10-23,22.446998596191406,28.049999237060547,28.200000762939453,27.760000228881836,27.770000457763672,64414800
2012-10-24,22.326961517333984,27.899999618530273,28.200000762939453,27.8700008392334,28.15999984741211,53320400
2012-10-25,22.310955047607422,27.8799991607666,28.200000762939453,27.860000610351562,28.190000534057617,54084300
2012-10-26,22.575031280517578,28.209999084472656,28.34000015258789,27.84000015258789,27.860000610351562,57790000
2012-10-31,22.83911895751953,28.540000915527344,28.8799991607666,28.5,28.549999237060547,69464100
2012-11-01,23.62336540222168,29.520000457763672,29.559999465942383,28.81999969482422,28.84000015258789,72047900
2012-11-02,23.60736083984375,29.5,29.770000457763672,29.329999923706055,29.59000015258789,57131600
2012-11-05,23.711389541625977,29.6299991607666,29.739999771118164,29.329999923706055,29.6200008392334,38070800
2012-11-06,23.895444869995117,29.860000610351562,30.200000762939453,29.610000610351562,29.81999969482422,43401500
2012-11-07,23.271255493164062,29.079999923706055,29.829999923706055,29.049999237060547,29.530000686645508,57871800
2012-11-08,23.05518341064453,28.809999465942383,29.3700008392334,28.799999237060547,29.1200008392334,49841800
2012-11-09,23.071186065673828,28.829999923706055,29.190000534057617,28.809999465942383,28.8799991607666,43291200
2012-11-12,22.583036422729492,28.219999313354492,29.010000228881836,28.209999084472656,28.940000534057617,61112300
2012-11-13,21.856889724731445,27.09000015258789,27.299999237060547,26.75,27.020000457763672,131689200
2012-11-14,21.65519142150879,26.84000015258789,27.290000915527344,26.799999237060547,27.239999771118164,76086100
2012-11-15,21.50995635986328,26.65999984741211,26.969999313354492,26.6299991607666,26.8799991607666,50955600
2012-11-16,21.39700698852539,26.520000457763672,26.700000762939453,26.34000015258789,26.670000076293945,64083300
2012-11-19,21.56643295288086,26.729999542236328,26.799999237060547,26.469999313354492,26.799999237060547,57179300
2012-11-20,21.550294876098633,26.709999084472656,26.799999237060547,26.459999084472656,26.760000228881836,47070400
2012-11-21,21.74393653869629,26.950000762939453,27.170000076293945,26.670000076293945,26.709999084472656,66360300
2012-11-23,22.34905242919922,27.700000762939453,27.770000457763672,27.200000762939453,27.229999542236328,57845700
2012-11-26,22.09894371032715,27.389999389648438,27.579999923706055,27.170000076293945,27.540000915527344,85198700
2012-11-27,21.848827362060547,27.079999923706055,27.3799991607666,27.040000915527344,27.360000610351562,45018600
2012-11-28,22.074737548828125,27.360000610351562,27.389999389648438,26.770000457763672,27.010000228881836,53018400
2012-11-29,21.74393653869629,26.950000762939453,27.360000610351562,26.860000610351562,27.110000610351562,69551400
2012-11-30,21.477684020996094,26.6200008392334,27.1299991607666,26.489999771118164,27.049999237060547,83690200
2012-12-03,21.32438850402832,26.43000030517578,26.81999969482422,26.399999618530273,26.780000686645508,53173800
2012-12-04,21.275978088378906,26.3700008392334,26.6299991607666,26.34000015258789,26.5,49777500
2012-12-05,21.51802635192871,26.670000076293945,26.93000030517578,26.260000228881836,26.3799991607666,68283800
2012-12-06,21.56643295288086,26.729999542236328,26.979999542236328,26.610000610351562,26.809999465942383,39182300
2012-12-07,21.348590850830078,26.459999084472656,26.81999969482422,26.3700008392334,26.81999969482422,46162100
2012-12-10,21.735870361328125,26.940000534057617,26.969999313354492,26.520000457763672,26.559999465942383,47031100
2012-12-11,22.042461395263672,27.31999969482422,27.489999771118164,27.049999237060547,27.049999237060547,52282800
2012-12-12,21.97791290283203,27.239999771118164,27.6200008392334,27.079999923706055,27.530000686645508,43966300
2012-12-13,21.873027801513672,27.110000610351562,27.520000457763672,26.950000762939453,27.31999969482422,45080100
2012-12-14,21.630979537963867,26.809999465942383,27.1299991607666,26.700000762939453,27.110000610351562,42077500
2012-12-17,21.864965438842773,27.100000381469727,27.219999313354492,26.68000030517578,26.790000915527344,42046100
2012-12-18,22.23609733581543,27.559999465942383,27.6299991607666,27.139999389648438,27.25,50486900
2012-12-19,22.034391403198242,27.309999465942383,27.729999542236328,27.25,27.690000534057617,53519900
2012-12-20,22.33292579650879,27.68000030517578,27.68000030517578,27.149999618530273,27.360000610351562,52607300
2012-12-21,22.147348403930664,27.450000762939453,27.489999771118164,27.0,27.450000762939453,98776500
2012-12-24,21.832691192626953,27.059999465942383,27.25,27.0,27.200000762939453,20842400
2012-12-26,21.67133140563965,26.860000610351562,27.200000762939453,26.700000762939453,27.030000686645508,31631100
2012-12-27,21.751998901367188,26.959999084472656,27.09000015258789,26.56999969482422,26.889999389648438,39394000
2012-12-28,21.42121124267578,26.549999237060547,26.899999618530273,26.549999237060547,26.709999084472656,28239900
2012-12-31,21.550294876098633,26.709999084472656,26.770000457763672,26.3700008392334,26.59000015258789,42749500
2013-01-02,22.284513473510742,27.6200008392334,27.729999542236328,27.149999618530273,27.25,52899300
2013-01-03,21.985986709594727,27.25,27.649999618530273,27.15999984741211,27.6299991607666,48294400
2013-01-04,21.574501037597656,26.739999771118164,27.34000015258789,26.729999542236328,27.270000457763672,52521100
2013-01-07,21.534160614013672,26.690000534057617,26.8799991607666,26.639999389648438,26.770000457763672,37110400
2013-01-08,21.42121124267578,26.549999237060547,26.790000915527344,26.459999084472656,26.75,44703100
2013-01-09,21.542240142822266,26.700000762939453,26.75,26.559999465942383,26.719999313354492,49047900
2013-01-10,21.348590850830078,26.459999084472656,26.979999542236328,26.290000915527344,26.649999618530273,71431300
2013-01-11,21.647117614746094,26.829999923706055,26.93000030517578,26.280000686645508,26.489999771118164,55512100
2013-01-14,21.695528030395508,26.889999389648438,27.079999923706055,26.760000228881836,26.899999618530273,48324400
2013-01-15,21.95370864868164,27.209999084472656,27.290000915527344,26.829999923706055,26.829999923706055,48244500
2013-01-16,21.816556930541992,27.040000915527344,27.229999542236328,27.010000228881836,27.149999618530273,41077400
2013-01-17,21.985986709594727,27.25,27.469999313354492,27.059999465942383,27.190000534057617,51685900
2013-01-18,21.985986709594727,27.25,27.290000915527344,27.040000915527344,27.100000381469727,52167700
2013-01-22,21.905298233032227,27.149999618530273,27.450000762939453,27.0,27.299999237060547,58650600
2013-01-23,22.276439666748047,27.610000610351562,27.639999389648438,27.200000762939453,27.200000762939453,50387700
2013-01-24,22.29257583618164,27.6299991607666,28.06999969482422,27.469999313354492,27.700000762939453,101739300
2013-01-25,22.494274139404297,27.8799991607666,28.229999542236328,27.389999389648438,27.579999923706055,81847700
2013-01-28,22.518497467041016,27.90999984741211,28.229999542236328,27.760000228881836,28.010000228881836,56056500
2013-01-29,22.599178314208984,28.010000228881836,28.1299991607666,27.600000381469727,27.81999969482422,49242600
2013-01-30,22.47008514404297,27.850000381469727,28.190000534057617,27.760000228881836,28.010000228881836,43580500
2013-01-31,22.147348403930664,27.450000762939453,27.969999313354492,27.399999618530273,27.790000915527344,50530000
2013-02-01,22.53462028503418,27.93000030517578,28.049999237060547,27.549999237060547,27.670000076293945,55565900
2013-02-04,22.139278411865234,27.440000534057617,28.020000457763672,27.420000076293945,27.8700008392334,50540000
2013-02-05,22.18769073486328,27.5,27.65999984741211,27.360000610351562,27.6200008392334,35410400
2013-02-06,22.05860137939453,27.34000015258789,27.540000915527344,27.25,27.3799991607666,41889600
2013-02-07,22.01019287109375,27.280000686645508,27.389999389648438,27.100000381469727,27.350000381469727,38028300
2013-02-08,22.22803497314453,27.549999237060547,27.709999084472656,27.309999465942383,27.350000381469727,33318500
2013-02-11,22.478153228759766,27.860000610351562,27.920000076293945,27.5,27.649999618530273,32247700
2013-02-12,22.494274139404297,27.8799991607666,28.0,27.75,27.8799991607666,35990900
2013-02-13,22.615306854248047,28.030000686645508,28.110000610351562,27.8799991607666,27.93000030517578,41715600
2013-02-14,22.623374938964844,28.040000915527344,28.059999465942383,27.8700008392334,27.920000076293945,32663200
2013-02-15,22.599178314208984,28.010000228881836,28.15999984741211,27.8799991607666,28.040000915527344,49650900
2013-02-19,22.818822860717773,28.049999237060547,28.09000015258789,27.799999237060547,27.8799991607666,38781400
2013-02-20,22.67238998413086,27.8700008392334,28.200000762939453,27.829999923706055,28.1299991607666,44110200
2013-02-21,22.363258361816406,27.489999771118164,27.739999771118164,27.229999542236328,27.739999771118164,49078500
2013-02-22,22.582901000976562,27.760000228881836,27.760000228881836,27.479999542236328,27.68000030517578,31425900
2013-02-25,22.26563262939453,27.3700008392334,28.049999237060547,27.3700008392334,27.969999313354492,48011800
2013-02-26,22.26563262939453,27.3700008392334,27.600000381469727,27.34000015258789,27.3799991607666,49923300
2013-02-27,22.623579025268555,27.809999465942383,28.0,27.329999923706055,27.420000076293945,36394700
2013-02-28,22.615442276000977,27.799999237060547,27.969999313354492,27.739999771118164,27.8799991607666,35840200
2013-03-01,22.73746681213379,27.950000762939453,27.979999542236328,27.520000457763672,27.719999313354492,34849700
2013-03-04,22.900165557861328,28.149999618530273,28.149999618530273,27.700000762939453,27.850000381469727,38157500
2013-03-05,23.0628719329834,28.350000381469727,28.540000915527344,28.15999984741211,28.290000915527344,41432200
2013-03-06,22.851362228393555,28.09000015258789,28.229999542236328,27.780000686645508,28.209999084472656,51448500
2013-03-07,22.892038345336914,28.139999389648438,28.280000686645508,28.010000228881836,28.110000610351562,29196700
2013-03-08,22.778141021728516,28.0,28.329999923706055,27.959999084472656,28.25,37667800
2013-03-11,22.67238998413086,27.8700008392334,27.969999313354492,27.670000076293945,27.940000534057617,36627500
2013-03-12,22.704936981201172,27.90999984741211,27.950000762939453,27.639999389648438,27.84000015258789,39255200
2013-03-13,22.71306610107422,27.920000076293945,28.020000457763672,27.75,27.8700008392334,29093400
2013-03-14,22.892038345336914,28.139999389648438,28.15999984741211,27.93000030517578,28.0,55914800
2013-03-15,22.81067657470703,28.040000915527344,28.15999984741211,27.979999542236328,28.030000686645508,92710300
2013-03-18,22.859498977661133,28.100000381469727,28.280000686645508,27.809999465942383,27.8799991607666,44809400
2013-03-19,22.924575805664062,28.18000030517578,28.219999313354492,28.030000686645508,28.1200008392334,51901600
2013-03-20,23.038463592529297,28.31999969482422,28.489999771118164,28.18000030517578,28.34000015258789,35447800
2013-03-21,22.867630004882812,28.110000610351562,28.360000610351562,28.049999237060547,28.110000610351562,34233200
2013-03-22,22.98151206970215,28.25,28.34000015258789,28.100000381469727,28.190000534057617,28720900
2013-03-25,22.908308029174805,28.15999984741211,28.350000381469727,27.959999084472656,28.299999237060547,44154000
2013-03-26,22.908308029174805,28.15999984741211,28.34000015258789,28.110000610351562,28.239999771118164,27824300
2013-03-27,23.07914161682129,28.3700008392334,28.450000762939453,28.079999923706055,28.139999389648438,36047400
2013-03-28,23.274381637573242,28.610000610351562,28.65999984741211,28.260000228881836,28.31999969482422,55453800
2013-04-01,23.274381637573242,28.610000610351562,28.65999984741211,28.360000610351562,28.639999389648438,29201100
2013-04-02,23.42894744873047,28.799999237060547,28.850000381469727,28.520000457763672,28.59000015258789,28456500
2013-04-03,23.23370933532715,28.559999465942383,28.950000762939453,28.540000915527344,28.75,35062800
2013-04-04,23.26624870300293,28.600000381469727,28.610000610351562,28.270000457763672,28.389999389648438,45263200
2013-04-05,23.34759521484375,28.700000762939453,28.780000686645508,28.110000610351562,28.219999313354492,50927300
2013-04-08,23.258113861083984,28.59000015258789,28.729999542236328,28.469999313354492,28.729999542236328,34759500
2013-04-09,24.087881088256836,29.610000610351562,29.81999969482422,28.68000030517578,28.729999542236328,77733800
2013-04-10,24.632936477661133,30.280000686645508,30.31999969482422,29.520000457763672,29.56999969482422,71116700
2013-04-11,23.542837142944336,28.940000534057617,29.200000762939453,28.729999542236328,29.100000381469727,130923200
2013-04-12,23.42081642150879,28.790000915527344,29.020000457763672,28.65999984741211,28.850000381469727,62886300
2013-04-15,23.339460372924805,28.690000534057617,28.979999542236328,28.510000228881836,28.649999618530273,56332900
2013-04-16,23.567245483398438,28.969999313354492,29.139999389648438,28.700000762939453,28.899999618530273,52797300
2013-04-17,23.453350067138672,28.829999923706055,29.040000915527344,28.600000381469727,28.850000381469727,52840700
2013-04-18,23.42081642150879,28.790000915527344,28.979999542236328,28.5,28.950000762939453,56906600
2013-04-19,24.218048095703125,29.770000457763672,30.239999771118164,29.610000610351562,29.6200008392334,99790700
2013-04-22,25.080366134643555,30.829999923706055,31.18000030517578,30.270000457763672,30.299999237060547,137904000
2013-04-23,24.893264770507812,30.600000381469727,30.899999618530273,30.3799991607666,30.700000762939453,59126900
2013-04-24,25.8369197845459,31.760000228881836,31.920000076293945,30.600000381469727,30.6200008392334,90946600
2013-04-25,25.983356475830078,31.940000534057617,32.84000015258789,31.540000915527344,31.709999084472656,110700200
2013-04-26,25.861330032348633,31.790000915527344,31.979999542236328,31.450000762939453,31.899999618530273,47799300
2013-04-29,26.528404235839844,32.61000061035156,32.68000030517578,31.770000457763672,31.799999237060547,59116400
2013-04-30,26.927017211914062,33.099998474121094,33.11000061035156,32.279998779296875,32.560001373291016,75165200
2013-05-01,26.617895126342773,32.720001220703125,33.08000183105469,32.599998474121094,32.93000030517578,54330900
2013-05-02,26.975830078125,33.15999984741211,33.16999816894531,32.38999938964844,32.630001068115234,46059500
2013-05-03,27.24428367614746,33.4900016784668,33.52000045776367,33.08000183105469,33.22999954223633,46784600
2013-05-06,27.455806732177734,33.75,33.90999984741211,33.25,33.41999816894531,40978300
2013-05-07,27.09786033630371,33.310001373291016,33.790000915527344,33.2400016784668,33.650001525878906,43078300
2013-05-08,26.837533950805664,32.9900016784668,33.2400016784668,32.650001525878906,33.06999969482422,51595700
2013-05-09,26.569074630737305,32.65999984741211,33.0,32.59000015258789,32.849998474121094,46417800
2013-05-10,26.593481063842773,32.689998626708984,32.720001220703125,32.31999969482422,32.66999816894531,36394900
2013-05-13,26.870065689086914,33.029998779296875,33.06999969482422,32.54999923706055,32.61000061035156,36027600
2013-05-14,27.468103408813477,33.529998779296875,33.529998779296875,32.79999923706055,32.86000061035156,56870100
2013-05-15,27.730243682861328,33.849998474121094,33.900001525878906,33.43000030517578,33.45000076293945,46303900
2013-05-16,27.918664932250977,34.08000183105469,34.150001525878906,33.54999923706055,33.63999938964844,59382900
2013-05-17,28.565839767456055,34.869998931884766,34.869998931884766,34.099998474121094,34.130001068115234,60666700
2013-05-20,28.737884521484375,35.08000183105469,35.099998474121094,34.68000030517578,34.72999954223633,54020800
2013-05-21,28.549455642700195,34.849998474121094,35.27000045776367,34.720001220703125,35.099998474121094,48702400
2013-05-22,28.352828979492188,34.61000061035156,34.84000015258789,34.36000061035156,34.790000915527344,66047500
2013-05-23,27.97600555419922,34.150001525878906,34.54999923706055,33.900001525878906,34.22999954223633,51102700
2013-05-24,28.07431411743164,34.27000045776367,34.279998779296875,33.900001525878906,33.91999816894531,33174400
2013-05-28,28.688720703125,35.02000045776367,35.18000030517578,34.40999984741211,34.41999816894531,48212100
2013-05-29,28.574037551879883,34.880001068115234,35.02000045776367,34.56999969482422,34.7400016784668,38412200
2013-05-30,28.696908950805664,35.029998779296875,35.25,34.810001373291016,34.849998474121094,51131000
2013-05-31,28.590431213378906,34.900001525878906,35.279998779296875,34.790000915527344,34.81999969482422,56165700
2013-06-03,29.15567398071289,35.59000015258789,35.630001068115234,34.83000183105469,34.91999816894531,51252600
2013-06-04,28.664146423339844,34.9900016784668,35.7400016784668,34.77000045776367,35.619998931884766,65529500
2013-06-05,28.492115020751953,34.779998779296875,34.88999938964844,34.43000030517578,34.599998474121094,46025100
2013-06-06,28.63957405090332,34.959999084472656,35.11000061035156,34.4900016784668,34.84000015258789,37618500
2013-06-07,29.221202850341797,35.66999816894531,35.779998779296875,35.060001373291016,35.25,40757300
2013-06-10,29.05736541748047,35.470001220703125,35.650001525878906,35.13999938964844,35.5099983215332,35994500
2013-06-11,28.541263580322266,34.84000015258789,35.18000030517578,34.68000030517578,35.04999923706055,39435900
2013-06-12,28.672340393066406,35.0,35.27000045776367,34.849998474121094,35.13999938964844,37372700
2013-06-13,28.44295310974121,34.720001220703125,35.02000045776367,34.59000015258789,34.9900016784668,45654900
2013-06-14,28.18080711364746,34.400001525878906,34.689998626708984,34.25,34.54999923706055,53192600
2013-06-17,28.672340393066406,35.0,35.15999984741211,34.630001068115234,34.689998626708984,49670100
2013-06-18,28.655963897705078,34.97999954223633,35.16999816894531,34.900001525878906,34.970001220703125,28616500
2013-06-19,28.336454391479492,34.59000015258789,35.09000015258789,34.59000015258789,34.959999084472656,30816200
2013-06-20,27.435325622558594,33.4900016784668,34.33000183105469,33.369998931884766,34.2599983215332,54493700
2013-06-21,27.255098342895508,33.27000045776367,33.72999954223633,33.04999923706055,33.65999984741211,85338500
2013-06-24,27.623748779296875,33.720001220703125,34.20000076293945,32.56999969482422,32.939998626708984,56109000
2013-06-25,27.58278465270996,33.66999816894531,34.380001068115234,33.459999084472656,34.08000183105469,44073400
2013-06-26,28.139848709106445,34.349998474121094,34.47999954223633,33.88999938964844,34.119998931884766,48665900
2013-06-27,28.361026763916016,34.619998931884766,34.779998779296875,34.5,34.52000045776367,28993100
2013-06-28,28.295503616333008,34.540000915527344,34.790000915527344,34.34000015258789,34.380001068115234,65545500
2013-07-01,28.148038864135742,34.36000061035156,34.9900016784668,34.33000183105469,34.75,31055400
2013-07-02,27.80398178100586,33.939998626708984,34.439998626708984,33.630001068115234,34.40999984741211,37630000
2013-07-03,27.86131477355957,34.0099983215332,34.369998931884766,33.599998474121094,33.65999984741211,15994400
2013-07-05,28.025156021118164,34.209999084472656,34.2400016784668,33.58000183105469,34.09000015258789,26085900
2013-07-08,28.12346839904785,34.33000183105469,34.59000015258789,33.97999954223633,34.349998474121094,32396900
2013-07-09,28.139848709106445,34.349998474121094,34.599998474121094,34.13999938964844,34.58000183105469,25318500
2013-07-10,28.42656135559082,34.70000076293945,34.810001373291016,34.31999969482422,34.34000015258789,29658800
2013-07-11,29.23758888244629,35.689998626708984,35.77000045776367,34.900001525878906,35.0,53638300
2013-07-12,29.221202850341797,35.66999816894531,35.72999954223633,35.279998779296875,35.58000183105469,35501200
2013-07-15,29.630807876586914,36.16999816894531,36.220001220703125,35.58000183105469,35.65999984741211,34142600
2013-07-16,29.712730407714844,36.27000045776367,36.43000030517578,35.959999084472656,36.0099983215332,36378500
2013-07-17,29.2785587310791,35.7400016784668,36.38999938964844,35.4900016784668,36.34000015258789,37285100
2013-07-18,29.03278350830078,35.439998626708984,35.88999938964844,35.220001220703125,35.720001220703125,49547100
2013-07-19,25.72317886352539,31.399999618530273,32.66999816894531,31.020000457763672,32.400001525878906,248428500
2013-07-22,26.222900390625,32.0099983215332,32.0099983215332,31.600000381469727,31.700000762939453,79040700
2013-07-23,26.06724739074707,31.81999969482422,32.040000915527344,31.709999084472656,31.90999984741211,65810400
2013-07-24,26.18193817138672,31.959999084472656,32.189998626708984,31.889999389648438,32.040000915527344,52803100
2013-07-25,25.714990615844727,31.389999389648438,31.649999618530273,31.25,31.6200008392334,63213000
2013-07-26,25.903406143188477,31.6200008392334,31.6200008392334,31.209999084472656,31.260000228881836,38633600
2013-07-29,25.837873458862305,31.540000915527344,31.600000381469727,31.399999618530273,31.469999313354492,28870700
2013-07-30,26.091825485229492,31.850000381469727,32.119998931884766,31.549999237060547,31.780000686645508,45799500
2013-07-31,26.08363151550293,31.84000015258789,32.04999923706055,31.709999084472656,31.969999313354492,43898400
2013-08-01,25.94437026977539,31.670000076293945,32.09000015258789,31.600000381469727,32.060001373291016,42557900
2013-08-02,26.124589920043945,31.889999389648438,31.899999618530273,31.56999969482422,31.690000534057617,29199900
2013-08-05,25.968944549560547,31.700000762939453,32.0,31.639999389648438,31.899999618530273,30984000
2013-08-06,25.870637893676758,31.579999923706055,31.670000076293945,31.3799991607666,31.549999237060547,36331500
2013-08-07,26.26386070251465,32.060001373291016,32.099998474121094,31.25,31.540000915527344,38078600
2013-08-08,26.94379997253418,32.88999938964844,33.06999969482422,32.04999923706055,32.2400016784668,59034400
2013-08-09,26.788156509399414,32.70000076293945,32.900001525878906,32.470001220703125,32.77000045776367,26800700
2013-08-12,26.927419662475586,32.869998931884766,32.970001220703125,32.459999084472656,32.459999084472656,25493700
2013-08-13,26.58917808532715,32.22999954223633,32.54999923706055,32.209999084472656,32.5099983215332,39464100
2013-08-14,26.68817138671875,32.349998474121094,33.36000061035156,31.700000762939453,32.13999938964844,48519600
2013-08-15,26.226184844970703,31.790000915527344,32.18000030517578,30.84000015258789,32.0,33338000
2013-08-16,26.23443603515625,31.799999237060547,31.989999771118164,31.65999984741211,31.790000915527344,32866300
2013-08-19,25.89619255065918,31.389999389648438,31.969999313354492,31.3799991607666,31.760000228881836,27902500
2013-08-20,26.085941314697266,31.6200008392334,31.899999618530273,31.3700008392334,31.440000534057617,22979600
2013-08-21,26.07769012451172,31.610000610351562,32.0099983215332,31.540000915527344,31.610000610351562,37409100
2013-08-22,26.721174240112305,32.38999938964844,32.4900016784668,32.099998474121094,32.189998626708984,31169900
2013-08-23,28.66813087463379,34.75,35.20000076293945,34.0,35.16999816894531,225493800
2013-08-26,28.173145294189453,34.150001525878906,34.66999816894531,34.029998779296875,34.400001525878906,72786800
2013-08-27,27.438907623291016,33.2599983215332,34.099998474121094,33.150001525878906,33.52000045776367,58522300
2013-08-28,27.24090576171875,33.02000045776367,33.599998474121094,33.0,33.38999938964844,44257400
2013-08-29,27.678157806396484,33.54999923706055,33.599998474121094,32.79999923706055,32.93000030517578,45284700
2013-08-30,27.554407119750977,33.400001525878906,33.47999954223633,33.09000015258789,33.369998931884766,42790200
2013-09-03,26.300426483154297,31.8799991607666,32.06999969482422,31.290000915527344,31.75,154507000
2013-09-04,25.73944854736328,31.200000762939453,31.469999313354492,31.110000610351562,31.389999389648438,142320600
2013-09-05,25.764204025268555,31.229999542236328,31.440000534057617,30.950000762939453,31.100000381469727,71644900
2013-09-06,25.698198318481445,31.149999618530273,31.389999389648438,31.1299991607666,31.309999465942383,75434900
2013-09-09,26.118934631347656,31.65999984741211,31.790000915527344,31.200000762939453,31.219999313354492,49628500
2013-09-10,26.721174240112305,32.38999938964844,32.400001525878906,31.790000915527344,31.899999618530273,56881200
2013-09-11,27.00992202758789,32.7400016784668,32.93000030517578,32.529998779296875,32.56999969482422,39087500
2013-09-12,26.96867561340332,32.689998626708984,32.779998779296875,32.59000015258789,32.720001220703125,32860200
2013-09-13,27.249156951904297,33.029998779296875,33.06999969482422,32.5099983215332,32.77000045776367,40899000
2013-09-16,27.059425354003906,32.79999923706055,33.5,32.72999954223633,33.380001068115234,52839700
2013-09-17,27.166671752929688,32.93000030517578,33.470001220703125,32.900001525878906,33.41999816894531,84716500
2013-09-18,27.488418579101562,33.31999969482422,33.400001525878906,32.83000183105469,32.9900016784668,64099900
2013-09-19,27.752405166625977,33.63999938964844,33.68000030517578,33.31999969482422,33.47999954223633,42026600
2013-09-20,27.051172256469727,32.790000915527344,33.47999954223633,32.689998626708984,33.40999984741211,102904900
2013-09-23,27.00992202758789,32.7400016784668,32.970001220703125,32.5,32.540000915527344,39826100
2013-09-24,26.770671844482422,32.45000076293945,32.869998931884766,32.150001525878906,32.869998931884766,40685000
2013-09-25,26.820171356201172,32.5099983215332,32.79999923706055,32.400001525878906,32.4900016784668,28907500
2013-09-26,27.03466796875,32.77000045776367,33.0,32.59000015258789,32.63999938964844,28504000
2013-09-27,27.447158813476562,33.27000045776367,33.75,32.869998931884766,32.880001068115234,55348000
2013-09-30,27.455408096313477,33.279998779296875,33.310001373291016,32.70000076293945,33.0,39839500
2013-10-01,27.702903747558594,33.58000183105469,33.61000061035156,33.29999923706055,33.349998474121094,36718700
2013-10-02,27.983400344848633,33.91999816894531,34.029998779296875,33.290000915527344,33.36000061035156,46946800
2013-10-03,27.933900833129883,33.86000061035156,34.0,33.41999816894531,33.880001068115234,38703800
2013-10-04,27.950395584106445,33.880001068115234,33.9900016784668,33.619998931884766,33.689998626708984,33008100
2013-10-07,27.471908569335938,33.29999923706055,33.709999084472656,33.20000076293945,33.599998474121094,35069300
2013-10-08,27.23265266418457,33.0099983215332,33.33000183105469,32.79999923706055,33.310001373291016,41017600
2013-10-09,27.28215980529785,33.06999969482422,33.349998474121094,32.959999084472656,33.06999969482422,35878600
2013-10-10,27.851402282714844,33.7599983215332,33.88999938964844,33.2599983215332,33.310001373291016,42875100
2013-10-11,28.156644821166992,34.130001068115234,34.13999938964844,33.68000030517578,33.68000030517578,30033300
2013-10-14,28.420635223388672,34.45000076293945,34.5,33.779998779296875,33.900001525878906,27757900
2013-10-15,28.453636169433594,34.4900016784668,34.9900016784668,34.470001220703125,34.66999816894531,47097800
2013-10-16,28.5773868560791,34.63999938964844,34.900001525878906,34.560001373291016,34.599998474121094,35111600
2013-10-17,28.808378219604492,34.91999816894531,34.9900016784668,34.369998931884766,34.45000076293945,31359200
2013-10-18,28.841379165649414,34.959999084472656,34.9900016784668,34.33000183105469,34.81999969482422,41811700
2013-10-21,28.86612892150879,34.9900016784668,35.20000076293945,34.90999984741211,34.97999954223633,27433500
2013-10-22,28.527896881103516,34.58000183105469,35.099998474121094,34.52000045776367,35.02000045776367,40438500
2013-10-23,27.851402282714844,33.7599983215332,34.4900016784668,33.66999816894531,34.349998474121094,58600500
2013-10-24,27.818401336669922,33.720001220703125,34.099998474121094,33.56999969482422,33.81999969482422,53209700
2013-10-25,29.476608276367188,35.72999954223633,36.290000915527344,35.470001220703125,35.880001068115234,113494000
2013-10-28,29.344619750976562,35.56999969482422,35.72999954223633,35.27000045776367,35.61000061035156,38383600
2013-10-29,29.30337142944336,35.52000045776367,35.720001220703125,35.2599983215332,35.630001068115234,31702200
2013-10-30,29.319868087768555,35.540000915527344,35.790000915527344,35.43000030517578,35.529998779296875,36997700
2013-10-31,29.212608337402344,35.40999984741211,35.689998626708984,35.34000015258789,35.65999984741211,41682300
2013-11-01,29.311620712280273,35.529998779296875,35.689998626708984,35.38999938964844,35.66999816894531,40264600
2013-11-04,29.649856567382812,35.939998626708984,35.97999954223633,35.54999923706055,35.59000015258789,28060700
2013-11-05,30.227346420288086,36.63999938964844,36.709999084472656,35.77000045776367,35.790000915527344,51681900
2013-11-06,31.497827529907227,38.18000030517578,38.220001220703125,37.060001373291016,37.2400016784668,88948800
2013-11-07,30.936847686767578,37.5,38.0099983215332,37.43000030517578,37.959999084472656,60437400
2013-11-08,31.167829513549805,37.779998779296875,37.779998779296875,37.34000015258789,37.66999816894531,36737800
2013-11-11,31.011079788208008,37.59000015258789,37.779998779296875,37.349998474121094,37.689998626708984,26872500
2013-11-12,30.82134246826172,37.36000061035156,37.599998474121094,37.20000076293945,37.380001068115234,31651600
2013-11-13,31.4813175201416,38.15999984741211,38.15999984741211,36.900001525878906,36.97999954223633,44957600
2013-11-14,31.365829467773438,38.02000045776367,38.130001068115234,37.720001220703125,37.869998931884766,46183700
2013-11-15,31.217334747314453,37.84000015258789,38.02000045776367,37.720001220703125,37.95000076293945,50601300
2013-11-18,30.689348220825195,37.20000076293945,37.58000183105469,37.06999969482422,37.349998474121094,53277500
2013-11-19,30.53972053527832,36.7400016784668,37.22999954223633,36.66999816894531,36.849998474121094,44275000
2013-11-20,30.822343826293945,37.08000183105469,37.40999984741211,36.86000061035156,36.91999816894531,32229900
2013-11-21,31.088329315185547,37.400001525878906,37.529998779296875,37.2599983215332,37.27000045776367,23064700
2013-11-22,31.22964096069336,37.56999969482422,37.68000030517578,37.33000183105469,37.529998779296875,27982000
2013-11-25,31.287824630737305,37.63999938964844,37.95000076293945,37.56999969482422,37.93000030517578,30646800
2013-11-26,31.04676628112793,37.349998474121094,37.650001525878906,37.349998474121094,37.56999969482422,34465300
2013-11-27,31.254589080810547,37.599998474121094,37.7599983215332,37.4900016784668,37.56999969482422,26002100
2013-11-29,31.695138931274414,38.130001068115234,38.290000915527344,37.81999969482422,37.81999969482422,22090400
2013-12-02,31.96113395690918,38.45000076293945,38.779998779296875,38.060001373291016,38.09000015258789,42950400
2013-12-03,31.844758987426758,38.310001373291016,38.4900016784668,38.08000183105469,38.13999938964844,52109800
2013-12-04,32.36843490600586,38.939998626708984,38.97999954223633,38.119998931884766,38.209999084472656,51983600
2013-12-05,31.587085723876953,38.0,38.880001068115234,37.18000030517578,38.849998474121094,116305000
2013-12-06,31.88631820678711,38.36000061035156,38.54999923706055,37.9900016784668,38.41999816894531,36457300
2013-12-09,32.17727279663086,38.709999084472656,38.869998931884766,38.369998931884766,38.560001373291016,30286000
2013-12-10,31.678516387939453,38.11000061035156,38.900001525878906,38.02000045776367,38.61000061035156,37828600
2013-12-11,31.262897491455078,37.61000061035156,38.29999923706055,37.38999938964844,38.060001373291016,39853400
2013-12-12,30.9387149810791,37.220001220703125,37.63999938964844,37.18000030517578,37.63999938964844,36012800
2013-12-13,30.498151779174805,36.689998626708984,37.45000076293945,36.619998931884766,37.41999816894531,40066100
2013-12-16,30.664409637451172,36.88999938964844,37.0,36.540000915527344,36.72999954223633,31734200
2013-12-17,30.356843948364258,36.52000045776367,37.11000061035156,36.33000183105469,36.939998626708984,45687700
2013-12-18,30.40671730041504,36.58000183105469,36.599998474121094,35.529998779296875,36.36000061035156,63192100
2013-12-19,30.132410049438477,36.25,36.54999923706055,36.08000183105469,36.5099983215332,34160100
2013-12-20,30.5895938873291,36.79999923706055,36.93000030517578,36.189998626708984,36.20000076293945,62649100
2013-12-23,30.439966201782227,36.619998931884766,36.88999938964844,36.54999923706055,36.810001373291016,25128700
2013-12-24,30.822343826293945,37.08000183105469,37.16999816894531,36.63999938964844,36.720001220703125,14243000
2013-12-26,31.121566772460938,37.439998626708984,37.4900016784668,37.16999816894531,37.20000076293945,17612800
2013-12-27,30.996898651123047,37.290000915527344,37.619998931884766,37.16999816894531,37.58000183105469,14563000
2013-12-30,30.996898651123047,37.290000915527344,37.380001068115234,36.900001525878906,37.220001220703125,16290500
2013-12-31,31.096647262573242,37.40999984741211,37.58000183105469,37.220001220703125,37.400001525878906,17503500
2014-01-02,30.888832092285156,37.15999984741211,37.400001525878906,37.099998474121094,37.349998474121094,30632200
2014-01-03,30.68101692199707,36.90999984741211,37.220001220703125,36.599998474121094,37.20000076293945,31134800
2014-01-06,30.032669067382812,36.130001068115234,36.88999938964844,36.11000061035156,36.849998474121094,43603700
2014-01-07,30.265411376953125,36.40999984741211,36.4900016784668,36.209999084472656,36.33000183105469,35802800
2014-01-08,29.725101470947266,35.7599983215332,36.13999938964844,35.58000183105469,36.0,59971700
2014-01-09,29.533916473388672,35.529998779296875,35.90999984741211,35.400001525878906,35.880001068115234,36516300
2014-01-10,29.957849502563477,36.040000915527344,36.150001525878906,35.75,35.900001525878906,40548800
2014-01-13,29.076744079589844,34.97999954223633,36.02000045776367,34.83000183105469,35.9900016784668,45901900
2014-01-14,29.741731643676758,35.779998779296875,35.880001068115234,34.630001068115234,34.72999954223633,41623300
2014-01-15,30.556337356567383,36.7599983215332,36.790000915527344,35.849998474121094,35.900001525878906,44812600
2014-01-16,30.664409637451172,36.88999938964844,37.0,36.310001373291016,36.689998626708984,38018700
2014-01-17,30.240467071533203,36.380001068115234,36.83000183105469,36.150001525878906,36.83000183105469,46267500
2014-01-21,30.06591033935547,36.16999816894531,36.81999969482422,36.060001373291016,36.81999969482422,31567300
2014-01-22,29.866411209106445,35.93000030517578,36.31999969482422,35.75,36.2599983215332,21904300
2014-01-23,29.974475860595703,36.060001373291016,36.130001068115234,35.52000045776367,36.09000015258789,43954000
2014-01-24,30.5979061126709,36.810001373291016,37.54999923706055,36.529998779296875,37.45000076293945,76395500
2014-01-27,29.949533462524414,36.029998779296875,36.88999938964844,35.97999954223633,36.869998931884766,44420800
2014-01-28,30.149044036865234,36.27000045776367,36.38999938964844,35.75,36.119998931884766,36205500
2014-01-29,30.47321128845215,36.65999984741211,36.880001068115234,35.900001525878906,35.97999954223633,52745900
2014-01-30,30.63946533203125,36.86000061035156,36.880001068115234,36.22999954223633,36.790000915527344,35036300
2014-01-31,31.45408058166504,37.84000015258789,37.88999938964844,36.560001373291016,36.95000076293945,93162300
2014-02-03,30.323598861694336,36.47999954223633,37.9900016784668,36.43000030517578,37.7400016784668,64063100
2014-02-04,30.21552848815918,36.349998474121094,37.189998626708984,36.25,36.970001220703125,54697900
2014-02-05,29.77497100830078,35.81999969482422,36.470001220703125,35.79999923706055,36.290000915527344,55814400
2014-02-06,30.0742244720459,36.18000030517578,36.25,35.689998626708984,35.79999923706055,35351800
2014-02-07,30.39009666442871,36.560001373291016,36.59000015258789,36.0099983215332,36.31999969482422,33260500
2014-02-10,30.5895938873291,36.79999923706055,36.79999923706055,36.290000915527344,36.630001068115234,26767000
2014-02-11,30.897138595581055,37.16999816894531,37.2599983215332,36.86000061035156,36.880001068115234,32141400
2014-02-12,31.146530151367188,37.470001220703125,37.599998474121094,37.29999923706055,37.349998474121094,27051800
2014-02-13,31.262897491455078,37.61000061035156,37.86000061035156,37.33000183105469,37.33000183105469,37635500
2014-02-14,31.27120590209961,37.619998931884766,37.779998779296875,37.33000183105469,37.38999938964844,31407500
2014-02-18,31.338197708129883,37.41999816894531,37.779998779296875,37.40999984741211,37.630001068115234,32834000
2014-02-19,31.41356658935547,37.5099983215332,37.75,37.209999084472656,37.220001220703125,29750400
2014-02-20,31.61456298828125,37.75,37.869998931884766,37.400001525878906,37.56999969482422,27526100
2014-02-21,31.807191848754883,37.97999954223633,38.349998474121094,37.86000061035156,37.939998626708984,38021300
2014-02-24,31.564329147338867,37.689998626708984,37.97999954223633,37.540000915527344,37.689998626708984,32085100
2014-02-25,31.43868637084961,37.540000915527344,37.849998474121094,37.349998474121094,37.61000061035156,30736500
2014-02-26,31.380084991455078,37.470001220703125,37.7400016784668,37.189998626708984,37.58000183105469,41041800
2014-02-27,31.706689834594727,37.86000061035156,37.88999938964844,37.22999954223633,37.45000076293945,33903400
2014-02-28,32.083553314208984,38.310001373291016,38.459999084472656,37.81999969482422,37.97999954223633,41215000
2014-03-03,31.63970375061035,37.779998779296875,38.130001068115234,37.4900016784668,37.91999816894531,29717500
2014-03-04,32.16729736328125,38.40999984741211,38.47999954223633,38.06999969482422,38.20000076293945,26802400
2014-03-05,31.916067123413086,38.11000061035156,38.27000045776367,37.93000030517578,38.25,20520100
2014-03-06,31.949575424194336,38.150001525878906,38.2400016784668,37.88999938964844,38.13999938964844,23582200
2014-03-07,31.740192413330078,37.900001525878906,38.36000061035156,37.689998626708984,38.279998779296875,26591600
2014-03-10,31.673192977905273,37.81999969482422,38.0099983215332,37.720001220703125,37.9900016784668,19006600
2014-03-11,31.840682983398438,38.02000045776367,38.22999954223633,37.720001220703125,37.869998931884766,25216400
2014-03-12,32.0500602722168,38.27000045776367,38.43000030517578,37.790000915527344,37.79999923706055,30494100
2014-03-13,31.731830596923828,37.88999938964844,38.45000076293945,37.63999938964844,38.41999816894531,32169700
2014-03-14,31.572694778442383,37.70000076293945,38.13999938964844,37.5099983215332,37.650001525878906,27195600
2014-03-17,31.865800857543945,38.04999923706055,38.40999984741211,37.790000915527344,37.900001525878906,20479600
2014-03-18,33.122005462646484,39.54999923706055,39.900001525878906,38.220001220703125,38.2599983215332,64063900
2014-03-19,32.88752365112305,39.27000045776367,39.54999923706055,38.90999984741211,39.470001220703125,35597200
2014-03-20,33.775245666503906,40.33000183105469,40.650001525878906,39.2400016784668,39.25,59269800
2014-03-21,33.632869720458984,40.15999984741211,40.939998626708984,40.0099983215332,40.720001220703125,80721800
2014-03-24,33.917606353759766,40.5,40.63999938964844,39.86000061035156,40.34000015258789,46098400
2014-03-25,33.78362274169922,40.34000015258789,40.9900016784668,39.959999084472656,40.65999984741211,43193100
2014-03-26,33.323020935058594,39.790000915527344,40.709999084472656,39.599998474121094,40.47999954223633,41977500
2014-03-27,32.96289825439453,39.36000061035156,39.970001220703125,39.34000015258789,39.7400016784668,35369200
2014-03-28,33.750118255615234,40.29999923706055,40.63999938964844,39.68000030517578,39.790000915527344,43472700
2014-03-31,34.32798767089844,40.9900016784668,41.5,40.400001525878906,40.43000030517578,46886300
2014-04-01,34.688087463378906,41.41999816894531,41.59000015258789,41.06999969482422,41.150001525878906,32605000
2014-04-02,34.62947082519531,41.349998474121094,41.65999984741211,41.16999816894531,41.439998626708984,28666700
2014-04-03,34.3447151184082,41.0099983215332,41.290000915527344,40.709999084472656,41.290000915527344,30139600
2014-04-04,33.389991760253906,39.869998931884766,41.38999938964844,39.63999938964844,41.25,51409600
2014-04-07,33.33139419555664,39.79999923706055,40.27000045776367,39.7400016784668,39.959999084472656,37559600
2014-04-08,33.3481330871582,39.81999969482422,39.93000030517578,39.20000076293945,39.75,35918600
2014-04-09,33.89249038696289,40.470001220703125,40.54999923706055,39.880001068115234,39.93000030517578,27398700
2014-04-10,32.96289825439453,39.36000061035156,40.689998626708984,39.09000015258789,40.439998626708984,45960800
2014-04-11,32.837284088134766,39.209999084472656,39.790000915527344,39.0,39.0,34330200
2014-04-14,32.81216049194336,39.18000030517578,39.40999984741211,38.900001525878906,39.11000061035156,32006600
2014-04-15,33.28950500488281,39.75,39.959999084472656,39.04999923706055,39.34000015258789,33968700
2014-04-16,33.8338737487793,40.400001525878906,40.41999816894531,39.90999984741211,40.060001373291016,30615800
2014-04-17,33.507259368896484,40.0099983215332,40.20000076293945,39.5099983215332,40.0099983215332,36688400
2014-04-21,33.44864273071289,39.939998626708984,40.150001525878906,39.790000915527344,40.130001068115234,22221200
2014-04-22,33.49051284790039,39.9900016784668,40.13999938964844,39.83000183105469,39.959999084472656,27056700
2014-04-23,33.239253997802734,39.689998626708984,39.9900016784668,39.470001220703125,39.9900016784668,24602800
2014-04-24,33.38164520263672,39.86000061035156,39.970001220703125,39.29999923706055,39.7400016784668,42381600
2014-04-25,33.42351531982422,39.90999984741211,40.68000030517578,39.75,40.290000915527344,56876800
2014-04-28,34.227481842041016,40.869998931884766,41.290000915527344,40.09000015258789,40.13999938964844,50610200
2014-04-29,33.925994873046875,40.5099983215332,41.189998626708984,40.38999938964844,41.099998474121094,29636200
2014-04-30,33.8338737487793,40.400001525878906,40.5,40.16999816894531,40.400001525878906,35458700
2014-05-01,33.498878479003906,40.0,40.36000061035156,39.95000076293945,40.2400016784668,28787400
2014-05-02,33.239253997802734,39.689998626708984,40.34000015258789,39.65999984741211,40.310001373291016,43416600
2014-05-05,33.021522521972656,39.43000030517578,39.63999938964844,39.29999923706055,39.52000045776367,22460900
2014-05-06,32.711647033691406,39.060001373291016,39.349998474121094,38.95000076293945,39.290000915527344,27112400
2014-05-07,33.01313781738281,39.41999816894531,39.5099983215332,38.5099983215332,39.220001220703125,41744500
2014-05-08,33.1973876953125,39.63999938964844,39.900001525878906,38.970001220703125,39.34000015258789,32120400
2014-05-09,33.11363220214844,39.540000915527344,39.849998474121094,39.369998931884766,39.540000915527344,29647600
2014-05-12,33.473758697509766,39.970001220703125,40.02000045776367,39.650001525878906,39.7400016784668,22782600
2014-05-13,34.08942413330078,40.41999816894531,40.5,39.849998474121094,39.91999816894531,27004800
2014-05-14,33.9376220703125,40.2400016784668,40.45000076293945,40.04999923706055,40.29999923706055,18818700
2014-05-15,33.39785385131836,39.599998474121094,40.400001525878906,39.5099983215332,40.09000015258789,37793200
2014-05-16,33.59184265136719,39.83000183105469,39.84000015258789,39.27000045776367,39.66999816894531,29867100
2014-05-19,33.52435302734375,39.75,39.81999969482422,39.459999084472656,39.61000061035156,24537400
2014-05-20,33.4653434753418,39.68000030517578,39.939998626708984,39.459999084472656,39.68000030517578,21320900
2014-05-21,34.0303840637207,40.349998474121094,40.349998474121094,39.7400016784668,39.79999923706055,22398700
2014-05-22,33.819541931152344,40.099998474121094,40.349998474121094,39.849998474121094,40.290000915527344,20201800
2014-05-23,33.8364143371582,40.119998931884766,40.369998931884766,40.0,40.369998931884766,18020000
2014-05-27,33.89545440673828,40.189998626708984,40.2599983215332,39.810001373291016,40.2599983215332,26160600
2014-05-28,33.74363708496094,40.0099983215332,40.189998626708984,39.81999969482422,40.13999938964844,25711500
2014-05-29,34.02195358276367,40.34000015258789,40.349998474121094,39.90999984741211,40.150001525878906,19888200
2014-05-30,34.527984619140625,40.939998626708984,40.970001220703125,40.25,40.45000076293945,34567600
2014-06-02,34.40148162841797,40.790000915527344,41.09000015258789,40.68000030517578,40.95000076293945,18504300
2014-06-03,33.97978210449219,40.290000915527344,40.68000030517578,40.25,40.599998474121094,18068900
2014-06-04,34.005088806152344,40.31999969482422,40.369998931884766,39.86000061035156,40.209999084472656,23209000
2014-06-05,34.75570297241211,41.209999084472656,41.25,40.400001525878906,40.59000015258789,31865200
2014-06-06,34.98341369628906,41.47999954223633,41.65999984741211,41.2400016784668,41.47999954223633,24060500
2014-06-09,34.80629348754883,41.27000045776367,41.47999954223633,41.02000045776367,41.38999938964844,15019200
2014-06-10,34.671356201171875,41.11000061035156,41.15999984741211,40.86000061035156,41.029998779296875,15117700
2014-06-11,34.46051025390625,40.86000061035156,41.06999969482422,40.77000045776367,40.93000030517578,18040000
2014-06-12,34.22438049316406,40.58000183105469,40.880001068115234,40.290000915527344,40.810001373291016,29818900
2014-06-13,34.772560119628906,41.22999954223633,41.56999969482422,40.86000061035156,41.099998474121094,26310000
2014-06-16,35.000282287597656,41.5,41.61000061035156,41.040000915527344,41.040000915527344,24205300
2014-06-17,35.1520881652832,41.68000030517578,41.90999984741211,40.34000015258789,41.290000915527344,22518600
2014-06-18,35.12678909301758,41.650001525878906,41.7400016784668,41.18000030517578,41.61000061035156,27097000
2014-06-19,35.00870895385742,41.5099983215332,41.77000045776367,41.33000183105469,41.56999969482422,19828200
2014-06-20,35.1520881652832,41.68000030517578,41.83000183105469,41.380001068115234,41.45000076293945,47764900
2014-06-23,35.41353988647461,41.9900016784668,42.0,41.689998626708984,41.72999954223633,18743900
2014-06-24,35.211124420166016,41.75,41.939998626708984,41.560001373291016,41.83000183105469,26509100
2014-06-25,35.44727325439453,42.029998779296875,42.04999923706055,41.459999084472656,41.70000076293945,20049100
2014-06-26,35.185821533203125,41.720001220703125,41.939998626708984,41.43000030517578,41.93000030517578,23604400
2014-06-27,35.6328010559082,42.25,42.290000915527344,41.5099983215332,41.61000061035156,74640000
2014-06-30,35.16896057128906,41.70000076293945,42.209999084472656,41.70000076293945,42.16999816894531,30793100
2014-07-01,35.31232833862305,41.869998931884766,42.150001525878906,41.689998626708984,41.86000061035156,26917000
2014-07-02,35.3376350402832,41.900001525878906,41.900001525878906,41.529998779296875,41.72999954223633,20208100
2014-07-03,35.2532958984375,41.79999923706055,41.9900016784668,41.560001373291016,41.90999984741211,15969300
2014-07-07,35.41353988647461,41.9900016784668,42.119998931884766,41.709999084472656,41.75,21952400
2014-07-08,35.2364387512207,41.779998779296875,42.0,41.61000061035156,41.869998931884766,31218200
2014-07-09,35.14365005493164,41.66999816894531,41.9900016784668,41.529998779296875,41.97999954223633,18445900
2014-07-10,35.1605110168457,41.689998626708984,42.0,41.04999923706055,41.369998931884766,21854700
2014-07-11,35.497867584228516,42.09000015258789,42.09000015258789,41.47999954223633,41.70000076293945,24083000
2014-07-14,35.54003143310547,42.13999938964844,42.45000076293945,42.040000915527344,42.220001220703125,21881100
2014-07-15,35.801490783691406,42.45000076293945,42.470001220703125,42.029998779296875,42.33000183105469,28748700
2014-07-16,37.17618179321289,44.08000183105469,44.310001373291016,42.47999954223633,42.5099983215332,63318000
2014-07-17,37.555721282958984,44.529998779296875,45.709999084472656,44.25,45.45000076293945,82180300
2014-07-18,37.69066619873047,44.689998626708984,44.84000015258789,44.25,44.650001525878906,43407500
2014-07-21,37.81717300415039,44.84000015258789,45.15999984741211,44.220001220703125,44.560001373291016,37604400
2014-07-22,37.808738708496094,44.83000183105469,45.150001525878906,44.59000015258789,45.0,43095800
2014-07-23,37.84246826171875,44.869998931884766,45.45000076293945,44.619998931884766,45.45000076293945,52362900
2014-07-24,37.44609069824219,44.400001525878906,45.0,44.31999969482422,44.93000030517578,30725300
2014-07-25,37.530426025390625,44.5,44.65999984741211,44.29999923706055,44.29999923706055,26737700
2014-07-28,37.08343505859375,43.970001220703125,44.5099983215332,43.93000030517578,44.36000061035156,29684200
2014-07-29,37.015953063964844,43.88999938964844,44.09000015258789,43.63999938964844,43.90999984741211,27763100
2014-07-30,36.75450897216797,43.58000183105469,44.099998474121094,43.290000915527344,44.06999969482422,31921400
2014-07-31,36.4002799987793,43.15999984741211,43.689998626708984,43.08000183105469,43.380001068115234,31537500
2014-08-01,36.14727783203125,42.86000061035156,43.25,42.599998474121094,43.209999084472656,31170300
2014-08-04,36.577392578125,43.369998931884766,43.470001220703125,42.810001373291016,42.970001220703125,34277400
2014-08-05,36.332820892333984,43.08000183105469,43.459999084472656,42.83000183105469,43.310001373291016,26266400
2014-08-06,36.04606628417969,42.7400016784668,43.16999816894531,42.209999084472656,42.7400016784668,24634000
2014-08-07,36.45931625366211,43.22999954223633,43.45000076293945,42.650001525878906,42.84000015258789,30314900
2014-08-08,36.43402099609375,43.20000076293945,43.31999969482422,42.90999984741211,43.22999954223633,28942700
2014-08-11,36.43402099609375,43.20000076293945,43.45000076293945,43.02000045776367,43.2599983215332,20351600
2014-08-12,36.70391082763672,43.52000045776367,43.59000015258789,43.0,43.040000915527344,21431100
2014-08-13,37.17618179321289,44.08000183105469,44.18000030517578,43.52000045776367,43.68000030517578,22889500
2014-08-14,37.33644485473633,44.27000045776367,44.41999816894531,44.0099983215332,44.08000183105469,19313200
2014-08-15,37.774993896484375,44.790000915527344,44.900001525878906,44.400001525878906,44.58000183105469,41611300
2014-08-18,38.04488754272461,45.11000061035156,45.11000061035156,44.68000030517578,44.939998626708984,26891100
2014-08-19,38.469207763671875,45.33000183105469,45.34000015258789,44.83000183105469,44.970001220703125,28139500
2014-08-20,38.14671325683594,44.95000076293945,45.400001525878906,44.900001525878906,45.34000015258789,24770500
2014-08-21,38.3758659362793,45.220001220703125,45.25,44.83000183105469,44.84000015258789,22285500
2014-08-22,38.316444396972656,45.150001525878906,45.470001220703125,45.06999969482422,45.349998474121094,18294500
2014-08-25,38.33341979980469,45.16999816894531,45.439998626708984,45.040000915527344,45.400001525878906,16910000
2014-08-26,38.197628021240234,45.0099983215332,45.400001525878906,44.939998626708984,45.310001373291016,14873100
2014-08-27,38.078819274902344,44.869998931884766,45.0,44.7599983215332,44.900001525878906,21287900
2014-08-28,38.087303161621094,44.880001068115234,44.97999954223633,44.61000061035156,44.75,17657600
2014-08-29,38.55406951904297,45.43000030517578,45.439998626708984,44.86000061035156,45.09000015258789,21607600
2014-09-02,38.26552963256836,45.09000015258789,45.459999084472656,44.849998474121094,45.43000030517578,22976800
2014-09-03,38.15519714355469,44.959999084472656,45.11000061035156,44.529998779296875,44.529998779296875,33684500
2014-09-04,38.4097900390625,45.2599983215332,45.27000045776367,44.720001220703125,44.7400016784668,26475500
2014-09-05,38.96141052246094,45.90999984741211,45.93000030517578,45.11000061035156,45.11000061035156,36939400
2014-09-08,39.436668395996094,46.470001220703125,46.79999923706055,45.9900016784668,46.02000045776367,45736700
2014-09-09,39.682769775390625,46.7599983215332,46.970001220703125,46.41999816894531,46.470001220703125,40302400
2014-09-10,39.75066375732422,46.84000015258789,46.939998626708984,46.279998779296875,46.81999969482422,27302400
2014-09-11,39.886444091796875,47.0,47.0,46.470001220703125,46.7400016784668,29216400
2014-09-12,39.63184356689453,46.70000076293945,47.02000045776367,46.599998474121094,46.90999984741211,38244700
2014-09-15,39.241477966308594,46.2400016784668,46.709999084472656,46.099998474121094,46.540000915527344,37667600
2014-09-16,39.682769775390625,46.7599983215332,46.849998474121094,46.290000915527344,46.38999938964844,27910600
2014-09-17,39.479087829589844,46.52000045776367,46.689998626708984,46.22999954223633,46.2599983215332,38311900
2014-09-18,39.6148681640625,46.68000030517578,46.83000183105469,46.459999084472656,46.59000015258789,35556600
2014-09-19,40.327735900878906,47.52000045776367,47.56999969482422,46.599998474121094,46.810001373291016,202522400
2014-09-22,39.93737030029297,47.060001373291016,47.380001068115234,46.97999954223633,47.29999923706055,38686100
2014-09-23,39.513057708740234,46.560001373291016,46.97999954223633,46.470001220703125,46.849998474121094,33430300
2014-09-24,39.9543342590332,47.08000183105469,47.11000061035156,46.34000015258789,46.630001068115234,26582700
2014-09-25,39.07173538208008,46.040000915527344,47.09000015258789,46.029998779296875,46.880001068115234,33077400
2014-09-26,39.38573455810547,46.40999984741211,46.619998931884766,45.7599983215332,45.93000030517578,27078800
2014-09-29,39.41119384765625,46.439998626708984,46.560001373291016,45.7599983215332,45.97999954223633,26091000
2014-09-30,39.34330749511719,46.36000061035156,46.47999954223633,46.0099983215332,46.369998931884766,33033100
2014-10-01,38.95293426513672,45.900001525878906,46.529998779296875,45.849998474121094,46.27000045776367,38088400
2014-10-02,38.8341178894043,45.7599983215332,46.099998474121094,45.63999938964844,45.83000183105469,25119400
2014-10-03,39.114158630371094,46.09000015258789,46.29999923706055,45.61000061035156,45.97999954223633,32453200
2014-10-06,39.114158630371094,46.09000015258789,46.29999923706055,45.91999816894531,46.119998931884766,20604000
2014-10-07,38.6389274597168,45.529998779296875,45.93000030517578,45.41999816894531,45.86000061035156,25723700
2014-10-08,39.69974136352539,46.779998779296875,46.88999938964844,45.34000015258789,45.47999954223633,33031000
2014-10-09,38.910491943359375,45.849998474121094,46.79999923706055,45.7400016784668,46.5,34422800
2014-10-10,37.3659553527832,44.029998779296875,46.119998931884766,43.95000076293945,45.599998474121094,51978100
2014-10-13,37.04348373413086,43.650001525878906,44.560001373291016,43.4900016784668,43.81999969482422,37100200
2014-10-14,37.111366271972656,43.72999954223633,44.380001068115234,43.560001373291016,43.869998931884766,38115700
2014-10-15,36.678558349609375,43.220001220703125,43.38999938964844,42.099998474121094,43.0,60218700
2014-10-16,36.27119827270508,42.7400016784668,43.08000183105469,42.220001220703125,42.529998779296875,49040400
2014-10-17,37.02650833129883,43.630001068115234,43.939998626708984,42.790000915527344,43.20000076293945,40683300
2014-10-20,37.408390045166016,44.08000183105469,44.13999938964844,42.810001373291016,43.060001373291016,34527900
2014-10-21,38.087303161621094,44.880001068115234,44.97999954223633,44.189998626708984,44.36000061035156,36433800
2014-10-22,37.66299819946289,44.380001068115234,45.06999969482422,44.22999954223633,45.0,33570900
2014-10-23,38.20612335205078,45.02000045776367,45.45000076293945,44.529998779296875,44.619998931884766,45451900
2014-10-24,39.14813232421875,46.130001068115234,46.900001525878906,45.18000030517578,46.83000183105469,61076700
2014-10-27,38.96141052246094,45.90999984741211,46.099998474121094,45.709999084472656,45.709999084472656,30371300
2014-10-28,39.45362854003906,46.4900016784668,46.5,45.77000045776367,45.86000061035156,29049800
2014-10-29,39.56395721435547,46.619998931884766,46.70000076293945,46.34000015258789,46.439998626708984,30276100
2014-10-30,39.08022689819336,46.04999923706055,46.31999969482422,45.77000045776367,46.31999969482422,30073900
2014-10-31,39.84400939941406,46.95000076293945,46.970001220703125,46.47999954223633,46.939998626708984,35849700
2014-11-03,40.259849548339844,47.439998626708984,47.459999084472656,46.72999954223633,46.88999938964844,23130400
2014-11-04,40.37017822265625,47.56999969482422,47.72999954223633,47.25,47.29999923706055,21530800
2014-11-05,40.61627960205078,47.86000061035156,47.900001525878906,47.2599983215332,47.79999923706055,22449600
2014-11-06,41.329139709472656,48.70000076293945,48.86000061035156,47.790000915527344,47.86000061035156,33037800
2014-11-07,41.31217575073242,48.68000030517578,48.91999816894531,48.290000915527344,48.91999816894531,28000600
2014-11-10,41.49038314819336,48.88999938964844,49.150001525878906,48.54999923706055,48.650001525878906,36370100
2014-11-11,41.473411560058594,48.869998931884766,48.95000076293945,48.650001525878906,48.849998474121094,23445200
2014-11-12,41.397037506103516,48.779998779296875,48.91999816894531,48.52000045776367,48.560001373291016,22722100
2014-11-13,42.10140609741211,49.61000061035156,49.650001525878906,48.709999084472656,48.810001373291016,26210400
2014-11-14,42.07596206665039,49.58000183105469,50.04999923706055,49.38999938964844,49.7400016784668,29081700
2014-11-17,41.97411346435547,49.459999084472656,49.709999084472656,49.13999938964844,49.40999984741211,30318600
2014-11-18,41.62396240234375,48.7400016784668,49.33000183105469,48.70000076293945,49.130001068115234,23995500
2014-11-19,41.17989730834961,48.220001220703125,48.75,47.93000030517578,48.65999984741211,26177500
2014-11-20,41.58980941772461,48.70000076293945,48.70000076293945,47.869998931884766,48.0,21510600
2014-11-21,40.97493362426758,47.97999954223633,49.04999923706055,47.56999969482422,49.02000045776367,42884800
2014-11-24,40.641876220703125,47.59000015258789,48.0,47.38999938964844,47.9900016784668,35434200
2014-11-25,40.53940200805664,47.470001220703125,47.970001220703125,47.45000076293945,47.65999984741211,28008000
2014-11-26,40.77852249145508,47.75,47.9900016784668,47.279998779296875,47.4900016784668,27163600
2014-11-28,40.82976150512695,47.810001373291016,48.20000076293945,47.61000061035156,47.95000076293945,21534400
2014-12-01,41.52149963378906,48.619998931884766,48.779998779296875,47.709999084472656,47.880001068115234,31191600
2014-12-02,41.384849548339844,48.459999084472656,49.04999923706055,48.20000076293945,48.84000015258789,25773500
2014-12-03,41.060325622558594,48.08000183105469,48.5,47.810001373291016,48.439998626708984,23534800
2014-12-04,41.7093620300293,48.84000015258789,49.060001373291016,48.20000076293945,48.38999938964844,30320400
2014-12-05,41.3506965637207,48.41999816894531,48.970001220703125,48.380001068115234,48.81999969482422,27313400
2014-12-08,40.73582077026367,47.70000076293945,48.349998474121094,47.45000076293945,48.2599983215332,26663100
2014-12-09,40.641876220703125,47.59000015258789,47.91999816894531,47.04999923706055,47.11000061035156,24330500
2014-12-10,40.05260467529297,46.900001525878906,47.65999984741211,46.70000076293945,47.58000183105469,30431800
2014-12-11,40.283199310302734,47.16999816894531,47.7400016784668,46.68000030517578,47.08000183105469,29060400
2014-12-12,40.09531021118164,46.95000076293945,47.72999954223633,46.66999816894531,46.779998779296875,34248400
2014-12-15,39.8561897277832,46.66999816894531,47.66999816894531,46.54999923706055,47.20000076293945,29247800
2014-12-16,38.566650390625,45.15999984741211,46.34000015258789,45.130001068115234,45.900001525878906,47801400
2014-12-17,39.061988830566406,45.7400016784668,45.95000076293945,44.900001525878906,45.04999923706055,34970900
2014-12-18,40.58209228515625,47.52000045776367,47.52000045776367,46.34000015258789,46.58000183105469,40105600
2014-12-19,40.70165252685547,47.65999984741211,48.099998474121094,47.16999816894531,47.630001068115234,64551200
2014-12-22,40.97493362426758,47.97999954223633,48.119998931884766,47.709999084472656,47.779998779296875,26566000
2014-12-23,41.376312255859375,48.45000076293945,48.79999923706055,48.130001068115234,48.369998931884766,23648100
2014-12-24,41.11158752441406,48.13999938964844,48.63999938964844,48.08000183105469,48.63999938964844,11437800
2014-12-26,40.88953399658203,47.880001068115234,48.40999984741211,47.81999969482422,48.40999984741211,13197800
2014-12-29,40.52231216430664,47.45000076293945,47.779998779296875,47.2599983215332,47.70000076293945,14439500
2014-12-30,40.155094146728516,47.02000045776367,47.619998931884766,46.84000015258789,47.439998626708984,16384700
2014-12-31,39.668312072753906,46.45000076293945,47.439998626708984,46.45000076293945,46.72999954223633,21552500
2015-01-02,39.93305587768555,46.7599983215332,47.41999816894531,46.540000915527344,46.65999984741211,27913900
2015-01-05,39.56584167480469,46.33000183105469,46.72999954223633,46.25,46.369998931884766,39673900
2015-01-06,38.985111236572266,45.650001525878906,46.75,45.540000915527344,46.380001068115234,36447900
2015-01-07,39.48043441772461,46.22999954223633,46.459999084472656,45.4900016784668,45.97999954223633,29114100
2015-01-08,40.641876220703125,47.59000015258789,47.75,46.720001220703125,46.75,29645200
2015-01-09,40.30027389526367,47.189998626708984,47.81999969482422,46.900001525878906,47.61000061035156,23944200
2015-01-12,39.79642105102539,46.599998474121094,47.540000915527344,46.36000061035156,47.41999816894531,23651900
2015-01-13,39.59146499633789,46.36000061035156,47.90999984741211,46.060001373291016,46.970001220703125,35270600
2015-01-14,39.24985122680664,45.959999084472656,46.2400016784668,45.619998931884766,45.959999084472656,29719600
2015-01-15,38.839927673339844,45.47999954223633,46.380001068115234,45.40999984741211,46.220001220703125,32750800
2015-01-16,39.48897171020508,46.2400016784668,46.279998779296875,45.16999816894531,45.310001373291016,35695300
2015-01-20,39.617069244384766,46.38999938964844,46.650001525878906,45.56999969482422,46.29999923706055,36161900
2015-01-21,39.21568298339844,45.91999816894531,46.13999938964844,45.47999954223633,45.939998626708984,39081100
2015-01-22,40.249046325683594,47.130001068115234,47.13999938964844,46.08000183105469,46.380001068115234,35898000
2015-01-23,40.29174041748047,47.18000030517578,47.38999938964844,46.79999923706055,47.36000061035156,26211600
2015-01-26,40.14656066894531,47.0099983215332,47.130001068115234,46.2400016784668,47.0,42525500
2015-01-27,36.43165969848633,42.65999984741211,43.20000076293945,42.11000061035156,42.95000076293945,169164000
2015-01-28,35.17626953125,41.189998626708984,42.790000915527344,41.15999984741211,42.7400016784668,84507100
2015-01-29,35.876548767089844,42.0099983215332,42.119998931884766,40.790000915527344,40.93000030517578,63585300
2015-01-30,34.50160598754883,40.400001525878906,41.58000183105469,40.349998474121094,41.54999923706055,78004900
2015-02-02,35.25312423706055,41.279998779296875,41.369998931884766,40.22999954223633,40.59000015258789,50352500
2015-02-03,35.52641296386719,41.599998474121094,41.93000030517578,41.04999923706055,41.630001068115234,52082400
2015-02-04,35.731380462646484,41.84000015258789,42.209999084472656,41.36000061035156,41.939998626708984,41614800
2015-02-05,36.2523193359375,42.45000076293945,42.63999938964844,41.86000061035156,42.220001220703125,36548200
2015-02-06,36.21816635131836,42.40999984741211,42.790000915527344,42.150001525878906,42.68000030517578,34616600
2015-02-09,36.17544937133789,42.36000061035156,42.7400016784668,42.209999084472656,42.2400016784668,31381100
2015-02-10,36.380401611328125,42.599998474121094,42.77000045776367,42.18000030517578,42.7400016784668,29670700
2015-02-11,36.19253158569336,42.380001068115234,42.650001525878906,42.209999084472656,42.650001525878906,38262500
2015-02-12,36.79888153076172,43.09000015258789,43.09000015258789,42.5099983215332,42.65999984741211,33268800
2015-02-13,37.464996337890625,43.869998931884766,43.869998931884766,43.150001525878906,43.380001068115234,40264900
2015-02-17,37.4821891784668,43.58000183105469,44.0,43.189998626708984,43.970001220703125,33695700
2015-02-18,37.43918991088867,43.529998779296875,43.70000076293945,43.38999938964844,43.630001068115234,27111700
2015-02-19,37.413387298583984,43.5,43.529998779296875,43.04999923706055,43.18000030517578,27603400
2015-02-20,37.7230224609375,43.86000061035156,43.880001068115234,43.290000915527344,43.5099983215332,29721100
2015-02-23,37.97242736816406,44.150001525878906,44.189998626708984,43.650001525878906,43.70000076293945,32518800
2015-02-24,37.92082977294922,44.09000015258789,44.29999923706055,43.91999816894531,44.150001525878906,25271700
2015-02-25,37.8348274230957,43.9900016784668,44.09000015258789,43.79999923706055,43.95000076293945,29759800
2015-02-26,37.8950309753418,44.060001373291016,44.22999954223633,43.88999938964844,43.9900016784668,28957300
2015-02-27,37.714412689208984,43.849998474121094,44.20000076293945,43.65999984741211,44.130001068115234,33807700
2015-03-02,37.74021530151367,43.880001068115234,44.189998626708984,43.54999923706055,43.66999816894531,31924000
2015-03-03,37.22417449951172,43.279998779296875,43.83000183105469,43.09000015258789,43.560001373291016,31748600
2015-03-04,37.03496170043945,43.060001373291016,43.209999084472656,42.880001068115234,43.0099983215332,25748700
2015-03-05,37.07794952392578,43.11000061035156,43.2400016784668,42.81999969482422,43.06999969482422,23193500
2015-03-06,36.432899475097656,42.36000061035156,43.11000061035156,42.150001525878906,43.0,36248800
2015-03-09,36.85433578491211,42.849998474121094,43.130001068115234,42.189998626708984,42.189998626708984,32108000
2015-03-10,36.149078369140625,42.029998779296875,42.709999084472656,42.029998779296875,42.349998474121094,39159700
2015-03-11,36.106082916259766,41.97999954223633,42.369998931884766,41.84000015258789,42.310001373291016,32215300
2015-03-12,35.28038787841797,41.02000045776367,41.650001525878906,40.86000061035156,41.33000183105469,59992500
2015-03-13,35.590023040771484,41.380001068115234,41.470001220703125,40.61000061035156,40.70000076293945,58007700
2015-03-16,35.744850158691406,41.560001373291016,41.63999938964844,41.279998779296875,41.470001220703125,35273500
2015-03-17,35.86525344848633,41.70000076293945,41.83000183105469,41.150001525878906,41.369998931884766,31673400
2015-03-18,36.55329513549805,42.5,42.83000183105469,41.33000183105469,41.43000030517578,44194800
2015-03-19,36.3726806640625,42.290000915527344,42.59000015258789,42.220001220703125,42.2599983215332,33879100
2015-03-20,36.880149841308594,42.880001068115234,42.97999954223633,42.4900016784668,42.560001373291016,71904500
2015-03-23,36.86293411254883,42.86000061035156,43.130001068115234,42.779998779296875,42.880001068115234,26246100
2015-03-24,36.89734649658203,42.900001525878906,43.16999816894531,42.75,42.779998779296875,25513300
2015-03-25,35.65882110595703,41.459999084472656,42.93000030517578,41.439998626708984,42.91999816894531,43469900
2015-03-26,35.44382095336914,41.209999084472656,41.61000061035156,40.91999816894531,41.220001220703125,37495600
2015-03-27,35.23739242553711,40.970001220703125,41.43000030517578,40.83000183105469,41.119998931884766,34401400
2015-03-30,35.22880172729492,40.959999084472656,41.540000915527344,40.90999984741211,41.099998474121094,35049700
2015-03-31,34.970760345458984,40.65999984741211,41.029998779296875,40.540000915527344,40.779998779296875,34887200
2015-04-01,35.02236557006836,40.720001220703125,40.7599983215332,40.310001373291016,40.599998474121094,36865300
2015-04-02,34.652530670166016,40.290000915527344,40.7400016784668,40.119998931884766,40.65999984741211,37487500
2015-04-06,35.73623275756836,41.54999923706055,41.779998779296875,40.18000030517578,40.34000015258789,39223700
2015-04-07,35.71903610229492,41.529998779296875,41.90999984741211,41.310001373291016,41.61000061035156,28809400
2015-04-08,35.62443542480469,41.41999816894531,41.689998626708984,41.040000915527344,41.459999084472656,24753400
2015-04-09,35.676029205322266,41.47999954223633,41.619998931884766,41.25,41.25,25723900
2015-04-10,35.882450103759766,41.720001220703125,41.95000076293945,41.40999984741211,41.630001068115234,28022000
2015-04-13,35.916847229003906,41.7599983215332,42.060001373291016,41.38999938964844,41.400001525878906,30276700
2015-04-14,35.822261810302734,41.650001525878906,42.029998779296875,41.38999938964844,41.79999923706055,24244400
2015-04-15,36.34688949584961,42.2599983215332,42.459999084472656,41.68000030517578,41.7599983215332,27343600
2015-04-16,36.26087951660156,42.15999984741211,42.34000015258789,41.81999969482422,41.95000076293945,22509700
2015-04-17,35.796443939208984,41.619998931884766,41.7400016784668,41.15999984741211,41.66999816894531,42387600
2015-04-20,36.905941009521484,42.90999984741211,43.16999816894531,41.68000030517578,41.72999954223633,46057700
2015-04-21,36.67372512817383,42.63999938964844,43.150001525878906,42.529998779296875,43.0,26013800
2015-04-22,36.974754333496094,42.9900016784668,43.130001068115234,42.54999923706055,42.66999816894531,25064300
2015-04-23,37.2757682800293,43.34000015258789,43.61000061035156,42.79999923706055,42.88999938964844,46309500
2015-04-24,41.17193603515625,47.869998931884766,48.13999938964844,45.650001525878906,45.65999984741211,130933700
2015-04-27,41.30953598022461,48.029998779296875,48.130001068115234,47.220001220703125,47.22999954223633,59248200
2015-04-28,42.28143310546875,49.15999984741211,49.209999084472656,47.70000076293945,47.779998779296875,60730800
2015-04-29,42.195430755615234,49.060001373291016,49.310001373291016,48.5,48.720001220703125,47804600
2015-04-30,41.83420181274414,48.63999938964844,49.540000915527344,48.599998474121094,48.70000076293945,64725500
2015-05-01,41.85139083862305,48.65999984741211,48.880001068115234,48.400001525878906,48.58000183105469,38937300
2015-05-04,41.49016189575195,48.2400016784668,48.869998931884766,48.18000030517578,48.369998931884766,34039500
2015-05-05,40.9397087097168,47.599998474121094,48.15999984741211,47.310001373291016,47.81999969482422,50369200
2015-05-06,39.80439376831055,46.279998779296875,47.77000045776367,46.02000045776367,47.56999969482422,52433000
2015-05-07,40.16564178466797,46.70000076293945,47.09000015258789,46.15999984741211,46.27000045776367,32971700
2015-05-08,41.068721771240234,47.75,47.97999954223633,47.52000045776367,47.54999923706055,35364900
2015-05-11,40.74190139770508,47.369998931884766,47.90999984741211,47.369998931884766,47.54999923706055,24609400
2015-05-12,40.72468185424805,47.349998474121094,47.68000030517578,46.41999816894531,46.849998474121094,29928300
2015-05-13,40.96549987792969,47.630001068115234,48.31999969482422,47.56999969482422,48.189998626708984,34184600
2015-05-14,41.902984619140625,48.720001220703125,48.81999969482422,48.029998779296875,48.029998779296875,32980900
2015-05-15,41.5417594909668,48.29999923706055,48.90999984741211,48.04999923706055,48.869998931884766,28642700
2015-05-18,41.2923469543457,48.0099983215332,48.220001220703125,47.61000061035156,47.97999954223633,24136500
2015-05-19,41.18846893310547,47.58000183105469,47.810001373291016,47.18000030517578,47.560001373291016,28574800
2015-05-20,41.18846893310547,47.58000183105469,47.93000030517578,47.27000045776367,47.38999938964844,25047900
2015-05-21,41.049957275390625,47.41999816894531,47.599998474121094,47.0099983215332,47.279998779296875,22410700
2015-05-22,40.59980392456055,46.900001525878906,47.349998474121094,46.81999969482422,47.29999923706055,25720600
2015-05-26,40.331451416015625,46.59000015258789,46.880001068115234,46.189998626708984,46.83000183105469,29581900
2015-05-27,41.21444320678711,47.61000061035156,47.77000045776367,46.619998931884766,46.81999969482422,27335600
2015-05-28,41.075923919677734,47.45000076293945,48.02000045776367,47.38999938964844,47.5,19283700
2015-05-29,40.565189361572266,46.86000061035156,47.56999969482422,46.59000015258789,47.43000030517578,36519600
2015-06-01,40.885475158691406,47.22999954223633,47.77000045776367,46.619998931884766,47.060001373291016,28837300
2015-06-02,40.617103576660156,46.91999816894531,47.349998474121094,46.619998931884766,46.93000030517578,21498300
2015-06-03,40.55649948120117,46.849998474121094,47.7400016784668,46.81999969482422,47.369998931884766,28002200
2015-06-04,40.13234329223633,46.36000061035156,47.15999984741211,46.20000076293945,46.790000915527344,27745500
2015-06-05,39.9419059753418,46.13999938964844,46.52000045776367,45.84000015258789,46.310001373291016,25438100
2015-06-08,39.58698272705078,45.72999954223633,46.43000030517578,45.66999816894531,46.29999923706055,22121600
2015-06-09,39.517723083496094,45.650001525878906,45.939998626708984,45.459999084472656,45.7599983215332,24406100
2015-06-10,40.348751068115234,46.61000061035156,46.83000183105469,45.689998626708984,45.790000915527344,28417400
2015-06-11,40.20158767700195,46.439998626708984,46.91999816894531,46.130001068115234,46.65999984741211,27347800
2015-06-12,39.794742584228516,45.970001220703125,46.470001220703125,45.900001525878906,46.220001220703125,23931000
2015-06-15,39.37055206298828,45.47999954223633,45.650001525878906,45.02000045776367,45.45000076293945,33254500
2015-06-16,39.67353820800781,45.83000183105469,46.2400016784668,45.29999923706055,45.349998474121094,27070300
2015-06-17,39.794742584228516,45.970001220703125,46.06999969482422,45.36000061035156,45.72999954223633,28704100
2015-06-18,40.44398498535156,46.720001220703125,46.79999923706055,46.16999816894531,46.220001220703125,32658300
2015-06-19,39.90726852416992,46.099998474121094,46.83000183105469,45.9900016784668,46.790000915527344,63837000
2015-06-22,40.01980972290039,46.22999954223633,46.720001220703125,46.15999984741211,46.33000183105469,20318100
2015-06-23,39.742794036865234,45.90999984741211,46.279998779296875,45.619998931884766,46.130001068115234,25896500
2015-06-24,39.50905990600586,45.63999938964844,46.25,45.54999923706055,45.66999816894531,34890900
2015-06-25,39.517723083496094,45.650001525878906,46.060001373291016,45.5,46.029998779296875,20616000
2015-06-26,39.180110931396484,45.2599983215332,46.279998779296875,45.029998779296875,45.650001525878906,49835300
2015-06-29,38.409671783447266,44.369998931884766,45.22999954223633,44.36000061035156,45.040000915527344,34081700
2015-06-30,38.21922302246094,44.150001525878906,44.720001220703125,43.939998626708984,44.709999084472656,35945400
2015-07-01,38.47892379760742,44.45000076293945,45.22999954223633,44.099998474121094,44.459999084472656,28343900
2015-07-02,38.43564987182617,44.400001525878906,44.75,44.060001373291016,44.47999954223633,21752000
2015-07-06,38.426979064941406,44.38999938964844,44.47999954223633,43.95000076293945,43.959999084472656,23034000
2015-07-07,38.34907913208008,44.29999923706055,44.4900016784668,43.31999969482422,44.34000015258789,36435800
2015-07-08,38.297142028808594,44.2400016784668,44.900001525878906,44.029998779296875,44.439998626708984,39785900
2015-07-09,38.53951644897461,44.52000045776367,45.220001220703125,44.5,44.75,32424700
2015-07-10,38.617435455322266,44.61000061035156,45.13999938964844,44.56999969482422,45.0099983215332,25465800
2015-07-13,39.42249298095703,45.540000915527344,45.619998931884766,44.95000076293945,44.97999954223633,28178300
2015-07-14,39.49176025390625,45.619998931884766,45.959999084472656,45.310001373291016,45.45000076293945,22880300
2015-07-15,39.612953186035156,45.7599983215332,45.88999938964844,45.43000030517578,45.68000030517578,26629600
2015-07-16,40.39204788208008,46.65999984741211,46.689998626708984,45.970001220703125,46.0099983215332,26271700
2015-07-17,40.357421875,46.619998931884766,46.779998779296875,46.2599983215332,46.54999923706055,29467100
2015-07-20,40.617103576660156,46.91999816894531,47.130001068115234,46.439998626708984,46.650001525878906,30631900
2015-07-21,40.92876052856445,47.279998779296875,47.33000183105469,46.47999954223633,46.779998779296875,42781900
2015-07-22,39.42249298095703,45.540000915527344,46.93000030517578,45.20000076293945,45.439998626708984,59152400
2015-07-23,39.91592788696289,46.11000061035156,46.22999954223633,45.099998474121094,45.27000045776367,33934000
2015-07-24,39.768760681152344,45.939998626708984,46.31999969482422,45.79999923706055,45.90999984741211,32333200
2015-07-27,39.258018493652344,45.349998474121094,46.0099983215332,45.25,45.939998626708984,39701400
2015-07-28,39.249366760253906,45.34000015258789,45.63999938964844,44.790000915527344,45.58000183105469,34328900
2015-07-29,40.071754455566406,46.290000915527344,46.779998779296875,45.2599983215332,45.400001525878906,40945900
2015-07-30,40.582489013671875,46.880001068115234,47.400001525878906,45.93000030517578,46.2599983215332,39777900
2015-07-31,40.42667007446289,46.70000076293945,47.369998931884766,46.5,47.290000915527344,31201500
2015-08-03,40.52189254760742,46.810001373291016,47.0,46.45000076293945,46.97999954223633,24125900
2015-08-04,41.15383529663086,47.540000915527344,47.709999084472656,46.68000030517578,46.75,33403900
2015-08-05,41.18846893310547,47.58000183105469,48.40999984741211,47.540000915527344,47.97999954223633,26959700
2015-08-06,40.357421875,46.619998931884766,47.77000045776367,46.33000183105469,47.709999084472656,27368000
2015-08-07,40.46128845214844,46.7400016784668,46.779998779296875,46.2599983215332,46.38999938964844,19163000
2015-08-10,40.972049713134766,47.33000183105469,47.4900016784668,46.84000015258789,46.95000076293945,23079900
2015-08-11,40.175621032714844,46.40999984741211,46.939998626708984,45.900001525878906,46.81999969482422,29237400
2015-08-12,40.46128845214844,46.7400016784668,46.900001525878906,45.709999084472656,46.189998626708984,30181400
2015-08-13,40.4526481628418,46.72999954223633,47.099998474121094,46.4900016784668,47.060001373291016,22627200
2015-08-14,40.686378479003906,47.0,47.099998474121094,46.52000045776367,46.529998779296875,21473400
2015-08-17,40.96339797973633,47.31999969482422,47.45000076293945,46.56999969482422,46.810001373291016,21099700
2015-08-18,41.18994140625,47.27000045776367,47.43000030517578,46.70000076293945,46.84000015258789,23574100
2015-08-19,40.614830017089844,46.61000061035156,47.08000183105469,46.29999923706055,46.779998779296875,31485500
2015-08-20,39.787025451660156,45.65999984741211,46.470001220703125,45.65999984741211,46.06999969482422,36238200
2015-08-21,37.5301513671875,43.06999969482422,45.47999954223633,43.06999969482422,45.29999923706055,70053100
2015-08-24,36.31894302368164,41.68000030517578,42.689998626708984,39.720001220703125,40.45000076293945,88753700
2015-08-25,35.264583587646484,40.470001220703125,43.2400016784668,40.38999938964844,42.56999969482422,70616600
2015-08-26,37.21648406982422,42.709999084472656,42.84000015258789,41.060001373291016,42.0099983215332,63408000
2015-08-27,38.2534065246582,43.900001525878906,43.95000076293945,42.93000030517578,43.22999954223633,50943200
2015-08-28,38.2795524597168,43.93000030517578,44.150001525878906,43.38999938964844,43.400001525878906,28246700
2015-08-31,37.92229461669922,43.52000045776367,43.93000030517578,43.099998474121094,43.560001373291016,34441700
2015-09-01,36.44094467163086,41.81999969482422,42.59000015258789,41.65999984741211,42.16999816894531,49688900
2015-09-02,37.78287124633789,43.36000061035156,43.380001068115234,41.880001068115234,42.36000061035156,37671500
2015-09-03,37.90485382080078,43.5,43.97999954223633,43.279998779296875,43.40999984741211,28285200
2015-09-04,37.12932586669922,42.61000061035156,43.040000915527344,42.20000076293945,42.810001373291016,37138800
2015-09-08,38.244693756103516,43.88999938964844,44.0,43.20000076293945,43.29999923706055,32469800
2015-09-09,37.5301513671875,43.06999969482422,44.400001525878906,42.90999984741211,44.209999084472656,33469500
2015-09-10,37.72185516357422,43.290000915527344,43.790000915527344,42.75,43.119998931884766,31366600
2015-09-11,37.887428283691406,43.47999954223633,43.59000015258789,42.939998626708984,43.13999938964844,27132500
2015-09-14,37.50402069091797,43.040000915527344,43.439998626708984,42.86000061035156,43.43000030517578,23656000
2015-09-15,38.32311248779297,43.97999954223633,44.290000915527344,43.08000183105469,43.189998626708984,28882200
2015-09-16,38.60196304321289,44.29999923706055,44.380001068115234,43.84000015258789,43.970001220703125,23372200
2015-09-17,38.558387756347656,44.25,45.0,44.08000183105469,44.290000915527344,32768200
2015-09-18,37.887428283691406,43.47999954223633,43.9900016784668,43.33000183105469,43.5,63143700
2015-09-21,38.4364013671875,44.11000061035156,44.470001220703125,43.599998474121094,43.619998931884766,26177200
2015-09-22,38.2534065246582,43.900001525878906,44.04999923706055,43.310001373291016,43.380001068115234,28085900
2015-09-23,38.227272033691406,43.869998931884766,44.16999816894531,43.5099983215332,43.93000030517578,17145200
2015-09-24,38.26211166381836,43.90999984741211,44.130001068115234,43.27000045776367,43.45000076293945,27905600
2015-09-25,38.28826141357422,43.939998626708984,44.72999954223633,43.7599983215332,44.47999954223633,29384600
2015-09-28,37.72185516357422,43.290000915527344,44.09000015258789,43.209999084472656,43.83000183105469,27613800
2015-09-29,37.85257339477539,43.439998626708984,43.56999969482422,43.04999923706055,43.369998931884766,32763600
2015-09-30,38.56710433959961,44.2599983215332,44.29999923706055,43.65999984741211,43.880001068115234,34958900
2015-10-01,38.872093200683594,44.61000061035156,44.75,43.75,44.75,28657900
2015-10-02,39.70859909057617,45.56999969482422,45.56999969482422,43.91999816894531,44.27000045776367,41839000
2015-10-05,40.632259368896484,46.630001068115234,46.88999938964844,45.70000076293945,45.75,34369300
2015-10-06,40.7368278503418,46.75,47.18000030517578,46.220001220703125,46.33000183105469,27017200
2015-10-07,40.78040313720703,46.79999923706055,47.349998474121094,45.95000076293945,47.099998474121094,27711500
2015-10-08,41.346797943115234,47.45000076293945,47.52000045776367,46.5,46.560001373291016,33772700
2015-10-09,41.05051803588867,47.11000061035156,47.540000915527344,46.91999816894531,47.45000076293945,28600600
2015-10-12,40.95467758178711,47.0,47.06999969482422,46.5,46.97999954223633,19769100
2015-10-13,40.85881805419922,46.88999938964844,47.130001068115234,46.560001373291016,46.560001373291016,19987800
2015-10-14,40.67583084106445,46.68000030517578,47.099998474121094,46.529998779296875,46.650001525878906,24697800
2015-10-15,40.96338653564453,47.0099983215332,47.029998779296875,46.529998779296875,47.0099983215332,27189400
2015-10-16,41.39906311035156,47.5099983215332,47.540000915527344,46.900001525878906,47.02000045776367,26450300
2015-10-19,41.49492645263672,47.619998931884766,47.880001068115234,47.02000045776367,47.41999816894531,29387600
2015-10-20,41.62562561035156,47.77000045776367,47.810001373291016,47.02000045776367,47.439998626708984,30802200
2015-10-21,41.12895584106445,47.20000076293945,47.9900016784668,47.11000061035156,47.91999816894531,25144300
2015-10-22,41.85218048095703,48.029998779296875,48.95000076293945,47.09000015258789,47.529998779296875,56637100
2015-10-23,46.06964111328125,52.869998931884766,54.06999969482422,52.25,52.29999923706055,135227100
2015-10-26,47.27214050292969,54.25,54.31999969482422,52.5,52.529998779296875,64633300
2015-10-27,46.784183502197266,53.689998626708984,54.369998931884766,53.58000183105469,53.9900016784668,50999900
2015-10-28,47.03688430786133,53.97999954223633,53.97999954223633,52.86000061035156,53.540000915527344,47000800
2015-10-29,46.49663543701172,53.36000061035156,53.83000183105469,53.220001220703125,53.540000915527344,30202100
2015-10-30,45.86922836303711,52.63999938964844,53.9900016784668,52.619998931884766,53.31999969482422,46619800
2015-11-02,46.39206314086914,53.2400016784668,53.36000061035156,52.619998931884766,52.849998474121094,30285000
2015-11-03,47.18500900268555,54.150001525878906,54.38999938964844,52.900001525878906,52.93000030517578,36596900
2015-11-04,47.40285110473633,54.400001525878906,54.880001068115234,54.060001373291016,54.18000030517578,37087800
2015-11-05,47.38542175292969,54.380001068115234,54.70000076293945,54.0,54.4900016784668,31468500
2015-11-06,47.8559684753418,54.91999816894531,54.97999954223633,53.959999084472656,54.09000015258789,32851200
2015-11-09,47.1937255859375,54.15999984741211,54.869998931884766,53.560001373291016,54.54999923706055,32513100
2015-11-10,46.6273307800293,53.5099983215332,54.130001068115234,53.27000045776367,54.06999969482422,55283700
2015-11-11,46.74932098388672,53.650001525878906,54.20000076293945,53.459999084472656,53.70000076293945,36516300
2015-11-12,46.461761474609375,53.31999969482422,53.97999954223633,53.189998626708984,53.47999954223633,35361100
2015-11-13,46.043514251708984,52.84000015258789,53.290000915527344,52.529998779296875,53.06999969482422,36848200
2015-11-16,46.85388946533203,53.77000045776367,53.88999938964844,52.849998474121094,53.08000183105469,32165200
2015-11-17,46.4679069519043,52.970001220703125,53.529998779296875,52.849998474121094,53.16999816894531,31551300
2015-11-18,47.2398681640625,53.849998474121094,53.97999954223633,52.97999954223633,53.0,29710000
2015-11-19,47.318824768066406,53.939998626708984,54.65999984741211,53.779998779296875,53.9900016784668,28149200
2015-11-20,47.53813552856445,54.189998626708984,54.29999923706055,53.27000045776367,54.25,37147600
2015-11-23,47.53813552856445,54.189998626708984,54.459999084472656,53.75,54.25,28235900
2015-11-24,47.59077835083008,54.25,54.439998626708984,53.58000183105469,53.91999816894531,24600000
2015-11-25,47.099525451660156,53.689998626708984,54.22999954223633,53.689998626708984,54.09000015258789,21005100
2015-11-27,47.31005859375,53.93000030517578,54.08000183105469,53.790000915527344,53.79999923706055,9009100
2015-11-30,47.678497314453125,54.349998474121094,54.959999084472656,54.0,54.540000915527344,56241400
2015-12-01,48.441715240478516,55.220001220703125,55.22999954223633,54.29999923706055,54.40999984741211,39952800
2015-12-02,48.43294906616211,55.209999084472656,55.959999084472656,55.060001373291016,55.31999969482422,47274900
2015-12-03,47.546932220458984,54.20000076293945,55.77000045776367,53.93000030517578,55.4900016784668,38627800
2015-12-04,49.04700469970703,55.90999984741211,56.22999954223633,54.099998474121094,54.119998931884766,43963700
2015-12-07,48.959293365478516,55.810001373291016,55.970001220703125,55.290000915527344,55.790000915527344,30709800
2015-12-08,48.94174575805664,55.790000915527344,56.099998474121094,54.9900016784668,55.470001220703125,32878000
2015-12-09,48.231163024902344,54.97999954223633,55.869998931884766,54.5099983215332,55.369998931884766,36373200
2015-12-10,48.48557662963867,55.27000045776367,55.65999984741211,55.0099983215332,55.38999938964844,31775800
2015-12-11,47.42409896850586,54.060001373291016,55.099998474121094,54.0099983215332,54.709999084472656,39549500
2015-12-14,48.37152862548828,55.13999938964844,55.209999084472656,53.68000030517578,54.33000183105469,46768900
2015-12-15,48.42416763305664,55.20000076293945,55.900001525878906,55.09000015258789,55.65999984741211,39843000
2015-12-16,49.240013122558594,56.130001068115234,56.25,54.7599983215332,55.540000915527344,37503300
2015-12-17,48.86279296875,55.70000076293945,56.790000915527344,55.529998779296875,56.36000061035156,41280900
2015-12-18,47.48551559448242,54.130001068115234,56.0,54.029998779296875,55.77000045776367,84684200
2015-12-21,48.09959030151367,54.83000183105469,55.349998474121094,54.22999954223633,54.880001068115234,37246300
2015-12-22,48.555747985839844,55.349998474121094,55.47999954223633,54.5,54.9900016784668,28322200
2015-12-23,48.96805953979492,55.81999969482422,55.880001068115234,55.439998626708984,55.70000076293945,27279800
2015-12-24,48.83648681640625,55.66999816894531,55.959999084472656,55.43000030517578,55.86000061035156,9558500
2015-12-28,49.08210754394531,55.95000076293945,55.95000076293945,54.97999954223633,55.349998474121094,22458300
2015-12-29,49.608455657958984,56.54999923706055,56.849998474121094,56.060001373291016,56.290000915527344,27731400
2015-12-30,49.397911071777344,56.310001373291016,56.779998779296875,56.290000915527344,56.470001220703125,21704500
2015-12-31,48.669795989990234,55.47999954223633,56.189998626708984,55.41999816894531,56.040000915527344,27334100
2016-01-04,48.07326126098633,54.79999923706055,54.79999923706055,53.38999938964844,54.31999969482422,53778000
2016-01-05,48.292572021484375,55.04999923706055,55.38999938964844,54.540000915527344,54.93000030517578,34079700
2016-01-06,47.415321350097656,54.04999923706055,54.400001525878906,53.63999938964844,54.31999969482422,39518900
2016-01-07,45.76609802246094,52.16999816894531,53.4900016784668,52.06999969482422,52.70000076293945,56564900
2016-01-08,45.906463623046875,52.33000183105469,53.279998779296875,52.150001525878906,52.369998931884766,48754000
2016-01-11,45.8801383972168,52.29999923706055,52.849998474121094,51.459999084472656,52.5099983215332,36943800
2016-01-12,46.301231384277344,52.779998779296875,53.099998474121094,52.060001373291016,52.7599983215332,36095500
2016-01-13,45.301151275634766,51.63999938964844,54.06999969482422,51.29999923706055,53.79999923706055,66883600
2016-01-14,46.590728759765625,53.11000061035156,53.41999816894531,51.56999969482422,52.0,52381900
2016-01-15,44.730934143066406,50.9900016784668,51.970001220703125,50.34000015258789,51.310001373291016,71820700
2016-01-19,44.35374450683594,50.560001373291016,51.68000030517578,50.060001373291016,51.47999954223633,43564500
2016-01-20,44.55549621582031,50.790000915527344,51.380001068115234,49.099998474121094,49.97999954223633,63273000
2016-01-21,44.283538818359375,50.47999954223633,51.58000183105469,50.29999923706055,51.0,40191200
2016-01-22,45.87137222290039,52.290000915527344,52.33000183105469,51.2599983215332,51.40999984741211,37555800
2016-01-25,45.4327507019043,51.790000915527344,52.650001525878906,51.650001525878906,51.939998626708984,34707700
2016-01-26,45.76609802246094,52.16999816894531,52.439998626708984,51.54999923706055,51.790000915527344,28900800
2016-01-27,44.93272018432617,51.220001220703125,52.20000076293945,51.02000045776367,52.0099983215332,36775200
2016-01-28,45.66960144042969,52.060001373291016,52.209999084472656,51.25,51.86000061035156,62513800
2016-01-29,48.32767105102539,55.09000015258789,55.09000015258789,54.0,54.72999954223633,83611700
2016-02-01,47.99431610107422,54.709999084472656,55.09000015258789,54.5,54.880001068115234,44208500
2016-02-02,46.49421691894531,53.0,54.2599983215332,52.650001525878906,54.16999816894531,56313800
2016-02-03,45.75732421875,52.15999984741211,53.38999938964844,51.2599983215332,53.25,57559800
2016-02-04,45.616966247558594,52.0,52.810001373291016,51.369998931884766,52.099998474121094,46987100
2016-02-05,44.002830505371094,50.15999984741211,52.0,49.560001373291016,51.939998626708984,62009000
2016-02-08,43.34489440917969,49.40999984741211,49.56999969482422,48.189998626708984,49.54999923706055,59290500
2016-02-09,43.230857849121094,49.279998779296875,50.2400016784668,48.66999816894531,49.02000045776367,46740500
2016-02-10,43.60805892944336,49.709999084472656,50.38999938964844,49.52000045776367,49.88999938964844,38237000
2016-02-11,43.590518951416016,49.689998626708984,50.11000061035156,48.5099983215332,48.68000030517578,48878600
2016-02-12,44.30109405517578,50.5,50.68000030517578,49.75,50.25,34243300
2016-02-16,45.140472412109375,51.09000015258789,51.09000015258789,50.130001068115234,50.900001525878906,37291200
2016-02-17,46.315574645996094,52.41999816894531,52.77000045776367,51.45000076293945,51.4900016784668,40789000
2016-02-18,46.11235809326172,52.189998626708984,52.95000076293945,52.099998474121094,52.33000183105469,27176000
2016-02-19,45.785465240478516,51.81999969482422,52.279998779296875,51.529998779296875,51.970001220703125,33559100
2016-02-22,46.5187873840332,52.650001525878906,53.0,52.279998779296875,52.279998779296875,25008300
2016-02-23,45.21998596191406,51.18000030517578,52.369998931884766,50.97999954223633,52.34000015258789,28895300
2016-02-24,45.37901306152344,51.36000061035156,51.5,50.20000076293945,50.689998626708984,33014500
2016-02-25,46.0328483581543,52.099998474121094,52.099998474121094,50.61000061035156,51.72999954223633,26939500
2016-02-26,45.325992584228516,51.29999923706055,52.68000030517578,51.099998474121094,52.599998474121094,35975900
2016-02-29,44.95492172241211,50.880001068115234,51.650001525878906,50.65999984741211,51.349998474121094,31654000
2016-03-01,46.45695877075195,52.58000183105469,52.59000015258789,50.91999816894531,50.970001220703125,33024500
2016-03-02,46.78385543823242,52.95000076293945,52.959999084472656,52.15999984741211,52.40999984741211,29289900
2016-03-03,46.25373840332031,52.349998474121094,52.970001220703125,51.779998779296875,52.970001220703125,24427800
2016-03-04,45.970985412597656,52.029998779296875,52.45000076293945,51.709999084472656,52.400001525878906,33034200
2016-03-07,45.087459564208984,51.029998779296875,51.79999923706055,50.58000183105469,51.560001373291016,38407800
2016-03-08,45.635250091552734,51.650001525878906,52.130001068115234,50.599998474121094,50.79999923706055,33835100
2016-03-09,46.686676025390625,52.84000015258789,52.849998474121094,51.86000061035156,51.88999938964844,28251600
2016-03-10,45.98867416381836,52.04999923706055,52.939998626708984,51.15999984741211,52.93000030517578,38387800
2016-03-11,46.88988494873047,53.06999969482422,53.06999969482422,52.380001068115234,53.0,32275700
2016-03-14,46.9782600402832,53.16999816894531,53.59000015258789,52.630001068115234,52.709999084472656,24083600
2016-03-15,47.349327087402344,53.59000015258789,53.59000015258789,52.7400016784668,52.75,21104800
2016-03-16,48.020816802978516,54.349998474121094,54.599998474121094,53.400001525878906,53.45000076293945,31691700
2016-03-17,48.29472732543945,54.65999984741211,55.0,54.0,54.209999084472656,28223900
2016-03-18,47.2609748840332,53.4900016784668,54.970001220703125,53.45000076293945,54.91999816894531,67625500
2016-03-21,47.587890625,53.86000061035156,53.93000030517578,52.93000030517578,53.25,23925700
2016-03-22,47.77342987060547,54.06999969482422,54.25,53.459999084472656,53.61000061035156,23124100
2016-03-23,47.685081481933594,53.970001220703125,54.2400016784668,53.7400016784668,54.11000061035156,20129000
2016-03-24,47.89712905883789,54.209999084472656,54.33000183105469,53.72999954223633,53.84000015258789,19950000
2016-03-28,47.30515670776367,53.540000915527344,54.290000915527344,53.33000183105469,54.209999084472656,17025100
2016-03-29,48.33890914916992,54.709999084472656,54.86000061035156,53.45000076293945,53.65999984741211,23924300
2016-03-30,48.639320373535156,55.04999923706055,55.63999938964844,54.900001525878906,54.93000030517578,23008300
2016-03-31,48.79835510253906,55.22999954223633,55.59000015258789,54.86000061035156,54.95000076293945,26360500
2016-04-01,49.0987548828125,55.56999969482422,55.61000061035156,54.56999969482422,55.04999923706055,24399200
2016-04-04,48.97506332397461,55.43000030517578,55.65999984741211,55.0,55.43000030517578,18928800
2016-04-05,48.20637893676758,54.560001373291016,55.29999923706055,54.459999084472656,55.189998626708984,19272300
2016-04-06,48.70115661621094,55.119998931884766,55.20000076293945,54.209999084472656,54.36000061035156,21188700
2016-04-07,48.11803436279297,54.459999084472656,54.90999984741211,54.22999954223633,54.869998931884766,19225100
2016-04-08,48.08267593383789,54.41999816894531,55.279998779296875,54.31999969482422,54.66999816894531,22167200
2016-04-11,47.9854850769043,54.310001373291016,55.150001525878906,54.29999923706055,54.4900016784668,21414200
2016-04-12,48.28589630126953,54.650001525878906,54.779998779296875,53.7599983215332,54.369998931884766,24944300
2016-04-13,48.90437316894531,55.349998474121094,55.439998626708984,54.88999938964844,55.119998931884766,20818000
2016-04-14,48.913211822509766,55.36000061035156,55.58000183105469,55.06999969482422,55.220001220703125,20877100
2016-04-15,49.16944885253906,55.650001525878906,55.91999816894531,55.11000061035156,55.29999923706055,28793800
2016-04-18,49.88511276245117,56.459999084472656,56.59000015258789,55.209999084472656,55.4900016784668,23786000
2016-04-19,49.82326889038086,56.38999938964844,56.77000045776367,55.68000030517578,56.630001068115234,29596800
2016-04-20,49.116432189941406,55.59000015258789,56.5,55.4900016784668,56.290000915527344,36195700
2016-04-21,49.284297943115234,55.779998779296875,56.22999954223633,55.41999816894531,55.79999923706055,38909100
2016-04-22,45.75010681152344,51.779998779296875,52.43000030517578,50.77000045776367,51.90999984741211,126834100
2016-04-25,46.04169464111328,52.11000061035156,52.130001068115234,51.630001068115234,51.779998779296875,33226900
2016-04-26,45.449710845947266,51.439998626708984,52.349998474121094,51.09000015258789,52.2599983215332,33532600
2016-04-27,45.00792694091797,50.939998626708984,51.5,50.54999923706055,51.47999954223633,43369300
2016-04-28,44.089027404785156,49.900001525878906,50.77000045776367,49.560001373291016,50.619998931884766,43134800
2016-04-29,44.062530517578125,49.869998931884766,50.25,49.349998474121094,49.349998474121094,48411700
2016-05-02,44.716365814208984,50.61000061035156,50.75,49.779998779296875,50.0,33114500
2016-05-03,43.9830207824707,49.779998779296875,50.40999984741211,49.599998474121094,50.34000015258789,26460200
2016-05-04,44.062530517578125,49.869998931884766,50.060001373291016,49.459999084472656,49.84000015258789,24257600
2016-05-05,44.12437057495117,49.939998626708984,50.29999923706055,49.72999954223633,49.869998931884766,25390700
2016-05-06,44.5219841003418,50.38999938964844,50.38999938964844,49.65999984741211,49.91999816894531,24787300
2016-05-09,44.23923873901367,50.06999969482422,50.59000015258789,50.0,50.4900016784668,17951600
2016-05-10,45.07862091064453,51.02000045776367,51.099998474121094,50.189998626708984,50.33000183105469,22891000
2016-05-11,45.10512161254883,51.04999923706055,51.779998779296875,51.0,51.130001068115234,24039100
2016-05-12,45.511558532714844,51.5099983215332,51.810001373291016,50.91999816894531,51.20000076293945,24102800
2016-05-13,45.131614685058594,51.08000183105469,51.900001525878906,51.040000915527344,51.439998626708984,22592300
2016-05-16,45.7943000793457,51.83000183105469,51.959999084472656,50.75,50.79999923706055,20032000
2016-05-17,44.94013977050781,50.5099983215332,51.72999954223633,50.36000061035156,51.720001220703125,27803500
2016-05-18,45.20707321166992,50.810001373291016,51.13999938964844,50.29999923706055,50.47999954223633,24907500
2016-05-19,44.7711067199707,50.31999969482422,50.619998931884766,49.81999969482422,50.470001220703125,23842400
2016-05-20,45.03801345825195,50.619998931884766,51.220001220703125,50.400001525878906,50.47999954223633,23905800
2016-05-23,44.513092041015625,50.029998779296875,50.68000030517578,49.97999954223633,50.599998474121094,26118700
2016-05-24,45.90105056762695,51.59000015258789,51.709999084472656,50.400001525878906,50.70000076293945,34757900
2016-05-25,46.37261962890625,52.119998931884766,52.4900016784668,51.790000915527344,51.91999816894531,24040200
2016-05-26,46.167972564697266,51.88999938964844,51.97999954223633,51.36000061035156,51.93000030517578,24335200
2016-05-27,46.550559997558594,52.31999969482422,52.31999969482422,51.77000045776367,51.91999816894531,17721400
2016-05-31,47.155582427978516,53.0,53.0,52.08000183105469,52.2599983215332,37653100
2016-06-01,47.02210998535156,52.849998474121094,52.95000076293945,52.439998626708984,52.439998626708984,25324800
2016-06-02,46.69291687011719,52.47999954223633,52.7400016784668,51.84000015258789,52.63999938964844,22840800
2016-06-03,46.07900619506836,51.790000915527344,52.41999816894531,51.599998474121094,52.380001068115234,23368300
2016-06-06,46.38151931762695,52.130001068115234,52.349998474121094,51.88999938964844,51.9900016784668,18243300
2016-06-07,46.35482406616211,52.099998474121094,52.72999954223633,52.099998474121094,52.2400016784668,20866800
2016-06-08,46.301448822021484,52.040000915527344,52.439998626708984,51.869998931884766,52.02000045776367,21149400
2016-06-09,45.9277458190918,51.619998931884766,52.0,51.4900016784668,52.0,20305700
2016-06-10,45.80317687988281,51.47999954223633,52.04999923706055,51.040000915527344,51.04999923706055,25833200
2016-06-13,44.61094665527344,50.13999938964844,50.720001220703125,49.060001373291016,49.58000183105469,83217800
2016-06-14,44.33515167236328,49.83000183105469,50.099998474121094,49.56999969482422,49.900001525878906,42577100
2016-06-15,44.21057891845703,49.689998626708984,50.119998931884766,49.689998626708984,49.779998779296875,33757600
2016-06-16,44.83339309692383,50.38999938964844,50.470001220703125,49.5099983215332,49.52000045776367,31188600
2016-06-17,44.60205078125,50.130001068115234,50.43000030517578,49.81999969482422,50.40999984741211,45710500
2016-06-20,44.54867935180664,50.06999969482422,50.83000183105469,50.029998779296875,50.63999938964844,35607900
2016-06-21,45.545162200927734,51.189998626708984,51.43000030517578,50.15999984741211,50.20000076293945,34097800
2016-06-22,45.367225646972656,50.9900016784668,51.459999084472656,50.95000076293945,51.08000183105469,28816800
2016-06-23,46.18575668334961,51.90999984741211,52.060001373291016,51.150001525878906,51.279998779296875,29028800
2016-06-24,44.33515167236328,49.83000183105469,50.939998626708984,49.52000045776367,49.810001373291016,133503000
2016-06-27,43.08953094482422,48.43000030517578,49.150001525878906,48.040000915527344,49.099998474121094,50216300
2016-06-28,43.98815155029297,49.439998626708984,49.470001220703125,48.66999816894531,48.91999816894531,38140700
2016-06-29,44.96685028076172,50.540000915527344,50.720001220703125,49.79999923706055,49.90999984741211,31304000
2016-06-30,45.52737045288086,51.16999816894531,51.29999923706055,50.5,50.720001220703125,28527800
2016-07-01,45.51847457885742,51.15999984741211,51.720001220703125,51.06999969482422,51.130001068115234,21400400
2016-07-05,45.52737045288086,51.16999816894531,51.279998779296875,50.7400016784668,50.83000183105469,24806400
2016-07-06,45.71421813964844,51.380001068115234,51.540000915527344,50.38999938964844,50.779998779296875,28167500
2016-07-07,45.71421813964844,51.380001068115234,51.61000061035156,51.06999969482422,51.41999816894531,19585200
2016-07-08,46.53276062011719,52.29999923706055,52.36000061035156,51.54999923706055,51.72999954223633,28391000
2016-07-11,46.790775299072266,52.59000015258789,52.83000183105469,52.470001220703125,52.5,22269200
2016-07-12,47.3424186706543,53.209999084472656,53.400001525878906,52.790000915527344,52.939998626708984,27317600
2016-07-13,47.60933303833008,53.5099983215332,53.86000061035156,53.18000030517578,53.560001373291016,25356800
2016-07-14,47.81398010253906,53.7400016784668,53.9900016784668,53.58000183105469,53.84000015258789,24545500
2016-07-15,47.778385162353516,53.70000076293945,54.0,53.209999084472656,53.95000076293945,32024400
2016-07-18,48.00971984863281,53.959999084472656,54.34000015258789,53.54999923706055,53.70000076293945,31433900
2016-07-19,47.235652923583984,53.09000015258789,53.900001525878906,52.93000030517578,53.709999084472656,53336500
2016-07-20,49.74467468261719,55.90999984741211,56.84000015258789,55.529998779296875,56.150001525878906,89893300
2016-07-21,49.646812438964844,55.79999923706055,56.22999954223633,55.7599983215332,55.97999954223633,32776700
2016-07-22,50.3318977355957,56.56999969482422,56.630001068115234,55.779998779296875,56.08000183105469,32157200
2016-07-25,50.47425842285156,56.72999954223633,56.7400016784668,56.2599983215332,56.470001220703125,25610600
2016-07-26,50.500953674316406,56.7599983215332,57.290000915527344,56.5099983215332,56.52000045776367,28079000
2016-07-27,49.99380111694336,56.189998626708984,56.79999923706055,56.11000061035156,56.61000061035156,32327500
2016-07-28,50.0115966796875,56.209999084472656,56.369998931884766,55.720001220703125,56.0,37550400
2016-07-29,50.42977523803711,56.68000030517578,56.7599983215332,56.04999923706055,56.2599983215332,30558700
2016-08-01,50.34078598022461,56.58000183105469,56.75,56.13999938964844,56.599998474121094,26003400
2016-08-02,50.34078598022461,56.58000183105469,56.900001525878906,56.310001373291016,56.849998474121094,35122000
2016-08-03,50.68779373168945,56.970001220703125,57.11000061035156,56.4900016784668,56.68000030517578,22075600
2016-08-04,51.06147766113281,57.38999938964844,57.52000045776367,56.66999816894531,56.79999923706055,26587700
2016-08-05,51.568626403808594,57.959999084472656,58.209999084472656,57.45000076293945,57.650001525878906,29335200
2016-08-08,51.65761184692383,58.060001373291016,58.09000015258789,57.779998779296875,58.060001373291016,19473500
2016-08-09,51.78215408325195,58.20000076293945,58.5,58.02000045776367,58.16999816894531,16920700
2016-08-10,51.62200927734375,58.02000045776367,58.31999969482422,57.81999969482422,58.15999984741211,15756900
2016-08-11,51.871116638183594,58.29999923706055,58.45000076293945,58.029998779296875,58.029998779296875,18162300
2016-08-12,51.55082321166992,57.939998626708984,58.189998626708984,57.619998931884766,58.029998779296875,21655200
2016-08-15,51.71097183227539,58.119998931884766,58.5,57.959999084472656,58.0099983215332,19283900
2016-08-16,51.424495697021484,57.439998626708984,57.619998931884766,57.27000045776367,57.61000061035156,20523500
2016-08-17,51.53194046020508,57.560001373291016,57.68000030517578,57.22999954223633,57.540000915527344,18856400
2016-08-18,51.56773376464844,57.599998474121094,57.70000076293945,57.27000045776367,57.41999816894531,14214300
2016-08-19,51.585636138916016,57.619998931884766,57.72999954223633,57.20000076293945,57.43000030517578,17271000
2016-08-22,51.63040542602539,57.66999816894531,57.75,57.2599983215332,57.599998474121094,15221900
2016-08-23,51.827362060546875,57.88999938964844,58.18000030517578,57.849998474121094,57.900001525878906,18732400
2016-08-24,51.881099700927734,57.95000076293945,58.040000915527344,57.720001220703125,57.79999923706055,18151500
2016-08-25,52.07804870605469,58.16999816894531,58.290000915527344,57.779998779296875,57.880001068115234,18552600
2016-08-26,51.95269775390625,58.029998779296875,58.70000076293945,57.689998626708984,58.279998779296875,20971200
2016-08-29,52.015377044677734,58.099998474121094,58.599998474121094,58.099998474121094,58.18000030517578,16417200
2016-08-30,51.827362060546875,57.88999938964844,58.189998626708984,57.61000061035156,57.97999954223633,16930200
2016-08-31,51.44240188598633,57.459999084472656,57.79999923706055,57.29999923706055,57.650001525878906,20860300
2016-09-01,51.55878829956055,57.59000015258789,57.81999969482422,57.0099983215332,57.0099983215332,26075400
2016-09-02,51.63040542602539,57.66999816894531,58.189998626708984,57.41999816894531,57.66999816894531,18900500
2016-09-06,51.57667922973633,57.61000061035156,57.79999923706055,57.209999084472656,57.779998779296875,16278400
2016-09-07,51.62145233154297,57.65999984741211,57.84000015258789,57.40999984741211,57.470001220703125,17493400
2016-09-08,51.4155387878418,57.43000030517578,57.790000915527344,57.18000030517578,57.630001068115234,20146100
2016-09-09,50.32330322265625,56.209999084472656,57.52000045776367,56.209999084472656,56.790000915527344,35113900
2016-09-12,51.075340270996094,57.04999923706055,57.209999084472656,55.61000061035156,56.0,29303000
2016-09-13,50.609798431396484,56.529998779296875,56.650001525878906,56.04999923706055,56.5,30130200
2016-09-14,50.368064880371094,56.2599983215332,56.630001068115234,56.029998779296875,56.38999938964844,24062500
2016-09-15,51.200660705566406,57.189998626708984,57.349998474121094,55.97999954223633,56.150001525878906,26847000
2016-09-16,51.2543830871582,57.25,57.630001068115234,56.75,57.630001068115234,44607000
2016-09-19,50.96790313720703,56.93000030517578,57.75,56.849998474121094,57.27000045776367,20937100
2016-09-20,50.860477447509766,56.810001373291016,57.349998474121094,56.75,57.349998474121094,17384000
2016-09-21,51.71097183227539,57.7599983215332,57.849998474121094,57.08000183105469,57.5099983215332,33707300
2016-09-22,51.76470184326172,57.81999969482422,58.0,57.630001068115234,57.91999816894531,19822200
2016-09-23,51.4155387878418,57.43000030517578,57.90999984741211,57.380001068115234,57.869998931884766,19955300
2016-09-26,50.941043853759766,56.900001525878906,57.13999938964844,56.83000183105469,57.08000183105469,21688700
2016-09-27,51.881099700927734,57.95000076293945,58.060001373291016,56.68000030517578,56.93000030517578,28065100
2016-09-28,51.95269775390625,58.029998779296875,58.060001373291016,57.66999816894531,57.880001068115234,20536400
2016-09-29,51.38868713378906,57.400001525878906,58.16999816894531,57.209999084472656,57.810001373291016,25463500
2016-09-30,51.56773376464844,57.599998474121094,57.77000045776367,57.34000015258789,57.56999969482422,29910800
2016-10-03,51.406585693359375,57.41999816894531,57.54999923706055,57.060001373291016,57.40999984741211,19189500
2016-10-04,51.24543762207031,57.2400016784668,57.599998474121094,56.970001220703125,57.27000045776367,20085900
2016-10-05,51.60355758666992,57.63999938964844,57.959999084472656,57.2599983215332,57.290000915527344,16726400
2016-10-06,51.69307327270508,57.7400016784668,57.86000061035156,57.279998779296875,57.7400016784668,16212600
2016-10-07,51.746795654296875,57.79999923706055,57.97999954223633,57.41999816894531,57.849998474121094,20089000
2016-10-10,51.96165466308594,58.040000915527344,58.38999938964844,57.869998931884766,57.90999984741211,18196500
2016-10-11,51.200660705566406,57.189998626708984,58.02000045776367,56.88999938964844,57.88999938964844,26497400
2016-10-12,51.12904739379883,57.11000061035156,57.27000045776367,56.400001525878906,57.11000061035156,22177500
2016-10-13,50.958946228027344,56.91999816894531,57.29999923706055,56.31999969482422,56.70000076293945,25313700
2016-10-14,51.406585693359375,57.41999816894531,57.7400016784668,57.119998931884766,57.119998931884766,27402500
2016-10-17,51.227535247802734,57.220001220703125,57.459999084472656,56.869998931884766,57.36000061035156,23830000
2016-10-18,51.62145233154297,57.65999984741211,57.95000076293945,57.40999984741211,57.529998779296875,19149500
2016-10-19,51.50505447387695,57.529998779296875,57.84000015258789,57.400001525878906,57.470001220703125,22878400
2016-10-20,51.2543830871582,57.25,57.52000045776367,56.65999984741211,57.5,49455600
2016-10-21,53.41199493408203,59.65999984741211,60.45000076293945,59.4900016784668,60.279998779296875,80032200
2016-10-24,54.61167907714844,61.0,61.0,59.93000030517578,59.939998626708984,54067000
2016-10-25,54.60271072387695,60.9900016784668,61.369998931884766,60.79999923706055,60.849998474121094,35137200
2016-10-26,54.28042984008789,60.630001068115234,61.20000076293945,60.470001220703125,60.810001373291016,29911600
2016-10-27,53.805912017822266,60.099998474121094,60.83000183105469,60.09000015258789,60.61000061035156,28479900
2016-10-28,53.600006103515625,59.869998931884766,60.52000045776367,59.58000183105469,60.0099983215332,33574700
2016-10-31,53.644771575927734,59.91999816894531,60.41999816894531,59.91999816894531,60.15999984741211,26434700
2016-11-01,53.53733825683594,59.79999923706055,60.02000045776367,59.25,59.970001220703125,24533000
2016-11-02,53.206077575683594,59.43000030517578,59.93000030517578,59.29999923706055,59.81999969482422,22147000
2016-11-03,53.009124755859375,59.209999084472656,59.63999938964844,59.11000061035156,59.529998779296875,21600400
2016-11-04,52.56147766113281,58.709999084472656,59.279998779296875,58.52000045776367,58.650001525878906,28697000
2016-11-07,54.0924072265625,60.41999816894531,60.52000045776367,59.779998779296875,59.779998779296875,31664800
2016-11-08,54.137184143066406,60.470001220703125,60.779998779296875,60.150001525878906,60.54999923706055,22935400
2016-11-09,53.86858367919922,60.16999816894531,60.59000015258789,59.20000076293945,60.0,49632500
2016-11-10,52.55253219604492,58.70000076293945,60.4900016784668,57.630001068115234,60.47999954223633,57822400
2016-11-11,52.83903503417969,59.02000045776367,59.119998931884766,58.0099983215332,58.22999954223633,38767800
2016-11-14,52.03327941894531,58.119998931884766,59.08000183105469,57.279998779296875,59.02000045776367,41328400
2016-11-15,53.060787200927734,58.869998931884766,59.4900016784668,58.31999969482422,58.33000183105469,35904100
2016-11-16,53.76381301879883,59.650001525878906,59.65999984741211,58.810001373291016,58.939998626708984,27332500
2016-11-17,54.656124114990234,60.63999938964844,60.95000076293945,59.970001220703125,60.40999984741211,32132700
2016-11-18,54.39472961425781,60.349998474121094,61.13999938964844,60.29999923706055,60.779998779296875,27686300
2016-11-21,54.854408264160156,60.86000061035156,60.970001220703125,60.41999816894531,60.5,19652600
2016-11-22,55.0887565612793,61.119998931884766,61.2599983215332,60.810001373291016,60.97999954223633,23206700
2016-11-23,54.43981170654297,60.400001525878906,61.099998474121094,60.25,61.0099983215332,21848900
2016-11-25,54.556968688964844,60.529998779296875,60.529998779296875,60.130001068115234,60.29999923706055,8409600
2016-11-28,54.62908172607422,60.61000061035156,61.02000045776367,60.209999084472656,60.34000015258789,20732600
2016-11-29,55.06170654296875,61.09000015258789,61.40999984741211,60.52000045776367,60.650001525878906,22366700
2016-11-30,54.31361770629883,60.2599983215332,61.18000030517578,60.220001220703125,60.86000061035156,34655400
2016-12-01,53.358211517333984,59.20000076293945,60.150001525878906,58.939998626708984,60.11000061035156,34542100
2016-12-02,53.40328598022461,59.25,59.470001220703125,58.79999923706055,59.08000183105469,25515700
2016-12-05,54.27755355834961,60.220001220703125,60.59000015258789,59.560001373291016,59.70000076293945,23552700
2016-12-06,54.034210205078125,59.95000076293945,60.459999084472656,59.79999923706055,60.43000030517578,19907000
2016-12-07,55.31409454345703,61.369998931884766,61.380001068115234,59.79999923706055,60.0099983215332,30809000
2016-12-08,54.98960494995117,61.0099983215332,61.58000183105469,60.84000015258789,61.29999923706055,21220800
2016-12-09,55.85489273071289,61.970001220703125,61.9900016784668,61.130001068115234,61.18000030517578,27349400
2016-12-12,56.03512954711914,62.16999816894531,62.29999923706055,61.720001220703125,61.81999969482422,20198100
2016-12-13,56.76522445678711,62.97999954223633,63.41999816894531,62.2400016784668,62.5,35718900
2016-12-14,56.494808197021484,62.68000030517578,63.45000076293945,62.529998779296875,63.0,30352700
2016-12-15,56.404693603515625,62.58000183105469,63.150001525878906,62.29999923706055,62.70000076293945,27669900
2016-12-16,56.15230941772461,62.29999923706055,62.95000076293945,62.119998931884766,62.95000076293945,42453100
2016-12-19,57.34205627441406,63.619998931884766,63.77000045776367,62.41999816894531,62.560001373291016,34338200
2016-12-20,57.26995086669922,63.540000915527344,63.79999923706055,63.029998779296875,63.689998626708984,26028400
2016-12-21,57.26995086669922,63.540000915527344,63.70000076293945,63.119998931884766,63.43000030517578,17096300
2016-12-22,57.278968811035156,63.54999923706055,64.0999984741211,63.40999984741211,63.84000015258789,22176600
2016-12-23,56.99955368041992,63.2400016784668,63.540000915527344,62.79999923706055,63.45000076293945,12403800
2016-12-27,57.03559875488281,63.279998779296875,64.06999969482422,63.209999084472656,63.209999084472656,11763200
2016-12-28,56.77422332763672,62.9900016784668,63.400001525878906,62.83000183105469,63.400001525878906,14653300
2016-12-29,56.693111419677734,62.900001525878906,63.20000076293945,62.72999954223633,62.86000061035156,10250600
2016-12-30,56.008087158203125,62.13999938964844,62.9900016784668,62.029998779296875,62.959999084472656,25579900
2017-01-03,56.404693603515625,62.58000183105469,62.84000015258789,62.130001068115234,62.790000915527344,20694100
2017-01-04,56.15230941772461,62.29999923706055,62.75,62.119998931884766,62.47999954223633,21340000
2017-01-05,56.15230941772461,62.29999923706055,62.65999984741211,62.029998779296875,62.189998626708984,24876000
2017-01-06,56.6390380859375,62.84000015258789,63.150001525878906,62.040000915527344,62.29999923706055,19922900
2017-01-09,56.45875549316406,62.63999938964844,63.08000183105469,62.540000915527344,62.7599983215332,20382700
2017-01-10,56.44074630737305,62.619998931884766,63.06999969482422,62.279998779296875,62.72999954223633,18593000
2017-01-11,56.95448684692383,63.189998626708984,63.22999954223633,62.43000030517578,62.61000061035156,21517300
2017-01-12,56.43173599243164,62.61000061035156,63.400001525878906,61.95000076293945,63.060001373291016,20968200
2017-01-13,56.51282501220703,62.70000076293945,62.869998931884766,62.349998474121094,62.619998931884766,19422300
2017-01-17,56.359619140625,62.529998779296875,62.70000076293945,62.029998779296875,62.68000030517578,20664000
2017-01-18,56.332584381103516,62.5,62.70000076293945,62.119998931884766,62.66999816894531,19670100
2017-01-19,56.15230941772461,62.29999923706055,62.97999954223633,62.20000076293945,62.2400016784668,18451700
2017-01-20,56.54890441894531,62.7400016784668,62.81999969482422,62.369998931884766,62.66999816894531,30213500
2017-01-23,56.7471809387207,62.959999084472656,63.119998931884766,62.56999969482422,62.70000076293945,23097600
2017-01-24,57.251914978027344,63.52000045776367,63.7400016784668,62.939998626708984,63.20000076293945,24672900
2017-01-25,57.39613723754883,63.68000030517578,64.0999984741211,63.45000076293945,63.95000076293945,23672700
2017-01-26,57.927913665771484,64.2699966430664,64.54000091552734,63.54999923706055,64.12000274658203,43554600
2017-01-27,59.28890609741211,65.77999877929688,65.91000366210938,64.88999938964844,65.38999938964844,44818000
2017-01-30,58.70304870605469,65.12999725341797,65.79000091552734,64.80000305175781,65.69000244140625,31651400
2017-01-31,58.270423889160156,64.6500015258789,65.1500015258789,64.26000213623047,64.86000061035156,25270500
2017-02-01,57.30601119995117,63.58000183105469,64.62000274658203,63.470001220703125,64.36000061035156,39671500
2017-02-02,56.93645477294922,63.16999816894531,63.40999984741211,62.75,63.25,45827000
2017-02-03,57.39613723754883,63.68000030517578,63.70000076293945,63.06999969482422,63.5,30301800
2017-02-06,57.36008834838867,63.63999938964844,63.650001525878906,63.13999938964844,63.5,19796400
2017-02-07,57.17082214355469,63.43000030517578,63.779998779296875,63.22999954223633,63.7400016784668,20277200
2017-02-08,57.08967971801758,63.34000015258789,63.810001373291016,63.220001220703125,63.56999969482422,18096400
2017-02-09,57.738643646240234,64.05999755859375,64.44000244140625,63.31999969482422,63.52000045776367,22644400
2017-02-10,57.68456268310547,64.0,64.30000305175781,63.97999954223633,64.25,18170700
2017-02-13,58.33351516723633,64.72000122070312,64.86000061035156,64.12999725341797,64.23999786376953,22920100
2017-02-14,58.5511474609375,64.56999969482422,64.72000122070312,64.0199966430664,64.41000366210938,23108400
2017-02-15,58.514869689941406,64.52999877929688,64.56999969482422,64.16000366210938,64.5,17005200
2017-02-16,58.50578689575195,64.5199966430664,65.23999786376953,64.44000244140625,64.73999786376953,20546300
2017-02-17,58.59648513793945,64.62000274658203,64.69000244140625,64.30000305175781,64.47000122070312,21248800
2017-02-21,58.47859573364258,64.48999786376953,64.94999694824219,64.44999694824219,64.61000061035156,20655900
2017-02-22,58.3607292175293,64.36000061035156,64.38999938964844,64.05000305175781,64.33000183105469,19292700
2017-02-23,58.59648513793945,64.62000274658203,64.7300033569336,64.19000244140625,64.41999816894531,20273100
2017-02-24,58.59648513793945,64.62000274658203,64.80000305175781,64.13999938964844,64.52999877929688,21796800
2017-02-27,58.24283218383789,64.2300033569336,64.54000091552734,64.05000305175781,64.54000091552734,15871500
2017-02-28,58.01613235473633,63.97999954223633,64.19999694824219,63.7599983215332,64.08000183105469,23239800
2017-03-01,58.886653900146484,64.94000244140625,64.98999786376953,64.0199966430664,64.12999725341797,26937500
2017-03-02,58.04335021972656,64.01000213623047,64.75,63.880001068115234,64.69000244140625,24539600
2017-03-03,58.26097106933594,64.25,64.27999877929688,63.619998931884766,63.9900016784668,18135900
2017-03-06,58.279109954833984,64.2699966430664,64.55999755859375,63.810001373291016,63.970001220703125,18750300
2017-03-07,58.3969841003418,64.4000015258789,64.77999877929688,64.19000244140625,64.19000244140625,18521000
2017-03-08,58.9319953918457,64.98999786376953,65.08000183105469,64.25,64.26000213623047,21510900
2017-03-09,58.69622039794922,64.7300033569336,65.19999694824219,64.4800033569336,65.19000244140625,19846800
2017-03-10,58.87758255004883,64.93000030517578,65.26000213623047,64.75,65.11000061035156,19538200
2017-03-13,58.67808532714844,64.70999908447266,65.19000244140625,64.56999969482422,65.01000213623047,20100000
2017-03-14,58.40605926513672,64.41000366210938,64.55000305175781,64.1500015258789,64.52999877929688,14280200
2017-03-15,58.71435546875,64.75,64.91999816894531,64.25,64.55000305175781,24833800
2017-03-16,58.614601135253906,64.63999938964844,64.76000213623047,64.30000305175781,64.75,20674300
2017-03-17,58.823177337646484,64.87000274658203,65.23999786376953,64.68000030517578,64.91000366210938,49219700
2017-03-20,58.87758255004883,64.93000030517578,65.18000030517578,64.72000122070312,64.91000366210938,14598100
2017-03-21,58.224700927734375,64.20999908447266,65.5,64.12999725341797,65.19000244140625,26640500
2017-03-22,58.96826934814453,65.02999877929688,65.13999938964844,64.12000274658203,64.12000274658203,20680000
2017-03-23,58.823177337646484,64.87000274658203,65.23999786376953,64.7699966430664,64.94000244140625,19269200
2017-03-24,58.92293167114258,64.9800033569336,65.44999694824219,64.76000213623047,65.36000061035156,22617100
2017-03-27,59.03174591064453,65.0999984741211,65.22000122070312,64.3499984741211,64.62999725341797,18614700
2017-03-28,59.20401382446289,65.29000091552734,65.47000122070312,64.6500015258789,64.95999908447266,20080400
2017-03-29,59.367252349853516,65.47000122070312,65.5,64.94999694824219,65.12000274658203,13618400
2017-03-30,59.584869384765625,65.70999908447266,65.9800033569336,65.36000061035156,65.41999816894531,15122800
2017-03-31,59.72089385986328,65.86000061035156,66.19000244140625,65.44999694824219,65.6500015258789,21040300
2017-04-03,59.43980407714844,65.55000305175781,65.94000244140625,65.19000244140625,65.80999755859375,20400900
2017-04-04,59.6030158996582,65.7300033569336,65.80999755859375,65.27999877929688,65.38999938964844,12997400
2017-04-05,59.44886016845703,65.55999755859375,66.3499984741211,65.44000244140625,66.30000305175781,21448600
2017-04-06,59.6030158996582,65.7300033569336,66.05999755859375,65.4800033569336,65.5999984741211,18103500
2017-04-07,59.557674407958984,65.68000030517578,65.95999908447266,65.44000244140625,65.8499984741211,14108500
2017-04-10,59.421661376953125,65.52999877929688,65.81999969482422,65.36000061035156,65.61000061035156,17952700
2017-04-11,59.376312255859375,65.4800033569336,65.61000061035156,64.8499984741211,65.5999984741211,18791500
2017-04-12,59.14961242675781,65.2300033569336,65.51000213623047,65.11000061035156,65.41999816894531,17108500
2017-04-13,58.895721435546875,64.94999694824219,65.86000061035156,64.94999694824219,65.29000091552734,17896500
2017-04-17,59.376312255859375,65.4800033569336,65.48999786376953,65.01000213623047,65.04000091552734,16689300
2017-04-18,59.294700622558594,65.38999938964844,65.70999908447266,65.16000366210938,65.33000183105469,15155600
2017-04-19,58.977333068847656,65.04000091552734,65.75,64.88999938964844,65.6500015258789,26992800
2017-04-20,59.39443588256836,65.5,65.75,65.13999938964844,65.45999908447266,22299500
2017-04-21,60.21055221557617,66.4000015258789,66.69999694824219,65.44999694824219,65.66999816894531,32522600
2017-04-24,61.235225677490234,67.52999877929688,67.66000366210938,67.0999984741211,67.4800033569336,29770000
2017-04-25,61.588871002197266,67.91999816894531,68.04000091552734,67.5999984741211,67.9000015258789,30242700
2017-04-26,61.50726318359375,67.83000183105469,68.30999755859375,67.62000274658203,68.08000183105469,26190800
2017-04-27,61.906246185302734,68.2699966430664,68.37999725341797,67.58000183105469,68.1500015258789,34971000
2017-04-28,62.07854080200195,68.45999908447266,69.13999938964844,67.69000244140625,68.91000366210938,39548800
2017-05-01,62.93998336791992,69.41000366210938,69.55000305175781,68.5,68.68000030517578,31954400
2017-05-02,62.840240478515625,69.30000305175781,69.70999908447266,69.12999725341797,69.70999908447266,23906100
2017-05-03,62.640743255615234,69.08000183105469,69.37999725341797,68.70999908447266,69.37999725341797,28928000
2017-05-04,62.39590072631836,68.80999755859375,69.08000183105469,68.63999938964844,69.02999877929688,21749400
2017-05-05,62.568206787109375,69.0,69.02999877929688,68.48999786376953,68.9000015258789,19128800
2017-05-08,62.5138053894043,68.94000244140625,69.05000305175781,68.41999816894531,68.97000122070312,18566100
2017-05-09,62.60447311401367,69.04000091552734,69.27999877929688,68.68000030517578,68.86000061035156,22858400
2017-05-10,62.84931182861328,69.30999755859375,69.55999755859375,68.91999816894531,68.98999786376953,17977800
2017-05-11,62.07854080200195,68.45999908447266,68.7300033569336,68.12000274658203,68.36000061035156,28789400
2017-05-12,62.005977630615234,68.37999725341797,68.61000061035156,68.04000091552734,68.61000061035156,18714100
2017-05-15,62.05133819580078,68.43000030517578,68.4800033569336,67.56999969482422,68.13999938964844,31530300
2017-05-16,63.30076217651367,69.41000366210938,69.44000244140625,68.16000366210938,68.2300033569336,34956000
2017-05-17,61.540626525878906,67.4800033569336,69.0999984741211,67.43000030517578,68.88999938964844,30548800
2017-05-18,61.750370025634766,67.70999908447266,68.12999725341797,67.13999938964844,67.4000015258789,25201300
2017-05-19,61.73214340209961,67.69000244140625,68.0999984741211,67.43000030517578,67.5,26961100
2017-05-22,62.42523956298828,68.44999694824219,68.5,67.5,67.88999938964844,16237600
2017-05-23,62.635013580322266,68.68000030517578,68.75,68.37999725341797,68.72000122070312,15425800
2017-05-24,62.71709060668945,68.7699966430664,68.87999725341797,68.44999694824219,68.87000274658203,14593900
2017-05-25,63.49225616455078,69.62000274658203,69.87999725341797,68.91000366210938,68.97000122070312,21854100
2017-05-26,63.802364349365234,69.95999908447266,70.22000122070312,69.5199966430664,69.80000305175781,19827900
2017-05-30,64.2127456665039,70.41000366210938,70.41000366210938,69.7699966430664,69.79000091552734,17072800
2017-05-31,63.69289779663086,69.83999633789062,70.73999786376953,69.80999755859375,70.52999877929688,30436400
2017-06-01,63.930015563964844,70.0999984741211,70.61000061035156,69.44999694824219,70.23999786376953,21603600
2017-06-02,65.44392395019531,71.76000213623047,71.86000061035156,70.23999786376953,70.44000244140625,34770300
2017-06-05,65.91813659667969,72.27999877929688,72.88999938964844,71.80999755859375,71.97000122070312,33316800
2017-06-06,66.13701629638672,72.5199966430664,72.62000274658203,72.2699966430664,72.30000305175781,31511100
2017-06-07,66.0184555053711,72.38999938964844,72.7699966430664,71.94999694824219,72.63999938964844,22301800
2017-06-08,65.61719512939453,71.94999694824219,72.5199966430664,71.5,72.51000213623047,24588300
2017-06-09,64.13065338134766,70.31999969482422,72.08000183105469,68.58999633789062,72.04000091552734,49187400
2017-06-12,63.638179779052734,69.77999877929688,69.94000244140625,68.12999725341797,69.25,47761700
2017-06-13,64.43162536621094,70.6500015258789,70.81999969482422,69.95999908447266,70.0199966430664,25258600
2017-06-14,64.08504486083984,70.2699966430664,71.0999984741211,69.43000030517578,70.91000366210938,25510700
2017-06-15,63.74761962890625,69.9000015258789,70.20999908447266,68.80000305175781,69.2699966430664,26068700
2017-06-16,63.838829040527344,70.0,70.02999877929688,69.22000122070312,69.7300033569336,48345100
2017-06-19,64.63227081298828,70.87000274658203,70.94000244140625,70.3499984741211,70.5,23798300
2017-06-20,63.75675582885742,69.91000366210938,70.87000274658203,69.87000274658203,70.81999969482422,21512200
2017-06-21,64.08504486083984,70.2699966430664,70.62000274658203,69.94000244140625,70.20999908447266,19891100
2017-06-22,64.07593536376953,70.26000213623047,70.58999633789062,69.70999908447266,70.54000091552734,22965700
2017-06-23,64.94233703613281,71.20999908447266,71.25,69.91999816894531,70.08999633789062,27617300
2017-06-26,64.32215881347656,70.52999877929688,71.70999908447266,70.44000244140625,71.4000015258789,19607000
2017-06-27,63.118350982666016,69.20999908447266,70.18000030517578,69.18000030517578,70.11000061035156,25215100
2017-06-28,63.65643310546875,69.80000305175781,69.83999633789062,68.79000091552734,69.20999908447266,25806200
2017-06-29,62.461727142333984,68.48999786376953,69.48999786376953,68.08999633789062,69.37999725341797,28918700
2017-06-30,62.863014221191406,68.93000030517578,69.37999725341797,68.73999786376953,68.77999877929688,24161100
2017-07-03,62.16989517211914,68.16999816894531,69.5999984741211,68.0199966430664,69.33000183105469,16165500
2017-07-05,62.99979782104492,69.08000183105469,69.44000244140625,68.22000122070312,68.26000213623047,21176300
2017-07-06,62.534698486328125,68.56999969482422,68.77999877929688,68.12000274658203,68.2699966430664,21117600
2017-07-07,63.34632873535156,69.45999908447266,69.83999633789062,68.69999694824219,68.69999694824219,16878300
2017-07-10,63.82060241699219,69.9800033569336,70.25,69.19999694824219,69.45999908447266,15014500
2017-07-11,63.829708099365234,69.98999786376953,70.68000030517578,69.75,70.0,17460000
2017-07-12,64.88760375976562,71.1500015258789,71.27999877929688,70.55000305175781,70.69000244140625,17750900
2017-07-13,65.45301818847656,71.7699966430664,72.04000091552734,71.30999755859375,71.5,20269800
2017-07-14,66.37416076660156,72.77999877929688,73.2699966430664,71.95999908447266,72.23999786376953,25868100
2017-07-17,66.89395904541016,73.3499984741211,73.44999694824219,72.72000122070312,72.80000305175781,21803900
2017-07-18,66.84838104248047,73.30000305175781,73.38999938964844,72.66000366210938,73.08999633789062,26435300
2017-07-19,67.35905456542969,73.86000061035156,74.04000091552734,73.44999694824219,73.5,22416200
2017-07-20,67.68739318847656,74.22000122070312,74.30000305175781,73.27999877929688,74.18000030517578,42361000
2017-07-21,67.29524230957031,73.79000091552734,74.29000091552734,73.16999816894531,73.44999694824219,46717100
2017-07-24,67.1219711303711,73.5999984741211,73.75,73.12999725341797,73.52999877929688,21394800
2017-07-25,67.66000366210938,74.19000244140625,74.30999755859375,73.5,73.80000305175781,22018700
2017-07-26,67.53235626220703,74.05000305175781,74.37999725341797,73.80999755859375,74.33999633789062,16252200
2017-07-27,66.720703125,73.16000366210938,74.41999816894531,72.31999969482422,73.76000213623047,36844200
2017-07-28,66.6112289428711,73.04000091552734,73.30999755859375,72.54000091552734,72.66999816894531,18306700
2017-07-31,66.30117797851562,72.69999694824219,73.44000244140625,72.41000366210938,73.30000305175781,23600100
2017-08-01,66.19172668457031,72.58000183105469,73.41999816894531,72.48999786376953,73.0999984741211,22132300
2017-08-02,65.89990997314453,72.26000213623047,72.55999755859375,71.44000244140625,72.55000305175781,26499200
2017-08-03,65.79959106445312,72.1500015258789,72.44000244140625,71.8499984741211,72.19000244140625,18214400
2017-08-04,66.28295135498047,72.68000030517578,73.04000091552734,72.23999786376953,72.4000015258789,22579000
2017-08-07,66.02758026123047,72.4000015258789,72.9000015258789,72.26000213623047,72.80000305175781,18705700
2017-08-08,66.38321685791016,72.79000091552734,73.12999725341797,71.75,72.08999633789062,22044600
2017-08-09,66.09142303466797,72.47000122070312,72.51000213623047,72.05000305175781,72.25,22213400
2017-08-10,65.12471771240234,71.41000366210938,72.19000244140625,71.3499984741211,71.9000015258789,24734500
2017-08-11,66.1187744140625,72.5,72.69999694824219,71.27999877929688,71.61000061035156,21443700
2017-08-14,67.11283111572266,73.58999633789062,73.72000122070312,72.94999694824219,73.05999755859375,20096600
2017-08-15,67.13117980957031,73.22000122070312,73.58999633789062,73.04000091552734,73.58999633789062,19181400
2017-08-16,67.5254135131836,73.6500015258789,74.0999984741211,73.16999816894531,73.33999633789062,18150400
2017-08-17,66.37936401367188,72.4000015258789,73.87000274658203,72.4000015258789,73.58000183105469,22977500
2017-08-18,66.46188354492188,72.48999786376953,72.83999633789062,71.93000030517578,72.2699966430664,18761500
2017-08-21,66.1501693725586,72.1500015258789,72.4800033569336,71.69999694824219,72.47000122070312,17734800
2017-08-22,67.076171875,73.16000366210938,73.23999786376953,72.3499984741211,72.3499984741211,14343700
2017-08-23,66.67276000976562,72.72000122070312,73.1500015258789,72.52999877929688,72.95999908447266,13766500
2017-08-24,66.64527130126953,72.69000244140625,72.86000061035156,72.06999969482422,72.73999786376953,17098300
2017-08-25,66.76443481445312,72.81999969482422,73.3499984741211,72.4800033569336,72.86000061035156,12794300
2017-08-28,66.77361297607422,72.83000183105469,73.08999633789062,72.55000305175781,73.05999755859375,14569700
2017-08-29,66.975341796875,73.05000305175781,73.16000366210938,72.05000305175781,72.25,11478400
2017-08-30,67.8554916381836,74.01000213623047,74.20999908447266,72.83000183105469,73.01000213623047,16897800
2017-08-31,68.55225372314453,74.7699966430664,74.95999908447266,73.80000305175781,74.02999877929688,27652800
2017-09-01,67.79132843017578,73.94000244140625,74.73999786376953,73.63999938964844,74.70999908447266,21736200
2017-09-05,67.48872375488281,73.61000061035156,73.88999938964844,72.9800033569336,73.33999633789062,21556000
2017-09-06,67.29618835449219,73.4000015258789,74.04000091552734,73.3499984741211,73.73999786376953,16535800
2017-09-07,68.15803527832031,74.33999633789062,74.5999984741211,73.5999984741211,73.68000030517578,17471200
2017-09-08,67.82796478271484,73.9800033569336,74.44000244140625,73.83999633789062,74.33000183105469,14703800
2017-09-11,68.54309844970703,74.76000213623047,74.94000244140625,74.30999755859375,74.30999755859375,17910400
2017-09-12,68.46977233886719,74.68000030517578,75.23999786376953,74.37000274658203,74.76000213623047,14394900
2017-09-13,68.95567321777344,75.20999908447266,75.2300033569336,74.55000305175781,74.93000030517578,13380800
2017-09-14,68.55225372314453,74.7699966430664,75.48999786376953,74.5199966430664,75.0,15733900
2017-09-15,69.04739379882812,75.30999755859375,75.38999938964844,74.06999969482422,74.83000183105469,38578400
2017-09-18,68.90982818603516,75.16000366210938,75.97000122070312,75.04000091552734,75.2300033569336,23307000
2017-09-19,69.16655731201172,75.44000244140625,75.70999908447266,75.01000213623047,75.20999908447266,16093300
2017-09-20,68.70813751220703,74.94000244140625,75.55000305175781,74.30999755859375,75.3499984741211,21587900
2017-09-21,68.03882598876953,74.20999908447266,75.23999786376953,74.11000061035156,75.11000061035156,19186100
2017-09-22,68.22221374511719,74.41000366210938,74.51000213623047,73.8499984741211,73.98999786376953,14111400
2017-09-25,67.16786193847656,73.26000213623047,74.25,72.91999816894531,74.08999633789062,24149200
2017-09-26,67.16786193847656,73.26000213623047,73.80999755859375,72.98999786376953,73.66999816894531,18019600
2017-09-27,67.70877075195312,73.8499984741211,74.16999816894531,73.16999816894531,73.55000305175781,19565100
2017-09-28,67.72711944580078,73.87000274658203,73.97000122070312,73.30999755859375,73.54000091552734,10883800
2017-09-29,68.2955551147461,74.48999786376953,74.54000091552734,73.87999725341797,73.94000244140625,17079100
2017-10-02,68.40560150146484,74.61000061035156,75.01000213623047,74.30000305175781,74.70999908447266,15304800
2017-10-03,68.08470153808594,74.26000213623047,74.87999725341797,74.19000244140625,74.66999816894531,12190400
2017-10-04,68.47895812988281,74.69000244140625,74.72000122070312,73.70999908447266,74.08999633789062,13317700
2017-10-05,69.65249633789062,75.97000122070312,76.12000274658203,74.95999908447266,75.22000122070312,21195300
2017-10-06,69.68000793457031,76.0,76.02999877929688,75.54000091552734,75.66999816894531,13959800
2017-10-09,69.94588470458984,76.29000091552734,76.55000305175781,75.86000061035156,75.97000122070312,11386500
2017-10-10,69.94588470458984,76.29000091552734,76.62999725341797,76.13999938964844,76.33000183105469,13944500
2017-10-11,70.0650634765625,76.41999816894531,76.45999908447266,75.94999694824219,76.36000061035156,15388900
2017-10-12,70.70685577392578,77.12000274658203,77.29000091552734,76.37000274658203,76.48999786376953,16876500
2017-10-13,71.04608917236328,77.48999786376953,77.87000274658203,77.29000091552734,77.58999633789062,15335700
2017-10-16,71.19278717041016,77.6500015258789,77.80999755859375,77.3499984741211,77.41999816894531,12380100
2017-10-17,71.13777160644531,77.58999633789062,77.62000274658203,77.25,77.47000122070312,16824000
2017-10-18,71.15608215332031,77.61000061035156,77.8499984741211,77.37000274658203,77.66999816894531,13300700
2017-10-19,71.43115234375,77.91000366210938,77.93000030517578,77.3499984741211,77.56999969482422,15092800
2017-10-20,72.25634002685547,78.80999755859375,78.97000122070312,78.22000122070312,78.31999969482422,22866400
2017-10-23,72.274658203125,78.83000183105469,79.33999633789062,78.76000213623047,78.98999786376953,20627200
2017-10-24,72.30216979980469,78.86000061035156,79.19999694824219,78.45999908447266,78.9000015258789,17517200
2017-10-25,72.09130096435547,78.62999725341797,79.0999984741211,78.01000213623047,78.58000183105469,20410800
2017-10-26,72.2104721069336,78.76000213623047,79.41999816894531,78.75,79.19999694824219,32120700
2017-10-27,76.84053802490234,83.80999755859375,86.19999694824219,83.61000061035156,84.37000274658203,71066700
2017-10-30,76.91389465332031,83.88999938964844,84.33000183105469,83.11000061035156,83.69999694824219,31756700
2017-10-31,76.26293182373047,83.18000030517578,84.36000061035156,83.11000061035156,84.36000061035156,27086600
2017-11-01,76.26293182373047,83.18000030517578,83.76000213623047,82.87999725341797,83.68000030517578,22307400
2017-11-02,77.06058502197266,84.05000305175781,84.45999908447266,83.12000274658203,83.3499984741211,23992900
2017-11-03,77.14310455322266,84.13999938964844,84.54000091552734,83.4000015258789,84.08000183105469,17633500
2017-11-06,77.44564819335938,84.47000122070312,84.69999694824219,84.08000183105469,84.19999694824219,19860900
2017-11-07,77.26226043701172,84.2699966430664,84.9000015258789,83.93000030517578,84.7699966430664,17939700
2017-11-08,77.5281753540039,84.55999755859375,84.61000061035156,83.83000183105469,84.13999938964844,18034200
2017-11-09,77.09725952148438,84.08999633789062,84.2699966430664,82.9000015258789,84.11000061035156,21178400
2017-11-10,76.89557647705078,83.87000274658203,84.0999984741211,83.2300033569336,83.79000091552734,19397800
2017-11-13,76.95054626464844,83.93000030517578,83.94000244140625,83.45999908447266,83.66000366210938,14196900
2017-11-14,77.06058502197266,84.05000305175781,84.0999984741211,82.9800033569336,83.5,18801300
2017-11-15,76.46163177490234,82.9800033569336,83.69000244140625,82.69000244140625,83.47000122070312,19383100
2017-11-16,76.66434478759766,83.19999694824219,83.41999816894531,82.94000244140625,83.0999984741211,20962800
2017-11-17,75.92718505859375,82.4000015258789,83.12000274658203,82.23999786376953,83.12000274658203,22079000
2017-11-20,76.04698181152344,82.52999877929688,82.58999633789062,82.25,82.4000015258789,16315000
2017-11-21,77.14349365234375,83.72000122070312,83.83999633789062,82.73999786376953,82.73999786376953,21237500
2017-11-22,76.58141326904297,83.11000061035156,83.9000015258789,83.04000091552734,83.83000183105469,20553100
2017-11-24,76.71963500976562,83.26000213623047,83.43000030517578,82.77999877929688,83.01000213623047,7425600
2017-11-27,77.28175354003906,83.87000274658203,83.9800033569336,83.30000305175781,83.30999755859375,18265200
2017-11-28,78.21239471435547,84.87999725341797,85.05999755859375,84.0199966430664,84.06999969482422,21926000
2017-11-29,76.79335021972656,83.33999633789062,84.91999816894531,83.18000030517578,84.70999908447266,27381100
2017-11-30,77.55815124511719,84.16999816894531,84.5199966430664,83.33999633789062,83.51000213623047,33054600
2017-12-01,77.64108276367188,84.26000213623047,84.80999755859375,83.22000122070312,83.5999984741211,29532100
2017-12-04,74.71089172363281,81.08000183105469,84.43000030517578,80.69999694824219,84.41999816894531,39094900
2017-12-05,75.18083953857422,81.58999633789062,82.68000030517578,80.9800033569336,81.33999633789062,26152300
2017-12-06,76.27733612060547,82.77999877929688,83.13999938964844,81.43000030517578,81.55000305175781,26162100
2017-12-07,76.01012420654297,82.48999786376953,82.80000305175781,82.0,82.54000091552734,23184500
2017-12-08,77.54893493652344,84.16000366210938,84.58000183105469,83.33000183105469,83.62999725341797,24489100
2017-12-11,78.53490447998047,85.2300033569336,85.37000274658203,84.12000274658203,84.29000091552734,22857900
2017-12-12,78.8573989868164,85.58000183105469,86.05000305175781,85.08000183105469,85.30999755859375,23924100
2017-12-13,78.64547729492188,85.3499984741211,86.0,85.16999816894531,85.73999786376953,22062700
2017-12-14,78.03730010986328,84.69000244140625,85.87000274658203,84.52999877929688,85.43000030517578,19306000
2017-12-15,80.02764892578125,86.8499984741211,87.08999633789062,84.87999725341797,85.26000213623047,53936700
2017-12-18,79.59455871582031,86.37999725341797,87.5,86.2300033569336,87.12000274658203,22283800
2017-12-19,79.0877456665039,85.83000183105469,86.3499984741211,85.2699966430664,86.3499984741211,23524800
2017-12-20,78.80209350585938,85.5199966430664,86.30000305175781,84.70999908447266,86.19999694824219,23674900
2017-12-21,78.78367614746094,85.5,86.0999984741211,85.4000015258789,86.05000305175781,17990700
2017-12-22,78.79290008544922,85.51000213623047,85.62999725341797,84.91999816894531,85.4000015258789,14145800
2017-12-26,78.69153594970703,85.4000015258789,85.52999877929688,85.02999877929688,85.30999755859375,9891200
2017-12-27,78.9771957397461,85.70999908447266,85.9800033569336,85.22000122070312,85.6500015258789,14678000
2017-12-28,78.98641204833984,85.72000122070312,85.93000030517578,85.55000305175781,85.9000015258789,10594300
2017-12-29,78.8205337524414,85.54000091552734,86.05000305175781,85.5,85.62999725341797,18717400
2018-01-02,79.19831085205078,85.94999694824219,86.30999755859375,85.5,86.12999725341797,22483800
2018-01-03,79.56689453125,86.3499984741211,86.51000213623047,85.97000122070312,86.05999755859375,26061400
2018-01-04,80.26722717285156,87.11000061035156,87.66000366210938,86.56999969482422,86.58999633789062,21912000
2018-01-05,81.26237487792969,88.19000244140625,88.41000366210938,87.43000030517578,87.66000366210938,23407100
2018-01-08,81.34528350830078,88.27999877929688,88.58000183105469,87.5999984741211,88.19999694824219,22113000
2018-01-09,81.2900161743164,88.22000122070312,88.7300033569336,87.86000061035156,88.6500015258789,19484300
2018-01-10,80.92143249511719,87.81999969482422,88.19000244140625,87.41000366210938,87.86000061035156,18652200
2018-01-11,81.1610107421875,88.08000183105469,88.12999725341797,87.23999786376953,88.12999725341797,17808900
2018-01-12,82.5616455078125,89.5999984741211,89.77999877929688,88.44999694824219,88.66999816894531,24271500
2018-01-16,81.40979766845703,88.3499984741211,90.79000091552734,88.01000213623047,90.0999984741211,36599700
2018-01-17,83.05918884277344,90.13999938964844,90.27999877929688,88.75,89.08000183105469,25621200
2018-01-18,83.02232360839844,90.0999984741211,90.66999816894531,89.66000366210938,89.80000305175781,24159700
2018-01-19,82.93020629882812,90.0,90.61000061035156,89.66000366210938,90.13999938964844,36875000
2018-01-22,84.4137191772461,91.61000061035156,91.62000274658203,89.73999786376953,90.0,23601600
2018-01-23,84.68092346191406,91.9000015258789,92.30000305175781,91.54000091552734,91.9000015258789,23412800
2018-01-24,84.60721588134766,91.81999969482422,93.43000030517578,91.58000183105469,92.55000305175781,33277500
2018-01-25,85.07717895507812,92.33000183105469,93.23999786376953,91.93000030517578,92.47000122070312,26383200
2018-01-26,86.6712646484375,94.05999755859375,94.05999755859375,92.58000183105469,93.12000274658203,29172200
2018-01-29,86.54224395751953,93.91999816894531,95.44999694824219,93.72000122070312,95.13999938964844,31569900
2018-01-30,85.45497131347656,92.73999786376953,93.66000366210938,92.0999984741211,93.30000305175781,38635100
2018-01-31,87.54663848876953,95.01000213623047,95.4000015258789,93.51000213623047,93.75,48756300
2018-02-01,86.85556030273438,94.26000213623047,96.06999969482422,93.58000183105469,94.79000091552734,47227900
2018-02-02,84.57036590576172,91.77999877929688,93.97000122070312,91.5,93.63999938964844,47867800
2018-02-05,81.0873031616211,88.0,93.23999786376953,88.0,90.55999755859375,51031500
2018-02-06,84.15569305419922,91.33000183105469,91.4800033569336,85.25,86.88999938964844,67998600
2018-02-07,82.5708236694336,89.61000061035156,91.7699966430664,89.19999694824219,90.48999786376953,41107600
2018-02-08,78.33219909667969,85.01000213623047,89.87999725341797,84.76000213623047,89.70999908447266,55628700
2018-02-09,81.25315856933594,88.18000030517578,88.93000030517578,83.83000183105469,86.30000305175781,63499100
2018-02-12,82.1285171508789,89.12999725341797,89.77999877929688,87.93000030517578,88.73999786376953,35720300
2018-02-13,82.7735366821289,89.83000183105469,90.0,87.80000305175781,88.93000030517578,26407700
2018-02-14,84.06962585449219,90.80999755859375,90.98999786376953,88.41000366210938,88.51000213623047,34960900
2018-02-15,85.78233337402344,92.66000366210938,92.72000122070312,90.62000274658203,91.20999908447266,27823900
2018-02-16,85.17129516601562,92.0,93.5,91.80000305175781,92.44999694824219,30596900
2018-02-20,85.83785247802734,92.72000122070312,93.05999755859375,91.01000213623047,91.4800033569336,30911700
2018-02-21,84.69915771484375,91.48999786376953,93.36000061035156,91.48999786376953,92.9800033569336,26922500
2018-02-22,84.92132568359375,91.7300033569336,92.7300033569336,91.36000061035156,92.05000305175781,24392800
2018-02-23,87.0783920288086,94.05999755859375,94.06999969482422,92.36000061035156,93.5999984741211,26329200
2018-02-26,88.33746337890625,95.41999816894531,95.44999694824219,94.25,94.4000015258789,30199800
2018-02-27,87.2080078125,94.19999694824219,95.83999633789062,94.19999694824219,95.73999786376953,25869100
2018-02-28,86.80992126464844,93.7699966430664,95.70999908447266,93.62999725341797,94.83999633789062,31167300
2018-03-01,85.95819854736328,92.8499984741211,94.56999969482422,91.83999633789062,93.98999786376953,37135600
2018-03-02,86.14337158203125,93.05000305175781,93.1500015258789,90.86000061035156,91.58000183105469,32830400
2018-03-05,86.68958282470703,93.63999938964844,94.2699966430664,92.26000213623047,92.33999633789062,23901600
2018-03-06,86.39331817626953,93.31999969482422,94.48999786376953,92.94000244140625,94.33999633789062,22175800
2018-03-07,86.89324951171875,93.86000061035156,93.94000244140625,92.43000030517578,93.16000366210938,26716100
2018-03-08,87.42093658447266,94.43000030517578,95.0999984741211,93.7699966430664,94.2699966430664,25887800
2018-03-09,89.37432098388672,96.54000091552734,96.54000091552734,95.0,95.29000091552734,36937300
2018-03-12,89.58724212646484,96.7699966430664,97.20999908447266,96.04000091552734,96.5,26073700
2018-03-13,87.40239715576172,94.41000366210938,97.23999786376953,93.97000122070312,97.0,35387800
2018-03-14,86.88399505615234,93.8499984741211,95.41000366210938,93.5,95.12000274658203,32132000
2018-03-15,87.18949890136719,94.18000030517578,94.58000183105469,92.83000183105469,93.52999877929688,27611000
2018-03-16,87.57831573486328,94.5999984741211,95.37999725341797,93.91999816894531,94.68000030517578,49081300
2018-03-19,85.9952392578125,92.88999938964844,93.9000015258789,92.11000061035156,93.73999786376953,33344100
2018-03-20,86.2174072265625,93.12999725341797,93.7699966430664,93.0,93.05000305175781,23075200
2018-03-21,85.61569213867188,92.4800033569336,94.05000305175781,92.20999908447266,92.93000030517578,24457100
2018-03-22,83.12535095214844,89.79000091552734,91.75,89.66000366210938,91.2699966430664,38604700
2018-03-23,80.70907592773438,87.18000030517578,90.45999908447266,87.08000183105469,89.5,44068900
2018-03-26,86.81916809082031,93.77999877929688,94.0,90.4000015258789,90.61000061035156,56396800
2018-03-27,82.82909393310547,89.47000122070312,95.13999938964844,88.51000213623047,94.94000244140625,56569000
2018-03-28,82.75501251220703,89.38999938964844,91.2300033569336,88.87000274658203,89.81999969482422,52501100
2018-03-29,84.49549102783203,91.2699966430664,92.29000091552734,88.4000015258789,90.18000030517578,45867500
2018-04-02,81.94961547851562,88.5199966430664,90.87999725341797,87.51000213623047,90.47000122070312,48515400
2018-04-03,83.05126953125,89.70999908447266,90.05000305175781,87.88999938964844,89.58000183105469,37213800
2018-04-04,85.476806640625,92.33000183105469,92.76000213623047,87.7300033569336,87.8499984741211,35560000
2018-04-05,85.52308654785156,92.37999725341797,93.06999969482422,91.4000015258789,92.44000244140625,29771900
2018-04-06,83.53266906738281,90.2300033569336,92.45999908447266,89.4800033569336,91.48999786376953,38026000
2018-04-09,84.03260803222656,90.7699966430664,93.16999816894531,90.62000274658203,91.04000091552734,31533900
2018-04-10,85.98600006103516,92.87999725341797,93.27999877929688,91.63999938964844,92.38999938964844,26812000
2018-04-11,85.04169464111328,91.86000061035156,93.29000091552734,91.4800033569336,92.01000213623047,24872100
2018-04-12,86.63402557373047,93.58000183105469,94.16000366210938,92.43000030517578,92.43000030517578,26758900
2018-04-13,86.17113494873047,93.08000183105469,94.18000030517578,92.44000244140625,94.05000305175781,23346100
2018-04-16,87.18024444580078,94.16999816894531,94.66000366210938,93.41999816894531,94.06999969482422,20288100
2018-04-17,88.939208984375,96.06999969482422,96.54000091552734,94.87999725341797,95.0,26771000
2018-04-18,89.28174591064453,96.44000244140625,96.72000122070312,95.5199966430664,96.22000122070312,21043300
2018-04-19,88.97625732421875,96.11000061035156,97.06999969482422,95.33999633789062,96.44000244140625,23552500
2018-04-20,87.94863891601562,95.0,96.11000061035156,94.05000305175781,95.91000366210938,31154400
2018-04-23,88.27265930175781,95.3499984741211,96.29000091552734,94.62999725341797,95.73999786376953,22331800
2018-04-24,86.20816040039062,93.12000274658203,96.47000122070312,92.41000366210938,96.23999786376953,34524800
2018-04-25,85.45830535888672,92.30999755859375,93.30000305175781,90.27999877929688,93.30000305175781,33729300
2018-04-26,87.2635498046875,94.26000213623047,95.1500015258789,93.0999984741211,93.55000305175781,42529000
2018-04-27,88.707763671875,95.81999969482422,97.9000015258789,93.91000366210938,97.5999984741211,48272800
2018-04-30,86.57847595214844,93.5199966430664,96.4000015258789,93.1500015258789,96.33000183105469,41523600
2018-05-01,87.94863891601562,95.0,95.29000091552734,92.79000091552734,93.20999908447266,31408900
2018-05-02,86.56922149658203,93.51000213623047,95.16999816894531,93.19000244140625,94.98999786376953,27471000
2018-05-03,87.087646484375,94.06999969482422,94.93000030517578,92.44999694824219,92.95999908447266,31142500
2018-05-04,88.09676361083984,95.16000366210938,95.37000274658203,92.91999816894531,93.31999969482422,22531300
2018-05-07,89.07807159423828,96.22000122070312,96.70999908447266,95.0999984741211,95.16999816894531,24242000
2018-05-08,88.69851684570312,95.80999755859375,96.16000366210938,95.05999755859375,95.8499984741211,23484600
2018-05-09,89.74467468261719,96.94000244140625,96.97000122070312,95.05000305175781,96.01000213623047,27327400
2018-05-10,90.64264678955078,97.91000366210938,97.94999694824219,97.05000305175781,97.45999908447266,22388100
2018-05-11,90.44820404052734,97.69999694824219,97.87000274658203,97.04000091552734,97.80000305175781,16778300
2018-05-14,90.75372314453125,98.02999877929688,98.69000244140625,97.30999755859375,97.91999816894531,19454100
2018-05-15,90.0964126586914,97.31999969482422,97.8499984741211,96.33999633789062,97.23999786376953,24594000
2018-05-16,90.3288803100586,97.1500015258789,97.4000015258789,96.62000274658203,97.36000061035156,17384700
2018-05-17,89.42697143554688,96.18000030517578,97.54000091552734,95.83000183105469,96.76000213623047,17246700
2018-05-18,89.59434509277344,96.36000061035156,96.93000030517578,96.01000213623047,96.01000213623047,17865800
2018-05-21,90.74726867675781,97.5999984741211,98.01000213623047,96.80000305175781,97.0,19422500
2018-05-22,90.65430450439453,97.5,98.16999816894531,97.19999694824219,97.68000030517578,15441200
2018-05-23,91.73287200927734,98.66000366210938,98.7300033569336,96.31999969482422,96.70999908447266,21251200
2018-05-24,91.40744018554688,98.30999755859375,98.94000244140625,96.80999755859375,98.7300033569336,26649300
2018-05-25,91.45391082763672,98.36000061035156,98.9800033569336,97.86000061035156,98.30000305175781,18363900
2018-05-29,91.12850189208984,98.01000213623047,98.87999725341797,97.2300033569336,97.83999633789062,28671000
2018-05-30,92.00247192382812,98.94999694824219,99.25,97.91000366210938,98.30999755859375,22158500
2018-05-31,91.90019989013672,98.83999633789062,99.98999786376953,98.61000061035156,99.29000091552734,34140900
2018-06-01,93.71331024169922,100.79000091552734,100.86000061035156,99.16999816894531,99.27999877929688,28655600
2018-06-04,94.5315170288086,101.66999816894531,101.86000061035156,100.8499984741211,101.26000213623047,27281600
2018-06-05,95.0150146484375,102.19000244140625,102.33000183105469,101.52999877929688,102.0,23514400
2018-06-06,95.29391479492188,102.48999786376953,102.5999984741211,101.9000015258789,102.4800033569336,21122900
2018-06-07,93.79698944091797,100.87999725341797,102.69000244140625,100.37999725341797,102.6500015258789,28232200
2018-06-08,94.49431610107422,101.62999725341797,101.94999694824219,100.54000091552734,101.08999633789062,22165100
2018-06-11,93.95503234863281,101.05000305175781,101.58999633789062,100.66999816894531,101.01000213623047,23490900
2018-06-12,94.19679260253906,101.30999755859375,101.44999694824219,100.75,101.0999984741211,18325200
2018-06-13,93.76908874511719,100.8499984741211,102.01000213623047,100.55999755859375,101.72000122070312,29492900
2018-06-14,94.29906463623047,101.41999816894531,102.02999877929688,101.0,101.6500015258789,25691800
2018-06-15,93.09963989257812,100.12999725341797,101.52999877929688,100.06999969482422,101.51000213623047,65738600
2018-06-18,93.77838134765625,100.86000061035156,101.11000061035156,99.41999816894531,100.01000213623047,23586000
2018-06-19,93.77838134765625,100.86000061035156,101.0,99.5,99.6500015258789,28653100
2018-06-20,94.71746063232422,101.87000274658203,102.5199966430664,101.12000274658203,101.37000274658203,26180800
2018-06-21,94.0387191772461,101.13999938964844,102.45999908447266,100.87999725341797,102.08000183105469,23198200
2018-06-22,93.35999298095703,100.41000366210938,100.7699966430664,99.62999725341797,100.41000366210938,38923100
2018-06-25,91.48179626464844,98.38999938964844,100.11000061035156,97.30000305175781,100.0,35433300
2018-06-26,92.12336730957031,99.08000183105469,100.08000183105469,98.75,98.81999969482422,26897200
2018-06-27,90.69148254394531,97.54000091552734,100.0199966430664,97.4000015258789,99.58000183105469,31298400
2018-06-28,91.70494079589844,98.62999725341797,99.11000061035156,97.26000213623047,97.37999725341797,26650700
2018-06-29,91.68634796142578,98.61000061035156,99.91000366210938,98.33000183105469,98.93000030517578,28053200
2018-07-02,92.98807525634766,100.01000213623047,100.05999755859375,98.0,98.0999984741211,19564500
2018-07-03,92.09547424316406,99.05000305175781,100.62999725341797,98.94000244140625,100.4800033569336,14670300
2018-07-05,92.75563049316406,99.76000213623047,99.91999816894531,99.02999877929688,99.5,18977400
2018-07-06,94.05733489990234,101.16000366210938,101.43000030517578,99.66999816894531,99.88999938964844,19234600
2018-07-09,94.69884490966797,101.8499984741211,102.25,101.25,101.6500015258789,18212000
2018-07-10,94.94989776611328,102.12000274658203,102.51000213623047,101.86000061035156,102.0,19293100
2018-07-11,94.81974029541016,101.9800033569336,102.33999633789062,101.0999984741211,101.1500015258789,19644600
2018-07-12,96.87460327148438,104.19000244140625,104.41000366210938,102.7300033569336,102.7699966430664,24335900
2018-07-13,98.02751922607422,105.43000030517578,105.5999984741211,104.08999633789062,104.37000274658203,24635200
2018-07-16,97.54402923583984,104.91000366210938,105.81999969482422,104.5199966430664,105.4000015258789,21786900
2018-07-17,98.51099395751953,105.94999694824219,106.5,104.31999969482422,104.61000061035156,25901700
2018-07-18,97.7392807006836,105.12000274658203,106.05000305175781,104.72000122070312,105.94000244140625,29493900
2018-07-19,97.06985473632812,104.4000015258789,105.30999755859375,103.88999938964844,104.93000030517578,40171600
2018-07-20,98.80853271484375,106.2699966430664,108.19999694824219,106.08000183105469,108.08000183105469,56004000
2018-07-23,100.38917541503906,107.97000122070312,108.13999938964844,106.12999725341797,106.30000305175781,29707000
2018-07-24,100.1009521484375,107.66000366210938,108.81999969482422,107.26000213623047,108.56999969482422,26316600
2018-07-25,103.04837036132812,110.83000183105469,111.1500015258789,107.5999984741211,107.95999908447266,30702100
2018-07-26,101.9233169555664,109.62000274658203,111.0,109.5,110.73999786376953,31372100
2018-07-27,100.1195297241211,107.68000030517578,110.18000030517578,106.13999938964844,110.18000030517578,37005300
2018-07-30,97.97174072265625,105.37000274658203,107.52999877929688,104.76000213623047,107.19000244140625,34668300
2018-07-31,98.63186645507812,106.08000183105469,106.72000122070312,105.37999725341797,106.48999786376953,27655200
2018-08-01,98.81782531738281,106.27999877929688,106.44999694824219,105.41999816894531,106.02999877929688,23628700
2018-08-02,100.01727294921875,107.56999969482422,108.08999633789062,104.83999633789062,105.4000015258789,26104300
2018-08-03,100.45426177978516,108.04000091552734,108.05000305175781,106.81999969482422,107.80000305175781,18659600
2018-08-06,100.53792572021484,108.12999725341797,108.41999816894531,107.55999755859375,108.12000274658203,20265900
2018-08-07,101.23529815673828,108.87999725341797,109.0999984741211,108.16999816894531,108.55999755859375,16080200
2018-08-08,101.80245971679688,109.48999786376953,109.75,108.76000213623047,109.33000183105469,15487500
2018-08-09,101.96980285644531,109.66999816894531,110.16000366210938,109.5999984741211,109.70999908447266,13677200
2018-08-10,101.34686279296875,109.0,109.69000244140625,108.37999725341797,109.41999816894531,18183700
2018-08-13,100.6123275756836,108.20999908447266,109.58000183105469,108.0999984741211,109.23999786376953,18472500
2018-08-14,101.8675308227539,109.55999755859375,109.75,108.04000091552734,108.55999755859375,16788300
2018-08-15,100.48616790771484,107.66000366210938,108.98999786376953,106.81999969482422,108.48999786376953,29982800
2018-08-16,100.46749114990234,107.63999938964844,108.86000061035156,107.30000305175781,108.30000305175781,21384300
2018-08-17,100.41148376464844,107.58000183105469,107.9000015258789,106.69000244140625,107.36000061035156,18061500
2018-08-20,99.7488021850586,106.87000274658203,107.9000015258789,106.4800033569336,107.51000213623047,17914200
2018-08-21,98.9181137084961,105.9800033569336,107.3499984741211,105.8499984741211,106.91999816894531,22881900
2018-08-22,99.9261245727539,107.05999755859375,107.33999633789062,105.77999877929688,105.8499984741211,18000600
2018-08-23,100.392822265625,107.55999755859375,108.18000030517578,106.87000274658203,107.1500015258789,18167700
2018-08-24,101.17684173583984,108.4000015258789,108.55999755859375,107.55999755859375,107.66999816894531,17234000
2018-08-27,102.2968978881836,109.5999984741211,109.63999938964844,108.51000213623047,109.2699966430664,19662300
2018-08-28,102.91291046142578,110.26000213623047,110.5,109.79000091552734,109.94000244140625,19151500
2018-08-29,104.5556411743164,112.0199966430664,112.02999877929688,110.2699966430664,110.44999694824219,20818000
2018-08-30,104.49028778076172,111.94999694824219,112.61000061035156,111.44000244140625,111.66999816894531,22798700
2018-08-31,104.84496307373047,112.33000183105469,112.77999877929688,111.5199966430664,111.69000244140625,23222700
2018-09-04,104.26628875732422,111.70999908447266,111.95999908447266,110.22000122070312,110.8499984741211,22634600
2018-09-05,101.26084899902344,108.48999786376953,111.41999816894531,108.0999984741211,111.01000213623047,32872400
2018-09-06,101.49419403076172,108.73999786376953,108.98999786376953,107.51000213623047,108.25,23477600
2018-09-07,100.9995346069336,108.20999908447266,108.72000122070312,107.2300033569336,108.2300033569336,22498600
2018-09-10,102.09154510498047,109.37999725341797,109.63999938964844,108.36000061035156,108.83999633789062,20727900
2018-09-11,103.82762145996094,111.23999786376953,111.58999633789062,108.88999938964844,108.9000015258789,24301800
2018-09-12,104.26628875732422,111.70999908447266,111.8499984741211,110.51000213623047,111.43000030517578,18891100
2018-09-13,105.3863296508789,112.91000366210938,113.7300033569336,112.12000274658203,112.12000274658203,26055600
2018-09-14,105.81568145751953,113.37000274658203,113.7300033569336,112.44000244140625,113.36000061035156,19122300
2018-09-17,104.66765594482422,112.13999938964844,113.69999694824219,111.86000061035156,113.69000244140625,20736500
2018-09-18,105.66635131835938,113.20999908447266,113.69999694824219,111.72000122070312,112.19000244140625,22170900
2018-09-19,104.25695037841797,111.69999694824219,113.31999969482422,111.04000091552734,113.05000305175781,21728400
2018-09-20,106.00236511230469,113.56999969482422,113.80000305175781,111.93000030517578,112.27999877929688,23714500
2018-09-21,106.64636993408203,114.26000213623047,115.29000091552734,113.51000213623047,114.0,71229700
2018-09-24,107.029052734375,114.66999816894531,114.9000015258789,112.22000122070312,113.02999877929688,27334500
2018-09-25,106.82373046875,114.44999694824219,115.0999984741211,113.75,114.80000305175781,22668000
2018-09-26,106.38504791259766,113.9800033569336,115.05999755859375,113.73999786376953,114.47000122070312,19352000
2018-09-27,106.78639221191406,114.41000366210938,114.91000366210938,114.19999694824219,114.77999877929688,19091300
2018-09-28,106.74906158447266,114.37000274658203,114.56999969482422,113.68000030517578,114.19000244140625,21647800
2018-10-01,107.90641784667969,115.61000061035156,115.68000030517578,114.7300033569336,114.75,18883100
2018-10-02,107.47708892822266,115.1500015258789,115.83999633789062,114.44000244140625,115.30000305175781,20787200
2018-10-03,107.4957504272461,115.16999816894531,116.18000030517578,114.93000030517578,115.41999816894531,16648000
2018-10-04,105.27433013916016,112.79000091552734,114.76000213623047,111.62999725341797,114.61000061035156,34821700
2018-10-05,104.65830993652344,112.12999725341797,113.16999816894531,110.63999938964844,112.62999725341797,29068900
2018-10-08,103.46358489990234,110.8499984741211,112.02999877929688,109.33999633789062,111.66000366210938,29640600
2018-10-09,104.7796401977539,112.26000213623047,113.08000183105469,110.80000305175781,111.13999938964844,26198600
2018-10-10,99.08610534667969,106.16000366210938,111.5,105.79000091552734,111.23999786376953,61376300
2018-10-11,98.8527603149414,105.91000366210938,108.93000030517578,104.19999694824219,105.3499984741211,63904300
2018-10-12,102.26888275146484,109.56999969482422,111.23999786376953,107.12000274658203,109.01000213623047,47742100
2018-10-15,100.43012237548828,107.5999984741211,109.4800033569336,106.94999694824219,108.91000366210938,32068100
2018-10-16,103.60360717773438,111.0,111.41000366210938,108.94999694824219,109.54000091552734,31610200
2018-10-17,103.33293151855469,110.70999908447266,111.80999755859375,109.55000305175781,111.68000030517578,26548200
2018-10-18,101.27019500732422,108.5,110.52999877929688,107.83000183105469,110.0999984741211,32506200
2018-10-19,101.41952514648438,108.66000366210938,110.86000061035156,108.20999908447266,108.93000030517578,32785500
2018-10-22,102.32486724853516,109.62999725341797,110.54000091552734,108.23999786376953,109.31999969482422,26545600
2018-10-23,100.89683532714844,108.0999984741211,108.97000122070312,105.11000061035156,107.7699966430664,43770400
2018-10-24,95.50199127197266,102.31999969482422,108.48999786376953,101.58999633789062,108.41000366210938,63897800
2018-10-25,101.08349609375,108.30000305175781,109.2699966430664,106.1500015258789,106.55000305175781,61646800
2018-10-26,99.83280181884766,106.95999908447266,108.75,104.76000213623047,105.69000244140625,55523100
2018-10-29,96.93003845214844,103.8499984741211,108.69999694824219,101.62999725341797,108.11000061035156,55162000
2018-10-30,96.81803131103516,103.7300033569336,104.37999725341797,100.11000061035156,103.66000366210938,65350900
2018-10-31,99.69278717041016,106.80999755859375,108.13999938964844,105.38999938964844,105.44000244140625,51062400
2018-11-01,98.86209869384766,105.91999816894531,107.31999969482422,105.52999877929688,107.05000305175781,33384200
2018-11-02,99.08610534667969,106.16000366210938,107.31999969482422,104.9800033569336,106.4800033569336,37680200
2018-11-05,100.3461685180664,107.51000213623047,107.73999786376953,105.9000015258789,106.37000274658203,27922100
2018-11-06,100.54216003417969,107.72000122070312,108.83999633789062,106.27999877929688,107.37999725341797,24340200
2018-11-07,104.49962615966797,111.95999908447266,112.23999786376953,109.4000015258789,109.44000244140625,37901700
2018-11-08,104.30361938476562,111.75,112.20999908447266,110.91000366210938,111.80000305175781,25644100
2018-11-09,102.26888275146484,109.56999969482422,111.44999694824219,108.76000213623047,110.8499984741211,32039200
2018-11-12,99.7488021850586,106.87000274658203,109.95999908447266,106.0999984741211,109.41999816894531,33621800
2018-11-13,99.81414794921875,106.94000244140625,108.73999786376953,106.63999938964844,107.55000305175781,35374600
2018-11-14,98.39867401123047,104.97000122070312,108.26000213623047,104.47000122070312,108.0999984741211,39495100
2018-11-15,100.56407165527344,107.27999877929688,107.80000305175781,103.91000366210938,104.98999786376953,38505200
2018-11-16,101.51083374023438,108.29000091552734,108.87999725341797,106.80000305175781,107.08000183105469,33502100
2018-11-19,98.07059478759766,104.62000274658203,108.55999755859375,103.55000305175781,108.2699966430664,44773900
2018-11-20,95.34273529052734,101.70999908447266,102.97000122070312,99.3499984741211,101.80000305175781,64052500
2018-11-21,96.65511322021484,103.11000061035156,104.43000030517578,102.23999786376953,103.5999984741211,28130600
2018-11-23,96.61758422851562,103.06999969482422,103.80999755859375,102.0,102.16999816894531,13823100
2018-11-26,99.80476379394531,106.47000122070312,106.62999725341797,104.58000183105469,104.79000091552734,32336200
2018-11-27,100.43283081054688,107.13999938964844,107.33000183105469,105.36000061035156,106.2699966430664,29124500
2018-11-28,104.1636734008789,111.12000274658203,111.33000183105469,107.86000061035156,107.88999938964844,46788500
2018-11-29,103.29187774658203,110.19000244140625,111.12000274658203,109.02999877929688,110.33000183105469,28123200
2018-11-30,103.94806671142578,110.88999938964844,110.97000122070312,109.36000061035156,110.69999694824219,33665600
2018-12-03,105.07293701171875,112.08999633789062,113.41999816894531,110.7300033569336,113.0,34732800
2018-12-04,101.7264175415039,108.5199966430664,112.63999938964844,108.20999908447266,111.94000244140625,45197000
2018-12-06,102.35449981689453,109.19000244140625,109.23999786376953,105.0,105.81999969482422,49107400
2018-12-07,98.25807189941406,104.81999969482422,109.44999694824219,104.30000305175781,108.37999725341797,45044900
2018-12-10,100.85465240478516,107.58999633789062,107.9800033569336,103.88999938964844,104.80000305175781,40801500
2018-12-11,101.79203796386719,108.58999633789062,110.94999694824219,107.44000244140625,109.80000305175781,42381900
2018-12-12,102.25135803222656,109.08000183105469,111.2699966430664,109.04000091552734,110.88999938964844,36183000
2018-12-13,102.59821319580078,109.44999694824219,110.87000274658203,108.62999725341797,109.58000183105469,31333400
2018-12-14,99.3923110961914,106.02999877929688,109.26000213623047,105.5,108.25,47043100
2018-12-17,96.4488754272461,102.88999938964844,105.80000305175781,101.70999908447266,105.41000366210938,56957300
2018-12-18,97.4612808227539,103.97000122070312,104.51000213623047,102.5199966430664,103.75,49319200
2018-12-19,97.19881439208984,103.69000244140625,106.87999725341797,101.3499984741211,103.6500015258789,68198200
2018-12-20,95.15528106689453,101.51000213623047,104.30999755859375,98.77999877929688,103.05000305175781,70334200
2018-12-21,92.08061981201172,98.2300033569336,103.0,97.45999908447266,101.62999725341797,111242100
2018-12-24,88.2372817993164,94.12999725341797,97.97000122070312,93.9800033569336,97.68000030517578,43935200
2018-12-26,94.26472473144531,100.55999755859375,100.69000244140625,93.95999908447266,95.13999938964844,51634800
2018-12-27,94.84591674804688,101.18000030517578,101.19000244140625,96.4000015258789,99.30000305175781,49498500
2018-12-28,94.10537719726562,100.38999938964844,102.41000366210938,99.5199966430664,102.08999633789062,38196300
2018-12-31,95.21151733398438,101.56999969482422,102.4000015258789,100.44000244140625,101.29000091552734,33173800
2019-01-02,94.78968811035156,101.12000274658203,101.75,98.94000244140625,99.55000305175781,35329300
2019-01-03,91.30255126953125,97.4000015258789,100.19000244140625,97.19999694824219,100.0999984741211,42579100
2019-01-04,95.54898071289062,101.93000030517578,102.51000213623047,98.93000030517578,99.72000122070312,44060600
2019-01-07,95.67083740234375,102.05999755859375,103.2699966430664,100.9800033569336,101.63999938964844,35656100
2019-01-08,96.36453247070312,102.80000305175781,103.97000122070312,101.70999908447266,103.04000091552734,31514400
2019-01-09,97.74247741699219,104.2699966430664,104.87999725341797,103.23999786376953,103.86000061035156,32280800
2019-01-10,97.11443328857422,103.5999984741211,103.75,102.37999725341797,103.22000122070312,30067600
2019-01-11,96.36453247070312,102.80000305175781,103.44000244140625,101.63999938964844,103.19000244140625,28314200
2019-01-14,95.6614761352539,102.05000305175781,102.87000274658203,101.26000213623047,101.9000015258789,28437100
2019-01-15,98.43616485595703,105.01000213623047,105.05000305175781,101.87999725341797,102.51000213623047,31587600
2019-01-16,98.78300476074219,105.37999725341797,106.26000213623047,104.95999908447266,105.26000213623047,29853900
2019-01-17,99.47669982910156,106.12000274658203,106.62999725341797,104.76000213623047,105.0,28393000
2019-01-18,100.96712493896484,107.70999908447266,107.9000015258789,105.91000366210938,107.45999908447266,37427600
2019-01-22,99.06421661376953,105.68000030517578,107.0999984741211,104.86000061035156,106.75,32371300
2019-01-23,100.0297622680664,106.70999908447266,107.04000091552734,105.33999633789062,106.12000274658203,25874300
2019-01-24,99.55165100097656,106.19999694824219,107.0,105.33999633789062,106.86000061035156,23164800
2019-01-25,100.4609375,107.16999816894531,107.87999725341797,106.19999694824219,107.23999786376953,31225600
2019-01-28,98.50178527832031,105.08000183105469,106.4800033569336,104.66000366210938,106.26000213623047,29476700
2019-01-29,96.4957504272461,102.94000244140625,104.97000122070312,102.16999816894531,104.87999725341797,31490500
2019-01-30,99.72039031982422,106.37999725341797,106.37999725341797,104.33000183105469,104.62000274658203,49471900
2019-01-31,97.8924560546875,104.43000030517578,105.22000122070312,103.18000030517578,103.80000305175781,55636400
2019-02-01,96.34579467773438,102.77999877929688,104.0999984741211,102.3499984741211,103.77999877929688,35535700
2019-02-04,99.12046813964844,105.73999786376953,105.80000305175781,102.7699966430664,102.87000274658203,31315100
2019-02-05,100.50780487060547,107.22000122070312,107.2699966430664,105.95999908447266,106.05999755859375,27325400
2019-02-06,99.3923110961914,106.02999877929688,107.0,105.52999877929688,107.0,20609800
2019-02-07,98.67988586425781,105.2699966430664,105.58999633789062,104.29000091552734,105.19000244140625,29760700
2019-02-08,99.05484771728516,105.66999816894531,105.77999877929688,104.26000213623047,104.38999938964844,21461100
2019-02-11,98.66114044189453,105.25,106.58000183105469,104.97000122070312,106.19999694824219,18914100
2019-02-12,100.19847106933594,106.88999938964844,107.13999938964844,105.4800033569336,106.13999938964844,25056600
2019-02-13,100.12348175048828,106.80999755859375,107.77999877929688,106.70999908447266,107.5,18394900
2019-02-14,100.20783233642578,106.9000015258789,107.29000091552734,105.66000366210938,106.30999755859375,21784700
2019-02-15,101.4452133178711,108.22000122070312,108.30000305175781,107.36000061035156,107.91000366210938,26606900
2019-02-19,101.39834594726562,108.16999816894531,108.66000366210938,107.77999877929688,107.79000091552734,18038500
2019-02-20,100.87115478515625,107.1500015258789,107.94000244140625,106.29000091552734,107.86000061035156,21607700
2019-02-21,102.99871063232422,109.41000366210938,109.4800033569336,106.87000274658203,106.9000015258789,29063200
2019-02-22,104.46731567382812,110.97000122070312,111.19999694824219,109.81999969482422,110.05000305175781,27763200
2019-02-25,105.05096435546875,111.58999633789062,112.18000030517578,111.26000213623047,111.76000213623047,23750600
2019-02-26,105.77584838867188,112.36000061035156,113.23999786376953,111.16999816894531,111.26000213623047,21536700
2019-02-27,105.59699249267578,112.16999816894531,112.36000061035156,110.87999725341797,111.69000244140625,21487100
2019-02-28,105.46517944335938,112.02999877929688,112.87999725341797,111.7300033569336,112.04000091552734,29083900
2019-03-01,105.93589782714844,112.52999877929688,113.0199966430664,111.66999816894531,112.88999938964844,23501200
2019-03-04,105.68171691894531,112.26000213623047,113.25,110.80000305175781,113.0199966430664,26608000
2019-03-05,105.15453338623047,111.69999694824219,112.38999938964844,111.2300033569336,112.25,19538300
2019-03-06,105.20158386230469,111.75,112.66000366210938,111.43000030517578,111.87000274658203,17687000
2019-03-07,103.92131042480469,110.38999938964844,111.55000305175781,109.87000274658203,111.4000015258789,25339000
2019-03-08,104.03425598144531,110.51000213623047,110.70999908447266,108.80000305175781,109.16000366210938,22818400
2019-03-11,106.21832275390625,112.83000183105469,112.94999694824219,110.9800033569336,110.98999786376953,26491600
2019-03-12,106.96202087402344,113.62000274658203,113.98999786376953,112.6500015258789,112.81999969482422,26132700
2019-03-13,107.79044342041016,114.5,115.0,113.77999877929688,114.12999725341797,35513800
2019-03-14,107.87517547607422,114.58999633789062,115.19999694824219,114.33000183105469,114.54000091552734,30763400
2019-03-15,109.11784362792969,115.91000366210938,117.25,114.58999633789062,115.33999633789062,54681100
2019-03-18,110.68053436279297,117.56999969482422,117.61000061035156,116.05000305175781,116.16999816894531,31207600
2019-03-19,110.75586700439453,117.6500015258789,118.44000244140625,116.98999786376953,118.08999633789062,37588700
2019-03-20,110.63349914550781,117.5199966430664,118.75,116.70999908447266,117.38999938964844,28113300
2019-03-21,113.1752700805664,120.22000122070312,120.81999969482422,117.08999633789062,117.13999938964844,29854400
2019-03-22,110.19100952148438,117.05000305175781,119.58999633789062,117.04000091552734,119.5,33624500
2019-03-25,110.76528930664062,117.66000366210938,118.01000213623047,116.31999969482422,116.55999755859375,27067100
2019-03-26,111.00064086914062,117.91000366210938,118.70999908447266,116.8499984741211,118.62000274658203,26097700
2019-03-27,109.92742919921875,116.7699966430664,118.20999908447266,115.5199966430664,117.87999725341797,22733400
2019-03-28,110.07805633544922,116.93000030517578,117.58000183105469,116.12999725341797,117.44000244140625,18334800
2019-03-29,111.02886962890625,117.94000244140625,118.31999969482422,116.95999908447266,118.06999969482422,25399800
2019-04-01,112.04558563232422,119.0199966430664,119.11000061035156,118.0999984741211,118.94999694824219,22789100
2019-04-02,112.20563507080078,119.19000244140625,119.4800033569336,118.5199966430664,119.05999755859375,18142300
2019-04-03,112.9399185180664,119.97000122070312,120.43000030517578,119.1500015258789,119.86000061035156,22860700
2019-04-04,112.36566162109375,119.36000061035156,120.2300033569336,118.37999725341797,120.0999984741211,20112800
2019-04-05,112.86459350585938,119.88999938964844,120.2300033569336,119.37000274658203,119.38999938964844,15826200
2019-04-08,112.90225982666016,119.93000030517578,120.0199966430664,118.63999938964844,119.80999755859375,15116200
2019-04-09,112.29034423828125,119.27999877929688,119.54000091552734,118.58000183105469,118.62999725341797,17612000
2019-04-10,113.14702606201172,120.19000244140625,120.3499984741211,119.54000091552734,119.76000213623047,16477200
2019-04-11,113.2788314819336,120.33000183105469,120.8499984741211,119.91999816894531,120.54000091552734,14209100
2019-04-12,113.86249542236328,120.94999694824219,120.9800033569336,120.37000274658203,120.63999938964844,19745100
2019-04-15,113.95663452148438,121.05000305175781,121.58000183105469,120.56999969482422,120.94000244140625,15792600
2019-04-16,113.69305419921875,120.7699966430664,121.6500015258789,120.0999984741211,121.63999938964844,14071800
2019-04-17,114.63442993164062,121.7699966430664,121.8499984741211,120.54000091552734,121.23999786376953,19300900
2019-04-18,116.14067840576172,123.37000274658203,123.5199966430664,121.30000305175781,122.19000244140625,27991000
2019-04-22,116.5078353881836,123.76000213623047,124.0,122.56999969482422,122.62000274658203,15648700
2019-04-23,118.08937072753906,125.44000244140625,125.58000183105469,123.83000183105469,124.0999984741211,24025500
2019-04-24,117.68457794189453,125.01000213623047,125.8499984741211,124.5199966430664,125.79000091552734,31257000
2019-04-25,121.58197784423828,129.14999389648438,131.3699951171875,128.8300018310547,130.05999755859375,38033900
2019-04-26,122.27863311767578,129.88999938964844,130.52000427246094,129.02000427246094,129.6999969482422,23654900
2019-04-29,122.16565704345703,129.77000427246094,130.17999267578125,129.35000610351562,129.89999389648438,16324200
2019-04-30,122.94701385498047,130.60000610351562,130.6999969482422,129.38999938964844,129.80999755859375,24166500
2019-05-01,120.38640594482422,127.87999725341797,130.64999389648438,127.69999694824219,130.52999877929688,26821700
2019-05-02,118.81427001953125,126.20999908447266,128.0,125.5199966430664,127.9800033569336,27350200
2019-05-03,121.34663391113281,128.89999389648438,129.42999267578125,127.25,127.36000061035156,24911100
2019-05-06,120.64055633544922,128.14999389648438,128.55999755859375,126.11000061035156,126.38999938964844,24239800
2019-05-07,118.1646957397461,125.5199966430664,127.18000030517578,124.22000122070312,126.45999908447266,36017700
2019-05-08,118.15528869628906,125.51000213623047,126.37000274658203,124.75,125.44000244140625,28419000
2019-05-09,118.14585876464844,125.5,125.79000091552734,123.56999969482422,124.29000091552734,27235800
2019-05-10,119.68034362792969,127.12999725341797,127.93000030517578,123.81999969482422,124.91000366210938,30915100
2019-05-13,116.12186431884766,123.3499984741211,125.55000305175781,123.04000091552734,124.11000061035156,33944900
2019-05-14,117.4209976196289,124.7300033569336,125.87999725341797,123.69999694824219,123.87000274658203,25266300
2019-05-15,119.0745620727539,126.0199966430664,126.70999908447266,123.69999694824219,124.26000213623047,24722700
2019-05-16,121.82417297363281,128.92999267578125,129.3800048828125,126.45999908447266,126.75,30112200
2019-05-17,121.01155853271484,128.07000732421875,130.4600067138672,127.91999816894531,128.30999755859375,25770500
2019-05-20,119.2635269165039,126.22000122070312,127.58999633789062,125.76000213623047,126.5199966430664,23706900
2019-05-21,119.90605926513672,126.9000015258789,127.52999877929688,126.58000183105469,127.43000030517578,15293300
2019-05-22,120.63359069824219,127.66999816894531,128.24000549316406,126.5199966430664,126.62000274658203,15396500
2019-05-23,119.2257308959961,126.18000030517578,126.29000091552734,124.73999786376953,126.19999694824219,23603800
2019-05-24,119.28242492675781,126.23999786376953,127.41999816894531,125.97000122070312,126.91000366210938,14123400
2019-05-28,119.20686340332031,126.16000366210938,128.0,126.05000305175781,126.9800033569336,23128400
2019-05-29,118.05406951904297,124.94000244140625,125.38999938964844,124.04000091552734,125.37999725341797,22763100
2019-05-30,118.800537109375,125.7300033569336,125.76000213623047,124.77999877929688,125.26000213623047,16829600
2019-05-31,116.86351013183594,123.68000030517578,124.62000274658203,123.31999969482422,124.2300033569336,26646800
2019-06-03,113.2351303100586,119.83999633789062,124.37000274658203,119.01000213623047,123.8499984741211,37983600
2019-06-04,116.3721694946289,123.16000366210938,123.27999877929688,120.6500015258789,121.27999877929688,29382600
2019-06-05,118.89501190185547,125.83000183105469,125.87000274658203,124.20999908447266,124.94999694824219,24926100
2019-06-06,120.77535247802734,127.81999969482422,127.97000122070312,125.5999984741211,126.44000244140625,21459000
2019-06-07,124.15800476074219,131.39999389648438,132.25,128.25999450683594,129.19000244140625,33885600
2019-06-10,125.2918930053711,132.60000610351562,134.0800018310547,132.0,132.39999389648438,26477100
2019-06-11,124.81945037841797,132.10000610351562,134.24000549316406,131.27999877929688,133.8800048828125,23913700
2019-06-12,124.24305725097656,131.49000549316406,131.97000122070312,130.7100067138672,131.39999389648438,17092500
2019-06-13,125.02734375,132.32000732421875,133.0,131.55999755859375,131.97999572753906,17200800
2019-06-14,125.15018463134766,132.4499969482422,133.7899932861328,131.63999938964844,132.25999450683594,17821700
2019-06-17,125.52812194824219,132.85000610351562,133.72999572753906,132.52999877929688,132.6300048828125,14517800
2019-06-18,127.7108154296875,135.16000366210938,135.24000549316406,133.57000732421875,134.19000244140625,25934500
2019-06-19,128.21157836914062,135.69000244140625,135.92999267578125,133.80999755859375,135.0,23744400
2019-06-20,129.40213012695312,136.9499969482422,137.66000366210938,135.72000122070312,137.4499969482422,33042600
2019-06-21,129.42103576660156,136.97000122070312,137.72999572753906,136.4600067138672,136.5800018310547,36727900
2019-06-24,130.18643188476562,137.77999877929688,138.39999389648438,137.0,137.0,20628800
2019-06-25,126.07610321044922,133.42999267578125,137.58999633789062,132.72999572753906,137.25,33327400
2019-06-26,126.54859161376953,133.92999267578125,135.74000549316406,133.60000610351562,134.35000610351562,23657700
2019-06-27,126.7564926147461,134.14999389648438,134.7100067138672,133.50999450683594,134.13999938964844,16557500
2019-06-28,126.57695007324219,133.9600067138672,134.60000610351562,133.16000366210938,134.57000732421875,30043000
2019-07-01,128.2021026611328,135.67999267578125,136.6999969482422,134.97000122070312,136.6300048828125,22613500
2019-07-02,129.0525665283203,136.5800018310547,136.58999633789062,135.33999633789062,136.1199951171875,15237800
2019-07-03,129.88404846191406,137.4600067138672,137.74000549316406,136.2899932861328,136.8000030517578,13629300
2019-07-05,129.50611877441406,137.05999755859375,137.3300018310547,135.72000122070312,135.94000244140625,18141100
2019-07-08,129.4115753173828,136.9600067138672,137.10000610351562,135.3699951171875,136.39999389648438,16779700
2019-07-09,128.9391632080078,136.4600067138672,136.97000122070312,135.8000030517578,136.0,19953100
2019-07-10,130.25254821777344,137.85000610351562,138.5800018310547,137.02000427246094,137.1300048828125,24204400
2019-07-11,130.7722625732422,138.39999389648438,139.22000122070312,137.8699951171875,138.1999969482422,22327900
2019-07-12,131.24464416503906,138.89999389648438,139.1300048828125,138.00999450683594,138.85000610351562,18936800
2019-07-15,131.24464416503906,138.89999389648438,139.5399932861328,138.4600067138672,139.44000244140625,16651500
2019-07-16,129.52496337890625,137.0800018310547,139.0500030517578,136.52000427246094,138.9600067138672,22726100
2019-07-17,128.75962829589844,136.27000427246094,137.92999267578125,136.22000122070312,137.6999969482422,20211000
2019-07-18,128.9013671875,136.4199981689453,136.6199951171875,134.6699981689453,135.5500030517578,30381800
2019-07-19,129.09033203125,136.6199951171875,140.6699981689453,136.4499969482422,140.22000122070312,48992400
2019-07-22,130.80059814453125,138.42999267578125,139.19000244140625,137.3300018310547,137.41000366210938,25074900
2019-07-23,131.61314392089844,139.2899932861328,139.99000549316406,138.02999877929688,139.75999450683594,18034600
2019-07-24,132.96435546875,140.72000122070312,140.74000549316406,138.85000610351562,138.89999389648438,20738300
2019-07-25,132.4635772705078,140.19000244140625,140.61000061035156,139.32000732421875,140.42999267578125,18356900
2019-07-26,133.55020141601562,141.33999633789062,141.67999267578125,140.3000030517578,140.3699951171875,19037600
2019-07-29,133.2572479248047,141.02999877929688,141.50999450683594,139.3699951171875,141.5,16605900
2019-07-30,132.61473083496094,140.35000610351562,141.22000122070312,139.8000030517578,140.13999938964844,16846500
2019-07-31,128.75962829589844,136.27000427246094,140.49000549316406,135.0800018310547,140.3300018310547,38598800
2019-08-01,130.45098876953125,138.05999755859375,140.94000244140625,136.92999267578125,137.0,40557500
2019-08-02,129.35488891601562,136.89999389648438,138.32000732421875,135.25999450683594,138.08999633789062,30791600
2019-08-05,124.92337799072266,132.2100067138672,133.92999267578125,130.77999877929688,133.3000030517578,42749600
2019-08-06,127.26673126220703,134.69000244140625,135.67999267578125,133.2100067138672,133.8000030517578,32696700
2019-08-07,127.82421875,135.27999877929688,135.64999389648438,131.8300018310547,133.7899932861328,33414500
2019-08-08,131.2352294921875,138.88999938964844,138.99000549316406,135.92999267578125,136.60000610351562,27496500
2019-08-09,130.12026977539062,137.7100067138672,139.3800048828125,136.4600067138672,138.61000061035156,23466700
2019-08-12,128.30606079101562,135.7899932861328,137.86000061035156,135.24000549316406,137.07000732421875,20484300
2019-08-13,130.961181640625,138.60000610351562,138.8000030517578,135.0,136.0500030517578,25154600
2019-08-14,127.01740264892578,133.97999572753906,136.9199981689453,133.6699981689453,136.36000061035156,32527300
2019-08-15,126.73300170898438,133.67999267578125,134.5800018310547,132.25,134.38999938964844,28074400
2019-08-16,129.05569458007812,136.1300048828125,136.4600067138672,134.72000122070312,134.8800048828125,24449100
2019-08-19,131.2172088623047,138.41000366210938,138.5500030517578,136.88999938964844,137.85000610351562,24355700
2019-08-20,130.12696838378906,137.25999450683594,138.7100067138672,137.24000549316406,138.2100067138672,21170800
2019-08-21,131.57740783691406,138.7899932861328,139.49000549316406,138.0,138.5500030517578,14970300
2019-08-22,130.6199188232422,137.77999877929688,139.1999969482422,136.2899932861328,138.66000366210938,18697000
2019-08-23,126.45804595947266,133.38999938964844,138.35000610351562,132.8000030517578,137.19000244140625,38508600
2019-08-26,128.41104125976562,135.4499969482422,135.55999755859375,133.89999389648438,134.99000549316406,20312600
2019-08-27,128.6859130859375,135.74000549316406,136.72000122070312,134.66000366210938,136.38999938964844,23102100
2019-08-28,128.5152587890625,135.55999755859375,135.75999450683594,133.5500030517578,134.8800048828125,17393300
2019-08-29,130.9422607421875,138.1199951171875,138.44000244140625,136.91000366210938,137.25,20168700
2019-08-30,130.69573974609375,137.86000061035156,139.17999267578125,136.27000427246094,139.14999389648438,23940100
2019-09-03,128.97035217285156,136.0399932861328,137.1999969482422,135.6999969482422,136.61000061035156,18869300
2019-09-04,130.4777374267578,137.6300048828125,137.69000244140625,136.47999572753906,137.3000030517578,17995900
2019-09-05,132.77197265625,140.0500030517578,140.3800048828125,138.75999450683594,139.11000061035156,26101800
2019-09-06,131.871337890625,139.10000610351562,140.17999267578125,138.1999969482422,140.02999877929688,20824500
2019-09-09,130.37344360351562,137.52000427246094,139.75,136.4600067138672,139.58999633789062,25773900
2019-09-10,129.00827026367188,136.0800018310547,136.88999938964844,134.50999450683594,136.8000030517578,28903400
2019-09-11,129.0461883544922,136.1199951171875,136.27000427246094,135.08999633789062,135.91000366210938,24726100
2019-09-12,130.37344360351562,137.52000427246094,138.4199981689453,136.8699951171875,137.85000610351562,27010000
2019-09-13,130.183837890625,137.32000732421875,138.05999755859375,136.57000732421875,137.77999877929688,23363100
2019-09-16,129.24525451660156,136.3300018310547,136.6999969482422,135.66000366210938,135.8300018310547,16731400
2019-09-17,130.25018310546875,137.38999938964844,137.52000427246094,136.42999267578125,136.9600067138672,17814200
2019-09-18,131.3214569091797,138.52000427246094,138.6699981689453,136.52999877929688,137.36000061035156,23982100
2019-09-19,133.7389373779297,141.07000732421875,142.3699951171875,140.07000732421875,140.3000030517578,35772100
2019-09-20,132.1936798095703,139.44000244140625,141.64999389648438,138.25,141.00999450683594,39167300
2019-09-23,131.9092559814453,139.13999938964844,139.6300048828125,138.44000244140625,139.22999572753906,17139300
2019-09-24,130.2406768798828,137.3800048828125,140.69000244140625,136.8800048828125,140.36000061035156,29773200
2019-09-25,132.1177978515625,139.36000061035156,139.9600067138672,136.02999877929688,137.5,21382000
2019-09-26,132.28843688964844,139.5399932861328,140.17999267578125,138.44000244140625,139.44000244140625,17456600
2019-09-27,130.572509765625,137.72999572753906,140.36000061035156,136.64999389648438,140.14999389648438,22477700
2019-09-30,131.804931640625,139.02999877929688,139.22000122070312,137.77999877929688,138.0500030517578,17280900
2019-10-01,129.94680786132812,137.07000732421875,140.25,137.0,139.66000366210938,21466600
2019-10-02,127.6525650024414,134.64999389648438,136.3699951171875,133.5800018310547,136.25,30521700
2019-10-03,129.1978759765625,136.27999877929688,136.75,133.22000122070312,134.9499969482422,24132900
2019-10-04,130.9422607421875,138.1199951171875,138.25,136.4199981689453,136.75,22897700
2019-10-07,129.9941864013672,137.1199951171875,138.17999267578125,137.02000427246094,137.13999938964844,15303700
2019-10-08,128.6195526123047,135.6699981689453,137.75999450683594,135.6199951171875,137.0800018310547,25550500
2019-10-09,131.05601501464844,138.24000549316406,138.6999969482422,136.97000122070312,137.4600067138672,19749900
2019-10-10,131.871337890625,139.10000610351562,139.6699981689453,138.25,138.49000549316406,17654600
2019-10-11,132.421142578125,139.67999267578125,141.02999877929688,139.5,140.1199951171875,25446000
2019-10-14,132.29795837402344,139.5500030517578,140.2899932861328,139.52000427246094,139.69000244140625,13304300
2019-10-15,134.2129669189453,141.57000732421875,141.7899932861328,139.80999755859375,140.05999755859375,19695700
2019-10-16,133.11325073242188,140.41000366210938,140.99000549316406,139.52999877929688,140.7899932861328,20751600
2019-10-17,132.4306640625,139.69000244140625,141.4199981689453,139.02000427246094,140.9499969482422,21460600
2019-10-18,130.26914978027344,137.41000366210938,140.0,136.55999755859375,139.75999450683594,32273500
2019-10-21,131.2361297607422,138.42999267578125,138.5,137.00999450683594,138.4499969482422,20078200
2019-10-22,129.283203125,136.3699951171875,140.00999450683594,136.25999450683594,138.97000122070312,27431000
2019-10-23,130.1079864501953,137.24000549316406,137.4499969482422,135.61000061035156,136.8800048828125,29844600
2019-10-24,132.66770935058594,139.94000244140625,140.4199981689453,138.6699981689453,139.38999938964844,37029300
2019-10-25,133.41656494140625,140.72999572753906,141.13999938964844,139.1999969482422,139.33999633789062,25959700
2019-10-28,136.69680786132812,144.19000244140625,145.6699981689453,143.50999450683594,144.39999389648438,35280100
2019-10-29,135.40748596191406,142.8300018310547,144.5,142.64999389648438,144.0800018310547,20589500
2019-10-30,137.094970703125,144.61000061035156,145.0,142.7899932861328,143.52000427246094,18496600
2019-10-31,135.91944885253906,143.3699951171875,144.92999267578125,142.99000549316406,144.89999389648438,24605100
2019-11-01,136.2512664794922,143.72000122070312,144.4199981689453,142.97000122070312,144.25999450683594,33128400
2019-11-04,137.0380401611328,144.5500030517578,145.0,144.16000366210938,144.8300018310547,16912000
2019-11-05,136.95278930664062,144.4600067138672,145.02000427246094,143.91000366210938,144.97000122070312,18250200
2019-11-06,136.5735626220703,144.05999755859375,144.52000427246094,143.1999969482422,144.3699951171875,16575800
2019-11-07,136.76316833496094,144.25999450683594,144.8800048828125,143.77000427246094,143.83999633789062,17786700
2019-11-08,138.37484741210938,145.9600067138672,145.99000549316406,143.75999450683594,143.97999572753906,16732700
2019-11-11,138.5170440673828,146.11000061035156,146.4199981689453,144.72999572753906,145.33999633789062,14362600
2019-11-12,139.42710876464844,147.07000732421875,147.57000732421875,146.05999755859375,146.27999877929688,18641600
2019-11-13,139.65467834472656,147.30999755859375,147.4600067138672,146.27999877929688,146.74000549316406,16919200
2019-11-14,140.3656768798828,148.05999755859375,148.41000366210938,147.0,147.02000427246094,19729800
2019-11-15,142.17642211914062,149.97000122070312,149.99000549316406,148.27000427246094,148.92999267578125,23485700
2019-11-18,142.52719116210938,150.33999633789062,150.5500030517578,148.97999572753906,150.07000732421875,21534000
2019-11-19,142.5746307373047,150.38999938964844,151.3300018310547,150.1999969482422,150.8800048828125,23935700
2019-11-20,142.32728576660156,149.6199951171875,150.83999633789062,148.4600067138672,150.30999755859375,25696800
2019-11-21,142.19412231445312,149.47999572753906,149.8000030517578,148.5,149.39999389648438,18576100
2019-11-22,142.29872131347656,149.58999633789062,150.3000030517578,148.82000732421875,150.07000732421875,15901800
2019-11-25,143.8588104248047,151.22999572753906,151.35000610351562,149.9199981689453,150.0,22420900
2019-11-26,144.61981201171875,152.02999877929688,152.4199981689453,151.32000732421875,151.36000061035156,24620100
2019-11-27,144.89569091796875,152.32000732421875,152.5,151.52000427246094,152.3300018310547,15184400
2019-11-29,144.00148010253906,151.3800048828125,152.3000030517578,151.27999877929688,152.10000610351562,11977300
2019-12-02,142.26068115234375,149.5500030517578,151.8300018310547,148.32000732421875,151.80999755859375,27418400
2019-12-03,142.0324249267578,149.30999755859375,149.42999267578125,146.64999389648438,147.49000549316406,24066000
2019-12-04,142.54605102539062,149.85000610351562,150.17999267578125,149.1999969482422,150.13999938964844,17574700
2019-12-05,142.62213134765625,149.92999267578125,150.32000732421875,149.47999572753906,150.0500030517578,17869100
2019-12-06,144.3534393310547,151.75,151.8699951171875,150.27000427246094,150.99000549316406,16403500
2019-12-09,143.98248291015625,151.36000061035156,152.2100067138672,150.91000366210938,151.07000732421875,16687400
2019-12-10,143.76370239257812,151.1300048828125,151.88999938964844,150.75999450683594,151.2899932861328,16476100
2019-12-11,144.305908203125,151.6999969482422,151.8699951171875,150.3300018310547,151.5399932861328,18856600
2019-12-12,145.7708282470703,153.24000549316406,153.44000244140625,151.02000427246094,151.64999389648438,24612100
2019-12-13,146.99794006347656,154.52999877929688,154.88999938964844,152.8300018310547,153.0,23845400
2019-12-16,147.94921875,155.52999877929688,155.89999389648438,154.82000732421875,155.11000061035156,24144200
2019-12-17,147.15016174316406,154.69000244140625,155.7100067138672,154.4499969482422,155.4499969482422,25425600
2019-12-18,146.84576416015625,154.3699951171875,155.47999572753906,154.17999267578125,154.3000030517578,24129200
2019-12-19,148.1204833984375,155.7100067138672,155.77000427246094,153.75,154.0,24958900
2019-12-20,149.73757934570312,157.41000366210938,158.49000549316406,156.2899932861328,157.35000610351562,53477500
2019-12-23,149.73757934570312,157.41000366210938,158.1199951171875,157.27000427246094,158.1199951171875,17718200
2019-12-24,149.70904541015625,157.3800048828125,157.7100067138672,157.1199951171875,157.47999572753906,8989200
2019-12-26,150.93621826171875,158.6699981689453,158.72999572753906,157.39999389648438,157.55999755859375,14520600
2019-12-27,151.21206665039062,158.9600067138672,159.5500030517578,158.22000122070312,159.4499969482422,18412800
2019-12-30,149.90884399414062,157.58999633789062,159.02000427246094,156.72999572753906,158.99000549316406,16348400
2019-12-31,150.01344299316406,157.6999969482422,157.77000427246094,156.4499969482422,156.77000427246094,18369400
2020-01-02,152.79110717773438,160.6199951171875,160.72999572753906,158.3300018310547,158.77999877929688,22622100
2020-01-03,150.88858032226562,158.6199951171875,159.9499969482422,158.05999755859375,158.32000732421875,21116200
2020-01-06,151.27865600585938,159.02999877929688,159.10000610351562,156.50999450683594,157.0800018310547,20813700
2020-01-07,149.8992919921875,157.5800018310547,159.6699981689453,157.32000732421875,159.32000732421875,21634100
2020-01-08,152.2869415283203,160.08999633789062,160.8000030517578,157.9499969482422,158.92999267578125,27746500
2020-01-09,154.18946838378906,162.08999633789062,162.22000122070312,161.02999877929688,161.83999633789062,21385000
2020-01-10,153.47605895996094,161.33999633789062,163.22000122070312,161.17999267578125,162.82000732421875,20725900
2020-01-13,155.3214569091797,163.27999877929688,163.30999755859375,161.25999450683594,161.75999450683594,21626500
2020-01-14,154.22756958007812,162.1300048828125,163.60000610351562,161.72000122070312,163.38999938964844,23477400
2020-01-15,155.22634887695312,163.17999267578125,163.94000244140625,162.57000732421875,162.6199951171875,21417900
2020-01-16,158.0706024169922,166.1699981689453,166.24000549316406,164.02999877929688,164.35000610351562,23865400
2020-01-17,158.95523071289062,167.10000610351562,167.47000122070312,165.42999267578125,167.4199981689453,34371700
2020-01-21,158.38450622558594,166.5,168.19000244140625,166.42999267578125,166.67999267578125,29517200
2020-01-22,157.62351989746094,165.6999969482422,167.49000549316406,165.67999267578125,167.39999389648438,24138800
2020-01-23,158.59378051757812,166.72000122070312,166.8000030517578,165.27000427246094,166.19000244140625,19680800
2020-01-24,156.9956817626953,165.0399932861328,167.52999877929688,164.4499969482422,167.50999450683594,24918100
2020-01-27,154.37022399902344,162.27999877929688,163.3800048828125,160.1999969482422,161.14999389648438,32078100
2020-01-28,157.39520263671875,165.4600067138672,165.75999450683594,163.07000732421875,163.77999877929688,24899900
2020-01-29,159.8494873046875,168.0399932861328,168.75,165.69000244140625,167.83999633789062,34754500
2020-01-30,164.35841369628906,172.77999877929688,174.0500030517578,170.7899932861328,174.0500030517578,51597500
2020-01-31,161.9327392578125,170.22999572753906,172.39999389648438,169.5800018310547,172.2100067138672,36142700
2020-02-03,165.88040161132812,174.3800048828125,174.5,170.39999389648438,170.42999267578125,30107000
2020-02-04,171.34066772460938,180.1199951171875,180.63999938964844,176.30999755859375,177.13999938964844,36433300
2020-02-05,171.13137817382812,179.89999389648438,184.1999969482422,178.41000366210938,184.02999877929688,39186300
2020-02-06,174.6795654296875,183.6300048828125,183.82000732421875,180.05999755859375,180.97000122070312,27751400
2020-02-07,174.9269256591797,183.88999938964844,185.6300048828125,182.47999572753906,182.85000610351562,33529100
2020-02-10,179.50245666503906,188.6999969482422,188.83999633789062,183.25,183.5800018310547,35844300
2020-02-11,175.4501190185547,184.44000244140625,190.6999969482422,183.5,190.64999389648438,53159900
2020-02-12,175.7069549560547,184.7100067138672,185.85000610351562,181.85000610351562,185.5800018310547,47062900
2020-02-13,174.7556610107422,183.7100067138672,186.22999572753906,182.8699951171875,183.0800018310547,35295800
2020-02-14,176.31573486328125,185.35000610351562,185.41000366210938,182.64999389648438,183.25,23149500
2020-02-18,178.10411071777344,187.22999572753906,187.6999969482422,185.5,185.61000061035156,27792200
2020-02-19,178.63824462890625,187.27999877929688,188.17999267578125,186.47000122070312,188.05999755859375,29997500
2020-02-20,175.9102325439453,184.4199981689453,187.25,181.10000610351562,186.9499969482422,36862400
2020-02-21,170.34927368164062,178.58999633789062,183.5,177.25,183.1699981689453,48572600
2020-02-24,163.00453186035156,170.88999938964844,174.5500030517578,163.22999572753906,167.77000427246094,68311100
2020-02-25,160.314697265625,168.07000732421875,174.83999633789062,167.64999389648438,174.1999969482422,68073300
2020-02-26,162.31776428222656,170.1699981689453,173.25999450683594,168.2100067138672,169.7100067138672,56206100
2020-02-27,150.88099670410156,158.17999267578125,167.02999877929688,157.97999572753906,163.32000732421875,93174900
2020-02-28,154.53433227539062,162.00999450683594,163.7100067138672,152.0,152.41000366210938,97012700
2020-03-02,164.81689453125,172.7899932861328,172.9199981689453,162.30999755859375,165.30999755859375,71030800
2020-03-03,156.91897583007812,164.50999450683594,175.0,162.25999450683594,173.8000030517578,71677000
2020-03-04,162.68028259277344,170.5500030517578,170.6999969482422,165.6199951171875,168.49000549316406,49814400
2020-03-05,158.5977325439453,166.27000427246094,170.8699951171875,165.69000244140625,166.0500030517578,47817300
2020-03-06,154.1146240234375,161.57000732421875,163.11000061035156,156.0,162.61000061035156,72821100
2020-03-09,143.66986083984375,150.6199951171875,157.75,150.0,151.0,70419300
2020-03-10,153.49459838867188,160.9199981689453,161.02999877929688,152.5800018310547,158.16000366210938,65354400
2020-03-11,146.54100036621094,153.6300048828125,157.6999969482422,151.14999389648438,157.1300048828125,56371600
2020-03-12,132.64332580566406,139.05999755859375,153.47000122070312,138.5800018310547,145.3000030517578,93226400
2020-03-13,151.50106811523438,158.8300018310547,161.91000366210938,140.72999572753906,147.5,92727400
2020-03-16,129.1712188720703,135.4199981689453,149.35000610351562,135.0,140.0,87905900
2020-03-17,139.8067626953125,146.57000732421875,147.5,135.0,140.0,81059800
2020-03-18,133.92147827148438,140.39999389648438,146.0,135.02000427246094,138.0,81593200
2020-03-19,136.12490844726562,142.7100067138672,150.14999389648438,139.0,142.77000427246094,85922700
2020-03-20,131.01220703125,137.35000610351562,147.10000610351562,135.86000061035156,146.0,84866200
2020-03-23,129.7054443359375,135.97999572753906,140.57000732421875,132.52000427246094,137.00999450683594,78975200
2020-03-24,141.49510192871094,148.33999633789062,149.60000610351562,141.27000427246094,143.75,82516700
2020-03-25,140.14060974121094,146.9199981689453,154.3300018310547,144.44000244140625,148.91000366210938,75638200
2020-03-26,148.9065704345703,156.11000061035156,156.66000366210938,148.3699951171875,148.39999389648438,64568100
2020-03-27,142.79232788085938,149.6999969482422,154.88999938964844,149.1999969482422,151.75,57042300
2020-03-30,152.8364715576172,160.22999572753906,160.60000610351562,150.00999450683594,152.44000244140625,63420300
2020-03-31,150.43272399902344,157.7100067138672,164.77999877929688,156.55999755859375,159.39999389648438,77927200
2020-04-01,145.0911407470703,152.11000061035156,157.75,150.82000732421875,153.0,57969900
2020-04-02,148.0957489013672,155.25999450683594,155.47999572753906,150.36000061035156,151.86000061035156,49630700
2020-04-03,146.7317657470703,153.8300018310547,157.3800048828125,152.19000244140625,155.10000610351562,41243300
2020-04-06,157.64389038085938,165.27000427246094,166.5,157.5800018310547,160.32000732421875,67111700
2020-04-07,155.946044921875,163.49000549316406,170.0,163.25999450683594,169.58999633789062,62769000
2020-04-08,157.5103302001953,165.1300048828125,166.6699981689453,163.5,165.6699981689453,48318200
2020-04-09,157.5198516845703,165.13999938964844,167.3699951171875,163.3300018310547,166.36000061035156,51385100
2020-04-13,157.87281799316406,165.50999450683594,165.57000732421875,162.3000030517578,164.35000610351562,41905300
2020-04-14,165.6848907470703,173.6999969482422,173.75,168.0,169.0,52874300
2020-04-15,163.94891357421875,171.8800048828125,173.57000732421875,169.24000549316406,171.1999969482422,40940800
2020-04-16,168.87075805664062,177.0399932861328,177.27999877929688,172.89999389648438,174.3000030517578,50479600
2020-04-17,170.35879516601562,178.60000610351562,180.0,175.8699951171875,179.5,52765600
2020-04-20,166.9821319580078,175.05999755859375,178.75,174.99000549316406,176.6300048828125,36669600
2020-04-21,160.0762176513672,167.82000732421875,173.6699981689453,166.11000061035156,173.5,56203700
2020-04-22,165.51319885253906,173.52000427246094,174.0,170.82000732421875,171.38999938964844,34620200
2020-04-23,163.51011657714844,171.4199981689453,175.05999755859375,170.91000366210938,174.11000061035156,32790800
2020-04-24,166.4956817626953,174.5500030517578,174.55999755859375,170.7100067138672,172.05999755859375,34277600
2020-04-27,166.01876831054688,174.0500030517578,176.89999389648438,173.3000030517578,176.58999633789062,33194400
2020-04-28,161.9744110107422,169.80999755859375,175.6699981689453,169.38999938964844,175.58999633789062,34392700
2020-04-29,169.24278259277344,177.42999267578125,177.67999267578125,171.8800048828125,173.22000122070312,51286600
2020-04-30,170.94064331054688,179.2100067138672,180.39999389648438,176.22999572753906,180.0,53875900
2020-05-01,166.5147705078125,174.57000732421875,178.63999938964844,174.00999450683594,175.8000030517578,39370500
2020-05-04,170.58770751953125,178.83999633789062,179.0,173.8000030517578,174.49000549316406,30372900
2020-05-05,172.41912841796875,180.75999450683594,183.64999389648438,179.89999389648438,180.6199951171875,36839200
2020-05-06,174.1169891357422,182.5399932861328,184.1999969482422,181.6300048828125,182.0800018310547,32139300
2020-05-07,175.1280975341797,183.60000610351562,184.5500030517578,182.5800018310547,184.1699981689453,28316000
2020-05-08,176.158203125,184.67999267578125,185.0,183.36000061035156,184.97999572753906,30877800
2020-05-11,178.12319946289062,186.74000549316406,187.50999450683594,182.85000610351562,183.14999389648438,30892700
2020-05-12,174.08837890625,182.50999450683594,187.0399932861328,182.3000030517578,186.8000030517578,32038200
2020-05-13,171.45574951171875,179.75,184.0500030517578,176.5399932861328,182.5500030517578,44711500
2020-05-14,172.1997528076172,180.52999877929688,180.69000244140625,175.67999267578125,177.5399932861328,41873900
2020-05-15,174.70840454101562,183.16000366210938,187.05999755859375,177.0,179.05999755859375,46610400
2020-05-18,176.37762451171875,184.91000366210938,186.1999969482422,183.9600067138672,185.75,35264500
2020-05-19,175.1566925048828,183.6300048828125,186.60000610351562,183.49000549316406,185.02999877929688,26799100
2020-05-20,177.5862579345703,185.66000366210938,185.85000610351562,183.94000244140625,184.80999755859375,31261300
2020-05-21,175.4532012939453,183.42999267578125,186.6699981689453,183.2899932861328,185.39999389648438,29119500
2020-05-22,175.5297393798828,183.50999450683594,184.4600067138672,182.5399932861328,183.19000244140625,20826900
2020-05-26,173.67413330078125,181.57000732421875,186.5,181.10000610351562,186.33999633789062,36073600
2020-05-27,173.90365600585938,181.80999755859375,181.99000549316406,176.60000610351562,180.1999969482422,39517100
2020-05-28,173.51150512695312,181.39999389648438,184.14999389648438,180.3800048828125,180.74000549316406,33810200
2020-05-29,175.2810516357422,183.25,184.27000427246094,180.41000366210938,182.72999572753906,42130400
2020-06-01,174.8793182373047,182.8300018310547,183.0,181.4600067138672,182.5399932861328,22622400
2020-06-02,176.86886596679688,184.91000366210938,185.0,181.35000610351562,184.25,30794600
2020-06-03,177.29931640625,185.36000061035156,185.94000244140625,183.5800018310547,184.82000732421875,27311000
2020-06-04,174.96539306640625,182.9199981689453,185.83999633789062,182.3000030517578,184.3000030517578,28761800
2020-06-05,179.0592803955078,187.1999969482422,187.72999572753906,182.00999450683594,182.6199951171875,39893600
2020-06-08,180.16880798339844,188.36000061035156,188.5500030517578,184.44000244140625,185.94000244140625,33211600
2020-06-09,181.54623413085938,189.8000030517578,190.6999969482422,187.25999450683594,188.0,29783900
2020-06-10,188.28004455566406,196.83999633789062,198.52000427246094,191.00999450683594,191.1300048828125,43872300
2020-06-11,178.16973876953125,186.27000427246094,195.75999450683594,186.07000732421875,193.1300048828125,52854700
2020-06-12,179.5757598876953,187.74000549316406,191.72000122070312,185.17999267578125,190.5399932861328,43373600
2020-06-15,180.72361755371094,188.94000244140625,190.82000732421875,184.00999450683594,184.5800018310547,32770200
2020-06-16,185.1522979736328,193.57000732421875,195.5800018310547,191.4600067138672,192.88999938964844,42556700
2020-06-17,185.7931365966797,194.24000549316406,196.32000732421875,193.69000244140625,195.02999877929688,25687800
2020-06-18,187.7826690673828,196.32000732421875,196.49000549316406,194.0,194.0,23061600
2020-06-19,186.66357421875,195.14999389648438,199.2899932861328,194.3699951171875,198.58999633789062,44441100
2020-06-22,191.8478546142578,200.57000732421875,200.75999450683594,195.22999572753906,195.7899932861328,32818900
2020-06-23,193.12957763671875,201.91000366210938,203.9499969482422,201.42999267578125,202.08999633789062,30917400
2020-06-24,189.236572265625,197.83999633789062,203.25,196.55999755859375,201.60000610351562,36740600
2020-06-25,191.62786865234375,200.33999633789062,200.61000061035156,195.47000122070312,197.8000030517578,27803900
2020-06-26,187.79222106933594,196.3300018310547,199.88999938964844,194.8800048828125,199.72999572753906,54675800
2020-06-29,189.8105010986328,198.44000244140625,198.52999877929688,193.5500030517578,195.77999877929688,26701600
2020-06-30,194.66001892089844,203.50999450683594,204.39999389648438,197.74000549316406,197.8800048828125,34310300
2020-07-01,195.79824829101562,204.6999969482422,206.35000610351562,201.77000427246094,203.13999938964844,32061200
2020-07-02,197.2904052734375,206.25999450683594,208.02000427246094,205.0,205.67999267578125,29315800
2020-07-06,201.53733825683594,210.6999969482422,211.1300048828125,208.08999633789062,208.8300018310547,31897600
2020-07-07,199.19383239746094,208.25,214.6699981689453,207.99000549316406,210.4499969482422,33600700
2020-07-08,203.57469177246094,212.8300018310547,213.25999450683594,208.69000244140625,210.07000732421875,33600000
2020-07-09,204.9999237060547,214.32000732421875,216.3800048828125,211.47000122070312,216.3300018310547,33121700
2020-07-10,204.37814331054688,213.6699981689453,214.0800018310547,211.0800018310547,213.6199951171875,26177600
2020-07-13,198.06520080566406,207.07000732421875,215.8000030517578,206.5,214.47999572753906,38135600
2020-07-14,199.28953552246094,208.35000610351562,208.85000610351562,202.02999877929688,206.1300048828125,37591800
2020-07-15,198.99301147460938,208.0399932861328,211.3300018310547,205.02999877929688,209.55999755859375,32179400
2020-07-16,195.05218505859375,203.9199981689453,205.6999969482422,202.30999755859375,205.39999389648438,29940700
2020-07-17,194.05738830566406,202.8800048828125,205.0399932861328,201.38999938964844,204.47000122070312,31635300
2020-07-20,202.398193359375,211.60000610351562,212.3000030517578,203.00999450683594,205.0,36884800
2020-07-21,199.6721649169922,208.75,213.94000244140625,208.02999877929688,213.66000366210938,37990400
2020-07-22,202.5416717529297,211.75,212.3000030517578,208.38999938964844,209.1999969482422,49605700
2020-07-23,193.732177734375,202.5399932861328,210.9199981689453,202.14999389648438,207.19000244140625,67457000
2020-07-24,192.54612731933594,201.3000030517578,202.86000061035156,197.50999450683594,200.4199981689453,39827000
2020-07-27,194.98521423339844,203.85000610351562,203.97000122070312,200.86000061035156,201.47000122070312,30160900
2020-07-28,193.23480224609375,202.02000427246094,204.6999969482422,201.74000549316406,203.61000061035156,23251400
2020-07-29,195.1860809326172,204.05999755859375,204.64999389648438,202.00999450683594,202.5,19632600
2020-07-30,195.0330047607422,203.89999389648438,204.4600067138672,199.57000732421875,201.0,25079600
2020-07-31,196.09475708007812,205.00999450683594,205.10000610351562,199.00999450683594,204.39999389648438,51044000
2020-08-03,207.1233673095703,216.5399932861328,217.63999938964844,210.44000244140625,211.52000427246094,78983000
2020-08-04,204.0146942138672,213.2899932861328,214.77000427246094,210.30999755859375,214.1699981689453,49280100
2020-08-05,203.67994689941406,212.94000244140625,215.0,211.57000732421875,214.89999389648438,28806400
2020-08-06,206.9416046142578,216.35000610351562,216.3699951171875,211.5500030517578,212.33999633789062,32656800
2020-08-07,203.23989868164062,212.47999572753906,215.6999969482422,210.92999267578125,214.85000610351562,27820400
2020-08-10,199.19383239746094,208.25,211.8800048828125,206.35000610351562,211.6699981689453,36716500
2020-08-11,194.5356903076172,203.3800048828125,207.64999389648438,203.13999938964844,207.16000366210938,36446500
2020-08-12,200.093017578125,209.19000244140625,210.27999877929688,204.75,205.2899932861328,28013100
2020-08-13,199.62429809570312,208.6999969482422,211.35000610351562,208.14999389648438,209.44000244140625,22588900
2020-08-14,199.8155975341797,208.89999389648438,209.58999633789062,207.50999450683594,208.75999450683594,17958900
2020-08-17,201.13558959960938,210.27999877929688,211.19000244140625,208.9199981689453,209.60000610351562,20184800
2020-08-18,202.29298400878906,211.49000549316406,212.36000061035156,209.2100067138672,210.52999877929688,21336200
2020-08-19,201.06570434570312,209.6999969482422,212.10000610351562,209.25,211.49000549316406,27627600
2020-08-20,205.74476623535156,214.5800018310547,215.0,208.91000366210938,209.5399932861328,26981500
2020-08-21,204.2489776611328,213.02000427246094,216.25,212.85000610351562,213.86000061035156,36249300
2020-08-24,204.8914031982422,213.69000244140625,215.52000427246094,212.42999267578125,214.7899932861328,25460100
2020-08-25,207.55691528320312,216.47000122070312,216.61000061035156,213.10000610351562,213.10000610351562,23043700
2020-08-26,212.0442657470703,221.14999389648438,222.08999633789062,217.36000061035156,217.8800048828125,39600800
2020-08-27,217.2506561279297,226.5800018310547,231.14999389648438,219.39999389648438,222.88999938964844,57602200
2020-08-28,219.4847412109375,228.91000366210938,230.63999938964844,226.5800018310547,228.17999267578125,26292900
2020-08-31,216.24386596679688,225.52999877929688,228.6999969482422,224.30999755859375,227.0,28774200
2020-09-01,217.9122314453125,227.27000427246094,227.4499969482422,224.42999267578125,225.50999450683594,25725500
2020-09-02,222.11190795898438,231.64999389648438,232.86000061035156,227.35000610351562,227.97000122070312,34080800
2020-09-03,208.352783203125,217.3000030517578,229.30999755859375,214.9600067138672,229.27000427246094,58400300
2020-09-04,205.42835998535156,214.25,218.36000061035156,205.19000244140625,215.10000610351562,59664100
2020-09-08,194.31553649902344,202.66000366210938,210.02999877929688,202.1999969482422,206.5,52924300
2020-09-09,202.5902099609375,211.2899932861328,214.83999633789062,206.6999969482422,207.60000610351562,45679000
2020-09-10,196.9139862060547,205.3699951171875,214.74000549316406,204.11000061035156,213.39999389648438,35461500
2020-09-11,195.629150390625,204.02999877929688,208.6300048828125,201.24000549316406,207.1999969482422,33620100
2020-09-14,196.95233154296875,205.41000366210938,209.1999969482422,204.02999877929688,204.24000549316406,30375800
2020-09-15,200.18359375,208.77999877929688,209.77999877929688,206.92999267578125,208.4199981689453,21823900
2020-09-16,196.6071319580078,205.0500030517578,210.64999389648438,204.63999938964844,210.6199951171875,26328100
2020-09-17,194.55526733398438,202.91000366210938,204.3300018310547,199.9600067138672,200.0500030517578,34011300
2020-09-18,192.1390380859375,200.38999938964844,203.64999389648438,196.25,202.8000030517578,55225300
2020-09-21,194.20050048828125,202.5399932861328,202.7100067138672,196.3800048828125,197.19000244140625,39839700
2020-09-22,198.87954711914062,207.4199981689453,208.10000610351562,202.0800018310547,205.05999755859375,33517100
2020-09-23,192.33079528808594,200.58999633789062,208.10000610351562,200.02999877929688,207.89999389648438,30803800
2020-09-24,194.82376098632812,203.19000244140625,205.57000732421875,199.1999969482422,199.85000610351562,31202500
2020-09-25,199.2631072998047,207.82000732421875,209.0399932861328,202.5399932861328,203.5500030517578,29437300
2020-09-28,200.81637573242188,209.44000244140625,212.57000732421875,208.05999755859375,210.8800048828125,32004900
2020-09-29,198.72618103027344,207.25999450683594,210.07000732421875,206.80999755859375,209.35000610351562,24221900
2020-09-30,201.6697235107422,210.3300018310547,211.97999572753906,206.5399932861328,207.72999572753906,33829100
2020-10-01,203.71206665039062,212.4600067138672,213.99000549316406,211.32000732421875,213.49000549316406,27158400
2020-10-02,197.70022583007812,206.19000244140625,210.99000549316406,205.5399932861328,208.0,33154800
2020-10-05,201.71771240234375,210.3800048828125,210.41000366210938,206.97999572753906,207.22000122070312,21331600
2020-10-06,197.43174743652344,205.91000366210938,210.17999267578125,204.82000732421875,208.82000732421875,28554300
2020-10-07,201.19033813476562,209.8300018310547,210.11000061035156,206.72000122070312,207.05999755859375,25681100
2020-10-08,201.90945434570312,210.5800018310547,211.19000244140625,208.32000732421875,210.50999450683594,19925800
2020-10-09,206.92413330078125,215.80999755859375,215.86000061035156,211.22999572753906,211.22999572753906,26458000
2020-10-12,212.28396606445312,221.39999389648438,223.86000061035156,216.80999755859375,218.7899932861328,40461400
2020-10-13,213.683837890625,222.86000061035156,225.2100067138672,220.42999267578125,222.72000122070312,28950800
2020-10-14,211.7661590576172,220.86000061035156,224.22000122070312,219.1300048828125,223.0,23421700
2020-10-15,210.6156005859375,219.66000366210938,220.36000061035156,216.00999450683594,217.10000610351562,22733100
2020-10-16,210.6156005859375,219.66000366210938,222.2899932861328,219.32000732421875,220.14999389648438,26057900
2020-10-19,205.39959716796875,214.22000122070312,222.3000030517578,213.72000122070312,220.4199981689453,27625800
2020-10-20,205.81187438964844,214.64999389648438,217.3699951171875,213.08999633789062,215.8000030517578,22753500
2020-10-21,205.95571899414062,214.8000030517578,216.9199981689453,213.1199951171875,213.1199951171875,22724900
2020-10-22,206.04202270507812,214.88999938964844,216.05999755859375,211.6999969482422,213.92999267578125,22351500
2020-10-23,207.32679748535156,216.22999572753906,216.27999877929688,213.16000366210938,215.02999877929688,18879600
2020-10-26,201.43006896972656,210.0800018310547,216.33999633789062,208.10000610351562,213.85000610351562,37111600
2020-10-27,204.469482421875,213.25,214.6699981689453,210.3300018310547,211.58999633789062,36700300
2020-10-28,194.334716796875,202.67999267578125,208.83999633789062,202.10000610351562,207.6699981689453,51195600
2020-10-29,196.29075622558594,204.72000122070312,207.36000061035156,203.3699951171875,204.07000732421875,31432600
2020-10-30,194.1333770751953,202.47000122070312,204.2899932861328,199.6199951171875,203.5,36953700
2020-11-02,193.99917602539062,202.3300018310547,205.27999877929688,200.1199951171875,204.2899932861328,30842200
2020-11-03,197.9303436279297,206.42999267578125,208.1199951171875,203.1199951171875,203.88999938964844,27512000
2020-11-04,207.48023986816406,216.38999938964844,218.32000732421875,212.4199981689453,214.02000427246094,42311800
2020-11-05,214.09608459472656,223.2899932861328,224.1199951171875,221.14999389648438,222.0399932861328,36080100
2020-11-06,214.5084228515625,223.72000122070312,224.36000061035156,218.02999877929688,222.25999450683594,25231900
2020-11-09,209.3978729248047,218.38999938964844,228.1199951171875,217.8800048828125,224.44000244140625,44395000
2020-11-10,202.32176208496094,211.00999450683594,216.5,209.72000122070312,214.5,44045100
2020-11-11,207.63365173339844,216.5500030517578,218.0399932861328,212.1999969482422,212.38999938964844,29440800
2020-11-12,206.5693359375,215.44000244140625,219.11000061035156,214.4600067138672,217.2100067138672,21593900
2020-11-13,207.59527587890625,216.50999450683594,217.4199981689453,214.16000366210938,216.36000061035156,18621100
2020-11-16,208.28564453125,217.22999572753906,217.74000549316406,214.52000427246094,214.8699951171875,24953300
2020-11-17,205.62969970703125,214.4600067138672,217.67999267578125,214.0800018310547,216.10000610351562,24154100
2020-11-18,202.91873168945312,211.0800018310547,215.1699981689453,210.92999267578125,213.64999389648438,28372800
2020-11-19,204.20692443847656,212.4199981689453,213.02999877929688,209.92999267578125,211.3800048828125,24792700
2020-11-20,202.2554473876953,210.38999938964844,213.2899932861328,210.0,212.1999969482422,22843100
2020-11-23,201.9862060546875,210.11000061035156,212.2899932861328,208.16000366210938,210.9499969482422,25683500
2020-11-24,205.59127807617188,213.86000061035156,214.25,208.86000061035156,209.58999633789062,33979700
2020-11-25,205.600830078125,213.8699951171875,215.2899932861328,212.4600067138672,215.11000061035156,21012900
2020-11-27,206.9082794189453,215.22999572753906,216.27000427246094,214.0399932861328,214.85000610351562,14512200
2020-11-30,205.7931365966797,214.07000732421875,214.75999450683594,210.83999633789062,214.10000610351562,33064800
2020-12-01,207.8503875732422,216.2100067138672,217.32000732421875,213.35000610351562,214.50999450683594,30904500
2020-12-02,207.0428466796875,215.3699951171875,215.47000122070312,212.8000030517578,214.8800048828125,23724500
2020-12-03,205.95657348632812,214.24000549316406,216.3800048828125,213.64999389648438,214.61000061035156,25120900
2020-12-04,206.0719451904297,214.36000061035156,215.3800048828125,213.17999267578125,214.22000122070312,24666000
2020-12-07,206.00460815429688,214.2899932861328,215.5399932861328,212.99000549316406,214.3699951171875,24620000
2020-12-08,207.65809631347656,216.00999450683594,216.9499969482422,212.88999938964844,213.97000122070312,23284100
2020-12-09,203.61087036132812,211.8000030517578,215.22999572753906,211.2100067138672,215.16000366210938,32440600
2020-12-10,202.38040161132812,210.52000427246094,213.0800018310547,210.36000061035156,211.77000427246094,26733300
2020-12-11,205.01443481445312,213.25999450683594,213.32000732421875,209.11000061035156,210.0500030517578,30979400
2020-12-14,205.9180908203125,214.1999969482422,216.2100067138672,212.8800048828125,213.10000610351562,28798400
2020-12-15,205.85081481933594,214.1300048828125,215.4199981689453,212.24000549316406,215.1699981689453,27000600
2020-12-16,210.80169677734375,219.27999877929688,220.11000061035156,214.72000122070312,214.75,35023300
2020-12-17,210.93624877929688,219.4199981689453,220.88999938964844,217.9199981689453,219.8699951171875,32515800
2020-12-18,210.13836669921875,218.58999633789062,219.69000244140625,216.02000427246094,218.58999633789062,63354900
2020-12-21,213.98373413085938,222.58999633789062,224.0,217.27999877929688,217.5500030517578,37181900
2020-12-22,215.2815399169922,223.94000244140625,225.6300048828125,221.85000610351562,222.69000244140625,22612200
2020-12-23,212.4744110107422,221.02000427246094,223.55999755859375,220.8000030517578,223.11000061035156,18699600
2020-12-24,214.13755798339844,222.75,223.61000061035156,221.1999969482422,221.4199981689453,10550600
2020-12-28,216.2621307373047,224.9600067138672,226.02999877929688,223.02000427246094,224.4499969482422,17933500
2020-12-29,215.48338317871094,224.14999389648438,227.17999267578125,223.5800018310547,226.30999755859375,17403200
2020-12-30,213.10890197753906,221.67999267578125,225.6300048828125,221.47000122070312,225.22999572753906,20272300
2020-12-31,213.8202667236328,222.4199981689453,223.0,219.67999267578125,221.6999969482422,20942100
2021-01-04,209.27316284179688,217.69000244140625,223.0,214.80999755859375,222.52999877929688,37130100
2021-01-05,209.47503662109375,217.89999389648438,218.52000427246094,215.6999969482422,217.25999450683594,23823000
2021-01-06,204.04348754882812,212.25,216.49000549316406,211.94000244140625,212.1699981689453,35930700
2021-01-07,209.84999084472656,218.2899932861328,219.33999633789062,213.7100067138672,214.0399932861328,27694500
2021-01-08,211.12852478027344,219.6199951171875,220.5800018310547,217.02999877929688,218.67999267578125,22956200
2021-01-11,209.08087158203125,217.49000549316406,218.91000366210938,216.72999572753906,218.47000122070312,23031300
2021-01-12,206.619873046875,214.92999267578125,217.10000610351562,213.32000732421875,216.5,23249300
2021-01-13,207.97537231445312,216.33999633789062,216.75999450683594,213.92999267578125,214.02000427246094,20087100
2021-01-14,204.78375244140625,213.02000427246094,217.4600067138672,212.74000549316406,215.91000366210938,29480800
2021-01-15,204.4280242919922,212.64999389648438,214.50999450683594,212.02999877929688,213.52000427246094,31746500
2021-01-19,208.0714874267578,216.44000244140625,216.97999572753906,212.6300048828125,213.75,30480900
2021-01-20,215.66607666015625,224.33999633789062,225.7899932861328,217.2899932861328,217.6999969482422,37777300
2021-01-21,216.2716827392578,224.97000122070312,226.3000030517578,222.4199981689453,224.6999969482422,30709400
2021-01-22,217.21377563476562,225.9499969482422,230.07000732421875,225.8000030517578,227.0800018310547,30172700
2021-01-25,220.65536499023438,229.52999877929688,229.77999877929688,224.22000122070312,229.1199951171875,33152100
2021-01-26,223.34713745117188,232.3300018310547,234.17999267578125,230.0800018310547,231.86000061035156,49169600
2021-01-27,223.89511108398438,232.89999389648438,240.44000244140625,230.13999938964844,238.0,69870600
2021-01-28,229.69192504882812,238.92999267578125,242.63999938964844,235.08999633789062,235.61000061035156,49111200
2021-01-29,222.99142456054688,231.9600067138672,238.02000427246094,231.35000610351562,235.99000549316406,42503100
2021-02-01,230.38406372070312,239.64999389648438,242.5,232.42999267578125,235.05999755859375,33314200
2021-02-02,230.24949645996094,239.50999450683594,242.30999755859375,238.69000244140625,241.3000030517578,25916300
2021-02-03,233.60455322265625,243.0,245.08999633789062,239.25999450683594,239.57000732421875,27158100
2021-02-04,232.65286254882812,242.00999450683594,243.24000549316406,240.3699951171875,242.66000366210938,25296100
2021-02-05,232.8354949951172,242.1999969482422,243.27999877929688,240.4199981689453,242.22999572753906,18054800
2021-02-08,233.0950927734375,242.47000122070312,243.67999267578125,240.80999755859375,243.14999389648438,22211900
2021-02-09,234.34481811523438,243.77000427246094,244.75999450683594,241.3800048828125,241.8699951171875,23565000
2021-02-10,233.4315185546875,242.82000732421875,245.9199981689453,240.88999938964844,245.0,22186700
2021-02-11,235.03695678710938,244.49000549316406,245.14999389648438,242.14999389648438,244.77999877929688,15751100
2021-02-12,235.51766967773438,244.99000549316406,245.3000030517578,242.72999572753906,243.92999267578125,16561100
2021-02-16,234.2775115966797,243.6999969482422,246.1300048828125,242.9199981689453,245.02999877929688,26728500
2021-02-17,235.2988739013672,244.1999969482422,244.30999755859375,240.94000244140625,241.32000732421875,21653500
2021-02-18,234.90377807617188,243.7899932861328,243.92999267578125,240.86000061035156,241.8000030517578,16925600
2021-02-19,232.1865997314453,240.97000122070312,243.86000061035156,240.17999267578125,243.75,25262600
2021-02-22,225.96205139160156,234.50999450683594,237.92999267578125,232.39999389648438,237.4199981689453,36446900
2021-02-23,224.7672882080078,233.27000427246094,234.8300018310547,228.72999572753906,230.3300018310547,30228700
2021-02-24,226.0006103515625,234.5500030517578,235.1999969482422,229.0,230.00999450683594,26339700
2021-02-25,220.64328002929688,228.99000549316406,234.58999633789062,227.8800048828125,232.0800018310547,39542200
2021-02-26,223.9097137451172,232.3800048828125,235.3699951171875,229.5399932861328,231.52999877929688,37819200
2021-03-01,228.303466796875,236.94000244140625,237.47000122070312,233.14999389648438,235.89999389648438,25324000
2021-03-02,225.3453826904297,233.8699951171875,237.3000030517578,233.4499969482422,237.00999450683594,22812500
2021-03-03,219.265380859375,227.55999755859375,233.5800018310547,227.25999450683594,232.16000366210938,34029500
2021-03-04,218.4656219482422,226.72999572753906,232.49000549316406,224.25999450683594,226.74000549316406,44727800
2021-03-05,223.1581573486328,231.60000610351562,233.27000427246094,226.4600067138672,229.52000427246094,41872800
2021-03-08,219.10159301757812,227.38999938964844,233.3699951171875,227.1300048828125,231.3699951171875,35267400
2021-03-09,225.25863647460938,233.77999877929688,235.3800048828125,231.6699981689453,232.8800048828125,33080500
2021-03-10,223.94827270507812,232.4199981689453,237.0,232.0399932861328,237.0,29746800
2021-03-11,228.486572265625,237.1300048828125,239.1699981689453,234.30999755859375,234.9600067138672,29907600
2021-03-12,227.15689086914062,235.75,235.82000732421875,233.22999572753906,234.00999450683594,22653700
2021-03-15,226.25111389160156,234.80999755859375,235.19000244140625,231.80999755859375,234.9600067138672,26034900
2021-03-16,229.04544067382812,237.7100067138672,240.05999755859375,235.94000244140625,236.27999877929688,28092200
2021-03-17,228.3998260498047,237.0399932861328,238.5500030517578,233.22999572753906,236.14999389648438,29562100
2021-03-18,222.3102264404297,230.72000122070312,234.19000244140625,230.3300018310547,232.55999755859375,34833000
2021-03-19,221.95370483398438,230.35000610351562,232.47000122070312,229.35000610351562,231.02000427246094,46430700
2021-03-22,227.38812255859375,235.99000549316406,236.89999389648438,230.13999938964844,230.27000427246094,30127000
2021-03-23,228.92015075683594,237.5800018310547,241.0500030517578,237.07000732421875,237.49000549316406,31638400
2021-03-24,226.87742614746094,235.4600067138672,238.0,235.32000732421875,237.85000610351562,25620100
2021-03-25,223.87118530273438,232.33999633789062,236.94000244140625,231.57000732421875,235.3000030517578,34061900
2021-03-26,227.8602294921875,236.47999572753906,236.7100067138672,231.5500030517578,231.5500030517578,25479900
2021-03-29,226.6654510498047,235.24000549316406,236.8000030517578,231.8800048828125,236.58999633789062,25227500
2021-03-30,223.39903259277344,231.85000610351562,233.85000610351562,231.10000610351562,233.52999877929688,24792000
2021-03-31,227.17613220214844,235.77000427246094,239.10000610351562,232.38999938964844,232.91000366210938,43623500
2021-04-01,233.5162811279297,242.35000610351562,242.83999633789062,238.0500030517578,238.47000122070312,30338000
2021-04-05,239.9913787841797,249.07000732421875,249.9600067138672,242.6999969482422,242.75999450683594,36910600
2021-04-06,238.82546997070312,247.86000061035156,249.39999389648438,246.8800048828125,247.61000061035156,22931900
2021-04-07,240.7910614013672,249.89999389648438,250.92999267578125,247.19000244140625,247.80999755859375,22719800
2021-04-08,244.0189666748047,253.25,254.13999938964844,252.0,252.77000427246094,23625200
2021-04-09,246.52420043945312,255.85000610351562,255.99000549316406,252.44000244140625,252.8699951171875,24326800
2021-04-12,246.58200073242188,255.91000366210938,257.6700134277344,254.6199951171875,254.7100067138672,27148700
2021-04-13,249.06796264648438,258.489990234375,259.19000244140625,256.8299865722656,257.260009765625,23837500
2021-04-14,246.27366638183594,255.58999633789062,258.8299865722656,255.16000366210938,257.4800109863281,23070900
2021-04-15,250.04116821289062,259.5,259.92999267578125,257.7300109863281,257.92999267578125,25627500
2021-04-16,251.23597717285156,260.739990234375,261.0,257.6000061035156,259.4700012207031,24878600
2021-04-19,249.308837890625,258.739990234375,261.4800109863281,257.82000732421875,260.19000244140625,23209300
2021-04-20,248.8463897705078,258.260009765625,260.20001220703125,256.8399963378906,257.82000732421875,19722900
2021-04-21,251.08175659179688,260.5799865722656,260.67999267578125,257.25,258.94000244140625,24030400
2021-04-22,247.7960968017578,257.1700134277344,261.7799987792969,255.63999938964844,260.2099914550781,25606200
2021-04-23,251.6310272216797,261.1499938964844,261.510009765625,257.2699890136719,257.8800048828125,21462600
2021-04-26,252.0164031982422,261.54998779296875,262.44000244140625,260.1700134277344,261.6600036621094,19763300
2021-04-27,252.42115783691406,261.9700012207031,263.19000244140625,260.1199951171875,261.5799865722656,31014200
2021-04-28,245.28123474121094,254.55999755859375,256.5400085449219,252.9499969482422,256.0799865722656,46903100
2021-04-29,243.3059539794922,252.50999450683594,256.1000061035156,249.0,255.4600067138672,40589000
2021-04-30,242.98797607421875,252.17999267578125,253.0800018310547,249.60000610351562,249.74000549316406,30945100
2021-05-03,242.6796417236328,251.86000061035156,254.35000610351562,251.1199951171875,253.39999389648438,19626600
2021-05-04,238.75799560546875,247.7899932861328,251.2100067138672,245.75999450683594,250.97000122070312,32756100
2021-05-05,237.48614501953125,246.47000122070312,249.5,245.82000732421875,249.05999755859375,21901300
2021-05-06,240.62728881835938,249.72999572753906,249.86000061035156,244.69000244140625,246.4499969482422,26491100
2021-05-07,243.2577667236328,252.4600067138672,254.3000030517578,251.1699981689453,252.14999389648438,27032900
2021-05-10,238.1702423095703,247.17999267578125,251.72999572753906,247.1199951171875,250.8699951171875,29299900
2021-05-11,237.25485229492188,246.22999572753906,246.60000610351562,242.57000732421875,244.5500030517578,33641600
2021-05-12,230.2883758544922,239.0,244.3800048828125,238.07000732421875,242.1699981689453,36684400
2021-05-13,234.17149353027344,243.02999877929688,245.60000610351562,241.4199981689453,241.8000030517578,29624300
2021-05-14,239.10488891601562,248.14999389648438,249.17999267578125,245.49000549316406,245.5800018310547,23901100
2021-05-17,236.24310302734375,245.17999267578125,246.58999633789062,243.52000427246094,246.5500030517578,24970200
2021-05-18,234.21971130371094,243.0800018310547,246.41000366210938,242.89999389648438,246.27000427246094,20168000
2021-05-19,234.79916381835938,243.1199951171875,243.22999572753906,238.60000610351562,239.30999755859375,25739800
2021-05-20,238.04415893554688,246.47999572753906,247.9499969482422,243.86000061035156,243.9600067138672,21800700
2021-05-21,236.77896118164062,245.1699981689453,248.3300018310547,244.74000549316406,247.57000732421875,21863100
2021-05-24,242.19699096679688,250.77999877929688,251.16000366210938,247.50999450683594,247.7899932861328,21411500
2021-05-25,243.10482788085938,251.72000122070312,252.75,250.82000732421875,251.77000427246094,17704300
2021-05-26,242.88265991210938,251.49000549316406,252.94000244140625,250.75,251.42999267578125,17771600
2021-05-27,240.77728271484375,249.30999755859375,251.47999572753906,249.25,251.1699981689453,24426200
2021-05-28,241.1345977783203,249.67999267578125,252.0800018310547,249.55999755859375,251.0,18270200
2021-06-01,238.93267822265625,247.39999389648438,251.2899932861328,246.9600067138672,251.22999572753906,23213300
2021-06-02,238.83609008789062,247.3000030517578,249.27000427246094,245.83999633789062,248.1300048828125,19406700
2021-06-03,237.300537109375,245.7100067138672,246.33999633789062,243.0,245.22000122070312,25307700
2021-06-04,242.20660400390625,250.7899932861328,251.64999389648438,247.50999450683594,247.75999450683594,25281100
2021-06-07,245.123291015625,253.80999755859375,254.08999633789062,249.80999755859375,249.97999572753906,23079200
2021-06-08,243.92575073242188,252.57000732421875,256.010009765625,252.50999450683594,255.16000366210938,22455000
2021-06-09,244.91082763671875,253.58999633789062,255.52999877929688,253.2100067138672,253.80999755859375,17937600
2021-06-10,248.43589782714844,257.239990234375,257.4599914550781,253.6699981689453,254.2899932861328,24563600
2021-06-11,249.06365966796875,257.8900146484375,258.489990234375,256.6099853515625,257.989990234375,18999700
2021-06-14,250.99517822265625,259.8900146484375,259.95001220703125,256.79998779296875,257.8999938964844,19150500
2021-06-15,249.51756286621094,258.3599853515625,259.989990234375,257.67999267578125,259.7699890136719,18038900
2021-06-16,248.5711212158203,257.3800048828125,260.5799865722656,254.4199981689453,259.3999938964844,27220000
2021-06-17,251.9706573486328,260.8999938964844,261.75,256.010009765625,256.07000732421875,27565500
2021-06-18,250.5509033203125,259.42999267578125,262.29998779296875,258.75,259.6300048828125,37202200
2021-06-21,253.64138793945312,262.6300048828125,263.5199890136719,257.9200134277344,259.82000732421875,26696100
2021-06-22,256.4228515625,265.510009765625,265.7900085449219,262.3999938964844,262.7200012207031,24694100
2021-06-23,256.1910095214844,265.2699890136719,266.8299865722656,264.42999267578125,265.989990234375,19518700
2021-06-24,257.56243896484375,266.69000244140625,267.8500061035156,265.4700012207031,266.1600036621094,21446900
2021-06-25,255.9495849609375,265.0199890136719,267.25,264.760009765625,266.2300109863281,25611100
2021-06-28,259.52301025390625,268.7200012207031,268.8999938964844,265.9100036621094,266.19000244140625,19590000
2021-06-29,262.1112060546875,271.3999938964844,271.6499938964844,267.9800109863281,268.8699951171875,19937800
2021-06-30,261.62835693359375,270.8999938964844,271.3599853515625,269.6000061035156,270.69000244140625,21656500
2021-07-01,262.304443359375,271.6000061035156,271.8399963378906,269.6000061035156,269.6099853515625,16725300
2021-07-02,268.1473083496094,277.6499938964844,278.0,272.5,272.82000732421875,26458000
2021-07-06,268.15704345703125,277.6600036621094,279.3699951171875,274.29998779296875,278.0299987792969,31565600
2021-07-07,270.349365234375,279.92999267578125,280.69000244140625,277.1499938964844,279.3999938964844,23260000
2021-07-08,267.92529296875,277.4200134277344,278.7300109863281,274.8699951171875,276.8999938964844,24618600
2021-07-09,268.427490234375,277.94000244140625,278.04998779296875,275.32000732421875,275.7200012207031,23916700
2021-07-12,267.82867431640625,277.32000732421875,279.7699890136719,276.5799865722656,279.1600036621094,18931700
2021-07-13,271.3634033203125,280.9800109863281,282.8500061035156,277.3900146484375,277.5199890136719,26120100
2021-07-14,272.841064453125,282.510009765625,283.6600036621094,280.54998779296875,282.3500061035156,23113700
2021-07-15,271.41162109375,281.0299987792969,282.510009765625,279.8299865722656,282.0,22604200
2021-07-16,271.1412353515625,280.75,284.1000061035156,279.4599914550781,282.07000732421875,26186800
2021-07-19,267.5292663574219,277.010009765625,280.3699951171875,274.45001220703125,278.92999267578125,32935600
2021-07-20,269.7601623535156,279.32000732421875,280.9700012207031,276.260009765625,278.0299987792969,26259700
2021-07-21,271.7689514160156,281.3999938964844,281.5199890136719,277.2900085449219,278.8999938964844,24364300
2021-07-22,276.3468017578125,286.1400146484375,286.4200134277344,283.4200134277344,283.8399963378906,23384100
2021-07-23,279.7559509277344,289.6700134277344,289.989990234375,286.5,287.3699951171875,22768100
2021-07-26,279.1571350097656,289.04998779296875,289.69000244140625,286.6400146484375,289.0,23176100
2021-07-27,276.733154296875,286.5400085449219,289.5799865722656,282.95001220703125,289.42999267578125,33604100
2021-07-28,276.4240417480469,286.2200012207031,290.1499938964844,283.8299865722656,288.989990234375,33566900
2021-07-29,276.69439697265625,286.5,288.6199951171875,286.0799865722656,286.239990234375,18168300
2021-07-30,275.1589050292969,284.9100036621094,286.6600036621094,283.9100036621094,285.1700134277344,20944800
2021-08-02,275.07196044921875,284.82000732421875,286.7699890136719,283.739990234375,286.3599853515625,16267400
2021-08-03,277.29327392578125,287.1199951171875,287.2300109863281,284.0,285.4200134277344,17879000
2021-08-04,276.70416259765625,286.510009765625,287.5899963378906,284.6499938964844,286.2200012207031,16191300
2021-08-05,279.611083984375,289.5199890136719,289.6300048828125,286.1000061035156,286.8800048828125,13900200
2021-08-06,279.55316162109375,289.4599914550781,289.5,287.6199951171875,288.510009765625,16589300
2021-08-09,278.4617919921875,288.3299865722656,291.54998779296875,287.80999755859375,289.75,16117600
2021-08-10,276.6365051269531,286.44000244140625,289.25,285.20001220703125,288.79998779296875,18616600
2021-08-11,277.12908935546875,286.95001220703125,288.6600036621094,285.8599853515625,287.2099914550781,13955900
2021-08-12,279.8911437988281,289.80999755859375,289.9700012207031,286.3399963378906,286.6300048828125,14561300
2021-08-13,282.8270568847656,292.8500061035156,292.8999938964844,289.29998779296875,289.4800109863281,18249000
2021-08-16,284.5172424316406,294.6000061035156,294.82000732421875,290.0199890136719,293.19000244140625,22507600
2021-08-17,283.0492248535156,293.0799865722656,293.42999267578125,291.0799865722656,292.3900146484375,20075300
2021-08-18,281.3172302246094,290.7300109863281,294.82000732421875,290.2699890136719,292.0400085449219,21813000
2021-08-19,287.16162109375,296.7699890136719,297.4700012207031,288.6400146484375,288.69000244140625,29850500
2021-08-20,294.505859375,304.3599853515625,305.8399963378906,298.05999755859375,299.7200012207031,40817600
2021-08-23,294.78656005859375,304.6499938964844,305.3999938964844,301.8500061035156,303.25,22830200
2021-08-24,292.822265625,302.6199951171875,305.6499938964844,302.0,305.0199890136719,18175800
2021-08-25,292.23199462890625,302.010009765625,304.5899963378906,300.4200134277344,304.29998779296875,20006100
2021-08-26,289.4065246582031,299.0899963378906,302.42999267578125,298.95001220703125,300.989990234375,17666100
2021-08-27,290.0162353515625,299.7200012207031,300.8699951171875,296.8299865722656,298.989990234375,22605700
2021-08-30,293.76080322265625,303.5899963378906,304.2200012207031,301.05999755859375,301.1199951171875,16348100
2021-08-31,292.1062316894531,301.8800048828125,304.5,301.5,304.4200134277344,26285300
2021-09-01,292.05780029296875,301.8299865722656,305.19000244140625,301.489990234375,302.8699951171875,18983800
2021-09-02,291.39984130859375,301.1499938964844,303.3599853515625,300.17999267578125,302.20001220703125,16285600
2021-09-03,291.3901672363281,301.1400146484375,302.6000061035156,300.260009765625,300.989990234375,14747900
2021-09-07,290.46124267578125,300.17999267578125,301.0899963378906,298.20001220703125,301.010009765625,17180400
2021-09-08,290.4903259277344,300.2099914550781,300.6099853515625,297.4700012207031,299.7799987792969,15046800
2021-09-09,287.6260681152344,297.25,302.1400146484375,297.0,300.82000732421875,19927000
2021-09-10,286.1359558105469,295.7099914550781,299.9200134277344,295.3800048828125,298.4200134277344,19633400
2021-09-13,287.3744812011719,296.989990234375,298.5400085449219,294.0799865722656,297.54998779296875,23652900
2021-09-14,290.0838623046875,299.7900085449219,301.3900146484375,298.1000061035156,299.55999755859375,21853400
2021-09-15,294.9510498046875,304.82000732421875,305.32000732421875,301.82000732421875,303.260009765625,28356300
2021-09-16,295.3381042480469,305.2200012207031,305.30999755859375,300.760009765625,303.760009765625,19550800
2021-09-17,290.16131591796875,299.8699951171875,304.5,299.5299987792969,304.1700134277344,41372500
2021-09-20,284.7716064453125,294.29998779296875,298.7200012207031,289.5199890136719,296.3299865722656,38278700
2021-09-21,285.25543212890625,294.79998779296875,297.5400085449219,294.07000732421875,295.69000244140625,22364100
2021-09-22,288.9130554199219,298.5799865722656,300.2200012207031,294.510009765625,296.7300109863281,26626300
2021-09-23,289.861328125,299.55999755859375,300.8999938964844,297.5299987792969,298.8500061035156,18604600
2021-09-24,289.6580505371094,299.3500061035156,299.79998779296875,296.92999267578125,298.2300109863281,14999000
2021-09-27,284.6458435058594,294.1700134277344,296.4700012207031,292.94000244140625,296.1400146484375,23571700
2021-09-28,274.3406677246094,283.5199890136719,290.7799987792969,282.75,289.79998779296875,43186200
2021-09-29,274.8050537109375,284.0,286.7699890136719,283.010009765625,285.1000061035156,26353700
2021-09-30,272.7924499511719,281.9200134277344,287.8299865722656,281.6199951171875,285.7099914550781,32343600
2021-10-01,279.739990234375,289.1000061035156,289.9800109863281,281.2900085449219,282.1199951171875,30086300
2021-10-04,273.9439697265625,283.1099853515625,287.75,280.25,287.3999938964844,31350700
2021-10-05,279.4110412597656,288.760009765625,290.3999938964844,284.04998779296875,284.04998779296875,24993000
2021-10-06,283.6202087402344,293.1099853515625,293.6300048828125,285.510009765625,285.7799987792969,28002600
2021-10-07,285.30377197265625,294.8500061035156,296.6400146484375,293.9200134277344,295.17999267578125,20430500
2021-10-08,285.30377197265625,294.8500061035156,296.6400146484375,293.760009765625,296.2200012207031,17685700
2021-10-11,284.7038879394531,294.2300109863281,297.9700012207031,292.75,292.9200134277344,19298600
2021-10-12,283.3975830078125,292.8800048828125,295.44000244140625,292.3500061035156,295.3399963378906,17974100
2021-10-13,286.7165222167969,296.30999755859375,297.2799987792969,293.489990234375,294.9100036621094,23416300
2021-10-14,292.947998046875,302.75,303.2699890136719,297.8299865722656,299.2099914550781,27262900
2021-10-15,294.3607177734375,304.2099914550781,304.45001220703125,300.5199890136719,302.3399963378906,25384800
2021-10-18,297.3410339355469,307.2900085449219,308.2099914550781,302.69000244140625,303.57000732421875,22729300
2021-10-19,298.25067138671875,308.2300109863281,309.29998779296875,307.2200012207031,308.3500061035156,17682100
2021-10-20,297.4571533203125,307.4100036621094,309.70001220703125,306.1099853515625,309.2099914550781,16537100
2021-10-21,300.6986999511719,310.760009765625,311.0199890136719,306.3599853515625,307.1700134277344,16918100
2021-10-22,299.1505126953125,309.1600036621094,311.0899963378906,307.79998779296875,310.3999938964844,17449300
2021-10-25,298.15380859375,308.1300048828125,309.3999938964844,306.4599914550781,309.3599853515625,17554500
2021-10-26,300.0697326660156,310.1099853515625,312.3999938964844,308.6000061035156,311.0,28107300
2021-10-27,312.7069396972656,323.1700134277344,326.1000061035156,316.0,316.0,52588700
2021-10-28,313.8487548828125,324.3500061035156,324.8699951171875,321.3599853515625,324.3299865722656,26297900
2021-10-29,320.8833923339844,331.6199951171875,332.0,323.8999938964844,324.1300048828125,34766000
2021-11-01,318.70623779296875,329.3699951171875,331.489990234375,326.3699951171875,331.3599853515625,27073200
2021-11-02,322.34442138671875,333.1300048828125,333.45001220703125,330.0,330.30999755859375,26487100
2021-11-03,323.18634033203125,334.0,334.8999938964844,330.6499938964844,333.8999938964844,21500100
2021-11-04,325.5472106933594,336.44000244140625,336.5400085449219,329.510009765625,332.8900146484375,23992200
2021-11-05,325.17962646484375,336.05999755859375,338.7900085449219,334.4200134277344,338.510009765625,22570100
2021-11-08,326.0794372558594,336.989990234375,337.6499938964844,334.44000244140625,337.29998779296875,20897000
2021-11-09,325.0731506347656,335.95001220703125,338.7200012207031,334.5299987792969,337.1099853515625,21307400
2021-11-10,320.08990478515625,330.79998779296875,334.6300048828125,329.9200134277344,334.57000732421875,25500900
2021-11-11,321.66705322265625,332.42999267578125,333.7699890136719,330.510009765625,331.25,16849800
2021-11-12,325.8182067871094,336.7200012207031,337.2300109863281,333.7900085449219,333.9200134277344,23831000
2021-11-15,325.18927001953125,336.07000732421875,337.8800048828125,334.0299987792969,337.5400085449219,16723000
2021-11-16,328.517822265625,339.510009765625,340.6700134277344,335.510009765625,335.67999267578125,20886800
2021-11-17,328.7408142089844,339.1199951171875,342.19000244140625,338.0,338.94000244140625,19053400
2021-11-18,330.8251037597656,341.2699890136719,342.45001220703125,337.1199951171875,338.17999267578125,22463500
2021-11-19,332.6086730957031,343.1099853515625,345.1000061035156,342.20001220703125,342.6400146484375,21963400
2021-11-22,329.42913818359375,339.8299865722656,349.6700134277344,339.54998779296875,344.6199951171875,31031100
2021-11-23,327.3449401855469,337.67999267578125,339.45001220703125,333.55999755859375,337.04998779296875,30427600
2021-11-24,327.5679016113281,337.9100036621094,338.1600036621094,333.9100036621094,336.2799987792969,21661300
2021-11-26,319.58978271484375,329.67999267578125,337.92999267578125,328.1199951171875,334.3500061035156,24217200
2021-11-29,326.32708740234375,336.6300048828125,339.0299987792969,334.739990234375,334.94000244140625,28563500
2021-11-30,320.4719543457031,330.5899963378906,337.7799987792969,328.989990234375,335.32000732421875,42885600
2021-12-01,319.9774475097656,330.0799865722656,339.2799987792969,329.3900146484375,335.1300048828125,33337600
2021-12-02,319.4056091308594,329.489990234375,333.489990234375,327.79998779296875,330.29998779296875,30766000
2021-12-03,313.1239929199219,323.010009765625,332.70001220703125,318.0299987792969,331.989990234375,41779300
2021-12-06,316.20660400390625,326.19000244140625,327.45001220703125,319.2300109863281,323.95001220703125,30032600
2021-12-07,324.6694030761719,334.9200134277344,335.79998779296875,330.1000061035156,331.6400146484375,31021900
2021-12-08,324.7178039550781,334.9700012207031,335.5,330.79998779296875,335.30999755859375,24761000
2021-12-09,322.9050598144531,333.1000061035156,336.489990234375,332.1199951171875,334.4100036621094,22214200
2021-12-10,332.0561828613281,342.5400085449219,343.0,334.7900085449219,334.9800109863281,38095700
2021-12-13,329.0122375488281,339.3999938964844,343.7900085449219,339.0799865722656,340.67999267578125,28899400
2021-12-14,318.2908020019531,328.3399963378906,334.6400146484375,324.1099853515625,333.2200012207031,44438700
2021-12-15,324.40765380859375,334.6499938964844,335.19000244140625,324.5,328.6099853515625,35381100
2021-12-16,314.9560241699219,324.8999938964844,336.760009765625,323.0199890136719,335.7099914550781,35034800
2021-12-17,313.88970947265625,323.79998779296875,324.9200134277344,317.25,320.8800048828125,47750300
2021-12-20,310.1188049316406,319.9100036621094,322.79998779296875,317.57000732421875,320.04998779296875,28326500
2021-12-21,317.27288818359375,327.2900085449219,327.7300109863281,319.79998779296875,323.2900085449219,24740600
2021-12-22,323.0020751953125,333.20001220703125,333.6099853515625,325.75,328.29998779296875,24831500
2021-12-23,324.4464416503906,334.69000244140625,336.3900146484375,332.7300109863281,332.75,19617800
2021-12-27,331.96893310546875,342.45001220703125,342.4800109863281,335.42999267578125,335.4599914550781,19947000
2021-12-28,330.8056640625,341.25,343.80999755859375,340.32000732421875,343.1499938964844,15661500
2021-12-29,331.4842529296875,341.95001220703125,344.29998779296875,339.67999267578125,341.29998779296875,15042000
2021-12-30,328.9347229003906,339.32000732421875,343.1300048828125,338.82000732421875,341.9100036621094,15994500
2021-12-31,326.02655029296875,336.32000732421875,339.3599853515625,335.8500061035156,338.510009765625,18000800
2022-01-03,324.5046081542969,334.75,338.0,329.7799987792969,335.3500061035156,28865100
2022-01-04,318.9402770996094,329.010009765625,335.20001220703125,326.1199951171875,334.8299865722656,32674300
2022-01-05,306.69683837890625,316.3800048828125,326.07000732421875,315.9800109863281,325.8599853515625,40054300
2022-01-06,304.27337646484375,313.8800048828125,318.70001220703125,311.489990234375,313.1499938964844,39646100
2022-01-07,304.4284362792969,314.0400085449219,316.5,310.0899963378906,314.1499938964844,32720000
2022-01-10,304.6513366699219,314.2699890136719,314.7200012207031,304.69000244140625,309.489990234375,44289500
2022-01-11,305.33966064453125,314.9800109863281,316.6099853515625,309.8900146484375,313.3800048828125,29386800
2022-01-12,308.52899169921875,318.2699890136719,323.4100036621094,317.0799865722656,319.6700134277344,34372200
2022-01-13,295.4712219238281,304.79998779296875,320.8800048828125,304.0,320.4700012207031,45366000
2022-01-14,300.7059326171875,310.20001220703125,310.82000732421875,303.75,304.25,39846400
2022-01-18,293.38702392578125,302.6499938964844,309.79998779296875,301.739990234375,304.07000732421875,42333200
2022-01-19,294.0462646484375,303.3299865722656,313.9100036621094,302.70001220703125,306.2900085449219,45933900
2022-01-20,292.36920166015625,301.6000061035156,311.6499938964844,301.1400146484375,309.07000732421875,35380700
2022-01-21,286.9696960449219,296.0299987792969,304.1099853515625,295.6099853515625,302.69000244140625,57984400
2022-01-24,287.29925537109375,296.3699951171875,297.1099853515625,276.04998779296875,292.20001220703125,85731500
2022-01-25,279.66046142578125,288.489990234375,294.989990234375,285.1700134277344,291.5199890136719,72848600
2022-01-26,287.6288757324219,296.7099914550781,308.5,293.0299987792969,307.989990234375,90428900
2022-01-27,290.6630859375,299.8399963378906,307.29998779296875,297.92999267578125,302.6600036621094,53481300
2022-01-28,298.8253479003906,308.260009765625,308.4800109863281,294.45001220703125,300.2300109863281,49743700
2022-01-31,301.4621276855469,310.9800109863281,312.3800048828125,306.3699951171875,308.95001220703125,46444500
2022-02-01,299.3100891113281,308.760009765625,310.6300048828125,305.1300048828125,310.4100036621094,40950400
2022-02-02,303.86614990234375,313.4599914550781,315.1199951171875,308.8800048828125,309.6300048828125,36636000
2022-02-03,292.0299072265625,301.25,311.2300109863281,299.9599914550781,309.489990234375,43730000
2022-02-04,296.5763244628906,305.94000244140625,308.79998779296875,299.9700012207031,300.2099914550781,35096500
2022-02-07,291.7390441894531,300.95001220703125,307.8399963378906,299.8999938964844,306.1700134277344,28533300
2022-02-08,295.2386169433594,304.55999755859375,305.55999755859375,299.95001220703125,301.25,32421200
2022-02-09,301.6850891113281,311.2099914550781,311.92999267578125,307.3900146484375,309.8699951171875,31284700
2022-02-10,293.1253356933594,302.3800048828125,309.1199951171875,300.70001220703125,304.0400085449219,45386200
2022-02-11,286.010009765625,295.0400085449219,304.2900085449219,294.2200012207031,303.19000244140625,39175600
2022-02-14,285.97119140625,295.0,296.760009765625,291.3500061035156,293.7699890136719,36359500
2022-02-15,291.27374267578125,300.4700012207031,300.79998779296875,297.0199890136719,300.010009765625,27058300
2022-02-16,290.93377685546875,299.5,300.8699951171875,293.67999267578125,298.3699951171875,29982100
2022-02-17,282.4146728515625,290.7300109863281,296.79998779296875,290.0,296.3599853515625,32461600
2022-02-18,279.6946716308594,287.92999267578125,293.8599853515625,286.30999755859375,293.04998779296875,34264000
2022-02-22,279.49072265625,287.7200012207031,291.5400085449219,284.5,285.0,41736100
2022-02-23,272.2538146972656,280.2699890136719,291.70001220703125,280.1000061035156,290.17999267578125,37811200
2022-02-24,286.1641845703125,294.5899963378906,295.1600036621094,271.5199890136719,272.510009765625,56989700
2022-02-25,288.8064270019531,297.30999755859375,297.6300048828125,291.6499938964844,295.1400146484375,32546700
2022-02-28,290.2441101074219,298.7900085449219,299.1400146484375,293.0,294.30999755859375,34627500
2022-03-01,286.513916015625,294.95001220703125,299.9700012207031,292.1499938964844,296.3999938964844,31217800
2022-03-02,291.6040954589844,300.19000244140625,301.4700012207031,293.70001220703125,295.3599853515625,31873000
2022-03-03,287.45623779296875,295.9200134277344,303.1300048828125,294.04998779296875,302.8900146484375,27314500
2022-03-04,281.5694885253906,289.8599853515625,295.6600036621094,287.1700134277344,294.2900085449219,32356500
2022-03-07,270.9327087402344,278.9100036621094,289.69000244140625,278.5299987792969,288.5299987792969,43157200
2022-03-08,267.9601745605469,275.8500061035156,283.9599914550781,270.0,277.79998779296875,48159500
2022-03-09,280.2484436035156,288.5,289.6000061035156,280.7799987792969,283.44000244140625,35204500
2022-03-10,277.421630859375,285.5899963378906,286.6000061035156,280.5799865722656,283.0199890136719,30628000
2022-03-11,272.0595397949219,280.07000732421875,289.510009765625,279.42999267578125,287.9599914550781,27209300
2022-03-14,268.5333251953125,276.44000244140625,285.3999938964844,275.82000732421875,280.3399963378906,30660700
2022-03-15,278.9370422363281,287.1499938964844,287.82000732421875,278.7300109863281,280.3500061035156,34245100
2022-03-16,285.969970703125,294.3900146484375,294.57000732421875,283.20001220703125,289.1099853515625,37826300
2022-03-17,286.7762451171875,295.2200012207031,295.6099853515625,289.3699951171875,293.2900085449219,30816600
2022-03-18,291.837158203125,300.42999267578125,301.0,292.7300109863281,295.3699951171875,43390600
2022-03-21,290.603515625,299.1600036621094,300.1400146484375,294.8999938964844,298.8900146484375,28351200
2022-03-22,295.3633728027344,304.05999755859375,305.0,298.7699890136719,299.79998779296875,27599700
2022-03-23,290.924072265625,299.489990234375,303.2300109863281,297.7200012207031,300.510009765625,25715400
2022-03-24,295.40228271484375,304.1000061035156,304.20001220703125,298.32000732421875,299.1400146484375,24484500
2022-03-25,294.99420166015625,303.67999267578125,305.5,299.2900085449219,305.2300109863281,22566500
2022-03-28,301.8134765625,310.70001220703125,310.79998779296875,304.3299865722656,304.3299865722656,29578200
2022-03-29,306.3887634277344,315.4100036621094,315.82000732421875,309.04998779296875,313.9100036621094,30393400
2022-03-30,304.883056640625,313.8599853515625,315.95001220703125,311.5799865722656,313.760009765625,28163600
2022-03-31,299.49176025390625,308.30999755859375,315.1400146484375,307.8900146484375,313.8999938964844,33422100
2022-04-01,300.5700378417969,309.4200134277344,310.1300048828125,305.5400085449219,309.3699951171875,27110500
2022-04-04,305.9613037109375,314.9700012207031,315.1099853515625,309.7099914550781,310.0899963378906,24289600
2022-04-05,301.9882507324219,310.8800048828125,314.8699951171875,309.8699951171875,313.2699890136719,23156700
2022-04-06,290.93377685546875,299.5,307.0,296.7099914550781,305.19000244140625,40110400
2022-04-07,292.75030517578125,301.3699951171875,303.6499938964844,296.3500061035156,296.6600036621094,31411200
2022-04-08,288.4761962890625,296.9700012207031,301.1199951171875,296.2799987792969,300.44000244140625,24361900
2022-04-11,277.10113525390625,285.260009765625,292.6099853515625,285.0,291.7900085449219,34569300
2022-04-12,273.9925842285156,282.05999755859375,290.739990234375,280.489990234375,289.239990234375,30966700
2022-04-13,279.3935546875,287.6199951171875,288.5799865722656,281.29998779296875,282.7300109863281,21907200
2022-04-14,271.8263854980469,279.8299865722656,288.30999755859375,279.32000732421875,288.0899963378906,28221600
2022-04-18,272.4966125488281,280.5199890136719,282.4599914550781,278.3399963378906,278.9100036621094,20778000
2022-04-19,277.13983154296875,285.29998779296875,286.1700134277344,278.4100036621094,279.3800048828125,22297700
2022-04-20,278.16961669921875,286.3599853515625,289.70001220703125,285.3699951171875,289.3999938964844,22906700
2022-04-21,272.77838134765625,280.80999755859375,293.29998779296875,280.05999755859375,288.5799865722656,29454600
2022-04-22,266.1922302246094,274.0299987792969,283.20001220703125,273.3800048828125,281.67999267578125,29405800
2022-04-25,272.6908874511719,280.7200012207031,281.1099853515625,270.7699890136719,273.2900085449219,35678900
2022-04-26,262.49127197265625,270.2200012207031,278.3599853515625,270.0,277.5,46518400
2022-04-27,275.11944580078125,283.2200012207031,290.9700012207031,279.1600036621094,282.1000061035156,63477700
2022-04-28,281.3461608886719,289.6300048828125,290.9800109863281,281.4599914550781,285.19000244140625,33646600
2022-04-29,269.5824279785156,277.5199890136719,289.8800048828125,276.5,288.6099853515625,37073900
2022-05-02,276.3337097167969,284.4700012207031,284.94000244140625,276.2200012207031,277.7099914550781,35151100
2022-05-03,273.7206115722656,281.7799987792969,284.1300048828125,280.1499938964844,283.9599914550781,25978600
2022-05-04,281.6860656738281,289.9800109863281,290.8800048828125,276.7300109863281,282.5899963378906,33599300
2022-05-05,269.4173583984375,277.3500061035156,286.3500061035156,274.3399963378906,285.5400085449219,43260400
2022-05-06,266.8722229003906,274.7300109863281,279.25,271.2699890136719,274.80999755859375,37780300
2022-05-09,257.0125732421875,264.5799865722656,272.3599853515625,263.32000732421875,270.05999755859375,47726000
2022-05-10,261.7917785644531,269.5,273.75,265.07000732421875,271.69000244140625,39336400
2022-05-11,253.0978240966797,260.54998779296875,271.3599853515625,259.29998779296875,265.67999267578125,48975900
2022-05-12,248.04653930664062,255.35000610351562,259.8800048828125,250.02000427246094,257.69000244140625,51033800
2022-05-13,253.65155029296875,261.1199951171875,263.0400085449219,255.35000610351562,257.3500061035156,34925100
2022-05-16,254.02066040039062,261.5,265.82000732421875,255.77999877929688,259.9599914550781,32550900
2022-05-17,259.1884460449219,266.82000732421875,268.3299865722656,262.4599914550781,266.1099853515625,28828800
2022-05-18,247.38772583007812,254.0800018310547,263.6000061035156,252.77000427246094,263.0,31356000
2022-05-19,246.4724884033203,253.13999938964844,257.6700134277344,251.8800048828125,253.89999389648438,32692300
2022-05-20,245.90777587890625,252.55999755859375,258.5400085449219,246.44000244140625,257.239990234375,39199300
2022-05-23,253.78468322753906,260.6499938964844,261.5,253.42999267578125,255.49000549316406,33175400
2022-05-24,252.78184509277344,259.6199951171875,261.3299865722656,253.5,257.8900146484375,29043900
2022-05-25,255.60543823242188,262.5199890136719,264.5799865722656,257.1300048828125,258.1400146484375,28547900
2022-05-26,258.8964538574219,265.8999938964844,267.1099853515625,261.42999267578125,262.2699890136719,25002100
2022-05-27,266.0430908203125,273.239990234375,273.3399963378906,267.55999755859375,268.4800109863281,26910800
2022-05-31,264.7091979980469,271.8699951171875,274.7699890136719,268.92999267578125,272.5299987792969,37827700
2022-06-01,265.2447204589844,272.4200134277344,277.69000244140625,270.0400085449219,275.20001220703125,25292200
2022-06-02,267.3477783203125,274.5799865722656,274.6499938964844,261.6000061035156,264.45001220703125,44008200
2022-06-03,262.90789794921875,270.0199890136719,273.45001220703125,268.4100036621094,270.30999755859375,28059000
2022-06-06,261.6713562011719,268.75,274.17999267578125,267.2200012207031,272.05999755859375,22400300
2022-06-07,265.3226013183594,272.5,273.1300048828125,265.94000244140625,266.6400146484375,22860700
2022-06-08,263.2876281738281,270.4100036621094,273.0,269.6099853515625,271.7099914550781,17372300
2022-06-09,257.815673828125,264.7900085449219,272.7099914550781,264.6300048828125,267.7799987792969,26439700
2022-06-10,246.3264617919922,252.99000549316406,260.5799865722656,252.52999877929688,260.5799865722656,31422800
2022-06-13,235.87908935546875,242.25999450683594,249.02000427246094,241.52999877929688,245.11000061035156,46135800
2022-06-14,238.05029296875,244.49000549316406,245.74000549316406,241.50999450683594,243.86000061035156,28651500
2022-06-15,245.12884521484375,251.75999450683594,255.3000030517578,246.4199981689453,248.30999755859375,33111700
2022-06-16,238.51768493652344,244.97000122070312,247.4199981689453,243.02000427246094,245.97999572753906,33169200
2022-06-17,241.12710571289062,247.64999389648438,250.5,244.02999877929688,244.6999969482422,43084800
2022-06-21,247.0566864013672,253.74000549316406,254.75,249.50999450683594,250.25999450683594,29928300
2022-06-22,246.4627685546875,253.1300048828125,257.1700134277344,250.3699951171875,251.88999938964844,25939900
2022-06-23,252.04183959960938,258.8599853515625,259.3699951171875,253.6300048828125,255.57000732421875,25861400
2022-06-24,260.64898681640625,267.70001220703125,267.9800109863281,261.7200012207031,261.80999755859375,33923200
2022-06-27,257.91302490234375,264.8900146484375,268.29998779296875,263.2799987792969,268.2099914550781,24615100
2022-06-28,249.7245330810547,256.4800109863281,266.9100036621094,256.32000732421875,263.9800109863281,27295500
2022-06-29,253.40499877929688,260.260009765625,261.9700012207031,255.75999450683594,257.5899963378906,20069800
2022-06-30,250.0653076171875,256.8299865722656,259.5299987792969,252.89999389648438,257.04998779296875,31730900
2022-07-01,252.74282836914062,259.5799865722656,259.7699890136719,254.61000061035156,256.3900146484375,22837700
2022-07-05,255.92674255371094,262.8500061035156,262.9800109863281,254.74000549316406,256.1600036621094,22941000
2022-07-06,259.1982727050781,266.2099914550781,267.989990234375,262.3999938964844,263.75,23824400
2022-07-07,261.33056640625,268.3999938964844,269.05999755859375,265.0199890136719,265.1199951171875,20859900
2022-07-08,260.61004638671875,267.6600036621094,268.1000061035156,263.2900085449219,264.7900085449219,19658800
2022-07-11,257.5430603027344,264.510009765625,266.5299987792969,262.17999267578125,265.6499938964844,19455200
2022-07-12,246.988525390625,253.6699981689453,265.94000244140625,252.0399932861328,265.8800048828125,35868500
2022-07-13,246.0635528564453,252.72000122070312,253.5500030517578,248.11000061035156,250.19000244140625,29497400
2022-07-14,247.38772583007812,254.0800018310547,255.13999938964844,245.94000244140625,250.57000732421875,25102800
2022-07-15,249.9582061767578,256.7200012207031,260.3699951171875,254.77000427246094,255.72000122070312,29774100
2022-07-18,247.5532684326172,254.25,260.8399963378906,253.3000030517578,259.75,20975000
2022-07-19,252.69418334960938,259.5299987792969,259.7200012207031,253.67999267578125,257.5799865722656,25012600
2022-07-20,255.362060546875,262.2699890136719,264.8699951171875,258.9100036621094,259.8999938964844,22788300
2022-07-21,257.8643493652344,264.8399963378906,264.8900146484375,257.0299987792969,259.7900085449219,22404700
2022-07-22,253.50228881835938,260.3599853515625,265.3299865722656,259.07000732421875,265.239990234375,21881300
2022-07-25,252.01260375976562,258.8299865722656,261.5,256.80999755859375,261.0,21056000
2022-07-26,245.26512145996094,251.89999389648438,259.8800048828125,249.57000732421875,259.8599853515625,39348000
2022-07-27,261.6615905761719,268.739990234375,270.04998779296875,258.8500061035156,261.1600036621094,45994000
2022-07-28,269.12957763671875,276.4100036621094,277.8399963378906,267.8699951171875,269.75,33459300
2022-07-29,273.34552001953125,280.739990234375,282.0,276.6300048828125,277.70001220703125,32152800
2022-08-01,270.6874694824219,278.010009765625,281.2799987792969,275.8399963378906,277.82000732421875,21539600
2022-08-02,267.5814514160156,274.82000732421875,277.8900146484375,272.3800048828125,276.0,22754200
2022-08-03,275.02996826171875,282.4700012207031,283.5,276.6099853515625,276.760009765625,23518900
2022-08-04,276.1788330078125,283.6499938964844,283.79998779296875,280.1700134277344,281.79998779296875,18098700
2022-08-05,275.4583740234375,282.9100036621094,283.6499938964844,278.67999267578125,279.1499938964844,16774600
2022-08-08,272.93658447265625,280.32000732421875,285.9200134277344,279.32000732421875,284.04998779296875,18739200
2022-08-09,274.86444091796875,282.29998779296875,283.0799865722656,277.6099853515625,279.6400146484375,23405200
2022-08-10,281.5437316894531,289.1600036621094,289.80999755859375,286.94000244140625,288.1700134277344,24687800
2022-08-11,279.4601135253906,287.0199890136719,291.2099914550781,286.510009765625,290.8500061035156,20065900
2022-08-12,284.2213134765625,291.9100036621094,291.9100036621094,286.94000244140625,288.4800109863281,22619700
2022-08-15,285.7402648925781,293.4700012207031,294.17999267578125,290.1099853515625,291.0,18085700
2022-08-16,285.0002136230469,292.7099914550781,294.0400085449219,290.4200134277344,291.989990234375,18102900
2022-08-17,284.2489013671875,291.32000732421875,293.3500061035156,289.4700012207031,289.739990234375,18253400
2022-08-18,283.12689208984375,290.1700134277344,291.9100036621094,289.0799865722656,290.19000244140625,17186200
2022-08-19,279.2043762207031,286.1499938964844,289.25,285.55999755859375,288.8999938964844,20570000
2022-08-22,271.0083312988281,277.75,282.4599914550781,277.2200012207031,282.0799865722656,25061100
2022-08-23,269.7301025390625,276.44000244140625,278.8599853515625,275.3999938964844,276.44000244140625,17527400
2022-08-24,269.09588623046875,275.7900085449219,277.2300109863281,275.1099853515625,275.4100036621094,18137000
2022-08-25,272.0816345214844,278.8500061035156,279.0199890136719,274.5199890136719,277.3299865722656,16583400
2022-08-26,261.5827941894531,268.0899963378906,280.3399963378906,267.9800109863281,279.0799865722656,27549300
2022-08-29,258.7922058105469,265.2300109863281,267.3999938964844,263.8500061035156,265.8500061035156,20338500
2022-08-30,256.5870666503906,262.9700012207031,267.04998779296875,260.6600036621094,266.6700134277344,22767100
2022-08-31,255.1234588623047,261.4700012207031,267.1099853515625,261.3299865722656,265.3900146484375,24791800
2022-09-01,254.0794677734375,260.3999938964844,260.8900146484375,255.41000366210938,258.8699951171875,23263400
2022-09-02,249.84478759765625,256.05999755859375,264.739990234375,254.47000122070312,261.70001220703125,22855400
2022-09-06,247.1029815673828,253.25,257.8299865722656,251.94000244140625,256.20001220703125,21328200
2022-09-07,251.8255157470703,258.0899963378906,258.8299865722656,253.22000122070312,254.6999969482422,24126700
2022-09-08,252.2450714111328,258.5199890136719,260.42999267578125,254.7899932861328,257.510009765625,20319900
2022-09-09,258.0409240722656,264.4599914550781,265.2300109863281,260.2900085449219,260.5,22084700
2022-09-12,260.177734375,266.6499938964844,267.45001220703125,265.1600036621094,265.7799987792969,18747700
2022-09-13,245.8735809326172,251.99000549316406,260.3999938964844,251.58999633789062,258.8399963378906,33353300
2022-09-14,246.0979766845703,252.22000122070312,254.22999572753906,249.86000061035156,253.52999877929688,23913000
2022-09-15,239.42401123046875,245.3800048828125,251.39999389648438,244.02000427246094,249.77000427246094,31530900
2022-09-16,238.79954528808594,244.74000549316406,245.3000030517578,242.05999755859375,244.25999450683594,39791800
2022-09-19,238.5848846435547,244.52000427246094,245.13999938964844,240.85000610351562,242.47000122070312,26826900
2022-09-20,236.56515502929688,242.4499969482422,243.50999450683594,239.63999938964844,242.07000732421875,26660300
2022-09-21,233.15005493164062,238.9499969482422,247.66000366210938,238.89999389648438,244.27000427246094,28625600
2022-09-22,235.13079833984375,240.97999572753906,243.86000061035156,237.57000732421875,237.8699951171875,31061200
2022-09-23,232.14511108398438,237.9199981689453,241.1300048828125,235.1999969482422,239.5399932861328,34176000
2022-09-26,231.6865234375,237.4499969482422,241.4499969482422,236.89999389648438,237.0500030517578,27694200
2022-09-27,230.67173767089844,236.41000366210938,241.8000030517578,234.5,239.97999572753906,27018700
2022-09-28,235.2186279296875,241.07000732421875,242.3300018310547,234.72999572753906,236.80999755859375,29029700
2022-09-29,231.7353057861328,237.5,239.9499969482422,234.41000366210938,238.88999938964844,27484200
2022-09-30,227.24691772460938,232.89999389648438,240.5399932861328,232.72999572753906,238.2899932861328,35694800
2022-10-03,234.89663696289062,240.74000549316406,241.61000061035156,234.66000366210938,235.41000366210938,28880400
2022-10-04,242.83908081054688,248.8800048828125,250.36000061035156,244.97999572753906,245.08999633789062,34888400
2022-10-05,243.15130615234375,249.1999969482422,250.5800018310547,244.10000610351562,245.99000549316406,20347100
2022-10-06,240.7998046875,246.7899932861328,250.33999633789062,246.0800018310547,247.92999267578125,20239900
2022-10-07,228.554443359375,234.24000549316406,241.32000732421875,233.1699981689453,240.89999389648438,37769600
2022-10-10,223.68553161621094,229.25,234.55999755859375,226.72999572753906,233.0500030517578,29743600
2022-10-11,219.938720703125,225.41000366210938,229.05999755859375,224.11000061035156,227.6199951171875,30474000
2022-10-12,220.27047729492188,225.75,227.86000061035156,223.9600067138672,225.39999389648438,21903900
2022-10-13,228.554443359375,234.24000549316406,236.10000610351562,219.1300048828125,219.85000610351562,42551800
2022-10-14,223.0122833251953,228.55999755859375,237.24000549316406,228.33999633789062,235.5399932861328,30198600
2022-10-17,231.7645263671875,237.52999877929688,238.9600067138672,235.13999938964844,235.82000732421875,28142300
2022-10-18,232.71099853515625,238.5,243.92999267578125,235.3699951171875,243.24000549316406,26329600
2022-10-19,230.7400360107422,236.47999572753906,239.61000061035156,234.2899932861328,237.0399932861328,19985700
2022-10-20,230.4180450439453,236.14999389648438,241.30999755859375,234.8699951171875,235.77000427246094,21811000
2022-10-21,236.24313354492188,242.1199951171875,243.0,234.5,234.74000549316406,26299700
2022-10-24,241.2486114501953,247.25,247.83999633789062,241.3000030517578,243.75999450683594,24911200
2022-10-25,244.57583618164062,250.66000366210938,251.0399932861328,245.8300018310547,247.25999450683594,34775500
2022-10-26,225.705322265625,231.32000732421875,238.3000030517578,230.05999755859375,231.1699981689453,82543200
2022-10-27,221.24620056152344,226.75,233.69000244140625,225.77999877929688,231.0399932861328,40424600
2022-10-28,230.14483642578125,235.8699951171875,236.60000610351562,226.0500030517578,226.24000549316406,40647700
2022-10-31,226.49563598632812,232.1300048828125,234.9199981689453,231.14999389648438,233.75999450683594,28357300
2022-11-01,222.63172912597656,228.1699981689453,235.74000549316406,227.3300018310547,234.60000610351562,30592300
2022-11-02,214.75762939453125,220.10000610351562,231.3000030517578,220.0399932861328,229.4600067138672,38407000
2022-11-03,209.0496063232422,214.25,220.41000366210938,213.97999572753906,220.08999633789062,36633900
2022-11-04,216.01632690429688,221.38999938964844,221.58999633789062,213.42999267578125,217.5500030517578,36789100
2022-11-07,222.33901977539062,227.8699951171875,228.41000366210938,221.27999877929688,221.99000549316406,33498000
2022-11-08,223.3147430419922,228.8699951171875,231.64999389648438,225.83999633789062,228.6999969482422,28192500
2022-11-09,219.0605926513672,224.50999450683594,228.6300048828125,224.3300018310547,227.3699951171875,27852900
2022-11-10,237.08224487304688,242.97999572753906,243.3300018310547,235.0,235.42999267578125,46268000
2022-11-11,241.11204528808594,247.11000061035156,247.99000549316406,241.92999267578125,242.99000549316406,34620200
2022-11-14,235.68699645996094,241.5500030517578,243.91000366210938,239.2100067138672,241.99000549316406,31123300
2022-11-15,236.09678649902344,241.97000122070312,247.0,240.02999877929688,245.66000366210938,31390100
2022-11-16,236.5272979736328,241.72999572753906,243.8000030517578,240.4199981689453,242.7899932861328,24093300
2022-11-17,236.4783935546875,241.67999267578125,243.25,237.6300048828125,237.77999877929688,23123500
2022-11-18,236.0282745361328,241.22000122070312,243.74000549316406,239.02999877929688,243.50999450683594,27613500
2022-11-21,236.84042358398438,242.0500030517578,244.6699981689453,241.19000244140625,241.42999267578125,26394700
2022-11-22,239.7562713623047,245.02999877929688,245.30999755859375,240.7100067138672,243.58999633789062,19665700
2022-11-23,242.25140380859375,247.5800018310547,248.27999877929688,244.27000427246094,245.11000061035156,19508500
2022-11-25,242.163330078125,247.49000549316406,248.6999969482422,246.72999572753906,247.30999755859375,9200800
2022-11-28,236.556640625,241.75999450683594,246.64999389648438,240.8000030517578,246.0800018310547,24778200
2022-11-29,235.15745544433594,240.3300018310547,242.7899932861328,238.2100067138672,241.39999389648438,17956300
2022-11-30,249.648681640625,255.13999938964844,255.3300018310547,239.86000061035156,240.57000732421875,47594200
2022-12-01,249.2083740234375,254.69000244140625,256.1199951171875,250.9199981689453,253.8699951171875,26041500
2022-12-02,249.53125,255.02000427246094,256.05999755859375,249.69000244140625,249.82000732421875,21528500
2022-12-05,244.8149871826172,250.1999969482422,253.82000732421875,248.05999755859375,252.00999450683594,23435300
2022-12-06,239.84434509277344,245.1199951171875,251.86000061035156,243.77999877929688,250.82000732421875,22463700
2022-12-07,239.11048889160156,244.3699951171875,246.16000366210938,242.2100067138672,244.8300018310547,20481500
2022-12-08,242.0752716064453,247.39999389648438,248.74000549316406,243.05999755859375,244.83999633789062,22611800
2022-12-09,240.1378936767578,245.4199981689453,248.30999755859375,244.16000366210938,244.6999969482422,20609700
2022-12-12,247.07528686523438,252.50999450683594,252.5399932861328,247.1699981689453,247.4499969482422,30665100
2022-12-13,251.390380859375,256.9200134277344,263.9200134277344,253.07000732421875,261.69000244140625,42196900
2022-12-14,251.68392944335938,257.2200012207031,262.5899963378906,254.30999755859375,257.1300048828125,35410900
2022-12-15,243.65060424804688,249.00999450683594,254.1999969482422,247.33999633789062,253.72000122070312,35560400
2022-12-16,239.423583984375,244.69000244140625,249.83999633789062,243.50999450683594,248.5500030517578,86102000
2022-12-19,235.27484130859375,240.4499969482422,245.2100067138672,238.7100067138672,244.86000061035156,29696400
2022-12-20,236.59580993652344,241.8000030517578,242.91000366210938,238.4199981689453,239.39999389648438,25150800
2022-12-21,239.169189453125,244.42999267578125,245.6199951171875,240.11000061035156,241.69000244140625,23690600
2022-12-22,233.06350708007812,238.19000244140625,241.99000549316406,233.8699951171875,241.25999450683594,28651700
2022-12-23,233.5918731689453,238.72999572753906,238.8699951171875,233.94000244140625,236.11000061035156,21207000
2022-12-27,231.8599853515625,236.9600067138672,238.92999267578125,235.8300018310547,238.6999969482422,16688600
2022-12-28,229.48226928710938,234.52999877929688,239.72000122070312,234.1699981689453,236.88999938964844,17457100
2022-12-29,235.82278442382812,241.00999450683594,241.9199981689453,235.64999389648438,235.64999389648438,19770700
2022-12-30,234.65841674804688,239.82000732421875,239.9600067138672,236.66000366210938,238.2100067138672,21938500
2023-01-03,234.42359924316406,239.5800018310547,245.75,237.39999389648438,243.0800018310547,25740000
2023-01-04,224.16912841796875,229.10000610351562,232.8699951171875,225.9600067138672,232.27999877929688,50623400
2023-01-05,217.52525329589844,222.30999755859375,227.5500030517578,221.75999450683594,227.1999969482422,39585600
2023-01-06,220.08889770507812,224.92999267578125,225.75999450683594,219.35000610351562,223.0,43613600
2023-01-09,222.23175048828125,227.1199951171875,231.24000549316406,226.41000366210938,226.4499969482422,27369800
2023-01-10,223.9245147705078,228.85000610351562,231.30999755859375,227.3300018310547,227.75999450683594,27033900
2023-01-11,230.69558715820312,235.77000427246094,235.9499969482422,231.11000061035156,231.2899932861328,28669300
2023-01-12,233.37660217285156,238.50999450683594,239.89999389648438,233.55999755859375,235.25999450683594,27269500
2023-01-13,234.08111572265625,239.22999572753906,239.3699951171875,234.9199981689453,237.0,21333300
2023-01-17,235.177001953125,240.35000610351562,240.91000366210938,237.08999633789062,237.97000122070312,29831300
2023-01-18,230.7346954345703,235.80999755859375,242.3800048828125,235.52000427246094,241.57000732421875,30028700
2023-01-19,226.93821716308594,231.92999267578125,235.52000427246094,230.67999267578125,233.77999877929688,28623000
2023-01-20,235.04978942871094,240.22000122070312,240.74000549316406,234.50999450683594,234.86000061035156,35389800
2023-01-23,237.35899353027344,242.5800018310547,245.1699981689453,239.64999389648438,241.10000610351562,31934000
2023-01-24,236.83062744140625,242.0399932861328,243.9499969482422,240.44000244140625,242.5,40234400
2023-01-25,235.43141174316406,240.61000061035156,243.3000030517578,230.89999389648438,234.47999572753906,66526600
2023-01-26,242.662353515625,248.0,248.30999755859375,242.0,243.64999389648438,33454500
2023-01-27,242.8189239501953,248.16000366210938,249.8300018310547,246.8300018310547,248.99000549316406,26498900
2023-01-30,237.48623657226562,242.7100067138672,245.60000610351562,242.1999969482422,244.50999450683594,25867400
2023-01-31,242.47645568847656,247.80999755859375,247.9499969482422,242.9499969482422,243.4499969482422,26541100
2023-02-01,247.31016540527344,252.75,255.17999267578125,245.47000122070312,248.0,31259900
2023-02-02,258.905029296875,264.6000061035156,264.69000244140625,257.25,258.82000732421875,39940400
2023-02-03,252.78961181640625,258.3500061035156,264.20001220703125,257.1000061035156,259.5400085449219,29077300
2023-02-06,251.2436065673828,256.7699890136719,258.29998779296875,254.77999877929688,257.44000244140625,22518000
2023-02-07,261.8014221191406,267.55999755859375,268.7699890136719,260.0799865722656,260.5299987792969,50841400
2023-02-08,260.9892883300781,266.7300109863281,276.760009765625,266.2099914550781,273.20001220703125,54686000
2023-02-09,257.94610595703125,263.6199951171875,273.9800109863281,262.79998779296875,273.79998779296875,42375100
2023-02-10,257.4373474121094,263.1000061035156,264.0899963378906,260.6600036621094,261.5299987792969,25818500
2023-02-13,265.4804382324219,271.32000732421875,274.6000061035156,267.1499938964844,267.6400146484375,44630900
2023-02-14,266.31219482421875,272.1700134277344,274.9700012207031,269.2799987792969,272.6700134277344,37047900
2023-02-15,264.1835632324219,269.32000732421875,270.7300109863281,266.17999267578125,268.32000732421875,28922400
2023-02-16,257.1502685546875,262.1499938964844,266.739990234375,261.8999938964844,264.0199890136719,29603600
2023-02-17,253.13829040527344,258.05999755859375,260.0899963378906,256.0,259.3900146484375,30000100
2023-02-21,247.85108947753906,252.6699981689453,255.49000549316406,251.58999633789062,254.47999572753906,28397400
2023-02-22,246.7132110595703,251.50999450683594,254.33999633789062,250.33999633789062,254.08999633789062,22491100
2023-02-23,249.91102600097656,254.77000427246094,256.8399963378906,250.47999572753906,255.55999755859375,29219100
2023-02-24,244.46685791015625,249.22000122070312,251.0,248.10000610351562,249.9600067138672,24990900
2023-02-27,245.3889617919922,250.16000366210938,252.82000732421875,249.38999938964844,252.4600067138672,21190000
2023-02-28,244.6630859375,249.4199981689453,251.49000549316406,248.72999572753906,249.07000732421875,22491000
2023-03-01,241.5731658935547,246.27000427246094,250.92999267578125,245.7899932861328,250.75999450683594,27565300
2023-03-02,246.32083129882812,251.11000061035156,251.39999389648438,245.61000061035156,246.5500030517578,24808200
2023-03-03,250.42108154296875,255.2899932861328,255.6199951171875,251.38999938964844,252.19000244140625,30760100
2023-03-06,251.9709930419922,256.8699951171875,260.1199951171875,255.97999572753906,256.42999267578125,24109800
2023-03-07,249.3028564453125,254.14999389648438,257.69000244140625,253.38999938964844,256.29998779296875,21473200
2023-03-08,248.8614501953125,253.6999969482422,254.5399932861328,250.80999755859375,254.0399932861328,17340200
2023-03-09,247.50778198242188,252.32000732421875,259.55999755859375,251.5800018310547,255.82000732421875,26653400
2023-03-10,243.84889221191406,248.58999633789062,252.7899932861328,247.60000610351562,251.0800018310547,28333900
2023-03-13,249.0772247314453,253.9199981689453,257.9100036621094,245.72999572753906,247.39999389648438,33339700
2023-03-14,255.8162841796875,260.7900085449219,261.07000732421875,255.86000061035156,256.75,33620300
2023-03-15,260.3775329589844,265.44000244140625,266.4800109863281,259.2099914550781,259.9800109863281,46028000
2023-03-16,270.93231201171875,276.20001220703125,276.55999755859375,263.2799987792969,265.2099914550781,54768800
2023-03-17,274.10076904296875,279.42999267578125,283.3299865722656,276.32000732421875,278.260009765625,69527400
2023-03-20,267.0380859375,272.2300109863281,277.4800109863281,269.8500061035156,276.9800109863281,43466600
2023-03-21,268.5585021972656,273.7799987792969,275.0,269.5199890136719,274.8800048828125,34558700
2023-03-22,267.096923828125,272.2900085449219,281.0400085449219,272.17999267578125,273.3999938964844,34873300
2023-03-23,272.364501953125,277.6600036621094,281.05999755859375,275.20001220703125,277.94000244140625,36610900
2023-03-24,275.2190246582031,280.57000732421875,280.6300048828125,275.2799987792969,277.239990234375,28172000
2023-03-27,271.10888671875,276.3800048828125,281.4599914550781,275.5199890136719,280.5,26840200
2023-03-28,269.9808349609375,275.2300109863281,276.1400146484375,272.04998779296875,275.7900085449219,21878600
2023-03-29,275.1601867675781,280.510009765625,281.1400146484375,278.4100036621094,278.9599914550781,25087000
2023-03-30,278.6325988769531,284.04998779296875,284.4599914550781,281.4800109863281,284.2300109863281,25053400
2023-03-31,282.8015441894531,288.29998779296875,289.2699890136719,283.0,283.7300109863281,32766000
2023-04-03,281.7519836425781,287.2300109863281,288.2699890136719,283.95001220703125,286.5199890136719,24883300
2023-04-04,281.702880859375,287.17999267578125,290.45001220703125,285.6700134277344,287.2300109863281,25824300
2023-04-05,278.9171142578125,284.3399963378906,287.1499938964844,282.9200134277344,285.8500061035156,22064800
2023-04-06,286.0386047363281,291.6000061035156,292.0799865722656,282.0299987792969,283.2099914550781,29770300
2023-04-10,283.87078857421875,289.3900146484375,289.6000061035156,284.7099914550781,289.2099914550781,23103000
2023-04-11,277.43585205078125,282.8299865722656,285.9800109863281,281.6400146484375,285.75,27276600
2023-04-12,278.083251953125,283.489990234375,287.010009765625,281.9599914550781,284.7900085449219,27403400
2023-04-13,284.3122253417969,289.8399963378906,289.8999938964844,283.1700134277344,283.5899963378906,24222700
2023-04-14,280.6827697753906,286.1400146484375,288.4800109863281,283.69000244140625,287.0,20987900
2023-04-17,283.2920227050781,288.79998779296875,291.6000061035156,286.1600036621094,289.92999267578125,23836200
2023-04-18,282.8702087402344,288.3699951171875,291.760009765625,287.010009765625,291.57000732421875,20161800
2023-04-19,282.9486999511719,288.45001220703125,289.04998779296875,284.5400085449219,285.989990234375,17150300
2023-04-20,280.6532897949219,286.1099853515625,289.0299987792969,285.0799865722656,285.25,23244400
2023-04-21,280.30999755859375,285.760009765625,286.2699890136719,283.05999755859375,285.010009765625,21676400
2023-04-24,276.3960876464844,281.7699890136719,284.95001220703125,278.7200012207031,282.0899963378906,26611000
2023-04-25,270.1672058105469,275.4200134277344,281.6000061035156,275.3699951171875,279.510009765625,45772200
2023-04-26,289.7366943359375,295.3699951171875,299.57000732421875,292.7300109863281,296.70001220703125,64599200
2023-04-27,299.0163269042969,304.8299865722656,305.20001220703125,295.25,295.9700012207031,46462600
2023-04-28,301.39996337890625,307.260009765625,308.92999267578125,303.30999755859375,304.010009765625,36469600
2023-05-01,299.7323913574219,305.55999755859375,308.6000061035156,305.1499938964844,306.9700012207031,21294100
2023-05-02,299.58526611328125,305.4100036621094,309.17999267578125,303.9100036621094,307.760009765625,26404400
2023-05-03,298.594482421875,304.3999938964844,308.6099853515625,304.0899963378906,306.6199951171875,22360800
2023-05-04,299.58526611328125,305.4100036621094,307.760009765625,303.3999938964844,306.239990234375,22519900
2023-05-05,304.725341796875,310.6499938964844,311.9700012207031,304.2699890136719,305.7200012207031,28197100
2023-05-08,302.7634582519531,308.6499938964844,310.20001220703125,306.0899963378906,310.1300048828125,21318600
2023-05-09,301.14495849609375,307.0,310.0400085449219,306.30999755859375,308.0,21340800
2023-05-10,306.35357666015625,312.30999755859375,313.0,307.6700134277344,308.6199951171875,30078000
2023-05-11,304.1954650878906,310.1099853515625,311.1199951171875,306.260009765625,310.1000061035156,31680200
2023-05-12,303.0773620605469,308.9700012207031,310.6499938964844,306.6000061035156,310.54998779296875,19774700
2023-05-15,303.5579528808594,309.4599914550781,309.8999938964844,307.5899963378906,309.1000061035156,16336500
2023-05-16,305.79449462890625,311.739990234375,313.7099914550781,309.8299865722656,309.8299865722656,26730300
2023-05-17,308.6846923828125,314.0,314.42999267578125,310.739990234375,312.2900085449219,24315000
2023-05-18,313.12823486328125,318.5199890136719,319.0400085449219,313.7200012207031,314.5299987792969,27276000
2023-05-19,312.9512939453125,318.3399963378906,318.75,316.3699951171875,316.739990234375,27546700
2023-05-22,315.7431945800781,321.17999267578125,322.5899963378906,318.010009765625,318.6000061035156,24115700
2023-05-23,309.9234313964844,315.260009765625,322.7200012207031,315.25,320.0299987792969,30797200
2023-05-24,308.53729248046875,313.8500061035156,316.5,312.6099853515625,314.7300109863281,23384900
2023-05-25,320.4029846191406,325.9200134277344,326.8999938964844,320.0,323.239990234375,43301700
2023-05-26,327.25494384765625,332.8900146484375,333.3999938964844,323.8800048828125,324.0199890136719,36630600
2023-05-30,325.6034240722656,331.2099914550781,335.739990234375,330.5199890136719,335.2300109863281,29503100
2023-05-31,322.8311767578125,328.3900146484375,335.94000244140625,327.3299865722656,332.2900085449219,45950600
2023-06-01,326.9502258300781,332.5799865722656,333.5299987792969,324.7200012207031,325.92999267578125,26773900
2023-06-02,329.7224426269531,335.3999938964844,337.5,332.54998779296875,334.25,25873800
2023-06-05,330.25335693359375,335.94000244140625,338.55999755859375,334.6600036621094,335.2200012207031,21307100
2023-06-06,328.0316467285156,333.67999267578125,335.3699951171875,332.1700134277344,335.3299865722656,20396200
2023-06-07,317.9059143066406,323.3800048828125,334.489990234375,322.5,331.6499938964844,40717100
2023-06-08,319.754150390625,325.260009765625,326.6400146484375,323.3500061035156,323.94000244140625,23277700
2023-06-09,321.2582702636719,326.7900085449219,329.989990234375,324.4100036621094,324.989990234375,22529000
2023-06-12,326.2325744628906,331.8500061035156,332.1000061035156,325.1600036621094,328.5799865722656,24260300
2023-06-13,328.6313171386719,334.2900085449219,336.9800109863281,330.3900146484375,334.4700012207031,22951300
2023-06-14,331.6296691894531,337.3399963378906,339.0400085449219,332.80999755859375,334.3399963378906,26003800
2023-06-15,342.20751953125,348.1000061035156,349.8399963378906,337.20001220703125,337.4800109863281,38899100
2023-06-16,336.5351257324219,342.3299865722656,351.4700012207031,341.95001220703125,351.32000732421875,46552000
2023-06-20,332.32763671875,338.04998779296875,342.0799865722656,335.8599853515625,339.30999755859375,26375400
2023-06-21,327.9136657714844,333.55999755859375,337.7300109863281,332.07000732421875,336.3699951171875,25117800
2023-06-22,333.95947265625,339.7099914550781,340.1199951171875,333.3399963378906,334.1199951171875,23556800
2023-06-23,329.34893798828125,335.0199890136719,337.9599914550781,333.45001220703125,334.3599853515625,23146900
2023-06-26,323.0376281738281,328.6000061035156,336.1099853515625,328.489990234375,333.7200012207031,21520600
2023-06-27,328.9065856933594,334.57000732421875,336.1499938964844,329.29998779296875,331.8599853515625,24354100
2023-06-28,330.1648864746094,335.8500061035156,337.9800109863281,333.80999755859375,334.6600036621094,20259500
2023-06-29,329.37841796875,335.04998779296875,336.1099853515625,332.6199951171875,334.7099914550781,16997000
2023-06-30,334.7754821777344,340.5400085449219,342.7300109863281,337.20001220703125,337.75,26832800
2023-07-03,332.2686462402344,337.989990234375,340.8999938964844,336.57000732421875,339.19000244140625,12508700
2023-07-05,332.4259338378906,338.1499938964844,341.6499938964844,334.7300109863281,335.0899963378906,18172400
2023-07-06,335.49310302734375,341.2699890136719,342.989990234375,335.5,337.29998779296875,28161200
2023-07-07,331.51165771484375,337.2200012207031,341.7900085449219,337.0,339.32000732421875,21214800
2023-07-10,326.212890625,331.8299865722656,335.2300109863281,327.5899963378906,334.6000061035156,32791400
2023-07-11,326.84210205078125,332.4700012207031,332.8599853515625,327.0,331.05999755859375,26698200
2023-07-12,331.4920349121094,337.20001220703125,341.6499938964844,335.6700134277344,336.6000061035156,29995300
2023-07-13,336.85955810546875,342.6600036621094,343.739990234375,339.0199890136719,339.55999755859375,20567200
2023-07-14,339.3959045410156,345.239990234375,351.42999267578125,344.30999755859375,347.5899963378906,28352700
2023-07-17,339.8775939941406,345.7300109863281,346.989990234375,342.20001220703125,345.67999267578125,20363900
2023-07-18,353.40472412109375,359.489990234375,366.7799987792969,342.1700134277344,345.8299865722656,64738600
2023-07-19,349.0693664550781,355.0799865722656,362.4599914550781,352.44000244140625,361.75,39732900
2023-07-20,340.99835205078125,346.8699951171875,357.9700012207031,345.3699951171875,353.57000732421875,33778400
2023-07-21,337.9507751464844,343.7699890136719,350.29998779296875,339.8299865722656,349.1499938964844,69405400
2023-07-24,339.2680969238281,345.1099853515625,346.9200134277344,342.30999755859375,345.8500061035156,26678100
2023-07-25,345.038818359375,350.9800109863281,351.8900146484375,345.07000732421875,347.1099853515625,41637700
2023-07-26,332.0523986816406,337.7699890136719,344.6700134277344,333.1099853515625,341.44000244140625,58383700
2023-07-27,325.1216735839844,330.7200012207031,341.3299865722656,329.04998779296875,340.4800109863281,39635300
2023-07-28,332.6422119140625,338.3699951171875,340.010009765625,333.1700134277344,333.6700134277344,28484900
2023-07-31,330.23370361328125,335.9200134277344,337.70001220703125,333.3599853515625,336.9200134277344,25446000
2023-08-01,330.64654541015625,336.3399963378906,338.5400085449219,333.70001220703125,335.19000244140625,18311900
2023-08-02,321.95623779296875,327.5,333.6300048828125,326.3599853515625,333.6300048828125,27761300
2023-08-03,321.1304016113281,326.6600036621094,329.8800048828125,325.95001220703125,326.0,18253700
2023-08-04,322.23150634765625,327.7799987792969,335.1400146484375,327.239990234375,331.8800048828125,23741500
2023-08-07,324.52203369140625,330.1099853515625,331.1099853515625,327.5199890136719,328.3699951171875,17741500
2023-08-08,320.53076171875,326.04998779296875,328.75,323.0,326.9599914550781,22327600
2023-08-09,316.7754211425781,322.2300109863281,327.1099853515625,321.04998779296875,326.4700012207031,22373300
2023-08-10,317.46356201171875,322.92999267578125,328.260009765625,321.17999267578125,326.0199890136719,20113700
2023-08-11,315.5760498046875,321.010009765625,322.4100036621094,319.2099914550781,320.260009765625,24355500
2023-08-14,318.5548095703125,324.0400085449219,324.05999755859375,320.0799865722656,321.3900146484375,18836100
2023-08-15,316.41168212890625,321.8599853515625,325.0899963378906,320.8999938964844,323.0,16966300
2023-08-16,315.6432189941406,320.3999938964844,324.4200134277344,319.79998779296875,320.79998779296875,20698900
2023-08-17,312.175537109375,316.8800048828125,321.8699951171875,316.2099914550781,320.5400085449219,21257200
2023-08-18,311.78143310546875,316.4800109863281,318.3800048828125,311.54998779296875,314.489990234375,24755000
2023-08-21,317.101318359375,321.8800048828125,322.7699890136719,317.0400085449219,317.92999267578125,24040000
2023-08-22,317.6726989746094,322.4599914550781,326.0799865722656,321.4599914550781,325.5,16084600
2023-08-23,322.1452941894531,327.0,329.20001220703125,323.4599914550781,323.82000732421875,21166400
2023-08-24,315.21966552734375,319.9700012207031,332.9800109863281,319.9599914550781,332.8500061035156,23281400
2023-08-25,318.1849670410156,322.9800109863281,325.3599853515625,318.79998779296875,321.4700012207031,21684100
2023-08-28,318.894287109375,323.70001220703125,326.1499938964844,321.7200012207031,325.6600036621094,14808500
2023-08-29,323.5343933105469,328.4100036621094,328.9800109863281,321.8800048828125,321.8800048828125,19284600
2023-08-30,323.9087219238281,328.7900085449219,329.80999755859375,326.45001220703125,328.6700134277344,15222100
2023-08-31,322.89404296875,327.760009765625,330.9100036621094,326.7799987792969,329.20001220703125,26411000
2023-09-01,323.7806396484375,328.6600036621094,331.989990234375,326.7799987792969,331.30999755859375,14942000
2023-09-05,328.5979919433594,333.54998779296875,334.8500061035156,328.6600036621094,329.0,18553900
2023-09-06,327.9380187988281,332.8800048828125,334.4599914550781,330.17999267578125,333.3800048828125,17535800
2023-09-07,325.0120544433594,329.9100036621094,333.0799865722656,329.0299987792969,331.2900085449219,18381000
2023-09-08,329.30731201171875,334.2699890136719,336.1600036621094,329.4599914550781,330.0899963378906,19530100
2023-09-11,332.9228820800781,337.94000244140625,338.4200134277344,335.42999267578125,337.239990234375,16583300
2023-09-12,326.8444519042969,331.7699890136719,336.7900085449219,331.4800109863281,335.82000732421875,17565500
2023-09-13,331.07080078125,336.05999755859375,336.8500061035156,331.1700134277344,331.30999755859375,16544400
2023-09-14,333.6716003417969,338.70001220703125,340.8599853515625,336.57000732421875,339.1499938964844,20267000
2023-09-15,325.3174743652344,330.2200012207031,337.3999938964844,329.6499938964844,336.9200134277344,37679800
2023-09-18,324.17474365234375,329.05999755859375,330.3999938964844,326.3599853515625,327.79998779296875,16834200
2023-09-19,323.77081298828125,328.6499938964844,329.3900146484375,324.510009765625,326.1700134277344,16505900
2023-09-20,316.0077819824219,320.7699890136719,329.5899963378906,320.510009765625,329.510009765625,21436500
2023-09-21,314.7861633300781,319.5299987792969,325.3500061035156,315.0,319.260009765625,35560400
2023-09-22,312.3035888671875,317.010009765625,321.45001220703125,316.1499938964844,321.32000732421875,21447900
2023-09-25,312.82574462890625,317.5400085449219,317.6700134277344,315.0,316.5899963378906,17836000
2023-09-26,307.50592041015625,312.1400146484375,315.8800048828125,310.0199890136719,315.1300048828125,26297600
2023-09-27,308.146240234375,312.7900085449219,314.29998779296875,309.69000244140625,312.29998779296875,19410100
2023-09-28,308.983642578125,313.6400146484375,315.4800109863281,309.45001220703125,310.989990234375,19683600
2023-09-29,311.06231689453125,315.75,319.4700012207031,314.9800109863281,317.75,24147300
2023-10-02,317.0224609375,321.79998779296875,321.8900146484375,315.17999267578125,316.2799987792969,20570000
2023-10-03,308.73736572265625,313.3900146484375,321.3900146484375,311.2099914550781,320.8299865722656,21033500
2023-10-04,314.224609375,318.9599914550781,320.0400085449219,314.0,314.0299987792969,20720100
2023-10-05,314.6186828613281,319.3599853515625,319.9800109863281,314.8999938964844,319.0899963378906,16965600
2023-10-06,322.40142822265625,327.260009765625,329.19000244140625,316.29998779296875,316.54998779296875,25673600
2023-10-09,324.9234313964844,329.82000732421875,330.29998779296875,323.17999267578125,324.75,19891200
2023-10-10,323.5146789550781,328.3900146484375,331.1000061035156,327.6700134277344,330.9599914550781,20557100
2023-10-11,327.4848327636719,332.4200134277344,332.82000732421875,329.1400146484375,331.2099914550781,20063200
2023-10-12,326.24359130859375,331.1600036621094,333.6300048828125,328.7200012207031,330.57000732421875,19313100
2023-10-13,322.864501953125,327.7300109863281,333.8299865722656,326.3599853515625,332.3800048828125,21072400
2023-10-16,327.70159912109375,332.6400146484375,336.1400146484375,330.6000061035156,331.04998779296875,22158000
2023-10-17,327.13018798828125,332.05999755859375,333.4599914550781,327.4100036621094,329.5899963378906,18338500
2023-10-18,325.2091369628906,330.1099853515625,335.5899963378906,328.29998779296875,332.489990234375,23153600
2023-10-19,326.401123046875,331.32000732421875,336.8800048828125,330.9100036621094,332.1499938964844,25052100
2023-10-20,321.8201904296875,326.6700134277344,331.9200134277344,325.45001220703125,331.7200012207031,25027700
2023-10-23,324.43084716796875,329.32000732421875,332.7300109863281,324.3900146484375,325.4700012207031,24374700
2023-10-24,325.6228942871094,330.5299987792969,331.8399963378906,327.6000061035156,331.29998779296875,31153600
2023-10-25,335.61236572265625,340.6700134277344,346.20001220703125,337.6199951171875,345.0199890136719,55053800
2023-10-26,323.02203369140625,327.8900146484375,341.6300048828125,326.94000244140625,340.5400085449219,37828500
2023-10-27,324.91357421875,329.80999755859375,336.7200012207031,328.3999938964844,330.42999267578125,29856500
2023-10-30,332.3022155761719,337.30999755859375,339.45001220703125,331.8299865722656,333.4100036621094,22828100
2023-10-31,333.0903625488281,338.1099853515625,339.0,334.69000244140625,338.8500061035156,20265300
2023-11-01,340.9322204589844,346.07000732421875,347.4200134277344,339.6499938964844,339.7900085449219,28158800
2023-11-02,343.1488037109375,348.32000732421875,348.8299865722656,344.7699890136719,347.239990234375,24348100
2023-11-03,347.562255859375,352.79998779296875,354.3900146484375,347.3299865722656,349.6300048828125,23637700
2023-11-06,351.2368469238281,356.5299987792969,357.5400085449219,353.3500061035156,353.45001220703125,23828300
2023-11-07,355.177490234375,360.5299987792969,362.4599914550781,357.6300048828125,359.3999938964844,25833900
2023-11-08,357.807861328125,363.20001220703125,363.8699951171875,360.54998779296875,361.67999267578125,26767800
2023-11-09,355.33514404296875,360.69000244140625,364.7900085449219,360.3599853515625,362.29998779296875,24847300
2023-11-10,364.1817932128906,369.6700134277344,370.1000061035156,361.07000732421875,361.489990234375,28042100
2023-11-13,361.2361755371094,366.67999267578125,368.4700012207031,365.8999938964844,368.2200012207031,19986500
2023-11-14,364.7728576660156,370.2699890136719,371.95001220703125,367.3500061035156,371.010009765625,27683900
2023-11-15,364.92095947265625,369.6700134277344,373.1300048828125,367.1099853515625,371.2799987792969,26860100
2023-11-16,371.3374328613281,376.1700134277344,376.3500061035156,370.17999267578125,370.9599914550781,27182300
2023-11-17,365.0986633300781,369.8500061035156,374.3699951171875,367.0,373.6099853515625,40157000
2023-11-20,372.5911865234375,377.44000244140625,378.8699951171875,371.0,371.2200012207031,52465100
2023-11-21,368.2772521972656,373.07000732421875,376.2200012207031,371.1199951171875,375.6700134277344,28423100
2023-11-22,372.99591064453125,377.8500061035156,379.7900085449219,374.9700012207031,378.0,23345300
2023-11-24,372.58123779296875,377.42999267578125,377.9700012207031,375.1400146484375,377.3299865722656,10176600
2023-11-27,373.74609375,378.6099853515625,380.6400146484375,376.20001220703125,376.7799987792969,22179200
2023-11-28,377.7835693359375,382.70001220703125,383.0,378.1600036621094,378.3500061035156,20453100
2023-11-29,373.9830017089844,378.8500061035156,384.29998779296875,377.44000244140625,383.760009765625,28963400
2023-11-30,374.0422668457031,378.9100036621094,380.0899963378906,375.4700012207031,378.489990234375,30554400
2023-12-01,369.6988220214844,374.510009765625,378.1600036621094,371.30999755859375,376.760009765625,33040500
2023-12-04,364.39776611328125,369.1400146484375,369.5199890136719,362.8999938964844,369.1000061035156,32063300
2023-12-05,367.7343444824219,372.5199890136719,373.0799865722656,365.6199951171875,366.45001220703125,23065000
2023-12-06,364.0621337890625,368.79998779296875,374.17999267578125,368.0299987792969,373.5400085449219,21182100
2023-12-07,366.1845397949219,370.95001220703125,371.45001220703125,366.32000732421875,368.2300109863281,23118900
2023-12-08,369.4223937988281,374.2300109863281,374.4599914550781,368.2300109863281,369.20001220703125,20154400
2023-12-11,366.530029296875,371.29998779296875,371.6000061035156,366.1000061035156,368.4800109863281,27708800
2023-12-12,369.5704650878906,374.3800048828125,374.4200134277344,370.4599914550781,370.8500061035156,24838300
2023-12-13,369.5605773925781,374.3699951171875,377.6400146484375,370.7699890136719,376.0199890136719,30955500
2023-12-14,361.22900390625,365.92999267578125,373.760009765625,364.1300048828125,373.30999755859375,43277500
2023-12-15,365.9673767089844,370.7300109863281,372.3999938964844,366.2799987792969,366.8500061035156,78502300
2023-12-18,367.8627014160156,372.6499938964844,373.0,368.67999267578125,369.45001220703125,21802900
2023-12-19,368.46484375,373.260009765625,373.260009765625,369.8399963378906,371.489990234375,20603700
2023-12-20,365.85870361328125,370.6199951171875,376.0299987792969,370.5299987792969,375.0,26316700
2023-12-21,368.7412414550781,373.5400085449219,374.4100036621094,370.0400085449219,372.55999755859375,17708000
2023-12-22,369.7678527832031,374.5799865722656,375.17999267578125,372.7099914550781,373.67999267578125,17107500
2023-12-26,369.84686279296875,374.6600036621094,376.94000244140625,373.5,375.0,12673100
2023-12-27,369.2644348144531,374.07000732421875,375.05999755859375,372.80999755859375,373.69000244140625,14905400
2023-12-28,370.4588928222656,375.2799987792969,376.4599914550781,374.1600036621094,375.3699951171875,14327000
2023-12-29,371.2091369628906,376.0400085449219,377.1600036621094,373.4800109863281,376.0,18730800
2024-01-02,366.10552978515625,370.8699951171875,375.8999938964844,366.7699890136719,373.8599853515625,25258600
2024-01-03,365.83905029296875,370.6000061035156,373.260009765625,368.510009765625,369.010009765625,23083500
2024-01-04,363.21319580078125,367.94000244140625,373.1000061035156,367.1700134277344,370.6700134277344,20901500
2024-01-05,363.0256652832031,367.75,372.05999755859375,366.5,368.9700012207031,21004600
2024-01-08,369.8764953613281,374.69000244140625,375.20001220703125,369.010009765625,369.29998779296875,23134000
2024-01-09,370.9623718261719,375.7900085449219,375.989990234375,371.19000244140625,372.010009765625,20830000
2024-01-10,377.8526916503906,382.7699890136719,384.1700134277344,376.32000732421875,376.3699951171875,25514200
2024-01-11,379.68878173828125,384.6300048828125,390.67999267578125,380.3800048828125,386.0,27850800
2024-01-12,383.4794921875,388.4700012207031,388.67999267578125,384.6499938964844,385.489990234375,21661200
2024-01-16,385.25628662109375,390.2699890136719,394.0299987792969,387.6199951171875,393.6600036621094,27202300
2024-01-17,384.4665832519531,389.4700012207031,390.1099853515625,384.80999755859375,387.9800109863281,22234100
2024-01-18,388.8100891113281,393.8699951171875,393.989990234375,390.1199951171875,391.7200012207031,23392100
2024-01-19,393.54840087890625,398.6700134277344,398.6700134277344,393.5,395.760009765625,29331100
2024-01-22,391.41619873046875,396.510009765625,400.6199951171875,393.5899963378906,400.0199890136719,27016900
2024-01-23,393.7754211425781,398.8999938964844,399.3800048828125,393.92999267578125,395.75,20525900
2024-01-24,397.388427734375,402.55999755859375,405.6300048828125,400.45001220703125,401.5400085449219,24867000
2024-01-25,399.66876220703125,404.8699951171875,407.010009765625,402.5299987792969,404.32000732421875,21021200
2024-01-26,398.7408142089844,403.92999267578125,406.1700134277344,402.42999267578125,404.3699951171875,17803300
2024-01-29,404.4565124511719,409.7200012207031,409.9800109863281,404.3299865722656,406.05999755859375,24510200
2024-01-30,403.3409423828125,408.5899963378906,413.04998779296875,406.45001220703125,412.260009765625,33477600
2024-01-31,392.472412109375,397.5799865722656,415.32000732421875,397.2099914550781,406.9599914550781,47871100
2024-02-01,398.5927734375,403.7799987792969,408.0,401.79998779296875,401.8299865722656,30657700
2024-02-02,405.93719482421875,411.2200012207031,412.6499938964844,403.55999755859375,403.80999755859375,28256700
2024-02-05,400.4387512207031,405.6499938964844,411.1600036621094,403.989990234375,409.8999938964844,25352300
2024-02-06,400.2807922363281,405.489990234375,407.9700012207031,402.9100036621094,405.8800048828125,18382600
2024-02-07,408.7308044433594,414.04998779296875,414.29998779296875,407.3999938964844,407.44000244140625,22340500
2024-02-08,408.7900695800781,414.1099853515625,415.55999755859375,412.5299987792969,414.04998779296875,21225300
2024-02-09,415.1473388671875,420.54998779296875,420.82000732421875,415.0899963378906,415.25,22032800
2024-02-12,409.9252624511719,415.260009765625,420.739990234375,414.75,420.55999755859375,21202900
2024-02-13,401.1001281738281,406.32000732421875,410.07000732421875,403.3900146484375,404.94000244140625,27824900
2024-02-14,404.9768981933594,409.489990234375,409.8399963378906,404.57000732421875,408.07000732421875,20401200
2024-02-15,402.0792236328125,406.55999755859375,409.1300048828125,404.2900085449219,408.1400146484375,21825500
2024-02-16,399.60675048828125,404.05999755859375,408.2900085449219,403.44000244140625,407.9599914550781,22296500
2024-02-20,398.3507995605469,402.7900085449219,404.489990234375,398.010009765625,403.239990234375,24307900
2024-02-21,397.74749755859375,402.17999267578125,402.2900085449219,397.2200012207031,400.1700134277344,18518900
2024-02-22,407.1131286621094,411.6499938964844,412.8299865722656,408.57000732421875,410.19000244140625,27009900
2024-02-23,405.8175354003906,410.3399963378906,415.8599853515625,408.9700012207031,415.6700134277344,16295900
2024-02-26,403.0483703613281,407.5400085449219,412.1600036621094,407.3599853515625,411.4599914550781,16193500
2024-02-27,402.9891052246094,407.4800109863281,408.32000732421875,403.8500061035156,407.989990234375,14835800
2024-02-28,403.2264709472656,407.7200012207031,409.29998779296875,405.32000732421875,408.17999267578125,13183100
2024-02-29,409.08123779296875,413.6400146484375,414.20001220703125,405.9200134277344,408.6400146484375,31947300
2024-03-01,410.92071533203125,415.5,415.8699951171875,410.8800048828125,411.2699890136719,17823400
2024-03-04,410.3470764160156,414.9200134277344,417.3500061035156,412.32000732421875,413.44000244140625,17596000
2024-03-05,398.2122802734375,402.6499938964844,414.25,400.6400146484375,413.9599914550781,26919200
2024-03-06,397.658447265625,402.0899963378906,405.1600036621094,398.3900146484375,402.9700012207031,22344100
2024-03-07,404.63079833984375,409.1400146484375,409.7799987792969,402.239990234375,406.1199951171875,18718500
2024-03-08,401.74298095703125,406.2200012207031,410.4200134277344,404.3299865722656,407.9599914550781,18002200
2024-03-11,400.0616760253906,404.5199890136719,405.67999267578125,401.260009765625,403.760009765625,16120800
2024-03-12,410.703125,415.2799987792969,415.57000732421875,406.7900085449219,407.6199951171875,22457000
2024-03-13,410.525146484375,415.1000061035156,418.17999267578125,411.45001220703125,418.1000061035156,17115900
2024-03-14,420.5335693359375,425.2200012207031,427.82000732421875,417.989990234375,420.239990234375,34157300
2024-03-15,411.8305358886719,416.4200134277344,422.6000061035156,412.7900085449219,419.2900085449219,45079900
2024-03-18,412.72064208984375,417.32000732421875,420.7300109863281,413.7799987792969,414.25,20106000
2024-03-19,416.76556396484375,421.4100036621094,421.6700134277344,415.54998779296875,417.8299865722656,19837900
2024-03-20,420.5434265136719,425.2300109863281,425.9599914550781,420.6600036621094,422.0,17860100
2024-03-21,424.6378479003906,429.3699951171875,430.82000732421875,427.1600036621094,429.8299865722656,21296200
2024-03-22,424.0147705078125,428.739990234375,429.8599853515625,426.07000732421875,429.70001220703125,17648500
2024-03-25,418.1995544433594,422.8599853515625,427.4100036621094,421.6099853515625,425.239990234375,18060500
2024-03-26,417.00286865234375,421.6499938964844,425.989990234375,421.3500061035156,425.6099853515625,16725600
2024-03-27,416.7853088378906,421.42999267578125,424.45001220703125,419.010009765625,424.44000244140625,16705000
2024-03-28,416.0831604003906,420.7200012207031,421.8699951171875,419.1199951171875,420.9599914550781,21871200
2024-04-01,419.8907470703125,424.57000732421875,427.8900146484375,422.2200012207031,423.95001220703125,16316000
2024-04-02,416.7952575683594,421.44000244140625,422.3800048828125,417.8399963378906,420.1099853515625,17912000
2024-04-03,415.816162109375,420.45001220703125,423.260009765625,419.0899963378906,419.7300109863281,16502300
2024-04-04,413.27447509765625,417.8800048828125,428.6700134277344,417.57000732421875,424.989990234375,19370900
2024-04-05,420.8302307128906,425.5199890136719,426.510009765625,418.32000732421875,420.010009765625,16554800
2024-04-08,419.9105224609375,424.5899963378906,427.2799987792969,423.29998779296875,425.1700134277344,14272400
2024-04-09,421.5818786621094,426.2799987792969,427.739990234375,421.6199951171875,426.44000244140625,12496900
2024-04-10,418.5951843261719,423.260009765625,424.0299987792969,419.70001220703125,422.19000244140625,16216600
2024-04-11,423.2137145996094,427.92999267578125,429.3699951171875,422.3599853515625,425.82000732421875,17966400
2024-04-12,417.2501525878906,421.8999938964844,425.17999267578125,419.7699890136719,424.04998779296875,19253800
2024-04-15,409.08123779296875,413.6400146484375,426.82000732421875,413.42999267578125,426.6000061035156,20273500
2024-04-16,410.01080322265625,414.5799865722656,418.3999938964844,413.7300109863281,414.57000732421875,16765600
2024-04-17,407.301025390625,411.8399963378906,418.8800048828125,410.3299865722656,417.25,15855500
2024-04-18,399.8144836425781,404.2699890136719,411.8900146484375,403.95001220703125,410.6300048828125,21029900
2024-04-19,394.72119140625,399.1199951171875,405.4800109863281,397.7699890136719,404.0299987792969,30565800
2024-04-22,396.5409851074219,400.9599914550781,402.8500061035156,395.75,400.0799865722656,20286900
2024-04-23,403.078125,407.57000732421875,408.20001220703125,403.05999755859375,404.239990234375,15734500
2024-04-24,404.5516357421875,409.05999755859375,412.4700012207031,406.7799987792969,409.55999755859375,15065300
2024-04-25,394.64215087890625,399.0400085449219,399.8900146484375,388.0299987792969,394.0299987792969,40586500
2024-04-26,401.84185791015625,406.32000732421875,413.0,405.760009765625,412.1700134277344,29694700
2024-04-29,397.8167419433594,402.25,406.32000732421875,399.19000244140625,405.25,19582100
2024-04-30,385.0390930175781,389.3299865722656,402.1600036621094,389.1700134277344,401.489990234375,28781400
2024-05-01,390.5872802734375,394.94000244140625,401.7200012207031,390.30999755859375,392.6099853515625,23562500
2024-05-02,393.4553527832031,397.8399963378906,399.92999267578125,394.6499938964844,397.6600036621094,17709400
2024-05-03,402.1780700683594,406.6600036621094,407.1499938964844,401.8599853515625,402.2799987792969,17446700
2024-05-06,408.9822692871094,413.5400085449219,413.92999267578125,406.3699951171875,408.760009765625,16996600
2024-05-07,404.8285827636719,409.3399963378906,414.6700134277344,409.0899963378906,414.6600036621094,20018200
2024-05-08,406.0153503417969,410.5400085449219,412.2300109863281,406.7099914550781,408.1700134277344,11792300
2024-05-09,407.7757263183594,412.32000732421875,412.7200012207031,409.1000061035156,410.57000732421875,14689700
2024-05-10,410.1690673828125,414.739990234375,415.3800048828125,411.79998779296875,412.94000244140625,13402300
2024-05-13,409.1603088378906,413.7200012207031,418.3500061035156,410.82000732421875,418.010009765625,15440200
2024-05-14,411.9690246582031,416.55999755859375,417.489990234375,411.54998779296875,412.0199890136719,15109300
2024-05-15,419.1718444824219,423.0799865722656,423.80999755859375,417.2699890136719,417.8999938964844,22239500
2024-05-16,417.1011657714844,420.989990234375,425.4200134277344,420.3500061035156,421.79998779296875,17530100
2024-05-17,416.328369140625,420.2099914550781,422.9200134277344,418.0299987792969,422.5400085449219,15352200
2024-05-20,421.4110107421875,425.3399963378906,426.7699890136719,419.989990234375,420.2099914550781,16272100
2024-05-21,425.0767822265625,429.0400085449219,432.9700012207031,424.8500061035156,426.8299865722656,21453300
2024-05-22,426.54315185546875,430.5199890136719,432.4100036621094,427.1300048828125,430.0899963378906,18073700
2024-05-23,423.0556640625,427.0,433.6000061035156,425.4200134277344,432.9700012207031,17211700
2024-05-24,426.1864318847656,430.1600036621094,431.05999755859375,424.4100036621094,427.19000244140625,11855300
2024-05-28,426.34503173828125,430.32000732421875,430.82000732421875,426.6000061035156,429.6300048828125,15718000
2024-05-29,425.20562744140625,429.1700134277344,430.94000244140625,425.69000244140625,425.69000244140625,15517100
2024-05-30,410.83953857421875,414.6700134277344,424.29998779296875,414.239990234375,424.29998779296875,28394500
2024-05-31,411.2953186035156,415.1300048828125,416.75,404.510009765625,416.75,47995300
2024-06-03,409.7001647949219,413.5199890136719,416.42999267578125,408.9200134277344,415.5299987792969,17484700
2024-06-04,412.22662353515625,416.07000732421875,416.44000244140625,409.67999267578125,412.42999267578125,14348900
2024-06-05,420.0932922363281,424.010009765625,424.0799865722656,416.29998779296875,417.80999755859375,16988000
2024-06-06,420.5985412597656,424.5199890136719,425.30999755859375,420.5799865722656,424.010009765625,14861300
2024-06-07,419.93475341796875,423.8500061035156,426.2799987792969,423.0,426.20001220703125,13621700
2024-06-10,423.9176025390625,427.8699951171875,428.0799865722656,423.8900146484375,424.70001220703125,13982900
2024-06-11,428.68316650390625,432.67999267578125,432.82000732421875,425.25,425.4800109863281,14551100
2024-06-12,436.98577880859375,441.05999755859375,443.3999938964844,433.25,435.32000732421875,22366200
2024-06-13,437.5009765625,441.5799865722656,443.3900146484375,439.3699951171875,440.8500061035156,15960600
2024-06-14,438.4818115234375,442.57000732421875,443.1400146484375,436.7200012207031,438.2799987792969,13582000
2024-06-17,444.228271484375,448.3699951171875,450.94000244140625,440.7200012207031,442.5899963378906,20790000
2024-06-18,442.2170104980469,446.3399963378906,450.1400146484375,444.8900146484375,449.7099914550781,17112500
2024-06-20,441.5829162597656,445.70001220703125,446.5299987792969,441.2699890136719,446.29998779296875,19877400
2024-06-21,445.625244140625,449.7799987792969,450.5799865722656,446.510009765625,447.3800048828125,34187100
2024-06-24,443.53472900390625,447.6700134277344,452.75,446.4100036621094,449.79998779296875,15913700
2024-06-25,446.7844543457031,450.95001220703125,451.4200134277344,446.75,448.25,16413400
2024-06-26,447.9832458496094,452.1600036621094,453.6000061035156,448.19000244140625,449.0,16507000
2024-06-27,448.6668701171875,452.8500061035156,456.1700134277344,451.7699890136719,452.17999267578125,14806300
2024-06-28,442.8213806152344,446.95001220703125,455.3800048828125,446.4100036621094,453.07000732421875,28362300
2024-07-01,452.51104736328125,456.7300109863281,457.3699951171875,445.6600036621094,448.6600036621094,17662800
2024-07-02,455.0374755859375,459.2799987792969,459.5899963378906,453.1099853515625,453.20001220703125,13979800
2024-07-03,456.513671875,460.7699890136719,461.0199890136719,457.8800048828125,458.19000244140625,9932800
2024-07-05,463.2409362792969,467.55999755859375,468.3500061035156,458.9700012207031,459.6099853515625,16000300
2024-07-08,461.93316650390625,466.239990234375,467.70001220703125,464.4599914550781,466.54998779296875,12962300
2024-07-09,455.2950439453125,459.5400085449219,467.3299865722656,458.0,467.0,17207200
2024-07-10,461.9430847167969,466.25,466.4599914550781,458.8599853515625,461.2200012207031,18196100
2024-07-11,450.499755859375,454.70001220703125,464.7799987792969,451.54998779296875,462.9800109863281,23111200
2024-07-12,449.3603820800781,453.54998779296875,456.3599853515625,450.6499938964844,454.3299865722656,16324300
2024-07-15,449.7666320800781,453.9599914550781,457.260009765625,451.42999267578125,453.29998779296875,14429400
2024-07-16,445.3676452636719,449.5199890136719,454.29998779296875,446.6600036621094,454.2200012207031,17175700
2024-07-17,439.4230041503906,443.5199890136719,444.8500061035156,439.17999267578125,442.5899963378906,21778000
2024-07-18,436.3021545410156,440.3699951171875,444.6499938964844,434.3999938964844,444.3399963378906,20794800
2024-07-19,433.072265625,437.1099853515625,441.1400146484375,432.0,433.1000061035156,20940400
2024-07-22,438.848388671875,442.94000244140625,444.6000061035156,438.9100036621094,441.7900085449219,15808800
2024-07-23,440.74078369140625,444.8500061035156,448.3900146484375,443.1000061035156,443.8999938964844,13107100
2024-07-24,424.9381103515625,428.8999938964844,441.4800109863281,427.5899963378906,440.45001220703125,26805800
2024-07-25,414.5350341796875,418.3999938964844,429.79998779296875,417.510009765625,428.79998779296875,29943800
2024-07-26,421.34161376953125,425.2699890136719,428.9200134277344,417.2699890136719,418.20001220703125,23583800
2024-07-29,422.78814697265625,426.7300109863281,432.1499938964844,424.70001220703125,431.5799865722656,15125800
2024-07-30,419.0133361816406,422.9200134277344,429.04998779296875,417.3599853515625,427.7200012207031,32687600
2024-07-31,414.48553466796875,418.3500061035156,421.7799987792969,412.2099914550781,420.5,42891400
2024-08-01,413.2569885253906,417.1099853515625,427.4599914550781,413.0899963378906,420.7900085449219,30296400
2024-08-02,404.71661376953125,408.489990234375,415.0,404.3399963378906,412.489990234375,29437900
2024-08-05,391.4998474121094,395.1499938964844,401.0400085449219,385.5799865722656,389.1700134277344,40709200
2024-08-06,395.9186706542969,399.6099853515625,405.6700134277344,398.5,400.0,24946500
2024-08-07,394.7495422363281,398.42999267578125,410.0799865722656,397.4700012207031,408.6400146484375,20650900
2024-08-08,398.97021484375,402.69000244140625,405.8599853515625,399.94000244140625,402.44000244140625,20203000
2024-08-09,402.2694396972656,406.0199890136719,408.04998779296875,402.260009765625,404.0299987792969,19276700
2024-08-12,403.0521240234375,406.80999755859375,408.760009765625,404.239990234375,407.05999755859375,16762900
2024-08-13,410.1856689453125,414.010009765625,414.95001220703125,409.57000732421875,409.5899963378906,19414300
2024-08-14,413.0093078613281,416.8599853515625,417.7200012207031,412.45001220703125,414.79998779296875,18267000
2024-08-15,417.89263916015625,421.0299987792969,421.1099853515625,417.6600036621094,419.79998779296875,20752100
2024-08-16,415.3517150878906,418.4700012207031,421.3399963378906,417.29998779296875,420.6000061035156,22775600
2024-08-19,418.388916015625,421.5299987792969,421.75,416.4599914550781,418.9599914550781,15234000
2024-08-20,421.6345520019531,424.79998779296875,425.8599853515625,421.6400146484375,421.70001220703125,16387600
2024-08-21,420.9795227050781,424.1400146484375,426.3999938964844,421.7200012207031,424.0799865722656,16067300
2024-08-22,412.4534912109375,415.54998779296875,426.7900085449219,414.6099853515625,424.3599853515625,19361900
2024-08-23,413.6842346191406,416.7900085449219,419.260009765625,412.0899963378906,416.9800109863281,18493800
2024-08-26,410.4088439941406,413.489990234375,417.2799987792969,411.3399963378906,416.3699951171875,13152800
2024-08-27,410.7562255859375,413.8399963378906,414.3599853515625,410.25,412.8599853515625,13492900
2024-08-28,407.5404052734375,410.6000061035156,415.0,407.30999755859375,414.8800048828125,14882700
2024-08-29,410.04156494140625,413.1199951171875,422.04998779296875,410.6000061035156,414.94000244140625,17045200
2024-08-30,414.03167724609375,417.1400146484375,417.489990234375,412.1300048828125,415.6000061035156,24308300
2024-09-03,406.3890075683594,409.44000244140625,419.8800048828125,407.0299987792969,417.9100036621094,20313600
2024-09-04,405.8530578613281,408.8999938964844,411.239990234375,404.3699951171875,405.9100036621094,15135800
2024-09-05,405.3468322753906,408.3900146484375,413.1000061035156,406.1300048828125,407.6199951171875,14195500
2024-09-06,398.7066650390625,401.70001220703125,410.6499938964844,400.79998779296875,409.05999755859375,19609500
2024-09-09,402.6967468261719,405.7200012207031,408.6499938964844,402.1499938964844,407.239990234375,15295100
2024-09-10,411.1135559082031,414.20001220703125,416.3299865722656,407.70001220703125,408.20001220703125,19594300
2024-09-11,419.8876953125,423.0400085449219,423.989990234375,409.5799865722656,415.5,19266900
2024-09-12,423.81817626953125,427.0,427.3699951171875,419.75,423.30999755859375,17395700
2024-09-13,427.38140869140625,430.5899963378906,431.8299865722656,425.4599914550781,425.8299865722656,15874600
2024-09-16,428.1258239746094,431.3399963378906,433.5299987792969,428.2200012207031,430.6000061035156,13834700
2024-09-17,431.9074401855469,435.1499938964844,441.8500061035156,432.2699890136719,440.2300109863281,18874200
2024-09-18,427.5997619628906,430.80999755859375,436.0299987792969,430.4100036621094,435.0,18898000
2024-09-19,435.4210510253906,438.69000244140625,441.5,436.8999938964844,441.2300109863281,21706600
2024-09-20,432.0265197753906,435.2699890136719,439.239990234375,434.2200012207031,437.2200012207031,55167100
2024-09-23,430.2796630859375,433.510009765625,436.4599914550781,430.3900146484375,434.2799987792969,15128900
2024-09-24,425.9720153808594,429.1700134277344,433.3500061035156,426.1000061035156,433.0,17015800
2024-09-25,428.89007568359375,432.1099853515625,433.1199951171875,428.57000732421875,429.8299865722656,13396400
2024-09-26,428.0960388183594,431.30999755859375,435.29998779296875,429.1300048828125,435.0899963378906,14492000
2024-09-27,424.83056640625,428.0199890136719,431.8500061035156,427.4700012207031,431.5199890136719,14896100
2024-09-30,427.09356689453125,430.29998779296875,430.4200134277344,425.3699951171875,428.2099914550781,16807300
2024-10-01,417.5552062988281,420.69000244140625,428.4800109863281,418.80999755859375,428.45001220703125,19092900
2024-10-02,414.021728515625,417.1300048828125,422.82000732421875,416.7099914550781,422.5799865722656,16582300
2024-10-03,413.4361267089844,416.5400085449219,419.54998779296875,414.2900085449219,417.6300048828125,13686400
2024-10-04,412.959716796875,416.05999755859375,419.75,414.9700012207031,418.239990234375,19169700
2024-10-07,406.48828125,409.5400085449219,417.1099853515625,409.0,416.0,20919800
2024-10-08,411.6197509765625,414.7099914550781,415.6600036621094,408.1700134277344,410.8999938964844,19229300
2024-10-09,414.3492431640625,417.4599914550781,420.3800048828125,414.29998779296875,415.8599853515625,14974300
2024-10-10,412.7413024902344,415.8399963378906,417.3500061035156,413.1499938964844,415.2300109863281,13848400
2024-10-11,413.2177734375,416.32000732421875,417.1300048828125,413.25,416.1400146484375,14144900
2024-10-14,416.0167541503906,419.1400146484375,424.0400085449219,417.5199890136719,417.7699890136719,16653100
2024-10-15,415.6197204589844,418.739990234375,422.4800109863281,415.260009765625,422.17999267578125,18900200
2024-10-16,413.01922607421875,416.1199951171875,416.3599853515625,410.4800109863281,415.1700134277344,15508900
2024-10-17,413.6147766113281,416.7200012207031,422.5,415.5899963378906,422.3599853515625,14820000
2024-10-18,415.0440673828125,418.1600036621094,419.6499938964844,416.260009765625,417.1400146484375,17145300
2024-10-21,415.6594543457031,418.7799987792969,418.9599914550781,413.75,416.1199951171875,14206100
2024-10-22,424.3243713378906,427.510009765625,430.5799865722656,418.0400085449219,418.489990234375,25482200
2024-10-23,421.4360656738281,424.6000061035156,431.0799865722656,422.5299987792969,430.8599853515625,19654400
2024-10-24,421.5650939941406,424.7300109863281,425.9800109863281,422.3999938964844,425.3299865722656,13581600
2024-10-25,424.9596252441406,428.1499938964844,432.5199890136719,426.57000732421875,426.760009765625,16899100
2024-10-28,423.4112243652344,426.5899963378906,431.94000244140625,426.29998779296875,431.6600036621094,14882400
2024-10-29,428.7313232421875,431.95001220703125,433.1700134277344,425.79998779296875,428.0,17644100
2024-10-30,429.30694580078125,432.5299987792969,438.5,432.1000061035156,437.44000244140625,29749100
2024-10-31,403.3220520019531,406.3500061035156,416.1600036621094,406.29998779296875,415.3599853515625,53971000
2024-11-01,407.3121032714844,410.3699951171875,415.5,407.5,409.010009765625,24230400
2024-11-04,405.41632080078125,408.4599914550781,410.4200134277344,405.57000732421875,409.79998779296875,19672300
2024-11-05,408.39398193359375,411.4599914550781,414.8999938964844,408.0799865722656,408.3699951171875,17626000
2024-11-06,417.0489807128906,420.17999267578125,420.45001220703125,410.5199890136719,412.4200134277344,26681800
2024-11-07,422.2598571777344,425.42999267578125,426.8500061035156,419.8800048828125,421.2799987792969,19901800
2024-11-08,419.39141845703125,422.5400085449219,426.5,421.7799987792969,425.32000732421875,16891400
2024-11-11,414.8951721191406,418.010009765625,424.80999755859375,416.0,422.5199890136719,24503300
2024-11-12,419.8777160644531,423.0299987792969,424.44000244140625,417.20001220703125,418.25,19401200
2024-11-13,422.0315856933594,425.20001220703125,429.3299865722656,418.2099914550781,421.6400146484375,21502200
2024-11-14,423.7090148925781,426.8900146484375,428.1700134277344,420.0,425.0,30246900
2024-11-15,411.9075927734375,415.0,422.79998779296875,413.6400146484375,419.82000732421875,28247600
2024-11-18,412.6619567871094,415.760009765625,418.3999938964844,412.1000061035156,414.8699951171875,24727000
2024-11-19,414.67681884765625,417.7900085449219,417.94000244140625,411.54998779296875,413.1099853515625,18133500
2024-11-20,412.3939208984375,415.489990234375,417.2900085449219,410.5799865722656,416.8699951171875,19191700
2024-11-21,410.61370849609375,412.8699951171875,419.7799987792969,410.2900085449219,419.5,20780200
2024-11-22,414.72113037109375,417.0,417.3999938964844,411.05999755859375,411.3699951171875,24814600
2024-11-25,416.5013732910156,418.7900085449219,421.0799865722656,414.8500061035156,418.3800048828125,27691100
2024-11-26,425.6510925292969,427.989990234375,429.0400085449219,418.8500061035156,419.5899963378906,23458900
2024-11-27,420.6784362792969,422.989990234375,427.2300109863281,422.0199890136719,425.1099853515625,18332400
2024-11-29,421.1458435058594,423.4599914550781,424.8800048828125,417.79998779296875,420.0899963378906,16271900
2024-12-02,428.6247863769531,430.9800109863281,433.0,421.30999755859375,421.57000732421875,20207200
2024-12-03,428.84356689453125,431.20001220703125,432.4700012207031,427.739990234375,429.8399963378906,18302000
2024-12-04,435.0295715332031,437.4200134277344,439.6700134277344,432.6300048828125,433.0299987792969,26009400
2024-12-05,440.2011413574219,442.6199951171875,444.6600036621094,436.1700134277344,437.9200134277344,21697800
2024-12-06,441.1459655761719,443.57000732421875,446.1000061035156,441.7699890136719,442.29998779296875,18821000
2024-12-09,443.5825500488281,446.0199890136719,448.3299865722656,440.5,442.6000061035156,19144400
2024-12-10,440.9072570800781,443.3299865722656,449.6199951171875,441.6000061035156,444.3900146484375,18469500
2024-12-11,446.5363464355469,448.989990234375,450.3500061035156,444.04998779296875,444.04998779296875,19200200
2024-12-12,447.10321044921875,449.55999755859375,456.1600036621094,449.1099853515625,449.1099853515625,20834800
2024-12-13,444.8257141113281,447.2699890136719,451.42999267578125,445.5799865722656,448.44000244140625,20177800
2024-12-16,449.1221008300781,451.5899963378906,452.17999267578125,445.2799987792969,447.2699890136719,23598800
2024-12-17,451.9764099121094,454.4599914550781,455.2900085449219,449.57000732421875,451.010009765625,22733500
2024-12-18,434.999755859375,437.3900146484375,452.6499938964844,437.0199890136719,451.32000732421875,24444500
2024-12-19,434.6416931152344,437.0299987792969,443.17999267578125,436.32000732421875,441.6199951171875,22963700
2024-12-20,434.2140808105469,436.6000061035156,443.739990234375,428.6300048828125,433.1099853515625,64263700
2024-12-23,432.8714294433594,435.25,437.6499938964844,432.8299865722656,436.739990234375,19152500
2024-12-24,436.9291076660156,439.3299865722656,439.6000061035156,434.19000244140625,434.6499938964844,7164500
2024-12-26,435.7157897949219,438.1099853515625,440.94000244140625,436.6300048828125,439.0799865722656,8194200
2024-12-27,428.1772155761719,430.5299987792969,435.2200012207031,426.3500061035156,434.6000061035156,18117700
2024-12-30,422.50836181640625,424.8299865722656,427.54998779296875,421.8999938964844,426.05999755859375,13158700
2024-12-31,419.1965637207031,421.5,426.7300109863281,420.6600036621094,426.1000061035156,13246500
2025-01-02,416.2925109863281,418.5799865722656,426.07000732421875,414.8500061035156,425.5299987792969,16896500
2025-01-03,421.03643798828125,423.3500061035156,424.0299987792969,419.5400085449219,421.0799865722656,16662900
2025-01-06,425.5118713378906,427.8500061035156,434.32000732421875,425.4800109863281,428.0,20573600
2025-01-07,420.0617980957031,422.3699951171875,430.6499938964844,420.79998779296875,429.0,18139100
2025-01-08,422.23980712890625,424.55999755859375,426.9700012207031,421.5400085449219,423.4599914550781,15054600
2025-01-10,416.6604919433594,418.95001220703125,424.7099914550781,415.0199890136719,424.6300048828125,20201100
2025-01-13,414.9101257324219,417.19000244140625,418.5,412.2900085449219,415.239990234375,17604800
2025-01-14,413.3984375,415.6700134277344,419.739990234375,410.7200012207031,417.80999755859375,16935900
2025-01-15,423.9802551269531,426.30999755859375,428.1499938964844,418.2699890136719,419.1300048828125,19637800
2025-01-16,422.25970458984375,424.5799865722656,429.489990234375,424.3900146484375,428.70001220703125,15300000
2025-01-17,426.6853942871094,429.0299987792969,434.4800109863281,428.1700134277344,434.0899963378906,26197500
2025-01-21,426.1583251953125,428.5,430.8999938964844,425.6000061035156,430.20001220703125,26085700
2025-01-22,443.7615966796875,446.20001220703125,447.2699890136719,436.0,437.55999755859375,27803800
2025-01-23,444.2687683105469,446.7099914550781,446.75,441.5,442.0,18389300
2025-01-24,441.63330078125,444.05999755859375,446.6499938964844,441.3999938964844,445.1600036621094,15549500
2025-01-27,432.1851806640625,434.55999755859375,435.20001220703125,423.5,424.010009765625,35647800
2025-01-28,444.7561340332031,447.20001220703125,448.3800048828125,431.3800048828125,434.6000061035156,23491700
2025-01-29,439.9126892089844,442.3299865722656,446.8800048828125,440.3999938964844,446.69000244140625,23581400
2025-01-30,412.7221374511719,414.989990234375,422.8599853515625,413.1600036621094,418.7699890136719,54586300
2025-01-31,412.791748046875,415.05999755859375,420.69000244140625,414.9100036621094,418.9800109863281,34161900
2025-02-03,408.6744384765625,410.9200134277344,415.4100036621094,408.6600036621094,411.6000061035156,25679100
2025-02-04,410.116455078125,412.3699951171875,413.9200134277344,409.739990234375,412.69000244140625,20532100
2025-02-05,411.03143310546875,413.2900085449219,413.8299865722656,410.3999938964844,412.3500061035156,16316700
2025-02-06,413.5475769042969,415.82000732421875,418.20001220703125,414.0,414.0,16309800
2025-02-07,407.5107727050781,409.75,418.6499938964844,408.1000061035156,416.4800109863281,22886800
2025-02-10,409.96728515625,412.2200012207031,415.4599914550781,410.9200134277344,413.7099914550781,20817900
2025-02-11,409.1915588378906,411.44000244140625,412.489990234375,409.29998779296875,409.6400146484375,18140600
2025-02-12,406.80462646484375,409.0400085449219,410.75,404.3699951171875,407.2099914550781,19121700
2025-02-13,408.29644775390625,410.5400085449219,411.0,406.3599853515625,407.0,23891700
2025-02-14,406.1979675292969,408.42999267578125,408.9100036621094,405.8800048828125,407.7900085449219,22758500
2025-02-18,407.4013671875,409.6400146484375,410.6000061035156,406.5,408.0,21423100
2025-02-19,412.5033264160156,414.7699890136719,415.489990234375,407.6499938964844,407.8800048828125,24114200
2025-02-20,414.6857604980469,416.1300048828125,419.30999755859375,412.5400085449219,415.2900085449219,23508700
2025-02-21,406.793212890625,408.2099914550781,418.04998779296875,407.8900146484375,417.3399963378906,27524800
2025-02-24,402.59783935546875,404.0,409.3699951171875,399.32000732421875,408.510009765625,26443700
2025-02-25,396.51898193359375,397.8999938964844,401.9200134277344,396.70001220703125,401.1000061035156,29387400
2025-02-26,398.3426513671875,399.7300109863281,403.6000061035156,394.25,398.010009765625,19619000
2025-02-27,391.16766357421875,392.5299987792969,405.739990234375,392.1700134277344,401.2699890136719,21127400
2025-02-28,395.6121520996094,396.989990234375,397.6300048828125,386.57000732421875,392.6600036621094,32845700
2025-03-03,387.14166259765625,388.489990234375,398.82000732421875,386.1600036621094,398.82000732421875,23007700
2025-03-04,387.26123046875,388.6099853515625,392.5799865722656,381.0,383.3999938964844,29342900
2025-03-05,399.628173828125,401.0199890136719,401.6700134277344,388.80999755859375,389.3399963378906,23433100
2025-03-06,395.5125427246094,396.8900146484375,402.1499938964844,392.67999267578125,394.2799987792969,23304600
2025-03-07,391.9449462890625,393.30999755859375,394.79998779296875,385.5400085449219,392.32000732421875,22034100
2025-03-10,378.8406066894531,380.1600036621094,386.3999938964844,377.2200012207031,385.8399963378906,32840100
2025-03-11,379.12957763671875,380.45001220703125,386.0,376.9100036621094,379.0,30380200
2025-03-12,381.9397888183594,383.2699890136719,385.2200012207031,378.95001220703125,382.95001220703125,24253600
2025-03-13,377.45538330078125,378.7699890136719,385.32000732421875,377.45001220703125,383.1600036621094,20473000
2025-03-14,387.21142578125,388.55999755859375,390.2300109863281,379.510009765625,379.7799987792969,19952800
2025-03-17,387.3509521484375,388.70001220703125,392.7099914550781,385.57000732421875,386.70001220703125,22474300
2025-03-18,382.18890380859375,383.5199890136719,387.3699951171875,381.1000061035156,387.07000732421875,19486900
2025-03-19,386.4740295410156,387.82000732421875,389.67999267578125,384.0,385.5299987792969,19185500
2025-03-20,385.49737548828125,386.8399963378906,391.7900085449219,383.2799987792969,385.739990234375,18470500
2025-03-21,389.9020690917969,391.260009765625,391.739990234375,382.79998779296875,383.2200012207031,39675900
2025-03-24,391.7157287597656,393.0799865722656,395.3999938964844,389.80999755859375,395.3999938964844,21004500
2025-03-25,393.7885437011719,395.1600036621094,396.3599853515625,392.6400146484375,393.9200134277344,15775000
2025-03-26,388.6165466308594,389.9700012207031,395.30999755859375,388.57000732421875,395.0,16108400
2025-03-27,389.2243957519531,390.5799865722656,392.239990234375,387.3999938964844,390.1300048828125,13766800
2025-03-28,377.48529052734375,378.79998779296875,389.1300048828125,376.92999267578125,388.0799865722656,21632000
2025-03-31,374.087158203125,375.3900146484375,377.07000732421875,367.239990234375,372.5400085449219,35184700
2025-04-01,380.8635559082031,382.19000244140625,382.8500061035156,373.2300109863281,374.6499938964844,19689500
2025-04-02,380.813720703125,382.1400146484375,385.0799865722656,376.6199951171875,377.9700012207031,16092600
2025-04-03,371.8150329589844,373.1099853515625,377.4800109863281,369.3500061035156,374.7900085449219,30198000
2025-04-04,358.59112548828125,359.8399963378906,374.5899963378906,359.4800109863281,364.1300048828125,49209900
2025-04-07,356.61798095703125,357.8599853515625,371.0,344.7900085449219,350.8800048828125,50425000
2025-04-08,353.3294372558594,354.55999755859375,373.6499938964844,350.25,368.260009765625,35868900
2025-04-09,389.13470458984375,390.489990234375,393.2300109863281,353.1000061035156,353.5400085449219,50199700
2025-04-10,380.0264587402344,381.3500061035156,383.8999938964844,367.79998779296875,382.05999755859375,38024400
2025-04-11,387.1018371582031,388.45001220703125,390.04998779296875,378.8900146484375,380.6400146484375,23839200
2025-04-14,386.4640197753906,387.80999755859375,394.6499938964844,384.2099914550781,393.2200012207031,19251200
2025-04-15,384.3912658691406,385.7300109863281,391.8900146484375,384.1600036621094,388.510009765625,17199900
2025-04-16,370.32025146484375,371.6099853515625,381.6099853515625,368.0,380.6700134277344,21967800
2025-04-17,366.5035400390625,367.7799987792969,374.32000732421875,366.8900146484375,373.75,21120200
2025-04-21,357.87359619140625,359.1199951171875,364.4800109863281,355.6700134277344,362.82000732421875,20807300
2025-04-22,365.5469055175781,366.82000732421875,367.7699890136719,359.8599853515625,363.3800048828125,19485000
2025-04-23,373.0906066894531,374.3900146484375,380.3900146484375,373.0199890136719,376.05999755859375,20545500
2025-04-24,385.9557800292969,387.29998779296875,388.45001220703125,375.19000244140625,375.70001220703125,22232300
2025-04-25,390.4900207519531,391.8500061035156,392.1600036621094,384.6000061035156,387.0,18973200
2025-04-28,389.8023986816406,391.1600036621094,392.739990234375,386.6400146484375,391.9599914550781,16579400
2025-04-29,392.67242431640625,394.0400085449219,395.1000061035156,390.3800048828125,391.29998779296875,14974000
2025-04-30,393.88818359375,395.260009765625,396.6600036621094,384.44000244140625,390.29998779296875,36461100
2025-05-01,423.9235534667969,425.3999938964844,436.989990234375,424.8999938964844,431.1099853515625,58938100
2025-05-02,433.769287109375,435.2799987792969,439.44000244140625,429.989990234375,431.739990234375,30757400
2025-05-05,434.65618896484375,436.1700134277344,439.5,432.1099853515625,432.8699951171875,20136100
2025-05-06,431.8061218261719,433.30999755859375,437.7300109863281,431.1700134277344,432.20001220703125,15104200
2025-05-07,431.8459777832031,433.3500061035156,438.1199951171875,431.1099853515625,433.8399963378906,23295300
2025-05-08,436.6492614746094,438.1700134277344,443.6700134277344,435.6600036621094,437.92999267578125,23491300
2025-05-09,437.20733642578125,438.7300109863281,440.739990234375,435.8800048828125,440.0,15324200
2025-05-12,447.70074462890625,449.260009765625,449.3699951171875,439.7799987792969,445.94000244140625,22821900
2025-05-13,447.5812072753906,449.1400146484375,450.6700134277344,445.3599853515625,447.7799987792969,23618800
2025-05-14,451.36798095703125,452.94000244140625,453.8999938964844,448.1400146484375,448.1400146484375,19902800
2025-05-15,452.3863220214844,453.1300048828125,456.19000244140625,450.42999267578125,450.7699890136719,21992300
2025-05-16,453.5244445800781,454.2699890136719,454.3599853515625,448.7300109863281,452.04998779296875,23849800
2025-05-19,458.11688232421875,458.8699951171875,459.5899963378906,450.79998779296875,450.8800048828125,21336500
2025-05-20,457.4180603027344,458.1700134277344,458.3399963378906,454.32000732421875,455.5899963378906,15441800
2025-05-21,451.8272399902344,452.57000732421875,457.7799987792969,451.80999755859375,454.57000732421875,19216900
2025-05-22,454.11346435546875,454.8599853515625,460.25,453.8999938964844,454.95001220703125,18025600
2025-05-23,449.441162109375,450.17999267578125,453.69000244140625,448.9100036621094,449.9800109863281,16883500
2025-05-27,459.93389892578125,460.69000244140625,460.95001220703125,456.1199951171875,456.4800109863281,20974300
2025-05-28,456.609375,457.3599853515625,462.5199890136719,456.92999267578125,461.2200012207031,17086300
2025-05-29,457.9272155761719,458.67999267578125,461.7200012207031,455.30999755859375,461.54998779296875,13974800
2025-05-30,459.60443115234375,460.3599853515625,461.67999267578125,455.5400085449219,459.7200012207031,34770500
2025-06-02,461.2118225097656,461.9700012207031,462.1099853515625,456.8900146484375,457.1400146484375,16626500
2025-06-03,462.2101745605469,462.9700012207031,464.1400146484375,460.8599853515625,461.4700012207031,15743800
2025-06-04,463.1086730957031,463.8699951171875,465.69000244140625,463.0199890136719,464.0,14162700
2025-06-05,466.91241455078125,467.67999267578125,469.6499938964844,464.0299987792969,464.9599914550781,20131700
2025-06-06,469.6080017089844,470.3800048828125,473.3399963378906,468.7799987792969,470.0899963378906,15285600
2025-06-09,471.97412109375,472.75,473.42999267578125,468.6199951171875,469.70001220703125,16469900
2025-06-10,470.1471252441406,470.9200134277344,472.79998779296875,466.9599914550781,471.19000244140625,15375900
2025-06-11,471.8443298339844,472.6199951171875,475.4700012207031,469.6600036621094,470.0199890136719,16399200
2025-06-12,478.0840759277344,478.8699951171875,480.4200134277344,473.5199890136719,475.0199890136719,18950600
2025-06-13,474.18048095703125,474.9599914550781,479.17999267578125,472.760009765625,476.4100036621094,16814500
2025-06-16,478.3536376953125,479.1400146484375,480.69000244140625,475.0,475.2099914550781,15626100
2025-06-17,477.25543212890625,478.0400085449219,478.739990234375,474.0799865722656,475.3999938964844,15414100
2025-06-18,479.4518127441406,480.239990234375,481.0,474.4599914550781,478.0,17526500
2025-06-20,476.6164855957031,477.3999938964844,483.4599914550781,476.8699951171875,482.2300109863281,37576200
2025-06-23,485.2023620605469,486.0,487.75,472.510009765625,478.2099914550781,24864000
2025-06-24,489.30560302734375,490.1099853515625,491.8500061035156,486.79998779296875,488.95001220703125,22305600
2025-06-25,491.4620666503906,492.2699890136719,494.55999755859375,489.3900146484375,492.0400085449219,17495100
2025-06-26,496.6335754394531,497.45001220703125,498.0400085449219,492.80999755859375,492.9800109863281,21578900
2025-06-27,495.1260681152344,495.94000244140625,499.29998779296875,493.0299987792969,497.54998779296875,34539200
2025-06-30,496.5936584472656,497.4100036621094,500.760009765625,495.3299865722656,497.0400085449219,28369000
2025-07-01,491.242431640625,492.04998779296875,498.04998779296875,490.9800109863281,496.4700012207031,19945400
2025-07-02,490.2840270996094,491.0899963378906,493.5,488.70001220703125,489.989990234375,16319600
2025-07-03,498.02130126953125,498.8399963378906,500.1300048828125,493.44000244140625,493.80999755859375,13984800
2025-07-07,496.90313720703125,497.7200012207031,498.75,495.2300109863281,497.3800048828125,13981600
2025-07-08,495.804931640625,496.6199951171875,498.20001220703125,494.1099853515625,497.239990234375,11846600
2025-07-09,502.68365478515625,503.510009765625,506.7799987792969,499.739990234375,500.29998779296875,18659500
2025-07-10,500.656982421875,501.4800109863281,504.44000244140625,497.75,503.04998779296875,16492100
2025-07-11,502.49395751953125,503.32000732421875,505.0299987792969,497.79998779296875,498.4700012207031,16459500
2025-07-14,502.1944274902344,503.0199890136719,503.9700012207031,501.0299987792969,501.5199890136719,12058800
2025-07-15,504.9898376464844,505.82000732421875,508.29998779296875,502.7900085449219,503.0199890136719,14927200
2025-07-16,504.7901611328125,505.6199951171875,506.7200012207031,501.8900146484375,505.17999267578125,15154400
2025-07-17,510.8601989746094,511.70001220703125,513.3699951171875,505.6199951171875,505.67999267578125,17503100
2025-07-18,509.212890625,510.04998779296875,514.6400146484375,507.42999267578125,514.47998046875,21209700
2025-07-21,509.2228698730469,510.05999755859375,512.0900268554688,505.54998779296875,506.7099914550781,14066800
2025-07-22,504.44073486328125,505.2699890136719,511.20001220703125,505.2699890136719,510.9700012207031,13868600
2025-07-23,505.0397644042969,505.8699951171875,506.7900085449219,500.70001220703125,506.75,16396600
2025-07-24,510.0415344238281,510.8800048828125,513.6699829101562,507.29998779296875,508.7699890136719,16107000
2025-07-25,512.866943359375,513.7100219726562,518.2899780273438,510.3599853515625,512.469970703125,19125700
2025-07-28,511.65887451171875,512.5,515.0,510.1199951171875,514.0800170898438,14308000
2025-07-29,511.728759765625,512.5700073242188,517.6199951171875,511.55999755859375,515.530029296875,16469200
2025-07-30,512.3976440429688,513.239990234375,515.9500122070312,509.44000244140625,515.1699829101562,26380400
2025-07-31,532.6243896484375,533.5,555.4500122070312,531.9000244140625,555.22998046875,51617300
2025-08-01,523.2498168945312,524.1099853515625,535.7999877929688,520.8599853515625,535.0,28977600
2025-08-04,534.7609252929688,535.6400146484375,538.25,528.1300048828125,528.27001953125,25349000
2025-08-05,526.8838500976562,527.75,537.2999877929688,527.239990234375,537.1799926757812,19171600
2025-08-06,524.0784912109375,524.9400024414062,531.7000122070312,524.030029296875,530.9000244140625,21355700
2025-08-07,519.9852294921875,520.8400268554688,528.0900268554688,517.5499877929688,526.7999877929688,16079100
2025-08-08,521.1832275390625,522.0399780273438,524.6599731445312,519.4099731445312,522.5999755859375,15531000
2025-08-11,520.9136962890625,521.77001953125,527.5900268554688,519.719970703125,522.2999877929688,20194400
2025-08-12,528.3713989257812,529.239990234375,530.97998046875,522.7000122070312,523.75,18667000
2025-08-13,519.7256469726562,520.5800170898438,532.7000122070312,519.3699951171875,532.1099853515625,19619200
2025-08-14,521.6224975585938,522.47998046875,525.9500122070312,520.1400146484375,522.5599975585938,20269100
2025-08-15,519.3162841796875,520.1699829101562,526.0999755859375,519.0800170898438,522.77001953125,25213300
2025-08-18,516.2512817382812,517.0999755859375,522.8200073242188,514.02001953125,521.5900268554688,23760600
2025-08-19,508.933349609375,509.7699890136719,515.1599731445312,508.54998779296875,515.0,21481000
2025-08-20,504.8900146484375,505.7200012207031,511.0,504.44000244140625,509.8699951171875,27723000
2025-08-21,504.239990234375,504.239990234375,507.6300048828125,502.7200012207031,503.69000244140625,18443300
2025-08-22,507.2300109863281,507.2300109863281,510.7300109863281,502.4100036621094,504.25,24324200
2025-08-25,504.260009765625,504.260009765625,508.19000244140625,504.1199951171875,506.6300048828125,21638600
2025-08-26,502.0400085449219,502.0400085449219,504.9800109863281,498.510009765625,504.3599853515625,30835700
2025-08-27,506.739990234375,506.739990234375,507.2900085449219,499.8999938964844,502.0,17277900
2025-08-28,509.6400146484375,509.6400146484375,511.0899963378906,505.5,507.0899963378906,18015600
2025-08-29,506.69000244140625,506.69000244140625,509.6000061035156,504.489990234375,508.6600036621094,20961600
2025-09-02,505.1199951171875,505.1199951171875,506.0,496.80999755859375,500.4700012207031,18128000
2025-09-03,505.3500061035156,505.3500061035156,507.7900085449219,502.32000732421875,503.7900085449219,16345100
2025-09-04,507.9700012207031,507.9700012207031,508.1499938964844,503.1499938964844,504.29998779296875,15509500
2025-09-05,495.0,495.0,511.9700012207031,492.3699951171875,509.07000732421875,31994800
2025-09-08,498.20001220703125,498.20001220703125,501.20001220703125,495.0299987792969,498.1099853515625,16771000
2025-09-09,498.4100036621094,498.4100036621094,502.25,497.70001220703125,501.42999267578125,14410500
2025-09-10,500.3699951171875,500.3699951171875,503.2300109863281,496.7200012207031,502.9800109863281,21611800
2025-09-11,501.010009765625,501.010009765625,503.1700134277344,497.8800048828125,502.25,18881600
2025-09-12,509.8999938964844,509.8999938964844,512.5499877929688,503.8500061035156,506.6499938964844,23624900
2025-09-15,515.3599853515625,515.3599853515625,515.469970703125,507.0,508.7900085449219,17143800
2025-09-16,509.0400085449219,509.0400085449219,517.22998046875,508.6000061035156,516.8800048828125,19711900
2025-09-17,510.0199890136719,510.0199890136719,511.2900085449219,505.92999267578125,510.6199951171875,15816600
2025-09-18,508.45001220703125,508.45001220703125,513.0700073242188,507.6600036621094,511.489990234375,18913700
2025-09-19,517.9299926757812,517.9299926757812,519.2999877929688,510.30999755859375,510.55999755859375,52474100
2025-09-22,514.4500122070312,514.4500122070312,517.739990234375,512.5399780273438,515.5900268554688,19989800
2025-09-23,512.6968994140625,512.6968994140625,514.5599975585938,510.375,513.7999877929688,2540387
