Price,Close,High,Low,Open,Volume
Ticker,MSFT,MSFT,MSFT,MSFT,MSFT
Date,,,,,
2000-01-03,35.6680793762207,36.299203568936676,34.27195616203083,35.91670405819972,53228400
2000-01-04,34.46320343017578,35.84020156945029,34.34845358523624,34.750078042524635,54119000
2000-01-05,34.82658004760742,35.61070403549974,33.46870680028171,34.00420610908621,64059600
2000-01-06,33.65996551513672,34.845714300329035,33.1627160245722,34.32933982935818,54976600
2000-01-07,34.0998420715332,34.34846683144904,32.83759329042205,33.23921790259378,62013600
2000-01-10,34.34845733642578,34.788331790065975,34.080707668992616,34.711831885085076,44963600
2000-01-11,33.46872329711914,34.960472106933594,33.25834846496582,34.11897277832031,46743600
2000-01-12,32.378570556640625,33.315693980902516,31.957821264114873,33.20094417385004,66532400
2000-01-13,32.99058151245117,33.23920618471892,31.058959058678667,31.938707899010698,83144000
2000-01-14,34.34845733642578,34.86483169504688,32.35945980692228,32.79933426056248,73416400
2000-01-18,35.28558349609375,35.64895806868225,34.19545977832825,34.21458475583291,81483600
2000-01-19,32.74196243286133,34.11896085293493,32.43596278395608,33.81296120402969,97568200
2000-01-20,32.43595504760742,33.56432848381546,32.397705100617316,32.7610795970233,56349800
2000-01-21,31.747465133666992,32.818463957453346,31.59446530169751,32.741964041468606,68416200
2000-01-24,30.982465744018555,32.34033924267616,30.848590892038228,31.761808632332603,63597600
2000-01-25,31.46058464050293,31.785709223413903,30.466085916304664,30.905960352007742,59823200
2000-01-26,30.408708572387695,31.670956852750955,30.3322086766081,31.345832295687693,49365000
2000-01-27,30.217466354370117,30.963340523876724,29.758466865442976,30.566497215741798,63654800
2000-01-28,30.06446647644043,30.676465794027006,29.758466817647143,30.02621651909127,58225400
2000-01-31,29.949729919433594,30.0453548553194,29.03173053492988,29.873229970724953,73194200
2000-02-01,31.49883460998535,31.594459487368425,29.892336669949668,30.140961351145666,70196600
2000-02-02,30.848587036132812,31.80483585932354,30.752962153813744,31.345836424191994,49915600
2000-02-03,31.709211349487305,31.881336139683558,30.63821265493285,31.231086932275495,49186000
2000-02-04,32.60809326171875,33.04796783357771,31.86700023304332,31.938718913237718,55365400
2000-02-07,32.62721633911133,32.70371626018779,31.900467088884934,32.68459127991868,40005800
2000-02-08,33.640838623046875,33.6599636023664,32.5698397811534,32.5698397811534,56229000
2000-02-09,31.823959350585938,33.48783222528604,31.785709399443405,33.48783222528604,55090000
2000-02-10,32.43595504760742,32.608079809062886,31.364956531884534,31.79048719214943,54527800
2000-02-11,30.58085823059082,32.09173240208342,30.33223336692748,32.09173240208342,115559000
2000-02-14,30.485219955444336,31.13546931459434,30.313095125081098,30.977688220094706,81028600
2000-02-15,30.160085678100586,30.599960104604275,30.026210852642944,30.52346020434276,71027600
2000-02-16,29.87322235107422,30.657346625334167,29.720222492682034,30.370471890848822,65202600
2000-02-17,30.485219955444336,30.504344936595803,29.725001954673374,30.14097029471786,80343400
2000-02-18,29.08907699584961,30.61907447097648,29.031702090532352,30.59994950253739,79063000
2000-02-22,28.706592559814453,29.7202164143582,28.400592905612566,29.108217105954427,66296200
2000-02-23,28.84046173095703,29.299461121900645,28.171087619164265,28.610962035485226,75847200
2000-02-24,28.993471145629883,29.33772080303182,28.151971983091816,28.84047129789569,69733200
2000-02-25,27.94158935546875,28.979119281912403,27.692964672634325,28.97433803801174,65301400
2000-02-28,28.018095016479492,28.19021983228039,26.96622114214067,27.616470446277397,76131800
2000-02-29,27.34873390197754,28.07548347419792,27.195733992036406,28.07548347419792,58437400
2000-03-01,27.78858757019043,28.792648717771296,27.214838343001365,27.425213059637354,106889800
2000-03-02,28.57271385192871,29.184713077672836,27.884214722966576,28.094589456816117,106932600
2000-03-03,29.414226531982422,30.255725860595703,28.725727081298828,28.99347686767578,101435200
2000-03-06,27.731216430664062,29.796713930327314,27.57821661587419,29.37596443965517,93609400
2000-03-07,28.419715881347656,29.834964182303057,28.132841225748585,29.414214687424423,135061000
2000-03-08,29.24209213256836,29.43334191760805,27.845968701778634,28.706592734457235,94290000
2000-03-09,30.5999755859375,30.5999755859375,29.069976806640625,29.16560173034668,88198800
2000-03-10,30.905961990356445,31.364961425856787,30.4469625548561,30.46608753133528,85589000
2000-03-13,29.987972259521484,30.676471622622746,29.83497240105454,29.87322236567128,61831800
2000-03-14,29.10820960998535,30.370457858512967,29.10820960998535,30.179208123887573,73489200
2000-03-15,29.184717178344727,29.567216748178865,28.66834275906864,28.936092457952537,53208000
2000-03-16,29.184717178344727,29.58634172667057,28.53446790962669,29.35684198477009,77300800
2000-03-17,30.408708572387695,30.44695852027749,28.916960604685656,29.14646029202443,81161600
2000-03-20,29.796714782714844,30.523463923756673,29.52896509917312,30.217464285423272,47773000
2000-03-21,31.44145965576172,31.556209508519974,29.52896210979081,29.605462011629648,81648800
2000-03-22,31.59447479248047,32.321224212646484,30.944225311279297,31.460599899291992,93975800
2000-03-23,34.23371505737305,34.53971474503672,32.627216697138785,32.68459163857572,148224000
2000-03-24,34.17631912231445,35.18994246505797,33.52607018546012,34.463193653279596,112196800
2000-03-27,31.843093872070312,33.12446761947494,31.80484390946122,32.976249014364704,111434000
2000-03-28,31.919591903686523,32.875840912185225,31.326717518417333,31.70921712181681,81114400
2000-03-29,32.799320220947266,33.33481932659539,32.16819627500484,32.1873212430637,64363800
2000-03-30,31.632709503173828,33.23920744650309,31.36495984595228,32.49333340138593,64178400
2000-03-31,32.51247787475586,33.12447745828068,31.862228317260744,32.43597792681526,64281400
2000-04-03,27.807714462280273,29.52896226255897,27.539964804459142,28.89783806912345,260118200
2000-04-04,27.100112915039062,28.151987445968594,25.99086340969519,28.018112505668473,181244400
2000-04-05,26.43071174621582,27.080960805095224,26.277711967655957,27.004460915815294,82887600
2000-04-06,26.31597328186035,26.927972660508267,26.091254760013072,26.889722699342773,66421400
2000-04-07,27.253089904785156,27.348714781644052,26.00996650561952,26.62196571751645,82613600
2000-04-10,26.335098266601562,27.11922247061802,26.315973286015794,27.11922247061802,60685400
2000-04-11,25.665725708007812,26.335100074461074,25.55097581661583,26.048225345981106,71961800
2000-04-12,24.288719177246094,25.168468060831383,24.097469419944943,25.130218109371153,153003800
2000-04-13,24.250473022460938,25.168472001229173,24.173973107563583,24.74772246929373,94316200
2000-04-14,22.682233810424805,24.326982636475847,22.414484001532777,24.212232718379262,151217800
2000-04-17,23.21771812438965,23.25596807187629,22.337969332196963,22.720468807063348,119772200
2000-04-18,24.652099609375,25.072849176020657,23.217726086719356,23.40897588974011,91794600
2000-04-19,24.078350067138672,24.938974175972064,23.906225245371996,24.919849195775768,53715400
2000-04-20,24.154850006103516,24.44172470926389,23.71497546125761,24.059225105050057,52387400
2000-04-24,20.38723373413086,20.8079833984375,19.889984130859375,20.57848358154297,313645800
2000-04-25,21.228723526000977,21.266973478300077,20.693224193813563,21.03747376450547,159517400
2000-04-26,20.80797004699707,21.764218670480393,20.616720322300406,21.419969166026394,107091200
2000-04-27,21.362607955932617,21.40085792541504,20.61673355102539,20.6358585357666,77669800
2000-04-28,21.343475341796875,21.725974899893593,20.884475872080813,21.64947498827425,78082600
2000-05-01,22.471839904785156,22.643964635970743,21.936340741096657,22.299715173599566,107811000
2000-05-02,21.381725311279297,22.4909740304691,21.266975443776904,22.280599273381377,97716200
2000-05-03,21.592092514038086,21.668592398941673,21.05659331971296,21.534717600360395,55354800
2000-05-04,21.55384063720703,21.80246524083054,21.209591186036022,21.51559069818803,43317200
2000-05-05,21.764219284057617,21.974593987154833,21.381719823880857,21.496469661933883,36402200
2000-05-08,21.362607955932617,21.84073257446289,21.324357986450195,21.706857681274414,36187600
2000-05-09,20.7506046295166,21.553853840981763,20.654979723389797,21.477353916080318,60778400
2000-05-10,20.253347396850586,20.76972169308757,20.119472579307665,20.731471745218165,67740000
2000-05-11,20.769731521606445,20.846231453546064,20.119482100119686,20.387231861908354,58390800
2000-05-12,21.056602478027344,21.34347717118848,20.884477662130664,20.94185260076289,37886000
2000-05-15,21.228723526000977,21.24784850215053,20.807974050710868,21.113973669103675,33899600
2000-05-16,21.266971588134766,21.611221128230472,21.133096766986437,21.28609656258453,48410600
2000-05-17,20.712352752685547,21.15222728021257,20.57847789648167,21.075727362381784,53242000
2000-05-18,20.253347396850586,20.82709661489168,20.15772252717707,20.82709661489168,53640400
2000-05-19,19.909103393554688,20.176853102978093,19.736978580353927,20.004728289777333,66578000
2000-05-22,19.641347885131836,19.966472436297604,19.105848624388223,19.92822248910163,69955000
2000-05-23,19.335357666015625,20.062107014490987,19.297107700306395,19.545732477416387,57963200
2000-05-24,20.062105178833008,20.36810487650825,19.277980953540204,19.316230915749607,85482400
2000-05-25,18.818973541259766,19.813472143033657,18.70422370259355,19.756097223700547,94348800
2000-05-26,18.799856185913086,19.163230822263387,18.474731511283867,18.99110599451851,55822000
2000-05-30,19.392730712890625,19.62223048464081,18.97198113134862,19.105855998202895,68536400
2000-05-31,19.144102096557617,19.493132928987364,18.991102279602114,19.474007951867925,54968200
2000-06-01,19.756103515625,20.195978037270088,19.526603765201475,19.698728578019118,94507200
2000-06-02,20.29159927368164,20.42547410395098,19.889974782873615,20.195974394917823,80463200
2000-06-05,20.46373176574707,20.922731356754483,20.195982004326083,20.20076325006574,64400000
2000-06-06,21.305233001708984,21.381732940673828,20.750608444213867,20.865358352661133,99019000
2000-06-07,21.572973251342773,21.64947315648938,20.540224531863597,21.190473725609746,76310600
2000-06-08,21.056602478027344,22.070226393863354,20.884477662130664,21.898101577966674,94765600
2000-06-09,21.056602478027344,21.324352191644405,20.903602641674738,21.305227212100327,35710200
2000-06-12,20.46373176574707,21.113981186340904,20.310731902077933,21.113981186340904,49260600
2000-06-13,20.769731521606445,20.807981487576257,20.234231998029117,20.425481827878162,44289200
2000-06-14,21.572973251342773,21.725973061635987,21.26697363075635,21.36259851218961,79992400
2000-06-15,22.1467227935791,22.24234767610751,21.611223451420024,21.668598380937066,65592600
2000-06-16,22.204103469848633,22.376228302948235,21.87897878510494,22.223228451304145,68710600
2000-06-19,22.548343658447266,22.586593605280935,22.031969376192748,22.204094136944256,46604800
2000-06-20,22.93084716796875,23.026472051905234,22.567472609010114,22.605722562584706,62275000
2000-06-21,24.690340042114258,25.14933939223877,23.542841666802982,23.561966639724837,160399600
2000-06-22,24.441722869873047,25.09197214810128,24.269598060930278,24.900722360387093,87315200
2000-06-23,23.772357940673828,24.499107419149777,23.561983091641316,24.46085744659841,49811600
2000-06-26,24.326982498168945,24.518232360575933,23.714982938466584,23.714982938466584,48287000
2000-06-27,24.116592407226562,24.51821686444445,23.982717588153932,24.250467226299193,31071200
2000-06-28,24.154850006103516,24.499099649895964,24.059225105050057,24.173974986314207,37459200
2000-06-29,23.61934471130371,24.154844024596425,23.581094760354233,23.94446929437429,38449000
2000-06-30,24.47996711730957,24.47996711730957,23.466343478858473,23.58109332472086,52356400
2000-07-03,24.47996711730957,24.499092091619968,24.28871737420559,24.38434224575758,15734800
2000-07-05,24.020971298217773,24.44172079547955,23.944471389624724,24.44172079547955,34824400
2000-07-06,24.7668514251709,24.996351206716884,24.020977135146445,24.13572702591944,47873200
2000-07-07,25.091976165771484,25.359725911442826,24.652101583597137,24.867257629225893,54153200
2000-07-10,24.30785369873047,24.881603195946763,24.288728715489924,24.69035336354133,52689800
2000-07-11,24.212217330932617,24.632966763223706,24.020967588982124,24.11659245995737,37164800
2000-07-12,24.575597763061523,24.785972529904853,23.61934882286458,23.94447346253154,58370200
2000-07-13,24.460847854614258,24.479972833390345,23.676723724794723,24.116598236644705,80843200
2000-07-14,24.154850006103516,24.40347474884251,24.001850164417984,24.32697482799974,51180600
2000-07-17,23.925355911254883,24.346105575561523,23.714981079101562,23.944480895996094,53992800
2000-07-18,24.020971298217773,24.326970932589976,23.695846686697312,23.7532216181421,70617200
2000-07-19,22.376222610473633,23.71497097178402,22.280597727522892,23.27509651021061,139924600
2000-07-20,22.892597198486328,23.026472035904376,22.37622282558814,22.471847709458174,54690600
2000-07-21,22.127599716186523,22.94997377651152,21.99372486915687,22.87347386392315,56100600
2000-07-24,21.592092514038086,22.070216794685518,21.41996777300501,22.051091823459622,56165600
2000-07-25,21.113977432250977,21.725976778113324,20.922727636668995,21.66860183943873,64188600
2000-07-26,20.7506046295166,21.26697912260135,20.578479798488353,21.13310425402382,85404600
2000-07-27,21.228723526000977,21.458223239795583,20.654974241514463,20.769724098411768,74337600
2000-07-28,21.32434844970703,21.974597640101685,21.305223473518954,21.70684797346859,75645600
2000-07-31,21.362607955932617,21.764232635498047,21.19048309326172,21.477357864379883,70283800
2000-08-01,21.01834487915039,21.439094276185248,20.86534509841044,21.40084433100026,47163600
2000-08-02,21.228723526000977,21.553848120543336,20.96097385990727,20.980098836056822,48269200
2000-08-03,21.49648094177246,21.534730907861025,20.846231518266887,20.86535650131117,54543400
2000-08-04,21.152225494384766,21.381725228501058,20.8653508267394,21.247850383599886,38107400
2000-08-07,21.41997718811035,21.764226821490695,21.343477269581385,21.477352127007073,52741800
2000-08-08,22.682233810424805,22.854358687569682,21.41998471136238,21.43910969771181,138038800
2000-08-09,22.72047233581543,22.911722102951924,22.376222754969742,22.567472522106236,63945600
2000-08-10,22.22322654724121,22.66310108302998,21.955476829804567,22.586601163762367,48986000
2000-08-11,22.165849685668945,22.24234959830283,21.91722496960881,22.165849685668945,35629600
2000-08-14,22.08934211730957,22.452716576382198,21.840717487417773,22.127592060369846,53427000
2000-08-15,21.91722297668457,22.337972457912375,21.87897302384568,22.031972835201245,40714200
2000-08-16,21.725975036621094,22.108474597124985,21.592100190444732,21.99372472897382,44976200
2000-08-17,21.89810562133789,22.03198050286572,21.59210589213142,21.76423073981006,36112800
2000-08-18,21.725975036621094,21.859849882797455,21.41997538821798,21.764224992671483,54438800
2000-08-21,21.61121940612793,21.66859432490526,21.439094649795937,21.630344379053707,34119600
2000-08-22,21.802473068237305,22.165847619374592,21.486910958039132,21.668598233607778,54428200
2000-08-23,21.649477005004883,21.764226883123282,21.53472712688648,21.668601984691282,36726800
2000-08-24,21.764219284057617,21.783344257066453,21.400844796889693,21.611219499986912,42405400
2000-08-25,21.61121940612793,21.936343945866135,21.592094433202153,21.630344379053707,52729400
2000-08-28,21.821596145629883,22.0702208168772,21.458221626114575,21.477346600825907,56421600
2000-08-29,21.70684814453125,22.261472458356277,21.687723168192456,21.783348049886428,59400200
2000-08-30,21.41997718811035,21.70685188259397,21.324352289949143,21.630351964065007,53498800
2000-08-31,21.362607955932617,22.031982421875,21.324357986450195,21.687732696533203,72575400
2000-09-01,21.47735595703125,21.61123083833064,21.324356092689086,21.419981007902937,37629800
2000-09-05,21.458229064941406,21.630353897013126,21.36260415823489,21.4199791022588,50755200
2000-09-06,21.24785041809082,21.6303499755722,21.20960046234268,21.43910019683151,62960800
2000-09-07,21.43910789489746,22.05110740661621,21.24785804748535,21.41998291015625,111711200
2000-09-08,21.2096004486084,21.687724895150517,21.17135049288503,21.53472507225704,56709600
2000-09-11,21.056602478027344,21.324352191644405,20.827102723498435,21.15222737574772,48495200
2000-09-12,20.846227645874023,21.209602256214946,20.693227809941003,21.037477440790298,46781200
2000-09-13,20.884479522705078,21.037479372688267,20.559354841490805,20.674104728978197,40744800
2000-09-14,20.13859748840332,21.037471260440316,20.100347540657065,21.018346286567187,78503000
2000-09-15,19.641347885131836,20.08122227788552,19.37359825476003,20.02384735709156,99915200
2000-09-18,19.277973175048828,19.775222483135405,19.02934852100554,19.660472642807733,69037800
2000-09-19,19.889972686767578,20.119472371614897,19.39272336959839,19.469223264547495,79311200
2000-09-20,19.660476684570312,19.889976412405765,19.335352070136757,19.851726457766524,67791400
2000-09-21,19.641347885131836,19.92822248910163,19.450098149151973,19.583972964337878,48952200
2000-09-22,19.3544864654541,19.43098641195787,18.66598694692016,18.704236920172047,84476600
2000-09-25,18.74248504638672,19.430984497070312,18.493860244750977,19.35448455810547,53484200
2000-09-26,19.182348251342773,20.157721891241557,18.49384921141422,18.646848998065007,155704800
2000-09-27,18.55122947692871,19.450103482511857,18.302604751980184,19.411853524827468,106155600
2000-09-28,18.7616024017334,18.93372719440985,18.551227655128844,18.608602586020996,52360400
2000-09-29,18.455598831176758,18.761598397289532,17.93922456336145,18.66597353287929,74053600
2000-10-02,18.09222412109375,18.608598382478032,17.824474504079678,18.512973519258722,58562400
2000-10-03,17.308107376098633,18.30260636345458,17.288982395572557,18.226106441350275,85374000
2000-10-04,16.96385383605957,17.30810340657713,16.676979193961607,17.250728478157534,136453400
2000-10-05,16.944730758666992,17.518480107154588,16.90648080210115,16.98298071523283,81099400
2000-10-06,17.00210952758789,17.365484196906415,16.753484753843637,17.07860945797074,61794000
2000-10-09,16.581356048583984,17.059480502118703,16.2179814638976,17.021230545835923,58323600
2000-10-10,16.69609832763672,17.002097838796153,16.46659869426714,16.504848633162073,62066200
2000-10-11,17.059476852416992,17.422851359363094,16.523977579022738,16.523977579022738,101205800
2000-10-12,16.638729095458984,17.403728134330663,16.466604311712857,17.231603350584535,90219600
2000-10-13,16.447473526000977,16.791722971894018,15.95022432637769,16.485723464433537,104521200
2000-10-16,15.414730072021484,16.466603712171835,15.166105393440493,16.37097883579453,119759000
2000-10-17,15.433857917785645,16.045857240423985,15.376482981288301,15.873732430931952,81276600
2000-10-18,15.835481643676758,16.294481111609418,14.8218578186588,15.185232397438822,110536400
2000-10-19,18.933725357055664,19.029350232596347,17.747976900351166,17.881851726108128,256993200
2000-10-20,19.94735336303711,20.234228051863145,18.704229711457614,18.76160464922282,160378600
2000-10-23,19.010225296020508,20.272473655716034,18.570350867641764,19.775224301896586,185170400
2000-10-24,18.818973541259766,19.2588479228136,18.417349105928,19.16322305725842,94427400
2000-10-25,18.74248504638672,19.4118595123291,18.493860244750977,18.95285987854004,167603800
2000-10-26,19.717853546142578,19.909103338054727,18.608604753052113,18.665979690625758,114826600
2000-10-27,20.712352752685547,21.171352259670268,19.775228759258408,19.794353738716104,124292400
2000-10-30,21.13309669494629,21.458221259483924,20.616722386562987,20.65497233533212,110057600
2000-10-31,21.07573127746582,21.26698110756987,20.807981515320158,21.11398124348663,104474000
2000-11-01,21.305233001708984,21.43910789489746,20.941858291625977,20.960983276367188,81309400
2000-11-02,21.51560401916504,21.678166360643175,21.30522922431098,21.53472900051541,77985200
2000-11-03,20.884479522705078,21.305229110158844,20.827104578961382,21.190479222671453,68711000
2000-11-06,21.266971588134766,21.45822133263238,20.884472099139536,21.01834692028787,74851400
2000-11-07,21.572973251342773,21.993722729649104,21.26697363075635,21.34347353590296,104331200
2000-11-08,21.24785041809082,22.14672437817207,20.80797592698723,21.764224820690686,206149400
2000-11-09,21.68772315979004,21.821597994109734,20.941849082866046,20.96097405919743,91058600
2000-11-10,20.616718292236328,21.515591909801365,20.44459355695792,21.400842086282424,93744400
2000-11-13,20.329853057861328,20.846227500535136,19.70829122871693,20.406352975294485,83364800
2000-11-14,21.056602478027344,21.362602150732556,20.597602968969525,20.80797774395436,84218600
2000-11-15,21.43910789489746,21.687732696533203,21.01835823059082,21.133108139038086,60422200
2000-11-16,21.094852447509766,21.87897660920324,21.094852447509766,21.24785228393776,92128600
2000-11-17,21.13309669494629,21.41997131071479,20.74581596365881,21.24784654125369,106525600
2000-11-20,20.559358596801758,20.960983276367188,20.062108993530273,20.846233367919922,80157200
2000-11-21,20.731475830078125,21.190475294950705,20.61672596385998,20.61672596385998,59487600
2000-11-22,20.884479522705078,21.266979147663047,20.195980197780734,20.215105179028633,76343200
2000-11-24,21.400846481323242,21.553846277436367,20.960972067498012,21.113971863611134,34439200
2000-11-27,21.630353927612305,22.108478461821242,21.611228946243948,21.859853704032595,85307600
2000-11-28,20.50198745727539,21.343486942462068,20.4446124923763,21.228737012663885,127446200
2000-11-29,19.909103393554688,20.540227708624144,19.354478995463346,20.4446028124015,98280400
2000-11-30,17.55672836303711,18.991101595311385,17.441978504455168,18.97197661888106,197200800
2000-12-01,17.32723045349121,18.55122907272238,17.155105647661827,17.76710495727741,109809800
2000-12-04,17.269855499267578,18.053979613852263,16.88735593117749,17.51848021852614,80407200
2000-12-05,18.32172393798828,18.51297366594223,17.824474645308015,18.111349237238937,101734400
2000-12-06,17.346359252929688,18.379108315397385,17.15510942654678,18.359983332759096,90560800
2000-12-07,16.25623893737793,16.523988755170038,15.988489119585823,16.35186387230368,145308400
2000-12-08,16.657852172851562,17.09772657006808,16.351852592179206,16.715227094227632,120939800
2000-12-11,17.76711082458496,17.97748565673828,16.829986572265625,16.982986450195312,95576200
2000-12-12,17.86273193359375,18.35998143067452,17.365482436512984,17.690607107681178,63106000
2000-12-13,17.518476486206055,18.512975151361857,17.38460166589662,18.512975151361857,98360400
2000-12-14,16.98297882080078,17.972696336540015,16.94472886850168,17.72885289063325,71201400
2000-12-15,15.051362037658691,15.911986296482887,14.61148741648188,15.620330297659132,116899800
2000-12-18,14.630610466003418,15.299984801049327,14.381985712986367,14.99398510502834,107187400
2000-12-19,13.71260929107666,14.687983173705543,13.616984400622847,14.515858370888681,120271800
2000-12-20,12.698984146118164,13.46398319106504,12.66073419387082,13.100608644715274,149037800
2000-12-21,13.291864395141602,13.808238983154297,12.335615158081055,12.469490051269531,163173000
2000-12-22,14.209857940673828,14.420232688113144,13.693483560595505,13.693483560595505,109551800
2000-12-26,14.343730926513672,14.860105239868165,14.037731333414715,14.343730926513674,66941600
2000-12-27,14.209857940673828,14.324607802913455,13.769983468755257,14.114233055474138,69003800
2000-12-28,13.636109352111816,14.15248375955504,13.425734593523835,13.80823415459289,77619200
2000-12-29,13.272735595703125,14.018609786239756,13.157985720235951,13.444860408903885,99977600
2001-01-02,13.272735595703125,13.769985056060879,13.119735761746893,13.502235346637473,82413200
2001-01-03,14.66885757446289,14.955732233676638,13.196234323832327,13.215359301113244,135962200
2001-01-04,14.821859359741211,15.452983693768902,14.343734864265688,14.630609561551001,112397000
2001-01-05,15.032233238220215,15.26173298231518,14.554108771355706,14.840983451474411,93414600
2001-01-08,14.974864959716797,15.223489793019885,14.286365421339013,14.974864959716797,79817600
2001-01-09,15.854605674743652,16.103230371693794,15.223481444024063,15.299981350777953,114965400
2001-01-10,16.17972755432129,16.466602156348262,15.529478456393484,15.605978350267343,90230200
2001-01-11,16.82998275756836,17.05948252244429,16.00760860009627,16.217983384565873,101854800
2001-01-12,16.370981216430664,16.829980689788535,16.064981567525418,16.791730733675376,73712000
2001-01-16,16.084115982055664,16.370990821212423,15.644241228681965,16.33274084265819,68462400
2001-01-17,16.1988582611084,16.79173264846892,16.084108379683784,16.409233043720196,72844200
2001-01-18,16.98297882080078,17.193353558445835,16.10322991792146,16.42835451246382,109788800
2001-01-19,18.66597557067871,18.799850395468415,18.01572642170015,18.35997597115939,209348800
2001-01-22,18.398225784301758,18.66597543189035,18.05397623740214,18.58947553257932,76673000
2001-01-23,18.532100677490234,18.646850526886457,18.034851330106594,18.283476003798416,70295200
2001-01-24,19.258848190307617,19.411847977320985,18.589474122124134,18.66597401563082,110455000
2001-01-25,18.914594650268555,19.583968576213348,18.838094773017723,19.20146918995918,85657400
2001-01-26,19.583980560302734,19.679605465382338,18.665981471538544,18.665981471538544,93080000
2001-01-29,19.736982345581055,19.775232311367063,19.430982619292976,19.45010760218598,84983800
2001-01-30,19.392730712890625,19.81348029443263,19.23973086505717,19.7369803705159,57276800
2001-01-31,18.685104370117188,19.50747846214896,18.665979391232728,19.27797871553544,81898800
2001-02-01,19.086734771728516,19.16323471069336,18.474735260009766,18.608610153198242,71792800
2001-02-02,18.608604431152344,19.392728564428033,18.58947945229196,19.124978860382676,71100000
2001-02-05,18.95285415649414,18.991104114428538,18.43647972437977,18.58947955611736,51399200
2001-02-06,19.144102096557617,19.52660163894638,18.87635241688548,18.991102279602114,96442000
2001-02-07,19.794349670410156,19.909099523571953,18.914600796169704,18.971975722750603,126061800
2001-02-08,19.048479080200195,19.736978324062854,18.971979164215455,19.507478576108632,88041200
2001-02-09,18.09222412109375,18.83809805420438,17.900974394655126,18.761598163628932,100575200
2001-02-12,17.97747802734375,18.18785277021692,17.499353611722906,17.996603003968584,71289400
2001-02-13,17.805360794067383,18.685110092163086,17.786235809326172,18.245235443115234,76070600
2001-02-14,17.86273193359375,18.053981740163277,17.250732552571268,17.633232165710318,61728400
2001-02-15,17.99660301208496,18.41735249802106,17.709728362583075,18.053977941985337,65627800
2001-02-16,17.53760528564453,17.824479963163256,17.17423069412082,17.44198039313829,66958400
2001-02-20,17.097728729248047,17.824477825122123,16.944728919590347,17.556728158221148,60730800
2001-02-21,17.21247100830078,17.767095074123805,16.887346555921766,16.906471523708767,63947200
2001-02-22,16.88735008239746,17.38459934869682,16.485725675001827,17.231599574450865,100816400
2001-02-23,17.365480422973633,17.594980164246415,16.619606263837102,16.6578562207159,92620600
2001-02-26,18.226099014282227,18.340848850678547,17.556724968637024,17.633224859567903,87936800
2001-02-27,18.16872787475586,18.72335219935367,17.953571886765328,18.16872787475586,99148600
2001-02-28,18.05398178100586,18.38388769808462,17.805357031903025,18.22610660730782,84608400
2001-03-01,18.163959503173828,18.206990731267688,17.21249123754298,17.920115877308636,81781600
2001-03-02,17.346359252929688,17.786233853610373,17.269859322376526,17.594984027227465,79800800
2001-03-05,17.57584571838379,17.93922011299673,17.308096164458465,17.51847081397122,49383600
2001-03-06,18.18785858154297,18.35998342616325,17.862733875037996,17.939233805980344,66781800
2001-03-07,18.570348739624023,18.704223550311326,18.149599334606798,18.321724091204754,59743600
2001-03-08,18.130474090576172,18.541661002967928,17.881849445874177,18.4555986259557,54626000
2001-03-09,17.346359252929688,17.805358836248665,16.791734756419256,17.728858905695503,103794400
2001-03-12,15.892863273620605,16.829987582173445,15.797238344176437,16.734362652729278,114376000
2001-03-13,16.581356048583984,16.753480851856484,15.911981813635382,15.969356748059548,91035600
2001-03-14,16.52398681640625,16.90648651123047,15.969362258911133,16.064987182617188,90686200
2001-03-15,16.428354263305664,17.159884589931323,16.37097933572718,16.925603635652518,71638400
2001-03-16,16.69609832763672,16.8682230526639,16.060193093508516,16.06497433587038,112848800
2001-03-19,16.61959457397461,16.982968908733547,16.25622023921567,16.676969468936544,61036400
2001-03-20,16.12235450744629,17.174228170446938,16.103229531755368,16.696103778173914,91822800
2001-03-21,15.319108963012695,16.294482941931104,15.223484063118732,15.988483262270428,124988600
2001-03-22,16.52398681640625,16.54311180114746,15.452987670898438,15.472112655639648,126363200
2001-03-23,17.308107376098633,17.441982239781165,16.63873305768598,16.810857882420663,99519600
2001-03-26,17.155101776123047,17.594976180639023,17.002101983247925,17.48022633598268,63118600
2001-03-27,17.824487686157227,17.92011262009584,17.097738188223776,17.155113148586945,95135600
2001-03-28,17.00210952758789,17.728858866224943,16.944734579800755,17.556734022863537,78681600
2001-03-29,16.944730758666992,17.499355128871667,16.696106040989033,16.944730758666992,86985000
2001-03-30,16.73436164855957,17.193361282348633,16.485736846923828,17.059486389160156,91201600
2001-04-02,17.078603744506836,17.422853316064646,16.715229196751373,16.77260412534434,75924000
2001-04-03,16.332731246948242,16.925605566216856,16.141481466539013,16.925605566216856,94187600
2001-04-04,15.892863273620605,16.829987582173445,15.625113471176936,16.332737949063773,104046600
2001-04-05,17.365480422973633,17.556730207367618,16.370981544124923,16.447481457882517,113364000
2001-04-06,17.193359375,17.49935909691324,16.84910968784761,17.250734322858733,92622000
2001-04-09,17.487876892089844,17.570495753492406,17.03193699311652,17.310396571042467,56295600
2001-04-10,18.262060165405273,18.38751998180875,17.680660332923146,17.73268088315176,109199400
2001-04-11,18.37221908569336,18.818978290154103,18.26817915902343,18.55887905712729,109879600
2001-04-12,19.027053833007812,19.06683410494794,18.161074467895038,18.22533526635086,87520000
2001-04-16,18.601722717285156,18.843462769197007,18.396702303861098,18.788382727817186,65857400
2001-04-17,18.812856674194336,19.005636763447573,18.372217637482862,18.519097316386688,85149200
2001-04-18,20.021560668945312,20.290839567243275,19.277981296964413,19.397320994416322,156696400
2001-04-19,20.82021713256836,21.113976525820018,20.119477631487914,20.137836864006104,159375600
2001-04-20,21.113977432250977,21.756576278487994,20.96097759578539,21.511777940898394,192919600
2001-04-23,20.884479522705078,20.95179983023247,20.47138039466896,20.84163975147718,92171200
2001-04-24,20.67027473449707,21.398552970958495,20.54481377291196,20.869172614720462,89176600
2001-04-25,21.32511329650879,21.35571279020092,20.57847351054387,20.676393291113715,76744000
2001-04-26,21.153759002685547,21.725979297885985,20.88448009972843,21.44139947567082,118737600
2001-04-27,20.538698196411133,21.322056585683306,20.260237382810452,21.27615616936986,121572400
2001-04-30,20.731475830078125,21.13233461566407,20.71005594843442,20.970155178277146,74368200
2001-05-01,21.472000122070312,21.511781580420912,20.68558092296866,20.703942493973795,83702800
2001-05-02,21.346546173095703,21.771885697795845,21.221085137597676,21.725985262013808,92864400
2001-05-03,20.97016143798828,21.475061466982016,20.850821728265196,21.190481620428653,66273400
2001-05-04,21.649477005004883,21.7412778413365,20.795737631652912,20.80797789880328,119538400
2001-05-07,21.84225082397461,22.07787182568064,21.63417100052915,21.673952443062003,109356200
2001-05-08,22.050338745117188,22.06257901388455,21.64947986500439,21.955479580410817,75084000
2001-05-09,21.542373657226562,21.81777378140739,21.377133582718066,21.79941221673412,76676600
2001-05-10,21.41997718811035,21.799416130328193,21.407736920994648,21.76575597940807,64334600
2001-05-11,21.236373901367188,21.419973204775474,21.00687418845888,21.407732939936015,51128800
2001-05-14,21.028297424316406,21.175175956647568,20.899778124878594,21.15375607340793,44968000
2001-05-15,20.890583038330078,21.205764457237695,20.807964207666608,21.034403164476405,61385600
2001-05-16,21.16292953491211,21.38324724502814,20.602949810379673,20.716168147260568,91893800
2001-05-17,20.85999298095703,21.462812589877956,20.670274715735623,21.144572713380906,106984800
2001-05-18,20.835519790649414,21.175179666232975,20.578481146744338,20.713121770461807,90605400
2001-05-21,21.049720764160156,21.416919489878456,20.731480779061098,20.823281627786955,103491600
2001-05-22,21.514829635620117,21.527069898921543,21.169050952073075,21.251669811118294,83455600
2001-05-23,21.328182220458984,21.90958222816899,21.270043853903,21.539322800763486,93637400
2001-05-24,21.946290969848633,21.96465019818059,21.196590573541954,21.401612073145714,80781600
2001-05-25,21.698442459106445,22.0013815448806,21.530141670013737,21.927942261727747,52747600
2001-05-29,21.52401351928711,21.955474131535368,21.435275678283517,21.664775407881447,71210800
2001-05-30,21.1721248626709,21.59746435679211,21.00688470649106,21.285343283588087,86501800
2001-05-31,21.169052124023438,21.536250705028756,20.930372812910818,21.26391125162162,70682600
2001-06-01,21.52401351928711,21.634173576261475,21.02217429733366,21.297574439769573,57587600
2001-06-04,21.658660888671875,21.73210017145003,21.358782455482014,21.588282256932356,43736600
2001-06-05,22.215576171875,22.36245704464134,21.57297731453083,21.652537884553947,89454200
2001-06-06,22.142133712768555,22.484854143452736,21.894274756188707,22.30431314532534,80022800
2001-06-07,22.546051025390625,22.561351939501474,22.056452123535745,22.068692387906083,66960000
2001-06-08,22.396106719970703,22.567465712549357,22.047267436740622,22.552164801958615,51867000
2001-06-11,22.068696975708008,22.29207542677697,21.882036990791637,22.29207542677697,47345600
2001-06-12,22.056459426879883,22.157439890428066,21.667838491864448,21.732098150142612,66714600
2001-06-13,21.63111114501953,22.123770657585407,21.61581023212085,22.047270762275073,55302400
2001-06-14,21.0833740234375,21.58827385709398,20.93037421533504,21.487293423444328,71972400
2001-06-15,20.814109802246094,20.899791725554884,20.318391514796275,20.658051551912326,108354400
2001-06-18,20.465251922607422,20.79573204307845,20.199033771054335,20.792671393465305,56846800
2001-06-19,20.59989356994629,21.06807259785093,20.456073380283193,20.872233034996594,63457400
2001-06-20,21.23943519592285,21.29451288748453,20.532574471186912,20.54481473639791,64108400
2001-06-21,21.371007919311523,21.58826965900878,21.089488887449612,21.159869812710763,69603800
2001-06-22,21.061948776245117,21.606627580748864,20.98544889168917,21.41996767566506,51092000
2001-06-25,21.068071365356445,21.36183069245286,20.737591246901133,21.144571263077125,49215600
2001-06-26,21.462818145751953,21.484238030744024,20.716178152441344,20.752898955824485,63077000
2001-06-27,21.76881217956543,21.88815184130624,21.224133244524456,21.377133050304135,69199800
2001-06-28,22.258419036865234,23.301879205377016,21.582159934061742,21.894280956643414,128975600
2001-06-29,22.337976455688477,22.46343744405759,21.848377438646633,22.215576117779946,94283800
2001-07-02,21.603574752807617,22.383874791606214,21.46587584459236,22.047275644619543,72810200
2001-07-03,21.563793182373047,21.664773615343115,21.398553110583425,21.51177380827033,28037400
2001-07-05,20.96403694152832,21.640295896468963,20.942617059139867,21.487296069525144,49242600
2001-07-06,20.214330673217773,20.930370874844908,20.09499102871182,20.899771385026458,67467800
2001-07-09,20.101118087768555,20.47443804047292,19.90221784506304,20.257176230941354,66476600
2001-07-10,19.730863571166992,20.272482064771047,19.691082112221345,20.165382626441733,66562600
2001-07-11,20.348976135253906,20.425476045536815,19.645176026814344,19.648236676911417,73822600
2001-07-12,21.909574508666992,22.04727575214588,21.520955979756305,21.634174356301276,128078000
2001-07-13,21.83000946044922,22.03197030888462,21.707611493073127,21.8483710232289,58934600
2001-07-16,21.781049728393555,22.08093033755128,21.46587054132043,21.863668585992816,55990800
2001-07-17,21.976892471313477,22.03503314580269,21.462813019691275,21.621934128422236,63241000
2001-07-18,21.594388961791992,21.878968647372236,21.380190202577346,21.603568575102422,57590800
2001-07-19,22.206392288208008,22.337972217943953,21.79329326890412,21.79329326890412,76549400
2001-07-20,21.169052124023438,21.236372408612464,20.78961327903906,20.817152122048217,124203600
2001-07-23,20.529518127441406,21.18741792933228,20.30307901002049,21.18741792933228,79999400
2001-07-24,20.293901443481445,20.80492041826011,20.104180775632805,20.501981347556768,67530200
2001-07-25,20.648855209350586,20.661093139605782,20.076635084360138,20.275535302588292,74065400
2001-07-26,20.376516342163086,20.599897122316804,20.042977831675312,20.538698123843204,77974000
2001-07-27,20.033798217773438,20.272477580278196,19.90527892020813,20.211278581797234,65396000
2001-07-30,20.13477897644043,20.465256841755416,20.055218409516367,20.088878559576848,42196400
2001-07-31,20.25411605834961,20.62131467691558,20.15007497118106,20.199036032105525,59031600
2001-08-01,20.339794158935547,20.4438329042415,20.122534719098066,20.44077458909136,55679000
2001-08-02,20.639671325683594,20.667212502656493,20.275533402622788,20.56623207807517,54198400
2001-08-03,20.46831703186035,20.61213724532266,20.195977521743604,20.59377801282692,43260400
2001-08-06,20.23575782775879,20.53869918931742,20.09805890675379,20.35815816564783,27831600
2001-08-07,20.303081512451172,20.517282723087078,20.192921423459598,20.20822234371668,31347800
2001-08-08,19.84713363647461,20.575411821774072,19.733912947480285,20.3520334279692,54996400
2001-08-09,19.893033981323242,20.058274039922537,19.675774552773685,19.883854367166325,45536200
2001-08-10,20.049097061157227,20.153138161440157,19.247379431493563,19.819597311977077,51756400
2001-08-13,20.143951416015625,20.192910131192857,19.813471333851773,19.96341046323318,32675400
2001-08-14,19.79511833190918,20.223515979133882,19.721676734163157,20.11947721754848,36481200
2001-08-15,19.339176177978516,19.905276174200377,19.339176177978516,19.801235089625028,39503000
2001-08-16,19.773698806762695,19.801237655470885,19.186178854437355,19.229018619933733,43905600
2001-08-17,18.93525505065918,19.623752964303694,18.818974879035324,19.516653574186854,52234200
2001-08-20,19.186176300048828,19.201476047503995,18.696576210412218,18.86793641687942,48371200
2001-08-21,18.59865379333496,19.33917337176383,18.577233916470497,19.186173584277245,47111800
2001-08-22,18.561941146850586,18.7118815085459,18.078462243692982,18.70576137467097,78107200
2001-08-23,18.09070587158203,18.828165262275228,18.05398622643907,18.565005276274952,51813200
2001-08-24,18.987287521362305,19.057667335897655,18.124368171255348,18.23758777139512,63399000
2001-08-27,19.066843032836914,19.388142506378788,18.840402725720978,18.941383193937845,44562800
2001-08-28,18.5864200592041,19.26267903482786,18.5374601597765,19.076019053480106,47422800
2001-08-29,18.436477661132812,18.757777038365564,18.219218204530243,18.681277131057957,48170000
2001-08-30,17.423627853393555,18.255947666764204,17.295108500191862,18.066228121291743,97632000
2001-08-31,17.457277297973633,17.766337553880998,17.22777759335357,17.396077143282444,57900800
2001-09-04,17.16657066345215,18.078450157133837,17.15739105242498,17.500110149218894,67189200
2001-09-05,17.668420791625977,17.86731986923085,16.949320893926952,17.19106090424137,89470600
2001-09-06,17.1420955657959,17.867314199305792,17.105375945279064,17.3073356090652,112356800
2001-09-07,16.952381134033203,17.552140169902824,16.924841118748574,17.169640606114132,89863800
2001-09-10,17.61945915222168,17.732678687813866,16.73817989615463,16.805499020598013,84471800
2001-09-17,16.190441131591797,16.860579932314792,16.156780983954825,16.530100923497976,127502000
2001-09-18,16.62190055847168,16.829980409647362,16.270000501169744,16.343440929294808,83182600
2001-09-19,16.48419761657715,16.738177837043203,15.483578815373319,16.664737421698863,126950200
2001-09-20,15.532538414001465,16.098638346374234,15.504998404672024,16.01907780062439,117983200
2001-09-21,15.211249351501465,15.483588979100759,14.534990092607131,14.663509444702568,184976600
2001-09-24,15.91504192352295,16.049682522012137,15.26020283293087,15.498883363299852,85580200
2001-09-25,15.697778701782227,16.217978237188955,15.3489393566553,15.994598677016377,84940600
2001-09-26,15.382604598999023,15.850783752461519,15.162284448053764,15.762043561964546,58524400
2001-09-27,15.287741661071777,15.508061774351898,14.687982649693655,15.33058142369936,81191200
2001-09-28,15.658007621765137,15.786528131758493,14.987868547781831,15.183708213203628,116641200
2001-10-01,15.8477201461792,16.064979590007333,15.425440355827588,15.58761977624917,69999600
2001-10-02,16.233280181884766,16.386279997298,15.777341385639069,15.798761266413246,80860800
2001-10-03,17.20635986328125,17.420559847804828,16.03438183230867,16.058861196864964,97199200
2001-10-04,17.27062225341797,17.87038253886824,17.20024246410056,17.41750196598859,101778000
2001-10-05,17.662296295166016,17.747975804827085,16.81161666110456,17.18493652570626,80844400
2001-10-08,17.760215759277344,17.946875688330454,17.36241654196351,17.380775769545288,60605800
2001-10-09,16.695343017578125,17.61640154388769,16.582122295141396,17.594981659598826,99477600
2001-10-10,16.986038208007812,17.05947862961996,16.217979683764266,16.401578986850783,86349200
2001-10-11,17.23390007019043,17.393020027117135,16.704520819587984,17.06253984720105,83742600
2001-10-12,17.252269744873047,17.331829182463085,16.69228952804361,17.04418977911861,63307000
2001-10-15,17.76633071899414,17.90097007368095,17.09007096239946,17.105371870657738,68437000
2001-10-16,17.885683059692383,18.02644264438418,17.506242910418578,17.708202669805665,66169000
2001-10-17,17.145151138305664,18.145769615766756,17.129851397186986,18.090689613903177,73710600
2001-10-18,17.365480422973633,17.619460696950945,16.98298085418567,17.240020611103024,78348000
2001-10-19,17.717376708984375,17.75103568331993,17.022757500351194,17.56437691414788,91219600
2001-10-22,18.4089412689209,18.415061402784875,17.585802524603004,17.71738248443805,72323600
2001-10-23,18.491558074951172,18.800617193334705,18.17637882377937,18.5037983405277,80325000
2001-10-24,18.763893127441406,18.85569276296869,18.24369363639253,18.512973578928836,79141400
2001-10-25,19.143341064453125,19.155580164932214,18.22840147593492,18.546641434314836,75318200
2001-10-26,19.033180236816406,19.470759870470207,18.996460602238056,19.069899871394757,64509400
2001-10-29,18.249818801879883,19.03317832021069,18.219219304028595,19.002577655063384,55129400
2001-10-30,18.017257690429688,18.219217390000885,17.80611720863078,18.029496787906808,57395600
2001-10-31,17.79387855529785,18.58335697612889,17.778577640301716,18.145777421586445,64700000
2001-11-01,18.923019409179688,19.04847922566087,18.237579643111893,18.384460510144777,109671200
2001-11-02,18.788372039794922,19.284090962920562,18.516031471321014,18.950551420879627,83360000
2001-11-05,19.360597610473633,19.59315682623754,18.895478011649807,18.92913815924764,66401600
2001-11-06,19.82265281677246,19.871613871159205,19.020934227922094,19.18617428459,68612000
2001-11-07,19.660476684570312,19.905277328098244,19.593156390870536,19.65129706899161,58899000
2001-11-08,19.71249771118164,20.21433697125117,19.47993848113579,19.724737977840917,74227800
2001-11-09,19.95423126220703,20.088871817260294,19.556432062986133,19.688010801422102,48013600
2001-11-12,20.131715774536133,20.33061599934097,19.47687675841575,19.798174966554132,57752800
2001-11-13,20.77736473083496,20.792663303765302,20.379564481194674,20.440765776688178,60159600
2001-11-14,20.180675506591797,20.912014466035572,20.131716777737054,20.878356653155937,88625600
2001-11-15,20.232698440551758,20.517278218873308,20.027676893241974,20.226577139955687,77922000
2001-11-16,20.119478225708008,20.38263812767096,19.87467755680548,20.306138210462944,59249000
2001-11-19,20.361215591430664,20.492795525268956,20.104174689112927,20.27247541888001,56005000
2001-11-20,20.012378692626953,20.746778360488822,19.899157975361653,20.33367694228439,65921800
2001-11-21,19.599273681640625,19.767572046870004,19.42485285025394,19.694132802671575,50785200
2001-11-23,19.801233291625977,19.831832783866638,19.467693690101246,19.70025286609935,15754600
2001-11-26,19.932809829711914,20.107229473960953,19.70637082401467,19.8869094318377,41983600
2001-11-27,19.504425048828125,19.911404119145548,19.201484775414343,19.825724560614812,90819000
2001-11-28,19.216781616210938,19.62070230861975,19.195361729825898,19.330001182431328,54536600
2001-11-29,19.84101676940918,19.859378336472247,19.262678767949396,19.314698149678478,54034400
2001-11-30,19.648231506347656,19.9144519645276,19.562552002912653,19.785932709375093,48234200
2001-12-03,19.81958770751953,19.960349539912098,19.522768969511187,19.53194974879078,47211800
2001-12-04,20.19597816467285,20.22045869850792,19.614578326347164,19.889978495511144,51005800
2001-12-05,20.83857536315918,20.859995244931234,19.951175925503257,20.345915747809954,74243000
2001-12-06,21.00687599182129,21.11397540012089,20.670276850911673,20.80185679099176,56026200
2001-12-07,20.75596046447754,21.065018484340786,20.364281217234737,20.884479779742996,42334800
2001-12-10,20.520343780517578,20.94568327304251,20.459144760499747,20.66110339423296,38367400
2001-12-11,20.59989356994629,20.847752505991867,20.523393667750323,20.703934650920512,54334000
2001-12-12,20.792682647705078,20.801864601514332,20.27248399230571,20.55094489303102,47884200
2001-12-13,20.278593063354492,20.88141266668293,20.217394075384714,20.541752913889663,53227800
2001-12-14,20.636613845825195,20.79267196148451,20.174553794465723,20.202092637961478,43000600
2001-12-17,21.107858657836914,21.14763777522627,20.550939341424698,20.553997657275396,57079800
2001-12-18,21.196596145629883,21.23637759692886,20.991576926722978,21.08949672788689,47255200
2001-12-19,21.263914108276367,21.386314429918958,20.945674205842405,20.997695918390075,56996200
2001-12-20,20.42854881286621,21.190487717543732,20.38570902446464,21.159888202198804,78585000
2001-12-21,20.667211532592773,20.814090020915536,20.50197148228606,20.811031706077777,84307600
2001-12-24,20.58460235595703,20.817162821910237,20.563182466631925,20.722303645555165,11701600
2001-12-26,20.710054397583008,21.135393683079805,20.621314227535155,20.63049384261048,29328000
2001-12-27,20.762083053588867,21.025243031478425,20.581544317493382,20.801864516153746,32406600
2001-12-28,20.768190383911133,21.06806863676675,20.71616868590894,20.87835040912908,28787200
2001-12-31,20.27247428894043,20.95485445071684,20.27247428894043,20.759012551270953,43006200
2002-01-02,20.514217376708984,20.535637259410606,20.04603827295056,20.39487769671535,48124000
2002-01-03,21.184356689453125,21.190475655201638,20.529515293944236,20.535636594284792,67590800
2002-01-04,21.0833740234375,21.392434289490176,21.012993084489977,21.190473422190863,52731400
2002-01-07,20.979328155517578,21.426087213140498,20.915068530920234,21.34346836282713,58508800
2002-01-08,21.230260848999023,21.377141749539753,20.807982053657582,21.01912261862466,47736400
2002-01-09,21.025232315063477,21.60969267386949,20.976273592866693,21.33429256591356,76304000
2002-01-10,21.199665069580078,21.358786267691542,20.84776484429566,20.954866638429312,50296600
2002-01-11,20.994638442993164,21.51789762091155,20.838577950935722,21.27309694060938,72993200
2002-01-14,20.951801300048828,21.126221047881906,20.72842047618203,20.89978190770745,50997800
2002-01-15,21.282278060913086,21.30369794450848,20.960977472389928,21.009938540374957,60717400
2002-01-16,20.768190383911133,21.371007538820447,20.76206908551497,21.06806863676675,61955400
2002-01-17,21.377126693725586,21.419966439837978,20.93036767384561,20.97014677106681,78958000
2002-01-18,20.22657585144043,20.762075224468084,20.01849600168029,20.53257549317052,107140400
2002-01-22,19.724735260009766,20.388753876284653,19.66047561984689,20.382634911094215,76837200
2002-01-23,19.504425048828125,19.801244019722354,19.351425170139564,19.59928539384175,80403000
2002-01-24,19.76757049560547,19.94505079519939,19.522771088661827,19.614570720353736,83886000
2002-01-25,19.52277946472168,19.8440788971416,19.4340392768516,19.642120321148415,48981200
2002-01-28,19.528900146484375,19.706380527205276,19.25044047493304,19.654361140143333,41622000
2002-01-29,19.069894790649414,19.73697400545786,18.968915530638576,19.553374714185882,58666000
2002-01-30,19.232072830200195,19.247373742793446,18.76695450321806,19.109673700524382,66100000
2002-01-31,19.495237350463867,19.52583801573022,19.008697862041096,19.296338279064685,69566200
2002-02-01,19.173938751220703,19.736978175316935,19.115799235737054,19.62987876066388,63462200
2002-02-04,18.70269775390625,19.183117097478984,18.589478213440927,19.09437808862562,70308400
2002-02-05,18.711885452270508,19.042364580095338,18.51298514495163,18.604784837830948,66772600
2002-02-06,18.48237419128418,18.938312889408273,18.436473789619956,18.852633384750476,66103000
2002-02-07,18.29877471923828,18.85263438134406,18.283474973639994,18.451774509812672,63314000
2002-02-08,18.558883666992188,18.56194315061183,18.001964264512182,18.396703020039617,61283000
2002-02-11,18.705751419067383,18.739411553816755,18.234511867167292,18.36303110825156,50899600
2002-02-12,18.402812957763672,18.62007236056278,18.36609333819236,18.509913501848846,44973800
2002-02-13,18.916902542114258,18.935262945487636,18.344683394217956,18.43954256007302,54168600
2002-02-14,18.874065399169922,19.274925507311366,18.76390529816638,18.97198522955163,57267000
2002-02-15,18.430360794067383,18.9903407750815,18.421181177098678,18.88018070227242,50179800
2002-02-19,18.032562255859375,18.40282160945333,17.93158179544491,18.332441819147586,52262600
2002-02-20,18.329383850097656,18.470143442338234,17.99278345487017,18.17638398880234,50492000
2002-02-21,17.763282775878906,18.442602499641623,17.75104250743541,18.274302894080442,59398400
2002-02-22,17.744918823242188,17.97747802536435,17.487879090740886,17.76327805373061,71347800
2002-02-25,18.078458786010742,18.326317740410932,17.714318477523026,17.729618225636035,51832200
2002-02-26,17.916276931762695,18.359976599714983,17.71737788564331,18.08457648380091,63276200
2002-02-27,17.8673152923584,18.405875206932212,17.744916160715814,18.07539510017613,65750000
2002-02-28,17.852018356323242,18.26817803745293,17.79081819722253,17.986657772508046,68068000
2002-03-01,18.779197692871094,18.79449744150389,18.008078455359055,18.06927861718623,62115600
2002-03-04,19.369773864746094,19.43097401636704,18.626194765696727,18.73941545474901,74464200
2002-03-05,19.302457809448242,19.547257287455704,19.076017562731344,19.2779772779995,55926400
2002-03-06,19.470754623413086,19.49217450175282,19.030114458033825,19.250434540723457,49835400
2002-03-07,19.192302703857422,19.54726233036669,18.929142759371945,19.483001502383377,58079200
2002-03-08,19.56867790222168,19.79817647302685,19.329997380835128,19.47075810734885,57701800
2002-03-11,19.688018798828125,19.8899797134459,19.277980337647566,19.434039664865825,43718200
2002-03-12,19.137222290039062,19.216781701637707,18.871001699847945,19.131102155716665,66407200
2002-03-13,19.002573013305664,19.284093227413877,18.956673777740534,18.9964540490669,44387400
2002-03-14,18.733301162719727,19.045420982719612,18.68128060907166,19.01482031372188,51819600
2002-03-15,19.12192153930664,19.12804050601323,18.656801860760005,18.665981478116098,69086800
2002-03-18,19.014816284179688,19.274916662708268,18.727177060333315,19.19841675736973,52296800
2002-03-19,19.0423641204834,19.277984065807726,18.818984445193255,19.02706436658886,36376400
2002-03-20,18.390581130981445,18.97810115008808,18.390581130981445,18.78838166676965,55235200
2002-03-21,18.776138305664062,18.846518083570064,18.30795922479996,18.424238248838048,46123400
2002-03-22,18.4976806640625,18.70882002046313,18.427300878595624,18.68128000290686,41341400
2002-03-25,18.124359130859375,18.59865835493772,18.09987976585137,18.506858693389656,47752400
2002-03-26,18.078458786010742,18.641496987263494,17.842838929723385,18.08457775141918,69357200
2002-03-27,18.188613891601562,18.323254448516117,17.928514725864165,17.99277435495754,47318400
2002-03-28,18.454837799072266,18.558877718236456,18.25593757595675,18.34467774733419,43901200
2002-04-01,18.47625160217285,18.482371732733686,18.115172070152415,18.307952097284304,47010000
2002-04-02,17.527667999267578,18.081528052084654,17.475648594078034,18.023388510879293,76509400
2002-04-03,17.236961364746094,17.628640555026163,16.982981087282816,17.576620005963058,76931400
2002-04-04,17.273685455322266,17.432805459266184,16.958504931206107,17.12986520482949,61763800
2002-04-05,17.09619903564453,17.533778600808358,17.087019420260773,17.408318798947846,50166000
2002-04-08,17.509305953979492,17.536845977991167,16.603545812760192,16.61578608283125,73389600
2002-04-09,16.790197372436523,17.573556752206578,16.768777494270168,17.542957259767732,63413000
2002-04-10,17.227779388427734,17.475639515470068,16.84834049093871,16.86669972215193,75636400
2002-04-11,16.765718460083008,17.273677752297676,16.676978295424245,17.102317555090664,58165800
2002-04-12,17.11455535888672,17.215534605953685,16.787135925467435,16.875876077368726,52297600
2002-04-15,17.041112899780273,17.36547281218133,16.95237392585823,17.13597317149171,47388800
2002-04-16,17.689842224121094,17.778581245696465,17.246142447059594,17.258382714620392,51921600
2002-04-17,17.328765869140625,17.833664747515943,17.264505035608604,17.732685438759436,55158600
2002-04-18,17.24919891357422,17.536839314466445,16.120060692730352,17.377719365893203,74794800
2002-04-19,17.50318145751953,17.741860827949235,17.399141522432924,17.57662072505354,104268600
2002-04-22,17.010515213012695,17.35017490391053,16.829975429891128,17.295094890938145,51465200
2002-04-23,16.520915985107422,17.080894546716028,16.309775551516026,17.044174928076686,68281400
2002-04-24,16.224105834960938,16.65556540784261,16.217985700281496,16.478085004027857,61220400
2002-04-25,16.441362380981445,16.661682520292512,16.181263124413977,16.187383257983296,57290400
2002-04-26,15.758987426757812,16.661686940002255,15.746747156372294,16.54540670593269,62776600
2002-04-29,15.985418319702148,16.190437474753978,15.740617725741634,15.749798506757386,70246000
2002-04-30,15.991546630859375,16.30978665517907,15.887506667804724,15.942586716909917,77384000
2002-05-01,16.14148712158203,16.27612659393344,15.50194758514408,15.960947218933143,76413000
2002-05-02,15.670238494873047,16.545397496258,15.651879266810509,16.107817995565522,79009200
2002-05-03,15.165346145629883,15.814065208170602,15.1500452261942,15.685544722147704,71628000
2002-05-06,14.87769889831543,15.465218684912333,14.80119900513794,15.128618454553939,66299400
2002-05-07,15.13780403137207,15.388723667105555,14.795083560905175,15.049063847021028,88385400
2002-05-08,16.820804595947266,16.820804595947266,15.67330567227896,15.688605424468617,101242000
2002-05-09,15.948698043823242,16.829977175491816,15.881378928882407,16.64637789140476,83288200
2002-05-10,15.315285682678223,16.117004618578125,15.2969264466316,16.07416484474095,64408800
2002-05-13,16.12312126159668,16.19044155864633,15.223482703942055,15.437682694039644,64819000
2002-05-14,16.793264389038086,16.860583531386013,16.51786418349029,16.646384668511345,64832400
2002-05-15,16.753482818603516,17.270621868028766,16.48114328466666,16.67392341380585,70412000
2002-05-16,17.056419372558594,17.14515837542258,16.72287973928165,16.741238969455484,53406400
2002-05-17,17.145151138305664,17.258371790633806,16.912592038333667,17.20023114016924,54646200
2002-05-20,16.527042388916016,16.99828218156275,16.370983063972567,16.982982430850047,52115800
2002-05-21,15.97011947631836,16.70757850130066,15.95176024649958,16.50867945205654,63120000
2002-05-22,16.429121017456055,16.438301800845423,15.866081606909937,15.872201740070834,54169400
2002-05-23,16.774904251098633,16.78102438546258,16.2210443477725,16.43218489779164,51412800
2002-05-24,16.297544479370117,16.683104778027037,16.23022533512078,16.566824558256315,35982000
2002-05-28,16.009902954101562,16.42912218335679,15.835483232174347,16.398522682676838,49602000
2002-05-29,15.927284240722656,16.132304647864665,15.774284389865961,15.804885060415037,45393200
2002-05-30,16.107826232910156,16.328146420695905,15.737566825222952,15.801826490895003,63213000
2002-05-31,15.578441619873047,16.346500202375125,15.569262004211202,16.187381416855196,66468000
2002-06-03,15.12249755859375,15.801816949205428,15.04599766928327,15.602917937375585,88439000
2002-06-04,15.293862342834473,15.676361904731982,15.067423255876923,15.146982651141352,88008400
2002-06-05,15.80794620513916,15.8354862278795,15.400967166083412,15.431566672552078,66969400
2002-06-06,15.881381034851074,15.954820291306081,15.299981279318594,15.758980717698153,78703400
2002-06-07,15.905858993530273,16.09557841780009,15.257140171407269,15.266319785829666,97834400
2002-06-10,16.16289520263672,16.30977483806465,15.746735651943116,15.80487631014905,71825400
2002-06-11,16.086400985717773,16.57906059301687,16.040500572787103,16.29142135156651,74368200
2002-06-12,16.995223999023438,17.06866327498337,16.064984610025167,16.089465146875973,136198600
2002-06-13,16.5913028717041,16.976861951374758,16.585182738084423,16.781022344729593,79771600
2002-06-14,16.90648651123047,16.998286204528995,16.217987060546875,16.263887490844354,109433600
2002-06-17,17.038057327270508,17.270616502915992,16.94319703379501,17.031937195372496,94486600
2002-06-18,17.132911682128906,17.224711294187877,16.93707103116226,16.992151031856725,77518400
2002-06-19,16.63413429260254,17.117612932982286,16.621894031505445,16.973793950625844,81247000
2002-06-20,16.55457878112793,16.860578397542834,16.49337979168167,16.63719881763546,86401200
2002-06-21,15.99767017364502,16.692289903278738,15.99767017364502,16.340390811589856,116820000
2002-06-24,16.572940826416016,16.71982051682594,15.86608122197824,15.93952165083121,104523200
2002-06-25,16.20267677307129,16.829975631325183,16.15677637261304,16.738175997704364,84025200
2002-06-26,16.563762664794922,16.64332206634937,15.621283109464294,15.621283109464294,112131400
2002-06-27,16.80549430847168,16.811614439395214,16.175135998190665,16.707574548286363,95812400
2002-06-28,16.738174438476562,17.071713971155024,16.523974535117777,16.692274042294123,89555600
2002-07-01,16.11394500732422,16.643324376239317,16.089465637023917,16.56070431279528,66473800
2002-07-02,15.740618705749512,16.19349796509945,15.706959730915296,16.028259071372826,82814200
2002-07-03,15.863017082214355,16.071096874366436,15.437677884734434,15.679417814925188,80936600
2002-07-05,16.784080505371094,16.7993814218627,16.23328136325836,16.24552162953323,35673600
2002-07-08,16.193500518798828,16.80856045383366,16.089461760965833,16.649440499677784,63199400
2002-07-09,16.282238006591797,16.747357526405107,16.208798758213586,16.31283866616256,85277200
2002-07-10,15.985418319702148,16.585177206854777,15.951758179667792,16.42911676984016,90673400
2002-07-11,16.190441131591797,16.23940102798303,15.682481768796757,15.92422176792047,129550600
2002-07-12,15.869139671325684,16.441358604724343,15.752859494808101,16.331198560370407,95733800
2002-07-15,15.85077953338623,15.86913993017666,14.687981251130878,15.725319740224657,136965600
2002-07-16,15.682478904724121,16.156778033261496,15.495818969042029,15.7008393002537,97154600
2002-07-17,15.911979675292969,16.309778933716117,15.657999439404541,16.0710996121214,98034800
2002-07-18,15.639641761779785,16.138421501013,15.501941690544113,15.930341652767094,91053600
2002-07-19,15.165346145629883,15.572325155560488,14.935846361649809,15.260205309272036,112543400
2002-07-22,14.538047790527344,15.296928207229605,14.045389167401073,14.97868818310239,180069800
2002-07-23,13.161046028137207,14.320785122359972,13.14880692779869,14.225925966431571,168061600
2002-07-24,14.146364212036133,14.186144494876752,12.671445936889034,12.775485868497986,202307800
2002-07-25,13.105961799621582,13.987239697652004,12.986620989923585,13.90768032514903,163411400
2002-07-26,13.877081871032715,13.89544226789158,13.366063081734334,13.384423478593199,123538000
2002-07-29,14.764480590820312,14.779780337248006,14.244281041207891,14.336080687069888,112148600
2002-07-30,14.718583106994629,14.941963884921119,14.482964397169154,14.55028352827812,122690600
2002-07-31,14.68186092376709,14.687981055949237,14.186141889971642,14.568641396636986,93875600
2002-08-01,13.999485969543457,14.715525298611954,13.922986046212618,14.559465968627368,92002800
2002-08-02,13.589444160461426,14.030083228149762,13.402784190619002,13.926043302366903,85947600
2002-08-05,13.460927963256836,13.822006552690087,13.40584792122716,13.552727644207536,78941600
2002-08-06,13.975000381469727,14.458480282432946,13.721021334825023,13.739381730013319,88715800
2002-08-07,14.409524917602539,14.473784569982604,13.818945444289827,14.381984899825921,86349400
2002-08-08,14.966445922851562,14.993985943725766,14.201446640008411,14.415646672663748,88748000
2002-08-09,14.72470474243164,15.039885216603535,14.58394516531202,14.733885526884611,69049400
2002-08-12,14.831802368164062,14.917481890616491,14.565581850893826,14.56864250086481,56866600
2002-08-13,14.40034008026123,15.208178752450392,14.357499160242712,14.684919771686372,100122800
2002-08-14,15.211249351501465,15.21736948740552,14.446249872943195,14.458490144751304,96706000
2002-08-15,15.229601860046387,15.526421877309682,14.917482094606791,15.287741370034718,98745600
2002-08-16,15.29998779296875,15.370367596740834,14.969507496338338,15.12556802551262,69334000
2002-08-19,15.911979675292969,15.927279422290805,15.254080048723083,15.312220721529089,79848200
2002-08-20,15.618224143981934,15.820183888632728,15.529483955513635,15.722264083183626,70317600
2002-08-21,15.99767017364502,16.028270855941884,15.651891218415507,15.777351097590966,81203400
2002-08-22,16.288362503051758,16.355682804850428,16.095582381634916,16.172082300116635,72517600
2002-08-23,15.979299545288086,16.172078453555965,15.86301937001043,16.11393894956506,57929200
2002-08-26,15.942577362060547,16.11087806184605,15.661058313866139,16.064977658759872,55652400
2002-08-27,15.557025909423828,16.049685648492545,15.498886382484505,16.012966008704357,65470200
2002-08-28,15.110258102416992,15.501937152793584,15.08577757812063,15.44685714042242,68875000
2002-08-29,15.477460861206055,15.605980137329098,14.84710124327566,14.960320772331084,94275600
2002-08-30,15.018463134765625,15.446861937327078,14.993982602867023,15.342822011350037,58138400
2002-09-03,14.388104438781738,14.847103937889763,14.381984305384767,14.847103937889763,74452600
2002-09-04,14.752242088317871,14.871581758918342,14.427883223054227,14.519682879877976,80232000
2002-09-05,14.048441886901855,14.541101440105392,14.039262272242068,14.534981307900246,90438800
2002-09-06,14.632905960083008,14.770606062301356,14.525806529077766,14.61148607388196,69918400
2002-09-09,14.902174949645996,14.978674819852294,14.268756117721475,14.458475468990388,81653200
2002-09-10,15.235726356506348,15.24490597458211,14.795086012128996,14.853226706065616,83950000
2002-09-11,14.865457534790039,15.636575313162997,14.850156624652145,15.370356052360533,77443200
2002-09-12,14.427886962890625,14.779785933146329,14.388106673280408,14.733886676484943,63726800
2002-09-13,14.660445213317871,14.767544638718398,14.336085119210837,14.351386037664788,59549200
2002-09-16,14.620660781860352,14.7277613441966,14.397281209850497,14.565580759469334,50166200
2002-09-17,14.470728874206543,14.963388672655707,14.446248333199566,14.893007700908875,73343400
2002-09-18,14.611481666564941,14.761421992041457,14.277942038374556,14.296302435564302,83951800
2002-09-19,14.4431791305542,14.632898526512239,14.256519216515112,14.28405922296835,77777600
2002-09-20,14.522741317749023,14.687981388520896,14.473781426479121,14.599241220814235,130619200
2002-09-23,13.840364456176758,14.293243812065269,13.711845159516102,14.259583662760031,89783800
2002-09-24,13.965825080871582,14.22286485641568,13.65676592050477,13.717966089405008,104142200
2002-09-25,14.232041358947754,14.369741417017787,13.785282208139087,14.198382382349191,107116600
2002-09-26,14.137181282043457,14.534980515319353,14.060681384594407,14.415640862066164,100852200
2002-09-27,13.846487998962402,14.412587041393706,13.828127594648695,14.08822806959265,81011600
2002-09-30,13.384428024291992,13.782227419636717,13.191647877336337,13.730206861183673,115577000
2002-10-01,14.146364212036133,14.15248434534208,13.21612496086151,13.561904905223038,110636600
2002-10-02,13.956640243530273,14.323839952282452,13.818940206836244,14.106579375589341,103488600
2002-10-03,13.708780288696289,14.256519790603022,13.647580142191812,13.861780071309632,105221400
2002-10-04,13.39360237121582,13.944401407029048,13.36912184339061,13.889321386718144,107120400
2002-10-07,13.479284286499023,13.788344585250808,13.369124226242786,13.405845024525547,89790000
2002-10-08,13.766921043395996,14.069859961270476,13.503761228808813,13.693480633650104,115667600
2002-10-09,13.460927963256836,13.907687266567512,13.40584792122716,13.534367241098886,123142600
2002-10-10,14.192267417907715,14.265706697422637,13.234487962236964,13.46398775348963,118515000
2002-10-11,14.954202651977539,14.96338343528999,14.385043113038984,14.492143691513334,108828800
2002-10-14,15.082723617553711,15.094963884182677,14.639023874270316,14.764483688977034,76216200
2002-10-15,16.000728607177734,16.025207982324723,15.498889160051055,15.685548043348456,133374200
2002-10-16,15.425445556640625,15.685544846969341,15.385665266924564,15.419325422276902,95437400
2002-10-17,15.53560733795166,16.064986761640633,15.315287145971455,15.997666443580814,182602400
2002-10-18,16.263887405395508,16.279187159648806,15.648827245663627,16.09558660671994,152817200
2002-10-21,16.06804084777832,16.2149217046211,15.71614195635252,15.90280192659821,112378600
2002-10-22,15.811001777648926,15.890562342460465,15.615162183183692,15.737562513372493,87159000
2002-10-23,16.2791805267334,16.297539757438358,15.737561042313986,15.737561042313986,110866600
2002-10-24,15.676365852355957,16.331205080458805,15.57538654958033,16.328145596803438,95833400
2002-10-25,16.120059967041016,16.15677959435228,15.654940407680026,15.68248041998745,75425800
2002-10-28,15.896684646606445,16.37098394809192,15.762044031552557,16.340384445013974,79906600
2002-10-29,15.933403015136719,16.061923485882932,15.560083037369292,15.957883549486903,90517200
2002-10-30,16.251646041870117,16.337325593762298,15.79876657611717,15.973186330924172,94451200
2002-10-31,16.361791610717773,16.54539082104502,16.17207110377827,16.27611096757579,105973800
2002-11-01,16.21797752380371,16.291417935634836,15.8813784572091,16.0435578589125,105097800
2002-11-04,17.16657066345215,17.51847053856863,16.989091568919648,17.36547079587371,139964200
2002-11-05,17.344066619873047,17.38078626450461,17.007467348274723,17.06866636689518,76658200
2002-11-06,17.451156616210938,17.47257649458393,16.992157221425416,17.43891751949482,115407000
2002-11-07,17.13904571533203,17.32570575212008,16.982986354335058,17.197186415686854,73699600
2002-11-08,16.86057472229004,17.304274302833598,16.833034716124008,17.135974783950356,64522200
2002-11-11,16.481143951416016,16.860582923949302,16.46890368332237,16.851403306527175,58341200
2002-11-12,16.680042266845703,16.96156258321449,16.49338344007163,16.554582443055306,81398600
2002-11-13,16.940139770507812,17.11455946691337,16.557640231496332,16.597420510396393,107370200
2002-11-14,17.43891716003418,17.44197664232619,17.096196778539007,17.13291756981793,78337000
2002-11-15,17.347118377685547,17.41749815158992,17.034998619090537,17.319578364653754,77533600
2002-11-18,17.090085983276367,17.45116579037951,17.056426990492547,17.42668641678251,58086400
2002-11-19,16.78713035583496,17.074769424469824,16.618830888364613,16.998269560411003,76403400
2002-11-20,17.3256893157959,17.411369959432005,16.808550642132083,16.83302999224574,76435400
2002-11-21,17.699016571044922,17.747976459413543,17.37465658104294,17.435856733327668,82922200
2002-11-22,17.8153018951416,17.839781262756475,17.457281659492846,17.57968199945567,70002000
2002-11-25,17.81835174560547,17.943811500959487,17.616392110955207,17.766332387985873,61583000
2002-11-26,17.41138458251953,17.824483738730382,17.374663775565807,17.637823722252666,68650400
2002-11-27,17.772462844848633,17.934642309654233,17.56438295887727,17.625581964036684,55191800
2002-11-29,17.650060653686523,17.94076056697042,17.650060653686523,17.87956040091654,28393000
2002-12-02,17.653114318847656,18.04173390282371,17.445034523218023,17.94687478563376,63735000
2002-12-03,17.353242874145508,17.549082497266134,17.261443196719743,17.52766261144333,58457400
2002-12-04,17.301219940185547,17.57661891603772,17.080899825667014,17.175760134372716,83892000
2002-12-05,16.934022903442383,17.469522361326614,16.921782635682515,17.426682591463265,68435800
2002-12-06,16.973806381225586,17.056426453193648,16.591306696538126,16.790205832197767,71670200
2002-12-09,16.38016700744629,16.89730735611995,16.374046872085458,16.829987034447292,63862800
2002-12-10,16.527042388916016,16.670862613666994,16.364862930228252,16.389343465205506,63730200
2002-12-11,16.725948333740234,16.833047792418963,16.395469170319757,16.47808808570246,69186200
2002-12-12,16.575998306274414,16.84833893958591,16.42911863361304,16.829978542767286,55242000
2002-12-13,16.06497573852539,16.44747516087123,16.06191625675669,16.426055286603514,65245400
2002-12-16,16.67086410522461,16.69228399159809,16.11700420841952,16.217984673291273,60140400
2002-12-17,16.63413429260254,16.826914319347356,16.456654008581317,16.652493516952635,49549800
2002-12-18,16.38016700744629,16.64638764280827,16.153727835577925,16.475027354594445,62709400
2002-12-19,16.251646041870117,16.75348541831807,16.181266243202057,16.29448581781621,82686600
2002-12-20,16.230224609375,16.438304501851313,16.202684589273836,16.367924709880832,98294600
2002-12-23,16.52398681640625,16.609666374512017,16.18738755187951,16.233286814880557,48798400
2002-12-24,16.46889305114746,16.594352799871057,16.377093434302587,16.383213564398307,18386000
2002-12-26,16.337324142456055,16.735123527427046,16.270003833494602,16.53316376783893,37228000
2002-12-27,16.20880126953125,16.523980524519782,16.187381388160922,16.303660410658136,40891600
2002-12-30,16.14148712158203,16.291427515563555,15.994607378845103,16.22104654449504,48019600
2002-12-31,15.820182800292969,16.214922645457865,15.68554220159085,16.138422729757508,58208800
2003-01-02,16.438304901123047,16.447484518947654,15.823244826356492,16.00378470311679,67025200
2003-01-03,16.4597225189209,16.462782002008655,16.181262866090886,16.39852235150083,55546800
2003-01-06,16.759599685668945,16.9003592337263,16.462779674390486,16.530099965763977,59456200
2003-01-07,17.07477378845215,17.139033410534207,16.732054636718914,16.80549387129967,80517400
2003-01-08,16.59741973876953,16.998278489947918,16.557639461718885,16.9431984655073,64566000
2003-01-09,17.077842712402344,17.11150169697193,16.686162324769164,16.744303011554045,61808000
2003-01-10,17.11149787902832,17.22777805935732,16.799379299522723,16.860578288573457,67730200
2003-01-13,17.255319595336914,17.36547965303099,17.065600144472672,17.295099875569996,60817800
2003-01-14,17.432802200317383,17.441981817212728,17.194121655373095,17.236962591242378,54206400
2003-01-15,17.21860694885254,17.5399064692446,17.194126407304417,17.441986637645048,59622600
2003-01-16,16.937076568603516,17.3348769630757,16.863637321864125,17.233896539689315,81371000
2003-01-17,15.746744155883789,16.217983970265227,15.700844901628688,16.199623568185462,155876000
2003-01-21,15.706964492797852,15.957884142734757,15.694724225167716,15.872203436619987,86159200
2003-01-22,15.605979919433594,16.034379835120703,15.578439908178051,15.786519733820835,86948000
2003-01-23,15.99767017364502,16.077230780320193,15.746750415294102,15.896690840307052,71374800
2003-01-24,15.254079818725586,15.927279182142964,15.208180578424129,15.921159049976932,103027000
2003-01-27,15.045999526977539,15.483579041244054,14.813440348370241,15.091899933149312,114838600
2003-01-28,14.938895225524902,15.208175107481091,14.85933587057864,15.205114458851176,86151200
2003-01-29,15.27243709564209,15.312217362947763,14.666558142513372,14.911357542672103,106884000
2003-01-30,14.76142692565918,15.352005308115876,14.746126005905845,15.348945824542984,87877400
2003-01-31,14.522741317749023,14.79508078589384,14.391161391093187,14.519681835236604,106858400
2003-02-03,14.859339714050293,15.024578596647396,14.522739482717204,14.66655965584198,80129800
2003-02-04,14.479903221130371,14.669622675669538,14.345263796505158,14.626782911802245,81854800
2003-02-05,14.369746208190918,14.850165663075892,14.29936641444367,14.635966798321775,101072000
2003-02-06,14.510498046875,14.571698190107123,14.247339415379464,14.339139046579827,83312000
2003-02-07,14.25346565246582,14.672684887157125,14.201445099879988,14.651265002944177,75208000
2003-02-10,14.498265266418457,14.541105035150029,14.24122548673287,14.32078489047777,74081400
2003-02-11,14.210626602172852,14.587006118375317,14.075987145356972,14.473786548614322,84292000
2003-02-12,14.210626602172852,14.412586371044815,14.155546559089924,14.244286758200895,71315200
2003-02-13,14.378928184509277,14.418707309946871,14.115768223386189,14.201447776385757,73558200
2003-02-14,14.779780387878418,14.840980541094677,14.311601375271335,14.458481042612854,90446400
2003-02-18,15.275504112243652,15.293864514047861,14.932784782971778,15.067425394943587,57415500
2003-02-19,15.060612678527832,15.275500216614338,14.839584158153995,15.238662520235117,46902700
2003-02-20,14.821166038513184,15.269362930236948,14.796607962432754,15.207965983461838,50897200
2003-02-21,15.1220064163208,15.226380851241084,14.551018100514764,14.913258717529331,56853200
2003-02-24,14.77818775177002,15.042193789317771,14.636975601330297,15.005356091605082,62403700
2003-02-25,14.851861953735352,14.900979266548921,14.354547844067728,14.452783640743974,68113000
2003-02-26,14.495759010314941,15.023769752612345,14.477339581576487,14.778183224677631,57096000
2003-02-27,14.477348327636719,14.864147196425833,14.305437068702865,14.67381766867561,75434300
2003-02-28,14.551027297973633,14.778194571592257,14.4589312546176,14.575585384098693,56585400
2003-03-03,14.452792167663574,14.80889318841821,14.36683594124018,14.747496218415728,50653500
2003-03-04,14.164225578308105,14.52646638294782,14.158085764715096,14.477349045253437,56605700
2003-03-05,14.391393661499023,14.458929267348067,14.151945621153418,14.164225248053127,55415900
2003-03-06,14.287007331848145,14.428219410989113,14.201051185852535,14.225610419293767,54607600
2003-03-07,14.465070724487305,14.606284107780901,14.059852359148724,14.09055142988638,66167600
2003-03-10,14.090542793273926,14.403664925525266,14.053703930968634,14.311570111860219,48413600
2003-03-11,13.998448371887207,14.280873825856537,13.973890298656825,14.158079946556963,53990700
2003-03-12,14.360692024230957,14.39139108598626,13.844959497236522,14.0045911052157,72379500
2003-03-13,15.146568298339844,15.1895458076726,14.391389051651815,14.563299088982832,80701300
2003-03-14,15.263218879699707,15.324614638375218,14.894838472401467,15.15270464040533,75451400
2003-03-17,15.920165061950684,15.932444683437948,14.9378175929035,15.0544716549342,100983800
2003-03-18,15.987699508666992,15.987699508666992,15.656156802510317,15.895603531813032,78108800
2003-03-19,16.15962028503418,16.22715706751951,15.803519272833874,15.95087129467023,73652100
2003-03-20,16.11663246154785,16.282403819346968,15.76053167685847,15.975420343888914,71798500
2003-03-21,16.313098907470703,16.454311000969714,15.981557419644815,16.423613127095607,85586800
2003-03-24,15.527227401733398,15.920165942670364,15.459690650866397,15.686857805702122,61105200
2003-03-25,15.65002155303955,15.809653142774064,15.36759724346649,15.717558310132818,63595100
2003-03-26,15.502669334411621,15.729837677543905,15.496529522862174,15.631601863802068,51673600
2003-03-27,15.373735427856445,15.508807756696687,15.097449788127307,15.312338488911168,60043300
2003-03-28,15.146568298339844,15.410574336868823,15.10359078900709,15.146568298339846,39584600
2003-03-31,14.864144325256348,15.171127904094845,14.7413515963506,14.888703573667149,71384000
2003-04-01,14.950092315673828,15.164980937091485,14.888695399404671,15.017627869626,49803200
2003-04-02,15.791232109069824,15.963143304698136,15.41057319374535,15.41057319374535,68282500
2003-04-03,15.79737663269043,16.01840521142735,15.717561407618522,15.957008253883808,57394300
2003-04-04,15.404431343078613,15.840347328885397,15.30619672174049,15.815789259075395,55740600
2003-04-07,15.4535493850708,16.22714794300505,15.453549385070803,16.104354074996778,65627100
2003-04-08,15.705279350280762,15.858771134849984,15.471972352997273,15.539507941894152,54132100
2003-04-09,15.085175514221191,15.760539739955252,15.066757245742291,15.72370203194783,76875800
2003-04-10,15.097452163696289,15.220246060908337,14.907122676962066,15.171127565184005,51608900
2003-04-11,14.858004570007324,15.45969205835862,14.704512792098363,15.281641033880543,71565500
2003-04-14,15.201828002929688,15.275503411095459,14.7352127906983,14.900984215645536,51599600
2003-04-15,15.103591918945312,15.220246003753767,14.796608348117358,15.152709243435812,63399000
2003-04-16,15.30005931854248,15.80351212486619,15.103590044957542,15.717557110435092,86178700
2003-04-17,15.656159400939941,15.680718644456789,15.189544313562495,15.207963746200132,58356600
2003-04-21,15.478113174438477,15.723701001187552,15.39829795047971,15.723701001187552,41557800
2003-04-22,15.815789222717285,15.840347292470831,15.367593617511305,15.3860118770642,58844000
2003-04-23,15.791232109069824,15.957003493670424,15.63774034652465,15.809651542152961,55559300
2003-04-24,15.65002155303955,15.79123370782608,15.545647097099652,15.643881741390222,51703600
2003-04-25,15.48425006866455,15.742116301307547,15.45355218163178,15.551786825395842,53657400
2003-04-28,15.803507804870605,15.926301652819285,15.545641661017518,15.58861915648488,56287600
2003-04-29,15.840350151062012,16.11663580470524,15.766674757456665,15.9324461496426,65877300
2003-04-30,15.699141502380371,15.889471011163153,15.502672180920783,15.797376163110163,55566800
2003-05-01,15.791232109069824,15.932445420608786,15.557925145262812,15.680719023718638,42085800
2003-05-02,16.0245418548584,16.141195934013638,15.692999052327508,15.748256186082656,52695400
2003-05-05,15.877191543579102,16.20259339733587,15.86491191900918,16.116638367445322,50391500
2003-05-06,16.19031524658203,16.270130465680204,15.852632590891059,15.877191840490173,54299500
2003-05-07,15.957005500793457,16.17803404139593,15.864910665892213,16.030682071344067,49120000
2003-05-08,15.803507804870605,16.049094329719043,15.785088376363628,15.809647614372933,46401400
2003-05-09,16.184173583984375,16.270128605655824,15.895608289431355,15.90174810112922,58913600
2003-05-12,16.085941314697266,16.251711570825396,15.999985109281349,16.055242251673896,53900800
2003-05-13,15.957005500793457,16.085939206494686,15.89560855384284,15.987704559793444,44501900
2003-05-14,15.729837417602539,16.073658661344602,15.68072009706796,16.012261717914054,45021000
2003-05-15,15.83421516418457,15.969287530992073,15.699141626327533,15.871052869486702,45450200
2003-05-16,15.699141502380371,15.99384548456975,15.600906841650577,15.889471011163153,60620900
2003-05-19,15.201828002929688,15.6807228402052,15.189548377885558,15.5947666359458,55336300
2003-05-20,15.1220064163208,15.349174717399922,15.042191223051923,15.263219713718193,52677600
2003-05-21,14.753626823425293,15.171123382534603,14.667670650655053,15.122006071401211,108960900
2003-05-22,14.833442687988281,14.900979433004794,14.759767303469472,14.858001930193968,93157100
2003-05-23,14.870285034179688,15.06675552016689,14.75363211034135,14.858006580283197,76968000
2003-05-27,15.220240592956543,15.281636348456427,14.870278462942764,14.888697892222112,68486800
2003-05-28,14.986929893493652,15.269355237961406,14.919393168959212,15.214098130805732,91467000
2003-05-29,14.980795860290527,15.146567245666729,14.8764214144295,15.023773366636384,75451300
2003-05-30,15.109725952148438,15.293915555781842,15.048329027254324,15.183401325182224,85096700
2003-06-02,15.128152847290039,15.367600873984864,15.085175326640856,15.33690180848573,66310800
2003-06-03,15.275503158569336,15.300062408251591,15.085173657729763,15.19568793920096,61058200
2003-06-04,15.269354820251465,15.484242263257531,15.189538480521724,15.343030180411048,83484600
2003-06-05,14.790468215942383,15.05447426850626,14.741350892515339,15.023775209458504,115877900
2003-06-06,14.532608032226562,15.079038629480145,14.52032840348944,15.005363199157113,119629400
2003-06-09,14.581710815429688,14.722922891748482,14.489616033963026,14.563291390716882,73610000
2003-06-10,15.152701377868652,15.195678868107617,14.643108961658914,14.698366069408662,80655300
2003-06-11,15.275503158569336,15.324620486884369,14.99307881352026,15.146570610885925,75768600
2003-06-12,15.343039512634277,15.435134354373728,15.189547719385375,15.330759888122497,66177700
2003-06-13,15.13428783416748,15.502668305335803,15.036053197995827,15.471970420675623,55157500
2003-06-16,15.588624954223633,15.607044389581189,15.146569045086522,15.22638425620388,69658600
2003-06-17,15.93858528137207,16.049099546237095,15.674580413254773,15.742115997633942,122213900
2003-06-18,16.006122589111328,16.227151126468236,15.785094051754422,15.950865454772101,89957700
2003-06-19,16.006122589111328,16.20259187962887,15.969284889901624,16.01840221253101,63626900
2003-06-20,16.16575813293457,16.196456027940044,15.969288794380427,16.17189794614559,86048900
2003-06-23,15.82807445526123,16.110498798335698,15.650023409458173,16.0491018456088,52584500
2003-06-24,15.778965950012207,15.987715003374866,15.668451607520193,15.7482668709588,51820300
2003-06-25,15.508817672729492,15.957013622814026,15.435141064677946,15.742124784634468,60483500
2003-06-26,15.80965805053711,16.27627334129252,15.478115144849177,15.588629446745156,51758100
2003-06-27,15.73597526550293,16.171892487961713,15.6745794962137,15.932445708795862,76040300
2003-06-30,15.742117881774902,16.036823013704037,15.65616285261402,15.926308735611792,48073100
2003-07-01,16.05524253845215,16.085941602023862,15.588627311607919,15.711421223795703,60926000
2003-07-02,16.503435134887695,16.53413419252128,16.239430265534732,16.270128152119007,94069300
2003-07-03,16.270126342773438,16.546411975504355,16.214869216227253,16.386780406709736,39440900
2003-07-07,16.83497428894043,16.914789479421835,16.546410235908816,16.58938773624873,88960800
2003-07-08,17.00688934326172,17.068285117161764,16.73060367651423,16.7367434881141,61896800
2003-07-09,16.86567497253418,17.0068882884743,16.73060263886238,16.920932102456565,62300700
2003-07-10,16.521848678588867,16.83497192851121,16.325379463982433,16.730597511870428,55350800
2003-07-11,16.767440795898438,16.85339698427826,16.509574572857538,16.546413441184296,50377300
2003-07-14,16.82270050048828,17.0744269506447,16.607811753243922,16.96391267085906,60464400
2003-07-15,16.742895126342773,16.902526827549963,16.638520597516923,16.86568793192897,53567600
2003-07-16,16.896385192871094,16.95778217458044,16.699915788241203,16.92094328292482,49838900
2003-07-17,16.386781692504883,16.742882552050116,16.29468686471805,16.663066175865392,72805000
2003-07-18,16.509578704833984,16.718327660066993,16.42362366599083,16.64465224707274,63388400
2003-07-21,15.987699508666992,16.5218500849652,15.963140269226205,16.497292016573407,48480800
2003-07-22,16.196449279785156,16.306963529439162,16.04295752660996,16.135053515354393,51791000
2003-07-23,16.239425659179688,16.36221834173563,16.04909506898716,16.221006229824255,49828200
2003-07-24,15.963142395019531,16.52799209583911,15.950862773663873,16.442037088447808,53556600
2003-07-25,16.509578704833984,16.546417582380688,16.006125755524817,16.135059484839122,54173000
2003-07-28,16.337663650512695,16.577110426380216,16.26398708891157,16.540272731104263,52658300
2003-07-29,16.251710891723633,16.51571696744514,16.110498720865444,16.503437342748914,62391100
2003-07-30,16.104354858398438,16.31310374153769,16.067517164623617,16.245566993742884,41240300
2003-07-31,16.214866638183594,16.57096741316985,16.153469710555136,16.331520683572762,64504800
2003-08-01,16.067522048950195,16.27627099554653,16.036824156647597,16.165756709577938,42649700
2003-08-04,16.073652267456055,16.21486436143949,15.809646335457304,16.055232840439107,51825600
2003-08-05,15.754400253295898,16.29469211350078,15.717562544524998,16.15347874962131,58825800
2003-08-06,15.748254776000977,16.079797548845885,15.613182445054472,15.680719196052337,56294900
2003-08-07,15.785096168518066,15.846493122800398,15.625465726853308,15.79123598105125,44258500
2003-08-08,15.705279350280762,15.95086597138164,15.656162026060587,15.889469023344075,33241400
2003-08-11,15.723698616027832,15.957005610789185,15.680721104180954,15.723698616027832,36433900
2003-08-12,15.79737663269043,15.82193588412767,15.625466556827993,15.785097006971808,38208400
2003-08-13,15.71755599975586,15.89560582721687,15.656159063336862,15.834210061847035,39636900
2003-08-14,15.73597526550293,15.785092583563854,15.668439685074931,15.754394698919238,37338300
2003-08-15,15.680729866027832,15.754405307204221,15.613193069074454,15.723707401889063,27607900
2003-08-18,15.778965950012207,15.858781213450811,15.631612712656105,15.693009699712793,45817400
2003-08-19,16.34380340576172,16.362221667812197,15.821931178429221,15.871048495645855,72952900
2003-08-20,16.239425659179688,16.28854296641186,15.9631400740931,16.147329683451506,56739300
2003-08-21,16.110502243041992,16.411346087575033,16.042965463496916,16.362228749101266,63802700
2003-08-22,16.09821319580078,16.546409964542757,16.092073385703053,16.442035534979425,65846300
2003-08-25,16.270126342773438,16.294685586149154,16.104354963134888,16.153472278837143,36132900
2003-08-26,16.313098907470703,16.37449582626774,15.938578756752712,16.153467387017933,47546000
2003-08-27,16.221010208129883,16.3192448466869,16.14733364368749,16.276267338699363,30633900
2003-08-28,16.276269912719727,16.319247427503967,16.11049849479527,16.27013010045777,46211200
2003-08-29,16.282411575317383,16.300829843146857,16.178037097101903,16.245572697559272,34503000
2003-09-02,16.73674774169922,16.76130582329072,16.25171304148363,16.39292640207084,74168900
2003-09-03,17.375267028808594,17.43666396795564,16.81041729654436,16.834976540622865,109437800
2003-09-04,17.45509147644043,17.479649560831277,17.184945521842597,17.252482303254496,59840800
2003-09-05,17.42438316345215,17.651551471565213,17.295450653937344,17.332288346505983,64024500
2003-09-08,17.70681381225586,17.75593114050007,17.399830217967164,17.430528108976244,46105300
2003-09-09,17.418251037597656,17.626998820915666,17.38141216020368,17.590161114571263,44315200
2003-09-10,16.9147891998291,17.301589038592848,16.871811700199583,17.209494229236874,54763500
2003-09-11,17.09284210205078,17.258613480166485,16.93935034551013,16.982327849973647,37813300
2003-09-12,17.39983558654785,17.436673301334626,16.853404994853,16.871823266721467,55777200
2003-09-15,17.412109375,17.565601168020663,17.39368993825972,17.418249187246758,41432300
2003-09-16,17.743650436401367,17.77434949659262,17.387549535528652,17.442806672823504,52060600
2003-09-17,17.498065948486328,17.774351668724353,17.47964651012061,17.65769756784057,47221600
2003-09-18,18.11203384399414,18.11817365700958,17.448949261971254,17.491926782029747,67268100
2003-09-19,18.394451141357422,18.40059095201131,18.1243064988812,18.27165844142709,92433800
2003-09-22,17.84803009033203,18.419019894427237,17.68839844405436,18.04449944850463,65678700
2003-09-23,18.17343521118164,18.240970828633497,17.73137793524284,17.87873114125569,57827800
2003-09-24,17.473512649536133,18.23483329996289,17.448954561065886,18.1795761370924,66336500
2003-09-25,17.338428497314453,17.780484329959314,17.326148875867585,17.47964063080597,56224500
2003-09-26,17.307743072509766,17.669983968581963,17.27704399679602,17.35686042260176,49864700
2003-09-29,17.700668334960938,17.74978564748575,17.252472711790865,17.442802151443384,47380300
2003-09-30,17.068288803100586,17.565603110642307,17.03759090952128,17.553323484790756,63333700
2003-10-01,17.51034164428711,17.577877227705567,17.074424402526017,17.209497911461504,58375900
2003-10-02,17.498065948486328,17.651557755051996,17.307736436238773,17.467368055593013,38143600
2003-10-03,17.85416030883789,18.087467253519826,17.762065493069997,17.903277621984042,57303000
2003-10-06,17.921703338623047,17.989238935977752,17.749792096798412,17.897144087912586,34047600
2003-10-07,17.891002655029297,18.03221599172713,17.75593030150248,17.81118743954741,52356800
2003-10-08,17.69452476501465,18.026067432402154,17.60856977912108,18.026067432402154,46989100
2003-10-09,17.768203735351562,18.019930089389053,17.682247566645554,17.940113730665548,62653300
2003-10-10,17.749799728393555,17.927850859449578,17.602447673924797,17.749799728393555,37604700
2003-10-13,17.669971466064453,17.866440727419164,17.498060276854495,17.79276416888656,39320300
2003-10-14,17.60857391357422,17.66383103777972,17.48578004399553,17.596294292406526,34851300
2003-10-15,17.948152542114258,18.065461059628845,17.71971094116476,18.028416698483873,57242100
2003-10-16,18.04694366455078,18.096336553326072,17.781456445776325,17.84937210944961,42232500
2003-10-17,17.861719131469727,18.08398770116991,17.781454957913876,18.077813443387207,49960000
2003-10-20,18.12103271484375,18.13338123084841,17.78145559043142,17.874068282847066,38794500
2003-10-21,18.12103271484375,18.170425601243085,18.00989842604042,18.12103271484375,44166800
2003-10-22,17.837020874023438,18.03459239900955,17.781453735418697,17.923459299419246,48798500
2003-10-23,17.849374771118164,17.954334822619543,17.349271550491363,17.73206620117673,67357900
2003-10-24,16.429325103759766,16.91707971628566,16.31201655538242,16.836816716418625,210558300
2003-10-27,16.614543914794922,16.73185243336923,16.558976783765985,16.614543914794922,65619100
2003-10-28,16.793588638305664,16.805935969909058,16.596016023608836,16.725673015203046,71752600
2003-10-29,16.509584426879883,16.82446445337663,16.46019155081877,16.768897320605497,73551500
2003-10-30,16.12679100036621,16.69480970151526,15.997133956102848,16.676286930157886,98729400
2003-10-31,16.139141082763672,16.324365294992525,16.12061948587432,16.281146665424927,69623700
2003-11-03,16.472536087036133,16.51575469595233,16.231746021578015,16.268790375274932,57772300
2003-11-04,16.095916748046875,16.43549376129472,16.0588723897791,16.416970993351374,84026100
2003-11-05,16.114437103271484,16.25026718166224,16.052695730323414,16.14530720093615,61514400
2003-11-06,16.1947021484375,16.237920761778852,16.052697796710518,16.21322491599189,68189800
2003-11-07,16.114437103271484,16.35522716238834,16.071218495493458,16.287311534383587,57822100
2003-11-10,16.05269432067871,16.19469864165624,16.05269432067871,16.12678419723404,54579100
2003-11-11,15.929213523864746,16.102089138449966,15.848950560647296,16.058870529208356,64990700
2003-11-12,16.040353775024414,16.13913954106216,15.805737875089568,15.96009078172595,75877300
2003-11-13,15.861292839050293,16.00947137435097,15.713114303749617,15.96625278209056,78949500
2003-11-14,15.743990898132324,16.065045112801183,15.706946543399397,15.867473650733826,83146400
2003-11-17,15.527904510498047,15.706954474417241,15.336507207179121,15.676083181869414,103900200
2003-11-18,15.527904510498047,15.953918926702855,15.50938291258875,15.639038808431422,106868300
2003-11-19,15.651390075683594,15.76869865273978,15.540255758221903,15.614345695736231,78853300
2003-11-20,15.497027397155762,15.824254707051995,15.484678885713185,15.540246009585916,106845700
2003-11-21,15.503199577331543,15.669899749013297,15.484676812647477,15.639029652158564,70712900
2003-11-24,15.885998725891113,15.935391602248519,15.60816423798786,15.639034344104088,99463800
2003-11-25,15.68225383758545,16.021830911881732,15.669905323403228,15.972438032771981,85663800
2003-11-26,15.713123321533203,15.824256403574404,15.632859166170176,15.811909068426933,69758400
2003-11-28,15.873651504516602,15.898348533515179,15.682254240254249,15.743995635131537,33402600
2003-12-01,15.95391845703125,16.182360127063014,15.74399838436352,15.990962829378683,101914600
2003-12-02,15.84278392791748,16.108271143987185,15.811913814354682,16.021833883915875,85121700
2003-12-03,15.848958969116211,16.095923422677043,15.818088854028385,15.941570491999098,93121600
2003-12-04,16.17618179321289,16.19470338456212,15.842779017498938,15.879823377816383,87202400
2003-12-05,16.040353775024414,16.34905958829718,16.003309407165062,16.02800525986489,96610900
2003-12-08,16.200876235961914,16.26261761621616,15.935389125201857,16.12678752175192,90504000
2003-12-09,16.287311553955078,16.4293170651919,16.20704859335926,16.32435708433968,103547100
2003-12-10,16.416976928710938,16.44167278394497,16.287319861469403,16.330539668962807,82853700
2003-12-11,16.429325103759766,16.528110877881954,16.225579297430336,16.416976587589662,79309000
2003-12-12,16.454015731811523,16.552801474554112,16.36140424519271,16.478712756306642,69154100
2003-12-15,16.509584426879883,16.731852957964424,16.472540064238814,16.70098167441432,88860600
2003-12-16,16.7071475982666,16.768888956953635,16.52809895345452,16.56514329761935,73978000
2003-12-17,16.694808959960938,16.719504809721357,16.577500435146465,16.694808959960938,53712300
2003-12-18,16.91707420349121,16.947945483856394,16.700979951410662,16.731851231775845,61177800
2003-12-19,16.89238166809082,17.0096890236165,16.787421649512627,16.972644657535714,76856400
2003-12-22,16.7812442779541,16.935597148534814,16.651587254304452,16.768895765679098,43894800
2003-12-23,16.762725830078125,16.880034371688655,16.676288577112075,16.775074345535916,39609000
2003-12-24,16.694808959960938,16.76889768686128,16.670111932581435,16.75654917317153,19924200
2003-12-26,16.799772262573242,16.824469296522693,16.670116367196798,16.70098648201422,12076900
2003-12-29,16.95411491394043,16.997334697151185,16.768891982083343,16.799762078186628,40426700
2003-12-30,16.99117660522461,17.009698209457742,16.91708665543267,16.923260916050317,34406600
2003-12-31,16.898555755615234,17.00968885274117,16.81211733213619,16.92942586410258,42198900
2004-01-02,16.947948455810547,17.145519974317683,16.8738585475608,17.02821144359689,44487700
2004-01-05,17.37395477294922,17.398651791866154,17.11464196241481,17.120816217144046,67333700
2004-01-06,17.435699462890625,17.460396486510593,17.33073946774356,17.404829360984564,46950800
2004-01-07,17.41717529296875,17.47891666942915,17.29369371766676,17.392479448955875,54298200
2004-01-08,17.386308670043945,17.58388017212778,17.28752291900203,17.52831303996432,58810800
2004-01-09,17.077608108520508,17.32457256139475,17.034389476469944,17.306050963441308,67079900
2004-01-12,17.022035598754883,17.12082134879447,16.886205486855214,17.08377698693438,55845200
2004-01-13,16.93559455871582,17.06525038491934,16.83063457566683,17.009683265798188,51555900
2004-01-14,17.10230255126953,17.120824146416574,16.96029698196661,16.991168269910386,43907000
2004-01-15,17.00351905822754,17.11465217682445,16.929429134876884,17.009692139022327,58504100
2004-01-16,17.17021942138672,17.213438052909307,16.997344895296365,17.10847801451757,63983400
2004-01-20,17.34926986694336,17.411011275532793,17.24430982562715,17.275179941112157,63068500
2004-01-21,17.472742080688477,17.472742080688477,17.194907658345215,17.36778209599379,53570600
2004-01-22,17.293691635131836,17.559178697608,17.250473030099652,17.509785837911412,78425200
2004-01-23,17.583881378173828,17.756757043163926,17.42335422731569,17.46039976971158,127259100
2004-01-26,17.781457901000977,17.799980677414865,17.485100544095502,17.590060588535287,58299600
2004-01-27,17.441875457763672,17.732058448516362,17.423352688201962,17.68266557397082,63196200
2004-01-28,17.10847282409668,17.559184133169722,16.960294199137238,17.472745718729108,71336000
2004-01-29,17.23196029663086,17.256657329664343,17.02204022632365,17.1702188916665,63748400
2004-01-30,17.07143783569336,17.22579080197923,17.009696413655078,17.188746419804133,40528700
2004-02-02,16.91707420349121,17.164038558318005,16.818288461560492,17.046731225787113,62891800
2004-02-03,16.849170684814453,17.009696736493172,16.78125500152136,16.91708519048785,47993800
2004-02-04,16.676280975341797,16.935593793653194,16.676280975341797,16.80593679568814,60648000
2004-02-05,16.64542007446289,16.775077153232317,16.56515706579187,16.707161484466454,55527500
2004-02-06,16.719507217407227,16.787422874861942,16.626895706635775,16.68863710635649,47209600
2004-02-09,16.608369827270508,16.812115583910064,16.577499721993224,16.78741973521204,48108500
2004-02-10,16.682458877563477,16.7627218537613,16.55897610751563,16.58984738883708,37790600
2004-02-11,16.762725830078125,16.812118714290044,16.577502808688234,16.65159154619649,51515300
2004-02-12,16.63924217224121,16.762723778851147,16.626893658294485,16.725679414630076,44537000
2004-02-13,16.416976928710938,16.70715999902204,16.361409782410185,16.657767110934632,67541100
2004-02-17,16.663936614990234,16.7318522583416,16.41697224501119,16.49723522364725,43477000
2004-02-18,16.52811050415039,16.738030563818185,16.50958773031407,16.60837350220253,50334700
2004-02-19,16.33670997619629,16.657764283071135,16.318188382319875,16.62071991769916,61840600
2004-02-20,16.404611587524414,16.546615847932078,16.36139300197583,16.460178676834914,57821900
2004-02-23,16.429325103759766,16.521936619796904,16.349060926273413,16.503413845541747,50256800
2004-02-24,16.596017837524414,16.639237624525435,16.392272123566173,16.42931765528133,55426500
2004-02-25,16.484888076782227,16.663936805456405,16.42932094569944,16.60836967437362,64275700
2004-02-26,16.361404418945312,16.454015906547628,16.305837290860133,16.416971547030492,66602700
2004-02-27,16.37992286682129,16.435489980248988,16.26878863996589,16.342877339457058,58266500
2004-03-01,16.484888076782227,16.497235412208052,16.36140530157181,16.441668281125267,51912300
2004-03-02,16.293495178222656,16.47871940379841,16.268799321384208,16.429326512502094,66331000
2004-03-03,16.281145095825195,16.39227819930541,16.18853240982952,16.268796580676543,54998700
2004-03-04,16.281145095825195,16.312015206077607,16.182358152255194,16.25644806552789,44023200
2004-03-05,16.2687931060791,16.423145979613782,16.176181617482086,16.19470320863011,59849800
2004-03-08,15.947747230529785,16.268801658894837,15.935398711526608,16.244104620888486,69367800
2004-03-09,15.879823684692383,16.03417656288674,15.768690601592413,15.929216558609816,81111700
2004-03-10,15.66373062133789,15.929216583039375,15.651382108434843,15.83660509150453,75155800
2004-03-11,15.490857124328613,15.91687145768024,15.478508609711076,15.546424262488355,90536300
2004-03-12,15.669900894165039,15.750165036042963,15.577289419214111,15.66990089416504,64137100
2004-03-15,15.534071922302246,15.700773295728002,15.472330542038756,15.620509148099801,68835300
2004-03-16,15.546424865722656,15.663733403902729,15.497031982955134,15.595817748490179,65453800
2004-03-17,15.515555381774902,15.719301194080238,15.503208042861969,15.589645303349275,56241400
2004-03-18,15.367380142211914,15.453818599588955,15.175982803769209,15.410598782090625,123231000
2004-03-19,15.206847190856934,15.39824563475544,15.163628567273133,15.293285615643708,86281600
2004-03-22,15.12658405303955,15.336504089209631,14.824052513293058,15.114235538530918,127605200
2004-03-23,14.910490989685059,15.225371069916823,14.885795136249625,15.219196812153152,91696300
2004-03-24,15.07101058959961,15.175970563629695,14.929006265211452,15.05248782561124,97584700
2004-03-25,15.552597045898438,15.58346715189759,15.175975629089688,15.188324142536972,85677900
2004-03-26,15.453811645507812,15.7501689092776,15.435288874915043,15.503204522802777,61584900
2004-03-29,15.626686096191406,15.682253230240255,15.435288844255975,15.589641732698535,51881600
2004-03-30,15.558769226074219,15.639032197531167,15.453809231018885,15.564942304354913,59010400
2004-03-31,15.392069816589355,15.558771214324466,15.355025454076792,15.558771214324466,70533200
2004-04-01,15.4846830368042,15.503205808933599,15.342678650003016,15.404420046148498,69051900
2004-04-02,15.960089683532715,15.99095979168817,15.706951028276727,15.731646879277264,98043800
2004-04-05,16.021833419799805,16.040355016353214,15.886002097771788,15.935394984613072,53800300
2004-04-06,15.929213523864746,15.990954898903665,15.842776305381527,15.910691935686216,48992000
2004-04-07,15.799565315246582,15.916873866628965,15.651386650267472,15.892176833656105,63268900
2004-04-08,15.731646537780762,15.960089337077266,15.657557808768303,15.941566566014593,45294600
2004-04-12,15.811912536621094,15.892175531970057,15.700778252584639,15.731648363652875,38786800
2004-04-13,15.713123321533203,15.910694815320662,15.688426296000273,15.855127685490565,56971500
2004-04-14,15.750171661376953,15.855131691171284,15.669907485735783,15.676081743678894,61079600
2004-04-15,15.571118354797363,15.885998376252708,15.497029630701423,15.76251677688646,73756900
2004-04-16,15.534071922302246,15.68225052836329,15.50320182097994,15.639031915464512,51768600
2004-04-19,15.762499809265137,15.80571838140143,15.472315949005289,15.484664448935021,44592100
2004-04-20,15.639033317565918,15.97860917303111,15.608163213475986,15.836604810027048,59902600
2004-04-21,15.713123321533203,15.737819169447139,15.558770444809376,15.657556191703106,49252000
2004-04-22,16.021833419799805,16.04652927441079,15.725474921132788,15.750171953363086,99207700
2004-04-23,17.00351905822754,17.11465217682445,16.880036245182907,16.917080618048544,258269000
2004-04-26,16.818294525146484,17.009691821940336,16.731857264198172,16.947951594188314,89391000
2004-04-27,16.805944442749023,16.898557130987104,16.750377300853874,16.76890007402534,80716800
2004-04-28,16.398452758789062,16.700984319785597,16.342885617216307,16.67628846665284,72842200
2004-04-29,16.34906005859375,16.633070027336515,16.244100031956965,16.367582831865864,77787300
2004-04-30,16.132963180541992,16.51575885725506,16.028003170606077,16.41697310409409,66172200
2004-05-03,16.2687931060791,16.373753107187444,16.17000736122642,16.17000736122642,65916200
2004-05-04,16.25644874572754,16.386105804975042,16.065051463391885,16.268797261392876,55496400
2004-05-05,16.237924575805664,16.423148761999066,16.20705446691635,16.25027309040906,51841700
2004-05-06,16.12679100036621,16.262621124129563,16.071223863913218,16.151486851223577,62693900
2004-05-07,15.916877746582031,16.287323910521366,15.898354967337212,16.071230707429965,68290200
2004-05-10,16.00948143005371,16.0835701554307,15.818084182274252,15.82425726137312,64621400
2004-05-11,16.01565170288086,16.120611685738698,15.923040230387182,16.108263175374535,57917200
2004-05-12,16.01565170288086,16.052696056354577,15.700771754307343,15.97243309422506,64145600
2004-05-13,16.114437103271484,16.17000422116287,15.923039906989336,15.941561494540638,63861500
2004-05-14,15.966264724731445,16.157661995456188,15.830433415891331,16.052701973906643,43775300
2004-05-17,15.768694877624512,15.923047797675093,15.694604957847732,15.725475070810118,55149600
2004-05-18,15.947747230529785,16.03418450831284,15.830438655238785,15.867484212248314,58158600
2004-05-19,15.818089485168457,16.219406885419755,15.818089485168457,16.071228207370943,60052800
2004-05-20,15.885998725891113,15.97243714273087,15.79956148667042,15.898347239385231,52089900
2004-05-21,15.984786987304688,16.17618544364494,15.916872507666474,16.034179871413954,57809300
2004-05-24,15.904520988464355,16.157659618918323,15.892172475364399,16.083569717937614,56250500
2004-05-25,16.114437103271484,16.17000422116287,15.805731416149879,15.873645866535888,66615000
2004-05-26,16.139141082763672,16.145315340933234,15.960092306323716,16.046529565458915,50306900
2004-05-27,16.17001724243164,16.17001724243164,16.00331575451737,16.151494462345713,49071900
2004-05-28,16.1947021484375,16.26879204103617,16.065046308413446,16.139135023393223,37393000
2004-06-01,16.120616912841797,16.219402672548796,15.972438273281302,16.132964249590813,48369500
2004-06-02,16.132963180541992,16.22557585454709,16.058874454480797,16.126790101386117,54020000
2004-06-03,15.984786987304688,16.13296563963249,15.966265391775742,16.08357275552322,45933100
2004-06-04,16.021833419799805,16.200882192992218,16.015659161742228,16.071226306641087,48815300
2004-06-07,16.318191528320312,16.318191528320312,16.034181532062874,16.065052823840514,65218600
2004-06-08,16.423147201538086,16.45401730749425,16.20087867027273,16.225575697132903,58447700
2004-06-09,16.342880249023438,16.454014495664364,16.299661637022822,16.299661637022822,50385500
2004-06-10,16.52811050415039,16.540459020041272,16.287319154755394,16.287319154755394,48109200
2004-06-14,16.608369827270508,16.608369827270508,16.37992822193293,16.392275557472423,67377500
2004-06-15,16.923259735107422,17.04056832341702,16.6515981749872,16.66394669536078,114183400
2004-06-16,16.867687225341797,16.978821518243944,16.762727190669697,16.88003574180189,67431100
2004-06-17,17.14552116394043,17.238132672464,16.849163865617307,16.861511203166355,105427500
2004-06-18,17.50361442565918,17.59622590542713,17.102297228252155,17.14551584030261,134218700
2004-06-21,17.50361442565918,17.695011640862123,17.361610078173733,17.42335027960646,116881700
2004-06-22,17.466575622558594,17.503619990719802,17.17021714441122,17.380137193356795,98932000
2004-06-23,17.472742080688477,17.52213494539075,17.287519132459636,17.411001883024717,58558400
2004-06-24,17.5283145904541,17.688841744501616,17.509792996507294,17.583881727532823,65503800
2004-06-25,17.639455795288086,17.67650017535587,17.44188419810042,17.583888636376603,71136500
2004-06-28,17.460403442382812,17.750586519807122,17.39248777799057,17.65797499957548,77024100
2004-06-29,17.59623146057129,17.645624343882158,17.39865992732781,17.39865992732781,55371700
2004-06-30,17.63327407836914,17.781452713593524,17.52831406454948,17.639448335372546,83544400
2004-07-01,17.676488876342773,17.806145890131194,17.448047304724348,17.71970866601815,78441400
2004-07-02,17.639455795288086,17.707371473428697,17.534495737079688,17.670327093360914,36690100
2004-07-06,17.299875259399414,17.49127254718203,17.250482372951666,17.48509828917365,69158900
2004-07-07,17.34926986694336,17.48510002374458,17.009692708511185,17.083782634342388,66255700
2004-07-08,17.065248489379883,17.38012840355125,17.009681376430898,17.213427064704295,59125100
2004-07-09,17.20108413696289,17.28752136695963,17.06525285826066,17.151691265876334,50249300
2004-07-12,17.21961784362793,17.287533530765693,17.03439474113192,17.083787646972173,45757300
2004-07-13,17.040555953979492,17.256650193179333,17.040555953979492,17.2319531703593,43274100
2004-07-14,17.367786407470703,17.50979195915844,16.880031894655154,16.917076257973267,87656300
2004-07-15,17.207260131835938,17.411005892858753,17.164040334851293,17.318393219796427,46759700
2004-07-16,16.966476440429688,17.411013702133953,16.824472005216197,17.39866518317115,66406300
2004-07-19,17.25665283203125,17.44805007767913,17.040558559786714,17.05290707308504,60354500
2004-07-20,17.48509407043457,17.583879819495408,17.194911079770737,17.287522572312895,89010700
2004-07-21,17.818496704101562,18.45442981103113,17.7876254217726,18.45442981103113,201518000
2004-07-22,17.90493392944336,18.090156912838275,17.799973924821174,17.948152547060907,124640700
2004-07-23,17.306045532226562,17.53448713783536,17.29987127563997,17.522138624662173,97372700
2004-07-26,17.695003509521484,17.725873596052192,17.41099494506033,17.509780635100586,72387600
2004-07-27,17.55917739868164,17.756748822852803,17.367779051099568,17.719704475225356,72968400
2004-07-28,17.645620346069336,17.775277371397138,17.460397370022722,17.497441729708253,62718800
2004-07-29,17.583881378173828,17.781452893808726,17.441876998513635,17.76910555729589,60148400
2004-07-30,17.590059280395508,17.7876308369728,17.49127350210686,17.56536342463303,59552900
2004-08-02,17.608572006225586,17.62709359307234,17.386303543114987,17.45421916853627,52267000
2004-08-03,17.330747604370117,17.54684195202355,17.28752897036332,17.522144916808546,53990900
2004-08-04,17.32457160949707,17.411010046468252,17.28135297982115,17.293701496191222,46217900
2004-08-05,16.997344970703125,17.41718394851326,16.991170712226882,17.386313833751423,55591700
2004-08-06,16.75653839111328,17.20107517695278,16.70714554575537,16.904716927187007,75628000
2004-08-09,16.7812442779541,16.842985661710177,16.73185140647303,16.830637149435173,51877500
2004-08-10,17.114639282226562,17.133162043513558,16.824456421107907,16.855326512301076,57632700
2004-08-11,16.923259735107422,16.985001159355615,16.79360380404396,16.91091121473384,53097300
2004-08-12,16.596017837524414,16.861504926722475,16.58367050457148,16.81211206205438,50279700
2004-08-13,16.682458877563477,16.82446323878522,16.65776185250632,16.67628462129919,43333200
2004-08-16,16.72567367553711,16.793589301321052,16.645409540043595,16.688629324027097,54347200
2004-08-17,16.700979232788086,16.904724963955633,16.657760619755408,16.80593922627554,56879700
2004-08-18,16.95411491394043,16.978811932918006,16.602190636840756,16.62688765581833,58844000
2004-08-19,16.744199752807617,16.947945492850213,16.676284113587105,16.886204109706014,46293000
2004-08-20,16.793588638305664,16.898548611455773,16.694802919766577,16.75036885602849,46494800
2004-08-23,16.867908477783203,16.923639547885806,16.793601171708623,16.886485894848516,39572200
2004-08-24,16.867908477783203,17.00413932631549,16.77502375464331,16.9669856732782,40835300
2004-08-25,17.059860229492188,17.13416867237554,16.830744794362726,16.84932101926409,53512700
2004-08-26,16.991750717163086,17.09082788440426,16.960788364217095,17.00413447724848,35465500
2004-08-27,17.004125595092773,17.121780112644352,16.99793430883061,17.028895464510953,33248700
2004-08-30,16.905059814453125,16.960790876919337,16.62640568321523,16.905059814453125,36679600
2004-08-31,16.905059814453125,16.91744475746632,16.750251570067682,16.8988685240397,52106700
2004-09-01,16.96079444885254,17.041295414298602,16.805986171864564,16.86171724606771,48507500
2004-09-02,17.103206634521484,17.14036026351471,16.936013532413106,16.9669746930587,42161700
2004-09-03,16.78740882873535,17.103217834719615,16.78121635633252,17.004139457367682,46174400
2004-09-07,16.942209243774414,16.95459300174756,16.818362215300564,16.898863138136406,44893400
2004-09-08,16.880292892456055,17.010331264550064,16.80598440762141,16.905061600005407,53278100
2004-09-09,16.89267349243164,17.010326889947002,16.8307499678434,16.905057252474894,56904700
2004-09-10,17.022714614868164,17.035099558029764,16.830752720236102,16.929829903342533,52664500
2004-09-13,16.87409782409668,17.072252178377227,16.558288879052135,17.047483474638717,48239200
2004-09-14,16.991750717163086,17.035096830194473,16.886481079332714,16.948404604131696,55920000
2004-09-15,16.836942672729492,16.966981013190832,16.805980319457976,16.94221231166663,52605700
2004-09-16,16.880292892456055,16.936023960808715,16.824561824103395,16.85552300381341,35951500
2004-09-17,17.03508949279785,17.047474428641777,16.88028133802625,16.96078105882679,65283000
2004-09-20,17.03508949279785,17.12178168152035,16.9236274323875,16.9917433984366,51513600
2004-09-21,16.880292892456055,17.047486097514035,16.874100420295395,16.997947501322038,73874400
2004-09-22,16.793590545654297,17.17751413999848,16.762628203470033,16.892667678458768,68409000
2004-09-23,16.936023712158203,16.960792419343907,16.824561577089344,16.836946521228835,52155800
2004-09-24,16.898866653442383,17.004135114122487,16.836943126324112,16.96078899946761,49859800
2004-09-27,16.836942672729492,16.917442429049416,16.799787848803675,16.824557731420885,47813600
2004-09-28,16.886484146118164,16.94221521044937,16.744060839979845,16.84932931583522,62055100
2004-09-29,17.078441619873047,17.14655760998314,16.861709890416943,16.880287300745035,61529300
2004-09-30,17.121793746948242,17.208487177854572,17.041293969420924,17.084640094327426,71218000
2004-10-01,17.493328094482422,17.536674205210694,17.202289078811923,17.22705777875968,66302800
2004-10-04,17.4128360748291,17.62337425169219,17.381873709780518,17.610990486766216,62016200
2004-10-05,17.573822021484375,17.61716929893973,17.400437636033136,17.431398795980133,58017700
2004-10-06,17.666717529296875,17.67910129139553,17.48094692469876,17.580024108047144,56999600
2004-10-07,17.443790435791016,17.703868295004558,17.43759796520343,17.672907123159636,38401500
2004-10-08,17.332326889038086,17.542866147171875,17.31994194889071,17.40044287875575,49556600
2004-10-11,17.375675201416016,17.474752372970606,17.295175442437802,17.46236861234607,44691000
2004-10-12,17.357099533081055,17.437599294671067,17.220867531953676,17.23325247407309,56412900
2004-10-13,17.357099533081055,17.505715295234758,17.301368474636778,17.45617670785019,49500700
2004-10-14,17.214677810668945,17.437602080054702,17.214677810668945,17.363294777654968,41548700
2004-10-15,17.332326889038086,17.487135097601584,17.22705725997119,17.31994194889071,49828500
2004-10-18,17.5924015045166,17.617171380274602,17.326131245581486,17.381862284944308,50350700
2004-10-19,17.449987411499023,17.70387286567142,17.44379493931271,17.666719213646832,57026500
2004-10-20,17.771989822387695,17.802951003870124,17.41283468416205,17.474757047126907,69078100
2004-10-21,17.685287475585938,17.889634241230052,17.629556432129107,17.840095667167624,94988500
2004-10-22,17.177520751953125,17.549060733529,17.078443581011964,17.524290850247187,101912800
2004-10-25,17.10940170288086,17.19609509781402,17.059863126244554,17.13417158174543,61529500
2004-10-26,17.27659034729004,17.27659034729004,17.109397251729366,17.158935815477804,76966600
2004-10-27,17.43140411376953,17.555251153524548,17.07844158588851,17.25182720532695,72392600
2004-10-28,17.344707489013672,17.672901234237703,17.276591516340687,17.406630993162512,63059600
2004-10-29,17.319948196411133,17.431410335757494,17.21467852937216,17.41283409992865,80010100
2004-11-01,17.388050079345703,17.511897062655795,17.313741653141175,17.437588636451267,72930900
2004-11-02,17.487131118774414,17.62955435478514,17.357092820093136,17.49951605610386,89417100
2004-11-03,17.629566192626953,17.741028341250924,17.530488989648628,17.741028341250924,79666700
2004-11-04,17.95775032043457,17.95775032043457,17.573825483558252,17.573825483558252,87867700
2004-11-05,18.14971351623535,18.180675865708096,17.97632908355943,18.08778999838272,95337700
2004-11-08,18.13114356994629,18.254989467470327,18.038257670436664,18.06922003063763,112802100
2004-11-09,18.434568405151367,18.50887571063876,18.174490473758848,18.22402907111488,100401000
2004-11-10,18.409788131713867,18.576981246393647,18.385019437553524,18.527442676980304,84097700
2004-11-11,18.564603805541992,18.626527337587852,18.46552662670587,18.50887274481003,87358900
2004-11-12,18.55841064453125,18.70083511727167,18.453140998293428,18.676065232936608,162269000
2004-11-15,18.903480529785156,18.979398545206184,18.772351087626912,18.86897305898049,104468000
2004-11-16,18.717144012451172,18.868978772896288,18.668831695768787,18.862077013370236,64522600
2004-11-17,18.75166130065918,18.875890404346837,18.67574322254412,18.806874089367394,58830700
2004-11-18,18.682636260986328,18.751652543735528,18.63432525797472,18.724045504085407,63249900
2004-11-19,18.537694931030273,18.682627875009786,18.523891417401128,18.655022164127004,85808600
2004-11-22,18.39276695251465,18.51009422568317,18.01317941269789,18.461783227856596,92410800
2004-11-23,18.309947967529297,18.42727523744471,18.22022641715967,18.30304620854887,70459700
2004-11-24,18.385866165161133,18.447980684614464,18.220227885410928,18.372063962463972,60069200
2004-11-26,18.35826301574707,18.510097797699142,18.32375421322872,18.33065597373239,24398700
2004-11-29,18.475584030151367,18.599813044229087,18.365158532388012,18.385862490483785,67079900
2004-11-30,18.503190994262695,18.641223533963714,18.427274282165406,18.46178175890273,75960400
2004-12-01,18.806867599487305,18.82757288174917,18.503196708194633,18.599820042373732,99889000
2004-12-02,18.696443557739258,18.91039289274387,18.579116248276783,18.820672628508508,96088300
2004-12-03,18.793067932128906,18.93800230493308,18.730953388980907,18.744756913319694,76498400
2004-12-06,18.862079620361328,18.93799766926479,18.682637797010738,18.703343078450647,55297400
2004-12-07,18.682636260986328,18.896585552770357,18.63432525797472,18.8137670665722,111656000
2004-12-08,18.88278579711914,18.88278579711914,18.57221314267589,18.641229434371752,95655000
2004-12-09,18.793067932128906,18.882789523954475,18.592922094722663,18.724051626811516,83006000
2004-12-10,18.68954086303711,18.75855715628169,18.66193513556506,18.68954086303711,70949200
2004-12-13,18.806867599487305,18.82757288174917,18.572212999357912,18.703343820930517,93812500
2004-12-14,18.793067932128906,18.862084237446297,18.661938400040054,18.668838845832912,127843200
2004-12-15,18.710243225097656,18.910388996248578,18.68263618555899,18.786159951076787,106303900
2004-12-16,18.744752883911133,18.8275726957642,18.641229106376986,18.737851123225354,88997500
2004-12-17,18.60671615600586,18.855174219814113,18.496290642396847,18.634323192596092,126184400
2004-12-20,18.599817276000977,18.73784852142172,18.55840671763629,18.641226517989594,85552800
2004-12-21,18.682636260986328,18.751652543735528,18.59291601487564,18.63432525797472,94646100
2004-12-22,18.613618850708008,18.737847888856113,18.482489369441474,18.523898610032166,63651900
2004-12-23,18.641223907470703,18.73784589737188,18.51699488252583,18.54460191756953,65801900
2004-12-27,18.530803680419922,18.703343749480858,18.510098398237155,18.64122921930882,55958500
2004-12-28,18.599817276000977,18.65503003744449,18.496292196465333,18.53080099510257,55075900
2004-12-29,18.5653133392334,18.63432963820574,18.51010056333081,18.530805847935437,47594900
2004-12-30,18.468687057495117,18.59291610376236,18.461785297549593,18.55840730403473,48355400
2004-12-31,18.441082000732422,18.56531106035835,18.41347627435791,18.461787282795495,54959500
2005-01-03,18.45488739013672,18.599821746496172,18.392772854036437,18.49629664207811,65002900
2005-01-04,18.523902893066406,18.70334473228405,18.399673826194476,18.54460817633717,109442100
2005-01-05,18.482494354248047,18.703345452130918,18.46869083153627,18.52390360600699,72463500
2005-01-06,18.4617862701416,18.675735574219598,18.385868223117466,18.53080255685662,76890500
2005-01-07,18.40656089782715,18.558395571511273,18.372053436291072,18.510084598810653,68723300
2005-01-10,18.496288299560547,18.537698849200616,18.316847849956734,18.358257083221016,70376600
2005-01-11,18.44798469543457,18.51009922839237,18.36516619574172,18.420378967662394,64712000
2005-01-12,18.482494354248047,18.530805367362877,18.37206880530661,18.47559259289216,72940600
2005-01-13,18.13050079345703,18.49628469605051,18.054582783616635,18.413466245656924,89861600
2005-01-14,18.026981353759766,18.254734120997647,17.971768601592274,18.22022532815806,92180800
2005-01-18,18.165019989013672,18.18572527316711,17.833743340816945,17.964874174369292,69146400
2005-01-19,17.930362701416016,18.123608042319027,17.888953455642582,18.089099240527673,58114100
2005-01-20,17.8475399017334,18.013178161220665,17.76472011380183,17.833736384348825,58380100
2005-01-21,17.702606201171875,18.033882731359963,17.695704442245965,17.909655019821365,76501000
2005-01-24,17.716407775878906,17.944160529950164,17.695702501372146,17.77852228302341,69010900
2005-01-25,17.95796775817871,18.07529503855021,17.771624198228203,17.778525957823707,67580700
2005-01-26,17.951072692871094,18.061498254826827,17.875154625385324,17.99248194951036,64974500
2005-01-27,18.020082473754883,18.054589955730915,17.840640671452192,17.909656951780313,93204100
2005-01-28,18.068391799926758,18.392766576106826,17.916555734006607,18.316849859522687,110466500
2005-01-31,18.137413024902344,18.30305133772264,18.05459321030405,18.185724034927894,71442100
2005-02-01,18.213327407836914,18.240934447926445,18.096000120208654,18.116705400275805,57981700
2005-02-02,18.26163673400879,18.289243771562194,18.137409014146474,18.234031012831387,79329500
2005-02-03,18.068391799926758,18.220226549470972,18.013179044058322,18.19952258875527,62545400
2005-02-04,18.165019989013672,18.19952879593607,18.040790916845804,18.061496200999244,61246500
2005-02-07,18.054590225219727,18.151212229295673,17.985573943861446,18.13050826635144,57763400
2005-02-08,18.10980987548828,18.178826183098405,18.0545970926755,18.07530237987151,61343700
2005-02-09,17.992475509643555,18.158113793291903,17.97177154692255,18.11670455147383,77874800
2005-02-10,17.985576629638672,18.033887638890903,17.94416738119051,18.01318367285496,71796400
2005-02-11,17.9234619140625,18.0269870086804,17.81303637508792,17.964872478460165,83835900
2005-02-14,17.951072692871094,18.02699076035686,17.882056387554627,17.895859911893226,58694000
2005-02-15,17.95106315612793,18.054906295115266,17.90260311262965,17.999523199626207,76551600
2005-02-16,17.854148864746094,17.951068983203783,17.771073534326945,17.909531978213,57506600
2005-02-17,17.75722885131836,17.902610361113023,17.72261489778699,17.79876585964354,67024800
2005-02-18,17.6395320892334,17.757221330003926,17.584148994778865,17.75029827814247,77091100
2005-02-22,17.466459274291992,17.64645465643494,17.445691439715137,17.480305377634625,96419200
2005-02-23,17.445695877075195,17.549539037683545,17.424926716778554,17.473386770366623,83689400
2005-02-24,17.563385009765625,17.611845062981807,17.411080476300572,17.43184963643783,85236300
2005-02-25,17.480310440063477,17.570307496980224,17.411081223738105,17.535693549036278,62467700
2005-02-28,17.41800880432129,17.563390328432693,17.39723963789457,17.459545816736913,82728000
2005-03-01,17.50107192993164,17.59106894740043,17.397227490742484,17.438765794592904,56394800
2005-03-02,17.487228393554688,17.639531568700995,17.41799919742015,17.438768352391637,67739000
2005-03-03,17.4249267578125,17.521846865216872,17.40415759746695,17.514923811768355,52183600
2005-03-04,17.4249267578125,17.514923811768355,17.39723454401843,17.452617651169135,63058200
2005-03-07,17.632614135742188,17.854147898052684,17.41800474773242,17.42492780159564,80407400
2005-03-08,17.584152221679688,17.736456749707195,17.542615223325537,17.584152221679688,52871800
2005-03-09,17.521848678588867,17.701844125566108,17.501080836531443,17.577231791471284,62991800
2005-03-10,17.604917526245117,17.63953146388817,17.480305238030805,17.604917526245117,59132900
2005-03-11,17.369548797607422,17.63954135991663,17.34877963110755,17.61877351385458,60617900
2005-03-14,17.383390426635742,17.411081321058187,17.27954594134851,17.362621265490798,65550500
2005-03-15,17.244935989379883,17.473391533164335,17.23108987874136,17.37647139957026,71469400
2005-03-16,17.05108642578125,17.28646491478216,17.002626381652327,17.182621774443447,74841400
2005-03-17,16.988786697387695,17.085706814737687,16.98186364322876,17.058014598101938,60573200
2005-03-18,16.82956314086914,17.244937247258445,16.808795293834297,16.981867728126687,135904000
2005-03-21,16.753406524658203,16.864172739661115,16.718791257196393,16.857249686168753,71446200
2005-03-22,16.60802459716797,16.80186612844764,16.58725543724741,16.74648302243022,102113300
2005-03-23,16.739564895629883,16.884945096547433,16.58726031893021,16.6080294849632,79293300
2005-03-24,16.808792114257812,16.940326188723567,16.75340899857812,16.781099896199148,78820900
2005-03-28,16.753406524658203,16.940323687202216,16.73956041767348,16.891863633193122,49802000
2005-03-29,16.55956268310547,16.781095082274142,16.490333478255945,16.711865877424618,74231700
2005-03-30,16.725725173950195,16.74649434791674,16.614958887005226,16.642651118960618,59585700
2005-03-31,16.73263168334961,16.829551758462834,16.698017748076882,16.788014772048165,62382300
2005-04-01,16.698017120361328,16.857243329329386,16.684171018597947,16.78109109006773,64619600
2005-04-04,16.7741756439209,16.79494480598187,16.57341235908166,16.69110163655209,62196400
2005-04-05,16.94032096862793,16.96109012577199,16.69802073746668,16.767248620405766,73549600
2005-04-06,17.078779220581055,17.265697671871724,16.926476030883407,16.9403208150834,78020200
2005-04-07,17.3764705657959,17.397238410319392,17.051093583592134,17.07186274855335,77451500
2005-04-08,17.26569938659668,17.480308748038258,17.2449302275782,17.35569643480207,47956300
2005-04-11,17.28646469116211,17.383386098603335,17.210313760131974,17.328003003109984,47791800
2005-04-12,17.528766632080078,17.54953578853148,17.168775842878865,17.251851148247294,67517800
2005-04-13,17.33492660522461,17.618765143690275,17.300311344169533,17.46646063592232,60929300
2005-04-14,17.196470260620117,17.40415657006577,17.18954720758028,17.314159521422614,66754400
2005-04-15,16.93340301513672,17.238010809451918,16.898789063244422,17.01647834829091,100251600
2005-04-18,17.064931869506836,17.196467213078435,16.891859535494724,16.926474794559418,75766400
2005-04-19,17.05108642578125,17.168775670281704,16.926475449637095,17.10646952199104,65956200
2005-04-20,16.836483001708984,17.099553791356854,16.822636892688013,17.07186157331492,91923500
2005-04-21,17.50107192993164,17.577222846116957,16.94031671188301,16.947239762524745,93562300
2005-04-22,17.29339599609375,17.480314527751005,17.154938851502944,17.34185606272242,80087500
2005-04-25,17.30031394958496,17.501078532627837,17.210316898162652,17.35569705517655,75457900
2005-04-26,17.14109230041504,17.48031407853608,17.127246190180447,17.272627706768176,60464300
2005-04-27,17.30031394958496,17.411080160768137,17.05108931420412,17.071858473964987,47732800
2005-04-28,16.92647933959961,17.25185493955376,16.91955628592772,17.1826257232723,83623100
2005-04-29,17.514923095703125,17.514923095703125,17.161856627325257,17.22416146493983,98641200
2005-05-02,17.466459274291992,17.556457625582013,17.272619109243507,17.466459274291992,54376700
2005-05-03,17.55645751953125,17.584148405612154,17.36953908684608,17.397229972926986,67867800
2005-05-04,17.452606201171875,17.584141489523486,17.383378352979353,17.542604516520658,86864200
2005-05-05,17.466459274291992,17.535688470568065,17.362616140096435,17.445691439715137,59362300
2005-05-06,17.459537506103516,17.639532901478255,17.438769669999978,17.535689759648996,64322600
2005-05-09,17.383390426635742,17.535693647052884,17.341852104345858,17.466464430340555,61872400
2005-05-10,17.238006591796875,17.362618900820223,17.18262349005731,17.334928010169094,62235100
2005-05-11,17.244935989379883,17.28647300085766,17.05801745707321,17.23108987874136,59463300
2005-05-12,17.307233810424805,17.383386061730562,17.18954456769643,17.196467619673058,74540700
2005-05-13,17.514923095703125,17.57030620058959,17.300313729322735,17.328005941984657,77204300
2005-05-16,17.702438354492188,17.709383369670732,17.494093197640662,17.521871933728637,50577300
2005-05-17,17.68160057067871,17.709380627090706,17.535759248393738,17.57742800838573,39983200
2005-05-18,17.8482723236084,17.945499839460755,17.653815967278128,17.70937473699741,71182400
2005-05-19,18.001066207885742,18.09134875005554,17.848279857819115,17.883003606816857,52120800
2005-05-20,17.876052856445312,18.00106043212948,17.869107843948893,17.973280382143805,64444500
2005-05-23,17.952457427978516,18.105243820585773,17.876063569361644,17.876063569361644,75421100
2005-05-24,17.882997512817383,17.973280024221555,17.862162475743034,17.917721249982296,61287700
2005-05-25,17.855224609375,17.896894700200832,17.709383265363172,17.834390888588278,35749000
2005-05-26,17.987178802490234,18.056627635243355,17.86911618419782,17.883006215673706,50579200
2005-05-27,18.10523796081543,18.119127989636887,17.92467156001464,17.938561588836098,54978000
2005-05-31,17.917720794677734,18.077453425604123,17.88299705839518,18.049673376877575,46131100
2005-06-01,17.924673080444336,18.056625716188734,17.785776754326278,17.86911428507188,54621000
2005-06-02,17.910778045654297,17.959391808847506,17.80660418209662,17.85521794528983,27212500
2005-06-03,17.660762786865234,17.92466663888921,17.598258998954822,17.848274150596467,79659500
2005-06-06,17.619089126586914,17.70937161472882,17.577419063174965,17.626032812530248,40756900
2005-06-07,17.716325759887695,17.938560914168562,17.57742812614915,17.591318154448206,54511400
2005-06-08,17.63992691040039,17.7927145289707,17.598258161983775,17.744099443754745,45369700
2005-06-09,17.716325759887695,17.785774576756967,17.605208182747262,17.639931928868894,52767900
2005-06-10,17.660762786865234,17.723266574775646,17.598258998954822,17.70243153726361,39459800
2005-06-13,17.57742691040039,17.702434507193686,17.54270316668044,17.612151978746258,49104100
2005-06-14,17.612152099609375,17.66771088471812,17.528813259633296,17.577427031025206,44243300
2005-06-15,17.542707443237305,17.646880024418245,17.438534862056365,17.639935009056018,50764800
2005-06-16,17.38991928100586,17.52187058536553,17.327415473835025,17.514925570721427,65918800
2005-06-17,17.38991928100586,17.563540673230154,17.306580429902713,17.549650643941945,90821300
2005-06-20,17.43853187561035,17.55659446729687,17.313524269750978,17.348248015989245,50538900
2005-06-21,17.466312408447266,17.4940924680028,17.389919893921835,17.417698628851223,81084000
2005-06-22,17.410749435424805,17.542702037393006,17.38297070716224,17.438529488313197,60492700
2005-06-23,17.57742691040039,17.79271836026703,17.466309340945443,17.48019936828379,105159800
2005-06-24,17.38991928100586,17.639933185063093,17.38991928100586,17.514925570721427,57970700
2005-06-27,17.3968563079834,17.535753898415145,17.3829676086407,17.410746331951692,61636200
2005-06-28,17.410749435424805,17.501033282686247,17.38297070716224,17.424639461869,53058100
2005-06-29,17.42464256286621,17.584373921523753,17.362138757369593,17.514925101569062,55859900
2005-06-30,17.251018524169922,17.459363627389624,17.237128497388376,17.40380484488931,82018200
2005-07-01,17.16073989868164,17.35519635894089,17.132961161288186,17.257968791124398,69718400
2005-07-05,17.348243713378906,17.494086325585812,17.098229888293144,17.126008613469036,61883500
2005-07-06,17.15378761291504,17.41769144674231,17.1468426008899,17.341297639091383,64214600
2005-07-07,17.119070053100586,17.160738818881992,17.01489747633398,17.07045627225125,80082900
2005-07-08,17.42464256286621,17.445477606240438,17.105178520925055,17.11212353538313,56104000
2005-07-11,17.563533782958984,17.62603624098366,17.438526217658474,17.46630494071104,61525400
2005-07-12,17.78577423095703,17.79271924497153,17.501035279492456,17.528814010924474,63384800
2005-07-13,17.820499420166016,17.8830032267344,17.695491807029253,17.73021687991507,44749200
2005-07-14,18.035789489746094,18.1260733542036,17.910783201816287,17.910783201816287,69506800
2005-07-15,17.910778045654297,18.126068136063815,17.882997995472063,18.084399385416162,56472800
2005-07-18,17.74410629272461,17.910783999977532,17.74410629272461,17.855223881142464,39668000
2005-07-19,18.16773223876953,18.230236011063205,17.882993420376287,17.910773463451413,113290100
2005-07-20,18.188573837280273,18.216352565758356,17.973282399602386,18.056621234288315,71424800
2005-07-21,18.362199783325195,18.38997851874414,18.056625745959778,18.26497089779346,112932100
2005-07-22,17.83439064025879,18.29275103595109,17.799665565054116,18.04968080802307,97558900
2005-07-25,17.841331481933594,17.98717278980014,17.813551428268042,17.841331481933594,45174600
2005-07-26,17.73716163635254,17.8760579519961,17.73021662187645,17.862167923043923,51476400
2005-07-27,17.862163543701172,17.91772232126223,17.730212274884757,17.78577105244581,57977300
2005-07-28,17.882997512817383,17.952446311772874,17.820493726220008,17.882997512817383,44738700
2005-07-29,17.78577423095703,18.056623154392607,17.77188420292803,17.90383681995156,59524400
2005-08-01,18.001066207885742,18.09134875005554,17.889948621541627,17.92467237053937,61346800
2005-08-02,18.619155883789062,18.68165968475808,17.966340467530827,17.987174184769856,137510100
2005-08-03,18.92473602294922,19.04974366549975,18.56360312772022,18.58443817635411,139422400
2005-08-04,18.973337173461914,19.09834473274359,18.7858258345394,18.862219637350538,91461400
2005-08-05,19.278919219970703,19.40392683216242,18.92473142696954,18.952511485068175,82212400
2005-08-08,18.841394424438477,19.334479907020903,18.806670673037072,19.306699846198814,77207200
2005-08-09,18.99418067932129,19.10529826498935,18.758055478620133,18.903896813074674,64761800
2005-08-10,18.716381072998047,19.09834749300792,18.646932271734695,19.035843704333473,62818800
2005-08-11,18.938617706298828,18.95945142112179,18.67471250511755,18.737216298838074,48646800
2005-08-12,18.78583335876465,18.848337163439922,18.681660792514542,18.80666840186509,52006500
2005-08-15,18.897279739379883,19.01569253321765,18.59080066119816,18.792798175065425,45976600
2005-08-16,18.62563133239746,18.90424933881538,18.597770196033395,18.82763021739761,46894600
2005-08-17,18.77190399169922,18.911212311154387,18.569905134939617,18.681352321925857,52413100
2005-08-18,18.68134880065918,18.86245077751454,18.667417572772997,18.730106769705813,40861900
2005-08-19,18.6117000579834,18.744044108941875,18.597770154110492,18.702251740212258,36043500
2005-08-22,18.744037628173828,18.925139601459925,18.646521692002462,18.660452919614084,41691700
2005-08-23,18.71617889404297,18.855487202302346,18.62562723154697,18.69528204995424,48296700
2005-08-24,18.67438507080078,18.91817626918539,18.653489555418343,18.69528191473837,63645000
2005-08-25,18.827627182006836,18.869419544092892,18.70224876719342,18.7370755141726,39306300
2005-08-26,18.785829544067383,18.86244996558829,18.716176064744694,18.84851873830177,36774600
2005-08-29,18.911211013793945,18.966934603464274,18.674385425556245,18.674385425556245,52307700
2005-08-30,18.932111740112305,18.96693849258921,18.77887084068084,18.8485256741901,55163200
2005-08-31,19.071413040161133,19.11320672197576,18.83458881931969,18.925139139474805,65210200
2005-09-01,18.94603157043457,19.0783742130448,18.91120351036242,19.07140860103037,75974500
2005-09-02,18.820663452148438,18.994799861597876,18.785835373125327,18.953006166770145,52047500
2005-09-06,18.806726455688477,19.008725266437438,18.79279522834959,18.84851880915017,46089000
2005-09-07,18.702239990234375,18.8833419123565,18.681343154720608,18.764929168221055,44656100
2005-09-08,18.535076141357422,18.723142416262057,18.472386940204174,18.667418829520848,52552300
2005-09-09,18.51418113708496,18.681351913913204,18.479354390120623,18.54204359750062,41515800
2005-09-12,18.535076141357422,18.63259208601576,18.472386940204174,18.54204175576946,40550500
2005-09-13,18.444520950317383,18.639554130839112,18.367901863568186,18.486314628785873,63422900
2005-09-14,18.326107025146484,18.55596692795476,18.319141412509293,18.472382233417985,54969600
2005-09-15,18.298246383666992,18.40969353167915,18.26341831956644,18.36790118331329,60357200
2005-09-16,18.158933639526367,18.388793508562603,18.089278851943206,18.347001167434534,187384300
2005-09-19,18.110183715820312,18.29825132710707,18.012667767103547,18.172872919582566,61832300
2005-09-20,17.998735427856445,18.263422127432975,17.894253870880316,18.158940570456846,61043400
2005-09-21,17.75494956970215,18.040533197781887,17.713157200083412,17.970878362713677,68281800
2005-09-22,17.650453567504883,17.831555459366978,17.518109621806737,17.754935070506832,71314900
2005-09-23,17.601703643798828,17.78977123205192,17.497222093176553,17.629564770639103,66396800
2005-09-26,17.601703643798828,17.75494316280783,17.55990996070592,17.692253966723467,56203700
2005-09-27,17.650453567504883,17.72707395636503,17.622591124808686,17.67135039952703,48797900
2005-09-28,17.88032341003418,18.019633044353718,17.678324573126364,17.685290187697856,71019400
2005-09-29,18.068391799926758,18.110184160609634,17.76191138829022,17.83853182333815,66807100
2005-09-30,17.9221134185791,18.07535426194542,17.838528711792893,18.047491807313378,57644500
2005-10-03,17.76190757751465,17.922112699556703,17.720115225798224,17.90818147279959,55341300
2005-10-04,17.39970588684082,17.68528942924875,17.239500744232487,17.66439391498554,151666300
2005-10-05,17.18377113342285,17.448457740204855,17.18377113342285,17.44149345692907,73684700
2005-10-06,17.225563049316406,17.3788038486814,17.086254801821823,17.176805096265575,81724600
2005-10-07,17.12805938720703,17.30219581747261,17.079301399301553,17.253437829567133,50768700
2005-10-10,17.03750228881836,17.19074314906237,16.96088318725146,17.18377753463718,48880900
2005-10-11,17.0026798248291,17.100195794216386,16.891232623084935,17.072334658058065,76567300
2005-10-12,16.926048278808594,17.20466742906345,16.90515277252768,17.058392242324192,71294400
2005-10-13,17.12805938720703,17.225575363017988,16.905164969035972,16.93302610702959,70192000
2005-10-14,17.18377113342285,17.225563475850617,17.065358389415337,17.211632252189826,53846700
2005-10-17,17.08626365661621,17.19771084379016,17.023574447761458,17.190745228522378,46924400
2005-10-18,17.114118576049805,17.295220521599326,17.030533880291433,17.058395002692627,69328200
2005-10-19,17.4763240814209,17.4763240814209,17.0653621917435,17.107154543483006,66574500
2005-10-20,17.267366409301758,17.5041906957982,17.232538331467484,17.448467099818686,58830600
2005-10-21,17.260391235351562,17.413630707296115,17.11411604656189,17.350941530465484,69431200
2005-10-24,17.483285903930664,17.483285903930664,17.190736848077233,17.33701071172664,51868000
2005-10-25,17.43453598022461,17.504189473920356,17.295226335722656,17.378812388134875,41310500
2005-10-26,17.49025535583496,17.64349486500057,17.36487697171996,17.392738096770564,58178100
2005-10-27,17.309146881103516,17.60169589112557,17.309146881103516,17.56686783722151,61566100
2005-10-28,17.782806396484375,17.831564367005043,17.483291630651642,17.483291630651642,106559300
2005-10-31,17.901222229003906,17.970875725294242,17.761912579312675,17.83853301949838,75122100
2005-11-01,18.082321166992188,18.179838443778635,17.838531296413947,17.838531296413947,71370400
2005-11-02,18.430593490600586,18.45845594860683,18.06142522190373,18.06142522190373,75067100
2005-11-03,18.416669845581055,18.555978197264544,18.2843257822095,18.528117058350077,73421600
2005-11-04,18.569894790649414,18.60472151897429,18.423620937419496,18.479344499872017,57464000
2005-11-07,18.813692092895508,18.862450060087646,18.597763383092474,18.611693281893825,77104800
2005-11-08,18.841556549072266,18.932108214337273,18.64652464583416,18.76493744218095,60091700
2005-11-09,18.77886962890625,18.911213671178324,18.76493972594763,18.79280086042023,59562100
2005-11-10,18.86941909790039,18.911211458998213,18.555973068278707,18.764937530878232,73314800
2005-11-11,19.00176429748535,19.078383409467776,18.897281395459274,18.911212626203454,51945600
2005-11-14,19.064449310302734,19.11320727861818,18.946036532155947,19.0574836964641,67152200
2005-11-15,19.211158752441406,19.23910289565736,19.036511854691938,19.092398808673764,65081000
2005-11-16,19.378816604614258,19.476618425780085,19.16924089284466,19.197183699270663,86277000
2005-11-17,19.539487838745117,19.560445939075997,19.392785133777874,19.455658102320875,91351000
2005-11-18,19.609352111816406,19.73509808270351,19.49059217625081,19.644282288423934,75431200
2005-11-21,19.672225952148438,19.72811290469914,19.44867814194562,19.60935296397264,65794400
2005-11-22,19.497577667236328,19.61633759948637,19.462648824053947,19.602365529233435,104253300
2005-11-23,19.504566192626953,19.623326140039783,19.378820209195705,19.504566192626953,70541300
2005-11-25,19.392789840698242,19.518535808304673,19.190198819010114,19.42073264880525,44082500
2005-11-28,19.385801315307617,19.45566032527616,19.232112559336652,19.41374545227495,57517200
2005-11-29,19.33690071105957,19.413745756474054,19.281013768698987,19.413745756474054,62220400
2005-11-30,19.33690071105957,19.399773687771454,19.301970539303074,19.33690071105957,55904700
2005-12-01,19.48360252380371,19.63030657341976,19.37182864431041,19.37182864431041,61006100
2005-12-02,19.567434310913086,19.63030728696968,19.41374555413574,19.434702324521407,42319600
2005-12-05,19.45566177368164,19.574421699734486,19.357858619464665,19.511548719327106,47517300
2005-12-06,19.343887329101562,19.504562126680288,19.336901294539462,19.49059005755609,65980000
2005-12-07,19.385801315307617,19.385801315307617,19.24608329537053,19.32991437382274,55583200
2005-12-08,19.343887329101562,19.42771707894705,19.281014350492523,19.35785806577591,63931600
2005-12-09,19.357864379882812,19.441695489522,19.30896345444757,19.357864379882812,48467000
2005-12-12,19.176231384277344,19.385807144754068,19.092400280616538,19.350878295491345,63757200
2005-12-13,18.95267677307129,19.162253805781305,18.861860991611813,19.064451989986512,104285500
2005-12-14,18.92473602294922,19.029523884456754,18.75707517804717,18.861863039554706,65076200
2005-12-15,18.80597496032715,18.938706954227953,18.729129911366176,18.917748850206813,79018100
2005-12-16,18.792009353637695,18.917755356109414,18.729136352401838,18.77803727948521,88542500
2005-12-19,18.743093490600586,18.771037616637507,18.61734758833298,18.736107459091357,68680100
2005-12-20,18.764053344726562,18.77802407660586,18.63132139850279,18.694194355532503,62960600
2005-12-21,18.673234939575195,18.798980844749327,18.659262876233782,18.771038050515795,75800900
2005-12-22,18.575441360473633,18.70817335590773,18.45668143454836,18.65927111262683,91276900
2005-12-23,18.610370635986328,18.631328740738535,18.470653934988032,18.526540881877334,30689200
2005-12-27,18.484619140625,18.757069091070047,18.477634440247773,18.638309197914392,37819000
2005-12-28,18.43572425842285,18.62434320893831,18.407781450448315,18.519555347246374,35444400
2005-12-29,18.351890563964844,18.512565339577026,18.344904530357834,18.44969236956362,34495500
2005-12-30,18.26805305480957,18.379826888229232,18.233124231534376,18.26805305480957,49044600
2006-01-03,18.750097274780273,18.86187121985746,18.23314244568565,18.337930352639198,79973000
2006-01-04,18.840904235839844,18.91774928657336,18.701187536492416,18.701187536492416,57975600
2006-01-05,18.854862213134766,18.952663962824623,18.798975308676432,18.833904124294552,48245500
2006-01-06,18.798992156982422,18.86186514740311,18.505585312502593,18.78502008523336,100963000
2006-01-09,18.764053344726562,18.91075602282963,18.694194355532503,18.812954237427586,55625000
2006-01-10,18.861862182617188,18.875834252170062,18.575441419032696,18.61735629524143,64921900
2006-01-11,19.064451217651367,19.134308893274838,18.792001219410768,18.86884626153629,70120700
2006-01-12,18.959651947021484,19.043482978575724,18.84089209624825,19.036496948242117,45994800
2006-01-13,18.99459457397461,19.036509451056098,18.868848610280235,18.882820680124038,41418000
2006-01-17,18.854862213134766,18.994580140505054,18.791989279063024,18.791989279063024,58566600
2006-01-18,18.743093490600586,18.847881298340507,18.65227774587913,18.68022053946678,52376200
2006-01-19,18.875831604003906,19.029520350174252,18.75707169436555,18.77104376195823,60367600
2006-01-20,18.449695587158203,18.86884834953052,18.344907729677598,18.86884834953052,79165900
2006-01-23,18.407773971557617,18.53351988747864,18.37284381021877,18.44968883271482,47925600
2006-01-24,18.35887908935547,18.47763901189412,18.316962882024285,18.4007939642368,63040700
2006-01-25,18.44270896911621,18.561468892491973,18.32394904574045,18.449695003720652,59072100
2006-01-26,18.51255989074707,18.666248587516815,18.379827956180446,18.554474747602587,69509300
2006-01-27,19.413745880126953,19.52551976556005,18.994593143527936,19.0225359486613,134520700
2006-01-30,19.56045150756836,19.686197480451874,19.406762725405184,19.434705534684845,103999200
2006-01-31,19.665239334106445,19.825914151374825,19.469635672197118,19.497578481419875,94841300
2006-02-01,19.588396072387695,19.60935284668758,19.392791073405135,19.53250778772121,68448800
2006-02-02,19.33690071105957,19.553462446150608,19.24608359694249,19.53949037744801,55073400
2006-02-03,19.239103317260742,19.350877227673795,19.09938526301937,19.19718710151826,75022700
2006-02-06,18.98061752319336,19.239095417673646,18.924730590934047,19.218137318407816,60170500
2006-02-07,18.8199520111084,18.966654780737365,18.729134868761705,18.826938047631238,72159500
2006-02-08,18.798992156982422,18.91775210194926,18.659274104391987,18.868851183277638,51795200
2006-02-09,18.62433624267578,18.882814115121228,18.61735021018272,18.8339118876698,52861700
2006-02-10,18.645294189453125,18.785010840836716,18.51954827049328,18.596393294846393,52127000
2006-02-13,18.43572425842285,18.652287349362798,18.40079541534219,18.60338510361994,46707000
2006-02-14,18.617347717285156,18.638305811958013,18.407772100353704,18.44968695725014,58432900
2006-02-15,18.841657638549805,18.87670616808505,18.57529549890544,18.64539122101123,62808900
2006-02-16,18.792593002319336,18.855679025125095,18.624364053825587,18.820631828884043,48868500
2006-02-17,18.715490341186523,18.792594446234038,18.61735577763478,18.694461219647234,41513200
2006-02-21,18.603347778320312,18.729518565012327,18.463156232708297,18.729518565012327,50216100
2006-02-22,18.72951316833496,18.82764775677337,18.55427445529564,18.596332709040077,43043100
2006-02-23,18.68744468688965,18.848663882244164,18.60333090538488,18.736511282261507,47359100
2006-02-24,18.666425704956055,18.74353116065777,18.589321586219516,18.63838820822418,44753800
2006-02-27,18.960819244384766,19.10802038890863,18.69445711486419,18.750533423024553,51301500
2006-02-28,18.834646224975586,19.136055508467507,18.834646224975586,18.890722526202513,65036100
2006-03-01,19.02391242980957,19.065970679508425,18.890731983325313,18.911759771209592,53061200
2006-03-02,18.90474510192871,18.995869948731357,18.85567849378796,18.93979363414696,41850300
2006-03-03,18.876705169677734,19.03792438611872,18.743523438417313,18.792590040206775,45218800
2006-03-06,18.86268424987793,19.030913158399468,18.806607947037417,18.86969395485356,53054100
2006-03-07,18.96783447265625,18.995873303382478,18.792595791512436,18.85568182368141,51613900
2006-03-08,19.10102081298828,19.27625953604322,18.904752961859224,18.918772380575305,57547400
2006-03-09,18.9257755279541,19.220176534089763,18.9257755279541,19.115033604105218,45360700
2006-03-10,19.044940948486328,19.07998815182139,18.841663425640675,18.967835496791064,41297200
2006-03-13,19.002880096435547,19.12905214142145,18.88371775805606,19.051946705715658,40342600
2006-03-14,19.086990356445312,19.192133262082052,18.918761440033613,18.953809966555582,39821800
2006-03-15,19.178117752075195,19.24120377128319,18.932783381484647,19.065965126142046,57152000
2006-03-16,19.115034103393555,19.262233941823826,19.07998556783997,19.164100716203645,73793700
2006-03-17,19.2762508392334,19.38840346443176,19.11503160763135,19.171107920230533,120615000
2006-03-20,19.54962158203125,19.619717303027123,19.395412065412064,19.41644118280023,67094100
2006-03-21,19.444480895996094,19.780938790953204,19.402423993367663,19.444480895996094,73199600
2006-03-22,19.030921936035156,19.276256375479743,18.78558749659057,18.981855315539267,145696100
2006-03-23,18.82063102722168,18.995869674892337,18.68744928064184,18.981850262207136,73682900
2006-03-24,18.932785034179688,19.072975160351326,18.659413151724845,18.72249783947491,69157600
2006-03-27,18.932785034179688,19.13606118506627,18.925775327326374,18.932785034179688,59908600
2006-03-28,18.855674743652344,19.072970252329192,18.79258873517124,18.932780162232483,58520500
2006-03-29,18.93979263305664,19.065964668443733,18.869696909289953,18.890726027509377,53150300
2006-03-30,19.086990356445312,19.199142967386447,18.925771145338008,18.946800261251187,54612000
2006-03-31,19.072973251342773,19.304289543455106,19.072973251342773,19.136059269743456,62190500
2006-04-03,19.31831169128418,19.43747404705443,19.234197873661078,19.39541713824288,57605300
2006-04-04,19.374387741088867,19.486540387642044,19.255225387005492,19.346350247933078,45470000
2006-04-05,19.444480895996094,19.58467235404397,19.374385166972154,19.54261411445071,41539300
2006-04-06,19.31831169128418,19.430464339425,19.1851312572201,19.38840743061345,51885500
2006-04-07,19.10102081298828,19.43046913102404,19.087001394272203,19.353365002016307,47249400
2006-04-10,19.129047393798828,19.234190292870142,19.065961386963142,19.086989164598705,39432000
2006-04-11,19.01690101623535,19.15008278774203,18.925777490656067,19.129055001743364,42953400
2006-04-12,19.06596565246582,19.06596565246582,18.904745078392192,18.99586992508139,32183000
2006-04-13,18.974843978881836,19.065968840809564,18.925777362596914,18.981853686488968,28160000
2006-04-17,18.813627243041992,18.960827111677897,18.73652178596688,18.94680903154486,35796200
2006-04-18,19.07997703552246,19.276244735959388,18.799595561301373,18.88371067204986,56272700
2006-04-19,18.946802139282227,19.058954761340072,18.897734197287797,19.002878450311147,45111100
2006-04-20,18.946802139282227,19.058954761340072,18.715487189167337,18.960820214315923,45648300
2006-04-21,19.030921936035156,19.19915092214898,18.925778986834658,18.960826190913114,58528000
2006-04-24,19.002880096435547,19.101013314995768,18.91175524751691,18.974841270009865,42318400
2006-04-25,19.002880096435547,19.07297448857009,18.939794073942593,18.988860683222704,49222500
2006-04-26,18.99586296081543,19.08698643713213,18.925767259129497,18.981843553085383,39190000
2006-04-27,19.10102081298828,19.36738308376703,18.88372517075046,18.904752961859224,96509600
2006-04-28,16.92805290222168,17.173387273522092,16.822909982225724,16.98412921535051,591052200
2006-05-01,17.02618980407715,17.52386698469944,16.885998333413575,17.04721758880122,174800900
2006-05-02,16.829919815063477,17.523864696613604,16.75281438256965,17.16637769636691,190533500
2006-05-03,16.24112319946289,16.836935062630065,16.227103782220084,16.815905936765855,211527100
2006-05-04,16.430374145507812,16.591593362493224,16.220086989602613,16.367288132432716,171257400
2006-05-05,16.68271827697754,16.78786253233776,16.486451852496582,16.584585064737063,131604300
2006-05-08,16.633655548095703,17.523868382814282,16.479445987634357,16.717770704597836,80693500
2006-05-09,16.556547164916992,16.822909307352266,16.465422324135265,16.647670668734012,75345900
2006-05-10,16.661693572998047,16.675712987897516,16.535521512832794,16.591597835465684,76563300
2006-05-11,16.276168823242188,16.675714154027283,16.227102204627812,16.6196364905079,92916700
2006-05-12,16.24112319946289,16.381314697960537,16.15700803297126,16.220094073598677,83115900
2006-05-15,16.290376663208008,16.34667164859351,16.205934856218917,16.25519280065894,67314800
2006-05-16,16.191856384277344,16.88850714285892,16.121487336079838,16.29740928548462,82095100
2006-05-17,15.99483585357666,16.241127044207573,15.994835853576658,16.10742588206296,98598300
2006-05-18,16.065195083618164,16.283337961972293,16.015937144200603,16.072232123846128,95476400
2006-05-19,15.875201225280762,16.114455257494164,15.847054402644206,16.037050488609857,100071200
2006-05-22,16.10038185119629,16.198899090007238,15.797797119799483,15.81890690211878,87322300
2006-05-23,16.037046432495117,16.45222102108173,16.02297235364729,16.262226325348205,79986300
2006-05-24,16.536666870117188,16.564815032439544,16.17074881299607,16.17778585357666,107356700
2006-05-25,16.705551147460938,16.83221518847457,16.56481436802883,16.585924146745636,83052700
2006-05-26,16.69147491455078,16.804064860449625,16.578884968651938,16.726660111505435,46861600
2006-05-30,16.290376663208008,16.71962676563391,16.28333962226253,16.571851590135516,52497500
2006-05-31,15.938541412353516,16.43112381132459,15.938541412353516,16.36779175025176,120202000
2006-06-01,16.058162689208984,16.072236773736716,15.917425870467422,16.001867693276644,80230800
2006-06-02,16.01592445373535,16.177772224201377,15.95259248404393,16.093330492730896,73935600
2006-06-05,15.832980155944824,15.994828075416121,15.825943114814113,15.98779103428541,63914100
2006-06-06,15.572616577148438,15.875202665467443,15.467063633873515,15.868165623625316,126601300
2006-06-07,15.509284973144531,15.755574712247292,15.48817384885926,15.586689744500363,73827500
2006-06-08,15.55854320526123,15.628910936474446,15.460025965641538,15.502248214983595,104126900
2006-06-09,15.424842834472656,15.614838939023057,15.403731708796446,15.586690771454775,52573800
2006-06-12,15.27706527709961,15.551504499745135,15.270029578473837,15.45298727066646,74309700
2006-06-13,15.13632583618164,15.502243840827042,15.10114063832455,15.291136680218667,113175300
2006-06-14,15.396697044372559,15.438919302244697,15.164479994790636,15.192628166705395,86081500
2006-06-15,15.530390739440918,15.57261163491567,15.340394696537432,15.488169843966165,121577300
2006-06-16,15.551506042480469,15.678170105162414,15.333363124627356,15.460025845130872,147506500
2006-06-19,15.868159294128418,15.903344489304372,15.565574668682967,15.57964740457539,129640900
2006-06-20,15.875201225280762,16.01593936499866,15.832980320236741,15.86112848505167,90598500
2006-06-21,16.241113662719727,16.29037159182518,15.854085926452944,15.910380894313166,91660300
2006-06-22,16.10038185119629,16.304452028139004,16.030014120560732,16.227045913825776,76590600
2006-06-23,15.832980155944824,16.09334530906773,15.832980155944824,16.079271226806306,60532600
2006-06-26,16.058162689208984,16.10742064287746,15.924461570552712,15.938535655080441,53644100
2006-06-27,16.08631134033203,16.297417245859993,16.072237255382536,16.10742112557766,84759100
2006-06-28,16.297414779663086,16.360746810173517,16.121492770951544,16.15667663582249,71906500
2006-06-29,16.51555633544922,16.628146304384344,16.3396343412158,16.410003407344828,121395500
2006-06-30,16.395925521850586,16.64221652507385,16.395925521850586,16.56481177825019,73048800
2006-07-03,16.677406311035156,16.691479051126578,16.501484309197984,16.557779296098747,25711400
2006-07-05,16.43111228942871,16.55073928288324,16.395927090072604,16.522591123398353,53093500
2006-07-06,16.52259063720703,16.61407081066291,16.480369741400207,16.501480860392657,44775200
2006-07-07,16.395925521850586,16.57184747527035,16.395925521850586,16.45925753245594,63168800
2006-07-10,16.536666870117188,16.649256835050107,16.45222372532837,16.487408928231318,50565100
2006-07-11,16.255189895629883,16.44518594066788,16.00186183557922,16.44518594066788,88676300
2006-07-12,15.931492805480957,16.100377731716176,15.917420068261587,16.03704705878379,77379300
2006-07-13,15.66409683227539,15.910387928874831,15.657059790409292,15.741502950623971,73099500
2006-07-14,15.685200691223145,15.868158326266965,15.642978459587301,15.67816365261717,67499400
2006-07-17,15.818910598754883,15.910390817444112,15.66409967612993,15.685210805560999,37053500
2006-07-18,16.00185775756836,16.01593183335736,15.818898798844598,15.89630487350635,65047300
2006-07-19,16.46629524230957,16.50851613704009,15.987787294770197,16.05815634743976,82188200
2006-07-20,16.07927703857422,16.50149026377511,16.030019075033568,16.494453220100898,76605200
2006-07-21,16.797027587890625,16.994059303645535,16.184818640077253,16.944801374706806,175483800
2006-07-24,16.88851547241211,16.96592159782449,16.74074160627424,16.895552514920382,59586700
2006-07-25,17.043331146240234,17.09259045757066,16.818151091731405,16.888520194310164,60075800
2006-07-26,17.14887809753418,17.261468076377227,16.95888200491963,16.972956087819615,54942100
2006-07-27,16.797027587890625,17.310719335648642,16.726658542759058,17.296645258186746,85386800
2006-07-28,17.064434051513672,17.085545174761606,16.930732955300122,16.944807037465413,51705800
2006-07-31,16.93073272705078,17.184060833897384,16.895548864290234,16.937769768038557,40254400
2006-08-01,16.881473541259766,17.029248706782585,16.78295765903004,16.902584662671092,49168700
2006-08-02,17.0996150970459,17.169984154098465,16.909620387835528,16.972952404965028,46462000
2006-08-03,17.036287307739258,17.226283406278277,16.994066399901183,17.022214566578874,43155300
2006-08-04,17.092580795288086,17.233317578709364,16.99406357049713,17.169985556407408,45690400
2006-08-07,17.043331146240234,17.226290276073406,17.022221354991903,17.085553413094885,36862400
2006-08-08,17.127771377563477,17.25443547187798,17.029255456287203,17.1629552516825,58171300
2006-08-09,17.198129653930664,17.33886640409135,17.12776060776136,17.233313505926354,44405700
2006-08-10,17.21221160888672,17.310728863164208,17.127769781995884,17.14888090980791,31753400
2006-08-11,17.19109344482422,17.20516752317295,17.029245570347776,17.19109344482422,30255500
2006-08-14,17.2614688873291,17.310726837614794,17.13480481963533,17.254431845548506,47831900
2006-08-15,17.38858985900879,17.409777367200626,17.261459421376543,17.33914919661379,48994500
2006-08-16,17.445093154907227,17.46628066434863,17.282647948840932,17.381527932342237,52373600
2006-08-17,17.445093154907227,17.480406568723158,17.381527932342237,17.445093154907227,45674800
2006-08-18,18.21494483947754,18.222006447416646,17.642857603702613,17.692296942001967,128414800
2006-08-21,18.448013305664062,18.455074912201294,18.052495983545708,18.123124173004033,88398300
2006-08-22,18.094871520996094,18.539826770761344,18.094871520996094,18.370319944797416,89312400
2006-08-23,18.130191802978516,18.327950515045558,18.024250165025855,18.116065892019222,44648500
2006-08-24,18.17963218688965,18.264386310385373,18.010125287019292,18.236134486846435,35933300
2006-08-25,18.257320404052734,18.363262030961028,18.144315822401104,18.1584403847669,33115900
2006-08-28,18.327951431274414,18.363264863316974,18.144318620986716,18.250260264235482,34190900
2006-08-29,18.250247955322266,18.349126576049436,18.10192867711134,18.30675021675496,42711200
2006-08-30,18.22199821472168,18.28556343442236,18.108993679058315,18.257312974066682,30283100
2006-08-31,18.151378631591797,18.34913597433593,18.1372527222184,18.27144616702396,26380500
2006-09-01,18.250247955322266,18.34206362498033,18.108991628180448,18.285561363547636,31594600
2006-09-05,18.087818145751953,18.33501488922388,18.05250336302652,18.144320450991426,44222400
2006-09-06,18.087818145751953,18.165507973505466,18.017189927422308,18.017189927422308,50160400
2006-09-07,17.960681915283203,18.151377640044448,17.932430098079703,17.995995339666784,51266900
2006-09-08,18.080751419067383,18.214944871200004,17.981871395175535,18.031312080681925,36866800
2006-09-11,18.29970932006836,18.327961158393247,17.953632383319245,17.960695342900465,55608200
2006-09-12,18.31382179260254,18.349135217458542,18.165502444541552,18.292632929416452,52248800
2006-09-13,18.349136352539062,18.4338904634055,18.236131769464404,18.236131769464404,37706700
2006-09-14,18.596330642700195,18.71639815645663,18.349132661775702,18.35619561518733,74324500
2006-09-15,18.963594436645508,19.02715966452874,18.709333525112584,18.772898752995815,126057700
2006-09-18,18.921218872070312,19.097788657675505,18.836464782246775,18.88590410667694,49135000
2006-09-19,18.970659255981445,19.02716153664585,18.87177925447827,18.885905161424528,43039100
2006-09-20,19.196670532226562,19.23198395643323,19.06247709542382,19.076603003954798,71676400
2006-09-21,18.998905181884766,19.246103105879758,18.963591770079898,19.239040154094724,58495100
2006-09-22,18.82940101623535,18.96359442469544,18.702270560549,18.94946851914796,47712500
2006-09-25,19.034223556518555,19.2037303901977,18.921219000732457,18.935343559865295,67903900
2006-09-26,19.210796356201172,19.295549112772445,18.984785862062626,19.00597472476583,54766500
2006-09-27,19.380308151245117,19.401495672222495,19.154298946678942,19.196675335754822,66233900
2006-09-28,19.352048873901367,19.436802966532206,19.253170221765888,19.401488199969105,44179700
2006-09-29,19.316743850708008,19.36618319826514,19.217863808472558,19.316743850708008,34283500
2006-10-02,19.32379913330078,19.415614835570942,19.17547980240818,19.295547318989563,52908100
2006-10-03,19.330860137939453,19.408549925221312,19.21785423920849,19.330860137939453,39386200
2006-10-04,19.733444213867188,19.74756877619468,19.330865224435023,19.344989786762515,82191200
2006-10-05,19.719310760498047,19.853504154678014,19.62043212642879,19.719310760498047,81967200
2006-10-06,19.684003829956055,19.77581954224045,19.52862152853828,19.606312679247168,36452200
2006-10-09,19.57805633544922,19.726375648227723,19.50742950253806,19.634558610050437,33366300
2006-10-10,19.556875228881836,19.599251611929986,19.380305394540123,19.556875228881836,34598500
2006-10-11,19.450931549072266,19.54274726052645,19.366177444781584,19.394427914797955,37219600
2006-10-12,19.93120002746582,19.98064070673933,19.4509312671815,19.47918173678845,120174900
2006-10-13,20.037139892578125,20.263149002944736,19.994762174043966,20.015951033311044,129751900
2006-10-16,20.093652725219727,20.199594382964392,20.008898590751237,20.1148402484959,49744800
2006-10-17,20.086585998535156,20.136025339729052,19.895890242112113,19.94532958330601,40122600
2006-10-18,20.143085479736328,20.270215966248905,19.95945270445381,20.128959570763637,40630800
2006-10-19,19.98064422607422,20.093648818647875,19.860576678074583,20.02302061150909,44730800
2006-10-20,20.079519271850586,20.121895649612057,19.89588650538987,20.11483269546502,48887800
2006-10-23,20.093652725219727,20.263159647035444,19.902956933006575,19.9877097203538,48525000
2006-10-24,19.97357749938965,20.079519116534236,19.86763453512431,20.079519116534236,61409600
2006-10-25,19.99476432800293,20.100705941509894,19.874696806796187,19.97357681357396,40717100
2006-10-26,20.02301597595215,20.065392351576403,19.804069796919357,20.008890068370498,69964200
2006-10-27,20.01595687866211,20.333783124881755,19.95239162941818,20.121898511695008,89060100
2006-10-30,20.1501522064209,20.36909844800203,20.001832828683238,20.023021696108923,47296800
2006-10-31,20.277280807495117,20.376160838952817,20.171339167545693,20.241967376552324,61861700
2006-11-01,20.347898483276367,20.475028924254172,20.27020870599464,20.32671097452696,75895900
2006-11-02,20.31965446472168,20.38321970536333,20.185461029242553,20.277276739546732,58674400
2006-11-03,20.291400909423828,20.4326572869963,20.20664816057687,20.376155005391443,41124500
2006-11-06,20.369089126586914,20.517407089329414,20.312586853096374,20.319649805672746,60446200
2006-11-07,20.4467830657959,20.531535814110708,20.340840109721412,20.383217830999467,56511200
2006-11-08,20.467971801757812,20.644541609600005,20.241962663259127,20.326716763756497,77403300
2006-11-09,20.665739059448242,20.764617761851696,20.48210622132662,20.5597974001415,89407500
2006-11-10,20.651609420776367,20.68692419892319,20.58804416723313,20.602170078491856,37855100
2006-11-13,20.729299545288086,20.806989359070187,20.59510608930668,20.61629495513142,47271800
2006-11-14,20.715124130249023,20.84977636115754,20.601733204765992,20.750559639291506,63012500
2006-11-15,20.637163162231445,20.80724950470128,20.63007606232944,20.644248910407356,63943200
2006-11-16,20.88521385192871,21.005691898449545,20.644257758887047,20.651344861826704,64328500
2006-11-17,20.835599899291992,20.934817962130822,20.750557390260205,20.771817341654998,49356700
2006-11-20,21.182861328125,21.26081809368764,20.90647112545951,20.920645328602976,85703800
2006-11-21,21.204130172729492,21.26082565373705,21.1120005229898,21.197043068637687,66446600
2006-11-22,21.204130172729492,21.26082565373705,21.133260483538326,21.23956434146163,43907200
2006-11-24,21.090723037719727,21.14741847525153,21.00567920555909,21.019853402873505,20456700
2006-11-27,20.892301559448242,21.076562186031442,20.78599771573051,21.041128022034435,72722100
2006-11-28,20.828519821166992,20.849781131456936,20.644259187167773,20.793085655743848,52602300
2006-11-29,20.95607566833496,21.104902070785098,20.856858967852315,20.863946068133384,58775100
2006-11-30,20.80725860595703,20.956083713818106,20.78599729695116,20.8497798722421,53297400
2006-12-01,20.637163162231445,20.76472690528925,20.481249667839528,20.715118557701313,72257000
2006-12-04,20.785993576049805,20.920645805529546,20.67260265176995,20.715123910443285,55123400
2006-12-05,20.644256591796875,20.835604305170072,20.57338826986007,20.80725724674067,45606000
2006-12-06,20.5450382232666,20.64425494745667,20.45999570302554,20.62299499325965,48564100
2006-12-07,20.445817947387695,20.601730108563448,20.417469544414146,20.523773352112443,46831100
2006-12-08,20.835599899291992,20.835599899291992,20.410383298954134,20.42455750103487,108854900
2006-12-11,20.934812545776367,21.08363757394043,20.63007403851553,20.68676948044364,107712000
2006-12-12,20.856861114501953,20.998599079532944,20.70803469673416,20.94899072418578,68529400
2006-12-13,20.941911697387695,20.977347216102434,20.77891236648037,20.977347216102434,46002500
2006-12-14,21.310420989990234,21.31750808974517,20.92063996555108,20.934814165060953,85866500
2006-12-15,21.395463943481445,21.423810989593523,21.28207305558111,21.360028446183836,102783700
2006-12-18,21.182861328125,21.445078679373434,21.10490591428877,21.395470320097722,56986800
2006-12-19,21.253738403320312,21.381303572640793,20.927739727702978,21.055303545296578,53822100
2006-12-20,21.32459831237793,21.43090212081752,21.239554454590497,21.253728656176115,31202100
2006-12-21,21.246639251708984,21.360030148646935,21.18285670321562,21.35294304862255,32270500
2006-12-22,21.005680084228516,21.16159355775725,20.991507238047102,21.140332260896262,37971700
2006-12-26,21.253738403320312,21.260825507363325,20.835608726870685,20.927739727702978,37098300
2006-12-27,21.274986267089844,21.35294165883201,21.197029523621648,21.25372496840051,31248400
2006-12-28,21.246639251708984,21.282074751830915,21.126161254746645,21.161596754868576,26690600
2006-12-29,21.16159439086914,21.367114861712828,21.14033309317112,21.16159439086914,41739800
2007-01-03,21.16159439086914,21.4379845023136,20.83559458479596,21.197028535306544,76935100
2007-01-04,21.126161575317383,21.23955247397594,20.86394562906677,21.04820617731846,45774500
2007-01-05,21.005680084228516,21.083636820992883,20.87102925928668,20.998592985274854,44607200
2007-01-08,21.21120262145996,21.331680604325566,20.927725412283817,21.01276789917368,50220200
2007-01-09,21.23246955871582,21.388383088896145,21.06947027873312,21.260817964830935,44636600
2007-01-10,21.01985740661621,21.18285665160159,20.856858161630832,21.11907410326364,55017400
2007-01-11,21.756908416748047,21.792342579438582,21.012778834706832,21.090735614698005,99464300
2007-01-12,22.11834144592285,22.245906595779875,21.714386039193403,21.72147314215509,103972500
2007-01-16,22.082908630371094,22.288430573621234,21.99077898970063,22.153778312585857,62379600
2007-01-17,22.04038429260254,22.281340367543475,21.976601722663666,22.153775227665736,58519600
2007-01-18,21.96951675415039,22.231734161782256,21.827777395690998,22.075820597131585,56364300
2007-01-19,22.047466278076172,22.047466278076172,21.749814804684718,21.778161856008243,75826900
2007-01-22,21.771081924438477,22.054560641380515,21.622256814597936,22.01203802280319,56143900
2007-01-23,21.785249710083008,21.94116187706934,21.629337543096675,21.707292950726693,49171200
2007-01-24,22.033292770385742,22.182117835904883,21.72146708564992,21.813598046736693,58527800
2007-01-25,21.57972526550293,22.309678964160383,21.57972526550293,22.026201734015448,97378700
2007-01-26,21.686038970947266,22.13251564355286,21.686038970947266,22.12542854059383,96103700
2007-01-29,21.636425018310547,21.813598491383665,21.501772800291608,21.721467528418902,57605900
2007-01-30,21.600984573364258,21.714375462064908,21.36002859694387,21.664767117224127,61900400
2007-01-31,21.870298385620117,22.040384792069318,21.508864265018097,21.551385528698745,73968400
2007-02-01,21.657691955566406,21.92699647846726,21.523041045842742,21.856126796034047,55355800
2007-02-02,21.395463943481445,21.856114594542298,21.352941346724315,21.841940395623254,60401700
2007-02-05,20.98443031311035,21.274994752457157,20.84269096876854,21.23955924050842,99102100
2007-02-06,20.913558959960938,21.08364534846406,20.708037062357295,20.970254422795314,79281100
2007-02-07,20.814340591430664,21.048209526088254,20.729296728043202,21.005686918531346,65145500
2007-02-08,20.73638916015625,21.1190832644659,20.693867893394444,20.722214953993415,48749000
2007-02-09,20.537948608398438,20.83560009627637,20.502514454587907,20.800165942465842,69823100
2007-02-12,20.509599685668945,20.615903489134272,20.431642932322145,20.474164183363037,52774400
2007-02-13,20.630495071411133,20.765614170015574,20.594936699981975,20.65183009426863,50348100
2007-02-14,20.90785026550293,21.114084816434108,20.73006242080237,20.74428577391768,55588600
2007-02-15,20.950523376464844,21.085642546662406,20.779847172411348,21.035862156698542,63858100
2007-02-16,20.43848991394043,20.580720728438425,20.374486183057687,20.559385699339654,109340300
2007-02-20,20.50248908996582,20.52382411432478,20.246474223311424,20.360258307065983,53978200
2007-02-21,20.872291564941406,20.90073691247679,20.43848882461543,20.44560050060265,68604900
2007-02-22,20.900739669799805,21.007413467267522,20.737175169756032,20.84384761081007,57754400
2007-02-23,20.55226707458496,20.82250525948529,20.545155400623045,20.779835215713796,63787100
2007-02-26,20.673171997070312,20.687395351308673,20.495384138331953,20.594944905173044,63481900
2007-02-27,19.819787979125977,20.602053349701468,19.762895927512968,20.417153842855814,87143300
2007-02-28,20.033130645751953,20.090022691151777,19.855342834325832,19.876677860005774,86333300
2007-03-01,19.97623634338379,20.14691246029982,19.720221489803137,19.7842252031983,80175700
2007-03-02,19.741558074951172,20.026018292316657,19.741558074951172,19.926457555342065,63254700
2007-03-05,19.59221649169922,19.848231377015935,19.49265575025977,19.549547796284223,56454300
2007-03-06,19.791343688964844,19.869570778128764,19.663336218119763,19.770008658352776,49361800
2007-03-07,19.6348876953125,19.841120865593783,19.592217640981104,19.74156011831409,52044700
2007-03-08,19.428651809692383,19.805562458109566,18.91662340125019,19.713112036604713,72175200
2007-03-09,19.40732192993164,19.542439716339924,19.222422407231562,19.499771013074866,80125000
2007-03-12,19.513994216918945,19.542439566740025,19.293536312840935,19.329094695634296,36516400
2007-03-13,19.001962661743164,19.485545773306576,18.994850985818587,19.37887334726488,75169500
2007-03-14,19.485544204711914,19.485544204711914,19.009072807429234,19.073076529184622,75730300
2007-03-15,19.400205612182617,19.53532336626651,19.34331356930169,19.428650955416433,51757100
2007-03-16,19.435766220092773,19.54243865064513,19.343317141991008,19.449989572543366,65055300
2007-03-19,19.791343688964844,19.791343688964844,19.343318897420726,19.44287966078305,49412000
2007-03-20,19.798450469970703,20.026018647903854,19.741558425487415,19.86245418956607,47902400
2007-03-21,20.282033920288086,20.282033920288086,19.599328016812922,19.84111954966732,72808200
2007-03-22,20.104251861572266,20.303373399908544,19.919352321393045,20.282039724466085,47934900
2007-03-23,19.926456451416016,20.10424424697166,19.770002323222574,20.06868587401259,50519800
2007-03-26,20.06868553161621,20.06868553161621,19.698887954043723,19.869564072095613,47491500
2007-03-27,19.713106155395508,20.026012989853104,19.663325800088995,19.94067562544564,58979800
2007-03-28,19.656225204467773,19.912240154796113,19.48554902305345,19.613556498217623,46947000
2007-03-29,19.734445571899414,19.80556096236008,19.549546099266983,19.79844928767269,42629900
2007-03-30,19.819787979125977,19.876680030738985,19.55666139265737,19.73444922349971,47061000
2007-04-02,19.727340698242188,19.86245985105866,19.59933322256487,19.834013142502045,41977600
2007-04-03,19.819787979125977,19.95490575394843,19.73444922349971,19.81267630312266,39821300
2007-04-04,20.26780891418457,20.466931735685332,19.84111792891909,19.919344993868183,63244200
2007-04-05,20.303367614746094,20.374483010923026,20.12557980251044,20.1398031530285,30131200
2007-04-09,20.317590713500977,20.424263128237875,20.18958327325136,20.32470238867188,31384600
2007-04-10,20.196701049804688,20.367377236227327,20.06869357088427,20.267816466584225,38643100
2007-04-11,19.990461349487305,20.31759026159284,19.905122605747902,20.125579105489166,44050200
2007-04-12,20.296255111694336,20.353147151230704,19.94067952548873,19.95490151806291,43762100
2007-04-13,20.346036911010742,20.41004062955269,19.983349624744157,20.21802947392685,36002900
2007-04-16,20.43137550354004,20.445598854369248,20.061576520460928,20.338926435976955,30740100
2007-04-17,20.516714096069336,20.545159441098033,20.31047957985441,20.360259950964664,33170200
2007-04-18,20.33892059326172,20.38870095045027,20.168244501581103,20.34603226663337,41778400
2007-04-19,20.40292739868164,20.545156818496217,20.097132179281147,20.154024218489617,43648800
2007-04-20,20.63761329650879,20.694505352440995,20.41004507277996,20.60916659033588,60311500
2007-04-23,20.466938018798828,20.616279163460465,20.388710929834925,20.594944132902945,41739100
2007-04-24,20.47403907775879,20.594933452314248,20.331808327297246,20.47403907775879,34236700
2007-04-25,20.61627769470215,20.623389371048,20.402932829980873,20.523828615033214,39475000
2007-04-26,20.69449806213379,20.872285843842132,20.559378968239773,20.68738638809588,68760300
2007-04-27,21.419876098632812,21.86078911099096,21.33453735240133,21.455433118321473,128298800
2007-04-30,21.2918643951416,21.59765958633599,21.2918643951416,21.426982128040407,67788800
2007-05-01,21.618995666503906,21.633219015686365,21.26342007542189,21.291866773786804,73539300
2007-05-02,21.768341064453125,21.82523311246487,21.54788319154588,21.611886915110766,80686700
2007-05-03,22.024351119995117,22.04568614328124,21.711445583611216,21.761225948198962,82036800
2007-05-04,21.73278045654297,21.832342547656857,21.540770661965116,21.81811919801012,104385900
2007-05-07,21.839447021484375,21.87500538608524,21.67588261355915,21.704329305239842,59889100
2007-05-08,21.867897033691406,22.003016126865987,21.747001288516913,21.818116672104225,60551700
2007-05-09,21.889238357543945,21.995910785429054,21.73989587337398,21.83234630557765,51735000
2007-05-10,21.747007369995117,21.995910603949106,21.711450346464616,21.818122773469614,55398600
2007-05-11,21.967464447021484,22.031468176100987,21.72567288303527,21.739896235367056,43425300
2007-05-14,22.024351119995117,22.038574468852534,21.910567041962207,21.93190206524833,70188500
2007-05-15,22.045766830444336,22.18132370821796,22.0029598967082,22.045766830444336,75013900
2007-05-16,22.167041778564453,22.181311202033793,21.98154335588439,22.117100157228883,45833600
2007-05-17,22.102832794189453,22.216985470971267,22.088563369389913,22.138506356188298,41045600
2007-05-18,21.995813369750977,22.109966038955474,21.817449654018063,22.095696615103122,58453000
2007-05-21,22.15277671813965,22.23125720187083,21.924471340893373,21.924471340893373,41836400
2007-05-22,21.89592933654785,22.067158334193497,21.87452520153948,22.045754199185126,39999500
2007-05-23,21.817441940307617,22.002940302382456,21.810307230903966,22.002940302382456,46322500
2007-05-24,21.52493667602539,21.974412712059795,21.375110423475675,21.78891561584757,64046400
2007-05-25,21.74611473083496,21.87453688787974,21.53207870963222,21.603424503635743,47726500
2007-05-29,21.96727180480957,21.995809286409365,21.681888823970187,21.753234569180034,42373100
2007-05-30,22.195587158203125,22.209855225064786,21.767513853780393,21.79605134831123,57376800
2007-05-31,21.89592933654785,22.231252620169684,21.838853003999304,22.202715134298963,85290500
2007-06-01,21.824588775634766,22.045759446805437,21.796049922163746,21.967280321375,39469400
2007-06-04,21.917327880859375,21.945866722029407,21.68902259472649,21.70329201531151,41434500
2007-06-05,21.817441940307617,21.853114126519184,21.639078287636426,21.84598077792221,44265000
2007-06-06,21.61054801940918,21.781777019793186,21.582009172274947,21.667624352870515,38217500
2007-06-07,21.132532119750977,21.610546897987014,21.11112798551101,21.41791377224852,71971400
2007-06-08,21.43931770324707,21.446452415045613,20.982707034597375,21.10399441355834,61346200
2007-06-11,21.41791534423828,21.582009636367356,21.353704297612616,21.360839009549593,48467400
2007-06-12,21.296627044677734,21.574873994187012,21.239550712450008,21.375106150986422,56981800
2007-06-13,21.681896209716797,21.6961656357809,21.296631231637562,21.38224506640745,64435600
2007-06-14,21.774648666381836,21.910204147431337,21.61768768292395,21.65336125225871,59065700
2007-06-15,21.75323486328125,22.031481776473917,21.71042795989936,22.01721371588457,100933000
2007-06-18,21.76751136779785,21.917336258790755,21.70330031142736,21.895933480538833,45412600
2007-06-19,21.731830596923828,21.874522088391117,21.674754272498294,21.74610001823194,46802600
2007-06-20,21.41077995300293,21.767507373691135,21.375106394449837,21.717565752523925,46861600
2007-06-21,21.560609817504883,21.617686163621613,21.33943914640348,21.38938077915469,56564800
2007-06-22,21.03978729248047,21.474995267715848,21.01124980077067,21.40364949723027,86219900
2007-06-25,21.03978729248047,21.23955517767861,20.961306808865594,21.025517866221875,53905800
2007-06-26,21.061187744140625,21.260954233553086,21.04691832038055,21.08259051897359,48340300
2007-06-27,21.310895919799805,21.367972250559475,20.94703380090427,20.94703380090427,53468600
2007-06-28,21.282360076904297,21.382243329625226,21.175342111730835,21.303764214261893,46055200
2007-06-29,21.02552032470703,21.353710362992544,20.71873578911971,21.310903440018798,71193900
2007-07-02,21.21815299987793,21.26095992180376,21.03978923757821,21.16821136416321,47316000
2007-07-03,21.41791534423828,21.560605500556413,21.246686340172225,21.253821052109206,35202600
2007-07-05,21.396516799926758,21.560611134938203,21.28236410071814,21.43932372192811,47838500
2007-07-06,21.382234573364258,21.432177540079785,21.161064021136582,21.339427676986222,57541000
2007-07-09,21.310895919799805,21.367972250559475,21.268087651124755,21.303761208353965,33831400
2007-07-10,20.92563247680664,21.39651260901324,20.818614512361005,21.189611392525975,66013500
2007-07-11,21.03978729248047,21.15393998093444,20.840019407282327,20.861423546670217,48017000
2007-07-12,21.453584671020508,21.482123514947798,21.004108765621528,21.08972257578944,54302400
2007-07-13,21.275230407714844,21.417921968975797,21.16107770302911,21.360845616632933,42173000
2007-07-16,21.425050735473633,21.574875608479065,21.203878740836277,21.23241758948905,48023200
2007-07-17,21.96014404296875,22.031488449946917,21.410783400069914,21.4179181129292,77539600
2007-07-18,22.060029983520508,22.095702191346742,21.760378811034617,21.767513524761362,64414400
2007-07-19,22.480968475341797,22.716408584126725,22.06716460654382,22.152778449297887,121159300
2007-07-20,22.231258392333984,22.259797246421694,21.967280796059992,22.22412367881206,98292600
2007-07-23,22.25266456604004,22.488104690545043,22.202722927631036,22.373951985379442,48910600
2007-07-24,21.974409103393555,22.45955862503332,21.910198057246692,22.12423533133861,59729300
2007-07-25,21.91019630432129,22.33113474613701,21.66762292371564,22.10996413866322,54950100
2007-07-26,21.389381408691406,21.781782490499666,21.05405803548723,21.57487987923227,87025300
2007-07-27,20.96843719482422,21.403645080247525,20.94703442066052,21.353703459456085,69214600
2007-07-30,20.97557830810547,21.039789371807622,20.65452435040222,20.982713021939876,67499600
2007-07-31,20.683059692382812,21.203881500823403,20.675924979290933,21.196746787731527,66554000
2007-08-01,20.904226303100586,21.082590013402832,20.561768305913976,20.65451819732313,80006300
2007-08-02,21.061187744140625,21.253820882480195,20.70446031498163,20.825747695327976,47938300
2007-08-03,20.661651611328125,21.24668572598424,20.61884470175084,21.011245682098494,61535500
2007-08-06,21.075458526611328,21.075458526611328,20.511828499016108,20.725864425987293,59530500
2007-08-07,21.082590103149414,21.253820463278746,20.725862681026364,20.925630527305838,49163000
2007-08-08,21.403644561767578,21.41077927325168,20.84001460178697,21.20387672263387,52898600
2007-08-09,20.904226303100586,21.474990992552048,20.6331140621963,21.146801057976212,72964500
2007-08-10,20.483291625976562,20.72586642571248,20.16223770454305,20.618848451901307,76576200
2007-08-13,20.426218032836914,20.683062293212313,20.290662549467722,20.647390084074644,55492300
2007-08-14,20.240066528320312,20.683958266050688,20.18994985137434,20.598044352879597,42944100
2007-08-15,20.11835289001465,20.75555294516669,20.082554290211363,20.21858623830995,48117700
2007-08-16,19.910722732543945,20.297339370834504,19.69593662165594,19.960839400712693,81447400
2007-08-17,20.22574234008789,20.22574234008789,19.917881264737645,20.11118957236362,76747700
2007-08-20,20.232898712158203,20.397568117827717,20.10402652839024,20.175622337769827,49952000
2007-08-21,20.09687042236328,20.275859295188855,19.953680143448857,20.11834957870997,50786200
2007-08-22,20.20427131652832,20.27586716656842,20.05392126046364,20.240069924337,44763500
2007-08-23,20.261537551879883,20.283016705782266,20.11834728926038,20.247219481521533,33886600
2007-08-24,20.626678466796875,20.648157624335614,20.096871537699162,20.19710487505968,45158900
2007-08-27,20.39757537841797,20.598043442922847,20.33313926359772,20.48349065337062,32789500
2007-08-28,19.996641159057617,20.397575933399118,19.98232171857974,20.261543980013304,43924400
2007-08-29,20.469167709350586,20.483487146987642,19.91788165051457,20.139827471581988,45753700
2007-08-30,20.368938446044922,20.712596824524745,20.275863448387675,20.347459285298555,33690700
2007-08-31,20.569400787353516,20.705432712070287,20.304498022226703,20.5479229967402,42511900
2007-09-04,20.626678466796875,20.834306226274293,20.39041319617794,20.404732634537098,45689600
2007-09-05,20.39042091369629,20.56940986420046,20.347463947936937,20.512133454662216,47669800
2007-09-06,20.698270797729492,20.769866611858212,20.440526413096727,20.447686131067258,45430800
2007-09-07,20.361770629882812,20.640992780680808,20.27585538663456,20.490642811966953,52160900
2007-09-10,20.39042091369629,20.583729307979347,20.340304226047493,20.526452898441107,37247600
2007-09-11,20.712596893310547,20.726916333855677,20.46201214607878,20.4978093818646,34380800
2007-09-12,20.712596893310547,20.884426083121095,20.6195218953442,20.626681615616764,42364700
2007-09-13,20.877267837524414,20.94886367973027,20.734076153112703,20.848630319988338,35288600
2007-09-14,20.79134750366211,20.84146416806836,20.676793372134945,20.748389192248165,33496600
2007-09-17,20.569400787353516,20.676793837150242,20.490646612476834,20.61235909973358,39536500
2007-09-18,20.712596893310547,20.741234408823797,20.24006627993728,20.54792742377256,77462400
2007-09-19,20.526443481445312,20.69827263122931,20.26153935537621,20.669635122386993,94242200
2007-09-20,20.347463607788086,20.462016424949585,20.290187199207335,20.390420572829324,67168900
2007-09-21,20.512128829956055,20.626681623205233,20.36177880090789,20.540767711056855,135636100
2007-09-24,20.819988250732422,21.199445200450093,20.61952019634965,20.626679916032273,104459800
2007-09-25,21.163646697998047,21.163646697998047,20.841467504280526,20.862945297848885,75621000
2007-09-26,21.120697021484375,21.371281835532713,21.10637757712107,21.24956928959937,60337000
2007-09-27,21.113527297973633,21.278196733416767,21.07773006959964,21.263878661413205,43407100
2007-09-28,21.092058181762695,21.25672906116855,20.92738866793422,21.113537348357557,45819100
2007-10-01,21.314006805419922,21.328326250711537,21.05626225248064,21.09205950013222,43875100
2007-10-02,21.26388168334961,21.371274749310583,21.17080669142702,21.26388168334961,33700900
2007-10-03,21.084896087646484,21.371278096927195,20.970343283934202,21.271043369496095,37633900
2007-10-04,21.271039962768555,21.313998281463395,21.07773299094945,21.16364689718529,37868000
2007-10-05,21.364120483398438,21.471513576775035,21.285364910986207,21.39991772599821,45012300
2007-10-08,21.364120483398438,21.371280205033848,21.192291260880427,21.235248225115612,30265400
2007-10-09,21.550260543823242,21.75788692603249,21.478664721635777,21.500143877965034,63603100
2007-10-10,21.643339157104492,21.743573877555235,21.500148845224498,21.507308565655055,32251500
2007-10-11,21.414226531982422,21.92971394347363,21.32831264618885,21.69344870917642,50788400
2007-10-12,21.600378036499023,21.765047477929688,21.44286831411884,21.500144700945885,31121100
2007-10-15,21.507308959960938,21.714935393945428,21.478670077713662,21.55026591775479,47150500
2007-10-16,21.707780838012695,21.89392952017655,21.643344703203,21.65050442546823,56286200
2007-10-17,22.251901626586914,22.359294701353797,21.9440404774987,22.015636315868964,86092400
2007-10-18,22.309179306030273,22.359295986096004,21.92972229676858,22.352136265289882,49208600
2007-10-19,21.600378036499023,22.25905716779846,21.557421087772934,22.25905716779846,75200200
2007-10-22,21.84380340576172,21.97983533895769,21.564581185770287,21.564581185770287,58785100
2007-10-23,22.123035430908203,22.28054659144361,21.987003437421464,21.987003437421464,49956200
2007-10-24,22.37362289428711,22.40942014468694,21.83665594482422,22.087240794355747,77979200
2007-10-25,22.90341567993164,23.06808647844747,22.545437939328316,22.602714323201777,169588700
2007-10-26,25.079927444458008,25.79588314866661,24.74343012066487,25.78156370684393,288121200
2007-10-29,24.750581741333008,25.26607058206737,24.664667844928456,24.951048409994808,114655600
2007-10-30,25.466533660888672,25.480853096796505,24.593067188582733,24.607386624490566,107297300
2007-10-31,26.354324340820312,26.490354909844747,25.42357995636232,25.430741041189393,185635800
2007-11-01,26.53330421447754,26.84116520980308,26.03213496177415,26.15384605096426,152078800
2007-11-02,26.53330421447754,26.8483235610455,26.07509053153409,26.647856952425226,96389800
2007-11-05,26.297039031982422,26.56194174025436,26.22544459120174,26.318516817986055,75485400
2007-11-06,26.067934036254883,26.246922872738683,25.68131749397317,26.196806217015453,100966700
2007-11-07,25.430742263793945,25.888953393224757,25.380625592209558,25.80303948924492,74897800
2007-11-08,24.872303009033203,25.70281153814331,24.62887795406191,25.488022636403564,133742400
2007-11-09,24.14918327331543,24.72910832166143,24.09190824263842,24.471363855729873,125136900
2007-11-12,23.898605346679688,24.134869340261353,23.640860821932684,23.855647015503646,84865200
2007-11-13,24.753400802612305,24.90424791939228,23.977613673326875,24.09254520137597,104311500
2007-11-14,24.37268829345703,24.96171266076987,24.243389994272892,24.868329946873878,84063100
2007-11-15,24.250572204589844,24.494802022712943,24.099725101091806,24.250572204589844,64014100
2007-11-16,24.48761749267578,24.609731019133832,24.214654137992202,24.3224036238414,71113800
2007-11-19,24.394241333007812,24.595373577881293,24.32959217218848,24.394241333007812,63026200
2007-11-20,24.839609146118164,25.119754660667905,24.494811715704277,24.588194467282396,100009400
2007-11-21,24.588199615478516,24.947361168857142,24.55228400817769,24.71031596852355,89518700
2007-11-23,24.501991271972656,24.739036372291533,24.214661054426823,24.68157197289279,33467200
2007-11-26,23.683101654052734,24.688751847615237,23.654368086760833,24.487622356939497,80335000
2007-11-27,23.74775505065918,24.135647317624997,23.47479159301456,23.89860219560057,84178400
2007-11-28,24.20748519897461,24.3439655799763,23.63282735767179,23.97762206245348,88585000
2007-11-29,24.128463745117188,24.372693614655283,23.92733423144491,24.121281722564937,53633600
2007-11-30,24.135643005371094,24.50917115957265,23.841130791121532,24.365506063313003,71027800
2007-12-03,23.647186279296875,24.164379594433484,23.474790334374095,24.063814836531172,61770600
2007-12-04,23.53944206237793,23.877054706547636,23.438877293523404,23.517893251961798,54801500
2007-12-05,24.530723571777344,24.796502228127917,23.726200100373834,23.805216043117387,84894700
2007-12-06,24.818050384521484,24.86115073584883,24.32959069688016,24.60973613004837,49209700
2007-12-07,24.803691864013672,24.925808196698565,24.581013491764033,24.861159018261795,40771000
2007-12-10,24.96889305114746,25.105376102586234,24.760581574006697,24.88269510404841,36083500
2007-12-11,24.494800567626953,25.13411000957727,24.372687035911188,24.947344591421736,55070700
2007-12-12,24.760589599609375,25.205949000855192,24.372694601660978,24.86115436051802,63345400
2007-12-13,25.2993221282959,25.46453599276837,24.624097149810037,24.76776221375489,73913200
2007-12-14,25.363983154296875,25.744693422975942,25.148484087316422,25.177217661605077,71126200
2007-12-17,24.703128814697266,25.234689067988807,24.681580000437112,25.162855120146748,58121200
2007-12-18,24.95453643798828,25.141299168991193,24.573823472961195,24.88270251053782,52791800
2007-12-19,24.990453720092773,25.241865632695582,24.69594144810762,24.918619787788874,58469100
2007-12-20,25.514827728271484,25.70877522482589,25.198766663618485,25.349613803099405,59345000
2007-12-21,25.902721405029297,25.902721405029297,25.680040348409005,25.787789865524896,83240500
2007-12-24,26.276241302490234,26.37680602530227,25.895528471609158,25.95299559332071,29622600
2007-12-26,26.29779815673828,26.319346963887845,26.046383532529315,26.15413304864516,30252400
2007-12-27,25.83806610107422,26.25469180517649,25.816514558663425,26.111026729899244,33311100
2007-12-28,25.945823669433594,26.02483963078769,25.622577800341638,25.93145688189789,33447200
2007-12-31,25.57229232788086,25.852440540740712,25.51482792485765,25.78779137472447,35229700
2008-01-02,25.2993221282959,25.830879302653727,25.14129028393824,25.708765779419668,63004200
2008-01-03,25.40707015991211,25.60820235571078,25.04072683144368,25.299323411625313,49599600
2008-01-04,24.695940017700195,25.284964527553754,24.48762573636111,25.277779764647345,72090800
2008-01-07,24.86115264892578,24.997632995022208,24.602556001430205,24.81805229428184,80164300
2008-01-08,24.027894973754883,24.932980374244625,23.991979386626117,24.932980374244625,79148300
2008-01-09,24.739038467407227,24.81087239796922,23.956066435479237,23.96325119862757,74305500
2008-01-10,24.66002082824707,24.78213437800992,24.26494113152308,24.674384871597237,72446000
2008-01-11,24.35832977294922,24.59537764858112,24.221849406490648,24.523543713457315,55187900
2008-01-14,24.703128814697266,24.83242718062805,24.480450426849195,24.753411208094246,52792200
2008-01-15,24.422975540161133,24.69593897521447,24.422975540161133,24.444524347602375,61606200
2008-01-16,23.869863510131836,24.171560475573873,23.35267027805046,24.006343839627224,120778500
2008-01-17,23.783662796020508,24.27930442588605,23.68309806591881,24.092541747151948,94247800
2008-01-18,23.711835861206055,24.422976682040634,23.683105030002462,23.819585383818147,117062000
2008-01-22,22.957597732543945,23.36704153968738,22.62716987768858,22.655903449463192,108521400
2008-01-23,22.93604278564453,23.022240737715784,22.296736055764384,22.61279704014797,137597400
2008-01-24,23.884225845336914,23.963241767765837,23.072520560635073,23.23773442563046,155640400
2008-01-25,23.661558151245117,25.141304487550293,23.611275761484794,25.06947328508833,196992300
2008-01-28,23.503515243530273,23.776475845761478,23.2880162815182,23.71901146535922,81019000
2008-01-29,23.417322158813477,23.625636428234245,23.23774145900606,23.596902858620894,68023000
2008-01-30,23.12999153137207,23.560984056106104,23.02224203009674,23.38858814228595,106432600
2008-01-31,23.417322158813477,23.517889652460205,22.785198698331854,22.921680413811252,103642200
2008-02-01,21.8729305267334,23.88423388478362,21.729265413976076,22.311106517468335,291138900
2008-02-04,21.686166763305664,22.066876988839258,21.628700991333115,21.901663065679696,119998600
2008-02-05,20.881649017333984,21.506590618998068,20.7523506604316,21.485040436150214,137534100
2008-02-06,20.4865665435791,21.08277441157515,20.321352628733788,21.0324920348911,138315600
2008-02-07,20.19923973083496,20.67333271598137,20.041207822391396,20.357270269186383,164964900
2008-02-08,20.515296936035156,20.888825087203976,20.28543387995954,20.321350838778784,124872000
2008-02-11,20.263885498046875,20.551215713662362,20.04838920642727,20.486566552158077,156814100
2008-02-12,20.357269287109375,20.558400174474514,20.19205536360877,20.421918451973454,84365900
2008-02-13,20.802621841430664,20.86727098504755,20.49374427426198,20.558393417878868,88986200
2008-02-14,20.47219467163086,20.86008954410576,20.44346110918457,20.74515666441227,69113500
2008-02-15,20.41473388671875,20.572764408370265,20.29261895677694,20.33571794084699,68166100
2008-02-19,20.313783645629883,20.79693013322412,20.241671962699293,20.768084909885502,68261200
2008-02-20,20.34983253479004,20.378677749248798,20.133498928011463,20.29935478490274,93056200
2008-02-21,20.26329803466797,20.883454966760677,20.162341167487195,20.63827754038988,98776500
2008-02-22,19.96043586730957,20.472426150373803,19.614301475202836,20.364259324767424,125705400
2008-02-25,20.07581329345703,20.36425861008974,19.816211820779714,19.938801252275585,109974300
2008-02-26,20.465211868286133,20.81134758545771,19.953221659699054,20.003699412611514,108923500
2008-02-27,20.378677368164062,20.681545237239703,20.263299263317673,20.328199619220705,75199500
2008-02-28,20.140705108642578,20.38588386751632,20.04695956091223,20.205605449251227,83002900
2008-02-29,19.61429786682129,20.068599000958027,19.484497149806344,19.967643499019985,117411400
2008-03-03,19.462865829467773,19.751311141557913,19.376332923548603,19.64314432145108,76544300
2008-03-04,19.89553451538086,19.924378358925598,19.441231944663485,19.484499773104208,86925600
2008-03-05,20.27772331237793,20.486845626503445,19.974855421763085,20.01091056631092,106489800
2008-03-06,19.881105422973633,20.313773938384006,19.83062768166856,20.234450987524436,91127700
2008-03-07,20.097444534301758,20.24166648572352,19.700831073206864,19.715253680973714,77597600
2008-03-10,20.22723960876465,20.378674207523396,20.01090603958391,20.068595083059794,72175100
2008-03-11,21.114213943481445,21.15748038920185,20.465210380597853,20.479632987643157,98740700
2008-03-12,20.645484924316406,21.26564315541573,20.58058595576009,21.222376717906435,75993800
2008-03-13,20.638273239135742,20.90508451902775,20.306560245386738,20.580584202233542,84552200
2008-03-14,20.162343978881836,20.91951439894649,19.931587751004628,20.710390707798012,105214900
2008-03-17,20.407522201538086,20.717601389209978,19.67198709113878,19.68640832338599,84490100
2008-03-18,21.215173721313477,21.258440175761223,20.67433822676138,20.67433822676138,83695300
2008-03-19,20.638273239135742,21.337752983501826,20.638273239135742,21.18631840199909,61442100
2008-03-20,21.042104721069336,21.070948563085544,20.616647391858848,20.724814206397046,60170200
2008-03-24,21.03489112854004,21.200746984484553,20.955568164646788,21.1502692348854,48294700
2008-03-25,21.01325225830078,21.179109450515426,20.8690303471159,21.150264243029333,49149000
2008-03-26,20.595014572143555,20.96278286143023,20.465213837640523,20.933939017882746,45868100
2008-03-27,20.22723960876465,20.544530035589645,20.191184472372953,20.53731873322825,47894400
2008-03-28,20.126285552978516,20.501265049855927,20.068596505413943,20.357041743236802,49244000
2008-03-31,20.465211868286133,20.616646502439128,20.075811077664575,20.104654918436434,46780600
2008-04-01,21.272857666015625,21.301702878982525,20.64548803814016,20.789711352143737,65796200
2008-04-02,21.027681350708008,21.330549245694158,20.91230323599096,21.32333794159739,49499400
2008-04-03,20.91229820251465,21.143054376406987,20.768074906124294,20.91229820251465,38961400
2008-04-04,21.027681350708008,21.099793016260065,20.724813455721858,21.006047438417706,43860800
2008-04-07,21.027681350708008,21.337760549790925,20.933937148281267,21.308915333403853,44428600
2008-04-08,20.73202896118164,20.91230747388757,20.580595670708295,20.869041015954597,44733500
2008-04-09,20.832979202270508,20.941147382781573,20.580590448852817,20.710389789718107,45839300
2008-04-10,20.99162483215332,21.20074713561419,20.76807854602706,20.78971245690185,65591600
2008-04-11,20.39309310913086,20.91950570718565,20.34261400176742,20.81855024328885,54373700
2008-04-14,20.234458923339844,20.414737427513547,20.140714706352487,20.364259666411442,43418100
2008-04-15,20.371463775634766,20.53731961078804,20.21281924315103,20.2777195917615,34310000
2008-04-16,20.87624740600586,20.948357693776472,20.46521133846926,20.60222336098146,54107400
2008-04-17,21.070951461791992,21.157485750576374,20.840195192254786,20.998841159123508,48743300
2008-04-18,21.63341522216797,21.70552688132496,21.352181264412742,21.640626525625215,73658900
2008-04-21,21.93628692626953,22.06608766036713,21.719953286384023,21.77043104399626,54411700
2008-04-22,21.81369400024414,22.138195783471833,21.611781626745188,22.094927962097792,67387500
2008-04-23,22.67902946472168,22.686239392325767,21.84974749787937,21.95791566775648,98351500
2008-04-24,22.931425094604492,23.14775874863411,22.469912565786196,22.808835657210153,115416700
2008-04-25,21.510831832885742,21.914655311571686,21.34497593320957,21.669476427086963,145194900
2008-04-28,20.905088424682617,21.518035415918593,20.78249902643542,21.489190204370836,97473000
2008-04-29,20.652700424194336,20.840190192062813,20.51568978166453,20.76807853128024,84428900
2008-04-30,20.566165924072266,21.06373345620798,20.558954621016113,20.724810465061353,74733600
2008-05-01,21.200746536254883,21.265646891628954,20.53732175108755,20.551744357929675,71699400
2008-05-02,21.085365295410156,21.359389282981116,20.811342683254484,21.337755375936478,66024200
2008-05-05,20.969987869262695,21.799268409617085,20.90508752149958,21.582934834016925,119687700
2008-05-06,21.41707992553711,21.53245802089308,20.86182198200187,20.912299726793186,93582000
2008-05-07,21.063730239868164,21.734366192117506,20.969986065283354,21.409865856632965,88775000
2008-05-08,21.107004165649414,21.19353706334513,20.912303082710636,21.114215469693324,69589900
2008-05-09,21.193540573120117,21.308918706098776,20.876251395136723,21.063739829665163,51621200
2008-05-12,21.626205444335938,21.67668319668215,21.16469299383849,21.200748138252752,64278800
2008-05-13,21.553829193115234,21.807147096242076,21.37288704489375,21.713057786577682,70934700
2008-05-14,21.66239356994629,21.901237143367055,21.517639303427462,21.633442164450923,66730400
2008-05-15,22.038753509521484,22.096654939904507,21.669631373150107,21.69858139810212,53355800
2008-05-16,21.705825805664062,22.060472346440264,21.65516221133595,22.053234492896333,81538200
2008-05-19,21.32222557067871,21.6334463373912,21.213660540087655,21.618972012330516,59615000
2008-05-20,20.81558609008789,21.213658286798776,20.721495394551717,21.206420434797597,75767600
2008-05-21,20.44646453857422,21.02547891136873,20.40303880573442,20.851774599530376,60125100
2008-05-22,20.605693817138672,20.772161662658522,20.395801617843766,20.468178761920328,52203100
2008-05-23,20.30170440673828,20.504360069076068,20.22932866634792,20.45369649861131,48890700
2008-05-27,20.5839786529541,20.6274043809061,20.301707970068612,20.345135078499613,47334500
2008-05-28,20.39579963684082,20.678068952796036,20.294472473262857,20.670831101043458,52318500
2008-05-29,20.489885330200195,20.75768027583736,20.366844633093198,20.41750820593511,47699200
2008-05-30,20.497127532958984,20.77216038747,20.410276069782224,20.540553264547363,63399200
2008-06-02,20.120763778686523,20.526075133253308,19.939821653408842,20.439222305709322,77028400
2008-06-03,19.766115188598633,20.489883609511583,19.737165169611043,20.200376517242145,86616700
2008-06-04,19.932584762573242,20.00496050677385,19.686503366950447,19.74440479059823,79567400
2008-06-05,20.482650756835938,20.482650756835938,19.976013566878866,20.06286502550966,76063400
2008-06-06,19.89639663696289,20.388559456085492,19.89639663696289,20.25828090037905,78500800
2008-06-09,20.05562400817871,20.20037825701989,19.75887904048524,20.012198285717886,66787100
2008-06-10,20.185909271240234,20.475417865232753,19.773361319423973,19.80231273101494,77433900
2008-06-11,19.628602981567383,20.22209295046983,19.621365130668703,20.156953672860645,59330800
2008-06-12,20.439218521118164,20.663586328383744,19.67926228785938,19.831252982319693,113996300
2008-06-13,21.03995704650879,21.40184141643286,20.62740908567204,20.7214984144414,131969100
2008-06-16,20.93861961364746,21.068898143915636,20.72872611922015,21.003758878781547,74718900
2008-06-17,20.844532012939453,21.076139089932028,20.837295542842387,21.018237665803593,44256700
2008-06-18,20.598447799682617,20.88795626123086,20.598447799682617,20.663587065483107,49677800
2008-06-19,20.93861961364746,21.126799559537197,20.504358306246424,20.66358685408606,62037800
2008-06-20,20.431982040405273,20.931382633686987,20.337892753790978,20.916906934060574,97480400
2008-06-23,20.243803024291992,20.562261528429058,20.113525863056555,20.482646557275103,57145300
2008-06-24,20.07009506225586,20.272750687616142,19.910866529780392,20.20761142876743,65218300
2008-06-25,20.518831253051758,20.750436884472414,20.091807852440496,20.127995714670554,64280200
2008-06-26,20.08458137512207,20.410277841504936,20.08458137512207,20.287237107591324,67049100
2008-06-27,19.997718811035156,20.20037444507457,19.874678136882398,20.03390805665571,73450200
2008-06-30,19.910871505737305,20.251042202143235,19.896395804491387,20.070100078005833,57830500
2008-07-01,19.447654724121094,19.816775340320596,19.13643413591348,19.737161766472894,100327800
2008-07-02,18.731128692626953,19.541750042543164,18.731128692626953,19.469372914437965,84669000
2008-07-03,18.803510665893555,18.890363518095228,18.52847916480022,18.796272813170145,37074500
2008-07-07,18.839698791503906,19.10025457141162,18.41991302225791,18.897600229314417,71527600
2008-07-08,18.709415435791016,18.96273467923275,18.463334042788052,18.76731685882237,65553200
2008-07-09,18.260677337646484,18.709414376081945,18.22448946798114,18.665988656387782,54255800
2008-07-10,18.41991424560547,18.579142865039657,18.079742067957113,18.23897206787056,57830600
2008-07-11,18.275156021118164,18.5574253159287,18.000124577518022,18.210016740703583,69532600
2008-07-14,18.202777862548828,18.680464971653475,18.14487643661126,18.441621417101153,51216200
2008-07-15,18.926549911499023,19.281196384155923,18.043552655933627,18.043552655933627,92719300
2008-07-16,19.72992706298828,19.751640612305437,18.76007728114781,18.912067984931813,82060400
2008-07-17,19.918107986450195,20.200377238937644,19.621363033712424,19.9615337067224,96526100
2008-07-18,18.71665382385254,19.15815166946878,18.173827449661726,19.078538073313084,150277000
2008-07-21,18.55742073059082,18.94101846708506,18.477807147906073,18.57189642943482,77575600
2008-07-22,18.67323112487793,18.774559677355313,18.441625371465364,18.485052485589605,88657200
2008-07-23,19.12920379638672,19.42594880384318,18.709418075071795,18.71665592653159,79408800
2008-07-24,18.41267204284668,18.941022745694795,18.41267204284668,18.883121317718,81092600
2008-07-25,18.93378448486328,18.9772102097863,18.45609736927334,18.557424520920023,58682300
2008-07-28,18.45609474182129,18.89759392053569,18.34029190485992,18.86140467118607,59707800
2008-07-29,18.897592544555664,18.955493958820405,18.38371628503732,18.470569096673735,66368200
2008-07-30,18.98444938659668,19.172629381711157,18.74560581212042,18.9627372128582,51977700
2008-07-31,18.615327835083008,19.02063924372275,18.608089983448828,18.70941852584829,60461000
2008-08-01,18.41267204284668,18.781794163878345,18.144877075654673,18.760080610707444,82720200
2008-08-04,18.296871185302734,18.49228766326874,18.173830464853502,18.376484794667,60588300
2008-08-05,18.969966888427734,19.020631830119495,18.45609204700359,18.557419169430098,84297600
2008-08-06,19.556232452392578,19.65755963820953,19.093019501916434,19.346338846938185,95550000
2008-08-07,19.824018478393555,20.084575576271384,19.346331385936757,19.46937208432586,82565800
2008-08-08,20.359609603881836,20.43198673817633,19.679268130759002,19.795070993438593,80814100
2008-08-11,20.19314193725586,20.555026206312338,20.019437653766218,20.164191913580385,68743800
2008-08-12,20.352373123168945,20.526077417105416,19.961537426452622,20.106291694972523,62813000
2008-08-13,20.200374603271484,20.627398041588265,20.091809626516735,20.316177429207027,51165200
2008-08-14,20.200374603271484,20.46816950104654,19.94705540385802,20.135235341122918,49732300
2008-08-15,20.128005981445312,20.374087435469153,19.961539521511288,20.25104670845723,47267400
2008-08-18,20.041147232055664,20.301702915373795,19.939818718090994,20.106286498004863,38078200
2008-08-19,19.852218627929688,20.164680566574706,19.815886424545962,20.0120836491814,40332900
2008-08-20,19.830425262451172,20.04115459425566,19.743226010197013,20.01208910082767,41497200
2008-08-21,19.750492095947266,19.78682430806206,19.517962612048485,19.692359724972572,43614200
2008-08-22,20.230079650878906,20.259145136402484,19.77955284439333,19.786819562270402,47930400
2008-08-25,20.09928321838379,20.230081379377346,19.953951620394317,20.062951011878837,51381300
2008-08-26,19.81589126586914,20.142885334166436,19.74322545536361,20.04115403104973,44774400
2008-08-27,20.026611328125,20.193743030773813,19.71414945767496,19.866747727748326,33975300
2008-08-28,20.30274772644043,20.3536133713144,20.05568483477982,20.062951553473944,48372600
2008-08-29,19.830425262451172,20.186486219350893,19.830425262451172,20.113820406803278,50735500
2008-09-02,19.692354202270508,20.17194647480681,19.66328733194241,20.106547402553254,66079200
2008-09-03,19.547021865844727,19.7504857923104,19.503422948025158,19.619687652867082,57127700
2008-09-04,19.147361755371094,19.539754780321882,19.147361755371094,19.430756794834696,66141900
2008-09-05,18.638704299926758,19.052897513216397,18.624170864306315,18.91483403277632,82305200
2008-09-08,18.980236053466797,19.13283299321559,18.653240631169496,19.045633751941335,62110800
2008-09-09,18.9657039642334,19.329031621073177,18.92937036695841,19.038369772798358,85735700
2008-09-10,19.21276092529297,19.517956117859104,19.07469607042185,19.27089327692535,75064900
2008-09-11,19.86676025390625,19.953958132369095,18.914841995772697,18.965707655873572,72913300
2008-09-12,20.070215225219727,20.157413064341537,19.576089516913925,19.721419710778495,75628500
2008-09-15,19.4888973236084,19.975756489987223,19.42349822767802,19.561563139751613,82349400
2008-09-16,18.885766983032227,19.24909455420095,18.544239565088112,18.95843277446291,111729700
2008-09-17,17.85391616821289,18.79856866064868,17.80305053130955,18.696836000857346,106972100
2008-09-18,18.35530662536621,18.420705690374596,17.44698781801031,18.021044583547297,132291300
2008-09-19,18.282649993896484,19.18370253544477,17.07640212488949,19.161903760188206,134926100
2008-09-22,18.45704460144043,19.1255675422478,18.398912232065225,19.05290173403254,105207700
2008-09-23,18.486106872558594,19.016564784170406,18.413441082450955,18.64597050200766,92181300
2008-09-24,18.6895694732666,18.958432481611588,18.500638972859115,18.587838198425903,80250300
2008-09-25,19.33629035949707,19.53248615986235,18.704099887698323,18.76223223335923,96203500
2008-09-26,19.910356521606445,20.026621267946926,18.994770604686323,19.016570764369575,100744300
2008-09-29,18.17365074157715,20.099287170675055,18.17365074157715,19.576095809806166,134383100
2008-09-30,19.394428253173828,19.394428253173828,18.558775025505202,18.72590539384196,107192700
2008-10-01,19.241832733154297,19.61242711637406,19.09650249929373,19.169166923231494,88957000
2008-10-02,19.07469940185547,19.278163361096468,18.675039587829573,19.023833758541425,93819800
2008-10-03,19.125564575195312,19.96121777506886,19.067432214838494,19.16189816665882,114289400
2008-10-06,18.100975036621094,18.885762342052846,17.541450381882285,18.624166111580813,146374600
2008-10-07,16.880205154418945,18.318982560240073,16.81480605542842,18.151852145479943,145941200
2008-10-08,16.720338821411133,17.65772344902878,16.349744447613688,16.640406293929818,171598600
2008-10-09,16.204410552978516,17.37432587913355,16.037280188094886,17.272594593723483,131948700
2008-10-10,15.62308120727539,16.240738183364535,15.005424231186247,15.833811805111107,228467500
2008-10-13,18.529708862304688,18.529708862304688,16.44420768640018,16.611339447134196,144935400
2008-10-14,17.51238441467285,18.69683136268564,17.149056942940984,18.631432306895157,165674900
2008-10-15,16.46600914001465,17.62139118862163,16.335210963042538,17.27986369340501,113280200
2008-10-16,17.577787399291992,17.577787399291992,15.485019918208693,16.669468516943073,161147800
2008-10-17,17.388856887817383,18.246310133643064,16.938330112795803,17.127260606451006,133673100
2008-10-20,17.96291732788086,17.984717484392263,16.72033751241378,17.585057650244174,93484300
2008-10-21,16.974668502807617,18.17364948836029,16.90926941396065,17.657723497010345,100385600
2008-10-22,15.644883155822754,16.7566644548126,15.187089714839727,16.742132407689947,150054800
2008-10-23,16.21893882751465,16.41513600348887,15.179821991041237,15.659414163877523,154774100
2008-10-24,15.957353591918945,16.611344629280648,15.223432780631398,15.303363940542573,153919700
2008-10-27,15.390557289123535,15.957347455565666,15.2742925685208,15.74661816921751,117683900
2008-10-28,16.785734176635742,16.86566530035395,15.506820951312717,15.724816941067392,134088800
2008-10-29,16.71306610107422,17.417920998556404,16.495070141106186,16.807530647464496,111701800
2008-10-30,16.44420623779297,17.352525219654783,16.269809159593674,17.214461732320824,95323000
2008-10-31,16.22620964050293,16.64766957716594,16.073612722428177,16.371541226656266,93055200
2008-11-03,16.436941146850586,16.64767043302333,16.139011241321185,16.33520847691928,61923500
2008-11-04,17.09819984436035,17.192664424280572,16.618607453413066,16.807536613253507,72123000
2008-11-05,16.044544219970703,16.960129793309537,16.022744068468143,16.952863076142016,81179700
2008-11-06,15.17255687713623,16.044543493999544,15.158024829443306,15.89194659833995,95509700
2008-11-07,15.62308120727539,15.65214807014279,15.259753737338754,15.492283096340714,71256300
2008-11-10,15.477754592895508,15.964613613061843,15.39782346652937,15.877415768665191,67106800
2008-11-11,15.405092239379883,15.477756657407907,15.107163690313195,15.47049132439305,78014500
2008-11-12,14.751102447509766,15.259761726107357,14.736570394452572,15.179829197360155,90162300
2008-11-13,15.44141674041748,15.44141674041748,13.61751276146653,14.642096067246081,148413700
2008-11-14,14.576704978942871,15.506824265025283,14.278776415819795,14.940032630164673,96624500
2008-11-17,14.038975715637207,14.707498434762053,13.91544429842986,14.344170900150388,97289000
2008-11-18,14.35355281829834,14.382815196076866,13.717079705976678,14.265762894215746,108966500
2008-11-19,13.3805570602417,14.594975953979072,13.351293281899231,14.360869913360585,103010500
2008-11-20,12.824563026428223,13.78292982948054,12.80261518377842,13.256194164254126,139532800
2008-11-21,14.397451400756836,14.41208329172127,13.153768576258441,13.183032358187308,157231900
2008-11-24,15.1363525390625,15.319247079279483,14.53645867041073,14.551089173143387,125289900
2008-11-25,14.624241828918457,15.311925435059996,14.30234716715819,15.260715206106472,92948100
2008-11-26,14.990028381347656,15.129028548737091,14.434029107163783,14.434029107163783,79678300
2008-11-28,14.79250431060791,14.858346431790993,14.646189571047563,14.799820256892039,28650800
2008-12-01,13.614664077758789,14.594978497065249,13.607348131898412,14.543766876042616,79639900
2008-12-02,14.009712219238281,14.126764535792725,13.578081278678638,13.892659902683837,79689800
2008-12-03,14.536450386047363,14.558396825326318,13.607346316354162,13.643924645401626,80961500
2008-12-04,13.980451583862305,14.573029184850327,13.746346921515126,14.192608410849237,78719200
2008-12-05,14.536450386047363,14.616922989026545,13.512240428232662,13.83413502627082,91996200
2008-12-08,15.370450019836426,15.546028527525964,14.733976708509651,14.887608774846711,107225000
2008-12-09,15.070500373840332,15.546025583192668,14.968078550555786,15.085132262220078,80484900
2008-12-10,15.07781982421875,15.333870953537923,14.851029687716053,15.231450501810254,61499000
2008-12-11,14.229191780090332,14.719349065658527,14.126769917556091,14.712033118665065,83564300
2008-12-12,14.163344383239746,14.521817280308998,13.680503224299636,14.009712344282242,78112600
2008-12-15,13.929250717163086,14.22188174160458,13.819512862044583,14.148723636650509,59925900
2008-12-16,14.712030410766602,14.763240634920855,13.89997858382356,14.053609256286322,97688700
2008-12-17,14.382821083068848,14.66813601121509,14.265768733297358,14.492557486557857,78922700
2008-12-18,14.119451522827148,14.646188452048005,13.892662786842596,14.529136111193141,80759200
2008-12-19,13.987767219543457,14.485238918339157,13.980451274585219,14.20723998679527,113530400
2008-12-22,14.031664848327637,14.112138866732531,13.819506579941699,14.075559133196599,58575400
2008-12-23,14.10482406616211,14.31698095641344,13.907297675139846,14.10482406616211,47511400
2008-12-24,14.024349212646484,14.229191538868141,13.973138979934618,14.090191339097224,16880400
2008-12-26,13.99508285522461,14.141398974996651,13.965820468494561,14.046294473906578,23101000
2008-12-29,13.870709419250488,14.053603803335797,13.63660483088104,14.009709541859879,58512800
2008-12-30,14.148716926574707,14.258453334275565,13.899980324919895,13.907296271483169,43224100
2008-12-31,14.221866607666016,14.397445035492348,14.0974983802007,14.126760753818436,46419000
2009-01-02,14.872974395751953,14.924184610839905,14.170660482476526,14.287712801355763,50084000
2009-01-05,15.011974334716797,15.12171070768758,14.675447876182885,14.777869700279478,61475200
2009-01-06,15.187554359436035,15.363132853170264,15.07781797527387,15.180238414442046,58083400
2009-01-07,14.273080825805664,14.843711923400136,14.25113299288421,14.770553875702326,72709900
2009-01-08,14.719346046447754,14.770556269523604,14.302345525600286,14.36087169416896,70255400
2009-01-09,14.280402183532715,14.851032102068078,14.199928161021633,14.75592758077026,49815300
2009-01-12,14.243818283081055,14.477924335078628,14.119450009827958,14.41939677554887,52163500
2009-01-13,14.499870300292969,14.624238569478452,14.280397540729773,14.280397540729773,65843500
2009-01-14,13.965815544128418,14.397446410350968,13.90728939593079,14.287710056902094,80257500
2009-01-15,14.07555866241455,14.119452945815391,13.548823075482142,13.951190363300412,96169800
2009-01-16,14.419400215148926,14.565716358127897,14.00971696833162,14.360874037032168,79634100
2009-01-20,13.519560813903809,14.35356066479428,13.43908818449168,14.236506903571222,89873000
2009-01-21,14.17797565460205,14.229187267314556,13.50492409377775,13.804872243884482,68340900
2009-01-22,12.517295837402344,13.30008381216968,12.488032057416284,13.204977922588812,222436600
2009-01-23,12.58314037322998,12.795297237540874,12.25392976177882,12.414876396613776,117020600
2009-01-26,12.897714614868164,13.02939882798559,12.605083805370425,12.648979473325412,92476500
2009-01-27,12.91966724395752,13.146456031068809,12.75140464046767,13.007457217076821,61695000
2009-01-28,13.197657585144043,13.39518243193027,12.99281540119648,13.022077772975722,64145500
2009-01-29,12.868451118469238,13.139134070575093,12.846503286390258,13.007451264222151,49192800
2009-01-30,12.509978294372559,13.014767271659375,12.509978294372559,12.978187551349517,62370900
2009-02-02,13.044032096862793,13.26350487835447,12.436822579670316,12.45877041596905,88871700
2009-02-03,13.534188270568848,13.614662268967525,12.875768579724044,13.058663015812812,86865100
2009-02-04,13.629291534423828,13.899975889392202,13.534187050197671,13.563450827112602,75618000
2009-02-05,13.929250717163086,14.002407426742366,13.35130322293819,13.54151373766886,75195200
2009-02-06,14.382821083068848,14.580347446573512,13.943874073738728,14.017032141189427,86746000
2009-02-09,14.221866607666016,14.463287120348886,14.09018243795294,14.368181266501306,52196400
2009-02-10,13.753657341003418,14.485234888830693,13.680500702519439,14.082867795675066,83953200
2009-02-11,14.053611755371094,14.25845408378817,13.841454875380373,13.856086769276066,58599000
2009-02-12,14.090191841125488,14.134086128531857,13.56345620612636,13.878033560475275,75323200
2009-02-13,13.965815544128418,14.243814399223794,13.929237224769942,14.097499726416443,47416000
2009-02-17,13.324979782104492,13.626983078475428,13.177660484144594,13.619616973083339,75853300
2009-02-18,13.347088813781738,13.590164867106704,13.258696883053535,13.420747116956154,54946900
2009-02-19,13.192389488220215,13.538587927851381,13.118729857144904,13.479660503979256,49195600
2009-02-20,13.258692741394043,13.398646002603527,13.008250654994603,13.089276449106668,69413800
2009-02-23,12.67678165435791,13.369180385278202,12.639952517529375,13.273423786559098,70803400
2009-02-24,12.647315979003906,12.779903091744714,12.050675376611498,12.544193293512711,122674500
2009-02-25,12.492629051208496,12.698875802456758,12.124332184298702,12.529459580864106,105894600
2009-02-26,12.09487247467041,12.581024359607131,12.09487247467041,12.558926035767666,83219500
2009-02-27,11.89599323272705,12.168533640379666,11.85916409342284,11.99911735167373,93428000
2009-03-02,11.630816459655762,11.969649646992528,11.579255116736235,11.756037466006562,80602100
2009-03-03,11.69710922241211,11.962282728321298,11.520326885139317,11.807598710060528,80476600
2009-03-04,11.873895645141602,12.080141061583914,11.704478663467071,11.873895645141602,69285100
2009-03-05,11.24779224395752,11.697114392058877,11.24779224395752,11.682382172873156,89708500
2009-03-06,11.255151748657227,11.505593723710795,10.953148438435159,11.30671378629623,92821400
2009-03-09,11.159398078918457,11.593988622491661,11.122568943337596,11.196227916970052,66479100
2009-03-10,12.139065742492676,12.242189832024724,11.23305568659576,11.321446860161025,95184200
2009-03-11,12.603123664855957,12.669417236595214,12.102239525022249,12.249557480599398,84522200
2009-03-12,12.529459953308105,12.551558271758354,12.139064757000268,12.529459953308105,93694100
2009-03-13,12.264286994934082,12.558924246100124,11.918088400431635,12.507362902763722,82965800
2009-03-16,11.969649314880371,12.492630241343376,11.962283208247502,12.389507558365585,67028900
2009-03-17,12.448436737060547,12.448436737060547,11.97701708655,12.021212327550018,62481000
2009-03-18,12.492629051208496,12.684143590594514,12.227456262393359,12.54419179272635,70710700
2009-03-19,12.625215530395508,12.85356058826531,12.463165422662309,12.794633148640422,58994600
2009-03-20,12.566292762756348,13.000883318417939,12.433705623070912,12.757807363975143,81725500
2009-03-23,13.50177001953125,13.693284657283538,12.750443687951144,12.794640346238284,71600000
2009-03-24,13.207132339477539,13.41337778677954,13.140838758575685,13.288158139455748,50044100
2009-03-25,13.170295715332031,13.487031254630862,12.905122919010642,13.243955371787285,73927100
2009-03-26,13.870062828063965,13.906891960416322,13.34708184296551,13.383910975317868,63775100
2009-03-27,13.35444450378418,13.715376689374487,13.295517058064744,13.656449243655052,47670400
2009-03-30,12.875659942626953,13.081906722910814,12.720975911119995,13.067174508974556,49633000
2009-03-31,13.531230926513672,13.840600429064217,13.096640401384539,13.133469535402368,92423300
2009-04-01,14.223628997802734,14.260459538828698,13.391278439796741,13.428107575881219,96438900
2009-04-02,14.208905220031738,14.650860691588399,13.995292191162797,14.363589354088134,99082300
2009-04-03,13.811128616333008,14.105765745826648,13.575418912738096,14.091033538116802,81858400
2009-04-06,13.818502426147461,13.818502426147461,13.457571565625203,13.65645226579301,47476100
2009-04-07,13.818502426147461,14.098407504021772,13.722744427574174,13.818502426147461,65815200
2009-04-08,14.135234832763672,14.451970378499196,13.96581719799136,13.973183304280687,56408900
2009-04-09,14.488802909851074,14.510901233912133,14.157335073642464,14.32675274822767,55759600
2009-04-13,14.429869651794434,14.621384168536588,14.267819555293018,14.503529297455398,44444700
2009-04-14,14.253093719482422,14.400411671747428,13.995285546841771,14.319387289731205,63796300
2009-04-15,13.870062828063965,14.179432316624332,13.634353009149656,14.149967886789373,72725500
2009-04-16,14.555093765258789,14.569825978554661,13.987916197838457,14.113137200970982,67688700
2009-04-17,14.142603874206543,14.503534727644444,13.995284527727584,14.503534727644444,61398500
2009-04-20,13.708016395568848,13.958458497305172,13.67855195774494,13.91426184056931,62937200
2009-04-21,13.973182678222656,14.05420843883385,13.67854546455612,13.693277676474711,60928300
2009-04-22,13.833230018615723,14.135233319439998,13.77430257955101,13.818497807614303,59401000
2009-04-23,13.936357498168945,13.951089714257613,13.604889660881208,13.936357498168945,86116300
2009-04-24,15.402180671691895,15.61579360944909,14.363583227627968,14.599293086572748,168478500
2009-04-27,15.026514053344727,15.335883522308055,14.938123579321635,15.137002848344219,68219600
2009-04-28,14.68031120300293,14.930753148443465,14.577188544859478,14.916020938725588,76685200
2009-04-29,14.916022300720215,15.387441815211249,14.776069105502824,14.812899633160546,79301600
2009-04-30,14.923386573791504,15.542125313055811,14.739238172937622,15.173828511348047,87439900
2009-05-01,14.90865421295166,14.989679958084585,14.628749264673685,14.87182509513167,63224500
2009-05-04,14.871831893920898,15.026515945408983,14.717146437491383,15.004419026591503,54313400
2009-05-05,14.57719612121582,14.908662582499472,14.46670589584636,14.835002900567025,66835500
2009-05-06,14.57719612121582,14.783441544696784,14.44460897472573,14.77607543600938,59639100
2009-05-07,14.230993270874023,14.72451121744928,14.098406150161074,14.702412895683352,68727200
2009-05-08,14.304647445678711,14.466697528246371,14.098400736550154,14.334110458445211,67597600
2009-05-11,14.230993270874023,14.532996643635162,14.002649565724667,14.142602793692925,63762600
2009-05-12,14.650843620300293,14.776064565984079,14.341474307725088,14.370938720799176,71966800
2009-05-13,14.547730445861816,14.731878932518294,14.4888029863294,14.67295147298588,49281700
2009-05-14,14.77607536315918,14.901296400344492,14.584560753055666,14.606659079008923,54539500
2009-05-15,14.893928527832031,15.100175330812274,14.71714615596671,14.82763496276486,61289900
2009-05-18,15.173839569091797,15.173839569091797,14.908665229038702,14.997057144037008,46073800
2009-05-19,15.055228233337402,15.373975299071297,15.01075232603097,15.203483142843641,51368300
2009-05-20,15.1071195602417,15.336914849888332,14.988516178298074,15.12935822455507,47450700
2009-05-21,14.692005157470703,14.99592644735417,14.462211321821552,14.929211879929644,58232800
2009-05-22,14.640120506286621,14.951454771076136,14.43256385847228,14.77354967889127,37318700
2009-05-26,15.07746696472168,15.159007306719362,14.417735583434574,14.484450151639294,44991700
2009-05-27,14.92180347442627,15.27020218979936,14.877327554074135,15.010756728994552,42892900
2009-05-28,15.159006118774414,15.2924338308641,14.862496321605787,15.062640010535562,45480800
2009-05-29,15.4851713180542,15.522235765631857,15.047820733686597,15.240551619498092,46134900
2009-06-01,15.863221168518066,15.93734865433432,15.462935007293003,15.566712639117243,57317100
2009-06-02,15.863221168518066,16.29315888961531,15.714967610749753,15.833571022510082,48935700
2009-06-03,16.107833862304688,16.130072522517338,15.781675329033906,15.79649968864543,56039600
2009-06-04,16.181962966918945,16.23385176551262,15.996645021162264,16.137487055819186,42330000
2009-06-05,16.411758422851562,16.537774694799023,16.167138767172826,16.27832926268791,59579200
2009-06-08,16.345046997070312,16.54519077593994,16.033712701227824,16.293158183407254,49000600
2009-06-09,16.367277145385742,16.545182162699746,16.21902225735904,16.352451373810393,50887700
2009-06-10,16.715681076049805,16.767571297616236,16.396935341039843,16.433998371151894,61297200
2009-06-11,16.923234939575195,17.241982036066535,16.730504104164996,16.745329879318952,65124600
2009-06-12,17.293865203857422,17.33092821580978,16.856514876275877,16.97511821115935,50963500
2009-06-15,17.3605899810791,17.449543241562868,17.06408146924006,17.219747907756517,69089600
2009-06-16,17.382835388183594,17.872074975839492,17.37542249578097,17.397659759124185,105295600
2009-06-17,17.553308486938477,17.65708603942208,17.175259870781346,17.419879397252064,86483100
2009-06-18,17.41988182067871,17.560723814259543,17.27162694176591,17.508835030799055,58852200
2009-06-19,17.8424129486084,18.042556684578976,17.60520618621238,17.820175698298666,115459000
2009-06-22,17.256805419921875,17.753457507847713,17.234566760272585,17.753457507847713,71291600
2009-06-23,17.30128288269043,17.5384896181803,17.20491676273288,17.33093301769483,56752700
2009-06-24,17.39765167236328,17.605208321566472,17.3161127215646,17.382827308313338,54287700
2009-06-25,17.634857177734375,17.731221891694855,17.197506693273567,17.36799887159184,57724300
2009-06-26,17.308696746826172,17.56072927097502,17.28645808391995,17.471776033213885,65126400
2009-06-29,17.68674659729004,17.812762866947068,17.4569513083565,17.494015748763765,62854900
2009-06-30,17.620031356811523,17.968428600374942,17.516252341431784,17.76828487128235,66452400
2009-07-01,17.820171356201172,18.012900743289247,17.760868266188243,17.827582828589303,54908400
2009-07-02,17.323522567749023,17.820174729720126,17.2049177791337,17.612618116973003,65422200
2009-07-06,17.1975040435791,17.256805723155708,16.952884438592648,17.204915516395555,49207700
2009-07-07,16.70085334777832,17.153028162279124,16.648963136665667,17.10855225233196,52842500
2009-07-08,16.72308921813965,16.81945533126064,16.307977460481908,16.537771292452355,73023400
2009-07-09,16.634136199951172,16.90840591832603,16.582247410737736,16.789802567591476,46981200
2009-07-10,16.597068786621094,16.70826064508364,16.419163792489513,16.44881533177638,43229200
2009-07-13,17.219755172729492,17.26423252866832,16.411768253415314,16.619325006202388,67584000
2009-07-14,17.13078498840332,17.212323892790124,16.94546711155383,17.197499537178192,45448700
2009-07-15,17.879480361938477,17.879480361938477,17.464367044855628,17.60520911364674,67238700
2009-07-16,18.11668586730957,18.11668586730957,17.686748216277056,17.738637023733126,64555100
2009-07-17,18.005491256713867,18.124094622093434,17.864649230126766,18.087030186747544,52860100
2009-07-20,18.183406829833984,18.183406829833984,17.90172261361329,18.11669222145879,47798000
2009-07-21,18.40578269958496,18.40578269958496,18.064798276837205,18.302005077681567,52028400
2009-07-22,18.383543014526367,18.457670489154292,18.168574893355764,18.309416953762423,66192500
2009-07-23,18.946914672851562,19.065518096948885,18.413199264413613,18.479913867201397,106060500
2009-07-24,17.382835388183594,17.708994170711087,16.908420171468286,17.501438838896256,215135700
2009-07-27,17.13078498840332,17.382817414027684,16.975117236640884,17.375404529290122,80950000
2009-07-28,17.39765167236328,17.456953370155052,16.975126898863927,17.041841485612665,70288400
2009-07-29,17.642274856567383,17.723815237425484,17.301290380004925,17.590386037426512,73626900
2009-07-30,17.649675369262695,18.1092643565196,17.575547930819543,17.938772237804656,67820000
2009-07-31,17.434709548950195,17.84240839094276,17.41988377662158,17.620027461467448,54258200
2009-08-03,17.664514541625977,17.686753214190183,17.41989479887717,17.657101650771242,46902900
2009-08-04,17.620031356811523,17.63485713241774,17.44212629112826,17.55331678044733,49218300
2009-08-05,17.649675369262695,17.975835250094587,17.634851012664697,17.671914024954628,53310300
2009-08-06,17.390243530273438,17.775705378068185,17.2494028432389,17.738642337030548,59686000
2009-08-07,17.46436309814453,17.657093934550407,17.419887186316636,17.605205135107237,46169700
2009-08-10,17.3605899810791,17.45695471722775,17.271636720595335,17.39024012533095,35261900
2009-08-11,17.145614624023438,17.345758331982502,17.08631294172412,17.28645664968318,33615800
2009-08-12,17.44213104248047,17.71640089658951,17.071495034544018,17.145621105039975,61972300
2009-08-13,17.50884246826172,17.67933466172935,17.345761749411018,17.51625394287865,38954500
2009-08-14,17.560726165771484,17.642265087615215,17.42729703965547,17.508837375362702,46330200
2009-08-17,17.23456573486328,17.49401109321456,17.219739962645846,17.286454523760845,42474400
2009-08-18,17.577476501464844,17.62965707800698,17.346390481715083,17.36129962410257,38878900
2009-08-19,17.62964630126953,17.681826845914483,17.331470744860383,17.331470744860383,41821300
2009-08-20,17.644561767578125,17.793650310200576,17.547655210143134,17.592381204204383,39505900
2009-08-21,18.196184158325195,18.203638726432395,17.719103173972247,17.838373420060485,69011400
2009-08-24,18.367637634277344,18.434727335199113,18.099280252403968,18.196186808283358,54180900
2009-08-25,18.367637634277344,18.50181703612088,18.23345823243381,18.33782077931972,43980300
2009-08-26,18.3005428314209,18.44963133008631,18.20363630255769,18.3303610998793,41079000
2009-08-27,18.404918670654297,18.47200840143181,18.114196030013627,18.196194905811552,45495600
2009-08-28,18.397457122802734,19.001263049054806,18.345276556829734,18.68817823140303,55808000
2009-08-31,18.375089645385742,18.524178164859606,18.10673230087168,18.315454521958895,49592800
2009-09-01,17.890554428100586,18.44217968568273,17.81601016695413,18.151458631206424,62608500
2009-09-02,17.78620147705078,17.994923797860025,17.72656632513183,17.75638319018422,40771300
2009-09-03,17.972557067871094,17.99491935568655,17.711652809451433,17.823468513970194,34120000
2009-09-04,18.35272789001465,18.486905855219913,17.950189728958243,17.95764429732746,44999700
2009-09-08,18.50181770324707,18.51672684217031,18.19618746438934,18.352730579455887,53737100
2009-09-09,18.472003936767578,18.598728795183135,18.390005080788693,18.44218565393381,49900300
2009-09-10,18.635995864868164,18.673267287872438,18.37509163839728,18.486907329223758,46256000
2009-09-11,18.531641006469727,18.762727035190476,18.494368149054036,18.583821585037562,54303500
2009-09-14,18.635995864868164,18.70308556372678,18.367637069433695,18.37509163839728,42806800
2009-09-15,18.78508949279785,18.837270067874474,18.531639766585087,18.613637203785192,44716600
2009-09-16,18.78508949279785,18.896905213935476,18.598729483630468,18.822360925905716,50055800
2009-09-17,18.859628677368164,18.919263811787612,18.68072327410983,18.68072327410983,42428800
2009-09-18,18.829814910888672,18.993811201999197,18.710544622478473,18.978902060494427,68016500
2009-09-21,18.859628677368164,18.911810664072217,18.71054155222643,18.71799612175558,28878700
2009-09-22,19.209980010986328,19.247251424546132,18.85216932228436,18.93416671647859,61376700
2009-09-23,19.16525650024414,19.567794673133402,19.11307594193929,19.32179959697227,60599900
2009-09-24,19.336711883544922,19.463436726559507,19.12798819451684,19.32180274393996,56302900
2009-09-25,19.045988082885742,19.247257188736885,19.02362579677809,19.150350631371733,50158900
2009-09-28,19.254709243774414,19.50070431153267,19.083258437539712,19.083258437539712,44358000
2009-09-29,19.195079803466797,19.351621519393305,19.150353802032644,19.314350088500504,39050300
2009-09-30,19.172704696655273,19.37397371620679,18.919255136141455,19.20252296109836,63533400
2009-10-01,18.546545028686523,18.986354705776805,18.486909890529223,18.941628707612292,75958100
2009-10-02,18.606176376342773,18.703084344739686,18.211094199718072,18.2334564833377,51219700
2009-10-05,18.367637634277344,18.680722431307693,18.278185647590785,18.621087299578758,60804900
2009-10-06,18.717998504638672,18.792541365792296,18.382549942191623,18.397459083147925,48795300
2009-10-07,18.710538864135742,18.770173989987576,18.546541201683034,18.628540032909388,38472700
2009-10-08,19.135440826416016,19.306891649068348,18.799992328345223,18.963990003763683,60521300
2009-10-09,19.045988082885742,19.224894902629234,18.97889838093536,19.060897221499985,39520000
2009-10-12,19.172704696655273,19.29942947691218,19.045979916398363,19.127978721803746,29145800
2009-10-13,19.23980712890625,19.33671513079867,19.023630255586472,19.075810831152832,37749000
2009-10-14,19.351613998413086,19.530520778245705,19.24725289502189,19.48579337238085,45365500
2009-10-15,19.910694122314453,19.910694122314453,19.306888350752583,19.306888350752583,65620100
2009-10-16,19.75415802001953,19.85106458470834,19.455982334268793,19.716886592480872,56500900
2009-10-19,19.649791717529297,19.81378794610744,19.5677928923335,19.746698256731506,48143200
2009-10-20,19.657251358032227,19.761612492074967,19.33671196425659,19.6945227853864,54604700
2009-10-21,19.813785552978516,19.940510348514504,19.672151623423407,19.72433217067706,61672700
2009-10-22,19.821245193481445,19.91815174578362,19.478342132337723,19.798881486728494,61600000
2009-10-23,20.88722801208496,21.878663101616045,20.78286545089324,21.766847392023525,281761000
2009-10-26,21.37921714782715,21.63266683454696,20.954316620624468,20.969224338456247,124149700
2009-10-27,21.312118530273438,21.528295277492063,21.20030287331117,21.416479620529795,69685800
2009-10-28,20.88722801208496,21.446307981861448,20.835047442396043,21.0512242913664,73542400
2009-10-29,21.036314010620117,21.177947993393822,20.76050203669712,20.9244983070888,65225500
2009-10-30,20.671049118041992,21.170493932855976,20.618868549926386,20.894681952298104,73371800
2009-11-02,20.78286361694336,20.909588455782625,20.43250737865304,20.648685630360987,62428900
2009-11-03,20.521963119506836,20.67850483251771,20.44741883729569,20.603960550306564,50294800
2009-11-04,20.91703987121582,21.163034942243378,20.589047391054777,20.64122794827069,63898400
2009-11-05,21.22266960144043,21.423938679261173,21.08103706977118,21.259942442785114,52681700
2009-11-06,21.259944915771484,21.34194233264081,21.021404390672206,21.15558236968029,38908500
2009-11-09,21.61030387878418,21.61775844886697,21.267402185859012,21.33449189479026,57518000
2009-11-10,21.625205993652344,21.82647505506058,21.476117484058076,21.543207171194158,65881100
2009-11-11,21.70720863342285,21.841386609477425,21.632664365516767,21.677390357534957,49693400
2009-11-12,21.88611602783203,21.98302258971594,21.617757207516927,21.625211777171657,55352400
2009-11-13,22.087385177612305,22.2066568781385,21.89357204106519,21.968114898899984,53037600
2009-11-16,22.020296096801758,22.214109226368155,21.89357125250753,22.072476664132235,54129500
2009-11-17,22.4620418548584,22.4620418548584,22.065211934640562,22.08767449061076,75648900
2009-11-18,22.54440689086914,22.566868022486176,22.31978557800999,22.462045600010946,59431200
2009-11-19,22.297330856323242,22.462052057294496,22.237432107961073,22.454564535236873,51967700
2009-11-20,22.177528381347656,22.28983833080384,22.03526835038396,22.207477034756675,42647100
2009-11-23,22.41712188720703,22.469533098394447,22.23742569395087,22.3422481163257,41832700
2009-11-24,22.394662857055664,22.454561597581478,22.274865376004037,22.424612941367883,37341400
2009-11-25,22.304811477661133,22.357222687750564,22.147576419294477,22.319785089044995,32033500
2009-11-27,21.878032684326172,22.005317671078277,21.52612780476374,21.795672818614893,29357900
2009-11-30,22.020288467407227,22.050238542328767,21.71330733995231,21.825617264711735,44172000
2009-12-01,22.46953010559082,22.49947875309534,22.020288968237377,22.102650248046665,49904200
2009-12-02,22.297330856323242,22.454564535236873,22.199994497672964,22.387178264817084,36308600
2009-12-03,22.33476448059082,22.611797052600032,22.282353260288748,22.34225200179092,43095200
2009-12-04,22.447072982788086,22.739080578209894,22.334763028286726,22.49948419968215,58810700
2009-12-07,22.304811477661133,22.521943837759967,22.222450188607247,22.297323957920018,38082700
2009-12-08,22.140094757080078,22.26737977015763,21.99783470055841,22.10265857656852,37402200
2009-12-09,22.244909286499023,22.31978304896817,21.90049197847848,22.065213113432012,44713300
2009-12-10,22.364709854125977,22.432094674534575,22.207474798243656,22.24491096825936,45940200
2009-12-11,22.349733352661133,22.46204328345878,22.304809665961727,22.439580726059948,43744200
2009-12-14,22.54440689086914,22.581843062296464,22.387171829057895,22.39465934896304,34651200
2009-12-15,22.47702407836914,22.6192826940345,22.3722002117595,22.379687732810087,49473200
2009-12-16,22.53692054748535,22.769027964268222,22.491996853807677,22.51445798659728,55737800
2009-12-17,22.162555694580078,22.43209931628468,22.140093131063594,22.42461322321116,43691200
2009-12-18,22.731590270996094,22.79897652105623,22.31229773104449,22.342247810226052,94118000
2009-12-21,22.851388931274414,23.09098386491267,22.73907898464379,22.761540117110844,40129100
2009-12-22,23.076013565063477,23.15837487595811,22.866368669111676,22.911292371372955,36321000
2009-12-23,23.150882720947266,23.173345281631754,22.978674039994928,22.99364765235279,28362700
2009-12-24,23.21078109741211,23.21078109741211,23.031084898997506,23.120932284155586,11083900
2009-12-28,23.338071823120117,23.34555934507458,23.128425492691466,23.21078680609179,25384000
2009-12-29,23.502792358398438,23.585153669473915,23.382994866706152,23.472843699524738,29716200
2009-12-30,23.180831909179688,23.42791579812065,23.061034438959005,23.323091940603685,42006200
2009-12-31,22.821441650390625,23.203296658261756,22.821441650390625,23.19580913715464,31929700
2010-01-04,23.173343658447266,23.285653597805982,22.903798661507654,22.92626122061874,38409100
2010-01-05,23.180831909179688,23.285655766696657,22.94123696873832,23.098472040964527,49749600
2010-01-06,23.038572311401367,23.270679721422784,22.851388593748965,23.12093217606149,58182400
2010-01-07,22.79897689819336,22.986160611879352,22.604305664588118,22.933747972444618,50559700
2010-01-08,22.956207275390625,23.120928405949783,22.641738623888088,22.671688699316043,51197400
2010-01-11,22.664203643798828,23.031083539077738,22.551893704933587,22.993645940723756,68754700
2010-01-12,22.51445960998535,22.761542085175968,22.394662132807998,22.57435834857403,65912100
2010-01-13,22.724102020263672,22.85138699649434,22.46953206780233,22.65671577237106,51863500
2010-01-14,23.180831909179688,23.285655766696657,22.65671833398882,22.69415450789585,63228100
2010-01-15,23.105960845947266,23.39047949651465,22.993649461785214,23.2706820196338,79913200
2010-01-19,23.285655975341797,23.390478405699508,22.971187256170165,23.02359847134902,46575700
2010-01-20,22.903799057006836,23.165856538767923,22.694152785978293,23.068520209037445,54849500
2010-01-21,22.46953010559082,23.001131094655346,22.46204258669014,22.918771242944263,73086700
2010-01-22,21.68335723876953,22.611789566838404,21.593509870310076,22.462042048608414,102004600
2010-01-25,21.95290756225586,22.207477548565663,21.788186394448907,21.893008825953466,63373000
2010-01-26,22.087677001953125,22.349734472341723,21.780695842614524,21.863057129104796,66639900
2010-01-27,22.214969635009766,22.327279610147766,21.728292124012548,21.97537464055568,63949500
2010-01-28,21.833112716674805,22.36471531490873,21.630953921792944,22.342252750555623,117513700
2010-01-29,21.099348068237305,22.402146521462743,20.710005607797967,22.387171481884682,193888500
2010-02-01,21.27155303955078,21.323964240860285,20.904673202286112,21.25657800257717,85931100
2010-02-02,21.309005737304688,21.33895583448985,21.06941067222033,21.241620874836542,54413700
2010-02-03,21.436277389526367,21.556076275254675,21.05442388589232,21.159246304293955,61397900
2010-02-04,20.844785690307617,21.338950751354226,20.822323122769536,21.249101909300798,77850000
2010-02-05,20.979555130004883,21.174226402186427,20.642623807363996,20.964580087198915,80960100
2010-02-08,20.75493049621582,21.02447551178306,20.642620549095625,20.97206429833353,52820600
2010-02-09,20.972074508666992,21.21915708386389,20.777403172436234,20.942124413201114,59195800
2010-02-10,20.95708656311035,21.144270260274357,20.844776630431603,20.987036640143764,48591300
2010-02-11,21.054414749145508,21.26405949497161,20.73994620230863,20.912154794407993,65993700
2010-02-12,20.912160873413086,21.00949575825575,20.650103436854643,20.82231207901374,81117200
2010-02-16,21.325895309448242,21.34094037691455,21.077657435360553,21.160402436872047,51935600
2010-02-17,21.506425857543945,21.55155961266445,21.333411933935174,21.461292102423442,45882900
2010-02-18,21.79229164123535,21.83742686583405,21.44626352797584,21.506442392663462,42856500
2010-02-19,21.64183235168457,21.75466747665492,21.581653522715285,21.656877417621004,44451800
2010-02-22,21.611745834350586,21.769716183550596,21.551566995316463,21.69449227606377,36707100
2010-02-23,21.310848236083984,21.686966278679733,21.130311747811202,21.574131152856303,52266200
2010-02-24,21.536516189575195,21.6568752703567,21.348457188345044,21.45377120468182,43165900
2010-02-25,21.513957977294922,21.551569217528133,21.077660990616174,21.265720061335923,48735300
2010-02-26,21.566614151000977,21.702016910626302,21.446256461284428,21.551569081092197,40370600
2010-03-01,21.829896926879883,21.852463096750768,21.461301326294958,21.641837859146136,43805400
2010-03-02,21.40865135192871,22.04053016362314,21.243159828781064,21.87503864047549,93123900
2010-03-03,21.40865135192871,21.52148798134206,21.32590630774356,21.446264039992275,48442100
2010-03-04,21.536516189575195,21.551561254019923,21.265712203451674,21.40863601134764,42890600
2010-03-05,21.506425857543945,21.574127207612808,21.378545689055677,21.5590821443139,56001800
2010-03-08,21.536516189575195,21.762187851917165,21.438726140237094,21.45377120468182,39414500
2010-03-09,21.664396286010742,21.89759047969467,21.47633728549059,21.483859817684554,50271600
2010-03-10,21.79229164123535,21.897605730521676,21.664411374426987,21.709546599025686,44891400
2010-03-11,21.95025062561035,21.95777315912557,21.702012758714396,21.732101457998706,35349700
2010-03-12,22.017948150634766,22.100693135311154,21.844934214303034,22.055559376871642,31700200
2010-03-15,22.03299903869629,22.09317787744726,21.82237238567955,21.950252597372447,37512000
2010-03-16,22.093177795410156,22.183445335813083,21.965297584192108,22.130789031448597,36723500
2010-03-17,22.28875732421875,22.469295269553378,22.115743347614426,22.190967252374417,50385700
2010-03-18,22.273717880249023,22.35646289974842,22.190971425972716,22.28876151620906,43845200
2010-03-19,22.2586669921875,22.49185978855739,22.078130494858243,22.386547190476126,81332100
2010-03-22,22.26619529724121,22.341419215988097,22.108224924395053,22.19097137849432,37718200
2010-03-23,22.47681427001953,22.491859336522065,22.12326381586903,22.25866654483882,42026600
2010-03-24,22.303800582885742,22.45424838020169,22.266189350945023,22.356456881513367,33987700
2010-03-25,22.57459831237793,22.995849991897376,22.416628035823113,22.4391956281241,73168700
2010-03-26,22.311317443847656,22.717525532461323,22.258661158607254,22.634779121497168,55595500
2010-03-29,22.2586669921875,22.431680956114306,22.22857685857769,22.34893452346386,33336000
2010-03-30,22.394073486328125,22.461774863548236,22.19096935466779,22.288759435776406,34954800
2010-03-31,22.03299903869629,22.35645940024732,21.94273006318149,22.29628056149635,63760000
2010-04-01,21.93520736694336,22.221057924981253,21.529000567069353,22.078132645962306,74768100
2010-04-05,22.017948150634766,22.138305796324342,21.8374116821004,21.91263413457415,34331200
2010-04-06,22.05556869506836,22.251150310638742,21.799808231228393,21.927688463148378,47366800
2010-04-07,22.078128814697266,22.23609769979762,21.92015849482048,21.935203560480446,58318800
2010-04-08,22.506908416748047,22.552042189527977,22.040521315432855,22.05556638461842,63713800
2010-04-09,22.822853088378906,22.875509408193338,22.491868661974785,22.529481343825882,54752500
2010-04-12,22.807798385620117,22.935678580365444,22.725051955262405,22.755142088038482,37068800
2010-04-13,22.905590057373047,22.943201288854006,22.66487329765477,22.679918364157757,41374600
2010-04-14,23.183917999267578,23.319320736333125,23.063560329604115,23.161351832941055,68941200
2010-04-15,23.221527099609375,23.281705925194174,23.1011680136634,23.18391443688364,52745400
2010-04-16,23.071081161499023,23.304273949923765,23.018424864252452,23.161350124476353,88703100
2010-04-19,23.349409103393555,23.507377994826072,23.138782480040376,23.1463050131719,64970300
2010-04-20,23.590124130249023,23.65030295977409,23.41710873993505,23.484810102497807,52199500
2010-04-21,23.56756019592285,23.695440407896218,23.492336288624987,23.56756019592285,55343100
2010-04-22,23.612699508666992,23.71801357751357,23.244103854646546,23.349417923493125,84847600
2010-04-23,23.289228439331055,23.755615442059533,23.05603565535505,23.40958753259684,126766600
2010-04-26,23.402076721191406,23.52995697673584,23.21401760626001,23.319330251492893,63649300
2010-04-27,23.20648193359375,23.507376060209154,23.131258043245808,23.281705823941692,68730900
2010-04-28,23.251617431640625,23.319318794535913,23.03346971158196,23.259139964715267,64557900
2010-04-29,23.319318771362305,23.64278051936802,23.071080919251767,23.266662474668628,52665200
2010-04-30,22.973299026489258,23.379505913097102,22.958253955006043,23.371983377355498,63214800
2010-05-03,23.214008331298828,23.364454702268056,23.003381690209977,23.071083059317946,43989500
2010-05-04,22.664873123168945,22.980812343416883,22.379024035695338,22.958246178612637,82085600
2010-05-05,22.454246520996094,22.63478300196094,22.333888867019528,22.39406769400781,66833800
2010-05-06,21.799806594848633,22.47681894575647,20.994914021620005,22.258671175195605,128613000
2010-05-07,21.2205753326416,21.777231194882635,20.5510858003135,21.76218613162721,173718100
2010-05-10,21.769712448120117,22.17591918320591,21.59669706015484,21.822368743892678,86653300
2010-05-11,21.724578857421875,22.303801023316627,21.4913860582762,21.574132491911605,63789400
2010-05-12,22.145832061767578,22.251144660804986,21.754668929947847,21.7998026959958,47146800
2010-05-13,21.995386123657227,22.363981686263674,21.950252353789026,22.010431191872186,45188800
2010-05-14,21.762189865112305,21.972815047717926,21.544040714811974,21.965293949576107,63334000
2010-05-17,21.769712448120117,21.987860164145935,21.40111694293574,21.905115171407534,46053300
2010-05-18,21.611034393310547,21.91328633030596,21.45990770418738,21.815054991251547,52690600
2010-05-19,21.339000701904297,21.679034932571795,20.998967912487302,21.550577716680795,61746700
2010-05-20,20.48514175415039,21.03675163118839,20.432247853783828,20.893181443585796,87991100
2010-05-21,20.28112030029297,20.485140856697893,19.97886842483232,20.122437164894485,117596300
2010-05-24,19.850412368774414,20.296234451851245,19.84285589128574,20.288677974362567,73711700
2010-05-25,19.69928550720215,19.89574959621777,19.17790009563187,19.381920662061635,98373600
2010-05-26,18.898311614990234,20.10732023219927,18.558277445970422,19.820179946971376,176684100
2010-05-27,19.64638900756836,19.918416393488698,19.442368468128105,19.442368468128105,136433600
2010-05-28,19.49526596069336,19.737068926844085,19.389478153862324,19.52549187193124,67496900
2010-06-01,19.563276290893555,19.880641208948365,19.28369376858993,19.29125024774017,76152400
2010-06-02,19.99397850036621,20.009091453365482,19.44236868714761,19.69172664663345,65718800
2010-06-03,20.296228408813477,20.34912229423476,19.956194229319095,20.061982000161663,67837000
2010-06-04,19.487707138061523,20.077097880185587,19.359249922758753,19.72195213964287,89832200
2010-06-07,19.10989761352539,19.517937367741638,19.07211522065755,19.51038088916807,80456200
2010-06-08,18.97388458251953,19.087228882807683,18.626293761551427,19.07967240395501,87355000
2010-06-09,18.73207664489746,19.283686442029254,18.70185073978041,19.056996477402837,87794000
2010-06-10,18.890764236450195,19.00410853361871,18.724526030019767,18.988995576329323,78930900
2010-06-11,19.389482498168945,19.434819933933063,18.71697167620533,18.920992299020504,68057700
2010-06-14,19.268579483032227,19.616168852494322,19.24591004714303,19.540606948698862,50972400
2010-06-15,20.08465576171875,20.13754965855868,19.449926117138425,19.4574825940085,81641500
2010-06-16,19.8881893157959,20.08465336724378,19.820182473323538,20.001533572833026,48698000
2010-06-17,19.925975799560547,20.152664360323172,19.67661780622137,20.069544548793207,47995500
2010-06-18,19.978866577148438,20.046873422994008,19.774846039611724,19.92597268399088,52075600
2010-06-21,19.608612060546875,20.318903693173993,19.56327319282538,20.235785318186192,54625300
2010-06-22,19.472599029541016,19.986428018576376,19.465042551319808,19.767294473913886,55985400
2010-06-23,19.12500762939453,19.480154888242463,19.057000768817304,19.480154888242463,61466200
2010-06-24,18.890764236450195,19.434817727609623,18.837870327188284,19.23835360660043,85243400
2010-06-25,18.535614013671875,18.973879582886774,18.369374405219283,18.928540721717564,156256700
2010-06-28,18.3693790435791,18.596069082913747,18.22581027070988,18.520505736468866,73784800
2010-06-29,17.613750457763672,18.286262731961557,17.46262518899814,18.233367374579945,119882100
2010-06-30,17.38705825805664,17.893330758862753,17.341720830876476,17.606190357136455,81050500
2010-07-01,17.500398635864258,17.62129937549454,17.175477357638933,17.447504742432322,92239400
2010-07-02,17.583520889282227,17.742202591728137,17.417281268147608,17.65152774497353,62485100
2010-07-06,17.99911880493164,18.203139391788753,17.817767652586713,17.908443949384598,73592000
2010-07-07,18.3618221282959,18.376935085475786,17.840438076848027,17.999119803484096,79965300
2010-07-08,18.4449462890625,18.603629494265558,18.11246835917378,18.588516533531696,50758100
2010-07-09,18.339153289794922,18.444941102683863,18.2484769921395,18.384490717997203,53806100
2010-07-12,18.762300491333008,18.80763790626613,18.452492180330868,18.460048656361458,49854200
2010-07-13,18.988996505737305,19.117453766482488,18.815201812155884,18.996552984751844,61928700
2010-07-14,19.223243713378906,19.351700978681105,18.98144214133972,19.26858114782349,72808100
2010-07-15,19.276134490966797,19.33658487414159,18.87564980165202,19.268578012913594,56934700
2010-07-16,18.80764389038086,19.37436680173827,18.800087411945988,19.27613546458671,65064800
2010-07-19,19.064559936523438,19.11745384860142,18.822758372023497,18.860539326007483,38181800
2010-07-20,19.253467559814453,19.253467559814453,18.664076607550363,18.784977389617406,45530700
2010-07-21,18.981441497802734,19.38192479744571,18.875652232683926,19.344143843564638,73297300
2010-07-22,19.525489807128906,19.63883407978336,19.245905922747337,19.27613183078886,73016400
2010-07-23,19.50282096862793,19.66150410816574,19.079668331944884,19.52549040034781,108520100
2010-07-26,19.72195816040039,19.797521505631998,19.495268124705575,19.5406069965951,67249900
2010-07-27,19.76729393005371,19.82774431290935,19.616167252289213,19.752180974027098,60672100
2010-07-28,19.608612060546875,19.789963207680447,19.51793576635469,19.699286913488258,69704800
2010-07-29,19.66905975341797,19.956198670137304,19.344138452097006,19.74462164012001,69446200
2010-07-30,19.50282096862793,19.52549040034781,19.155231663093808,19.457483546438844,83534800
2010-08-02,19.895742416381836,19.933523348567736,19.45747697327459,19.638828042017224,55044600
2010-08-03,19.76729393005371,19.910864129804903,19.62372373030252,19.797519842106936,56877700
2010-08-04,19.442371368408203,19.827743075532297,19.223239284700806,19.759736218907417,78531900
2010-08-05,19.170352935791016,19.329034702931843,19.049450688741583,19.261027819513977,64922100
2010-08-06,19.306360244750977,19.31391672330627,18.90587697007668,19.02677774445959,55982100
2010-08-09,19.351701736450195,19.442376608889987,19.170350550319505,19.30636285897919,57096500
2010-08-10,18.943653106689453,19.147673652073756,18.800082933131918,19.14011717543909,87257700
2010-08-11,18.784971237182617,18.81519570217479,18.558281264113923,18.64895754159151,76746900
2010-08-12,18.505386352539062,18.648956516801437,18.407155045149306,18.452492460771467,70240500
2010-08-13,18.437389373779297,18.641410015120083,18.31648857326281,18.399608414087105,45263500
2010-08-16,18.5129451751709,18.596064982055545,18.361818515608025,18.40715737822727,40909700
2010-08-17,18.771236419677734,18.961151809349616,18.687674633500926,18.771236419677734,52912600
2010-08-18,18.854795455932617,18.953552247975473,18.543334402146588,18.74844332506103,46818900
2010-08-19,18.566120147705078,18.794017928301454,18.39139697037985,18.702859395638402,54064600
2010-08-20,18.40659523010254,18.53573772504872,18.383806315602055,18.46736808366903,49560100
2010-08-23,18.4445743560791,18.718051401295238,18.414187212755785,18.566120031494883,51643000
2010-08-24,18.262258529663086,18.497753129309324,18.231871381869272,18.300241015466398,66522500
2010-08-25,18.307846069335938,18.399004656002194,18.133124237442605,18.23187961448765,47404800
2010-08-26,18.095138549804688,18.37621397109981,18.072349629793916,18.300247523538467,49105300
2010-08-27,18.178691864013672,18.24706148460476,17.85963411756816,18.140707936497133,60939400
2010-08-30,17.958391189575195,18.09513044414578,17.92800549352552,18.034357603107612,45453100
2010-08-31,17.82925033569336,18.026762449186865,17.715301429546052,17.92800711690959,66074600
2010-09-01,18.155914306640625,18.193898260934215,17.8824370804253,17.981192463709228,65235900
2010-09-02,18.186290740966797,18.193887527343744,18.011567552174665,18.1407100227051,48837100
2010-09-03,18.452178955078125,18.573724681959764,18.383809302589786,18.414195009840515,64189100
2010-09-07,18.20148468017578,18.45976964699769,18.1710989805762,18.307838251121797,51928700
2010-09-08,18.178691864013672,18.383800725786934,18.03435583732819,18.285043963182616,65512400
2010-09-09,18.239469528198242,18.391400931673832,18.224275953168963,18.37620880558362,46028900
2010-09-10,18.117921829223633,18.254661091540168,18.072342558097755,18.216677158152848,58284300
2010-09-13,19.07509422302246,19.211833478217276,18.300239409544396,18.383802609705413,114680400
2010-09-14,19.01432228088379,19.257413657641862,18.907968716847957,19.02191906752484,87160400
2010-09-15,19.082693099975586,19.158658073238577,18.930760255571627,19.067499525747394,56201900
2010-09-16,19.242219924926758,19.27260707123919,19.029514247556385,19.037111034134494,44548300
2010-09-17,19.15865707397461,19.394153115411804,19.05230495780227,19.29539633701842,70341600
2010-09-20,19.318187713623047,19.38655734874231,19.075096321616332,19.204238804737273,49838700
2010-09-21,19.105485916137695,19.310594863310556,19.052309844412722,19.310594863310556,52675700
2010-09-22,18.695266723632812,18.968743830739047,18.505351381698922,18.907970979277767,94299400
2010-09-23,18.558523178100586,18.68006885307387,18.505347126417114,18.619296015587228,46201800
2010-09-24,18.82440757751465,18.839599702354864,18.672474737600922,18.71805400999946,51948800
2010-09-27,18.786422729492188,18.983934832199537,18.680070616087797,18.877582718795146,43603300
2010-09-28,18.748437881469727,18.915562817020383,18.497749753674395,18.839596410337833,56041200
2010-09-29,18.611711502075195,18.73325725719398,18.535745042891033,18.710466884756823,44318900
2010-09-30,18.604108810424805,18.86239382036449,18.505353459066328,18.695268822319672,61262700
2010-10-01,18.520538330078125,18.854789644138165,18.459765495607087,18.816807165945768,62672300
2010-10-04,18.163501739501953,18.224274586121282,18.06474640709765,18.201484225286926,98143400
2010-10-05,18.497760772705078,18.573727224640493,18.163509253552988,18.27745820698633,78152900
2010-10-06,18.558523178100586,18.642086372996747,18.330623950821618,18.474959983204425,50489700
2010-10-07,18.634498596191406,18.801623617842925,18.444583206112185,18.702868252535083,50096100
2010-10-08,18.66487693786621,18.72564978074609,18.51294555513595,18.702860870252927,41327800
2010-10-11,18.68007469177246,18.794023616558782,18.611705047112828,18.794023616558782,27587800
2010-10-12,18.862384796142578,18.938351194887595,18.558520650101045,18.725645568189254,50141500
2010-10-13,19.249820709228516,19.4017535744657,18.907972486914442,19.00672928400037,75336500
2010-10-14,19.166255950927734,19.249819164998623,18.99153418417867,19.211836676205895,51949100
2010-10-15,19.40174674987793,19.409342086422853,19.166250746702378,19.265007509050495,68954800
2010-10-18,19.61445426940918,19.713211048481945,19.333380403608988,19.439732520512962,48330500
2010-10-19,19.067501068115234,19.272609989970118,18.953552150064446,19.196643561623222,66150900
2010-10-20,19.227027893066406,19.295397528811208,19.06749970895454,19.189045406069962,56283600
2010-10-21,19.310585021972656,19.40174499057099,19.029509780321458,19.295391452383175,50032400
2010-10-22,19.280202865600586,19.40175000479072,19.1966411091397,19.386556431274588,25837900
2010-10-25,19.135866165161133,19.25741184208102,19.120672593311458,19.17384864584656,50912400
2010-10-26,19.675233840942383,19.72840991757351,19.03711802349003,19.082698759693358,69304200
2010-10-27,19.789173126220703,19.8347538401801,19.462520036477308,19.59166249481817,64805500
2010-10-28,19.963895797729492,20.03986075454549,19.690417316588135,19.91071829944415,80730300
2010-10-29,20.26017189025879,20.662792999470472,20.11583580221093,20.624809055805617,114193200
2010-11-01,20.472867965698242,20.67797536892987,20.28295268382326,20.41969046966481,61912100
2010-11-02,20.8071231842041,20.82991354552407,20.526049305952764,20.556435005440402,54402100
2010-11-03,20.53365135192871,20.883094954696897,20.480473828562836,20.860304587540092,110255300
2010-11-04,20.617210388183594,20.837512894545238,20.518455041533343,20.82231931846392,93599300
2010-11-05,20.39691162109375,20.655196647721894,20.153820172252985,20.640003069934515,110953700
2010-11-08,20.366525650024414,21.931429478594566,20.19180384212581,20.267770286541545,71670800
2010-11-09,20.472867965698242,20.594413630183137,20.290548020032283,20.366514422569995,58538600
2010-11-10,20.465272903442383,20.571625006585386,20.366516137147823,20.518448955013884,52277300
2010-11-11,20.26776695251465,20.29815265591888,19.96390267377648,20.26776695251465,62073100
2010-11-12,19.956300735473633,20.14621604179004,19.827158269220924,20.10823211116348,64962200
2010-11-15,19.903127670288086,20.13102549251453,19.880337308489835,20.001883006869143,51794600
2010-11-16,19.727333068847656,19.903129864514682,19.605040533157045,19.903129864514682,65339200
2010-11-17,19.543895721435547,19.80376774360045,19.52860878887476,19.796124277320057,58299700
2010-11-18,19.750255584716797,19.933694315052197,19.574460317042217,19.650892027967554,59514000
2010-11-19,19.635610580444336,19.742616163919987,19.566820860255206,19.71968577124303,52423200
2010-11-22,19.66618537902832,19.67382884418657,19.4445307208067,19.605039115604228,53350500
2010-11-23,19.1999454498291,19.566823026221797,19.177015054613847,19.543892631006543,69742500
2010-11-24,19.391021728515625,19.459809977283197,19.230511927147422,19.261085778014298,56825900
2010-11-26,19.299304962158203,19.42159747103365,19.238158707720476,19.26873110601849,21356500
2010-11-29,19.345169067382812,19.429245734694863,19.05472465151527,19.25345039198972,56603600
2010-11-30,19.30695343017578,19.467461842984793,19.108227687286945,19.146443559524688,75282100
2010-12-01,19.903127670288086,20.06363605899596,19.536248645820915,19.54389211068918,74123500
2010-12-02,20.552806854248047,20.62159658258489,20.025420880788136,20.055993283470116,91759200
2010-12-03,20.652177810668945,20.682750224257482,20.46873895561045,20.491667901341245,52622000
2010-12-06,20.514596939086914,20.62160256628617,20.453450658138433,20.583386687384245,36264200
2010-12-07,20.537511825561523,20.736235995131242,20.522224902412706,20.698020145100426,57860500
2010-12-08,20.81267738342285,20.820320848019875,20.484015694959897,20.506946088750965,41666800
2010-12-09,20.69802474975586,20.896750421376982,20.64452196467355,20.85089109956951,47148300
2010-12-10,20.896751403808594,20.942610727772077,20.720956113747214,20.782102364979067,37625800
2010-12-13,20.827964782714844,20.980831162421964,20.766818522400364,20.843251712253924,47943900
2010-12-14,21.110759735107422,21.21012182653832,20.835600931389052,20.87381678397601,64070500
2010-12-15,21.286563873291016,21.3935694714653,21.041978815840118,21.041978815840118,69634200
2010-12-16,21.39356803894043,21.39356803894043,21.141339533103306,21.217772722899188,57680200
2010-12-17,21.324777603149414,21.4700005131371,21.210128551197784,21.340064532167442,87456500
2010-12-20,21.25598907470703,21.393568527915797,21.156626946190634,21.36299612600378,52811000
2010-12-21,21.454713821411133,21.508216615724187,21.21777225037825,21.28656197387841,38153000
2010-12-22,21.54642677307129,21.70693510263076,21.3859169856705,21.408847371825278,42252300
2010-12-23,21.630502700805664,21.645789625446564,21.370630813275866,21.37827427559632,24902500
2010-12-27,21.454713821411133,21.554077403285497,21.30949090981726,21.49293114437889,21652800
2010-12-28,21.408859252929688,21.531151797940236,21.370641921462557,21.378285387755984,23042200
2010-12-29,21.378278732299805,21.492929233166226,21.309489014916625,21.355349798399864,19502500
2010-12-30,21.286563873291016,21.401212936740883,21.233061074203874,21.340066672378157,20786100
2010-12-31,21.332420349121094,21.340063813372655,21.118407723602633,21.248343700195672,24752000
2011-01-03,21.38593101501465,21.53879744064546,21.340071670462315,21.439433826632747,53443800
2011-01-04,21.47000503540039,21.531151306510054,21.286566222071396,21.35535595930003,54405600
2011-01-05,21.401214599609375,21.408858065478853,21.22541925813753,21.324781398756645,58998700
2011-01-06,22.027963638305664,22.050894035305987,21.294208428399532,21.431787894717434,88026300
2011-01-07,21.859811782836914,21.966817386564447,21.592296315676066,21.890384187683917,73762000
2011-01-10,21.569368362426758,21.706947844430797,21.431790338264896,21.599942228579735,57573600
2011-01-11,21.485294342041016,21.592299963847907,21.43943354025898,21.554084086871807,50298900
2011-01-12,21.821592330932617,21.852166190646372,21.454714761418753,21.49293208606095,52631100
2011-01-13,21.54642677307129,21.699291640579165,21.408847371825278,21.653432326110934,67077600
2011-01-14,21.630502700805664,21.691648941527887,21.332414959514992,21.46235090327989,62688400
2011-01-18,21.905668258666992,21.96681451821876,21.508216842659586,21.523503772007984,53322700
2011-01-19,21.760448455810547,21.920958321227115,21.60758351400271,21.752804990043852,50005900
2011-01-20,21.668733596801758,21.821598565519547,21.500580236017214,21.78338268780067,58613600
2011-01-21,21.416507720947266,21.729882622954296,21.416507720947266,21.70695221871873,58080300
2011-01-24,21.691661834716797,21.829241322577268,21.39357391624727,21.416504316838093,52047800
2011-01-25,21.745159149169922,21.745159149169922,21.492930654696565,21.508216125693608,42436600
2011-01-26,21.997386932373047,22.15789530646536,21.783374309074905,21.791017773247166,74628800
2011-01-27,22.06617546081543,22.51712815989988,21.775729669316426,21.974455353541625,146938600
2011-01-28,21.210124969482422,22.112033219457402,20.98082690430031,22.089102829802574,141249400
2011-01-31,21.194839477539062,21.3247754453609,20.957897933102178,21.225413332481445,65029000
2011-02-01,21.39356803894043,21.447070834444997,21.103123667126283,21.248345124112436,62810700
2011-02-02,21.355348587036133,21.485284550518116,21.309487806154305,21.347705123555826,45824000
2011-02-03,21.13369369506836,21.37827870867531,21.04961850779202,21.37827870867531,60340100
2011-02-04,21.225425720214844,21.278928539748062,21.02669992063253,21.171922900681622,40412200
2011-02-07,21.554080963134766,21.66108656943381,21.24070615225152,21.24834816026541,68980900
2011-02-08,21.61522102355957,21.661080347680894,21.439424275051508,21.47764159335397,34904200
2011-02-09,21.378278732299805,21.599934812277098,21.332419406658243,21.546432022721664,52905100
2011-02-10,21.019046783447266,21.35535194017813,20.858538398683198,21.34770847549768,76672400
2011-02-11,20.827964782714844,21.255988604916205,20.690385332546803,21.217772738910345,83939700
2011-02-14,20.81267738342285,20.843251241810943,20.598666206073435,20.797390454228807,56766200
2011-02-15,20.728107452392578,21.012581392064277,20.720420275459283,20.78961659952919,44116500
2011-02-16,20.774240493774414,20.812682246461453,20.45132478524314,20.79730495880309,70817900
2011-02-17,20.920312881469727,21.043329672495236,20.689659514520873,20.735789894618975,57207300
2011-02-18,20.804990768432617,20.920317477241998,20.75117173541882,20.85880980144642,68667800
2011-02-22,20.443634033203125,20.835746029302353,20.389814998407708,20.589715317975475,60889000
2011-02-23,20.443634033203125,20.651222995807196,20.320618677539684,20.39750364144401,60234100
2011-02-24,20.582027435302734,20.804992225757708,20.374438465029684,20.482076538597,64494200
2011-02-25,20.41288948059082,20.72042948716213,20.374447712999125,20.689674899921222,53006300
2011-02-28,20.435941696166992,20.651219262893807,20.382122671099903,20.520515287820107,51379900
2011-03-01,20.11302947998047,20.589715077451814,20.10534083703398,20.451322437332433,60055000
2011-03-02,20.051515579223633,20.274481756090832,20.020762483441608,20.074581500903832,48658200
2011-03-03,20.143783569335938,20.297552025206944,20.128406283811238,20.189913959451374,68271500
2011-03-04,19.951566696166992,20.17453141228997,19.83623855126867,20.159154130775754,70437200
2011-03-07,19.774728775024414,20.197595172652868,19.644024829060434,20.08995568003316,64980400
2011-03-08,19.920818328857422,20.00539193703117,19.72091800637503,19.813180257697184,50549800
2011-03-09,19.905439376831055,19.97463569291749,19.728604998591763,19.84393170324962,39789100
2011-03-10,19.53639030456543,19.767043678098748,19.490259923150443,19.69784883920546,66549500
2011-03-11,19.743986129760742,19.874690144889957,19.497955387507844,19.53639714106277,49905800
2011-03-14,19.751676559448242,19.805495605874306,19.490268505556763,19.59790659840889,54473400
2011-03-15,19.521018981933594,19.582526664752045,19.221169211501003,19.282676894319454,76067300
2011-03-16,19.05970573425293,19.436440349115884,18.975132148675698,19.390308502551026,100725400
2011-03-17,19.052024841308594,19.390316388278524,19.028958908645624,19.26730101366056,62497000
2011-03-18,19.06739616394043,19.359558709560428,19.06739616394043,19.267296467138696,85486700
2011-03-21,19.474882125854492,19.66709375420539,19.33648951880851,19.359555442135623,46878100
2011-03-22,19.451820373535156,19.57483572474095,19.39800134068995,19.451820373535156,30895600
2011-03-23,19.63634490966797,19.690163942630658,19.359559635621384,19.398001383035115,43969000
2011-03-24,19.843929290771484,19.89006114019315,19.60558726792662,19.68247221717096,38696700
2011-03-25,19.69784927368164,19.95156857674794,19.67478334923619,19.936191293784304,57029800
2011-03-28,19.53639030456543,19.774732319410976,19.513324380628745,19.72860193799599,48973200
2011-03-29,19.597902297973633,19.620968227005807,19.45182101368727,19.48257558573017,40763500
2011-03-30,19.690162658691406,19.77473479077864,19.605589060145604,19.682474016418283,41999300
2011-03-31,19.521018981933594,19.743985248687245,19.482577230094126,19.682477565868794,63233700
2011-04-01,19.590211868286133,19.628655079833642,19.459507881941754,19.628655079833642,63114200
2011-04-04,19.644031524658203,19.728605126302128,19.53639346180857,19.567148032027678,35433700
2011-04-05,19.82086753845215,20.12840591095603,19.790112967972444,19.85162064247322,73651100
2011-04-06,20.1053409576416,20.22835631260595,19.882376176690734,19.97463695968464,65581400
2011-04-07,20.143783569335938,20.189913959451374,19.966947718719222,20.136094926573588,46134700
2011-04-08,20.043832778930664,20.20529134482053,19.95925917458556,20.120717740475424,39887600
2011-04-11,19.974639892578125,20.18222888448295,19.836247231308246,20.136098486212628,34286300
2011-04-12,19.71323013305664,19.87468871256092,19.64403380847749,19.8593114256636,36920400
2011-04-13,19.705537796020508,19.89006227128367,19.651718768426466,19.720915080035525,38144700
2011-04-14,19.544086456298828,19.559463744832485,19.29036706132928,19.544086456298828,55239900
2011-04-15,19.505634307861328,19.651714071715734,19.359553077548757,19.574829136474477,65080400
2011-04-18,19.282669067382812,19.43643894524235,19.005883873818934,19.298046348460414,58045100
2011-04-19,19.33649444580078,19.35187173193703,19.121218305728164,19.221167732696347,38892400
2011-04-20,19.805490493774414,19.990013519518005,19.61327882531751,19.636344753457454,61608600
2011-04-21,19.620962142944336,19.905434513838525,19.4979468258347,19.828551040488694,46892300
2011-04-25,19.690162658691406,19.69785130096453,19.482573716692748,19.651719447325785,33525100
2011-04-26,20.136096954345703,20.328308643384815,19.73629628919424,19.79011532749178,69200000
2011-04-27,20.282176971435547,20.28986561504392,20.089965280602744,20.220669289027402,52689000
2011-04-28,20.535890579223633,20.658907375961768,20.297548560113967,20.34367894235426,80200000
2011-04-29,19.928503036499023,20.482072035736227,19.497949370425648,20.41287572752427,319317900
2011-05-02,19.728605270385742,19.990013253322807,19.59021263630628,19.943882864115864,89825600
2011-05-03,19.843929290771484,19.874683857052595,19.597898626356343,19.68247221717096,71892900
2011-05-04,20.03614616394043,20.182227459014143,19.828558653156414,19.87468904816855,73292300
2011-05-05,19.82855987548828,20.051524687173952,19.743986257370146,20.028458755016576,55600000
2011-05-06,19.890064239501953,20.15915940410043,19.797801992740574,20.043832695492704,55993000
2011-05-09,19.859302520751953,19.959251907849644,19.736287213651043,19.83623660074873,38696400
2011-05-10,19.736297607421875,19.874690267406972,19.413381889609614,19.513331329343902,120798700
2011-05-11,19.497957229614258,19.72861070565305,19.382629025135827,19.720922060923886,78600000
2011-05-12,19.467191696166992,19.5210107125272,19.29804600668373,19.490257617374887,77400000
2011-05-13,19.244232177734375,19.467196943679483,19.18272450439173,19.436443840237462,66812300
2011-05-16,18.890565872192383,19.27498927688969,18.836746830168185,19.190415658589433,91350900
2011-05-17,18.975690841674805,19.114990600184445,18.782219282871605,18.882823843978095,82882100
2011-05-18,19.10725212097168,19.145945843438565,18.766741754193674,18.983430437792567,53931100
2011-05-19,19.130470275878906,19.254291975315965,18.96021580817072,19.23107632921595,37783600
2011-05-20,18.952468872070312,19.246546392777393,18.913775160642235,19.130462306352218,45451500
2011-05-23,18.704830169677734,18.76674100880829,18.59648657021697,18.735784851207594,52692500
2011-05-24,18.689355850219727,18.797700947544815,18.604229351836388,18.72805105500409,47691800
2011-05-25,18.720304489135742,18.813169991147248,18.697087375597594,18.704826413443644,34904200
2011-05-26,19.091773986816406,19.37037351120605,18.82091350211213,18.84413062116823,78016600
2011-05-27,19.16142463684082,19.269768244641885,19.076296672956584,19.09951379294436,50251000
2011-05-31,19.354896545410156,19.393590269992323,19.114992205644565,19.316201344757012,60196300
2011-06-01,18.906044006347656,19.424547926463692,18.859611238058918,19.339419954541764,74033500
2011-06-02,18.7435245513916,19.07629587697641,18.712569868770466,18.952474194350092,51487800
2011-06-03,18.503620147705078,18.681613631220205,18.449448346293593,18.611963750528048,60697700
2011-06-06,18.581005096435547,18.766737579891572,18.39527261297952,18.48813811667225,54778700
2011-06-07,18.61969757080078,18.70482550691104,18.495875923406114,18.642914683213707,41112600
2011-06-08,18.526838302612305,18.588749147126066,18.464927458098543,18.49588214231994,42205000
2011-06-09,18.542312622070312,18.60422493502676,18.433969026538097,18.581007817668095,42878700
2011-06-10,18.348840713500977,18.58874649330375,18.33336411163528,18.58874649330375,49327200
2011-06-13,18.604223251342773,18.720305875489057,18.34110184937352,18.41075171907542,47572500
2011-06-14,18.7435245513916,18.92151951172896,18.72030890844347,18.80543539270476,42894500
2011-06-15,18.372053146362305,18.58100271701947,18.317881363466828,18.573263680024347,49410200
2011-06-16,18.573266983032227,18.650655890675655,18.302406544315545,18.379795451958973,57184100
2011-06-17,18.77447509765625,18.805429771023817,18.557786479801482,18.743518948218234,83320400
2011-06-20,18.936988830566406,19.084027575650765,18.69708459727006,18.70482363396611,54338400
2011-06-21,19.16142463684082,19.23881356072913,18.88282510127128,18.975692105151445,49708700
2011-06-22,19.0762939453125,19.200115615400644,19.029861188047132,19.037600226936483,44287300
2011-06-23,19.060815811157227,19.076293888890152,18.728045996323793,18.913778500906663,59470400
2011-06-24,18.80543327331543,18.991167252393407,18.72030679864797,18.96795013599098,101387200
2011-06-27,19.501928329467773,19.703137396087303,18.75125794403394,18.75125794403394,92044200
2011-06-28,19.966266632080078,20.059133640725786,19.470979855492363,19.57932346885317,81032100
2011-06-29,19.82696533203125,19.896613732884145,19.62575474048177,19.896613732884145,66051000
2011-06-30,20.121034622192383,20.121034622192383,19.857913282124244,19.91982409884202,52535400
2011-07-01,20.136520385742188,20.252603026912443,19.997220625909538,20.066870505825865,52906200
2011-07-05,20.14426040649414,20.23712593352534,20.04365436346091,20.19843220994083,37805300
2011-07-06,20.37643051147461,20.407386678508413,20.090091870697073,20.097830912455525,48744200
2011-07-07,20.71693992614746,20.80206642906483,20.39964661037156,20.500251196027072,51946500
2011-07-08,20.833017349243164,20.879450109695632,20.515724113354754,20.53894123161641,58320700
2011-07-11,20.60858917236328,20.74014988742233,20.500245575045525,20.60085160918699,43999800
2011-07-12,20.538944244384766,20.732415830065538,20.384166385411724,20.546681808869465,47319300
2011-07-13,20.60858917236328,20.86397156323428,20.51572365353972,20.585373530692795,40861800
2011-07-14,20.484766006469727,20.902665238989776,20.39963953308545,20.60085011066132,46382300
2011-07-15,20.72467613220215,20.8407587847147,20.484770310795728,20.484770310795728,49132400
2011-07-18,20.577634811401367,20.817539127508372,20.3222524165595,20.608589492800256,44501900
2011-07-19,21.312829971313477,21.390217422492974,20.72467619070901,20.74789183563445,86730600
2011-07-20,20.941360473632812,21.165788183521908,20.879449635744578,21.111616384878555,49795400
2011-07-21,20.97231674194336,21.134832138736126,20.624067354429123,20.925883982298398,81737400
2011-07-22,21.305089950561523,21.320566554442607,20.64728631330957,20.78658608073598,76380600
2011-07-25,21.59916114807129,21.7384608836302,21.04196368190626,21.09613547327459,108482400
2011-07-26,21.73072624206543,21.784898044393998,21.498560953208447,21.529515636222953,74636500
2011-07-27,21.15030288696289,21.661067494247327,21.049698363254873,21.57593956767649,71488700
2011-07-28,21.452119827270508,21.72298022802318,21.057437782071545,21.119350080365127,83761400
2011-07-29,21.204483032226562,21.44438735730287,21.096139429173565,21.29735003203691,104394800
2011-08-01,21.1038761138916,21.428908362851796,20.70145495307027,21.289608616715896,61838400
2011-08-02,20.740140914916992,21.243167915865452,20.709186247390875,20.87944060895994,63883100
2011-08-03,20.833017349243164,20.894928188536735,20.4925069950931,20.76336747052904,64581200
2011-08-04,20.074607849121094,20.794322230061642,20.066868810220893,20.53120081173777,92949500
2011-08-05,19.87339973449707,20.19843202832561,19.52515032108402,20.097825986196984,112071700
2011-08-08,18.944732666015625,19.811485806610314,18.875082794178965,19.36263189703557,134257200
2011-08-09,19.796016693115234,19.826972861757962,18.596493203565476,19.122734785849563,126268900
2011-08-10,18.728050231933594,19.4168086100429,18.650661301837125,19.308464993550487,127819900
2011-08-11,19.49419403076172,19.641231347796925,18.882823216737812,18.960212132902598,90690100
2011-08-12,19.42454719543457,19.6102797376707,19.076297756197427,19.44776284066969,64787100
2011-08-15,19.741838455200195,19.796010256640184,19.46323893228496,19.532888813013766,56529400
2011-08-16,19.741840362548828,19.928745179005023,19.508208227938002,19.640599325267907,54251500
2011-08-17,19.663963317871094,20.014410783037643,19.414756891702645,19.663963317871094,50923700
2011-08-18,19.2122802734375,19.539364146792582,18.713867317996524,19.134402877802902,105714200
2011-08-19,18.729433059692383,19.173333566573177,18.620405646802592,19.00979096185139,77397900
2011-08-22,18.674922943115234,19.07209621905981,18.526957564432116,19.017582502135777,54721000
2011-08-23,19.251216888427734,19.274580551108034,18.713866015269907,18.713866015269907,59670600
2011-08-24,19.391387939453125,19.41475159254973,19.017578402229766,19.196695286475908,45329700
2011-08-25,19.134397506713867,19.593872378055305,19.079883790688164,19.53157077611345,48192000
2011-08-26,19.663963317871094,19.734052810904405,19.017583592976376,19.087673086009683,71957000
2011-08-29,20.123435974121094,20.139011745362723,19.75741426226662,19.88201746142505,38863200
2011-08-30,20.427152633666992,20.58290734898201,20.01440516324018,20.0377673307665,57341400
2011-08-31,20.715299606323242,20.80096336783958,20.45051746624627,20.473881120507347,59300800
2011-09-01,20.411577224731445,20.917779315731536,20.411577224731445,20.60626987961238,60510800
2011-09-02,20.092287063598633,20.24804182564319,19.983259621399935,20.076712775704173,43894400
2011-09-06,19.866437911987305,19.928739499718013,19.554929973333767,19.625019445204188,54929300
2011-09-07,20.24803352355957,20.24803352355957,19.913161962238796,20.006615078225458,41961000
2011-09-08,20.419363021850586,20.762022475321835,20.209096104967408,20.248034037808424,65811900
2011-09-09,20.045557022094727,20.388216535444865,19.858652238100245,20.24803757610221,64529200
2011-09-12,20.16237449645996,20.19352603983875,19.679537457187415,19.8119285457726,55046100
2011-09-13,20.279191970825195,20.39600729159241,20.100073561235575,20.185738822978983,48792300
2011-09-14,20.637422561645508,20.871053166301724,20.16237198207242,20.380428302368806,66739200
2011-09-15,21.01901626586914,21.050167799816858,20.489452071853083,20.816535751369656,67808300
2011-09-16,21.120262145996094,21.237077454518346,20.8944179288508,21.065746948990952,89681500
2011-09-19,21.19034767150879,21.26822502990371,20.71529860753518,20.871051838937962,52324900
2011-09-20,21.011232376098633,21.41619348207071,20.97229443664974,21.268226638467997,49211900
2011-09-21,20.24024772644043,21.07353203121848,20.224671957939318,21.065744146967923,72750700
2011-09-22,19.5159969329834,19.975471849733243,19.15776305776149,19.702901757280156,96278300
2011-09-23,19.5159969329834,19.586086427768123,19.22785255254621,19.39139371678556,64768100
2011-09-26,19.811935424804688,19.874237047807085,19.25900722094403,19.617242667248714,51057600
2011-09-27,19.991050720214844,20.185743461360143,19.819721642746565,19.983262832322506,55620700
2011-09-28,19.92095947265625,20.536189193865,19.866445747564356,20.19352958350332,60736200
2011-09-29,19.819711685180664,20.38042596323265,19.53935380346118,20.232459138393256,63407300
2011-09-30,19.38359832763672,19.858648833888857,19.375810443965232,19.625018265291995,54060500
2011-10-03,19.10325050354004,19.7340545097566,19.095462616378406,19.251215903448337,64592500
2011-10-04,19.734050750732422,19.772988693735947,18.89297840752544,18.924128464850796,83485400
2011-10-05,20.16237449645996,20.372642958104784,19.59387219828308,19.796352774083203,94061300
2011-10-06,20.512813568115234,20.559539378742905,20.014400960388805,20.170154157609947,55111400
2011-10-07,20.442731857299805,20.645212427275727,20.403793914583677,20.512821342498675,52741600
2011-10-10,20.980083465576172,21.003445636364482,20.614060279095224,20.699725533018384,41815300
2011-10-11,21.026811599731445,21.08132531806876,20.808755240994756,20.91778416305681,38826200
2011-10-12,20.99565887451172,21.268228936263675,20.948933045047404,21.166989391526435,52489800
2011-10-13,21.1669921875,21.18256796117464,20.73088092232281,20.839908367270226,43823500
2011-10-14,21.237079620361328,21.416196544054998,21.042386924506282,21.26822967929669,50947700
2011-10-17,21.011232376098633,21.353891887720174,20.909992842299204,21.112473395285242,39453300
2011-10-18,21.26822853088379,21.338318016438002,20.87105527453903,20.980084188394088,52487900
2011-10-19,21.128047943115234,21.39283009375134,21.03459629311849,21.314954213883116,42880000
2011-10-20,21.05795669555664,21.291587269847536,20.559542526142714,21.229285684344166,76300200
2011-10-21,21.151411056518555,21.17477471111288,20.871053142935242,21.143623171653775,76620600
2011-10-24,21.174776077270508,21.33831721382071,21.05796076753647,21.07353505288369,56897800
2011-10-25,20.878841400146484,21.205925143364396,20.808751920500704,21.089109839083825,53554600
2011-10-26,20.7075138092041,21.073535517205386,20.32591633012516,21.05017334597618,63029900
2011-10-27,21.221500396728516,21.33831569816519,20.75423770559468,21.12804726434689,74512400
2011-10-28,21.011232376098633,21.17477498963578,20.863267017883093,21.135835564799706,57712100
2011-10-31,20.738662719726562,21.026808527188027,20.73087632000538,20.839903740748376,46799000
2011-11-01,20.24024772644043,20.497241965160644,20.139008201957274,20.396002440677485,61182600
2011-11-02,20.25582504272461,20.40379188401751,20.0144065540583,20.32591452094824,53533100
2011-11-03,20.660789489746094,20.70751532100311,20.23246466616335,20.434945248793618,65836100
2011-11-04,20.442731857299805,20.559547170835486,20.24803917294457,20.543971399594113,36549200
2011-11-07,20.87105369567871,20.886629465820768,20.349277279017382,20.411578874198412,42589700
2011-11-08,21.151411056518555,21.182562595977657,20.78538938019702,21.034595754321227,47822500
2011-11-09,20.403789520263672,20.832112739443225,20.294760630442692,20.707509567122376,62950900
2011-11-10,20.466093063354492,20.637422070331084,20.34148987911931,20.614058416266815,32514400
2011-11-11,20.95672035217285,21.089111436488775,20.691938183541,20.699726069134563,37903000
2011-11-14,20.83989906311035,21.02680380759813,20.754233831533373,20.933350692660806,34199200
2011-11-15,20.981138229370117,21.13806581684693,20.714362228602965,20.83990369995546,43874200
2011-11-16,20.455434799194336,20.8006746281696,20.431896706323375,20.769288508911604,53262800
2011-11-17,20.039573669433594,20.431891072547902,19.961109889496306,20.40835148959508,70977500
2011-11-18,19.851266860961914,20.008194475081808,19.733571898658315,19.992501414355292,47626200
2011-11-21,19.615873336791992,19.812032070159912,19.53740954413035,19.80418554123651,61882500
2011-11-22,19.45109748840332,19.584483968229314,19.341247598293503,19.529559771460463,49204500
2011-11-23,19.20001792907715,19.451102386431387,19.20001792907715,19.309867846848533,49099700
2011-11-25,19.066627502441406,19.35694307440631,19.066627502441406,19.129398234680803,26164600
2011-11-28,19.513872146606445,19.592334445480855,19.372637614116634,19.5687963544475,46766700
2011-11-29,19.49032974243164,19.647257310647525,19.419712486391713,19.47463668629561,40917100
2011-11-30,20.070960998535156,20.078807527247527,19.725721218052563,19.906188385292392,81350900
2011-12-01,19.8355712890625,20.110192313426612,19.7728005554118,20.05526810855379,48545400
2011-12-02,19.788496017456055,20.10235124415464,19.74141833208032,20.078811653180455,52293800
2011-12-05,20.165115356445312,20.243577640735523,20.00818779472061,20.227886081820767,56818400
2011-12-06,20.133739471435547,20.298513644592813,20.094508309364862,20.251434454220504,46175300
2011-12-07,20.08664894104004,20.21219037532507,19.88264373618388,20.14157313146825,62667000
2011-12-08,19.929731369018555,20.180814363183718,19.906193273673505,19.992502117559845,60522200
2011-12-09,20.165115356445312,20.29850333493967,20.00818779472061,20.023880850207508,53788500
2011-12-12,20.016036987304688,20.06311466346094,19.84341784368353,19.937573195996038,38945900
2011-12-13,20.212190628051758,20.478966553386112,20.125880329687124,20.20434410123934,54581100
2011-12-14,20.078813552856445,20.29066540194971,20.063120490722252,20.18081546358314,47926400
2011-12-15,20.055267333984375,20.30635025888993,20.03957577360699,20.18080879643715,46213900
2011-12-16,20.400503158569336,20.533891123699785,20.11018764743648,20.14157375526576,101408100
2011-12-19,20.0317325592041,20.494667339801758,19.976806850793295,20.416203538644563,52258300
2011-12-20,20.42404556274414,20.47896976246579,20.25142493896501,20.290657579174905,60767600
2011-12-21,20.212190628051758,20.54958379812591,19.961107756342237,20.40834930864631,64132500
2011-12-22,20.25142478942871,20.29065742934891,19.99249535224415,20.25927131741275,35794100
2011-12-23,20.42404556274414,20.43189209078612,20.18865421120138,20.329888722812598,23205800
2011-12-27,20.431894302368164,20.51035659813644,20.345583981136226,20.369122071237765,21287200
2011-12-28,20.259279251098633,20.51820878968195,20.212201561330605,20.486824162027524,29822500
2011-12-29,20.416196823120117,20.439734908124095,20.29065538119212,20.361272629348125,22616900
2011-12-30,20.369123458862305,20.494666433103223,20.32989230830559,20.40050957656565,27395700
2012-01-03,21.004680633544922,21.15376021541235,20.706518476664883,20.832059964854608,64731500
2012-01-04,21.49899673461914,21.553920940144767,21.012523917187295,21.0439085360995,80516100
2012-01-05,21.718690872192383,21.757922012423276,21.41268378798963,21.483299541090823,56081400
2012-01-06,22.056087493896484,22.11885822596527,21.60099931225471,21.60099931225471,99455500
2012-01-09,21.765779495239258,22.048248636108603,21.75008643261922,22.009015979558516,59706800
2012-01-10,21.844236373901367,22.087472780967232,21.773619111112513,21.914853636690225,60014400
2012-01-11,21.750083923339844,21.954089224146006,21.47546284203602,21.522540527892012,65582400
2012-01-12,21.969776153564453,21.985469209994335,21.69515365233045,21.867774279914684,49370800
2012-01-13,22.16594123840332,22.16594123840332,21.805009816239064,21.914858249667724,60196100
2012-01-17,22.17378807067871,22.47979528029368,22.103170792064073,22.283636505602505,72395300
2012-01-18,22.150245666503906,22.28363367622036,21.946240387139184,22.21301640657209,64860600
2012-01-19,22.06393051147461,22.31501339979529,21.993313262062912,22.095315124228662,74053500
2012-01-20,23.311494827270508,23.33503440563141,22.558246278583585,22.613170464853862,165902900
2012-01-23,23.327199935913086,23.499820606633108,23.02903927209981,23.185965385895837,76078100
2012-01-24,23.021188735961914,23.201654408881836,22.895647268141765,23.123190617351156,51703300
2012-01-25,23.193811416625977,23.26442869011396,22.80934042573172,22.80934042573172,59231700
2012-01-26,23.146728515625,23.303656087241183,23.068264729816907,23.233038829671123,49102800
2012-01-27,22.934879302978516,23.17027068667792,22.887801624867596,23.107499950339225,44187700
2012-01-30,23.233034133911133,23.24088066056326,22.621018524192642,22.73086690417855,51114800
2012-01-31,23.170272827148438,23.3036608412621,22.934881421703565,23.2722747219071,50572400
2012-02-01,23.452743530273438,23.57828503120564,23.3507416219808,23.374281214620364,67409900
2012-02-02,23.499813079833984,23.6724321986929,23.311499409077918,23.46058044152142,52223300
2012-02-03,23.72735595703125,23.852897404165905,23.609661037414025,23.648892178429065,41838500
2012-02-06,23.69597625732422,23.711667819040905,23.515509080144422,23.57043478415626,28039700
2012-02-07,23.81367301940918,23.92352144267445,23.57828161681893,23.656745417682348,39242400
2012-02-08,24.056901931762695,24.064748459052414,23.711662213875325,23.743048323034206,49659100
2012-02-09,24.143220901489258,24.166758995235263,23.91567601812725,24.072603627106055,50481600
2012-02-10,23.931367874145508,24.16675777919662,23.821519451331323,24.04121629695969,44605300
2012-02-13,23.99413299560547,24.143214032060293,23.876438070645204,24.033364138401502,33319800
2012-02-14,23.89145851135254,24.05731584735586,23.575538700090625,23.95464247360492,59644000
2012-02-15,23.733497619628906,24.00202983317273,23.71770275903916,23.95464223855455,43311300
2012-02-16,24.71285629272461,24.918203079825886,23.930952537734136,23.938850722841845,94705100
2012-02-17,24.681262969970703,24.73654875799548,24.444323448028882,24.641773551788646,70036500
2012-02-21,24.831317901611328,24.965583991498328,24.602275127982328,24.625969675523898,50829900
2012-02-22,24.697059631347656,25.02087768482217,24.625977472641075,24.83922394876081,49253200
2012-02-23,24.77604103088379,24.949796589335037,24.483814198589826,24.64177489276356,35034700
2012-02-24,24.862913131713867,24.878709499287048,24.67336124010929,24.862913131713867,35575400
2012-02-27,24.760242462158203,24.87871221905926,24.56279236518154,24.67336393743257,34568400
2012-02-28,25.170940399169922,25.218328003231687,24.783936862320388,24.807631417563655,45230600
2012-02-29,25.068267822265625,25.273616134126392,24.9655944195477,25.186737596609362,59323600
2012-03-01,25.502660751342773,25.58163960203509,25.155148083881524,25.218332068290387,77344100
2012-03-02,25.336795806884766,25.621121392358894,25.273610334879983,25.51844951962482,47314200
2012-03-05,25.115657806396484,25.31310795112106,24.973494967591833,25.281515204881103,45240000
2012-03-06,24.92609977722168,25.25781599982305,24.870813991192236,24.910304914373757,51932900
2012-03-07,25.147247314453125,25.210431292371855,24.902409588321145,25.01298117307271,34340400
2012-03-08,25.28150749206543,25.439468162224887,25.19463047925986,25.30520355094132,36747400
2012-03-09,25.26571273803711,25.399978856318395,25.210426955172686,25.352589751213515,34628400
2012-03-12,25.305208206176758,25.43157616298158,25.13145113575147,25.249920906952884,34073600
2012-03-13,25.802780151367188,25.818576522457693,25.392086554412984,25.46316871789539,48951700
2012-03-14,25.881755828857422,25.96863434269247,25.660612712076567,25.6922024338674,41986900
2012-03-15,25.94493865966797,26.0160208072088,25.731695229894516,25.897552569873444,49068300
2012-03-16,25.747493743896484,26.023925712102063,25.668514903180405,25.992332970675772,65626400
2012-03-19,25.431575775146484,25.755393847823687,25.392086354156522,25.7001080558678,44789200
2012-03-20,25.26571273803711,25.392082178558848,25.068262652707254,25.352589751213515,41566800
2012-03-21,25.202531814575195,25.392085245036945,25.131449654758235,25.24202123384027,37928600
2012-03-22,25.27361488342285,25.344697045796465,25.10775750883431,25.123552373253574,31749500
2012-03-23,25.28150749206543,25.360489333569753,25.052466177401264,25.352589642994726,35912200
2012-03-26,25.739593505859375,25.7553898743883,25.392082436770707,25.423672160979326,36758300
2012-03-27,25.684307098388672,25.826471398845648,25.589531902367074,25.78698198490741,36274900
2012-03-28,25.423673629760742,25.8264735183959,25.30520537822348,25.684309206271656,41344800
2012-03-29,25.368391036987305,25.42367683056832,25.123553305517863,25.321004935546313,37038500
2012-03-30,25.478965759277344,25.597437053157012,25.305211677864026,25.589540372895108,31749400
2012-04-02,25.502660751342773,25.636925400089716,25.234128440998855,25.447374953288143,35853600
2012-04-03,25.226226806640625,25.423675412808503,25.005082138223887,25.399982363409258,42752100
2012-04-04,24.649669647216797,25.028774982350914,24.52330170431366,25.00508042814731,49455900
2012-04-05,24.894508361816406,24.98138537932676,24.523301218766512,24.602281558123384,50368600
2012-04-09,24.562795639038086,24.799735184420733,24.46012073132735,24.657570854621188,31056400
2012-04-10,24.065217971801758,24.633875231619612,23.930951841725292,24.531200334630395,54131300
2012-04-11,23.970439910888672,24.112604208909307,23.87566321006673,24.033623875961784,43014000
2012-04-12,24.4680118560791,24.515400956620052,24.02572412933477,24.073111723451262,38304000
2012-04-13,24.33374786376953,24.610178281897973,24.262665713210087,24.39693183021964,39749200
2012-04-16,24.546998977661133,24.633877512940096,24.302161249467993,24.47591681360105,38124800
2012-04-17,24.831317901611328,24.965583991498328,24.641766040551612,24.697051811724325,34361500
2012-04-18,24.594383239746094,24.728649363994936,24.51540440724356,24.70495631681404,40552900
2012-04-19,24.49171257019043,25.02087894134426,24.436426778736642,24.586487782275537,54781200
2012-04-20,25.605329513549805,25.976536694536073,25.313104186416815,25.392086040270097,106045000
2012-04-23,25.368391036987305,25.668516068462655,25.297308871976032,25.518455059149872,61398200
2012-04-24,25.210426330566406,25.684306824902247,25.139344181094803,25.439467640533582,40871100
2012-04-25,25.431575775146484,25.526350988092332,25.17094167990813,25.21043110089809,62495500
2012-04-26,25.360492706298828,25.455267915859125,25.21043020033277,25.368389385074856,40308100
2012-04-27,25.2578125,25.447365892156668,25.178832171005467,25.368384056737657,41419100
2012-04-30,25.289409637451172,25.360491795280325,25.21042929470492,25.257816897782774,35697200
2012-05-01,25.28150749206543,25.542143049755918,25.23412140001202,25.31310022866716,43832300
2012-05-02,25.115657806396484,25.218332725251294,24.989289834286758,25.15514873919643,37385300
2012-05-03,25.084060668945312,25.194632241938038,24.96559091124958,25.17883587253202,31501300
2012-05-04,24.4680118560791,24.933994133093908,24.420624261962608,24.839218944860924,57927200
2012-05-07,24.207374572753906,24.373233389489236,24.14419062028908,24.24686548455958,48641400
2012-05-08,24.08891487121582,24.310059550051413,23.828280770571133,24.07311849992223,46328300
2012-05-09,24.294261932373047,24.34954772263936,23.77299375782665,23.84407591857614,50309300
2012-05-10,24.27846336364746,24.499608011114443,24.049422038078678,24.37324007154036,43839200
2012-05-11,24.610179901123047,24.9103048913262,24.23897426210829,24.23897426210829,43459300
2012-05-14,24.231081008911133,24.515409687721952,24.19948826396549,24.3416526033709,40528900
2012-05-15,24.01643180847168,24.485471823732652,23.968733260771604,24.358274685659456,61822800
2012-05-16,23.76998519897461,24.103878032568097,23.642788073444645,24.095928022683808,60083700
2012-05-17,23.62688446044922,24.016425787681126,23.61893445177398,23.84153014575326,48484000
2012-05-18,23.269153594970703,23.69844364163722,23.189654988903634,23.68254513347164,56205300
2012-05-21,23.650741577148438,23.68254162138328,23.102202944573946,23.13400298880879,38787900
2012-05-22,23.658681869506836,23.75407893040427,23.451986215817136,23.603033331265173,39504900
2012-05-23,23.141948699951172,23.372492912578977,22.768305831164753,23.332744380980515,65171000
2012-05-24,23.110145568847656,23.292991215825637,22.863701370037806,23.18169412919714,52575000
2012-05-25,23.102201461791992,23.340697229317097,23.06245292535921,23.213500093160828,29507200
2012-05-29,23.49968910217285,23.626886217819344,23.229394852346754,23.356591967993246,37758800
2012-05-30,23.324790954589844,23.43608803980925,23.149895318343766,23.33274096300681,41585500
2012-05-31,23.205543518066406,23.388389160027707,23.00679785950611,23.29299057674279,39134000
2012-06-01,22.61726188659668,23.022701791359953,22.6093118764216,22.863706136786554,56634300
2012-06-04,22.696762084960938,22.879609311578356,22.513916374653125,22.75241216385904,47926300
2012-06-05,22.66495704650879,22.85575271328871,22.569558454964245,22.66495704650879,45715400
2012-06-06,23.332746505737305,23.348646526348315,22.903455047096628,22.959103602925733,46860500
2012-06-07,23.237350463867188,23.610993407930277,23.189651913077498,23.563293340830995,37792800
2012-06-08,23.57123565673828,23.59508568250163,23.094245755634976,23.221442860421313,42551100
2012-06-11,22.974994659423828,23.698428635560088,22.91139611810335,23.634830094239607,46361900
2012-06-12,23.285043716430664,23.292992208978102,22.927300899430016,23.133996580773818,35337900
2012-06-13,23.157852172851562,23.404297973842976,23.094253598859176,23.2294007581317,32984600
2012-06-14,23.324790954589844,23.420188022975314,22.959098148954695,23.316840946172874,39458900
2012-06-15,23.865381240844727,23.91307977872372,23.444039860037606,23.52353843404205,62314400
2012-06-18,23.7222843170166,23.87333145730654,23.618935715020097,23.841531420904786,58679900
2012-06-19,24.405975341796875,24.73191820555602,23.8892352499894,24.000533885735848,75725800
2012-06-20,24.588821411132812,24.684218510276953,24.358275641633625,24.588821411132812,36257100
2012-06-21,23.960779190063477,24.755761926469663,23.89718063180335,24.612664791307072,48456600
2012-06-22,24.405975341796875,24.429823858070773,23.873336744576648,24.087980972589342,45098100
2012-06-25,23.74613380432129,24.10387510785067,23.547388130257467,24.087975090011366,42217200
2012-06-26,23.865381240844727,24.06412691770124,23.801782684903007,23.849481222782,38421300
2012-06-27,23.98463249206543,24.246976770238586,23.87333537899483,24.000532512878213,33781700
2012-06-28,23.777936935424805,23.889234049267703,23.388395520665206,23.833585492346256,45328400
2012-06-29,24.318523406982422,24.398021988392955,23.960780548789685,24.20722630279327,55227200
2012-07-02,24.294666290283203,24.342366334999777,24.016422094672038,24.342366334999777,30589100
2012-07-03,24.45366668701172,24.45366668701172,23.98462679854242,24.032325333348545,20938100
2012-07-05,24.405975341796875,24.46957391237648,24.151579543168943,24.318526738633853,28801900
2012-07-06,24.000526428222656,24.405967758303778,23.809730775768433,24.334419199094814,38294800
2012-07-09,23.849485397338867,24.032331088137532,23.674589716963116,23.944884006104378,30680800
2012-07-10,23.64278793334961,24.024379307678384,23.459942256022405,23.91308220257649,37534100
2012-07-11,23.292993545532227,23.642786373747434,23.141947917517516,23.61893634580916,39184900
2012-07-12,22.760356903076172,23.197598352981895,22.688809846061126,23.173748323103975,63523600
2012-07-13,23.364553451538086,23.436102053765246,22.83191469957479,22.863714752257955,39085000
2012-07-16,23.404294967651367,23.475843543741366,23.086302138534382,23.436093492408357,27900600
2012-07-17,23.579191207885742,23.738188384397322,23.213499824742343,23.563291186972695,33771300
2012-07-18,24.207225799560547,24.207225799560547,23.420191527897813,23.531490146082554,41090400
2012-07-19,24.382123947143555,24.485471049946007,24.151578193978132,24.254926813090027,46663200
2012-07-20,23.94488525390625,24.6842180660515,23.889235178045855,24.64446952817503,64021700
2012-07-23,23.277097702026367,23.515591943414027,23.062451974991827,23.507641933193185,55151900
2012-07-24,23.17374610900879,23.34069326958484,22.975000427943,23.24529467549721,47723300
2012-07-25,22.919349670410156,23.31684099422324,22.879601144552474,23.245292434632162,45579500
2012-07-26,23.181699752807617,23.45199404274057,23.12605119599368,23.237348309621556,45301400
2012-07-27,23.658681869506836,23.730230423334383,23.19759203167872,23.436086200231248,44242600
2012-07-30,23.56329345703125,23.706390626415587,23.420196287646917,23.650742064168256,28905000
2012-07-31,23.428144454956055,23.618940160348718,23.316847339221038,23.436094465552767,37620900
2012-08-01,23.380443572998047,23.571239259338537,23.221446409559643,23.523540716830745,31721800
2012-08-02,23.205543518066406,23.47583773501313,23.030646368095564,23.22144201835636,39520500
2012-08-03,23.650741577148438,23.801788754644804,23.436095827491954,23.475845882785507,35859400
2012-08-06,23.809734344482422,23.93693146518347,23.698435726637044,23.849482876085517,27471800
2012-08-07,24.056180953979492,24.127729530984247,23.746138131165175,23.905133789601738,28002900
2012-08-08,24.111825942993164,24.22312303906371,23.936930289695272,24.016427348997542,26257600
2012-08-09,24.246976852416992,24.366223976298137,24.08797967636917,24.159528253959746,24920800
2012-08-10,24.183372497558594,24.342369635554327,24.048225385154947,24.24697104949507,27810300
2012-08-13,24.159528732299805,24.21517729012551,23.976683037641216,24.127730206246323,23049100
2012-08-14,24.11151123046875,24.319576235886075,24.01548216726349,24.247553675304907,34551400
2012-08-15,24.16752815246582,24.231548031920056,24.023483042105212,24.095505597285516,24351000
2012-08-16,24.631675720214844,24.759715495030342,24.21554568888722,24.295570929735536,35787200
2012-08-17,24.727705001831055,24.74371035540993,24.479628126776614,24.74371035540993,32589900
2012-08-20,24.59967041015625,24.687698347036942,24.471630607250617,24.663690311609066,23737700
2012-08-21,24.647672653198242,24.775712392200255,24.49562641710466,24.615663481624786,28822700
2012-08-22,24.439613342285156,24.615667631504852,24.383594611467924,24.47962519508598,33437400
2012-08-23,24.215547561645508,24.32758199168485,24.071502422249424,24.319579314345663,28355600
2012-08-24,24.45561408996582,24.5116312873792,24.151520078427122,24.2075372758405,22943300
2012-08-27,24.55965232849121,24.775718487239928,24.479627090339537,24.75171198424255,34691100
2012-08-28,24.51163101196289,24.647673429732855,24.423604642597006,24.567649735100986,23947900
2012-08-29,24.527645111083984,24.60767036061709,24.359593460783675,24.527645111083984,23346800
2012-08-30,24.26355743408203,24.495630453232994,24.18353220243155,24.431610573183477,23982100
2012-08-31,24.663677215576172,24.775711602041355,24.311567181373263,24.487622961651738,36590100
2012-09-04,24.3195743560791,24.535642021121426,24.127514718159585,24.36759041032472,48556700
2012-09-05,24.3195743560791,24.431610289631223,24.175529246050882,24.183531921758487,33650000
2012-09-06,25.08781623840332,25.09581891468647,24.375593312747448,24.40760401788004,48371700
2012-09-07,24.767717361450195,24.863746426242873,24.59166153207284,24.839739923221934,42649100
2012-09-10,24.583656311035156,24.72770141966897,24.415604701865245,24.671684216612334,40524000
2012-09-11,24.639673233032227,24.735702280841135,24.49562813496467,24.55964800895534,25191800
2012-09-12,24.631675720214844,24.95177515725359,24.59166233661343,24.759715495030342,32775800
2012-09-13,24.75971794128418,24.951777622482872,24.32758251382112,24.71970455372945,45047300
2012-09-14,24.97577476501465,25.007785463057328,24.65567541635833,24.815725853863537,51422800
2012-09-17,24.97577476501465,25.015788137567995,24.839733877395545,24.9597709423474,36488500
2012-09-18,24.951780319213867,24.975786827986607,24.831743196285682,24.887760418561847,34542700
2012-09-19,24.847742080688477,24.95977802929465,24.839740930260096,24.879752787820106,48871900
2012-09-20,25.16783905029297,25.191845550475275,24.73570373076006,24.767714432808848,45543000
2012-09-21,24.95977783203125,25.295882622484402,24.879752591189167,25.151837494239548,102348900
2012-09-24,24.631675720214844,24.86374723968499,24.519639772485398,24.807730028997526,46825900
2012-09-25,24.3195743560791,24.80772688976265,24.295567855310612,24.767715037578956,54266400
2012-09-26,24.143524169921875,24.48763165201773,24.039492420763736,24.23155209130116,54672000
2012-09-27,24.135513305664062,24.32757291105149,23.919445677220438,24.143515980016133,47129900
2012-09-28,23.815418243408203,24.21554287479674,23.79941289182762,24.151522994828746,54229300
2012-10-01,23.599353790283203,23.9914757992871,23.543336578476154,23.855433345032317,54042700
2012-10-02,23.735401153564453,23.919458180813283,23.607361349708324,23.751406510635185,43338900
2012-10-03,23.895442962646484,23.99947469298119,23.74339517859948,23.80741505719491,46655900
2012-10-04,24.0314884185791,24.0314884185791,23.66337292558132,23.98347235882646,43634900
2012-10-05,23.887439727783203,24.207539113266282,23.799411824392504,24.191533762403562,41133900
2012-10-08,23.831432342529297,23.943466792007946,23.647373784500935,23.71939636669575,29752000
2012-10-09,23.43130874633789,23.7994228282555,23.3512834813782,23.75140827982168,45121100
2012-10-10,23.191232681274414,23.455314984116278,23.167226170514674,23.327275172214463,47227100
2012-10-11,23.167221069335938,23.407295282201282,23.103201177481537,23.3832872503729,41488500
2012-10-12,23.367277145385742,23.463306194195237,23.047176245742868,23.183218670184825,46464700
2012-10-15,23.615360260009766,23.783411903372354,23.407295230355164,23.50332583110137,42440200
2012-10-16,23.599353790283203,23.799416133225268,23.46331133602842,23.567344609116837,47739400
2012-10-17,23.679380416870117,23.71939227725554,23.27925570759736,23.447307352841694,44206100
2012-10-18,23.607357025146484,23.79141401867846,23.41529735454513,23.727394128478007,59238500
2012-10-19,22.91914176940918,23.271251924213413,22.80710734457106,23.247243893310433,90470800
2012-10-22,22.406984329223633,23.071191303642863,22.270941863313446,22.991166054338983,83374000
2012-10-23,22.446996688842773,22.56703532863983,22.214925139701535,22.222927817444987,64414800
2012-10-24,22.32695960998535,22.567035363596634,22.30295310307252,22.535024652573245,53320400
2012-10-25,22.310945510864258,22.567026519629664,22.29494168797914,22.559023845010046,54084300
2012-10-26,22.575031280517578,22.67906454086665,22.278939903979598,22.294945255780124,57790000
2012-10-31,22.839115142822266,23.11119849328748,22.807104439029672,22.847116292416047,69464100
2012-11-01,23.623369216918945,23.655378408106735,23.063193870759875,23.079199229531284,72047900
2012-11-02,23.607357025146484,23.823424726955974,23.471314567676203,23.679379592416314,57131600
2012-11-05,23.711387634277344,23.79941555145348,23.47131343915725,23.70338648394725,38070800
2012-11-06,23.895442962646484,24.167527828265627,23.695380651241486,23.863432260171617,43401500
2012-11-07,23.271249771118164,23.871436750971302,23.247241742436447,23.631362569571817,57871800
2012-11-08,23.055187225341797,23.50332803572034,23.04718454733274,23.303265664558236,49841800
2012-11-09,23.071186065673828,23.35927628721932,23.055180714175894,23.11119791806433,43291200
2012-11-12,22.58303451538086,23.21523218996031,22.575031839282516,23.159214983626313,61112300
2012-11-13,21.85689926147461,22.0263318494579,21.58257851425639,21.800421732146845,131689200
2012-11-14,21.655179977416992,22.018251790234743,21.62290624343482,21.97790962275703,76086100
2012-11-15,21.509960174560547,21.76007556108419,21.485754864033623,21.687461168400393,50955600
2012-11-16,21.39700698852539,21.54223578646289,21.251778190587896,21.518030473840938,64083300
2012-11-19,21.566438674926758,21.62291619649591,21.356663924172015,21.62291619649591,57179300
2012-11-20,21.550289154052734,21.622903507428187,21.34858295887562,21.590631316425842,47070400
2012-11-21,21.74393653869629,21.92143750243337,21.51802496211542,21.550297165114564,66360300
2012-11-23,22.349056243896484,22.405533755578546,21.945643687428294,21.969847455922448,57845700
2012-11-26,22.098939895629883,22.252237101757743,21.921438920411234,22.219964896671083,85198700
2012-11-27,21.84882926940918,22.09087624614314,21.816557057329987,22.074740909552116,45018600
2012-11-28,22.074731826782227,22.098935591158565,21.598704968025118,21.79234277751837,53018400
2012-11-29,21.74393653869629,22.074734698645273,21.67132215832732,21.873028428486297,69551400
2012-11-30,21.477693557739258,21.889173171545572,21.37280539037892,21.82462719889974,83690200
2012-12-03,21.324386596679688,21.639047877849016,21.300181290860248,21.606775675653108,53173800
2012-12-04,21.275976181030273,21.485749329304817,21.251770876738636,21.380862755167545,49777500
2012-12-05,21.518033981323242,21.727808774882543,21.187235682721322,21.28405387119647,68283800
2012-12-06,21.566438674926758,21.768144988472045,21.469620506207367,21.630984633705367,39182300
2012-12-07,21.348588943481445,21.639046438406606,21.27597610864673,21.639046438406606,46162100
2012-12-10,21.735872268676758,21.76007604084034,21.39700560831353,21.429277817497308,47031100
2012-12-11,22.04245948791504,22.179619804039113,21.824616361324455,21.824616361324455,52282800
2012-12-12,21.977916717529297,22.284511133747458,21.84882481772065,22.21189674774299,43966300
2012-12-13,21.873035430908203,22.203833696758768,21.743943499790774,22.042468013413377,45080100
2012-12-14,21.630983352661133,21.88916717248524,21.542233626407192,21.87303183791895,42077500
2012-12-17,21.864961624145508,21.961779779262322,21.526095003443,21.61484626138077,42046100
2012-12-18,22.236108779907227,22.292586314698006,21.89724203226514,21.98599332344917,50486900
2012-12-19,22.034393310546875,22.373259918108015,21.98598423486579,22.34098771395288,53519900
2012-12-20,22.332918167114258,22.332918167114258,21.905300326331385,22.0747343911309,52607300
2012-12-21,22.14735221862793,22.17962442620199,21.784280265313924,22.14735221862793,98776500
2012-12-24,21.832687377929688,21.985984582053455,21.784278301484157,21.945643941498314,20842400
2012-12-26,21.67132568359375,21.945646378745337,21.54223377280441,21.808486031169544,31631100
2012-12-27,21.75200843811035,21.856896584498852,21.437347076738995,21.69553091569981,39394000
2012-12-28,21.42120933532715,21.70359847485081,21.42120933532715,21.550301249584194,28239900
2012-12-31,21.550289154052734,21.598699748900465,21.27597014439631,21.45347104214956,42749500
2013-01-02,22.28450584411621,22.373255542357786,21.90529713190564,21.98597993485873,52899300
2013-01-03,21.985986709594727,22.30871648195618,21.91337231845128,22.29257960861387,48294400
2013-01-04,21.574508666992188,22.058604162168624,21.566440229201245,22.002126636529184,52521100
2013-01-07,21.534168243408203,21.687463946356836,21.493826054029213,21.59871420751741,37110400
2013-01-08,21.42120933532715,21.61484874560972,21.348594941195437,21.582574997596957,44703100
2013-01-09,21.542236328125,21.58257697794548,21.429279738612795,21.558371664714905,49047900
2013-01-10,21.348588943481445,21.76813831639633,21.21143016965187,21.501886125680457,71431300
2013-01-11,21.647123336791992,21.7278061768053,21.203370025064565,21.372802604085052,55512100
2013-01-14,21.695528030395508,21.848825241477783,21.590641436853026,21.70359646665214,48324400
2013-01-15,21.95371437072754,22.018261868235985,21.647121452047628,21.647121452047628,48244500
2013-01-16,21.81655502319336,21.969850709346517,21.792349712217966,21.905304752309135,41077400
2013-01-17,21.985986709594727,22.16348769966929,21.83268949063668,21.937577628464744,51685900
2013-01-18,21.985986709594727,22.018260456279343,21.816554156191316,21.864963237321298,52167700
2013-01-22,21.905302047729492,22.147350510907454,21.784278585588915,22.026325509870066,58650600
2013-01-23,22.276447296142578,22.30065107054253,21.945649042234606,21.945649042234606,50387700
2013-01-24,22.292572021484375,22.647575419707383,22.16348015647536,22.349051058960185,101739300
2013-01-25,22.49428367614746,22.77667277602301,22.098939551880413,22.25223675562373,81847700
2013-01-28,22.518489837646484,22.77667363970112,22.39746637279548,22.59917266051277,56056500
2013-01-29,22.599170684814453,22.695988832672338,22.268372524989374,22.44587348865997,49242600
2013-01-30,22.470075607299805,22.744396218807825,22.39746123725965,22.59916747872752,43580500
2013-01-31,22.14735221862793,22.566900150472307,22.10701003553919,22.42167290804364,50530000
2013-02-01,22.534624099731445,22.63144224483871,22.228029716132873,22.32484940013681,55565900
2013-02-04,22.139272689819336,22.607231006914308,22.12313582466871,22.486207596076948,50540000
2013-02-05,22.18769073486328,22.31678263057256,22.074735710841857,22.284510426093636,35410400
2013-02-06,22.0585994720459,22.219965115760694,21.985985086263923,22.09087167745076,41889600
2013-02-07,22.010190963745117,22.098940685076467,21.86496218842508,22.06666847883694,38028300
2013-02-08,22.22803497314453,22.357126889749374,22.034397098237264,22.066670846836992,33318500
2013-02-11,22.478153228759766,22.5265623156065,22.1876956298851,22.3087191164505,32247700
2013-02-12,22.49428367614746,22.591103367695027,22.389397087626325,22.49428367614746,35990900
2013-02-13,22.615304946899414,22.67985088432435,22.49427996769319,22.53462214039411,41715600
2013-02-14,22.623374938964844,22.639510270259528,22.48621462013187,22.526555256713543,32663200
2013-02-15,22.599170684814453,22.720194139085166,22.494282562588914,22.62337599122728,49650900
2013-02-19,22.818817138671875,22.85135808703639,22.615440866307107,22.680521211398318,38781400
2013-02-20,22.672391891479492,22.940848560626396,22.639850936849264,22.8839018900235,44110200
2013-02-21,22.363264083862305,22.566640441356473,22.15175248587175,22.566640441356473,49078500
2013-02-22,22.582902908325195,22.582902908325195,22.35512091017517,22.517822559087747,31425900
2013-02-25,22.265634536743164,22.8188166831568,22.265634536743164,22.75373633936474,48011800
2013-02-26,22.265634536743164,22.45274033119062,22.24122882595697,22.273768222034104,49923300
2013-02-27,22.623580932617188,22.77814736706668,22.233098778717775,22.306314376528682,36394700
2013-02-28,22.615442276000977,22.753738211894966,22.566632402049546,22.68052262514886,35840200
2013-03-01,22.737468719482422,22.76187288002863,22.387661269699944,22.550361362680203,34849700
2013-03-04,22.90016746520996,22.90016746520996,22.534091113812817,22.65611656427853,38157500
2013-03-05,23.062875747680664,23.21744219036149,22.90830930499984,23.014065863753437,41432200
2013-03-06,22.851362228393555,22.965252465034073,22.599176039416076,22.948981987903114,51448500
2013-03-07,22.89203453063965,23.005926307281626,22.78627954336989,22.86763036907475,29196700
2013-03-08,22.77814483642578,23.046601481360995,22.74560388473037,22.981521129608154,37667800
2013-03-11,22.672391891479492,22.753741174778824,22.509690221604593,22.729337010444272,36627500
2013-03-12,22.70492935180664,22.73747030365262,22.48528258176024,22.647984237714162,39255200
2013-03-13,22.713058471679688,22.79440927774364,22.574762566862233,22.672383844466495,29093400
2013-03-14,22.89203453063965,22.908305006108208,22.721199193133593,22.77814430563561,55914800
2013-03-15,22.810684204101562,22.908303949132925,22.761872779948014,22.802548966742638,92710300
2013-03-18,22.859495162963867,23.005926339107592,22.62357792325721,22.680523035838004,44809400
2013-03-19,22.924570083618164,22.95710947525542,22.8025446496127,22.875760220343494,51901600
2013-03-20,23.038469314575195,23.17676527444024,22.924579071735106,23.054739792591832,35447800
2013-03-21,22.867631912231445,23.071008214398887,22.818820482531866,22.867631912231445,34233200
2013-03-22,22.981517791748047,23.05473337079083,22.859492343889325,22.93270792293211,28720900
2013-03-25,22.908308029174805,23.062874463247407,22.74560635629436,23.022198269208225,44154000
2013-03-26,22.908308029174805,23.054739224439572,22.867633386773765,22.97338838799935,27824300
2013-03-27,23.079147338867188,23.14422770445381,22.84323004384173,22.89203993012212,36047400
2013-03-28,23.274385452270508,23.31506009368403,22.989658307461543,23.03846818748539,55453800
2013-04-01,23.274385452270508,23.31506009368403,23.07100914192669,23.298789616463377,29201100
2013-04-02,23.42894744873047,23.469623636778124,23.201167002215264,23.258112113844067,28456500
2013-04-03,23.233705520629883,23.550973568827818,23.21743659766521,23.388271926078218,35062800
2013-04-04,23.266244888305664,23.274380125053934,22.997788282163736,23.09540801986748,45263200
2013-04-05,23.34760093688965,23.41268129382408,22.86763272263392,22.95711724364495,50927300
2013-04-08,23.258113861083984,23.372004092897463,23.160492554073834,23.372004092897463,34759500
2013-04-09,24.087892532348633,24.258727901291532,23.331332351856975,23.372006996375315,77733800
2013-04-10,24.632938385009766,24.665477786647305,24.014674237515997,24.055348877472436,71116700
2013-04-11,23.542835235595703,23.75434672270085,23.37199837801023,23.672995912023843,130923200
2013-04-12,23.420812606811523,23.607918407682277,23.315056074745208,23.469622478421755,62886300
2013-04-15,23.339468002319336,23.57538373763125,23.193036796852095,23.306927044820725,56332900
2013-04-16,23.56723976135254,23.70553567617573,23.347594586217323,23.510294658479047,52797300
2013-04-17,23.453353881835938,23.624190773606838,23.266248065984257,23.469624357554682,52840700
2013-04-18,23.420812606811523,23.575377458850227,23.184895382692698,23.550973298864033,56906600
2013-04-19,24.21804428100586,24.600391073341665,24.087883604821855,24.096018841038063,99790700
2013-04-22,25.080358505249023,25.365085558961564,24.624796150291527,24.649200306676455,137904000
2013-04-23,24.89326286315918,25.137313836159095,24.714290701430215,24.974613704705234,59126900
2013-04-24,25.836923599243164,25.96708429835166,24.89325775488761,24.909528230185654,90946600
2013-04-25,25.98335838317871,26.715512805282142,25.657956590203646,25.796250994534674,110700200
2013-04-26,25.861326217651367,26.01589105957394,25.58473437723302,25.950810717807133,47799300
2013-04-29,26.52840232849121,26.585347438347448,25.845057906940603,25.869462067371636,59116400
2013-04-30,26.927026748657227,26.935163540265606,26.25995258750022,26.487736203383722,75165200
2013-05-01,26.61789321899414,26.910755610424843,26.520270352999702,26.78872857956995,54330900
2013-05-02,26.975831985473633,26.983965671934957,26.34943261656677,26.54467522767484,46059500
2013-05-03,27.244285583496094,27.26868974203174,26.910748635981772,27.0327725319355,46784600
2013-05-06,27.455801010131836,27.585961720419196,27.04904840257433,27.187342799571343,40978300
2013-05-07,27.097856521606445,27.488338604755988,27.040911411768537,27.37444838508017,43078300
2013-05-08,26.837535858154297,27.04091214257922,26.56094398720537,26.902614655466845,51595700
2013-05-09,26.569082260131836,26.84567417883268,26.512137138923695,26.72364714580017,46417800
2013-05-10,26.593482971191406,26.617890236593457,26.29248692629108,26.57721249534869,36394900
2013-05-13,26.87007713317871,26.902618087624376,26.479594989659383,26.528406421327883,36027600
2013-05-14,27.468097686767578,27.468097686767578,26.870075036381323,26.919228738823907,56870100
2013-05-15,27.730243682861328,27.771206662850556,27.38617715121545,27.402561718203817,46303900
2013-05-16,27.918664932250977,27.976009354790776,27.48448171511679,27.558210704816055,59382900
2013-05-17,28.565832138061523,28.56583213806152,27.93504049778433,27.959618905871384,60666700
2013-05-20,28.737878799438477,28.754260243989293,28.410193657754068,28.45115351920534,54020800
2013-05-21,28.54945182800293,28.893521467161555,28.44295683555738,28.754254217371777,48702400
2013-05-22,28.352848052978516,28.54126590788404,28.148045629163345,28.5003060481284,66047500
2013-05-23,27.976003646850586,28.303685548073034,27.771201286698055,28.04153877708067,51102700
2013-05-24,28.074308395385742,28.082499114919152,27.771201772072494,27.787583211139314,33174400
2013-05-28,28.688722610473633,28.819796030808398,28.18900421887333,28.197194940440635,48212100
2013-05-29,28.574037551879883,28.68872641926961,28.320081399061724,28.459348684490152,38412200
2013-05-30,28.696910858154297,28.8771379674665,28.516686873878665,28.54945288236005,51131000
2013-05-31,28.590415954589844,28.90171334891131,28.5003023996412,28.524877687341164,56165700
2013-06-03,29.155681610107422,29.18845075740239,28.533083436692497,28.60680933054934,51252600
2013-06-04,28.664146423339844,29.278553647868073,28.48391930413314,29.1802462419171,65529500
2013-06-05,28.49210548400879,28.582219029248698,28.205383408278404,28.344647523622807,46025100
2013-06-06,28.639572143554688,28.762454856213576,28.254545685628756,28.5412678484499,37618500
2013-06-07,29.221195220947266,29.311308747005835,28.721480156047573,28.87712880330791,40757300
2013-06-10,29.057361602783203,29.204819560947893,28.787020971135867,29.0901276073472,35994500
2013-06-11,28.541261672973633,28.81979305303567,28.41018826618188,28.71329493344346,39435900
2013-06-12,28.672338485717773,28.893525471897735,28.54945578504994,28.787027339654742,37372700
2013-06-13,28.442962646484375,28.688724938929195,28.336464507244685,28.664149647195842,45654900
2013-06-14,28.18081283569336,28.4183812560098,28.057930139810868,28.303692406539085,53192600
2013-06-17,28.672338485717773,28.80341190807958,28.369231782450516,28.418382362688135,49670100
2013-06-18,28.65594482421875,28.811593487309096,28.59040969635183,28.64775410512385,28616500
2013-06-19,28.336456298828125,28.746061042595493,28.33645629882812,28.639562934205845,30816200
2013-06-20,27.435335159301758,28.12347145566185,27.337027741938098,28.06612389968116,54493700
2013-06-21,27.255104064941406,27.631939735051965,27.07487695095955,27.57459531242804,85338500
2013-06-24,27.623750686645508,28.01697094774975,26.681658329287096,26.984765027943876,56109000
2013-06-25,27.582788467407227,28.164429716117258,27.410755184355228,27.918667436751985,44073400
2013-06-26,28.139842987060547,28.24634108916873,27.763007395029756,27.951425191045153,48665900
2013-06-27,28.36103630065918,28.492109715464387,28.26273202081445,28.27911658829469,28993100
2013-06-28,28.295507431030273,28.50030988239841,28.131664844928284,28.164433987156166,65545500
2013-07-01,28.148038864135742,28.664141723121492,28.123463579196116,28.467530068495794,31055400
2013-07-02,27.803966522216797,28.21357123122136,27.55001360265696,28.188995948692583,37630000
2013-07-03,27.861318588256836,28.156234559793987,27.525442759569923,27.574596463171712,15994400
2013-07-05,28.025156021118164,28.04973443094647,27.50905629026701,27.926851756913596,26085900
2013-07-08,28.123470306396484,28.336463451906237,27.83674503835849,28.139851750250557,32396900
2013-07-09,28.139842987060547,28.344645346864585,27.967809754833794,28.32826390811195,25318500
2013-07-10,28.426578521728516,28.516692092876806,28.115277946408202,28.131662516165814,29658800
2013-07-11,29.237586975097656,29.303125237457746,28.590413821991703,28.672333524905465,53638300
2013-07-12,29.221195220947266,29.27034890562528,28.90170408312913,29.147469381483617,35501200
2013-07-15,29.630809783935547,29.671772764036668,29.147479119123258,29.213014262219122,34142600
2013-07-16,29.712736129760742,29.84380955647586,29.458779998296517,29.499739858200552,36378500
2013-07-17,29.278547286987305,29.811031557538733,29.073744923305355,29.770071709809557,37285100
2013-07-18,29.032798767089844,29.40144386025336,28.852574707683804,29.262179672301517,49547100
2013-07-19,25.723186492919922,26.763581714414933,25.411887467496246,26.542397826311923,248428500
2013-07-22,26.222902297973633,26.222902297973633,25.887027993431026,25.968949279608562,79040700
2013-07-23,26.067249298095703,26.247476410633563,25.977135741826775,26.140978287312407,65810400
2013-07-24,26.18194007873535,26.370357926215632,26.124595652329912,26.2474783517912,52803100
2013-07-25,25.714988708496094,25.927983390875976,25.600299865106276,25.903408103017185,63213000
2013-07-26,25.903409957885742,25.903409957885742,25.567532562087496,25.60849398231578,38633600
2013-07-29,25.837873458862305,25.887025601018884,25.723183043805722,25.7805274700748,28870700
2013-07-30,26.091829299926758,26.313014731772327,25.846065452016067,26.034484870836483,45799500
2013-07-31,26.08363151550293,26.2556647664994,25.977133401775255,26.190128066712433,43898400
2013-08-01,25.94437599182129,26.288444191054428,25.8870315523689,26.263868895585563,42557900
2013-08-02,26.124589920043945,26.13278220237837,25.862443135414797,25.960748960909772,29199900
2013-08-05,25.968950271606445,26.21471257700845,25.91979656051114,26.132791287701572,30984000
2013-08-06,25.870635986328125,25.944364966440233,25.70679346107497,25.846059138784714,36331500
2013-08-07,26.263856887817383,26.29662289178281,25.600296088198274,25.83786758590543,38078600
2013-08-08,26.943803787231445,27.091261768207403,26.255667584355873,26.411319411517542,59034400
2013-08-09,26.78815460205078,26.951997147407,26.599736768653955,26.845499024169964,26800700
2013-08-12,26.927417755126953,27.00934058734429,26.591541955627157,26.591541955627157,25493700
2013-08-13,26.589176177978516,26.853170232692367,26.572676156176726,26.820170189088792,39464100
2013-08-14,26.68817901611328,27.52141299106814,26.151942351683243,26.514933469777024,48519600
2013-08-15,26.2261905670166,26.547933191092596,25.442456678053674,26.39943611120244,33338000
2013-08-16,26.23443603515625,26.39118310990369,26.118939018778576,26.22618759701113,32866300
2013-08-19,25.896190643310547,26.374680254315468,25.887940632522522,26.20143474835289,27902500
2013-08-20,26.0859375,26.316931505786105,25.879691952817463,25.93744045426399,22979600
2013-08-21,26.077695846557617,26.40768693956943,26.01994732660409,26.077695846557617,37409100
2013-08-22,26.72117805480957,26.80367817879098,26.481932415850387,26.556180953904686,31169900
2013-08-23,28.668134689331055,29.039377350690767,28.049397969417434,29.01462574189499,225493800
2013-08-26,28.173133850097656,28.60212167944254,28.07413375373535,28.379379330268044,72786800
2013-08-27,27.43890380859375,28.131888912298372,27.348158419311584,27.653400921224026,58522300
2013-08-28,27.240915298461914,27.71940338501049,27.224415275193667,27.546157861280367,44257400
2013-08-29,27.67815399169922,27.71940247498683,27.059417301212388,27.16666587540622,45284700
2013-08-30,27.55440330505371,27.620400236359497,27.29865772198352,27.529651702139205,42790200
2013-09-03,26.300434112548828,26.457181184659206,25.813696020204997,26.193187109649397,154507000
2013-09-04,25.73944664001465,25.962190649993786,25.665198112178686,25.89619213342057,142320600
2013-09-05,25.764196395874023,25.93744349404624,25.533202363016184,25.656949391122716,71644900
2013-09-06,25.698200225830078,25.89619580361105,25.681700200966084,25.830197277684057,75434900
2013-09-09,26.11893653869629,26.226185106745227,25.739445478901423,25.75594392715391,49628500
2013-09-10,26.72117805480957,26.729429640736683,26.226189899152867,26.316936888474476,56881200
2013-09-11,27.009920120239258,27.166665614047222,26.836671456805963,26.869671501941593,39087500
2013-09-12,26.968666076660156,27.0429145980415,26.88616911826188,26.993417681825427,32860200
2013-09-13,27.249162673950195,27.28216271919981,26.820171526877786,27.034668673942758,40899000
2013-09-16,27.059417724609375,27.63690594084451,27.00166921769162,27.53790894999373,52839700
2013-09-17,27.166667938232422,27.612159144503895,27.141919475792157,27.570907511026405,84716500
2013-09-18,27.488412857055664,27.554412958541057,27.084173250160816,27.21617030607355,64099900
2013-09-19,27.752397537231445,27.78539757675908,27.488403515124322,27.62040052617788,42026600
2013-09-20,27.051170349121094,27.62040700269269,26.968670230957134,27.562658493506778,102904900
2013-09-23,27.009920120239258,27.199665659182852,26.811922996483,26.844923041618628,39826100
2013-09-24,26.77067756652832,27.11716863879382,26.523183493901836,27.11716863879382,40685000
2013-09-25,26.82017707824707,27.0594227352407,26.729431655613997,26.803680199265187,28907500
2013-09-26,27.03466033935547,27.224405820457324,26.88616332857027,26.927411798886922,28504000
2013-09-27,27.44716453552246,27.843155705689746,27.117170320187352,27.125421906452672,55348000
2013-09-30,27.455398559570312,27.480150158312636,26.976910660323174,27.224404618351446,39839500
2013-10-01,27.702903747558594,27.72765220646538,27.471906591885038,27.513155072415458,36718700
2013-10-02,27.9833984375,28.074146995106176,27.463661848213683,27.521410358134386,46946800
2013-10-03,27.933897018432617,28.049394019690414,27.570902846414096,27.95039703962048,38703800
2013-10-04,27.950403213500977,28.041151776550784,27.73590603773635,27.793654551121143,33008100
2013-10-07,27.471912384033203,27.81015503098909,27.38941540557879,27.719406466454437,35069300
2013-10-08,27.232667922973633,27.496665189017115,27.0594223724629,27.48016516319826,41017600
2013-10-09,27.28215980529785,27.513153803258522,27.191411264082674,27.28215980529785,35878600
2013-10-10,27.85140037536621,27.958648952893338,27.438909235554725,27.48016086718199,42875100
2013-10-11,28.156635284423828,28.16488371935077,27.785392771582664,27.785392771582664,30033300
2013-10-14,28.42064094543457,28.461889431140616,27.867901166388773,27.96690130855257,27757900
2013-10-15,28.453638076782227,28.866129185684475,28.437138054779247,28.602131980694217,47097800
2013-10-16,28.577375411987305,28.79187249010207,28.51137848976035,28.54437537734557,35111600
2013-10-17,28.808374404907227,28.866126049171225,28.35463486382832,28.42063494466885,31359200
2013-10-18,28.841388702392578,28.866140318471693,28.321651970610528,28.72589165088546,41811700
2013-10-21,28.86613655090332,29.03938210555223,28.80013644605142,28.857884964267726,27433500
2013-10-22,28.52788734436035,28.956875339367393,28.478387277063774,28.890878396696117,40438500
2013-10-23,27.85140037536621,28.45364020890171,27.77715184431784,28.338140046226073,58600500
2013-10-24,27.81839942932129,28.131890384094323,27.694650846555962,27.900896386460047,53209700
2013-10-25,29.47661781311035,29.93860904363929,29.262123795364143,29.600366419501718,113494000
2013-10-28,29.344619750976562,29.47661679125784,29.097125693831384,29.377619797811303,38383600
2013-10-29,29.303377151489258,29.468374271744626,29.088879951039786,29.394125724982626,31702200
2013-10-30,29.31986427307129,29.526109795846875,29.22911573952092,29.311612689808385,36997700
2013-10-31,29.212614059448242,29.44360802476773,29.15486556811837,29.418859570499713,41682300
2013-11-01,29.31162452697754,29.443621588977166,29.196127491110143,29.42712156284494,40264600
2013-11-04,29.649858474731445,29.68285851729027,29.328115927426104,29.36111596998493,28060700
2013-11-05,30.22734832763672,30.28509683182686,29.509614670518197,29.52611469272359,51681900
2013-11-06,31.49781036376953,31.530810396288825,30.57383148262352,30.72232848190402,88948800
2013-11-07,30.93683433532715,31.357573897582284,30.879085829665808,31.31632541454669,60437400
2013-11-08,31.167829513549805,31.167829513549805,30.80483844349777,31.077080959272383,36737800
2013-11-11,31.01108169555664,31.167827184010974,30.813084578562957,31.09357865852052,26872500
2013-11-12,30.82133674621582,31.019330719898026,30.68933971474186,30.83783676853225,31651600
2013-11-13,31.4813175201416,31.4813175201416,30.44184143540251,30.50783836842137,44957600
2013-11-14,31.365842819213867,31.45659142028602,31.118348637145708,31.24209415465015,46183700
2013-11-15,31.217336654663086,31.365833750380727,31.118339639870776,31.308085229497017,50601300
2013-11-18,30.689340591430664,31.00283473028332,30.58209201683889,30.813086041752655,53277500
2013-11-19,30.53972053527832,30.947025846621717,30.481530891304303,30.631154156551865,44275000
2013-11-20,30.82233238220215,31.096639503112733,30.639458854312437,30.689331146701278,32229900
2013-11-21,31.088333129882812,31.196391893394658,30.971957031530557,30.980271195446516,23064700
2013-11-22,31.22964859008789,31.321085386305054,31.030153008273267,31.196398269477086,27982000
2013-11-25,31.287824630737305,31.545509773141543,31.229638174536998,31.52888461838088,30646800
2013-11-26,31.046770095825195,31.29614429010861,31.046770095825195,31.229643659386472,34465300
2013-11-27,31.25457000732422,31.387568056128526,31.16313642514669,31.229633864087038,26002100
2013-11-29,31.695133209228516,31.82813127728846,31.43744806508309,31.43744806508309,22090400
2013-12-02,31.961139678955078,32.23544689573786,31.636956981427662,31.661893136337433,42950400
2013-12-03,31.84475326538086,31.994376473434627,31.653568759739656,31.70344104847508,52109800
2013-12-04,32.368446350097656,32.40169667197398,31.686830606259164,31.761642245018276,51983600
2013-12-05,31.587078094482422,32.31856921189779,30.905462452433362,32.293629888752264,116305000
2013-12-06,31.886322021484375,32.04425625762846,31.578764542288216,31.936194321885406,36457300
2013-12-09,32.1772346496582,32.310232654201016,31.894613493639408,32.05255080404325,30286000
2013-12-10,31.678516387939453,32.335195909015674,31.60370475679248,32.094135856328215,37828600
2013-12-11,31.26289176940918,31.83644539976745,31.080018218748116,31.636949863522997,39853400
2013-12-12,30.938711166381836,31.28782996308355,30.905460851193695,31.28782996308355,36012800
2013-12-13,30.498157501220703,31.129900911403002,30.439971025404585,31.10496158539244,40066100
2013-12-16,30.664400100708008,30.755836879860922,30.37346777697102,30.531402014010453,31734200
2013-12-17,30.356843948364258,30.847275009074007,30.198909704412678,30.70596275212816,45687700
2013-12-18,30.406719207763672,30.4233411946522,29.533915862658585,30.223845642743616,63192100
2013-12-19,30.132400512695312,30.381771468960455,29.991091466817103,30.348521162545435,34160100
2013-12-20,30.589590072631836,30.697652014618086,30.082533849763283,30.09084801426013,62649100
2013-12-23,30.43996810913086,30.66440299617344,30.381781638889244,30.59790553200794,25128700
2013-12-24,30.82233238220215,30.897140820785413,30.456585326422726,30.523085944173157,14243000
2013-12-26,31.12157440185547,31.163138871745446,30.89713958232979,30.922078898448547,17612800
2013-12-27,30.99689483642578,31.271201984672615,30.89714389985939,31.237954843408115,14563000
2013-12-30,30.99689483642578,31.071706453388426,30.672712219895754,30.938708375557535,16290500
2013-12-31,31.096654891967773,31.237967189156915,30.938720603039254,31.088343896098085,17503500
2014-01-02,30.888832092285156,31.08833078922995,30.838956625317902,31.046766314628467,30632200
2014-01-03,30.681026458740234,30.9387116490818,30.423341268398673,30.922086491228345,31134800
2014-01-06,30.03266716003418,30.664407430115,30.016041998857677,30.63115710776199,43603700
2014-01-07,30.265403747558594,30.33190437177066,30.09915535795272,30.19890629427082,35802800
2014-01-08,29.72509765625,30.04096928346993,29.575477591697748,29.924596360526884,59971700
2014-01-09,29.533924102783203,29.849795847513782,29.425865303235657,29.824859689299043,36516300
2014-01-10,29.957843780517578,30.049280545694074,29.71678379431119,29.841470868810777,40548800
2014-01-13,29.07672882080078,29.941217814222874,28.952044920605093,29.916281668368523,45901900
2014-01-14,29.741718292236328,29.82484406093634,28.785795734115073,28.868918331891233,41623300
2014-01-15,30.55634307861328,30.58128240389057,29.799915744319257,29.841480229473067,44812600
2014-01-16,30.664400100708008,30.755836879860922,30.182283225526067,30.49815169960494,38018700
2014-01-17,30.2404727935791,30.614530941716076,30.049288222514612,30.614530941716076,46267500
2014-01-21,30.06590461730957,30.606211083096454,29.974471016707643,30.606211083096454,31567300
2014-01-22,29.866409301757812,30.19059191516564,29.716786069273542,30.140716447362795,21904300
2014-01-23,29.974470138549805,30.03265659673919,29.525600457439566,29.999406286081214,43954000
2014-01-24,30.59790802001953,31.213023089997773,30.365158949202705,31.129900460300732,76395500
2014-01-27,29.94953727722168,30.664403255872713,29.907975965400656,30.647778096959335,44420800
2014-01-28,30.149038314819336,30.248786104989456,29.71679366284871,30.024351198912875,36205500
2014-01-29,30.473215103149414,30.656088658778057,29.841474993315543,29.907972450228574,52745900
2014-01-30,30.639467239379883,30.656092398367278,30.115785829513868,30.581280768386417,35036300
2014-01-31,31.45408058166504,31.49564189311278,30.390095788163833,30.714278456750932,93162300
2014-02-03,30.32359504699707,31.578767576430337,30.282033735694764,31.370957848994017,64063100
2014-02-04,30.215539932250977,30.913780901138118,30.13241729085331,30.73091045587815,54697900
2014-02-05,29.774982452392578,30.315289102084407,29.758357290917793,30.16566581973668,55814400
2014-02-06,30.0742130279541,30.13239947671801,29.666904715683096,29.75834146971885,35351800
2014-02-07,30.390090942382812,30.41502709109036,29.932907076582442,30.190592239949535,33260500
2014-02-10,30.589590072631836,30.589590072631836,30.165659640108352,30.44828098543223,26767000
2014-02-11,30.897153854370117,30.971965495435736,30.639471779197123,30.656096940647853,32141400
2014-02-12,31.146528244018555,31.254587037541903,31.005215956520225,31.046777274869616,27051800
2014-02-13,31.26289176940918,31.470701469369704,31.03014592014919,31.03014592014919,37635500
2014-02-14,31.271209716796875,31.4042078275129,31.030152821135072,31.080025130825405,31407500
2014-02-18,31.33820152282715,31.639691961832586,31.329828208277988,31.51407307538181,32834000
2014-02-19,31.413576126098633,31.614570829758218,31.162335142550972,31.170711652333942,29750400
2014-02-20,31.614564895629883,31.715060631245173,31.321451002292857,31.46381969485603,27526100
2014-02-21,31.807193756103516,32.11705757542565,31.706697986672566,31.77369410139223,38021300
2014-02-24,31.564308166503906,31.80717573349253,31.438689324569207,31.564308166503906,32085100
2014-02-25,31.438697814941406,31.69831207520551,31.279576099603315,31.497320595949557,30736500
2014-02-26,31.380077362060547,31.606195189025932,31.145583025928552,31.472199794680023,41041800
2014-02-27,31.70669174194336,31.73181488067729,31.179083465614827,31.36332833553641,33903400
2014-02-28,32.083553314208984,32.20917219677735,31.673190630533863,31.807186022094736,41215000
2014-03-03,31.639684677124023,31.932801734093147,31.39682027468863,31.756930222031073,29717500
2014-03-04,32.16729736328125,32.22592014400749,31.882556773452986,31.991429021102544,26802400
2014-03-05,31.91606330871582,32.05005872140554,31.765318070102047,32.0333088954815,20520100
2014-03-06,31.949562072753906,32.02493468996635,31.73181753649461,31.94118556267333,23582200
2014-03-07,31.74018096923828,32.125417211956545,31.564309471735392,32.05841793772664,26591600
2014-03-10,31.673198699951172,31.832317269624113,31.589452756902872,31.81557063677681,19006600
2014-03-11,31.840702056884766,32.016570499820226,31.58946096773357,31.71507991495728,25216400
2014-03-12,32.050045013427734,32.18404036880692,31.648058947290174,31.65643225931957,30494100
2014-03-13,31.7318115234375,32.2007969632998,31.522443536933213,32.175670632521964,32169700
2014-03-14,31.572702407836914,31.941189023746904,31.41358064608939,31.53082943700442,27195600
2014-03-17,31.86582374572754,32.16731431676134,31.648082330371807,31.740204804265872,20479600
2014-03-18,33.122013092041016,33.41513017462298,32.00817712339453,32.04167357150814,64063900
2014-03-19,32.887535095214844,33.12202629901932,32.58604457906449,33.05503018137649,35597200
2014-03-20,33.7752571105957,34.04324797291394,32.862412237479525,32.87078555424437,59269800
2014-03-21,33.63287353515625,34.28610063678331,33.50725146421168,34.101858979353764,80721800
2014-03-24,33.91762161254883,34.034867200797805,33.38163995500913,33.7836261981639,46098400
2014-03-25,33.783626556396484,34.32798473012773,33.46538624584425,34.05161738800804,43193100
2014-03-26,33.323020935058594,34.09349385636021,33.163899166096236,33.900875626034804,41977500
2014-03-27,32.96289825439453,33.47375668280749,32.94614843112009,33.28113850720462,35369200
2014-03-28,33.750118255615234,34.034858840578224,33.23088655175399,33.3230089755217,43472700
2014-03-31,34.32798767089844,34.75509709702388,33.83387893377913,33.859002078050345,46886300
2014-04-01,34.688087463378906,34.83045935952165,34.39497355176449,34.46197284282037,32605000
2014-04-02,34.62946701049805,34.88908448875041,34.47872179018406,34.704839620655044,28666700
2014-04-03,34.34469985961914,34.57919401822031,34.09345908476767,34.57919401822031,30139600
2014-04-04,33.38999938964844,34.662956894455554,33.19738126121531,34.54571135494855,51409600
2014-04-07,33.331390380859375,33.725003307166894,33.28114409729853,33.46538579485941,37559600
2014-04-08,33.348121643066406,33.44024403791646,32.82889010219445,33.28949888174381,35918600
2014-04-09,33.89248275756836,33.95947883634897,33.39837429709423,33.44024724566976,27398700
2014-04-10,32.96289825439453,34.07673434717666,32.736780432242796,33.86736634829936,45960800
2014-04-11,32.83728790283203,33.32302336713238,32.66141948770395,32.66141948770395,34330200
2014-04-14,32.81214904785156,33.004767200021384,32.57765793994078,32.75352627087387,32006600
2014-04-15,33.28951644897461,33.46538482575001,32.703285331687376,32.94615301087392,33968700
2014-04-16,33.833866119384766,33.850612746087556,33.423503481727444,33.54912554491077,30615800
2014-04-17,33.50725173950195,33.66637345663266,33.0885157591824,33.50725173950195,36688400
2014-04-21,33.44862365722656,33.62449516906391,33.32300479985873,33.60774534914124,22221200
2014-04-22,33.49050521850586,33.616124096181416,33.35650983216406,33.46537888720914,27056700
2014-04-23,33.23927307128906,33.490517306729465,33.05503134525677,33.490517306729465,24602800
2014-04-24,33.38164520263672,33.47376766351485,32.91265958121314,33.28114942472566,42381600
2014-04-25,33.42351150512695,34.068365407843416,33.28951609642629,33.741751798804465,56876800
2014-04-28,34.22748565673828,34.57922561873062,33.574258406227415,33.61613137451865,50610200
2014-04-29,33.92599105834961,34.495472303200856,33.82549530770007,34.42009969153812,29636200
2014-04-30,33.833866119384766,33.9176120317058,33.6412447705832,33.833866119384766,35458700
2014-05-01,33.498878479003906,33.80036889646726,33.45700551984555,33.69987315554681,28787400
2014-05-02,33.23927307128906,33.783631321805714,33.21414992562629,33.75850817614294,43416600
2014-05-05,33.02152633666992,33.197394717215694,32.91265406526903,33.09689895614706,22460900
2014-05-06,32.711647033691406,32.95451140823375,32.61952463193001,32.904265148873804,27112400
2014-05-07,33.013145446777344,33.08851805625547,32.25104603747732,32.84565359878349,41744500
2014-05-08,33.1973876953125,33.41513219205703,32.63628302043616,32.94614674843202,32120400
2014-05-09,33.1136474609375,33.373261766231906,32.97127554329322,33.1136474609375,29647600
2014-05-12,33.473758697509766,33.515631660865026,33.20576789839329,33.2811405103137,22782600
2014-05-13,34.08942413330078,34.15689608960481,33.608697704974425,33.66773405812047,27004800
2014-05-14,33.937599182128906,34.11470813988675,33.77735498652486,33.988199903066516,18818700
2014-05-15,33.397850036621094,34.07255667755461,33.32194570037806,33.81110769333089,37793200
2014-05-16,33.591827392578125,33.600259777105336,33.119533428068905,33.45688350222741,29867100
2014-05-19,33.524356842041016,33.58339318790569,33.27977585646473,33.40628415031165,24537400
2014-05-20,33.46532440185547,33.684601823910114,33.279779740489275,33.46532440185547,21320900
2014-05-21,34.0303840637207,34.0303840637207,33.515924930666,33.566525675128,22398700
2014-05-22,33.81953811645508,34.030383125204146,33.608693107706,33.97978238213766,20201800
2014-05-23,33.8364143371582,34.04725939721544,33.73520960915801,34.04725939721544,18020000
2014-05-27,33.895450592041016,33.95448695129571,33.574968418155585,33.95448695129571,26160600
2014-05-28,33.74363708496094,33.895445763487295,33.58339602084526,33.85327740106104,25711500
2014-05-29,34.02195739746094,34.030389783875464,33.659303654073504,33.861716317663756,19888200
2014-05-30,34.527984619140625,34.55328821314925,33.94605343278506,34.11473011813513,34567600
2014-06-02,34.40147399902344,34.65448737783748,34.308701676102366,34.5364146822069,18504300
2014-06-03,33.97978591918945,34.308703652317654,33.94604994214044,34.241231698219636,18068900
2014-06-04,34.005088806152344,34.0472571719597,33.61713469314054,33.91231647103211,23209000
2014-06-05,34.75570297241211,34.789438958084986,34.07256695736011,34.23280806344525,31865200
2014-06-06,34.983402252197266,35.13521091061036,34.78099285247274,34.983402252197266,24060500
2014-06-09,34.80630111694336,34.98341018617921,34.59545606768921,34.907505839758116,15019200
2014-06-10,34.67136764526367,34.71353602046123,34.46052255203511,34.603895671154945,15117700
2014-06-11,34.460506439208984,34.63761546257167,34.384602112447936,34.51954278032988,18040000
2014-06-12,34.224369049072266,34.47738245814863,33.97978802616109,34.41834610327215,29818900
2014-06-13,34.772552490234375,35.05930178161962,34.46050283165716,34.66291220367088,26310000
2014-06-16,35.000267028808594,35.09303933569141,34.612313033879666,34.612313033879666,24205300
2014-06-17,35.152095794677734,35.34607290317645,34.021965915028886,34.823177949082485,22518600
2014-06-18,35.12677764892578,35.20268197623679,34.73038802660838,35.09304167740104,27097000
2014-06-19,35.00871658325195,35.22799727384188,34.8569110815429,35.0593205619821,19828200
2014-06-20,35.152095794677734,35.27860414324865,34.89908231477685,34.95811868617902,47764900
2014-06-23,35.41352462768555,35.42195701138876,35.16050807524148,35.194244044532574,18743900
2014-06-24,35.211116790771484,35.371357840714865,35.050875740828104,35.278588738477886,26509100
2014-06-25,35.44725799560547,35.46412598054408,34.96653168519209,35.16894428721627,20049100
2014-06-26,35.18582534790039,35.371366816697666,34.94124430125812,35.3629344297143,23604400
2014-06-27,35.632816314697266,35.666552297547106,35.00871350093691,35.093053458061505,74640000
2014-06-30,35.16896057128906,35.59908312604367,35.16896057128906,35.56534714054588,30793100
2014-07-01,35.312339782714844,35.54848850474486,35.160531038995984,35.30390739350434,26917000
2014-07-02,35.33763122558594,35.33763122558594,35.02557823907008,35.1942549204116,20208100
2014-07-03,35.25327682495117,35.4135210542949,35.05086746410691,35.34604912252095,15969300
2014-07-07,35.41352462768555,35.523161702022925,35.177376059887024,35.21111202917812,21952400
2014-07-08,35.23643112182617,35.42197583428472,35.09305800201061,35.312335484446415,31218200
2014-07-09,35.14366149902344,35.413546200518425,35.02558875181748,35.40511059443739,18445900
2014-07-10,35.1605110168457,35.42195997486637,34.620748331986995,34.89062967441635,21854700
2014-07-11,35.497867584228516,35.497867584228516,34.98340522228845,35.1689498688215,24083000
2014-07-14,35.540035247802734,35.801484224860296,35.45569852861751,35.6075071969426,21881100
2014-07-15,35.80149459838867,35.81836259056116,35.4472731972475,35.70028986259428,28748700
2014-07-16,37.17619323730469,37.3701702579827,35.826783260027064,35.85208363139044,63318000
2014-07-17,37.555721282958984,38.55091022950779,37.319575843859376,38.3316327813782,82180300
2014-07-18,37.69065475463867,37.81716305399655,37.31956867628976,37.656921996417644,43407500
2014-07-21,37.81715774536133,38.087039076682785,37.2942630680809,37.58101238476486,37604400
2014-07-22,37.80873107910156,38.07861245123709,37.60631844138005,37.95210415050618,43095800
2014-07-23,37.84246063232422,38.33162258866129,37.63161562712503,38.33162258866129,52362900
2014-07-24,37.44607162475586,37.952098315398814,37.378599683475876,37.893061975398446,30725300
2014-07-25,37.53041458129883,37.665355269081324,37.36173791726077,37.36173791726077,26737700
2014-07-28,37.08341979980469,37.53884255679407,37.04968382751232,37.41233748655679,29684200
2014-07-29,37.015960693359375,37.184637396083474,36.80511561926438,37.03282868535583,27763100
2014-07-30,36.75450897216797,37.19306382485414,36.50992795326376,37.16776344953302,31921400
2014-07-31,36.40028381347656,36.84727422254532,36.33281508061696,36.58582845900985,31537500
2014-08-01,36.14727783203125,36.476195612973605,35.92799716657614,36.44245963102046,31170300
2014-08-04,36.577396392822266,36.66173633860007,36.105105565426435,36.240046261430955,34277400
2014-08-05,36.33280944824219,36.65329150981299,36.12196446272706,36.52678644884741,26266400
2014-08-06,36.04606246948242,36.40871290815229,35.59906888357141,36.04606246948242,24634000
2014-08-07,36.45932388305664,36.64486854753082,35.97016506386107,36.130406135845135,30314900
2014-08-08,36.43402862548828,36.535233357944406,36.18944757291559,36.45932900429221,28942700
2014-08-11,36.43402862548828,36.644873694828796,36.282219918183884,36.48462938309613,20351600
2014-08-12,36.703895568847656,36.76293190758053,36.265337611661195,36.299073581576884,21431100
2014-08-13,37.17619323730469,37.260529953342264,36.7038992626716,36.83883993867541,22889500
2014-08-14,37.33644104003906,37.46294613698428,37.11716039108324,37.176199963679096,19313200
2014-08-15,37.774993896484375,37.867766218424634,37.44607618577955,37.59788485491095,41611300
2014-08-18,38.04487609863281,38.04487609863281,37.68222240518478,37.90149981140839,26891100
2014-08-19,38.46920394897461,38.477689002022736,38.04488007521491,38.16369024189415,28139500
2014-08-20,38.14671325683594,38.52860535422967,38.10428152097751,38.47768532879919,24770500
2014-08-21,38.375850677490234,38.401309072972914,38.04487858687896,38.05336363959514,22285500
2014-08-22,38.316444396972656,38.58801139806683,38.248551028032104,38.48617134465601,18294500
2014-08-25,38.33341598510742,38.562551258146684,38.223094112311365,38.52860780969705,16910000
2014-08-26,38.1976432800293,38.52861870400612,38.138238181777446,38.452240258063014,14873100
2014-08-27,38.078834533691406,38.18915967921855,37.98548273650191,38.10429617486547,21287900
2014-08-28,38.08731460571289,38.172178091748926,37.85817930861421,37.97698948399846,17657600
2014-08-29,38.55406951904297,38.56255457255112,38.07034053571777,38.26552913974948,21607600
2014-09-02,38.265525817871094,38.579524567764835,38.06184894067826,38.55406617211603,22976800
2014-09-03,38.15521240234375,38.28251089427281,37.79029351197125,37.79029351197125,33684500
2014-09-04,38.4097900390625,38.41827832820969,37.95152278246126,37.968496123421865,26475500
2014-09-05,38.9614143371582,38.97838767901081,38.282496849723636,38.282496849723636,36939400
2014-09-08,39.43666458129883,39.71671667386868,39.02931402289347,39.054772421126785,45736700
2014-09-09,39.68275833129883,39.86097677859921,39.394218032495246,39.4366530002018,40302400
2014-09-10,39.75065612792969,39.83551959815078,39.275412277623474,39.7336827864187,27302400
2014-09-11,39.88645553588867,39.88645553588867,39.43667313706952,39.66580848288357,29216400
2014-09-12,39.63185501098633,39.9034220624134,39.54698828408124,39.8100702814851,38244700
2014-09-15,39.2414665222168,39.64032869357992,39.12265313863309,39.496060155228804,37667600
2014-09-16,39.68275833129883,39.7591367409037,39.28389618099205,39.36875964173813,27910600
2014-09-17,39.479095458984375,39.623364028924264,39.232986823674025,39.25844522134945,38311900
2014-09-18,39.61487579345703,39.7421742462778,39.42817225927568,39.5384973692314,35556600
2014-09-19,40.3277473449707,40.370179091186934,39.5469896177862,39.725208131629934,202522400
2014-09-22,39.937374114990234,40.208941202876694,39.86948072435109,40.14104781223755,38686100
2014-09-23,39.51302719116211,39.869457573041224,39.436648789711846,39.75913249598347,33430300
2014-09-24,39.954345703125,39.979804104826,39.3263448167093,39.57245349093538,26582700
2014-09-25,39.071754455566406,39.962834202594074,39.06326616271114,39.78461890065558,33077400
2014-09-26,39.385746002197266,39.563961271081716,38.83412361298205,38.978395428746545,27078800
2014-09-29,39.41120529174805,39.51304536541243,38.83412449032182,39.020828054705206,26091000
2014-09-30,39.34330749511719,39.4451443116416,39.04627886069778,39.351792547605044,33033100
2014-10-01,38.952938079833984,39.48758390090263,38.91050309695437,39.266936881668144,38088400
2014-10-02,38.83413314819336,39.122673613235094,38.73229628915963,38.893541489743036,25119400
2014-10-03,39.11417770385742,39.29239296704938,38.70682714341817,39.020825926756544,32453200
2014-10-06,39.11417770385742,39.29239296704938,38.969905892701206,39.13963610221785,20604000
2014-10-07,38.6389274597168,38.97838782335816,38.54557569784872,38.91898274532102,25723700
2014-10-08,39.699729919433594,39.793081664535876,38.47767865700384,38.596488791740065,33031000
2014-10-09,38.91049575805664,39.71671172068901,38.817147230398085,39.46211805810354,34422800
2014-10-10,37.36595916748047,39.1396330836003,37.298069031310476,38.69833586782557,51978100
2014-10-13,37.04347229003906,37.81574154440701,36.90768879160076,37.187740840796145,37100200
2014-10-14,37.111366271972656,37.66298861262543,36.96709770624352,37.23017644076943,38115700
2014-10-15,36.678550720214844,36.82281925991626,35.72806306665108,36.49184721016951,60218700
2014-10-16,36.27120590209961,36.55974626375041,35.829908687966956,36.092987415981305,49040400
2014-10-17,37.026512145996094,37.289590946993165,36.31364771576431,36.6615932568694,40683300
2014-10-20,37.40839767456055,37.45931447215914,36.33061454848483,36.542776504704435,34527900
2014-10-21,38.08731460571289,38.172178091748926,37.501745545127,37.646017356189645,36433800
2014-10-22,37.662986755371094,38.248552517279904,37.535688302318064,38.18914743581093,33570900
2014-10-23,38.20612335205078,38.57104215555853,37.79028451642532,37.86666294593471,45451900
2014-10-24,39.14812469482422,39.80158390223012,38.34190862140995,39.742178814041814,61076700
2014-10-27,38.9614143371582,39.12265622875706,38.791684155966074,38.791684155966074,30371300
2014-10-28,39.45363998413086,39.46212503820646,38.84261249597929,38.91899093199824,29049800
2014-10-29,39.5639533996582,39.63184676705959,39.32633308842121,39.41119656033901,30276100
2014-10-30,39.08021545410156,39.30935066011517,38.84259519779109,39.30935066011517,30073900
2014-10-31,39.8440055847168,39.86097892524678,39.445140175596265,39.83551729578496,35849700
2014-11-03,40.25985336303711,40.27682670873838,39.65731415864796,39.79309768692347,23130400
2014-11-04,40.370174407958984,40.5059579224999,40.09860737887715,40.141039120170994,21530800
2014-11-05,40.61627960205078,40.65022628714642,40.107089037618444,40.565359574407324,22449600
2014-11-06,41.32915115356445,41.464934680764614,40.55688173561331,40.61628682642996,33037800
2014-11-07,41.312171936035156,41.515845579218634,40.98119983786136,41.515845579218634,28000600
2014-11-10,41.490379333496094,41.71102951542278,41.201839029130596,41.28670572884608,36370100
2014-11-11,41.47341537475586,41.541308749885594,41.28671506781771,41.45644203097343,23445200
2014-11-12,41.39704513549805,41.51585532814361,41.176398097347,41.21034479162714,22722100
2014-11-13,42.10141372680664,42.135360412421406,41.33762948714512,41.42249620118202,26210400
2014-11-14,42.07596969604492,42.47483205752099,41.914724502992584,42.2117532475265,29081700
2014-11-17,41.974124908447266,42.186286886234406,41.702557835866514,41.93169316035681,30318600
2014-11-18,41.62398147583008,42.12784184875463,41.58982067752092,41.95704111496184,23995500
2014-11-19,41.179893493652344,41.632512588025996,40.93223263690914,41.555652434476464,26177500
2014-11-20,41.58982467651367,41.58982467651367,40.88100270333171,40.992023679635,21510600
2014-11-21,40.97493362426758,41.88871367619972,40.62479363481463,41.8630947099174,42884800
2014-11-24,40.641876220703125,40.99201622901586,40.47107550153167,40.983477659046024,35434200
2014-11-25,40.539398193359375,40.96639837400903,40.52231779520305,40.701657089215225,28008000
2014-11-26,40.77851104736328,40.983472536300326,40.37712989614408,40.556472420621134,27163600
2014-11-28,40.82975769042969,41.1628173039284,40.658956969782125,40.949317217557144,21534400
2014-12-01,41.52149963378906,41.658139571092136,40.74435937954913,40.889541145419756,31191600
2014-12-02,41.38484573364258,41.888705943278836,41.16280713209615,41.70936669690457,25773500
2014-12-03,41.06034469604492,41.41902333439438,40.82976417521171,41.3677821327359,23534800
2014-12-04,41.709373474121094,41.89725457670915,41.16281382050402,41.32507269962393,30320400
2014-12-05,41.35068893432617,41.82039165977472,41.316531401545426,41.69229032415197,27313400
2014-12-08,40.73581314086914,41.29091135640754,40.522313075411496,41.21405120253269,26663100
2014-12-09,40.641876220703125,40.923694638246175,40.18071525626603,40.23195644934329,24330500
2014-12-10,40.052616119384766,40.70165492606689,39.88181540465178,40.633336594825295,30431800
2014-12-11,40.283206939697266,40.76999028126467,39.864748467947045,40.20635001275658,29060400
2014-12-12,40.09531784057617,40.761437083663736,39.85619552279247,39.9501360843054,34248400
2014-12-15,39.856197357177734,40.710197762596614,39.75371822069831,40.30881978732179,29247800
2014-12-16,38.566654205322266,39.57437484052278,38.541035238279896,39.19861587363973,47801400
2014-12-17,39.06198501586914,39.24132434227933,38.34462445247495,38.47272257515933,34970900
2014-12-18,40.58209228515625,40.58209228515625,39.57437172918281,39.77933322266572,40105600
2014-12-19,40.7016487121582,41.07740762100162,40.28318718783643,40.67602974907293,64551200
2014-12-22,40.97493362426758,41.094493143921866,40.74435315446892,40.80413291429606,26566000
2014-12-23,41.37630844116211,41.675207194332984,41.10302865033386,41.30798686457901,23648100
2014-12-24,41.11157989501953,41.53858010707042,41.060341954535396,41.53858010707042,11437800
2014-12-26,40.8895378112793,41.342156955860375,40.83829661731146,41.342156955860375,13197800
2014-12-29,40.52231216430664,40.80413055034304,40.360050033245564,40.735812224963944,14439500
2014-12-30,40.155094146728516,40.66749301915873,40.00137383344894,40.51377270587915,16384700
2014-12-31,39.668312072753906,40.513770491835416,39.668312072753906,39.907431099120004,21552500
2015-01-02,39.93305969238281,40.49669986025541,39.74518180826074,39.84766095030489,27913900
2015-01-05,39.565826416015625,39.907424503257836,39.49750484391607,39.59998394431354,39673900
2015-01-06,38.9851188659668,39.92451798606721,38.891178302406175,39.608538755888404,36447900
2015-01-07,39.48042297363281,39.67684259944172,38.848464744117486,39.26692295543811,29114100
2015-01-08,40.641876220703125,40.778516144489735,39.89889683872298,39.92451580638524,29645200
2015-01-09,40.30027770996094,40.83829887422191,40.05262006981172,40.65895957205259,23944200
2015-01-12,39.796417236328125,40.599179695261356,39.591458965187755,40.49669730193819,23651900
2015-01-13,39.59145736694336,40.91515727861193,39.33525790948377,40.1123981098378,35270600
2015-01-14,39.24985122680664,39.488973515238165,38.95949100765958,39.24985122680664,29719600
2015-01-15,38.83992385864258,39.608525245837754,38.78014411272204,39.47188536119771,32750800
2015-01-16,39.488990783691406,39.52314833318797,38.575207107388295,38.69476993276486,35695300
2015-01-20,39.617069244384766,39.839111123459006,38.91678933238558,39.540209095128645,36161900
2015-01-21,39.21569061279297,39.40357171361072,38.83993166890994,39.23277100902663,39081100
2015-01-22,40.24903869628906,40.257577266651204,39.35233895163077,39.60853841328272,35898000
2015-01-23,40.29173278808594,40.47107206198557,39.96721177501577,40.44545309650062,26211600
2015-01-26,40.14656066894531,40.2490430709472,39.48898317374277,40.13802209765512,42525500
2015-01-27,36.43165588378906,36.89281686835987,35.96195632887563,36.6793167745126,169164000
2015-01-28,35.17626953125,36.5426719016933,35.15065056593469,36.4999725402503,84507100
2015-01-29,35.87655258178711,35.970493139725285,34.83467439004774,34.954233915513505,63585300
2015-01-30,34.501609802246094,35.509330311108634,34.45890718552553,35.48370808952585,78004900
2015-02-02,35.25312805175781,35.32998820189546,34.356428471986796,34.66386907253739,50352500
2015-02-03,35.526397705078125,35.80821926093097,35.05669836974142,35.5520199196338,52082400
2015-02-04,35.73136901855469,36.047348184984685,35.32144930751657,35.816767736697194,41614800
2015-02-05,36.2523193359375,36.41457824677495,35.7484589459386,36.05589962563327,36548200
2015-02-06,36.21815490722656,36.54267595413595,35.99611624844823,36.44873539389222,34616600
2015-02-09,36.17545700073242,36.499978060736275,36.0473556392761,36.072977866219134,31381100
2015-02-10,36.38041305541992,36.52559480675061,36.021734477578356,36.49997583911986,29670700
2015-02-11,36.19253921508789,36.42311972262486,36.0473574476373,36.42311972262486,38262500
2015-02-12,36.79887390136719,36.79887390136719,36.30355215228472,36.43165350332403,33268800
2015-02-13,37.46498107910156,37.46498107910156,36.850103261691665,37.046522881201234,40264900
2015-02-17,37.482200622558594,37.84343180585555,37.146767448292195,37.81763051588782,33695700
2015-02-18,37.43920135498047,37.58541634865898,37.31879093720865,37.52521113977307,27111700
2015-02-19,37.413394927978516,37.439196219408196,37.026359151846435,37.13817021627067,27603400
2015-02-20,37.723026275634766,37.74022823147709,37.23278201741004,37.42199696980044,29721100
2015-02-23,37.97243118286133,38.0068317968204,37.542392339480955,37.58539556763179,32518800
2015-02-24,37.92082977294922,38.101445320855845,37.77461484302263,37.97243562132385,25271700
2015-02-25,37.83481979370117,37.92082625207029,37.67140292948933,37.80041589797909,29759800
2015-02-26,37.895042419433594,38.04125412217117,37.748827435758436,37.83483721466664,28957300
2015-02-27,37.714420318603516,38.01544959778945,37.55100667397388,37.955244398139726,33807700
2015-03-02,37.74021530151367,38.00683732337987,37.456388048762136,37.55959646751884,31924000
2015-03-03,37.22417068481445,37.69721615739416,37.060757063973995,37.46499472929235,31748600
2015-03-04,37.034969329833984,37.163979094255474,36.88015498777777,36.991962794088785,25748700
2015-03-05,37.07794952392578,37.18976054163372,36.828526207860385,37.04354562910242,23193500
2015-03-06,36.43290328979492,37.0779617665096,36.25228770373971,36.983352664974845,36248800
2015-03-09,36.854339599609375,37.095163661576706,36.28668827222587,36.28668827222587,32108000
2015-03-10,36.14906311035156,36.73391618341341,36.14906311035156,36.42428769991762,39159700
2015-03-11,36.10607147216797,36.441501343304125,35.98566108570237,36.38989876678285,32215300
2015-03-12,35.28038787841797,35.82223775162333,35.14277557675553,35.54701314829846,59992500
2015-03-13,35.590023040771484,35.66743018000774,34.92776268973612,35.00516982897238,58007700
2015-03-16,35.74485397338867,35.81365852869108,35.5040298274847,35.66744679808708,35273500
2015-03-17,35.86524200439453,35.977053027979125,35.392199908986704,35.58141477858813,31673400
2015-03-18,36.553306579589844,36.83713382905733,35.54701712624827,35.633023594060965,44194800
2015-03-19,36.37268829345703,36.630710958428686,36.31248311432818,36.346883730304526,33879100
2015-03-20,36.88014221191406,36.96614869173439,36.54471234730314,36.60491753936475,71904500
2015-03-23,36.862937927246094,37.09515934519135,36.794130122994154,36.88013987830907,26246100
2015-03-24,36.897342681884766,37.129560824258725,36.76832968639988,36.79413097312215,25513300
2015-03-25,35.65883255004883,36.923148240712976,35.641630596598084,36.91454562351903,43469900
2015-03-26,35.44381332397461,35.78784583374234,35.19438991843986,35.45241594123424,37495600
2015-03-27,35.23740005493164,35.63303518506374,35.11698964845122,35.36640979861602,34401400
2015-03-30,35.22878646850586,35.72763317539736,35.18578323399988,35.34919683749719,35049700
2015-03-31,34.97077178955078,35.28899973489946,34.867563346912306,35.07398023218926,34887200
2015-04-01,35.022377014160156,35.05677764045563,34.669745167368504,34.919165292462225,36865300
2015-04-02,34.65253829956055,35.039573998698025,34.50632335502563,34.970766193990606,37487500
2015-04-06,35.736228942871094,35.9340464266024,34.55792337415151,34.6955356793966,39223700
2015-04-07,35.71902847290039,36.045858941735055,35.529813595942464,35.78783626883876,28809400
2015-04-08,35.62443161010742,35.856653079627215,35.29760431013505,35.65883551987422,24753400
2015-04-09,35.676025390625,35.796435753086165,35.478207897876466,35.478207897876466,25723900
2015-04-10,35.8824462890625,36.080263786170065,35.61582099421159,35.80503915706942,28022000
2015-04-13,35.91685104370117,36.174877034020355,35.5986231448274,35.60722576100431,30276700
2015-04-14,35.822242736816406,36.14906994816246,35.598620664909596,35.951252442051995,24244400
2015-04-15,36.346885681152344,36.51890189401148,35.84804227289086,35.916846789472686,27343600
2015-04-16,36.26089096069336,36.41570527431986,35.96846428839191,36.08027535510825,22509700
2015-04-17,35.796443939208984,35.899655657152685,35.40080886323597,35.839447181217,42387600
2015-04-20,36.905948638916016,37.12956748615047,35.84805304131438,35.89105628721285,46057700
2015-04-21,36.67372512817383,37.11236674230665,36.579116023912356,36.983353730870604,26013800
2015-04-22,36.97475051879883,37.095160900351054,36.59631414142117,36.69952257118925,25064300
2015-04-23,37.275779724121094,37.50800117205779,36.811336828247704,36.88874397755993,46309500
2015-04-24,41.17192459106445,41.40414599767899,39.26255404935023,39.27115338399379,130933700
2015-04-27,41.30954360961914,41.395553374682564,40.612882557759264,40.621481893797075,59248200
2015-04-28,42.281436920166016,42.32444016659388,41.025723751223026,41.094528289320124,60730800
2015-04-29,42.1954231262207,42.41044260209251,41.7137783191306,41.902996507797575,47804600
2015-04-30,41.83419418334961,42.60826571031065,41.79979027527639,41.885800045459426,64725500
2015-05-01,41.85138702392578,42.0406051961875,41.62776823201911,41.782582503699324,38937300
2015-05-04,41.49015426635742,42.03200091482802,41.438548417530335,41.6019620174115,34039500
2015-05-05,40.939701080322266,41.421345819020495,40.69028101723974,41.12891924212092,50369200
2015-05-06,39.804412841796875,41.085930635855114,39.580793982647045,40.91391436215812,52433000
2015-05-07,40.16564178466797,40.501071667429116,39.7011988942585,39.79580799574233,32971700
2015-05-08,41.0687255859375,41.26654313745572,40.87090803441928,40.89670932520161,35364900
2015-05-11,40.74189758300781,41.206340531946466,40.74189758300781,40.8967118993207,24609400
2015-05-12,40.72468566894531,41.00851293975766,39.92481299057539,40.29464673566844,29928300
2015-05-13,40.96550750732422,41.55896002230668,40.91390165695928,41.44714898698424,34184600
2015-05-14,41.90299606323242,41.98900254029394,41.30954021632287,41.30954021632287,32980900
2015-05-15,41.541770935058594,42.066419092941516,41.326751413364775,42.0320151820455,28642700
2015-05-18,41.292335510253906,41.472954349533495,40.94830634402005,41.26653422504393,24136500
2015-05-19,41.1884651184082,41.387568265908875,40.84219676485761,41.171151370504695,28574800
2015-05-20,41.1884651184082,41.49144745107015,40.92010697929351,41.02398616445478,25047900
2015-05-21,41.0499382019043,41.20575856649952,40.69501477193927,40.9287453188321,22410700
2015-05-22,40.59980773925781,40.98935547886299,40.530552753033206,40.94607276360236,25720600
2015-05-26,40.33144760131836,40.582491960421585,39.98517929205465,40.53920924732845,29581900
2015-05-27,41.21442794799805,41.35293460832821,40.35741571690188,40.53054986787941,27335600
2015-05-28,41.07593536376953,41.56936571667808,41.02399410999901,41.11921809078143,19283700
2015-05-29,40.5651741027832,41.179797152277736,40.33144351306155,41.05860424699814,36519600
2015-06-01,40.885475158691406,41.35293639585954,40.35741746140068,40.73831327046778,28837300
2015-06-02,40.61711502075195,40.98935228707484,40.35741544715114,40.62577354448555,21498300
2015-06-03,40.5565185546875,41.326965356104495,40.530549588010935,41.006666023217036,28002200
2015-06-04,40.132347106933594,40.82488046854505,39.9938404346113,40.50458440797342,27745500
2015-06-05,39.94189453125,40.270849077959994,39.68219496374597,40.089059710933086,25438100
2015-06-08,39.58695602416992,40.1929236536639,39.535014809439154,40.08038600620952,22121600
2015-06-09,39.517723083496094,39.76876415124114,39.35324414343683,39.61294373553209,24406100
2015-06-10,40.3487663269043,40.539214250730595,39.55235043820682,39.638919177336845,28417400
2015-06-11,40.201602935791016,40.61712299558809,39.93324808802659,40.39205086821213,27347800
2015-06-12,39.79473114013672,40.22756483693261,39.73413468676602,40.01114798853466,23931000
2015-06-15,39.37055969238281,39.517724892738805,38.972353412788344,39.34459072266219,33254500
2015-06-16,39.673545837402344,40.028469404710826,39.21473978532576,39.2580225028493,27070300
2015-06-17,39.79473114013672,39.88129655859228,39.26667350168429,39.58696951268072,28704100
2015-06-18,40.443992614746094,40.51324430777302,39.96787277779875,40.011158800983004,32658300
2015-06-19,39.90727615356445,40.53921642520095,39.81205548880353,40.504588927691564,63837000
2015-06-22,40.019805908203125,40.44398441266145,39.959209450746116,40.10637463475547,20318100
2015-06-23,39.742801666259766,40.06309777202098,39.49175725530043,39.93324960591996,25896500
2015-06-24,39.509056091308594,40.0371136866726,39.43114590015229,39.53502505427444,34890900
2015-06-25,39.517723083496094,39.87264662988683,39.38787163631873,39.846674359095665,20616000
2015-06-26,39.18011474609375,40.06309610840713,38.98101159119856,39.517727889361126,49835300
2015-06-29,38.40967559814453,39.15415036156564,38.401020373987194,38.989674684494105,34081700
2015-06-30,38.21921157836914,38.712641661793334,38.037418940587656,38.70398313976352,35945400
2015-07-01,38.47891616821289,39.154135676080635,38.17593060018219,38.48757138912392,28343900
2015-07-02,38.435630798339844,38.73861304313684,38.14130377385471,38.5048824676111,21752000
2015-07-06,38.426979064941406,38.504889270548276,38.04608656100747,38.05474178284851,23034000
2015-07-07,38.34907150268555,38.51355044933703,37.500717706634475,38.383698996955296,36435800
2015-07-08,38.29713821411133,38.86847872990378,38.11534549824918,38.47026910196479,39785900
2015-07-09,38.53951644897461,39.145484342959556,38.52220270317397,38.738619572292926,32424700
2015-07-10,38.617427825927734,39.076230545660884,38.582800333275564,38.96369284567106,25465800
2015-07-13,39.4224967956543,39.49174847505938,38.911752863787115,38.937721830781605,28178300
2015-07-14,39.491737365722656,39.78606435048113,39.22338264291176,39.344575524472596,22880300
2015-07-15,39.61295700073242,39.72549473915438,39.327288344443545,39.54370529403777,26629600
2015-07-16,40.392051696777344,40.41802066909115,39.794742217740115,39.829366413405204,26271700
2015-07-17,40.3574104309082,40.49591707309684,40.04576966041906,40.296813981341856,29467100
2015-07-20,40.61711502075195,40.79890769430584,40.2015950425388,40.38338771609269,30631900
2015-07-21,40.928749084472656,40.97203509148815,40.236215901587755,40.49591543238726,42781900
2015-07-22,39.4224967956543,40.6257740328687,39.12816972809932,39.33592806857384,59152400
2015-07-23,39.915924072265625,40.01980323493018,39.041598154916784,39.188763329095686,33934000
2015-07-24,39.76876449584961,40.09771907655915,39.64757157197228,39.7427955270929,32333200
2015-07-27,39.258018493652344,39.82935889249046,39.171453067445704,39.768762433693944,39701400
2015-07-28,39.24936294555664,39.509062524276366,38.77324650086059,39.45712458988801,34328900
2015-07-29,40.07175064086914,40.49592588008252,39.18011084199982,39.30130706974891,40945900
2015-07-30,40.58250427246094,41.03265189016713,39.760119265156554,40.04578790004567,39777900
2015-07-31,40.42667007446289,41.00666567369083,40.25353592615661,40.937413995723844,31201500
2015-08-03,40.52189254760742,40.68636816627483,40.210251752440456,40.66905442184788,24125900
2015-08-04,41.15382385253906,41.30098570708889,40.409349453088126,40.46994589934495,33403900
2015-08-05,41.1884651184082,41.90696749397501,41.153837622601195,41.53473016969904,26959700
2015-08-06,40.3574104309082,41.352929191941975,40.10636941224425,41.30098796277418,27368000
2015-08-07,40.4613037109375,40.495927904051044,40.04578037097777,40.15831807981102,19163000
2015-08-10,40.9720458984375,41.11055257154755,40.54786735451697,40.643091311453794,23079900
2015-08-11,40.175621032714844,40.63442366522595,39.73413214323834,40.530544509277156,29237400
2015-08-12,40.4613037109375,40.59981039017084,39.56966386750441,39.98518390520442,30181400
2015-08-13,40.45263671875,40.77293272826166,40.24487839451612,40.738308542395366,22627200
2015-08-14,40.68636703491211,40.772932452380665,40.27084708699685,40.27950230784011,21473400
2015-08-17,40.963382720947266,41.075920412022505,40.31413214531654,40.52189378251242,21099700
2015-08-18,41.18994903564453,41.32936908000236,40.69326491986754,40.815257043176125,23574100
2015-08-19,40.61484146118164,41.024389301032556,40.34471366748736,40.76297380595727,31485500
2015-08-20,39.78703308105469,40.49284892736499,39.78703308105469,40.14429715347534,36238200
2015-08-21,37.5301628112793,39.630178768776595,37.5301628112793,39.47333082804771,70053100
2015-08-24,36.3189582824707,37.199046733443545,34.61106182226354,35.24716601436,88753700
2015-08-25,35.264591217041016,37.67830337092355,35.1948795347168,37.094479665584124,70616600
2015-08-26,37.21646499633789,37.329744797431495,35.77869671306593,36.60650118341856,63408000
2015-08-27,38.2534065246582,38.29697465847871,37.408170767591145,37.66958289454971,50943200
2015-08-28,38.27953338623047,38.471237097007005,37.808989727434074,37.817705345579036,28246700
2015-08-31,37.92228317260742,38.27954719261536,37.556303531311045,37.957139009690046,34441700
2015-09-01,36.44094467163086,37.11190460188569,36.30152464222957,36.74592494718501,49688900
2015-09-02,37.782867431640625,37.80029535215768,36.493231229701685,36.91149135000329,37671500
2015-09-03,37.90486526489258,38.3231254482415,37.71316143434399,37.82644127276238,28285200
2015-09-04,37.12934112548828,37.50403316459276,36.77207700960221,37.30361703363584,37138800
2015-09-08,38.244693756103516,38.34054565207944,37.64344548684879,37.7305817609892,32469800
2015-09-09,37.5301628112793,38.6890944484388,37.390742788857565,38.523530886538566,33469500
2015-09-10,37.72187042236328,38.157558452215376,37.251326552354406,37.57373476371492,31366600
2015-09-11,37.88743591308594,37.983287824745844,37.416891978048035,37.591167878880924,27132500
2015-09-14,37.5040168762207,37.85256521710129,37.34716895941218,37.843852921294165,23656000
2015-09-15,38.323123931884766,38.593251743875236,37.53888736564962,37.63473595309495,28882200
2015-09-16,38.601959228515625,38.671670909639,38.20112703416396,38.314406853971484,23372200
2015-09-17,38.55839538574219,39.21192751092426,38.410263032905,38.59325123018727,32768200
2015-09-18,37.88743591308594,38.33183962641162,37.75673148048852,37.90486383557286,63143700
2015-09-21,38.436397552490234,38.75009345788917,37.991993911829816,38.009421831467066,26177200
2015-09-22,38.2534065246582,38.38411092611972,37.73929456789095,37.800290620046766,28085900
2015-09-23,38.227272033691406,38.488684222527326,37.91357607747378,38.27955580107312,17145200
2015-09-24,38.26211929321289,38.453823073227625,37.70443919575429,37.86128713866896,27905600
2015-09-25,38.28826141357422,38.97664927238239,38.13141346285753,38.75880526572429,29384600
2015-09-28,37.72187042236328,38.418970605319466,37.65215874204973,38.192414292372156,27613800
2015-09-29,37.85257339477539,37.9658532089512,37.5127372762837,37.79157733884282,32763600
2015-09-30,38.567108154296875,38.601963999166244,38.0442837774016,38.23598760014682,34958900
2015-10-01,38.87208557128906,38.99407768471395,38.12270164706671,38.99407768471395,28657900
2015-10-02,39.70859909057617,39.70859909057617,38.270827540680685,38.57581109697969,41839000
2015-10-05,40.63226318359375,40.8588194775213,39.82188325017866,39.865451384699085,34369300
2015-10-06,40.7368278503418,41.11151979488811,40.274999635729856,40.37085152722342,27017200
2015-10-07,40.7803955078125,41.25965163563232,40.039727248821464,41.04180763898371,27711500
2015-10-08,41.346805572509766,41.407801646808934,40.51899743325948,40.571281207245946,33772700
2015-10-09,41.05052947998047,41.42522147690947,40.88496589005978,41.34679749327233,28600600
2015-10-12,40.95466613769531,41.01566218304141,40.51897820006026,40.93723822130569,19769100
2015-10-13,40.85881042480469,41.06794207781713,40.571258141451786,40.571258141451786,19987800
2015-10-14,40.67584228515625,41.04181870264525,40.545134522317895,40.649702062203176,24697800
2015-10-15,40.96337890625,40.9808068228406,40.54511888018131,40.96337890625,27189400
2015-10-16,41.399070739746094,41.425214279106655,40.86753419193559,40.97209837727129,26450300
2015-10-19,41.49493408203125,41.72149375750505,40.972109686999524,41.3206581756752,29387600
2015-10-20,41.62563705444336,41.66049289651225,40.9721049738139,41.33808134342909,30802200
2015-10-21,41.128936767578125,41.81732441960895,41.050512815776706,41.75632505795474,25144300
2015-10-22,41.85218048095703,42.653847981286944,41.033088388999,41.41649256148328,56637100
2015-10-23,46.06964874267578,47.11530062004367,45.529396546916054,45.57296468263228,135227100
2015-10-26,47.27214431762695,47.33314036695267,45.74723643641318,45.77337665068552,64633300
2015-10-27,46.7841796875,47.3767156770441,46.688331112633776,47.045595165973374,50999900
2015-10-28,47.03687286376953,47.03687286376953,46.06093274125432,46.65346864664741,47000800
2015-10-29,46.49662780761719,46.90617562579917,46.37463568918917,46.65347576674918,30202100
2015-10-30,45.86922836303711,47.04558786141144,45.85180044557578,46.461764260580765,46619800
2015-11-02,46.392059326171875,46.49662351459351,45.851803817249596,46.05221989673923,30285000
2015-11-03,47.185020446777344,47.394148863952665,46.09580024555014,46.12194046668798,36596900
2015-11-04,47.40285873413086,47.82111884175699,47.10659074239119,47.211154938288765,37087800
2015-11-05,47.38542556762695,47.664265608504536,47.05430177257151,47.48127745493528,31468500
2015-11-06,47.85596466064453,47.90824841329456,47.01944456245647,47.13272436451383,32851200
2015-11-09,47.193729400634766,47.812405633310235,46.67090507071894,47.533565547483654,32513100
2015-11-10,46.6273307800293,47.167586322100085,46.418202390354516,47.11530256266348,55283700
2015-11-11,46.749324798583984,47.22858094473552,46.583761227415394,46.79289293477308,36516300
2015-11-12,46.461769104003906,47.03687714403857,46.34848929071407,46.60118913419305,35361100
2015-11-13,46.04350280761719,46.43562262843474,45.77337508126836,46.24391886624943,36848200
2015-11-16,46.8538932800293,46.95845748126383,46.052225539801846,46.25264496788573,32165200
2015-11-17,46.4678955078125,46.95915296368724,46.362623184604686,46.643342686944656,31551300
2015-11-18,47.23987579345703,47.35391914507814,46.476669801864894,46.494215190302036,29710000
2015-11-19,47.318843841552734,47.950464646068454,47.17848403459833,47.362709000209925,28149200
2015-11-20,47.53813552856445,47.63463348124275,46.73106782696467,47.59077168814543,37147600
2015-11-23,47.53813552856445,47.774993227018385,47.152147064291555,47.59077168814543,28235900
2015-11-24,47.59077835083008,47.75745452651062,47.00302287887177,47.301284452266174,24600000
2015-11-25,47.09952926635742,47.57324484794225,47.09952926635742,47.45043044081469,21005100
2015-11-27,47.310062408447266,47.44165116258292,47.18724802268921,47.19601904462577,9009100
2015-11-30,47.678504943847656,48.21362762890616,47.3714689834572,47.84518447643761,56241400
2015-12-01,48.441715240478516,48.45048626246126,47.63464401398277,47.731141987998235,39952800
2015-12-02,48.43293762207031,49.090874659181566,48.301352222512556,48.52943558961049,47274900
2015-12-03,47.54691696166992,48.92419821755317,47.3100592280132,48.678569462549525,38627800
2015-12-04,49.04701614379883,49.327735697382955,47.459193449855256,47.476738840259394,43963700
2015-12-07,48.95927429199219,49.099634016474745,48.50310435081392,48.94172890812689,30709800
2015-12-08,48.94174575805664,49.213690935495976,48.239946894024726,48.66102621244388,32878000
2015-12-09,48.23115539550781,49.011906563595126,47.81884724526135,48.5732820110571,36373200
2015-12-10,48.485572814941406,48.82769953193017,48.2574861059884,48.59084180175931,31775800
2015-12-11,47.424102783203125,48.33643959694887,47.38023763696197,47.994312873489115,39549500
2015-12-14,48.371524810791016,48.432931992735476,47.090741663891684,47.660955035022155,46768900
2015-12-15,48.424171447753906,49.0382467464792,48.32767347055464,48.827705401095244,39843000
2015-12-16,49.240013122558594,49.345282120746006,48.0381789530246,48.72243580734557,37503300
2015-12-17,48.86279296875,49.81899496268687,48.71365882840487,49.4417774474174,41280900
2015-12-18,47.48550033569336,49.125955409692345,47.39777340745483,48.92418849440393,84684200
2015-12-21,48.09958267211914,48.55574938171482,47.57323106295079,48.143444469606344,37246300
2015-12-22,48.555763244628906,48.66980662780811,47.81010243513464,48.23995620469217,28322200
2015-12-23,48.968055725097656,49.020691887888056,48.63470005363948,48.86278674595737,27279800
2015-12-24,48.83647918701172,49.090882351035276,48.62594117615462,49.003158737585046,9558500
2015-12-28,49.082096099853516,49.082096099853516,48.231163258346534,48.55574454313608,22458300
2015-12-29,49.60844802856445,49.871622153429406,49.17859773878783,49.38036467939897,27731400
2015-12-30,49.397911071777344,49.810215982088636,49.38036568357081,49.538270830988964,21704500
2015-12-31,48.669803619384766,49.29264998377452,48.61716744276144,49.16106456187829,27334100
2016-01-04,48.073265075683594,48.073265075683594,46.8363435909206,47.65218577730053,53778000
2016-01-05,48.292572021484375,48.5908369094721,47.845176362722995,48.1873030452653,34079700
2016-01-06,47.41533660888672,47.72237595342799,47.055664434066266,47.65219438446722,39518900
2016-01-07,45.76609420776367,46.9240663582649,45.67837061665987,46.2310386106472,56564900
2016-01-08,45.90647888183594,46.73986342829716,45.74857366648828,45.941566326902695,48754000
2016-01-11,45.880157470703125,46.36264412411063,45.14326760763717,46.064379099859124,36943800
2016-01-12,46.30121994018555,46.58193946639857,45.669602679426596,46.28367455149214,36095500
2016-01-13,45.3011474609375,47.43286325210689,45.00288260363364,47.196005570150284,66883600
2016-01-14,46.59070587158203,46.86265098375239,45.239741291037156,45.61695871737683,52381900
2016-01-15,44.7309455871582,45.590649543938525,44.16073217416399,45.01166510992563,71820700
2016-01-19,44.35373306274414,45.33625150234247,43.915108341046896,45.16080094437537,43564500
2016-01-20,44.55549621582031,45.07307347693681,43.07294264178044,43.84492302283098,63273000
2016-01-21,44.28355407714844,45.2485305288839,44.12564890043611,44.739724215823905,40191200
2016-01-22,45.87136459350586,45.90645536704004,44.967795580422674,45.09938430795567,37555800
2016-01-25,45.432743072509766,46.187178022917145,45.30992870317658,45.564328462606504,34707700
2016-01-26,45.76609420776367,46.00295191947252,45.22220058075102,45.43274188441683,28900800
2016-01-27,44.932716369628906,45.792420399777825,44.75726581631585,45.625740868231986,36775200
2016-01-28,45.66959762573242,45.801183006710936,44.9590245212632,45.49414710465406,62513800
2016-01-29,48.327659606933594,48.327659606933594,47.37145782439831,48.011849352673835,83611700
2016-02-01,47.994319915771484,48.327675666761316,47.81009832171446,48.143454072704294,44208500
2016-02-02,46.49420928955078,47.59954184928375,46.18717339696947,47.52058928455709,56313800
2016-02-03,45.75732421875,46.836340476565695,44.967798495255316,46.713526107675534,57559800
2016-02-04,45.616966247558594,46.327539426518065,45.06429821947901,45.70468984407377,46987100
2016-02-05,44.002838134765625,45.61697747145955,43.47648973328693,45.56434129273507,62009000
2016-02-08,43.344905853271484,43.48526566594165,42.27466019013528,43.46772027105264,59290500
2016-02-09,43.23086929321289,44.0730316487963,42.695746377057965,43.00278581648645,46740500
2016-02-10,43.608062744140625,44.20459254740515,43.441386578632226,43.76596788891303,38237000
2016-02-11,43.590518951416016,43.95896541818173,42.55536445177806,42.70449858127202,48878600
2016-02-12,44.30109786987305,44.4590030408869,43.643160772795724,44.08178550418061,34243300
2016-02-16,45.140464782714844,45.140464782714844,44.29225956183697,44.97259188602066,37291200
2016-02-17,46.315582275390625,46.62482608253645,45.45854304925431,45.49388577643691,40789000
2016-02-18,46.11236572265625,46.783864043752665,46.0328462733282,46.236065265308255,27176000
2016-02-19,45.78545379638672,46.19188503823419,45.52922408590849,45.91798733503902,33559100
2016-02-22,46.51880645751953,46.82804692867248,46.191891250336866,46.191891250336866,25008300
2016-02-23,45.2199821472168,46.271402943116065,45.04327189173371,46.24489758445733,28895300
2016-02-24,45.37902069091797,45.50271685766396,44.35410526156405,44.787041845175025,33014500
2016-02-25,46.032840728759766,46.032840728759766,44.71635634569084,45.70592897443941,26939500
2016-02-26,45.32600021362305,46.545297087666725,45.14928998441179,46.47461164779531,35975900
2016-02-29,44.95490264892578,45.63523470261527,44.7605210991669,45.37016772731985,31654000
2016-03-01,46.45696258544922,46.46579658379859,44.99026944477352,45.03444954792633,33024500
2016-03-02,46.78386306762695,46.79269706382668,46.08585940147404,46.30674638161348,29289900
2016-03-03,46.253726959228516,46.801529033540966,45.75010497222357,46.801529033540966,24427800
2016-03-04,45.97100830078125,46.342100269441076,45.68827316773979,46.297923536866215,33034200
2016-03-07,45.087440490722656,45.7677726609702,44.68984670059488,45.55572308896434,38407800
2016-03-08,45.63526153564453,46.059364226831654,44.70753331754982,44.88424361482827,33835100
2016-03-09,46.68667221069336,46.69550620688431,45.82079565386341,45.84730101290409,28251600
2016-03-10,45.988670349121094,46.775027489205705,45.20231320903648,46.76619349266824,38387800
2016-03-11,46.88987731933594,46.88987731933594,46.28023060475248,46.828029248456474,32275700
2016-03-14,46.978233337402344,47.34932515363749,46.501120102910406,46.571802171904025,24083600
2016-03-15,47.349334716796875,47.349334716796875,46.598320308412276,46.60715430489546,21104800
2016-03-16,48.02083206176758,48.24171905997344,47.181464164959785,47.225640890507336,31691700
2016-03-17,48.29472732543945,48.59513374156968,47.711585855359324,47.89713010255125,28223900
2016-03-18,47.260982513427734,48.568633107756845,47.22563978562932,48.524453012774806,67625500
2016-03-21,47.587886810302734,47.64973488895668,46.766187056223146,47.048922093060476,23925700
2016-03-22,47.77344512939453,47.93248405580704,47.23448025327087,47.36701381543745,23124100
2016-03-23,47.685081481933594,47.923639820592314,47.481865868365304,47.80877764928231,20129000
2016-03-24,47.89712905883789,48.00315722960946,47.47302648715455,47.57021729179466,19950000
2016-03-28,47.30515670776367,47.967817651434544,47.11961245244811,47.89713219961841,17025100
2016-03-29,48.33890914916992,48.47144269428115,47.225640178014224,47.411184444795495,23924300
2016-03-30,48.639312744140625,49.16060615628464,48.50678257727084,48.533287936551226,23008300
2016-03-31,48.7983512878418,49.11642907877748,48.47143950069917,48.55095894843309,26360500
2016-04-01,49.09877014160156,49.13411287630944,48.215221996716934,48.639324701805315,24399200
2016-04-04,48.97507095336914,49.178286609841265,48.595145004604746,48.97507095336914,18928800
2016-04-05,48.206390380859375,48.86021415292656,48.11803353972269,48.76302331291063,19272300
2016-04-06,48.7011604309082,48.77184588236794,47.897131958126735,48.029665494379834,21188700
2016-04-07,48.11802291870117,48.515620189883045,47.914807284645576,48.48027746122952,19225100
2016-04-08,48.08266830444336,48.842519930325075,47.99431487511784,48.30355524822445,22167200
2016-04-11,47.98550033569336,48.72768090252744,47.9766629668974,48.14453926933414,21414200
2016-04-12,48.2859001159668,48.40075893058033,47.49953955552698,48.03850438113941,24944300
2016-04-13,48.90437316894531,48.98389261192196,48.497941958383635,48.701157563664474,20818000
2016-04-14,48.913204193115234,49.10758577751454,48.65697453558291,48.7895080468492,20877100
2016-04-15,49.169437408447266,49.40799235324041,48.69232077792608,48.86019364993874,28793800
2016-04-18,49.885101318359375,49.99996346075369,48.78066671582503,49.02806235871024,23786000
2016-04-19,49.82326126098633,50.159010377870246,49.19594311479681,50.03531422177288,29596800
2016-04-20,49.116432189941406,49.92046071441683,49.028078740404,49.73491644810744,36195700
2016-04-21,49.2842903137207,49.68188745835054,48.96621259801684,49.30196167242281,38909100
2016-04-22,45.75010681152344,46.32441426493541,44.85772496179503,45.864968976299345,126834100
2016-04-25,46.041683197021484,46.05935456008739,45.61758059484323,45.750110762135755,33226900
2016-04-26,45.44970703125,46.25373556094533,45.14046658539336,46.17421610765818,33532600
2016-04-27,45.007930755615234,45.50271881434353,44.663347599014486,45.48504745112453,43369300
2016-04-28,44.08903503417969,44.85772064970364,43.78862865781315,44.72518713612798,43134800
2016-04-29,44.06253433227539,44.39828348945902,43.603089004147236,43.603089004147236,48411700
2016-05-02,44.71636962890625,44.84006582293594,43.983023092203794,44.17740475166102,33114500
2016-05-03,43.98301315307617,44.5396492708916,43.82397426227177,44.47780118785297,26460200
2016-05-04,44.06253433227539,44.230410596101144,43.700279815737325,44.03602897292095,24257600
2016-05-05,44.124385833740234,44.442463652489685,43.9388415629591,44.06253774347986,25390700
2016-05-06,44.5219841003418,44.5219841003418,43.87699445147549,44.10671545321448,24787300
2016-05-09,44.2392463684082,44.69869171498108,44.17739828045301,44.61033826660738,17951600
2016-05-10,45.078617095947266,45.14929917974687,44.34527067502704,44.46897021999529,22891000
2016-05-11,45.10512924194336,45.75011894206514,45.060952511613905,45.175814706845266,24039100
2016-05-12,45.51155471801758,45.77662180694311,44.99026127784836,45.23765700281432,24102800
2016-05-13,45.131622314453125,45.856131225928415,45.09627959426718,45.449696684724685,22592300
2016-05-16,45.794307708740234,45.909166555238414,44.840073974801065,44.884250713490296,20032000
2016-05-17,44.940155029296875,46.025624160483844,44.80669787985031,46.01672837480445,27803500
2016-05-18,45.207069396972656,45.50067779734903,44.75330633178812,44.913457602554175,24907500
2016-05-19,44.77109909057617,45.03801673069922,44.326235225690446,44.90455960765866,23842400
2016-05-20,45.03802490234375,45.571863673490846,44.84228707422812,44.913463540622196,23905800
2016-05-23,44.51307678222656,45.091401158320394,44.468591074998244,45.02022131152157,26118700
2016-05-24,45.90106964111328,46.007836055399196,44.84229449717372,45.10921222991007,34757900
2016-05-25,46.37261962890625,46.701821412876406,46.079011171415,46.194673360768306,24040200
2016-05-26,46.1679573059082,46.248032912982346,45.69640283871654,46.203547218839134,24335200
2016-05-27,46.55055236816406,46.55055236816406,46.06120281853534,46.19465993532039,17721400
2016-05-31,47.15556716918945,47.15556716918945,46.33701933048696,46.4971671908073,37653100
2016-06-01,47.02210998535156,47.111084796314074,46.657321745510274,46.657321745510274,25324800
2016-06-02,46.69291687011719,46.924248010341216,46.12349159270784,46.835273189469525,22840800
2016-06-03,46.079002380371094,46.63952843610959,45.90995193057259,46.60394190450549,23368300
2016-06-06,46.381500244140625,46.577238006106874,46.1679641290376,46.25693892451445,18243300
2016-06-07,46.35481262207031,46.915342033192886,46.35481262207031,46.47937735324124,20866800
2016-06-08,46.30142593383789,46.65731494367946,46.15017047427306,46.283630974239585,21149400
2016-06-09,45.9277458190918,46.26584331673819,45.81208365451022,46.26584331673819,20305700
2016-06-10,45.803184509277344,46.31032905909121,45.41170551817041,45.42060130235923,25833200
2016-06-13,44.610958099365234,45.12700193059188,43.650053694865676,44.112712628159066,83217800
2016-06-14,44.33513259887695,44.575356089379426,44.10380149788981,44.3974132659023,42577100
2016-06-15,44.21057891845703,44.593162193810876,44.21057891845703,44.290654566648364,33757600
2016-06-16,44.83338928222656,44.90456914486619,44.05042776340404,44.059326943255314,31188600
2016-06-17,44.60205841064453,44.86897608886964,44.326241553187884,44.85118112444897,45710500
2016-06-20,44.548667907714844,45.224862894382376,44.51307798335508,45.055812450694496,35607900
2016-06-21,45.54517364501953,45.758709851585536,44.628754920351746,44.66434485378655,34097800
2016-06-22,45.36722183227539,45.785391588638944,45.3316319058489,45.44729746971389,28816800
2016-06-23,46.1857795715332,46.31924012691754,45.50958779622504,45.625249990579036,29028800
2016-06-24,44.33513259887695,45.322727487725466,44.05931579202053,44.31733763772088,133503000
2016-06-27,43.089508056640625,43.73011301647505,42.74251483474413,43.68562392112098,50216300
2016-06-28,43.988136291503906,44.01483043046774,43.30304555482394,43.525477479952166,38140700
2016-06-29,44.96684646606445,45.1269977509885,44.308446362038666,44.406316968830296,31304000
2016-06-30,45.527366638183594,45.64303219423651,44.93125068399157,45.12699187207467,28527800
2016-07-01,45.518470764160156,46.01671951736702,45.43839513228837,45.49178001821688,21400400
2016-07-05,45.527366638183594,45.625237232225146,45.144786834086034,45.224862466116214,24806400
2016-07-06,45.71420669555664,45.856562980955665,44.83337484624661,45.18036807977913,28167500
2016-07-07,45.71420669555664,45.91884364369014,45.43838990770285,45.74979322137522,19585200
2016-07-08,46.53276824951172,46.58615314508978,45.865472327977486,46.02562362066911,28391000
2016-07-11,46.79079055786133,47.00432674797526,46.684024159825654,46.710714910823924,22269200
2016-07-12,47.3424186706543,47.5114691364365,46.9687345981635,47.102191740892025,27317600
2016-07-13,47.609336853027344,47.92074364410135,47.3157284206894,47.653825961782545,25356800
2016-07-14,47.813968658447266,48.036400586085286,47.671612360520605,47.90294007188573,24545500
2016-07-15,47.77838897705078,48.0453066686235,47.34242081204934,48.00082095236848,32024400
2016-07-18,48.009708404541016,48.347805898669336,47.644920164101144,47.7783806837429,31433900
2016-07-19,47.23564910888672,47.95632984982708,47.093292796434056,47.78727939538552,53336500
2016-07-20,49.744686126708984,50.57213333481077,49.406588578635365,49.95822231339825,89893300
2016-07-21,49.646812438964844,50.02939567895853,49.61122251104861,49.80696372054557,32776700
2016-07-22,50.33190155029297,50.385286440334646,49.62901577126756,49.89593682743372,32157200
2016-07-25,50.47425842285156,50.48315760164498,50.05608526465925,50.242930684856354,25610600
2016-07-26,50.50094985961914,50.97250791487391,50.278517903342724,50.28741708225746,28079000
2016-07-27,49.993804931640625,50.53653944431957,49.92262847101708,50.36749238055165,32327500
2016-07-28,50.0115966796875,50.15395298582372,49.575631977038725,49.82475466426659,37550400
2016-07-29,50.42977523803711,50.500951701739865,49.869245737442284,50.056087772959756,30558700
2016-08-01,50.34080505371094,50.49205716409293,49.9493226145246,50.3585966245444,26003400
2016-08-02,50.34080505371094,50.62551770364145,50.100578118949095,50.58102859443027,35122000
2016-08-03,50.687808990478516,50.812370376633176,50.260739926215436,50.42978703684773,22075600
2016-08-04,51.06147003173828,51.177135578249114,50.42086502834497,50.5365305748558,26587700
2016-08-05,51.568626403808594,51.79105837076157,51.1148666846032,51.29281293697407,29335200
2016-08-08,51.657596588134766,51.68428733567869,51.408470499570214,51.657596588134766,19473500
2016-08-09,51.782161712646484,52.049079389682525,51.622010427616374,51.75546756911319,16920700
2016-08-10,51.62202453613281,51.8889422861186,51.444078238127844,51.74658592652329,15756900
2016-08-11,51.87112808227539,52.00458860480067,51.630901178155135,51.630901178155135,18162300
2016-08-12,51.55082702636719,51.773258974279784,51.266114404562444,51.63090266337741,21655200
2016-08-15,51.71098327636719,52.04908082006016,51.568626951766326,51.61311266682113,19283900
2016-08-16,51.42448806762695,51.58563750646724,51.27229327272002,51.5766862777299,20523500
2016-08-17,51.531917572021484,51.63934938090058,51.23647582860941,51.51401170134236,18856400
2016-08-18,51.56773376464844,51.65726313170142,51.272295391363976,51.406584319149225,14214300
2016-08-19,51.58565139770508,51.68413201631527,51.20963821595373,51.415550684321886,17271000
2016-08-22,51.630401611328125,51.70202510357958,51.2633397515296,51.56773276320614,15221900
2016-08-23,51.82736587524414,52.08699592726793,51.79155412699335,51.83632051990498,18732400
2016-08-24,51.88108825683594,51.96166299019344,51.675175808299336,51.74679589617456,18151500
2016-08-25,52.078033447265625,52.18546867585395,51.72887749234302,51.81840684949995,18552600
2016-08-26,51.952693939208984,52.552528657924576,51.64830096594935,52.17651220145296,20971200
2016-08-29,52.015357971191406,52.46299445430044,52.015357971191406,52.08698144778261,16417200
2016-08-30,51.82736587524414,52.09594715673248,51.57669046788119,51.90794060121027,16930200
2016-08-31,51.44240188598633,51.746794938012144,51.299158297691626,51.61250599503391,20860300
2016-09-01,51.558780670166016,51.764693084143815,51.0395206056338,51.0395206056338,26075400
2016-09-02,51.630401611328125,52.09594406537436,51.40658332083643,51.630401611328125,18900500
2016-09-06,51.57668685913086,51.74678752862596,51.21857623207206,51.72888165575342,16278400
2016-09-07,51.62144470214844,51.78259412678581,51.397626436284945,51.451344049562636,17493400
2016-09-08,51.41554641723633,51.737845354958885,51.19172808995085,51.59460176210404,20146100
2016-09-09,50.32331085205078,51.496120092372365,50.32331085205078,50.84257099996611,35113900
2016-09-12,51.075340270996094,51.21858386011383,49.78614796893642,50.13530400396113,29303000
2016-09-13,50.60979461669922,50.71722986327808,50.18006387597281,50.58293751265268,30130200
2016-09-14,50.368072509765625,50.69932607756965,50.162160068134106,50.48445899075613,24062500
2016-09-15,51.20066452026367,51.343908071712455,50.117384948982526,50.269583143444414,26847000
2016-09-16,51.254398345947266,51.594603168952744,50.806761679170435,51.594603168952744,44607000
2016-09-19,50.96790313720703,51.7020268820569,50.89627964249182,51.27229615935426,20937100
2016-09-20,50.86045455932617,51.343899328645406,50.80673695598178,51.343899328645406,17384000
2016-09-21,51.710975646972656,51.791550367089314,51.102193046886384,51.48715735944816,33707300
2016-09-22,51.76470947265625,51.92585896334447,51.59460875035074,51.85423544961766,19822200
2016-09-23,51.41554641723633,51.845277195800854,51.37078343481856,51.80946544378798,19955300
2016-09-26,50.94105911254883,51.1559228214647,50.878390246181944,51.10220860183427,21688700
2016-09-27,51.88108825683594,51.9795688659614,50.74409075954519,50.96790908384975,28065100
2016-09-28,51.952693939208984,51.9795544530113,51.630395095146355,51.81840503097999,20536400
2016-09-29,51.3886833190918,52.078040681381474,51.218579224462495,51.75574519643404,25463500
2016-09-30,51.56773376464844,51.719931981040425,51.33496424070299,51.54087666213062,29910800
2016-10-03,51.40658187866211,51.52296834270755,51.08428641816056,51.39763064997984,19189500
2016-10-04,51.24544143676758,51.56773693236792,51.00371725367005,51.27229854093518,20085900
2016-10-05,51.60354995727539,51.89003712613438,51.26334516355667,51.29020568358475,16726400
2016-10-06,51.693077087402344,51.8005089172604,51.281248811753244,51.693077087402344,16212600
2016-10-07,51.74679183959961,51.90794129368167,51.406587057071235,51.79155481791211,20089000
2016-10-10,51.96166229248047,52.27500657622079,51.80946405809477,51.845275809149825,18196500
2016-10-11,51.20066452026367,51.94374279135125,50.93208328819666,51.827356338550466,26497400
2016-10-12,51.12904739379883,51.272290953489,50.493404311123456,51.12904739379883,22177500
2016-10-13,50.95895767211914,51.29916250290582,50.421795025779595,50.76199985656628,25313700
2016-10-14,51.40658187866211,51.69307242443458,51.13800062064615,51.13800062064615,27402500
2016-10-17,51.2275390625,51.44240274091464,50.91419135995015,51.3528767774413,23830000
2016-10-18,51.62144470214844,51.88107471019706,51.397626436284945,51.50505824764462,19149500
2016-10-19,51.50506591796875,51.78260183844161,51.38868286132845,51.45135171188745,22878400
2016-10-20,51.254398345947266,51.49612255583036,50.72618694254273,51.47821667933568,49455600
2016-10-21,53.4119987487793,54.11926539342565,53.25980394471921,53.96706717416935,80032200
2016-10-24,54.61167526245117,54.61167526245117,53.65373303516163,53.66268426612459,54067000
2016-10-25,54.602718353271484,54.942919737635826,54.43261424589281,54.47737722644638,35137200
2016-10-26,54.28041076660156,54.79071617690721,54.13716720257184,54.4415602030345,29911600
2016-10-27,53.80591583251953,54.45946824812465,53.79696460355879,54.26250705902743,28479900
2016-10-28,53.60000991821289,54.18193891195818,53.340383264495564,53.72534763004812,33574700
2016-10-31,53.6447639465332,54.09240050849772,53.6447639465332,53.85963099896238,26434700
2016-11-01,53.53732681274414,53.73428797331697,53.04492732650766,53.68952500460376,24533000
2016-11-02,53.20608139038086,53.65371794697825,53.08969492941069,53.555237358095475,22147000
2016-11-03,53.009124755859375,53.39409250074316,52.919598802945266,53.29561190341993,21600400
2016-11-04,52.561492919921875,53.071798411168,52.39139222790534,52.5077787093885,28697000
2016-11-07,54.092403411865234,54.18193277818112,53.51942912822806,53.51942912822806,31664800
2016-11-08,54.13716125488281,54.41469370865204,53.850674158297785,54.208781321431275,22935400
2016-11-09,53.868587493896484,54.244604018609245,53.000174801119506,53.7163926872435,49632500
2016-11-10,52.55254364013672,54.1550836743189,51.594601477848286,54.146129028766694,57822400
2016-11-11,52.83902359008789,52.92854954217321,51.93479576412384,52.13175695694693,38767800
2016-11-14,52.03327560424805,52.89274044167738,51.28124600599494,52.83902282208926,41328400
2016-11-15,53.06078338623047,53.61960506165331,52.56505736432195,52.57407250265308,35904100
2016-11-16,53.76381301879883,53.772824718307,53.006703044209736,53.12387232915416,27332500
2016-11-17,54.656124114990234,54.93553496104812,54.052240482944185,54.448820624663924,32132700
2016-11-18,54.39472961425781,55.106774142536516,54.34966424475339,54.78229798087699,27686300
2016-11-21,54.854408264160156,54.95355414534677,54.45782473941369,54.52993208510122,19652600
2016-11-22,55.0887565612793,55.21494099239595,54.809349160454666,54.96257213016264,23206700
2016-11-23,54.43981170654297,55.07073391009841,54.30461212677073,54.98961484988869,21848900
2016-11-25,54.556968688964844,54.556968688964844,54.19644228809437,54.34966523485416,8409600
2016-11-28,54.62907791137695,54.998619461985406,54.26854805983663,54.38572077732736,20732600
2016-11-29,55.06171798706055,55.35014052607424,54.54796512455066,54.66513785548368,22366700
2016-11-30,54.313621520996094,55.14283892773261,54.27757128108685,54.85441637885069,34655400
2016-12-01,53.358219146728516,54.21447502924898,53.12387369428238,54.17842135375454,34542100
2016-12-02,53.403289794921875,53.6015815914526,52.99769450123088,53.2500668163431,25515700
2016-12-05,54.27757263183594,54.611060567604575,53.68270068017952,53.80888511867208,23552700
2016-12-06,54.034210205078125,54.49388253467379,53.89901064082001,54.46684399712927,19907000
2016-12-07,55.31407928466797,55.32309442180497,53.89900532169138,54.088281942359416,30809000
2016-12-08,54.989601135253906,55.503357347294624,54.83637819211006,55.250985090547,21220800
2016-12-09,55.854888916015625,55.87291575682011,55.09777879356886,55.14284417644591,27349400
2016-12-12,56.03512954711914,56.15230224951018,55.62953781423801,55.71966854637447,20198100
2016-12-13,56.76521301269531,57.1617931326059,56.098237200197154,56.33257921690164,35718900
2016-12-14,56.49482345581055,57.18884131972973,56.35962387569933,56.78324601766422,30352700
2016-12-15,56.40468215942383,56.918434966659675,56.15230988623836,56.51283974035045,27669900
2016-12-16,56.152313232421875,56.73817342069925,55.990075132230224,56.73817342069925,42453100
2016-12-19,57.34206008911133,57.47725965929076,56.26047384247958,56.38666171250539,34338200
2016-12-20,57.26995086669922,57.50429286992686,56.810275121294985,57.405146986084084,26028400
2016-12-21,57.26995086669922,57.41416212367029,56.891394168232935,57.17080498285644,17096300
2016-12-22,57.27896499633789,57.77469099831763,57.152780570917706,57.54034898514696,22176600
2016-12-23,56.99956512451172,57.26996084867817,56.602981520017295,57.18884178760142,12403800
2016-12-27,57.035614013671875,57.74765870642883,56.97252179413828,56.97252179413828,11763200
2016-12-28,56.774234771728516,57.143776396956085,56.63002348964625,57.143776396956085,14653300
2016-12-29,56.69309997558594,56.96349562465879,56.539873596875424,56.65704630550497,10250600
2016-12-30,56.00809860229492,56.77422368230652,55.90895272055375,56.747181708388695,25579900
2017-01-03,56.40468215942383,56.63902415780943,55.999086933114604,56.593958785612294,20694100
2017-01-04,56.152313232421875,56.557908482901006,55.990075132230224,56.314551332613526,21340000
2017-01-05,56.152313232421875,56.47678943280518,55.9089560821344,56.053167344719455,24876000
2017-01-06,56.639034271240234,56.918445129981905,55.917977872532184,56.152319912761754,19922900
2017-01-09,56.45877456665039,56.8553582015512,56.3686437977739,56.56693217695586,20382700
2017-01-10,56.44074630737305,56.84634163366517,56.134296887315486,56.53989221360761,18593000
2017-01-11,56.954490661621094,56.99054433814223,56.26948799905868,56.43172610513596,21517300
2017-01-12,56.43172836303711,57.14377303061405,55.83685642970817,56.83732364445866,20968200
2017-01-13,56.51283645629883,56.666059400518556,56.19737199271602,56.440729114359684,19422300
2017-01-17,56.359615325927734,56.512841722693835,55.90895471161322,56.49481488552914,20664000
2017-01-18,56.332576751708984,56.512841684967974,55.99007372234366,56.48579971010517,19670100
2017-01-19,56.152313232421875,56.76521195797529,56.06218248265661,56.0982361578698,18451700
2017-01-20,56.54889678955078,56.62100070171751,56.215405451193064,56.48580113878679,30213500
2017-01-23,56.74718475341797,56.8913960150705,56.395670018031666,56.512842742583,23097600
2017-01-24,57.2519416809082,57.45023350972831,56.729173564298335,56.96351907804367,24672900
2017-01-25,57.396141052246094,57.77469435047073,57.18883756441814,57.63949821750533,23672700
2017-01-26,57.927913665771484,58.171274253937845,57.27896470430944,57.792720979607296,43554600
2017-01-27,59.288909912109375,59.40608607398597,58.48673456072725,58.93739517955026,44818000
2017-01-30,58.703033447265625,59.297908599822016,58.40560274752084,59.20777787636804,31651400
2017-01-31,58.27042007446289,58.72108069858629,57.918905337769466,58.45969671141047,25270500
2017-02-01,57.305999755859375,58.24337456704087,57.20685388029459,58.009029145111846,39671500
2017-02-02,56.936466217041016,57.1527848469943,56.55791291245774,57.00857357311477,45827000
2017-02-03,57.396141052246094,57.41416789096173,56.84633450535685,57.23390294207327,30301800
2017-02-06,57.36009216308594,57.369107302330285,56.90943147237877,57.233907719810844,19796400
2017-02-07,57.17081832885742,57.486279452664505,56.990553355995495,57.45022920870682,20277200
2017-02-08,57.089691162109375,57.513313272483806,56.981533569046846,57.29699464809085,18096400
2017-02-09,57.738643646240234,58.08115016120651,57.07166777075589,57.25193272892694,22644400
2017-02-10,57.68455505371094,57.95495415613914,57.66652821766456,57.909885346889496,18170700
2017-02-13,58.33351516723633,58.45969959809892,57.80173202871332,57.90087792103904,22920100
2017-02-14,58.551143646240234,58.6871628646141,58.05240881827765,58.40606155333965,23108400
2017-02-15,58.514869689941406,58.551141941666785,58.17936346837478,58.487667230703536,17005200
2017-02-16,58.50579071044922,59.158677302535736,58.43325313661347,58.70528460450049,20546300
2017-02-17,58.59648513793945,58.65995985015068,58.30631403665605,58.46046592085119,21248800
2017-02-21,58.47859573364258,58.89571623898895,58.44232348297449,58.587412485646844,20655900
2017-02-22,58.360721588134766,58.387924049134234,58.07962026684016,58.3335191271353,19292700
2017-02-23,58.59648513793945,58.6962321025892,58.2065670720063,58.41512387574684,20273100
2017-02-24,58.59648513793945,58.75970681480042,58.16122502690196,58.51487084039659,21796800
2017-02-27,58.242828369140625,58.52392962488389,58.07960672298117,58.52392962488389,15871500
2017-02-28,58.01613998413086,58.2156304560643,57.816646053085016,58.106820616020975,23239800
2017-03-01,58.88665771484375,58.931992842859366,58.05240972430215,58.15215669145142,26937500
2017-03-02,58.0433464050293,58.714365791254956,57.92546331210927,58.65996087076298,24539600
2017-03-03,58.260963439941406,58.2881658957213,57.68968765478054,58.0252007519213,18135900
2017-03-06,58.27910232543945,58.542070956422144,57.86198527554538,58.007070820378544,18750300
2017-03-07,58.39698791503906,58.74156391643372,58.206563789145356,58.206563789145356,18521000
2017-03-08,58.931976318359375,59.01359059506278,58.26095711514728,58.27002690549721,21510900
2017-03-09,58.69621658325195,59.122399870715576,58.4695202541185,59.11333699867075,19846800
2017-03-10,58.877567291259766,59.17680808785364,58.71434566750152,59.04078891501801,19538200
2017-03-13,58.67809295654297,59.113353070838976,58.55114353117013,58.95013139275608,20100000
2017-03-14,58.406070709228516,58.53302015475177,58.1703044883028,58.51488056640507,14280200
2017-03-15,58.71437072753906,58.86852262737625,58.26097790338818,58.5330163651689,24833800
2017-03-16,58.614620208740234,58.7234369705182,58.30631642770689,58.71436717748044,20674300
2017-03-17,58.823184967041016,59.15869121482469,58.65089348743848,58.85945722160077,49219700
2017-03-20,58.877567291259766,59.10426360657831,58.687143216578896,58.85943463005219,14598100
2017-03-21,58.224693298339844,59.39444736674194,58.15214880148762,59.11334608921958,26640500
2017-03-22,58.96826934814453,59.06801632248611,58.14309800922155,58.14309800922155,20680000
2017-03-23,58.823184967041016,59.15869121482469,58.73250087152905,58.88665968296429,19269200
2017-03-24,58.92292022705078,59.34910356742062,58.72342632573259,59.26749619954889,22617100
2017-03-27,59.03173828125,59.14055503847432,58.351649114603745,58.60554796323572,18614700
2017-03-28,59.20404052734375,59.36726223377853,58.623698219625844,58.90479957917564,20080400
2017-03-29,59.36725616455078,59.394458626471284,58.89572376384438,59.049882578436076,13618400
2017-03-30,59.58487319946289,59.82970915383897,59.26749966436815,59.321904579463194,15122800
2017-03-31,59.72090148925781,60.02014240424489,59.349116064293504,59.53047733923655,21040300
2017-04-03,59.43978500366211,59.7934307518394,59.11334171023331,59.67554422363131,20400900
2017-04-04,59.60300827026367,59.6755458454899,59.194950683275756,59.29469763221345,12997400
2017-04-05,59.448856353759766,60.165217743257216,59.340046519249675,60.11988261828617,21448600
2017-04-06,59.60300827026367,59.90224219885307,59.376311916900505,59.485121738851674,18103500
2017-04-07,59.55767822265625,59.811577082622996,59.3400516167169,59.71183011360391,14108500
2017-04-10,59.421669006347656,59.68463770366203,59.26751708944048,59.49421352661912,17952700
2017-04-11,59.37632369995117,59.49420333653236,58.805044348444184,59.48513354349533,18791500
2017-04-12,59.14963150024414,59.403530377503174,59.04081473075075,59.32191607082675,17108500
2017-04-13,58.895721435546875,59.72089964504904,58.895721435546875,59.204032134316655,17896500
2017-04-17,59.37632369995117,59.38538657476315,58.95013336413645,58.977335825022486,16689300
2017-04-18,59.294715881347656,59.584887026229545,59.08615904627126,59.24031095362787,15155600
2017-04-19,58.977325439453125,59.621142267208754,58.84130624075009,59.530465107481334,26992800
2017-04-20,59.39446258544922,59.621159007531084,59.06801918419327,59.35819032772903,22299500
2017-04-21,60.21055603027344,60.4825875178027,59.34910569087068,59.548599599326565,32522600
2017-04-24,61.2352294921875,61.3531160459863,60.84531141362799,61.189894363839876,29770000
2017-04-25,61.5888786315918,61.69769539828714,61.298707505296235,61.57074596292192,30242700
2017-04-26,61.50725555419922,61.94250867349299,61.316831449730245,61.73395190497994,26190800
2017-04-27,61.90623474121094,62.00598168629581,61.28055753448805,61.79742492346265,34971000
2017-04-28,62.07854461669922,62.695159133917315,61.38032271192931,62.486602309134625,39548800
2017-05-01,62.93996810913086,63.06691749185479,62.11479020320283,62.27801182645109,31954400
2017-05-02,62.84023666381836,63.21201511392585,62.68607787404286,63.21201511392585,23906100
2017-05-03,62.64073944091797,62.91277092018291,62.30522633977833,62.91277092018291,28928000
2017-05-04,62.395896911621094,62.640732827155375,62.24174506449098,62.59539079295329,21749400
2017-05-05,62.568206787109375,62.59540924836166,62.10574419114509,62.47752961019337,19128800
2017-05-08,62.5137939453125,62.61354090275162,62.042261615923124,62.540996403118754,18566100
2017-05-09,62.604454040527344,62.82208056186195,62.27801079941425,62.441232419970795,22858400
2017-05-10,62.849308013916016,63.076004414968345,62.49566218173239,62.55913689729804,17977800
2017-05-11,62.07854461669922,62.323380615805554,61.7702408172029,61.9878674355665,28789400
2017-05-12,62.005985260009766,62.214548953086904,61.697681534322655,62.214548953086904,18714100
2017-05-15,62.05131530761719,62.096657337679,61.2714794344668,61.78834675334811,31530300
2017-05-16,63.30073928833008,63.32809766330559,62.16076061183266,62.224599139401406,34956000
2017-05-17,61.54060745239258,63.01801525651334,61.495005525502144,62.82649968775239,30548800
2017-05-18,61.75039291381836,62.13342425787586,61.23056267320293,61.46768029671129,25201300
2017-05-19,61.73214340209961,62.106052886114675,61.49502582816356,61.55886437216025,26961100
2017-05-22,62.42524337768555,62.470845318003654,61.558862174675134,61.91453504394292,16237600
2017-05-23,62.63499450683594,62.6988330403437,62.361396815872205,62.671474662822995,15425800
2017-05-24,62.71705627441406,62.817374942531,62.42522204658574,62.80826012388533,14593900
2017-05-25,63.49227523803711,63.72938586913681,62.844767977025036,62.89948474452806,21854100
2017-05-26,63.80234146118164,64.03945903255816,63.40106664160284,63.65642777271259,19827900
2017-05-30,64.21273040771484,64.21273040771484,63.62905484976331,63.647298407322275,17072800
2017-05-31,63.69289779663086,64.51368399666559,63.665539416276204,64.32216837630399,30436400
2017-06-01,63.93003463745117,64.39514811739546,63.33724403875843,64.05771175619962,21603600
2017-06-02,65.44390106201172,65.53509796908969,64.05768302606569,64.24008379809965,34770300
2017-06-05,65.91815185546875,66.47446222547667,65.48951859091703,65.63543925879864,33316800
2017-06-06,66.13700866699219,66.22821253959465,65.90901290124323,65.93637823775111,31511100
2017-06-07,66.01844787597656,66.36499890621978,65.61717313515325,66.24644362273926,22301800
2017-06-08,65.6172103881836,66.13704070761206,65.20682059417027,66.12792588223893,24588300
2017-06-09,64.13065338134766,65.73574563730418,62.55291950601258,65.69926547718255,49187400
2017-06-12,63.6381950378418,63.784115709011346,62.13342116633849,63.15484499088365,47761700
2017-06-13,64.43163299560547,64.58666851428691,63.80236218016926,63.8570789613788,25258600
2017-06-14,64.08504486083984,64.84199245040497,63.31898245058963,64.66872040496936,25510700
2017-06-15,63.74763107299805,64.03034365622236,62.744450881604614,63.173077167890476,26068700
2017-06-16,63.83883285522461,63.866191241758806,63.127486973813,63.59260041853621,48345100
2017-06-19,64.63221740722656,64.6960559188532,64.15798249982065,64.29478129841374,23798300
2017-06-20,63.75673294067383,64.63223575923809,63.72025278683224,64.58663382746663,21512200
2017-06-21,64.08504486083984,64.40424448965582,63.7840957470292,64.0303281052158,19891100
2017-06-22,64.07593536376953,64.3768845025839,63.57434186928063,64.33128952173517,22965700
2017-06-23,64.94230651855469,64.97878667233363,63.76584765122604,63.920883086378105,27617300
2017-06-26,64.32215118408203,65.39829125696488,64.24007606495536,65.11557879169234,19607000
2017-06-27,63.11835479736328,64.00297959164321,63.09099641533474,63.93914104761679,25215100
2017-06-28,63.65642166137695,63.69289486158307,62.73531680390146,63.118348026974104,25806200
2017-06-29,62.46171569824219,63.37369872709965,62.09692109512353,63.27338003729506,28918700
2017-06-30,62.86301803588867,63.273407795763944,62.68973895786599,62.726219129969785,24161100
2017-07-03,62.169883728027344,63.47401978629002,62.03308487701657,63.2277874207735,16165500
2017-07-05,62.99979782104492,63.328112312452554,62.21549175355771,62.25197191458959,21176300
2017-07-06,62.5346794128418,62.72619502437649,62.124289810678704,62.26108170614726,21117600
2017-07-07,63.34635543823242,63.69290656690855,62.653246223000174,62.653246223000174,16878300
2017-07-10,63.82059860229492,64.06683104805832,63.10924573678553,63.34636335862199,15014500
2017-07-11,63.829708099365234,64.45897879185098,63.6108340594103,63.83882988041177,17460000
2017-07-12,64.8875961303711,65.00615142337098,64.34040768577988,64.46808475758854,17750900
2017-07-13,65.45303344726562,65.69927281612307,65.0335219958239,65.20680103628804,20269800
2017-07-14,66.37413787841797,66.82100770962798,65.62631191362823,65.88166610289109,25868100
2017-07-17,66.89397430419922,66.98517124349671,66.3194273245326,66.39238765912278,21803900
2017-07-18,66.8483657836914,66.93044092508339,66.26469714086272,66.65684320468534,26435300
2017-07-19,67.35907745361328,67.52323470243289,66.98516101434886,67.03076295597407,22416200
2017-07-20,67.6873550415039,67.76031532516743,66.83008910314662,67.65087489967215,42361000
2017-07-21,67.29525756835938,67.75124927952223,66.72982534168015,66.98517958667034,46717100
2017-07-24,67.12195587158203,67.25875473040611,66.69332269427677,67.058117331848,21394800
2017-07-25,67.6600341796875,67.769467707968,67.03076356055676,67.30436129701695,22018700
2017-07-26,67.5323486328125,67.83329775576857,67.31346768790806,67.79681759828449,16252200
2017-07-27,66.72068786621094,67.86978157856241,65.95461843343098,67.26787634226578,36844200
2017-07-28,66.61125183105469,66.8574842264463,66.15526024427957,66.2738155520045,18306700
2017-07-31,66.30115509033203,66.97602745662523,66.03668616810175,66.84835040524597,23600100
2017-08-01,66.19175720214844,66.95781992253487,66.10967507760348,66.66598551126177,22132300
2017-08-02,65.89990234375,66.17349310562184,65.15207646202715,66.16437828407477,26499200
2017-08-03,65.79959869384766,66.06407469466525,65.52600091151756,65.83607886201705,18214400
2017-08-04,66.28294372558594,66.61125825636353,65.88166886399551,66.02758952562117,22579000
2017-08-07,66.02757263183594,66.48356414592612,65.89989556452095,66.39236723468376,18705700
2017-08-08,66.38323974609375,66.69331060922205,65.43477664342491,65.74484750655321,22044600
2017-08-09,66.09142303466797,66.12790319729196,65.70839176393548,65.89078561917584,22213400
2017-08-10,65.1247329711914,65.8360788557249,65.07000924000224,65.57160285493259,24734500
2017-08-11,66.11875915527344,66.30115294910262,65.00613892243469,65.30709494434232,21443700
2017-08-14,67.11284637451172,67.2314086542008,66.52917763073246,66.6294963483708,20096600
2017-08-15,67.13117980957031,67.47040691045098,66.96614795145672,67.47040691045098,19181400
2017-08-16,67.5254135131836,67.93798960795866,67.08532628313421,67.2411877416093,18150400
2017-08-17,66.37934112548828,67.72709955680625,66.37934112548828,67.46121462182302,22977500
2017-08-18,66.46189880371094,66.78279222147879,65.94846933528237,66.26019237112774,18761500
2017-08-21,66.15015411376953,66.45271366360217,65.73757100173879,66.4435432846816,17734800
2017-08-22,67.076171875,67.14951392736431,66.33352501210375,66.33352501210375,14343700
2017-08-23,66.67276763916016,67.06701007522314,66.49856537824014,66.89280781430313,13766500
2017-08-24,66.6452407836914,66.80110222985492,66.07679628039376,66.69107868229608,17098300
2017-08-25,66.76445007324219,67.25037532986865,66.45272707651995,66.80112460137734,12794300
2017-08-28,66.77362060546875,67.01199454646138,66.51690590289144,66.98449039903538,14569700
2017-08-29,66.9753189086914,67.07617210035009,66.05847679903074,66.24184242298281,11478400
2017-08-30,67.85547637939453,68.03884197601239,66.77360257147126,66.93863440640698,16897800
2017-08-31,68.55229187011719,68.7264941357866,67.66296076447381,67.87383056454087,27652800
2017-09-01,67.79132080078125,68.52479043191309,67.51626531726211,68.49728628255149,21736200
2017-09-05,67.48875427246094,67.74546896687568,66.91114621002775,67.24120296359614,21556000
2017-09-06,67.29621887207031,67.8829973204139,67.25037396409468,67.60794186246184,16535800
2017-09-07,68.15802764892578,68.39640851606262,67.47956656009677,67.5529155953618,17471200
2017-09-08,67.8279800415039,68.24972655819688,67.69961571516697,68.1488733699714,14703800
2017-09-11,68.54308319091797,68.7081149664598,68.13050025459005,68.13050025459005,17910400
2017-09-12,68.46976470947266,68.98319402010613,68.18554591179338,68.54311375240593,14394900
2017-09-13,68.95565795898438,68.97399870870285,68.35054612225831,68.69894342249776,13380800
2017-09-14,68.55229187011719,69.21241940849468,68.32308130790007,68.76316866513548,15733900
2017-09-15,69.0473861694336,69.12073522669252,67.91050376172467,68.60730581578224,38578400
2017-09-18,68.90985870361328,69.65249859974604,68.79983512846566,68.97403737371178,23307000
2017-09-19,69.16657257080078,69.41411686828447,68.77233017484504,68.95569580298478,16093300
2017-09-20,68.70813751220703,69.26741165756532,68.1305226107999,69.08403907182142,21587900
2017-09-21,68.03886413574219,68.9832105562938,67.94718130757288,68.86402357916883,19186100
2017-09-22,68.22222900390625,68.31391182161595,67.70879263382089,67.83714997760457,14111400
2017-09-25,67.16786193847656,68.07553376340233,66.85613195120906,67.92883565293506,24149200
2017-09-26,67.16786193847656,67.67212095456826,66.92031062580077,67.54376360538485,18019600
2017-09-27,67.70877838134766,68.00216753323159,67.08532555922567,67.43372998611537,19565100
2017-09-28,67.72711944580078,67.81880224462822,67.21368318145862,67.42455991421598,10883800
2017-09-29,68.29557800292969,68.3414229139197,67.73630366461799,67.79131895679626,17079100
2017-10-02,68.40558624267578,68.77232446344875,68.12136744417785,68.49726904913159,15304800
2017-10-03,68.0846939086914,68.65313151392007,68.02051524374785,68.46059551908941,12190400
2017-10-04,68.47894287109375,68.5064470165821,67.58043448042149,67.92883198152474,13317700
2017-10-05,69.6524887084961,69.7900164091629,68.72647631861899,68.9648572001115,21195300
2017-10-06,69.68000793457031,69.70751208166813,69.25826135751835,69.3774483265925,13959800
2017-10-09,69.9458999633789,70.18428092015957,69.55165749425966,69.65251070693795,11386500
2017-10-10,69.9458999633789,70.25762298805608,69.80837221927654,69.98257449480298,13944500
2017-10-11,70.0650863647461,70.10176089586682,69.63416936776713,70.01007806554081,15388900
2017-10-12,70.70685577392578,70.86271723120484,70.01922429127785,70.12924085173405,16876500
2017-10-13,71.04608917236328,71.39449363144836,70.8627235585973,71.13777197924627,15335700
2017-10-16,71.19277954101562,71.33947061713504,70.91772415523681,70.981902812592,12380100
2017-10-17,71.13775634765625,71.16526747913075,70.82603347376114,71.02773980155128,16824000
2017-10-18,71.15612030029297,71.37616045918868,70.93608014139726,71.21112859127926,13300700
2017-10-19,71.43115234375,71.44948610308897,70.91771614793146,71.11942247540144,15092800
2017-10-20,72.25631713867188,72.40301521900271,71.71538370608822,71.80706650882026,22866400
2017-10-23,72.27466583251953,72.74225027628225,72.21048716406483,72.42135693400874,20627200
2017-10-24,72.30217742919922,72.61390042383763,71.93543914525036,72.3388519570892,17517200
2017-10-25,72.0912857055664,72.5222025753009,71.52284812842689,72.04544780141457,20410800
2017-10-26,72.2104721069336,72.81558414119444,72.20130172908075,72.61387779812456,32120700
2017-10-27,76.84053039550781,79.03178234748565,76.65716478247735,77.35396670290265,71066700
2017-10-30,76.91387939453125,77.3172921369063,76.19874371119347,76.73967716578753,31756700
2017-10-31,76.26290893554688,77.34478264902819,76.19873028283817,77.34478264902819,27086600
2017-11-01,76.26290893554688,76.7946789122467,75.98785356968186,76.72132988202289,22307400
2017-11-02,77.06059265136719,77.43649433035058,76.20792909300104,76.41879888988288,23992900
2017-11-03,77.14310455322266,77.50984284364533,76.4646432626589,77.08809625789213,17633500
2017-11-06,77.44564819335938,77.65651794526605,77.08808035756142,77.19809692553024,19860900
2017-11-07,77.26227569580078,77.83989065823789,76.95055275952333,77.72069671617326,17939700
2017-11-08,77.5281753540039,77.57402026267043,76.85888445515891,77.14310330302862,18034200
2017-11-09,77.09723663330078,77.26226846498788,76.0061994634879,77.11557738957102,21178400
2017-11-10,76.89556121826172,77.10643101637484,76.30878274401913,76.8222121602436,19397800
2017-11-13,76.95056915283203,76.95973953377901,76.51965218268874,76.70302482687266,14196900
2017-11-14,77.06059265136719,77.10643056614748,76.0795717396944,76.55632662412603,18801300
2017-11-15,76.4616470336914,77.11587331948314,76.19442665835447,76.91315392922202,19383100
2017-11-16,76.66436004638672,76.86707943837325,76.42478897411189,76.57221678550562,20962800
2017-11-17,75.92719268798828,76.59063529002202,75.77975787416796,76.59063529002202,22079000
2017-11-20,76.04698181152344,76.10226635429092,75.78897790516957,75.92719629216748,16315000
2017-11-21,77.14351654052734,77.25408564196744,76.24049570831212,76.24049570831212,21237500
2017-11-22,76.5814208984375,77.3093644934062,76.51691992319111,77.24486351815982,20553100
2017-11-24,76.71964263916016,76.87628686731495,76.27734519663441,76.48928099890452,7425600
2017-11-27,77.28173828125,77.38309798199609,76.7565139365114,76.76572334197522,18265200
2017-11-28,78.21238708496094,78.37824775884606,77.41994242418534,77.46601756751781,21926000
2017-11-29,76.79335021972656,78.24923742024984,76.64592243098245,78.0557344931037,27381100
2017-11-30,77.55818176269531,77.88068676285064,76.79337916941142,76.95003048098552,33054600
2017-12-01,77.6410903930664,78.14788179136758,76.68278511126995,77.03293227900964,29532100
2017-12-04,74.71089935302734,77.79774436018909,74.36074511138561,77.78852792486158,39094900
2017-12-05,75.18082427978516,76.18520472355137,74.61874832474635,74.95046263113268,26152300
2017-12-06,76.27733612060547,76.60905740550935,75.03338481725521,75.14396092224933,26162100
2017-12-07,76.01013946533203,76.29579273462754,75.55863253203879,76.0562146142741,23184500
2017-12-08,77.54893493652344,77.93594074997092,76.7841327122736,77.06056242327395,24489100
2017-12-11,78.53489685058594,78.6638988122442,77.51209056166708,77.66873479652645,22857900
2017-12-12,78.85738372802734,79.2904646560553,78.39666053311727,78.6085892659322,23924100
2017-12-13,78.64546966552734,79.24441139019012,78.47960898839119,79.00483329430901,22062700
2017-12-14,78.03731536865234,79.12462264572814,77.88988053714661,78.71918388916708,19306000
2017-12-15,80.02763366699219,80.2487788766646,78.2123827886524,78.56253698655314,53936700
2017-12-18,79.59455108642578,80.62657376140027,79.45633972689826,80.27642660046502,22283800
2017-12-19,79.08776092529297,79.56691004927576,78.57174606475832,79.56691004927576,23524800
2017-12-20,78.8021011352539,79.52083530640205,78.0557317241556,79.42868503286692,23674900
2017-12-21,78.7836685180664,79.33653496130034,78.69152528254045,79.2904668585765,17990700
2017-12-22,78.79291534423828,78.90348445748907,78.2492580937917,78.69155563703775,14145800
2017-12-26,78.6915512084961,78.8113367511369,78.35061339163761,78.60861734814434,9891200
2017-12-27,78.97718811035156,79.22598263193042,78.52568123981179,78.92190356336947,14678000
2017-12-28,78.98638916015625,79.17989206698341,78.82974495416451,79.15224979887644,10594300
2017-12-29,78.82052612304688,79.29046575680091,78.78366742333301,78.90345292484444,18717400
2018-01-02,79.19835662841797,79.530078068062,78.78370834390383,79.36421734823999,22483800
2018-01-03,79.56688690185547,79.71432168485381,79.21673983735049,79.29966663022901,26061400
2018-01-04,80.2672119140625,80.77401034362858,79.76962991869203,79.78805575700378,21912000
2018-01-05,81.26236724853516,81.46508659876741,80.56206595593609,80.7740017393822,23407100
2018-01-08,81.34527587890625,81.62171257291622,80.71869213188386,81.27155848982663,22113000
2018-01-09,81.2900161743164,81.75995588560016,80.95829485224307,81.6862384740107,19484300
2018-01-10,80.92144775390625,81.26238555885257,80.54365826795846,80.95830646498804,18652200
2018-01-11,81.16100311279297,81.20707121617284,80.38698445718082,81.20707121617284,17808900
2018-01-12,82.56161499023438,82.7274756615193,81.50194998091834,81.70466936027546,24271500
2018-01-16,81.40978240966797,83.65811371996364,81.09649402974946,83.02231349826386,36599700
2018-01-17,83.0591812133789,83.1881831520666,81.7783712292094,82.0824502404354,25621200
2018-01-18,83.0223388671875,83.54756315818993,82.61690713576374,82.745909099864,24159700
2018-01-19,82.93016052246094,83.49224328396376,82.61687217936851,83.05916243197862,36875000
2018-01-22,84.4137191772461,84.42293561118677,82.69061159446089,82.93018966636369,23601600
2018-01-23,84.68096160888672,85.0495417317816,84.34924020128945,84.68096160888672,23412800
2018-01-24,84.60722351074219,86.09075304619397,84.38607830305827,85.27988259796666,33277500
2018-01-25,85.07718658447266,85.91569953509594,84.70860645042757,85.20618857687624,26383200
2018-01-26,86.6712646484375,86.6712646484375,85.30752762197002,85.80510962786911,29172200
2018-01-29,86.54227447509766,87.95208683546731,86.35798794266158,87.66644060116722,31569900
2018-01-30,85.4549560546875,86.3026922729121,84.86523079075367,85.97097093318936,38635100
2018-01-31,87.54664611816406,87.90600974077398,86.16447617579365,86.38562139815055,48756300
2018-02-01,86.85553741455078,88.52335310633782,86.22895359734758,87.3439028692678,47227900
2018-02-02,84.57035827636719,86.58832835219185,84.31235438230499,86.28424932129904,47867800
2018-02-05,81.0873031616211,85.91568151782253,81.0873031616211,83.44620427669724,51031500
2018-02-06,84.15571594238281,84.29393433228431,78.55331917499957,80.06449096974278,67998600
2018-02-07,82.57081604003906,84.56113669453875,82.19301962525068,83.3816863763051,41107600
2018-02-08,78.33218383789062,82.81962464747718,78.1018221690591,82.662980399891,55628700
2018-02-09,81.25314331054688,81.9442281061015,77.2448529023456,79.52082662051802,63499100
2018-02-12,82.12852478027344,82.72746641687618,81.02279178199062,81.76916120432757,35720300
2018-02-13,82.77354431152344,82.93018853598352,80.90300896158003,81.94424102014776,26407700
2018-02-14,84.06964111328125,84.23628092677365,81.84778635085468,81.94036245543845,34960900
2018-02-15,85.78231048583984,85.83785472279509,83.8937287352358,84.43993256690193,27823900
2018-02-16,85.17127990722656,86.55994207962699,84.98612777614693,85.58787573370627,30596900
2018-02-20,85.8378677368164,86.15262787808722,84.25479317565834,84.68990859938256,30911700
2018-02-21,84.69913482666016,86.43033625257797,84.69913482666016,86.07854436983104,26922500
2018-02-22,84.92134857177734,85.84712362316742,84.5788092600459,85.21759630569805,24392800
2018-02-23,87.07837677001953,87.0876364958306,85.50456241100149,86.6525212030276,26329200
2018-02-26,88.33746337890625,88.3652355033917,87.25430814535028,87.39317583088143,30199800
2018-02-27,87.2079849243164,88.72625505894212,87.2079849243164,88.63367898987495,25869100
2018-02-28,86.80992126464844,88.60592707909629,86.68031332578137,87.80050026204842,31167300
2018-03-01,85.95819091796875,87.55052474390357,85.02315636890678,87.01357365132529,37135600
2018-03-02,86.14335632324219,86.23593239960408,84.1159070543379,84.78246610510654,32830400
2018-03-05,86.68959045410156,87.27282629607072,85.41202320179107,85.48607985093484,23901600
2018-03-06,86.39334106445312,87.47649634933343,86.04154903246156,87.33762865722217,22175800
2018-03-07,86.89325714111328,86.96732084910806,85.56939837889838,86.24521735391883,26716100
2018-03-08,87.42093658447266,88.04120416098215,86.80992167285224,87.27280918901208,25887800
2018-03-09,89.37433624267578,89.37433624267578,87.94864162559367,88.21711727391796,36937300
2018-03-12,89.58724212646484,89.99458537976568,88.91143034323676,89.33728598845917,26073700
2018-03-13,87.4024429321289,90.02238146739377,86.9950995703741,89.80019738966591,35387800
2018-03-14,86.88397979736328,88.32819355805215,86.5599599694564,88.0597179683286,32132000
2018-03-15,87.18949890136719,87.5598103527173,85.93970393327606,86.58774367581118,27611000
2018-03-16,87.57830810546875,88.3004114301727,86.94878086234952,87.65237179597743,49081300
2018-03-19,85.9952392578125,86.93027398627349,85.27313588729713,86.78214659585868,33344100
2018-03-20,86.2174301147461,86.80992559716671,86.09708189782117,86.14337347677099,23075200
2018-03-21,85.61567687988281,87.06914337744331,85.36571366937142,86.03227281326464,24457100
2018-03-22,83.12535095214844,84.9398693851748,83.00500272625466,84.49549420869104,38604700
2018-03-23,80.70905303955078,83.74559346764501,80.61647696564093,82.85685044452731,44068900
2018-03-26,86.81917572021484,87.0228473440953,83.6900588584313,83.8844707549256,56396800
2018-03-27,82.82908630371094,88.07822860023279,81.94034319502225,87.89307643458604,56569000
2018-03-28,82.75503540039062,84.45846525260266,82.27363545745665,83.15311897483936,52501100
2018-03-29,84.49547576904297,85.43977016433142,81.83850620838933,83.48638447350189,45867500
2018-04-02,81.94959259033203,84.13442196070677,81.01456500907916,83.75485791734025,48515400
2018-04-03,83.05127716064453,83.36604434391168,81.36636688721107,82.93092894936463,37213800
2018-04-04,85.47682189941406,85.87490549925475,81.21825759190446,81.32934609030397,35560000
2018-04-05,85.52310180664062,86.16188889040008,84.6158461574931,85.5786531159481,29771900
2018-04-06,83.53268432617188,85.59715869419725,82.8383530514982,84.6991557821895,38026000
2018-04-09,84.03258514404297,86.25444633196732,83.89372455856808,84.28254832410178,31533900
2018-04-10,85.9859848022461,86.35629623788552,84.83802570855673,85.53235700171696,26812000
2018-04-11,85.04170227050781,86.36556096190206,84.68991027100788,85.18056994979322,24872100
2018-04-12,86.634033203125,87.17098444170459,85.56939045438362,85.56939045438362,26758900
2018-04-13,86.17113494873047,87.18948599183564,85.57863953953827,87.06913778978493,23346100
2018-04-16,87.18022918701172,87.63386401792992,86.4858979439235,87.08765310055382,20288100
2018-04-17,88.93922424316406,89.37433972245482,87.83754948181976,87.94864504986346,26771000
2018-04-18,89.28175354003906,89.54096943978858,88.43003507401465,89.078081886492,21043300
2018-04-19,88.97624969482422,89.86499298589067,88.26339887828613,89.28175718762625,23552500
2018-04-20,87.94862365722656,88.97623445658552,87.06914024589534,88.79108228465346,31154400
2018-04-23,88.27264404296875,89.14287479532997,87.60608491887102,88.63369572467124,22331800
2018-04-24,86.20819091796875,89.30953648834928,85.55089136018874,89.09660508025789,34524800
2018-04-25,85.45828247070312,86.37480474694584,83.57896047217075,86.37480474694584,33729300
2018-04-26,87.26354217529297,88.08748125352814,86.1896399240955,86.60624285799871,42529000
2018-04-27,88.70775604248047,90.63336964699688,86.93952954851477,90.3556343348273,48272800
2018-04-30,86.57847595214844,89.24471250517486,86.23594371834082,89.17990853690561,41523600
2018-05-01,87.94862365722656,88.21709925069989,85.90266178603602,86.29148558495493,31408900
2018-05-02,86.56924438476562,88.10602760528653,86.27299659146614,87.93938778011153,27471000
2018-05-03,87.08766174316406,87.88382887929866,85.58790356654002,86.06005083636482,31142500
2018-05-04,88.09674835205078,88.29116024556687,86.02300736167436,86.39331875732033,22531300
2018-05-07,89.07807922363281,89.53170703463394,88.04120859252691,88.10601256552708,24242000
2018-05-08,88.6985092163086,89.02253614866979,88.00417789799761,88.73554106752425,23484600
2018-05-09,89.74462890625,89.77240102557985,87.99491475744378,88.88365789151182,27327400
2018-05-10,90.64261627197266,90.67964104934782,89.84644935948049,90.22601336393761,22388100
2018-05-11,90.4482192993164,90.60560642532158,89.8372114408894,90.5408024545323,16778300
2018-05-14,90.75370788574219,91.36472268019757,90.08714886019143,90.65187208666629,19454100
2018-05-15,90.096435546875,90.58709523664669,89.18917280991894,90.02237184118394,24594000
2018-05-16,90.3288803100586,90.56132724493074,89.83609394312444,90.5241348841051,17384700
2018-05-17,89.42698669433594,90.69149861053785,89.10156239833934,89.96626529554038,17246700
2018-05-18,89.5943603515625,90.12433915744552,89.26893601351478,89.26893601351478,17865800
2018-05-21,90.74727630615234,91.12849266059561,90.00345041709654,90.18940511593122,19422500
2018-05-22,90.65430450439453,91.27726058670176,90.37536534535555,90.82166658107442,15441200
2018-05-23,91.73284912109375,91.79793397012563,89.55714242226895,89.91975902312033,21251200
2018-05-24,91.40744018554688,91.99321106411864,90.01275842699428,91.79795646916747,26649300
2018-05-25,91.45390319824219,92.03037402801758,90.98900942724408,91.39811821571153,18363900
2018-05-29,91.12850952148438,91.9374204141713,90.40327613064021,90.97044019513963,28671000
2018-05-30,92.00248718261719,92.28142632132713,91.03551424751451,91.40742364083847,22158500
2018-05-31,91.90020751953125,92.96946473110334,91.6863603334469,92.31861621643343,34140900
2018-06-01,93.71330261230469,93.77838746719351,92.20704399295569,92.30932120688342,28655600
2018-06-04,94.53150939941406,94.70817132426096,93.76908380430405,94.15030014871749,27281600
2018-06-05,95.01499938964844,95.14516908926876,94.401336153967,94.83833747142803,23514400
2018-06-06,95.2939453125,95.39622253335736,94.74537394037199,95.28465254239852,21122900
2018-06-07,93.7969741821289,95.4798946273067,93.33208036404868,95.44270227061428,28232200
2018-06-08,94.49430084228516,94.79183255781555,93.48083587472449,93.99221474225592,22165100
2018-06-11,93.95506286621094,94.45714205090877,93.60173895155624,93.91787050184107,23490900
2018-06-12,94.1968002319336,94.32696995710488,93.67612133124842,94.00154564417664,18325200
2018-06-13,93.76908874511719,94.84764588921975,93.49944945909155,94.5780066031941,29492900
2018-06-14,94.29906463623047,94.86623568752414,93.90855551381364,94.51291892348752,25691800
2018-06-15,93.09964752197266,94.40135182802267,93.0438625253635,94.38275919372553,65738600
2018-06-18,93.77838134765625,94.01082825619324,92.43948488449391,92.98806327737387,23586000
2018-06-19,93.77838134765625,93.90855104893963,92.51386959771776,92.65333916158328,28653100
2018-06-20,94.71747589111328,95.32183222329857,94.02013511362205,94.25258203945246,26180800
2018-06-21,94.0387191772461,95.26603855004342,93.79697241017064,94.91272180871512,23198200
2018-06-22,93.36000061035156,93.69471770721542,92.63476013494476,93.36000061035156,38923100
2018-06-25,91.4818115234375,93.08104750746577,90.46834633223192,92.97877029264649,35433300
2018-06-26,92.12336730957031,93.05315501250813,91.8165356651087,91.88162052056566,26897200
2018-06-27,90.69149780273438,92.99736744558666,90.56132808549518,92.58826566014243,31298400
2018-06-28,91.7049560546875,92.1512572610091,90.43115147681641,90.54272145810906,26650700
2018-06-29,91.68636322021484,92.89509003547806,91.42602380615003,91.9838949925342,28053200
2018-07-02,92.98809051513672,93.03457565423037,91.11921483683386,91.21219220873995,19564500
2018-07-03,92.09547424316406,93.56453341348339,91.9931970289769,93.42507093388012,14670300
2018-07-05,92.75563049316406,92.90439284854779,92.07688229564462,92.51388368523304,18977400
2018-07-06,94.05732727050781,94.30836682862862,92.67193848806474,92.87649291734986,19234600
2018-07-09,94.6988754272461,95.07079192442248,94.14100422834011,94.5129207255165,18212000
2018-07-10,94.94991302490234,95.3125296243043,94.70816626072889,94.83833595827232,19293100
2018-07-11,94.81974792480469,95.15446495349093,94.00153025061195,94.04802247072448,19644600
2018-07-12,96.87459564208984,97.07915009834267,95.5171062704426,95.55429154092663,24335900
2018-07-13,98.02754211425781,98.18560436046285,96.78162259461355,97.04196917472176,24635200
2018-07-16,97.54401397705078,98.39011694755575,97.18139031115899,97.99960788424576,21786900
2018-07-17,98.51099395751953,99.02237997799105,96.99544271441121,97.26508197123106,25901700
2018-07-18,97.7392807006836,98.60398350228482,97.36736422049827,98.50170629289093,29493900
2018-07-19,97.06983184814453,97.91593491890178,96.59563816153032,97.56261816647918,40171600
2018-07-20,98.80854797363281,100.60303874023744,98.63189311252037,100.49146874242285,56004000
2018-07-23,100.38916778564453,100.54722997433173,98.67835492179674,98.83642420420033,29707000
2018-07-24,100.10094451904297,101.17949453356397,99.72902803021204,100.94704761475926,26316600
2018-07-25,103.04837036132812,103.34590213542324,100.04515303123185,100.37987716380347,30702100
2018-07-26,101.92333984375,103.20644443706699,101.811762755485,102.96469762601845,31372100
2018-07-27,100.11955261230469,102.44402215930869,98.68767852010406,102.44402215930869,37005300
2018-07-30,97.97172546386719,99.98006306284334,97.40455444011876,99.66393867253986,34668300
2018-07-31,98.6318588256836,99.2269222528964,97.98100332524011,99.01306800856261,27655200
2018-08-01,98.81781768798828,98.97587986581173,98.01819984360198,98.5853708051717,23628700
2018-08-02,100.01726531982422,100.50075181571098,97.47894170869591,97.99962765855555,26104300
2018-08-03,100.45426177978516,100.4635616428242,99.31991967540115,100.23111472286737,18659600
2018-08-06,100.53795623779297,100.80759556170672,100.0079774545744,100.52866346690224,20265900
2018-08-07,101.23528289794922,101.43983732830925,100.57513447778918,100.93775111571206,16080200
2018-08-08,101.80245208740234,102.04419887279508,101.12371104688036,101.65368974588789,15487500
2018-08-09,101.96981811523438,102.42541920803674,101.90473325822224,102.00701047548665,13677200
2018-08-10,101.34686279296875,101.98841859806979,100.77039184536221,101.7373719379357,18183700
2018-08-13,100.61231231689453,101.88612384429794,100.51003511647518,101.56999238107916,18472500
2018-08-14,101.86754608154297,102.04420802830145,100.45427178862826,100.93775830907553,16788300
2018-08-15,100.48614501953125,101.72751586921657,99.70211420397867,101.26083306408262,29982800
2018-08-16,100.4675064086914,101.60621396308211,100.15016541603396,101.08353132999135,21384300
2018-08-17,100.4114990234375,100.71017580813213,99.5808039934738,100.20615739876939,18061500
2018-08-20,99.74879455566406,100.71016008376549,99.3847825036842,100.34614803178563,17914200
2018-08-21,98.9181137084961,100.19682033700623,98.7967715932539,99.79547274562324,22881900
2018-08-22,99.92611694335938,100.18745816699152,98.73141013760427,98.79674544351231,18000600
2018-08-23,100.39282989501953,100.97151929335413,99.74881229216487,100.0101535943107,18167700
2018-08-24,101.17684936523438,101.32618418325244,100.39281842733887,100.4954892301706,17234000
2018-08-27,102.29689025878906,102.33422574531207,101.27952495484695,101.98887783573623,19662300
2018-08-28,102.91291046142578,103.13691624944066,102.47422741584396,102.6142337037341,19151500
2018-08-29,104.55562591552734,104.56496156670936,102.9222358884308,103.09024200462993,20818000
2018-08-30,104.49027252197266,105.1062972151327,104.01426120927353,104.22893130221294,22798700
2018-08-31,104.8449935913086,105.265005399245,104.08896236759966,104.24763998307976,23222700
2018-09-04,104.26629638671875,104.49963784505114,102.87558328894231,103.46360120037407,22634600
2018-09-05,101.26084899902344,103.99561095230557,100.89683692341724,103.6129346948033,32872400
2018-09-06,101.49417877197266,101.72752018443784,100.34614301041222,101.03683159742504,23477600
2018-09-07,100.99949645996094,101.47551493689089,100.08480210775886,101.01816776078985,22498600
2018-09-10,102.09152221679688,102.33419925587093,101.13949248045111,101.5875039607265,20727900
2018-09-11,103.8276138305664,104.15429044967993,101.63420553535703,101.64354118762205,24301800
2018-09-12,104.26629638671875,104.39696703370359,103.1462602351298,104.00495509274909,18891100
2018-09-13,105.3863296508789,106.15168927668294,104.64896985805304,104.64896985805304,26055600
2018-09-14,105.81568145751953,106.15169370931973,104.94765099387165,105.80634580579847,19122300
2018-09-17,104.66765594482422,106.1237045325392,104.40631462097967,106.11437600027118,20736500
2018-09-18,105.66633605957031,106.12368328472937,104.27562308126143,104.71430612460435,22170900
2018-09-19,104.25697326660156,105.76902866191625,103.64095544548472,105.51702298987232,21728400
2018-09-20,106.00236511230469,106.21704240282371,104.4716456040489,104.79832224525897,23714500
2018-09-21,106.6463851928711,107.60775088962747,105.94636079763882,106.40370807530599,71229700
2018-09-24,107.02906799316406,107.2437452873211,104.74232434492468,105.49834845896801,27334500
2018-09-25,106.82373046875,107.43041976238244,106.17037715007942,107.15041424910238,22668000
2018-09-26,106.38504028320312,107.39306996617691,106.16102735719458,106.84238754535895,19352000
2018-09-27,106.78639221191406,107.2530751451971,106.59037911344072,107.13173302509298,19091300
2018-09-28,106.74905395507812,106.93572427514502,106.1050292451197,106.58104781861141,21647800
2018-10-01,107.90641021728516,107.97174553209278,107.08505095670142,107.10371513763992,18883100
2018-10-02,107.47705078125,108.12106820605841,106.81436205658368,107.61705704612642,20787200
2018-10-03,107.49571990966797,108.43842120749322,107.27171414816014,107.72906132153457,16648000
2018-10-04,105.27432250976562,107.11305415414478,104.19161483491712,106.9730478691536,34821700
2018-10-05,104.65830993652344,105.6290112726301,103.26759681736837,105.12499286036224,29068900
2018-10-08,103.46357727050781,104.56494898394341,102.05419319426909,104.21960826293495,29640600
2018-10-09,104.7796401977539,105.54499982140405,103.41692706886538,103.734268003079,26198600
2018-10-10,99.08611297607422,104.07028274034964,98.74076507964823,103.82760564769852,61376300
2018-10-11,98.85277557373047,101.67153716440038,97.25671378475367,98.33008588197158,63904300
2018-10-12,102.2688980102539,103.82761730287837,99.98215447896732,101.74621540219216,47742100
2018-10-15,100.4301528930664,102.18488505382922,99.82346373367534,101.65286686319732,32068100
2018-10-16,103.60360717773438,103.98629058629845,101.69020437694633,102.24089391982845,31610200
2018-10-17,103.33292388916016,104.35962481540459,102.25022329525272,104.2382898284628,26548200
2018-10-18,101.2701644897461,103.16489546019197,100.64481126599567,102.76354797967777,32506200
2018-10-19,101.41951751708984,103.47291915071777,100.99949869133756,101.67152311572924,32785500
2018-10-22,102.32489013671875,103.17425643319059,101.02751224381319,102.03554901731297,26545600
2018-10-23,100.89685821533203,101.70888915897585,98.10609600642115,100.58884574143087,43770400
2018-10-24,95.5019760131836,101.26084054494149,94.82061593410472,101.18617670257512,63897800
2018-10-25,101.08354187011719,101.98890091940483,99.07680352165997,99.45015135037579,61646800
2018-10-26,99.83280181884766,101.50352740023315,97.77939997501933,98.64743042521368,55523100
2018-10-29,96.93002319335938,101.45684525875849,94.85795027112758,100.90616293274972,55162000
2018-10-30,96.81803131103516,97.42471334501968,93.4392447698007,96.75269599409765,65350900
2018-10-31,99.69281768798828,100.934196145986,98.36743971017977,98.41411085741952,51062400
2018-11-01,98.86209869384766,100.1688121702038,98.49808662042913,99.91680655053541,33384200
2018-11-02,99.08611297607422,100.1688135599515,97.98474108913841,99.38478973586957,37680200
2018-11-05,100.34614562988281,100.56081574718633,98.84342632469834,99.28210933094678,27922100
2018-11-06,100.54217529296875,101.58754053733799,99.19812612618928,100.2248271859162,24340200
2018-11-07,104.4996337890625,104.76097507288863,102.11021962720545,102.14755511361145,37901700
2018-11-08,104.30361938476562,104.73296676216317,103.51959559673931,104.35029051924995,25644100
2018-11-09,102.2688980102539,104.02362328090153,101.51287393487654,103.4636051835473,32039200
2018-11-12,99.74879455566406,102.63289113996835,99.03009898153911,102.12887280930043,33621800
2018-11-13,99.81413269042969,101.49418671912092,99.53412012514015,100.38348635110718,35374600
2018-11-14,98.39867401123047,101.48271444010469,97.92997498833371,101.33272731992355,39495100
2018-11-15,100.56404876708984,101.05149969559366,97.40502232072583,98.41740664958253,38505200
2018-11-16,101.51082611083984,102.06388747528074,100.11410515067828,100.37657543561829,33502100
2018-11-19,98.07058715820312,101.76393063430896,97.06757152471388,101.49208433995287,44773900
2018-11-20,95.34276580810547,96.52388948988391,93.13050558270857,95.42713536126556,64052500
2018-11-21,96.65509033203125,97.89245517526916,95.83955164943755,97.11441326389817,28130600
2018-11-23,96.61762237548828,97.31129497054062,95.6146066894253,95.77396265081383,13823100
2018-11-26,99.80477142333984,99.95475139225752,98.03308968283626,98.2299424149167,32336200
2018-11-27,100.43283081054688,100.61093873625205,98.7642633542979,99.617291897443,29124500
2018-11-28,104.16365814208984,104.36051084461405,101.10773895861738,101.13585975158105,46788500
2018-11-29,103.29188537597656,104.16366578067273,102.20450028978394,103.42312052061651,28123200
2018-11-30,103.94805145263672,104.02304500026545,102.51383382518429,103.76994356496306,33665600
2018-12-03,105.07294464111328,106.31968577174662,103.79808986487045,105.92598030474016,34732800
2018-12-04,101.7264175415039,105.58849948617492,101.43582647941535,104.93232381314321,45197000
2018-12-06,102.35447692871094,102.40134253170027,98.42677751822418,99.19544349467633,49107400
2018-12-07,98.258056640625,102.59820674267412,97.77061283451825,101.59519118337643,45044900
2018-12-10,100.85466003417969,101.22025187966123,97.38628985996257,98.23932557978607,40801500
2018-12-11,101.79204559326172,104.00430544988359,100.71404361250224,102.92630346912411,42381900
2018-12-12,102.2513656616211,104.30426221975362,102.21386888703613,103.94805358886424,36183000
2018-12-13,102.59820556640625,103.92931612708041,101.82953951250266,102.72007188037007,31333400
2018-12-14,99.39231872558594,102.4201177148635,98.89549888023541,101.47334363777709,47043100
2018-12-17,96.44889068603516,99.17672261107826,95.34276063337197,98.81113792138093,56957300
2018-12-18,97.46125793457031,97.96745364386338,96.10202672856721,97.25502925836444,49319200
2018-12-19,97.19879913330078,100.18909383547529,95.00528413443864,97.16130235577214,68198200
2018-12-20,95.1552734375,97.77998355898302,92.59617373848037,96.5988672226163,70334200
2018-12-21,92.08061218261719,96.5519976655902,91.35881169021773,95.26775978219369,111242100
2018-12-24,88.23726654052734,91.83687839078392,88.09666256932024,91.56503212681886,43935200
2018-12-26,94.26475524902344,94.38662158511157,88.07792891736563,89.18405901543325,51634800
2018-12-27,94.84593963623047,94.85531561968854,90.36517788178269,93.08363379044923,49498500
2018-12-28,94.10540771484375,95.99895614398403,93.28986868029946,95.69898184474674,38196300
2018-12-31,95.21150970458984,95.98955172122595,94.15225259340322,94.94903942229784,33173800
2019-01-02,94.7896957397461,95.38025395124085,92.74616765403161,93.31798105084482,35329300
2019-01-03,91.30255889892578,93.91789995567423,91.11507502373428,93.83353042389341,42579100
2019-01-04,95.5489730834961,96.0926656095228,92.73677924073857,93.47732447754484,44060600
2019-01-07,95.67083740234375,96.80508812188847,94.65845299969683,95.27713195954888,35656100
2019-01-08,96.364501953125,97.46125572247769,95.34273457650848,96.5894754348896,31514400
2019-01-09,97.74250793457031,98.31432141320194,96.77698892527515,97.35817838847899,32280800
2019-01-10,97.11444091796875,97.25505206214952,95.97081410124231,96.7582322175867,30067600
2019-01-11,96.364501953125,96.9644360056826,95.27711701300305,96.73008654290922,28314200
2019-01-14,95.66146850585938,96.4301345777404,94.92092322961877,95.52085737587815,28437100
2019-01-15,98.43616485595703,98.47366163374141,95.50210457239687,96.09266988277689,31587600
2019-01-16,98.78299713134766,99.60791193567613,98.38929169388855,98.67051395023309,29853900
2019-01-17,99.4766845703125,99.95475243099906,98.20182263825575,98.42679616986,28393000
2019-01-18,100.96712493896484,101.14523282498504,99.27981304365244,100.73277546863437,37427600
2019-01-22,99.06421661376953,100.3953199993991,98.29555057330101,100.06723214403672,32371300
2019-01-23,100.02974700927734,100.33909008824098,98.74550908107595,99.47668558183904,25874300
2019-01-24,99.55166625976562,100.30158753193103,98.74550339531056,100.17035238206898,23164800
2019-01-25,100.46092987060547,101.1264815124088,99.55165277559385,100.52654743664866,31225600
2019-01-28,98.50177764892578,99.81413620057482,98.1080722289647,99.60790750865841,29476700
2019-01-29,96.49574279785156,98.3986594040415,95.77394240474462,98.3142898735193,31490500
2019-01-30,99.72040557861328,99.72040557861328,97.79874379791796,98.07059010042974,49471900
2019-01-31,97.8924560546875,98.63300120148848,96.72070876261846,97.30189799412474,55636400
2019-02-01,96.34574890136719,97.58311376474401,95.942667543885,97.28314674185806,35535700
2019-02-04,99.12047576904297,99.17672451977278,96.336402192552,96.4301477265083,31315100
2019-02-05,100.50780487060547,100.55467047495264,99.32668150366837,99.42041986414117,27325400
2019-02-06,99.39231872558594,100.3015960207127,98.92361967876018,100.3015960207127,20609800
2019-02-07,98.67989349365234,98.97986059548785,97.76124737318474,98.60490708202833,29760700
2019-02-08,99.05481719970703,99.1579315229685,97.73309010882944,97.8549492400579,21461100
2019-02-11,98.66114044189453,99.90788151022387,98.39867014367346,99.5516656896845,18914100
2019-02-12,100.1984634399414,100.4328129207443,98.87673608713797,99.49541499753273,25056600
2019-02-13,100.12348175048828,101.0327589880029,100.0297433774184,100.77028868269547,18394900
2019-02-14,100.20783996582031,100.57342458571573,99.04546853722407,99.65477146919734,21784700
2019-02-15,101.44520568847656,101.52019923971712,100.63904289208732,101.15461461714277,26606900
2019-02-19,101.3983383178711,101.85766847978775,101.03275367587479,101.04212965822263,18038500
2019-02-20,100.87114715576172,101.61485501827724,100.06154149187505,101.53954119318972,21607700
2019-02-21,102.99871063232422,103.06460843024237,100.60755067850327,100.63579156585087,29063200
2019-02-22,104.46731567382812,104.68383397614542,103.38470261527333,103.6012280999134,27763200
2019-02-25,105.05095672607422,105.60638717028546,104.7402997878529,105.21100038904292,23750600
2019-02-26,105.7758560180664,106.60428661853098,104.65558611579178,104.74031597190512,21536700
2019-02-27,105.59697723388672,105.7758457709918,104.38256875093867,105.14510865279819,21487100
2019-02-28,105.46519470214844,106.2653844329929,105.18277859955055,105.47461072693179,29083900
2019-03-01,105.93588256835938,106.39716717440335,105.12627691071067,106.27478759632031,23501200
2019-03-04,105.6817398071289,106.61372532875343,104.30729440869888,106.39719981245489,26608000
2019-03-05,105.15452575683594,105.80409497330382,104.71207316459721,105.6722993616034,19538300
2019-03-06,105.20160675048828,106.0582854744501,104.90035858892072,105.31457750444713,17687000
2019-03-07,103.92129516601562,105.01332418703429,103.43176962087364,104.87211254709948,25339000
2019-03-08,104.03427124023438,104.22254864823766,102.42447570014129,102.76338078040538,22818400
2019-03-11,106.21832275390625,106.33128632635571,104.47673158285706,104.48614042567934,26491600
2019-03-12,106.96202087402344,107.31033476674675,106.04886044180547,106.20889694291196,26132700
2019-03-13,107.79045104980469,108.26115170941083,107.11264095080033,107.4421299760602,35513800
2019-03-14,107.87518310546875,108.44943853473053,107.63042391245297,107.82811734480696,30763400
2019-03-15,109.11783599853516,110.37931038398015,107.87517929790344,108.58123032381376,54681100
2019-03-18,110.68052673339844,110.71818363917266,109.24960022557951,109.36256376058182,31207600
2019-03-19,110.75586700439453,111.49957491088571,110.13453868416565,111.17007870222501,37588700
2019-03-20,110.63348388671875,111.79141071157414,109.87095108883979,110.51110429641791,28113300
2019-03-21,113.17525482177734,113.74009411234323,110.22866443241783,110.27573736593217,29854400
2019-03-22,110.19102478027344,112.58217775623899,110.18160875624531,112.49745508695162,33624500
2019-03-25,110.7652816772461,111.09477069956468,109.50380018595521,109.72973448949911,27067100
2019-03-26,111.00064086914062,111.75375766853598,110.00275051601595,111.66903499131207,26097700
2019-03-27,109.92742156982422,111.28304167763245,108.7506699991078,110.97237753920614,22733400
2019-03-28,110.07804870605469,110.68996095644353,109.3249248313728,110.55816535572244,18334800
2019-03-29,111.02888488769531,111.38661483880622,110.10630834323075,111.15126448568313,25399800
2019-04-01,112.04558563232422,112.13031548871919,111.17949811318842,111.97968782504915,22789100
2019-04-02,112.20562744140625,112.47863469049432,111.57488308825415,112.08324067114341,18142300
2019-04-03,112.93993377685547,113.37297758455021,112.16798487056083,112.83637904215422,22860700
2019-04-04,112.36565399169922,113.1846756664175,111.44307760469513,113.06228890699524,20112800
2019-04-05,112.86461639404297,113.18469661370644,112.37509081272123,112.39391568102008,15826200
2019-04-08,112.90227508544922,112.98699776760843,111.68786636490606,112.78930432691392,15116200
2019-04-09,112.29035186767578,112.53511822970172,111.63137379567016,111.6784395537721,17612000
2019-04-10,113.14704132080078,113.29766181632475,112.53512894861277,112.74223841449084,16477200
2019-04-11,113.27883911132812,113.76836470903446,112.89286106621556,113.47653255553587,14209100
2019-04-12,113.86248016357422,113.89072823468304,113.31647288827203,113.57064806967809,19745100
2019-04-15,113.95662689208984,114.45556841726909,113.50475112113556,113.85307217754452,15792600
2019-04-16,113.69302368164062,114.52146136287413,113.0622865796625,114.51204533949974,14071800
2019-04-17,114.63445281982422,114.70976666051044,113.47653304414693,114.13551119434351,19300900
2019-04-18,116.14067840576172,116.28188285179064,114.19197804502296,115.0298246089629,27991000
2019-04-22,116.5078125,116.73374677302694,115.38754279310967,115.43461572522077,15648700
2019-04-23,118.0893783569336,118.22117396098467,116.57372172802442,116.82789691231673,24025500
2019-04-24,117.68457794189453,118.47535158246825,117.22328613590464,118.41886980309067,31257000
2019-04-25,121.58200073242188,123.67191325892067,121.28075971521653,122.43867956433702,38033900
2019-04-26,122.27864074707031,122.87172829111775,121.45962603549773,122.09977216301493,23654900
2019-04-29,122.16566467285156,122.55162833279432,121.77027780546071,122.2880370878671,16324200
2019-04-30,122.94705200195312,123.04118354109389,121.80794977055946,122.20333671010611,24166500
2019-05-01,120.38639831542969,122.99407681376249,120.21694579039679,122.88111325195528,26821700
2019-05-02,118.81428527832031,120.49939486526813,118.16471592953117,120.48056999504283,27350200
2019-05-03,121.34662628173828,121.8455678398951,119.79331982553605,119.89687454692582,24911100
2019-05-06,120.64059448242188,121.02657253854882,118.72014177465188,118.98373304111743,24239800
2019-05-07,118.16468048095703,119.72740998682345,116.94086317838743,119.04959994487278,36017700
2019-05-08,118.15528106689453,118.96488677245014,117.43981405638263,118.08938326213173,28419000
2019-05-09,118.14585876464844,118.41886599339355,116.32895403579563,117.00676409580811,27235800
2019-05-10,119.68035888671875,120.43348288902632,116.56432251225866,117.59045378584464,30915100
2019-05-13,116.1218490600586,118.19293623197588,115.83001695504593,116.83731605998071,33944900
2019-05-14,117.42098999023438,118.50359576409541,116.45134059594444,116.6113842791633,25266300
2019-05-15,119.07454681396484,119.7265205498767,116.88241128286991,117.41155241720942,24722700
2019-05-16,121.82415008544922,122.2493603372447,119.49028762464572,119.76430544101962,30112200
2019-05-17,121.01155090332031,123.26982775394288,120.86980935970206,121.2383143046048,25770500
2019-05-20,119.26351165771484,120.55800085950153,118.82886496429883,119.54697313138195,23706900
2019-05-21,119.90603637695312,120.5013119693676,119.60367314143826,120.4068248099395,15293300
2019-05-22,120.63361358642578,121.17220561491665,119.5469930672252,119.64148744978033,15396500
2019-05-23,119.2257308959961,119.32966894589664,117.86509257650454,119.24462544647393,23603800
2019-05-24,119.28241729736328,120.39738316550981,119.02730122644978,119.91549645279444,14123400
2019-05-28,119.20684051513672,120.94542757626915,119.10290246160062,119.98164687219082,23128400
2019-05-29,118.05406951904297,118.4792653728373,117.20367060254557,118.46981449351269,22763100
2019-05-30,118.8005142211914,118.82885964639878,117.90286823914742,118.3564166691886,16829600
2019-05-31,116.863525390625,117.75172072461169,116.52336578224327,117.38321568368308,26646800
2019-06-03,113.23514556884766,117.51548561216423,112.45089559289391,117.02414080836002,37983600
2019-06-04,116.37217712402344,116.48555884386872,114.00051096217065,114.59578661808524,29382600
2019-06-05,118.89501190185547,118.9328082084477,117.36429392495742,118.06350757464293,24926100
2019-06-06,120.77533721923828,120.91707157156718,118.6776889897148,119.47139703741142,21459000
2019-06-07,124.15801239013672,124.96117124275527,121.19107098044292,122.06982244183394,33885600
2019-06-10,125.29191589355469,126.69034343263705,124.72497840639792,125.10292711928963,26477100
2019-06-11,124.81948852539062,126.84154467163525,124.04467482314254,126.50138502003236,23913700
2019-06-12,124.24308013916016,124.69662143623,123.50607012473996,124.15802943148253,17092500
2019-06-13,125.02733612060547,125.66985175035552,124.30921345462866,124.7060638879127,17200800
2019-06-14,125.1501693725586,126.41631337036596,124.38481388758278,124.97063869478528,17821700
2019-06-17,125.52811431884766,126.35960421759664,125.22574386998144,125.32023823970627,14517800
2019-06-18,127.71080017089844,127.78639278396668,126.20843483293615,126.79425956194407,25934500
2019-06-19,128.21156311035156,128.438326486627,126.43517310118659,127.55958956793191,23744400
2019-06-20,129.40211486816406,130.0729901685829,128.23990930431498,129.87455779533357,33042600
2019-06-21,129.42103576660156,130.13914393171098,128.9391491000195,129.0525308056115,36727900
2019-06-24,130.1864013671875,130.77222611596807,129.44939138716768,129.44939138716768,20628800
2019-06-25,126.07615661621094,130.00688660210346,125.41473917094511,129.6856287598056,33327400
2019-06-26,126.5486068725586,128.25886307346624,126.23680710185334,126.94547178000487,23657700
2019-06-27,126.75647735595703,127.2856257363916,126.15175076756526,126.74703368441716,16557500
2019-06-28,126.57691192626953,127.18163827978061,125.8210003799273,127.15329285835146,30043000
2019-07-01,128.20211791992188,129.16590561947856,127.53125697387533,129.0997711006839,22613500
2019-07-02,129.05255126953125,129.06199494055605,127.88088726063043,128.61789729947856,15237800
2019-07-03,129.88406372070312,130.14863070393932,128.7785341762571,129.26043536686672,13629300
2019-07-05,129.50608825683594,129.76121154416927,128.23994432651438,128.44782042466483,18141100
2019-07-08,129.41160583496094,129.5438893114664,127.90922598729921,128.88245751112157,16779700
2019-07-09,128.93917846679688,129.42106524313192,128.31555010837315,128.50452446667202,19953100
2019-07-10,130.25253295898438,130.94229566011765,129.46827589646176,129.57221392686392,24204400
2019-07-11,130.77218627929688,131.54699954000648,130.27139796896031,130.583212006723,22327900
2019-07-12,131.24465942382812,131.4619935843096,130.40371146188022,131.19742665815627,18936800
2019-07-15,131.24465942382812,131.84938588615228,130.82892169545588,131.75490593699246,16651500
2019-07-16,129.52496337890625,131.3863897909255,128.99582957163852,131.30135351857496,22726100
2019-07-17,128.7596435546875,130.32814365313237,128.71239636220844,130.11082386911139,20211000
2019-07-18,128.90135192871094,129.09032625326788,127.24780135765842,128.07930568708906,30381800
2019-07-19,129.09034729003906,132.91713926165846,128.92971836709847,132.49194335766055,48992400
2019-07-22,130.80056762695312,131.51869024492225,129.76120163340238,129.8367942467579,25074900
2019-07-23,131.6131591796875,132.27459088671955,130.42260805909785,132.0572567348362,18034600
2019-07-24,132.96437072753906,132.9832724861843,131.19743836637144,131.2446711362584,20738300
2019-07-25,132.4635772705078,132.86042768021383,131.6415310231037,132.69034069444447,18356900
2019-07-26,133.5501708984375,133.8714286471754,132.56749589705836,132.6336304134151,19037600
2019-07-29,133.2572479248047,133.71078908782786,131.68873398115807,133.7013454199072,16605900
2019-07-30,132.61477661132812,133.43682294621516,132.0950863464726,132.41634417644931,16846500
2019-07-31,128.7596435546875,132.74706438056245,127.63522669565286,132.59587913175704,38598800
2019-08-01,130.45094299316406,133.1722189560175,129.383217329275,129.4493662617845,40557500
2019-08-02,129.35487365722656,130.69662431994053,127.80526136136108,130.4792901825939,30791600
2019-08-05,124.92342376708984,126.54861493479514,123.57222886406522,125.95334637134158,42749600
2019-08-06,127.26673889160156,128.20216710735386,125.86831119538603,126.42579065577874,32696700
2019-08-07,127.82414245605469,128.17374556807556,124.56428951870714,126.41625750530723,33414500
2019-08-08,131.23521423339844,131.32970859927931,128.43834536642652,129.07143166575963,27496500
2019-08-09,130.12025451660156,131.69821237145032,128.93914704280914,130.97064613060576,23466700
2019-08-12,128.30604553222656,130.2619661974084,127.78636983964353,129.51551270633914,20484300
2019-08-13,130.96121215820312,131.15018648443927,127.55961661468477,128.55174984969568,25154600
2019-08-14,127.01740264892578,129.80462078444754,126.7235148598848,129.27372484736327,32527300
2019-08-15,126.73297119140625,127.586209077377,125.37729172916059,127.4060805970334,28074400
2019-08-16,129.05563354492188,129.36848592022596,127.71890461384724,127.8705932441445,24449100
2019-08-19,131.21719360351562,131.3499175868248,129.77618002342368,130.68629767027892,24355700
2019-08-20,130.1269073486328,131.50156574634494,130.10795711816388,131.02754959977517,21170800
2019-08-21,131.5774383544922,132.24107274799027,130.82849896451538,131.34991978833696,14970300
2019-08-22,130.61988830566406,131.96609242719984,129.20731497995462,131.45416135341995,18697000
2019-08-23,126.45805358886719,131.16030111636837,125.89871789012216,130.0605799533312,38508600
2019-08-26,128.4110107421875,128.51529490516833,126.9415573423048,127.97492385396171,20312600
2019-08-27,128.68589782714844,129.61496534565157,127.66202130099613,129.3021129793975,23102100
2019-08-28,128.51528930664062,128.70489292221077,126.60974910154343,127.87063412053641,17393300
2019-08-29,130.9422607421875,131.2456381239468,129.79514937375578,130.11747699250273,20168700
2019-08-30,130.69577026367188,131.94716572986567,129.18840195395907,131.91872591012233,23940100
2019-09-03,128.97032165527344,130.07004271383653,128.64799411026144,129.51070706822867,18869300
2019-09-04,130.47772216796875,130.53460180542584,129.3874760753369,130.16486969612632,17995900
2019-09-05,132.77195739746094,133.08480986514482,131.54898734507594,131.8808045136029,26101800
2019-09-06,131.87132263183594,132.89518497159244,131.01808472760217,132.75298588713392,20824500
2019-09-09,130.3734130859375,132.4875211802793,129.3685011074385,132.33583253217452,25773900
2019-09-10,129.0082244873047,129.77612826057893,127.51980697845585,129.69080883373144,28903400
2019-09-11,129.04620361328125,129.18841719460417,128.06973111135275,128.8471248515921,24726100
2019-09-12,130.3734130859375,131.22663641633173,129.7571833776966,130.6862654979689,27010000
2019-09-13,130.18380737304688,130.88534204382765,129.47278312077415,130.6198941469119,23363100
2019-09-16,129.2453155517578,129.59608306464003,128.61013530088576,128.771299143719,16731400
2019-09-17,130.25015258789062,130.37340141166763,129.34003524658416,129.8425056566657,17814200
2019-09-18,131.32150268554688,131.46370181399365,129.43491227510498,130.22178120611846,23982100
2019-09-19,133.7389373779297,134.97136792311528,132.7909049795861,133.00894838077372,35772100
2019-09-20,132.1936798095703,134.2888239409486,131.06551860075243,133.68208360164704,39167300
2019-09-23,131.90924072265625,132.3737818527176,131.24562086958852,131.9945601753733,17139300
2019-09-24,130.24069213867188,133.37867698134454,129.76667595178293,133.06582456209873,29773200
2019-09-25,132.11781311035156,132.68663841102725,128.96086306984094,130.3544720372509,21382000
2019-09-26,132.28843688964844,132.89517705691583,131.24560991212797,132.19364232759747,17456600
2019-09-27,130.57249450683594,133.06582427352905,129.5486178094771,132.866731110504,22477700
2019-09-30,131.80496215820312,131.98509065435073,130.61992148968312,130.87589432451543,17280900
2019-10-01,129.9468231201172,132.96155955903473,129.88045390080396,132.4022238498008,21466600
2019-10-02,127.65258026123047,129.2831974452462,126.63819292961166,129.1694381654685,30521700
2019-10-03,129.1978759765625,129.64345243653574,126.29689866070535,127.93699093725833,24132900
2019-10-04,130.9422607421875,131.06550961175594,129.330608182623,129.6434606828761,22897700
2019-10-07,129.9941864013672,130.99909834071684,129.89939184936398,130.01315109809786,15303700
2019-10-08,128.6195526123047,130.60093683555868,128.57214809964057,129.9562817539708,25550500
2019-10-09,131.05606079101562,131.4921477825128,129.8520550725355,130.3165963568833,19749900
2019-10-10,131.87132263183594,132.4116936186059,131.0654892443642,131.29302224532535,17654600
2019-10-11,132.4211883544922,133.70103816754528,132.25054942786093,132.83832501847482,25446000
2019-10-14,132.2979278564453,132.9994625931053,132.26948804094974,132.43065181736694,13304300
2019-10-15,134.21298217773438,134.4215360412523,132.54443554295537,132.78144369304744,19695700
2019-10-16,133.11325073242188,133.6631113345784,132.27897747869082,133.47349325630978,20751600
2019-10-17,132.43064880371094,134.0707408118827,131.79546882905282,133.62516442482266,21460600
2019-10-18,130.2691650390625,132.7245660389846,129.46333153035107,132.4970330037905,32273500
2019-10-21,131.23609924316406,131.30246844517967,129.8898951654012,131.25506393885772,20078200
2019-10-22,129.28321838378906,132.73405693228636,129.17893420516012,131.74810926092917,27431000
2019-10-23,130.10801696777344,130.30709574004698,128.56271899005597,129.76672460661595,29844600
2019-10-24,132.6676788330078,133.12273041162297,131.46367343072163,132.14625803155877,37029300
2019-10-25,133.41661071777344,133.80530751761142,131.96612213869807,132.09884611110274,25959700
2019-10-28,136.69680786132812,138.0998919044483,136.05213824206024,136.8958865845496,35280100
2019-10-29,135.40744018554688,136.99065221574003,135.23678686817112,136.59248042962767,20589500
2019-10-30,137.09495544433594,137.46468747338997,135.3695296648669,136.0616036792651,18496600
2019-10-31,135.91937255859375,137.39830048339203,135.55913015756818,137.36986067451693,24605100
2019-11-01,136.25123596191406,136.9148558377663,135.54021156653775,136.76316716162054,33128400
2019-11-04,137.03802490234375,137.46463639800115,136.66829301066468,137.30347269812256,16912000
2019-11-05,136.95278930664062,137.4836852230878,136.4313685080483,137.43628070215598,18250200
2019-11-06,136.5735321044922,137.00963333154564,135.7582237402118,136.8674198057168,16575800
2019-11-07,136.76316833496094,137.35095834361152,136.2986416507932,136.36499640603353,17786700
2019-11-08,138.3748321533203,138.4032719714833,136.2891490491808,136.49771735959473,16732700
2019-11-11,138.5170440673828,138.81093185949243,137.20875444745792,137.78705491335506,14362600
2019-11-12,139.4271697998047,139.90118612827482,138.4696475581636,138.67821589995688,18641600
2019-11-13,139.65467834472656,139.79689191254732,138.678205935507,139.11430729132968,16919200
2019-11-14,140.36569213867188,140.6975093059205,139.3607799852833,139.37974468605333,19729800
2019-11-15,142.1764373779297,142.19540207865438,140.56478499620616,141.1904754618396,23485700
2019-11-18,142.52719116210938,142.72628433612678,141.23786648674812,142.27123282300715,21534000
2019-11-19,142.5745849609375,143.46573768711397,142.3944564993709,143.0391260215132,23935700
2019-11-20,142.3273162841797,143.48785301237635,141.2238672683176,142.98368708300217,25696800
2019-11-21,142.194091796875,142.498501431182,141.26186269314778,142.11798938829824,18576100
2019-11-22,142.2987060546875,142.97410574147693,141.5662477151984,142.7553204267625,15901800
2019-11-25,143.85879516601562,143.97295603742444,142.6126490589348,142.68875146819056,22420900
2019-11-26,144.6197967529297,144.99078690564687,143.9444114950585,143.98245544005914,24620100
2019-11-27,144.8957061767578,145.06692574483765,144.1346964501677,144.9052135366334,15184400
2019-11-29,144.00148010253906,144.87663596029125,143.90634847048048,144.68638721122323,11977300
2019-12-02,142.2606964111328,144.4295643986985,141.0906526450898,144.41053516651246,27418400
2019-12-03,142.0323944091797,142.14654077640378,139.50204349199936,140.3011116077233,24066000
2019-12-04,142.54605102539062,142.85995346684516,141.92772446923038,142.82190952441235,17574700
2019-12-05,142.62216186523438,142.99316656767274,142.1940984974875,142.73632274100424,17869100
2019-12-06,144.3534698486328,144.4676162178645,142.94561140625117,143.63051865174538,16403500
2019-12-09,143.98245239257812,144.79102772846161,143.5543890738954,143.7065938807757,16687400
2019-12-10,143.76365661621094,144.48660762382644,143.41168121147527,143.91584689699172,16476100
2019-12-11,144.30587768554688,144.4675898507947,143.00265849116477,144.15367287764914,18856600
2019-12-12,145.77084350585938,145.96109228423833,143.65904868123462,144.25833160737582,24612100
2019-12-13,146.9979705810547,147.34042421172612,145.38083408096,145.54254627946423,23845400
2019-12-16,147.94918823242188,148.30114912528813,147.27380303178398,147.5496615260484,24144200
2019-12-17,147.15017700195312,148.12046471846037,146.92186974070066,147.87312822334042,25425600
2019-12-18,146.8457489013672,147.90164626525782,146.6650074899277,146.77916836376093,24129200
2019-12-19,148.1204376220703,148.1775107981796,146.2559649505503,146.49377952770567,24958900
2019-12-20,149.73757934570312,150.76494009856984,148.6721601306652,149.6805061674967,53477500
2019-12-23,149.73757934570312,150.4129646412129,149.60440375820468,150.4129646412129,17718200
2019-12-24,149.7090606689453,150.02297770169045,149.46172418039038,149.8041778056531,8989200
2019-12-26,150.93617248535156,150.99324566841773,149.7280702219281,149.88027505347236,14520600
2019-12-27,151.21205139160156,151.7732904001439,150.508114904836,151.67815874799507,18412800
2019-12-30,149.9088134765625,151.26912058815014,149.09073064083162,151.2405839962684,16348400
2019-12-31,150.01344299316406,150.08003804670892,148.82437002315635,149.12877967070276,18369400
2020-01-02,152.79115295410156,152.8957919815714,150.61277712866274,151.0408405992013,22622100
2020-01-03,150.88858032226562,152.15375554790847,150.35587801990002,150.6032144567477,21116200
2020-01-06,151.2786102294922,151.34520527945125,148.88143518681778,149.4236593991698,20813700
2020-01-07,149.89930725097656,151.8874339140462,149.65198528111424,151.55450216789137,21634100
2020-01-08,152.2869873046875,152.9623873040274,150.25129446104728,151.18352383410192,27746500
2020-01-09,154.18943786621094,154.31310607679524,153.18110649850323,153.95162331665543,21385000
2020-01-10,153.47601318359375,155.2643834620675,153.32380836945768,154.88388594177735,20725900
2020-01-13,155.3214874267578,155.35002402068366,153.39994118378453,153.87557043595248,21626500
2020-01-14,154.22750854492188,155.62585936832997,153.83748916913066,155.4260887442505,23477400
2020-01-15,155.22633361816406,155.9492992679197,154.64607994777714,154.69363125416567,21417900
2020-01-16,158.0706024169922,158.1371974704603,156.03491007528677,156.3393197224824,23865400
2020-01-17,158.9552459716797,159.30720684967287,157.3666320549508,159.2596410381757,34371700
2020-01-21,158.384521484375,159.99215048130927,158.31792643003993,158.5557410268633,29517200
2020-01-22,157.6234893798828,159.32624977859618,157.60446015063795,159.24062550451885,24138800
2020-01-23,158.5937957763672,158.66989818737443,157.2144740501068,158.08963000411373,19680800
2020-01-24,156.99571228027344,159.36435140947736,156.43447319230702,159.34532217334421,24918100
2020-01-27,154.37022399902344,155.41661412644106,152.39160463130347,153.2952972785901,32078100
2020-01-28,157.39523315429688,157.68059908383785,155.12172598695543,155.79711137360556,24899900
2020-01-29,159.84942626953125,160.52482599812998,157.61397814243833,159.65917752691357,34754500
2020-01-30,164.3584442138672,165.56654658590898,162.4654345533492,165.56654658590898,51597500
2020-01-31,161.93270874023438,163.99693766743874,161.3143966039244,163.81621076924645,36142700
2020-02-03,165.88046264648438,165.9946090221985,162.094443348034,162.1229799419625,30107000
2020-02-04,171.34066772460938,171.83532618385004,167.71637534499953,168.50592160194358,36433300
2020-02-05,171.1313934326172,175.22180776823546,169.71402759792846,175.06009556968283,39186300
2020-02-06,174.67962646484375,174.86036792653152,171.2836261964276,172.14927503132444,27751400
2020-02-07,174.92689514160156,176.5820898746418,173.58561740181293,173.93759285700128,33529100
2020-02-10,179.50245666503906,179.6356322600572,174.3181013028354,174.63201831574622,35844300
2020-02-11,175.4501190185547,181.40499196770674,174.55593371146628,181.35742613997917,53159900
2020-02-12,175.70693969726562,176.79137365715482,172.98634018174704,176.53452983335058,47062900
2020-02-13,174.75572204589844,177.15288324309913,173.95665379844402,174.15642448907118,35295800
2020-02-14,176.3157501220703,176.37282330362197,173.7473408318349,174.31810167745414,23149500
2020-02-18,178.10411071777344,178.55120333839932,176.45843770794613,176.56307671522137,27792200
2020-02-19,178.63824462890625,179.4967096593026,177.8656231906105,179.38225153650183,29997500
2020-02-20,175.9102783203125,178.60969494915213,172.74348115053945,178.32353498355386,36862400
2020-02-21,170.34925842285156,175.03269814425303,169.07109398402642,174.71792369802935,48572600
2020-02-24,163.00453186035156,166.49565003976593,155.69798779428405,160.0285043262644,68311100
2020-02-25,160.31468200683594,166.77228055874716,159.91404943605284,166.16181293118208,68073300
2020-02-26,162.31777954101562,165.26519300844907,160.44822871342618,161.87901364573722,56206100
2020-02-27,150.8810272216797,159.32266379801655,150.69025881613402,155.783864027851,93174900
2020-02-28,154.53431701660156,156.15588503240923,144.98621679499112,145.37730153078934,97012700
2020-03-02,164.81689453125,164.94090056106432,154.8204802848911,157.68205041514142,71030800
2020-03-03,156.9189453125,166.92490636820497,154.7727679449088,165.78028134976233,71677000
2020-03-04,162.68028259277344,162.8233552930411,157.97776092974468,160.71533988403158,49814400
2020-03-05,158.59776306152344,162.9854953002358,158.04452440985344,158.38791341590039,47817300
2020-03-06,154.1146240234375,155.5835568422293,148.8016355622982,155.10662852311938,72821100
2020-03-09,143.66990661621094,150.4709102604469,143.07852005747728,144.03237685786044,70419300
2020-03-10,153.49459838867188,153.59952319416868,145.53943804182967,150.8619594798835,65354400
2020-03-11,146.5409698486328,150.42315799930853,144.17539539298528,149.8794673957848,56371600
2020-03-12,132.64329528808594,146.38837226502318,132.18544819947115,138.59536565886447,93226400
2020-03-13,151.5010986328125,154.43897973724137,134.23628229880504,140.69389781981755,92727400
2020-03-16,129.17124938964844,142.45847840490325,128.77063139409694,133.53991403832273,87905900
2020-03-17,139.80677795410156,140.69385766362416,128.77064938704584,133.53993269767716,81059800
2020-03-18,133.92147827148438,139.26308174950935,128.78973899188242,131.6322279550157,81593200
2020-03-19,136.12484741210938,143.22152649791732,132.58603391576048,136.18207646490487,85922700
2020-03-20,131.0122528076172,140.31235770831563,129.59100076771537,139.2631092822537,84866200
2020-03-23,129.70541381835938,134.08362658703234,126.40507819849284,130.68788493248408,78975200
2020-03-24,141.49508666992188,142.69695531892708,134.75132797536872,137.1168883034806,82516700
2020-03-25,140.140625,147.2087066594224,137.77506445285783,142.0388050778731,75638200
2020-03-26,148.90658569335938,149.43120984452187,141.52372881853543,141.55234335817158,64568100
2020-03-27,142.7923583984375,147.74287746196345,142.3154300039506,144.7477677267737,57042300
2020-03-30,152.83645629882812,153.18939317810145,143.08803957541994,145.4059189450811,63420300
2020-03-31,150.43272399902344,157.17648228814505,149.3357802257252,152.04472935430687,77927200
2020-04-01,145.09112548828125,150.4708760366592,143.86065689971826,145.94005726534934,57969900
2020-04-02,148.09579467773438,148.3056443284032,143.42190239581785,144.85268752963302,49630700
2020-04-03,146.7317352294922,150.11792844053107,145.16741127867596,147.94313696146202,41243300
2020-04-06,157.64390563964844,158.81714534072375,150.3087450666314,152.92231774316124,67111700
2020-04-07,155.9459991455078,162.15559951060627,155.7266016785545,161.76451486571867,62769000
2020-04-08,157.51036071777344,158.9792936241454,155.95556964727277,158.02543692905505,48318200
2020-04-09,157.51988220214844,159.64697839696208,155.79340404258915,158.6835884470431,51385100
2020-04-13,157.87277221679688,157.93001582844096,154.81090123241665,156.7663098214764,41905300
2020-04-14,165.68492126464844,165.73261701501713,160.2479404807072,161.20179726928285,52874300
2020-04-15,163.9488983154297,165.5609185071201,161.43071714722825,163.30026817491645,40940800
2020-04-16,168.87075805664062,169.0996888694817,164.92179250198183,166.25720041151084,50479600
2020-04-17,170.35879516601562,171.69418858871583,167.75475615970515,171.21726028708053,52765600
2020-04-20,166.98211669921875,170.50184951587818,166.91535431260507,168.4796783917098,36669600
2020-04-21,160.0762481689453,165.65630147234762,158.44514670813598,165.49414756999565,56203700
2020-04-22,165.5132293701172,165.9710765404302,162.93781902439517,163.48150981013578,34620200
2020-04-23,163.5100860595703,166.9821232770227,163.02362446469579,166.07596247651728,32790800
2020-04-24,166.4956817626953,166.50521508953827,162.83287570674943,164.12057345602702,34277600
2020-04-27,166.0187530517578,168.73723577485046,165.30336056336014,168.44154254173102,33194400
2020-04-28,161.97438049316406,167.56398052966216,161.5737624836166,167.48767025812512,34392700
2020-04-29,169.24281311035156,169.4812773217259,163.9489192616012,165.22708394143964,51286600
2020-04-30,170.94064331054688,172.07572040952087,168.09814023599054,171.69418360117456,53875900
2020-05-01,166.51475524902344,170.3969440799021,165.98058332194304,167.68799480298716,39370500
2020-05-04,170.5877227783203,170.7403433381187,165.78029158225254,166.43845501102263,30372900
2020-05-05,172.4191436767578,175.17578914661973,171.59882627631276,172.28560431178764,36839200
2020-05-06,174.11697387695312,175.7003792944064,173.24897544988573,173.67820800036017,32139300
2020-05-07,175.1280975341797,176.03425849647905,174.15515961601804,175.67178828968,28316000
2020-05-08,176.1582489013672,176.4634900325435,174.89916562201049,176.44440882317042,30877800
2020-05-11,178.12322998046875,178.85768926144874,174.4127274875704,174.6988728933028,30892700
2020-05-12,174.08837890625,178.40934853898727,173.88807715237897,178.18043224884894,32038200
2020-05-13,171.45571899414062,175.55730516891745,168.39383299079088,174.12652030943923,44711500
2020-05-14,172.1997528076172,172.35237337621993,167.57354188539898,169.34771596998488,41873900
2020-05-15,174.70838928222656,178.42842443314447,168.83262876539936,170.7975711556123,46610400
2020-05-18,176.37762451171875,177.6080931015087,175.4714636674925,177.17886054947482,35264500
2020-05-19,175.15670776367188,177.9896632831385,175.02316840992958,176.49210130109475,26799100
2020-05-20,177.58624267578125,177.76798251744347,175.94103881842096,176.77320062473433,31261300
2020-05-21,175.4531707763672,178.5522781187159,175.31925954155625,177.33750253456887,29119500
2020-05-22,175.5297393798828,176.4384386338719,174.6019203696662,175.22366273267104,20826900
2020-05-26,173.6741180419922,178.3897213651275,173.22455564626833,178.23667574206536,36073600
2020-05-27,173.9036407470703,174.07582069099803,168.9202157733847,172.36365410439458,39517100
2020-05-28,173.5115203857422,176.14193216697456,172.53588725181854,172.88023265062566,33810200
2020-05-29,175.28106689453125,176.25671457318845,172.56457255301947,174.78367587861493,42130400
2020-06-01,174.87930297851562,175.04190846445908,173.56888461840913,174.6019059884931,22622400
2020-06-02,176.8688201904297,176.95490285653173,173.46363628691375,176.23751811522146,30794600
2020-06-03,177.29928588867188,177.85406529157166,175.59669357418727,176.78277518679027,27311000
2020-06-04,174.9653778076172,177.7583943609806,174.3723443448823,176.28537058104067,28761800
2020-06-05,179.05926513671875,179.56621595665115,174.09495937621747,174.6784330023025,39893600
2020-06-08,180.16883850097656,180.3505783558799,176.41930826771952,177.8540781598184,33211600
2020-06-09,181.54620361328125,182.40705963306385,179.11665197439055,179.82447697848326,29783900
2020-06-10,188.28001403808594,189.88696345583548,182.70354153750324,182.81833302141894,43872300
2020-06-11,178.16970825195312,187.24700868997357,177.97840854130584,184.73138903425857,52854700
2020-06-12,179.57582092285156,183.38273995518477,177.12713449585942,182.25404661681338,43373600
2020-06-15,180.7235870361328,182.52183633049643,176.0079698743915,176.5531893458564,32770200
2020-06-16,185.15225219726562,187.074838319926,183.13400892422672,184.5018156842018,42556700
2020-06-17,185.7931365966797,187.78268588307571,185.26705139675198,186.5487756327695,25687800
2020-06-18,187.7826690673828,187.94527455184777,185.56355154831002,185.56355154831002,23061600
2020-06-19,186.66351318359375,190.62347656980646,185.9174341829472,189.95392036348656,44441100
2020-06-22,191.8478546142578,192.02957985760585,186.74006316475052,187.27570820778914,32818900
2020-06-23,193.12957763671875,195.08085808140584,192.67044080660077,193.3017430015885,30917400
2020-06-24,189.23658752441406,194.41132797357815,188.0122516696162,192.83308686871308,36740600
2020-06-25,191.62782287597656,191.88608548875828,186.96960894574713,189.1982861262588,27803900
2020-06-26,187.79225158691406,191.19743648447002,186.40531026788494,191.04439085879164,54675800
2020-06-29,189.8105010986328,189.89658379255488,185.1331516574825,187.26617222432603,26701600
2020-06-30,194.66000366210938,195.5112998594685,189.1409327916418,189.27484406104995,34310300
2020-07-01,195.7982635498047,197.37651920325007,192.99568667298786,194.3061051830812,32061200
2020-07-02,197.29039001464844,198.97386243943916,196.08518874299932,196.7356106560453,29315800
2020-07-06,201.5373077392578,201.94861596277482,199.0408079583998,199.74863290839815,31897600
2020-07-07,199.19384765625,205.33465983977123,198.94515951129856,201.29817349995886,33600700
2020-07-08,203.57472229003906,203.98601599302182,199.61475791106196,200.93475090246577,33600000
2020-07-09,204.99990844726562,206.9703232311475,202.27384009000298,206.9224946538699,33121700
2020-07-10,204.37815856933594,204.77033245517245,201.9007930675079,204.33032999382846,26177600
2020-07-13,198.06520080566406,206.41555718586292,197.51998126087832,205.1529527212435,38135600
2020-07-14,199.28952026367188,199.76777683776734,193.2443501613937,197.16605990706944,37591800
2020-07-15,198.9929962158203,202.13993276195455,196.1138967886028,200.44690034098457,32179400
2020-07-16,195.05215454101562,196.75474673452177,193.51216782720027,196.46778987820716,29940700
2020-07-17,194.05740356445312,196.12346099342344,192.63219363572108,195.57825605647798,31635300
2020-07-20,202.39820861816406,203.06776497107404,194.1817487456313,196.08521535876397,36884800
2020-07-21,199.67214965820312,204.63645597775718,198.98345892050577,204.36863342367872,37990400
2020-07-22,202.5416717529297,203.0677569362697,199.32778679089205,200.10256015397763,49605700
2020-07-23,193.732177734375,201.7477630468443,193.35913816897454,198.17997288593918,67457000
2020-07-24,192.54612731933594,194.03828570970424,188.92093379341102,191.70439095749353,39827000
2020-07-27,194.98519897460938,195.09997587478225,192.1252195850394,192.70869315297068,30160900
2020-07-28,193.2347869873047,195.79823517500836,192.96696447799928,194.75563936412433,23251400
2020-07-29,195.18606567382812,195.7504049139174,193.2252108513289,193.69390753619382,19632600
2020-07-30,195.0330352783203,195.56869492931756,190.89134597384654,192.25915284158472,25079600
2020-07-31,196.09474182128906,196.18083909110405,190.3556633253453,195.51126825705887,51044000
2020-08-03,207.12339782714844,208.1755683677178,201.2886750523825,202.32171123896813,78983000
2020-08-04,204.01467895507812,205.43032889520754,201.16427391602974,204.8564151794543,49280100
2020-08-05,203.67990112304688,205.6503157667846,202.36948285119308,205.55465861903298,28806400
2020-08-06,206.94166564941406,206.96078540752478,202.3503987271577,203.10603783911577,32656800
2020-08-07,203.2399139404297,206.3198875103791,201.7573156103233,205.50686007435684,27820400
2020-08-10,199.19384765625,202.6659947852699,197.37647865378128,202.46512061783247,36716500
2020-08-11,194.53567504882812,198.61997623519287,194.3061066079433,198.15129407016687,36446500
2020-08-12,200.09303283691406,201.1356289002262,195.84611116792502,196.3626219622884,28013100
2020-08-13,199.62429809570312,202.15906678427115,199.09821292673746,200.33212310442354,22588900
2020-08-14,199.8155975341797,200.47559396384904,198.4860447973214,199.6816862727419,17958900
2020-08-17,201.13563537597656,202.00606606760377,199.83477657598254,200.48521327359762,20184800
2020-08-18,202.29296875,203.12513050933927,200.11211996362437,201.37470971588974,21336200
2020-08-19,201.06564331054688,203.36683258941633,200.6341748927937,202.78194862696958,27627600
2020-08-20,205.74473571777344,206.14744059024164,200.30819799368305,200.91224798712884,26981500
2020-08-21,204.24903869628906,207.34604136792154,204.08604009573133,205.05444870981586,36249300
2020-08-24,204.89138793945312,206.64604005613015,203.68325865522533,205.94608702842203,25460100
2020-08-25,207.55694580078125,207.6911807782171,204.3257087243152,204.3257087243152,23043700
2020-08-26,212.04420471191406,212.94550281553757,208.4102633399885,208.90885658187838,39600800
2020-08-27,217.25064086914062,221.63246493551068,210.36626752363242,213.7125731282729,57602200
2020-08-28,219.48471069335938,221.14347442445492,217.25064590972104,218.78475766564586,26292900
2020-08-31,216.24391174316406,219.28338679296542,215.07414347409025,217.6533863849085,28774200
2020-09-01,217.91224670410156,218.08482824866277,215.18917152451806,216.22470468342772,25725500
2020-09-02,222.11190795898438,223.2720931821289,217.9889702596058,218.583437352341,34080800
2020-09-03,208.35276794433594,219.86825604076049,206.10911995937482,219.82990946115655,58400300
2020-09-04,205.4283447265625,209.36911775904642,196.74138882603222,206.24335217978393,59664100
2020-09-08,194.31558227539062,201.38212163532663,193.87451610130367,197.99746873966137,52924300
2020-09-09,202.5901641845703,205.9939964717785,198.18916015575874,199.05211158899365,45679000
2020-09-10,196.91397094726562,205.89817504143133,195.7058561904277,204.61333786515826,35461500
2020-09-11,195.62908935546875,200.0396907888089,192.95397369042166,198.668563250286,33620100
2020-09-14,196.9523162841797,200.5862578795132,195.62913263534196,195.83049239384434,30375800
2020-09-15,200.18357849121094,201.14240395179937,198.40974553691618,199.83840074017849,21823900
2020-09-16,196.60714721679688,201.97656056981185,196.21402529943012,201.94779697883519,26328100
2020-09-17,194.55526733398438,195.91679765967976,191.7267353023383,191.81302607786137,34011300
2020-09-18,192.13902282714844,195.2647883886692,188.16948622524788,194.44979557058838,55225300
2020-09-21,194.20045471191406,194.36346787507983,188.2941024427357,189.0707485344151,39839700
2020-09-22,198.8795623779297,199.53157125670091,193.75943826186247,196.61673385251396,33517100
2020-09-23,192.33082580566406,199.53161550804873,191.79388580436876,199.33983868142803,30803800
2020-09-24,194.82371520996094,197.10572410762356,190.99799699279353,191.62124221661983,31202500
2020-09-25,199.2631378173828,200.43289155762255,194.2005253264332,195.1689485197336,29437300
2020-09-28,200.81642150878906,203.81755010191583,199.49323759453853,202.19713261400415,32004900
2020-09-29,198.7261505126953,201.4204622220947,198.29468200146903,200.73010675192674,24221900
2020-09-30,201.6697540283203,203.25181013232546,198.03579746308637,199.17680206329678,33829100
2020-10-01,203.7120361328125,205.17903771787337,202.61897584138453,204.69962505267665,27158400
2020-10-02,197.7002410888672,202.30260662222756,197.0769957074911,199.43571298113767,33154800
2020-10-05,201.71771240234375,201.74647599676422,198.4576969397012,198.68782032558104,21331600
2020-10-06,197.4317169189453,201.5258903306347,196.3866008750534,200.22190199510823,28554300
2020-10-07,201.19033813476562,201.4588080799235,198.20839051556985,198.5343876446166,25681100
2020-10-08,201.9094696044922,202.49435372750264,199.74252930524,201.84234479881962,19925800
2020-10-09,206.92408752441406,206.97203171595046,202.5326658550179,202.5326658550179,26458000
2020-10-12,212.28395080566406,214.64266787262275,207.88294545944655,209.78141577203766,40461400
2020-10-13,213.68386840820312,215.93711436354207,211.35391465113807,213.5496334128117,28950800
2020-10-14,211.76622009277344,214.98787465583248,210.107455920967,213.8181062672474,23421700
2020-10-15,210.6156005859375,211.2867754707797,207.1158789362711,208.1610097896488,22733100
2020-10-16,210.6156005859375,213.1373015554528,210.28960344623061,211.08541569006942,26057900
2020-10-19,205.39959716796875,213.1469088650928,204.92018442406638,211.34431226625483,27625800
2020-10-20,205.8118896484375,208.41989620328016,204.31612419532522,206.914547762064,22753500
2020-10-21,205.9556884765625,207.98839354045438,204.34485427779788,204.34485427779788,22724900
2020-10-22,206.0419921875,207.16381616381312,202.98333678251518,205.12151335460695,22351500
2020-10-23,207.3268280029297,207.37477220269963,204.38324140765587,206.17624036102944,18879600
2020-10-26,201.4300537109375,207.4322958032438,199.53158340310517,205.04482977945148,37111600
2020-10-27,204.46951293945312,205.83104322774932,201.6697445765535,202.87785929223526,36700300
2020-10-28,194.33473205566406,200.24110024392866,193.77862617846768,199.1192762411455,51195600
2020-10-29,196.2907257080078,198.8220240324159,194.99630564065131,195.66749508625168,31432600
2020-10-30,194.13339233398438,195.87844706580935,191.40073391687426,195.12098138875402,36953700
2020-11-02,193.99913024902344,196.82766203875832,191.88011983803784,195.87841969764497,30842200
2020-11-03,197.9302978515625,199.55071493466912,194.75658847838346,195.49488804919505,27512000
2020-11-04,207.480224609375,209.33076521149155,203.67368665801723,205.20781312721707,42311800
2020-11-05,214.09609985351562,214.89192662696342,212.04421424829945,212.89756820022316,36080100
2020-11-06,214.50845336914062,215.12210113635678,209.05273364487425,213.1085616277167,25231900
2020-11-09,209.3979034423828,218.7272715981785,208.90890769716995,215.19880072888262,44395000
2020-11-10,202.32174682617188,207.585703654654,201.08486847045984,205.66805281257865,44045100
2020-11-11,207.6336669921875,209.06230763770108,203.46277017398026,203.6449493616537,29440800
2020-11-12,206.5693359375,210.08822321961955,205.62969119016765,208.26646090512634,21593900
2020-11-13,207.5952911376953,208.46782580105932,205.34206012776832,207.451473173631,18621100
2020-11-16,208.28562927246094,208.774639570567,205.6872207347565,206.0228008331187,24953300
2020-11-17,205.62969970703125,208.71710400471295,205.26534137683592,207.20217276240635,24154100
2020-11-18,202.9187469482422,206.85060654985398,202.77453778794847,205.38937213802836,28372800
2020-11-19,204.20692443847656,204.79333979305358,201.81319330215703,203.20714178040058,24792700
2020-11-20,202.2554168701172,205.04328452616463,201.880496534734,203.99543213609604,22843100
2020-11-23,201.9862060546875,204.08191044062318,200.1116047303836,202.79372436841595,25683500
2020-11-24,205.59127807617188,205.96619845743962,200.78459899898544,201.48637003698494,33979700
2020-11-25,205.6008758544922,206.96597088377368,204.2454035709281,206.79293748669645,21012900
2020-11-27,206.9082794189453,207.90807676542295,205.76428758442702,206.54298182630274,14512200
2020-11-30,205.79315185546875,206.45646120377745,202.6880268091678,205.82199075457697,33064800
2020-12-01,207.85035705566406,208.91744005843603,205.10093691051932,206.21607495373502,30904500
2020-12-02,207.0428466796875,207.13898610870106,204.5722217772667,206.57180161644624,23724500
2020-12-03,205.95655822753906,208.0138159646571,205.3893590366748,206.31224772970052,25120900
2020-12-04,206.07191467285156,207.0524811628778,204.93753095520978,205.93732826589252,24666000
2020-12-07,206.00462341308594,207.2062930539194,204.75489872167418,206.08153203035755,24620000
2020-12-08,207.6581268310547,208.56178476894175,204.65876403195657,205.6970083859873,23284100
2020-12-09,203.6109161376953,206.90829074108822,203.04373156194043,206.8410048659269,32440600
2020-12-10,202.38040161132812,204.84141872855034,202.22658437429695,203.58207127159827,26733300
2020-12-11,205.01443481445312,205.07212727508463,201.02489774661876,201.9285556018802,30979400
2020-12-14,205.91810607910156,207.85040024359688,204.6491505701134,204.8606455997479,28798400
2020-12-15,205.850830078125,207.09094674879418,204.03390608646302,206.85061280985042,27000600
2020-12-16,210.80169677734375,211.5996071900063,206.41800821476036,206.44684711302847,35023300
2020-12-17,210.93629455566406,212.3494593222077,209.49429088929872,211.36889272180971,32515800
2020-12-18,210.13836669921875,211.1958418345156,207.66774158321599,210.13836669921875,63354900
2020-12-21,213.9837188720703,215.33920578615155,208.87902843906147,209.1385931961624,37181900
2020-12-22,215.28150939941406,216.90616900693473,213.27232139657806,214.07983982803108,22612200
2020-12-23,212.47439575195312,214.9161816910204,212.26290074910276,214.48358361021448,18699600
2020-12-24,214.1375274658203,214.96427675569586,212.6474541950329,212.85894922282563,10550600
2020-12-28,216.26211547851562,217.29073719219372,214.3971216152036,215.7718248155666,17933500
2020-12-29,215.48338317871094,218.3962290665934,214.93542947811645,217.55987173308796,17403200
2020-12-30,213.10888671875,216.90617439367813,212.90701444028235,216.52163131999487,20272300
2020-12-31,213.82029724121094,214.3778737403455,211.18623198712405,213.1281343228935,20942100
2021-01-04,209.2731475830078,214.3778372347253,206.50449638120156,213.92600833251893,37130100
2021-01-05,209.47508239746094,210.07112061789647,207.36014639509406,208.85982802097564,23823000
2021-01-06,204.04348754882812,208.1195559024271,203.74547585042015,203.96657893813935,35930700
2021-01-07,209.8499755859375,210.85938106284232,205.44707073489354,205.76429862560525,27694500
2021-01-08,211.12850952148438,212.05139810693055,208.63865395895616,210.22485175437276,22956200
2021-01-11,209.08091735839844,210.4460123619004,208.3502928010175,210.0230222852734,23031300
2021-01-12,206.619873046875,208.70598440512015,205.0721366662714,208.12917712293333,23249300
2021-01-13,207.975341796875,208.37910099174917,205.6585194623859,205.7450508153582,20087100
2021-01-14,204.78372192382812,209.0520545079318,204.51454911841776,207.5619813337417,29480800
2021-01-15,204.4280242919922,206.21610922436778,203.83200087080638,205.26439629941862,31746500
2021-01-19,208.07150268554688,208.5906175128357,204.40881599037613,205.48550728775663,30480900
2021-01-20,215.66604614257812,217.05997996557417,208.88862656387894,209.28277771906542,37777300
2021-01-21,216.27166748046875,217.55024556729595,213.8202588077946,216.01210276555065,30709400
2021-01-22,217.21380615234375,221.17451935101673,217.06961165977887,218.30012022572993,30172700
2021-01-25,220.65533447265625,220.8956683458386,215.55064535327404,220.26118340012152,33152100
2021-01-26,223.3470916748047,225.1255536536203,221.18408667197366,222.89526278959687,49169600
2021-01-27,223.89505004882812,231.14352851501565,221.24176913669046,228.79786735977868,69870600
2021-01-28,229.69192504882812,233.25848684590053,226.0003995892036,226.5002982458668,49111200
2021-01-29,222.9914093017578,228.8171006142389,222.40499400670646,226.86559054537324,42503100
2021-02-01,230.3841094970703,233.12392228631361,223.44326412188565,225.97158186998217,33314200
2021-02-02,230.24948120117188,232.94122377899794,229.4611936474812,231.97028011673513,25916300
2021-02-03,233.6045379638672,235.61372573695,230.00913773665354,230.30716407808396,27158100
2021-02-04,232.65283203125,233.83528542530067,231.07624217466682,233.2777089960579,25296100
2021-02-05,232.83546447753906,233.87370861931726,231.1242883926128,232.86430337018712,18054800
2021-02-08,233.0950927734375,234.25830087776615,231.49927182372988,233.74879407689158,22211900
2021-02-09,234.34481811523438,235.29653111250357,232.04722627683623,232.51827140273494,23565000
2021-02-10,233.43153381347656,236.4116655813092,231.57614834749486,235.52723852750492,22186700
2021-02-11,235.03697204589844,235.67144246357017,232.78743534550657,235.3157529463643,15751100
2021-02-12,235.51759338378906,235.81560504678683,233.34496572923476,234.49856541485858,16561100
2021-02-16,234.2774658203125,236.61351878692494,233.52762528011988,235.5560438359784,26728500
2021-02-17,235.2988739013672,235.40486497453526,232.15770663695596,232.5238602901919,21653500
2021-02-18,234.90377807617188,235.0386744478953,232.08058447417395,232.98632355686053,16925600
2021-02-19,232.1865997314453,234.97125810430992,231.4253871453351,234.86526703672254,25262600
2021-02-22,225.96206665039062,229.2574053237831,223.92897590919952,228.76600020057145,36446900
2021-02-23,224.76722717285156,226.27036224902704,220.3927036023403,221.93438889732062,30228700
2021-02-24,226.00057983398438,226.62688124341818,220.6528761824911,221.62605606398395,26339700
2021-02-25,220.6432647705078,226.03913460336088,219.57372394911798,223.6206299994084,39542200
2021-02-26,223.90969848632812,226.79070286617392,221.17320598719547,223.09067530726543,37819200
2021-03-01,228.30348205566406,228.81416225129144,224.6516202387032,227.30138207369913,25324000
2021-03-02,225.3453826904297,228.65036608626744,224.94069354651947,228.37092841617996,22812500
2021-03-03,219.26541137695312,225.06598585161353,218.976343468429,223.69774676737754,34029500
2021-03-04,218.46563720703125,224.01569334198643,216.08566807744373,218.47528211448403,44727800
2021-03-05,223.15814208984375,224.7672685097658,218.20549664982508,221.15395671882018,41872800
2021-03-08,219.1015625,224.86358550525085,218.85104487458958,222.93648613335145,35267400
2021-03-09,225.2586669921875,226.80035252533506,223.22557636286808,224.39147806891881,33080500
2021-03-10,223.9482421875,228.36130202469465,223.58208855958944,228.36130202469465,29746800
2021-03-11,228.486572265625,230.45220741847595,225.7693547309097,226.39567093202942,29907600
2021-03-12,227.1568603515625,227.2243158933277,224.72871079226346,225.48027844351745,22653700
2021-03-15,226.25112915039062,226.61728278402174,223.3604797125114,226.3956704438466,26034900
2021-03-16,229.04541015625,231.30974317417687,227.33992303701345,227.66752641282557,28092200
2021-03-17,228.3998565673828,229.8548262925455,224.72873388533623,227.5422977642344,29562100
2021-03-18,222.31021118164062,225.65373016609632,221.93442734749217,224.0831392862076,34833000
2021-03-19,221.9536590576172,223.99637953070715,220.9901094453898,222.5992355334975,46430700
2021-03-22,227.3881072998047,228.26492638484754,221.7513354679177,221.87660163832476,30127000
2021-03-23,228.92013549804688,232.26365407494552,228.42873045255334,228.83341955518355,31638400
2021-03-24,226.87742614746094,229.32483599524002,226.7425297732149,229.18030941662,25620100
2021-03-25,223.8711700439453,228.3035052631716,223.12924724060233,226.72328408722728,34061900
2021-03-26,227.86026000976562,228.08188705685933,223.10996639827545,223.10996639827545,25479900
2021-03-29,226.6654815673828,228.1686170443664,223.42795334672408,227.96626509818577,25227500
2021-03-30,223.39903259277344,225.32613224092293,222.67637022471735,225.01778923996932,24792000
2021-03-31,227.17613220214844,230.38475468378886,223.91932929173933,224.42037928624902,43623500
2021-04-01,233.5162811279297,233.98841108228743,229.37301438067678,229.77770349981284,30338000
2021-04-05,239.9913330078125,240.84889166046807,233.85351136550526,233.9113219956121,36910600
2021-04-06,238.82545471191406,240.30931493909185,237.88118002189182,238.58456726121224,22931900
2021-04-07,240.79107666015625,241.7835317265148,238.17986507093792,238.77726121114534,22719800
2021-04-08,244.0189666748047,244.87652533779865,242.8145295243861,243.5564669257725,23625200
2021-04-09,246.5242156982422,246.6591120785743,243.2385074384209,243.6528267842257,24326800
2021-04-12,246.58203125,248.27788829668532,245.3390437825906,245.42577443800744,27148700
2021-04-13,249.06797790527344,249.74247452603694,247.46848171177655,247.88283047292305,23837500
2021-04-14,246.27371215820312,249.39560438328456,245.859392763928,248.09483555963993,23070900
2021-04-15,250.04115295410156,250.4554722774702,248.3356805313863,248.52837283273723,25627500
2021-04-16,251.2359619140625,251.48649426821015,248.2104308752593,250.01226427112198,24878600
2021-04-19,249.30886840820312,251.9490148829156,248.42241904999537,250.70602739466509,23209300
2021-04-20,248.84632873535156,250.71561730898586,247.47807536709962,248.42236455956646,19722900
2021-04-21,251.08180236816406,251.17816323243773,247.87319436482315,249.50159593386385,24030400
2021-04-22,247.79612731933594,252.2380780035943,246.3218825256736,250.7252976851622,25606200
2021-04-23,251.63101196289062,251.9779051644676,247.89243421867644,248.48021485835787,21462600
2021-04-26,252.01646423339844,252.87403775770957,250.6867900736184,252.1224700129603,19763300
2021-04-27,252.42112731933594,253.59665918186172,250.638554413961,252.0453288051133,31014200
2021-04-28,245.28125,247.18908930860349,243.72993413735392,246.74583520127024,46903100
2021-04-29,243.3059539794922,246.76510892515492,239.92389948451506,246.14843764309805,40589000
2021-04-30,242.98800659179688,243.8552103228852,240.5020607894492,240.6369571872712,30945100
2021-05-03,242.6796112060547,245.07885508566088,241.9665791845499,244.16347117203964,19626600
2021-05-04,238.7580108642578,242.0533642895755,236.80200584495051,241.82210703263627,32756100
2021-05-05,237.4861297607422,240.40568459382968,236.85982824705025,239.98172031267046,21901300
2021-05-06,240.62728881835938,240.75255499791135,235.77100426763195,237.46684663242817,26491100
2021-05-07,243.25778198242188,245.03071003481767,242.0147945427054,242.9590692028245,27032900
2021-05-10,238.17022705078125,242.55438148087032,238.11241641652208,241.72572808374886,29299900
2021-05-11,237.25485229492188,237.61137570239922,233.7282713620621,235.63609576214722,33641600
2021-05-12,230.2884063720703,235.47230909481863,229.39231209908553,233.34285752909457,36684400
2021-05-13,234.17147827148438,236.64780801391828,232.6201626938285,232.98631627818247,29624300
2021-05-14,239.1048583984375,240.09731343906537,236.54182730369283,236.62854325032586,23901100
2021-05-17,236.24313354492188,237.6017422952167,234.64365204657955,237.56320677225798,24970200
2021-05-18,234.21966552734375,237.42828782946611,234.04621893400108,237.29339145802263,20168000
2021-05-19,234.79913330078125,234.90536910405467,230.4338423981237,231.11953416207322,25739800
2021-05-20,238.04412841796875,239.46381831338093,235.51380358455043,235.6103869428777,21800700
2021-05-21,236.77899169921875,239.8308434203437,236.36371563375428,239.09685992167127,21863100
2021-05-24,242.19699096679688,242.56399008801017,239.0389034036192,239.30931915507537,21411500
2021-05-25,243.10482788085938,244.09957472157194,242.23563647676897,243.1531195669874,17704300
2021-05-26,242.88270568847656,244.28307617770727,242.16802704328916,242.82474682274213,17771600
2021-05-27,240.77731323242188,242.87304278179596,240.71936910222183,242.57365495139308,24426200
2021-05-28,241.13462829589844,243.45249649735703,241.01874004361903,242.4094580171836,18270200
2021-06-01,238.9326629638672,242.6895260844274,238.5077344602041,242.63158195831664,23213300
2021-06-02,238.8361053466797,240.7386828366705,237.42606768789702,239.63770018013474,19406700
2021-06-03,237.30052185058594,237.9089499261885,234.6832657769733,236.8272869148477,25307700
2021-06-04,242.20664978027344,243.03721667775164,239.03890969141557,239.28035338560628,25281100
2021-06-07,245.123291015625,245.3937067711973,241.26019195138838,241.42437189323203,23079200
2021-06-08,243.92572021484375,247.24798750204266,243.86776135481398,246.42707312197177,22455000
2021-06-09,244.9108123779297,246.7844177283036,244.54382799818796,245.12328399930527,17937600
2021-06-10,248.4358673095703,248.6483389164334,244.98805939193187,245.58683497315405,24563600
2021-06-11,249.06365966796875,249.64310092841745,247.82743971739598,249.16021356263965,18999700
2021-06-14,250.9951629638672,251.053107079254,248.01089365594376,249.07325155986953,19150500
2021-06-15,249.51751708984375,251.0917344387504,248.86079742069938,250.87926284307397,18038900
2021-06-16,248.5711212158203,251.66158287300934,245.71242134126194,250.52197568954165,27220000
2021-06-17,251.97061157226562,252.7915259561424,247.24798864832576,247.3059327720719,27565500
2021-06-18,250.5509490966797,253.32271805483876,249.89422930673348,250.74411584577345,37202200
2021-06-21,253.6414337158203,254.50095793901875,249.09264278087616,250.92760895761074,26696100
2021-06-22,256.4228515625,256.69326730119366,253.41927690151593,253.72833188091008,24694100
2021-06-23,256.19097900390625,257.69758479548426,255.37973199867943,256.88633779025747,19518700
2021-06-24,257.5625,258.68280237536817,256.38425349082917,257.0506405026698,21446900
2021-06-25,255.94960021972656,258.1032884096647,255.6985188395987,257.11820882661345,25611100
2021-06-28,259.52301025390625,259.69684264758814,256.80918537336294,257.07960114345985,19590000
2021-06-29,262.11126708984375,262.3527107827182,258.8083338762617,259.66785809687894,19937800
2021-06-30,261.6283264160156,262.0725744679508,260.3728312580289,261.425522007778,21656500
2021-07-01,262.304443359375,262.5362198815575,260.3728937462325,260.38253145258466,16725300
2021-07-02,268.1473388671875,268.48536590593466,263.17360506966617,263.4826600464124,26458000
2021-07-06,268.1570129394531,269.80847946217114,264.911994546403,268.51434487101903,31565600
2021-07-07,270.3493347167969,271.0833330016929,267.6644819315975,269.83747524788464,23260000
2021-07-08,267.92523193359375,269.1903944407324,265.46248874918336,267.4230102236361,24618600
2021-07-09,268.427490234375,268.53371133109783,265.89716459734757,266.28346868024045,23916700
2021-07-12,267.8287353515625,270.1948664643227,267.1140417957607,269.605757849808,18931700
2021-07-13,271.3633728027344,273.16936668942884,267.8962453327776,268.02177128034975,26120100
2021-07-14,272.8409423828125,273.9515770775321,270.94800328817934,272.686414937959,23113700
2021-07-15,271.4116516113281,272.8410087189218,270.2527102297004,272.3484542107645,22604200
2021-07-16,271.1412658691406,274.3766172336164,269.89540816708495,272.4160956352856,26186800
2021-07-19,267.52923583984375,270.77422440288206,265.056855180452,269.3835065978364,32935600
2021-07-20,269.7602233886719,271.3537459092012,266.80495486751335,268.5143656479928,26259700
2021-07-21,271.7690124511719,271.8849007070508,267.79969232178405,269.3545755433379,24364300
2021-07-22,276.3467712402344,276.61718696207936,273.7198630252672,274.1254718714831,23384100
2021-07-23,279.7559814453125,280.06500696204523,276.6944625563651,277.5346818630906,22768100
2021-07-26,279.1572265625,279.7753366533579,276.8297349605999,279.10894960613797,23176100
2021-07-27,276.7331237792969,279.66905799664846,273.2659957297597,279.52419766900096,33604100
2021-07-28,276.42401123046875,280.21949839038996,274.1157957556486,279.09919630124614,33566900
2021-07-29,276.69439697265625,278.7418342171071,276.2887587105013,276.4432861687937,18168300
2021-07-30,275.1588134765625,276.84891883402497,274.19303898658393,275.40992427534843,20944800
2021-08-02,275.07196044921875,276.9552034530972,274.0289072556845,276.55923228454304,16267400
2021-08-03,277.2932434082031,277.399493957448,274.2800308832114,275.6514440057943,17879000
2021-08-04,276.7041931152344,277.7472171034661,274.90783636430234,276.42411012446985,16191300
2021-08-05,279.611083984375,279.71733452870075,276.30815097455206,277.0614540709244,13900200
2021-08-06,279.5531005859375,279.5917398214554,277.7760789024282,278.63563242237024,16589300
2021-08-09,278.46185302734375,281.5716492622996,277.9596607093601,279.8332662997247,16117600
2021-08-10,276.636474609375,279.35029883659456,275.43892355483007,278.91568848390904,18616600
2021-08-11,277.12908935546875,278.78055600328867,276.0763688920484,277.3801707605832,13955900
2021-08-12,279.8912048339844,280.0457323456055,276.5399649505444,276.82004790742695,14561300
2021-08-13,282.8271179199219,282.8753948641659,279.39860015858017,279.5724619986874,18249000
2021-08-16,284.5172424316406,284.72971405197063,280.09397764652635,283.1554965204036,22507600
2021-08-17,283.04925537109375,283.3872824337196,281.1177058396398,282.38289789800046,20075300
2021-08-18,281.3172302246094,285.2748073508947,280.87210209094656,282.584814824955,21813000
2021-08-19,287.16168212890625,287.83903054796286,279.2949260524418,279.34329542686044,29850500
2021-08-20,294.5058898925781,295.93798337909834,288.4098733313422,290.0161319700058,40817600
2021-08-23,294.78656005859375,295.51227784777274,292.0772254574719,293.4318927580328,22830200
2021-08-24,292.8222351074219,295.75413329406643,292.2223132288288,295.1445257304872,18175800
2021-08-25,292.2320861816406,294.7285427027967,290.6935678153006,294.44792352014514,20006100
2021-08-26,289.4065246582031,292.63838377872025,289.2710727162614,291.24500350131405,17666100
2021-08-27,290.0161437988281,291.1289050222775,287.2196974474057,289.3097679469551,22605700
2021-08-30,293.7608642578125,294.3704718901261,291.31277757201053,291.37083262941843,16348100
2021-08-31,292.106201171875,294.64137014097446,291.73849949919145,294.56397325018554,26285300
2021-09-01,292.0578308105469,295.3090616023399,291.72884231587955,293.06416766628405,18983800
2021-09-02,291.39984130859375,293.5382811968724,290.4612452351726,292.41586380657077,16285600
2021-09-03,291.3901672363281,292.80288933755895,290.53865379574177,291.2450000815937,14747900
2021-09-07,290.46124267578125,291.34178368779095,288.54536686307154,291.26438679344585,17180400
2021-09-08,290.4902648925781,290.87730841628627,287.83898574917305,290.0741938428301,15046800
2021-09-09,287.62615966796875,292.35785397932347,287.38425373048517,291.0805835423222,19927000
2021-09-10,286.1359558105469,290.2096722757966,285.8166530274544,288.75823692995704,19633400
2021-09-13,287.3745422363281,288.8743766317561,284.5587538333427,287.9164091252672,23652900
2021-09-14,290.0838928222656,291.63209651757876,288.4486065448419,289.8613287594078,21853400
2021-09-15,294.9510498046875,295.4348616325164,292.0481788377142,293.4415592642238,28356300
2021-09-16,295.33807373046875,295.42515631014606,291.0224807813531,293.925351555378,19550800
2021-09-17,290.1612854003906,294.641387411537,289.83229691858133,294.32208461521674,41372500
2021-09-20,284.7715759277344,289.0484846659132,280.1463369138932,286.73585039423017,38278700
2021-09-21,285.2554931640625,287.9068025373419,284.54914666733316,286.11669254661325,22364100
2021-09-22,288.91302490234375,290.49994168937883,284.9748195189621,287.1229449687735,26626300
2021-09-23,289.86126708984375,291.15787891906757,287.8969927436246,289.1742627352264,18604600
2021-09-24,289.65814208984375,290.0935550094492,287.3164798916889,288.5744083394524,14999000
2021-09-27,284.64581298828125,286.8713351873804,283.45562547355723,286.55203243098015,23571700
2021-09-28,274.34063720703125,281.3655941145133,273.59557765271893,280.41731233941005,43186200
2021-09-29,274.80511474609375,277.4854216078808,273.847176788506,275.86950665981914,26353700
2021-09-30,272.79248046875,278.5111104233901,272.5021756474461,276.4597529494466,32343600
2021-10-01,279.73992919921875,280.59144251092994,272.1827928520656,272.98590727634803,30086300
2021-10-04,273.94390869140625,278.4336964592234,271.17651931432624,278.0950222865557,31350700
2021-10-05,279.41094970703125,280.99783676898903,274.853422113134,274.853422113134,24993000
2021-10-06,283.6201171875,284.12330031930634,276.26620202244555,276.52744974351896,28002600
2021-10-07,285.3038635253906,287.0359182753925,284.40398054096374,285.62316636422395,20430500
2021-10-08,285.3038635253906,287.0359182753925,284.24915720017,286.6295033146172,17685700
2021-10-11,284.703857421875,288.3227596639586,283.2717640897847,283.436273068754,19298600
2021-10-12,283.39752197265625,285.87463530325664,282.88468279552853,285.7778670655963,17974100
2021-10-13,286.7165832519531,287.65517944527,283.98787726360524,285.36191594446814,23416300
2021-10-14,292.9480895996094,293.4512433177529,288.1873677681999,289.52269326467575,27262900
2021-10-15,294.3607177734375,294.5929674786083,290.7901849252471,292.5512666692997,25384800
2021-10-18,297.3410339355469,298.2312310200671,292.88995992436827,293.7414733301012,22729300
2021-10-19,298.2506408691406,299.28597570650606,297.27333155744253,298.3667509795345,17682100
2021-10-20,297.4571228027344,299.67298873049015,296.1991946233015,299.1988331686893,16537100
2021-10-21,300.6986999511719,300.9502619908337,296.44113276271713,297.2249349952262,16918100
2021-10-22,299.1505126953125,301.01801913734624,297.83452925726135,300.35035649773357,17449300
2021-10-25,298.1538391113281,299.3827103476736,296.53789484444036,299.3439971387141,17554500
2021-10-26,300.06976318359375,302.28562966394617,298.6086715168423,300.9309624270938,28107300
2021-10-27,312.7069396972656,315.5420698297333,305.769065317171,305.769065317171,52588700
2021-10-28,313.8487243652344,314.35187801269495,310.95550968613065,313.82935299410144,26297900
2021-10-29,320.8833312988281,321.25103298902206,313.4132759770589,313.63584003415747,34766000
2021-11-01,318.7062072753906,320.7575647556031,315.8033362306678,320.6317689522734,27073200
2021-11-02,322.34442138671875,322.65406799390774,319.31575510598935,319.61571602872687,26487100
2021-11-03,323.18621826171875,324.0570734229865,319.9446739391173,323.08945001501723,21500100
2021-11-04,325.54730224609375,325.64407051672566,318.8416774576779,322.1122501101373,23992200
2021-11-05,325.1795654296875,327.82118833215054,323.592678174856,327.5502549213487,22570100
2021-11-08,326.0794982910156,326.7181334708356,323.61206968994304,326.3794592729646,20897000
2021-11-09,325.0731201171875,327.7534265278024,323.6990817817537,326.1955373686938,21307400
2021-11-10,320.08984375,323.79585831193276,319.238359870115,323.73780326397525,25500900
2021-11-11,321.6670837402344,322.963695729912,319.80926309484096,320.5252950592606,16849800
2021-11-12,325.81829833984375,326.31179594429324,322.98316759527734,323.1089634183359,23831000
2021-11-15,325.1892395019531,326.94063568950895,323.2152792768723,326.6116472402498,16723000
2021-11-16,328.51788330078125,329.6403301704933,324.64738907261324,324.811868540775,20886800
2021-11-17,328.7408447265625,331.71689100991904,327.655128324654,328.5663609298743,19053400
2021-11-18,330.8250427246094,331.96895000015803,326.80206399132175,327.8296191496973,22463500
2021-11-19,332.6087341308594,334.53784815102716,331.72661169602117,332.1531473880695,21963400
2021-11-22,329.4291076660156,338.96796943364063,329.15767856424117,334.07251261265543,31031100
2021-11-23,327.34490966796875,329.060755723805,323.35101172103555,326.73418680630175,30427600
2021-11-24,327.5679016113281,327.81025009025836,323.6903259484439,325.98778479533405,21661300
2021-11-26,319.5897521972656,327.58725133037314,318.07750018241677,324.11683442028453,24217200
2021-11-29,326.3270568847656,328.6535962110915,324.49488830576917,324.6887789094433,28563500
2021-11-30,320.4718322753906,327.44177474789944,318.92079657157166,325.05707473361065,42885600
2021-12-01,319.9775085449219,328.89594378590317,319.30865400622315,324.8729652307251,33337600
2021-12-02,319.40557861328125,323.28315411578535,317.76730059678897,320.1907852858541,30766000
2021-12-03,313.12396240234375,322.5173925388993,308.29636967858346,321.82910150534224,41779300
2021-12-06,316.2066345214844,317.4280804409498,309.4596604945785,314.0352014055968,30032600
2021-12-07,324.6694030761719,325.52244481876284,319.996917592964,321.4897924137154,31021900
2021-12-08,324.7178955078125,325.2316731225476,320.6755096835337,325.0474859037222,24761000
2021-12-09,322.9051208496094,326.191350856802,321.9551041573975,324.17502451883644,22214200
2021-12-10,332.0562438964844,332.5021568730343,324.54344006043186,324.7276272953552,38095700
2021-12-13,329.0122375488281,333.26789037242565,328.70202444433016,330.2530603832701,28899400
2021-12-14,318.2908020019531,324.3980015605088,314.1902549947895,323.02144915200483,44438700
2021-12-15,324.4076232910156,324.93110421678887,314.56828231856264,318.5524765632328,35381100
2021-12-16,314.9560852050781,326.45311271750325,313.1336198644179,325.435231330319,35034800
2021-12-17,313.88970947265625,314.97545540950694,307.54019173672924,311.0590960634918,47750300
2021-12-20,310.1188049316406,312.9203379086466,307.850426764206,310.25450469368167,28326500
2021-12-21,317.27288818359375,317.6994237995554,310.0121088915762,313.3953131901604,24740600
2021-12-22,323.00201416015625,323.3994395700716,315.78001878131556,318.2519610473349,24831500
2021-12-23,324.44647216796875,326.09445376045846,322.54646825855775,322.5658454879959,19617800
2021-12-27,331.9689636230469,331.99804425764506,325.1637992915189,325.1928799261171,19947000
2021-12-28,330.80560302734375,333.2872485544328,329.90407397848566,332.64744515679365,15661500
2021-12-29,331.4842529296875,333.7623049071674,329.28370986318623,330.85412323356366,15042000
2021-12-30,328.934814453125,332.6282036224982,328.4501174011489,331.445541632334,15994500
2021-12-31,326.02655029296875,328.97348632899786,325.5709339951503,328.14952521434043,18000800
2022-01-03,324.50457763671875,327.6551075166869,319.68668922154853,325.0862198389616,28865100
2022-01-04,318.9403381347656,324.94088952565954,316.1387751979915,324.58218888565546,32674300
2022-01-05,306.69683837890625,316.09026737820085,306.3090867462832,315.8866733646423,40054300
2022-01-06,304.2733154296875,308.94580041159315,301.95645016368525,303.5656473410716,39646100
2022-01-07,304.4284973144531,306.8131982496803,300.59937921535504,304.53511645338995,32720000
2022-01-10,304.6514587402344,305.08769789801477,295.36467671846896,300.01775634485233,44289500
2022-01-11,305.33966064453125,306.9197476411043,300.4054499000885,303.78862469419647,29386800
2022-01-12,308.52899169921875,313.5116906389341,307.37541056986225,309.8861668515591,34372200
2022-01-13,295.47125244140625,311.05912310773493,294.69574914549776,310.66166805392663,45366000
2022-01-14,300.70599365234375,301.30701312506073,294.4533912878713,294.9380882282628,39846400
2022-01-18,293.3870849609375,300.31824606809926,292.5049328805996,294.7636374425836,42333200
2022-01-19,294.0462646484375,304.30246958333606,293.4355712876698,296.9156921461027,45933900
2022-01-20,292.3692321777344,302.11162990639156,291.923319227443,299.61060643856285,35380700
2022-01-21,286.96966552734375,294.80235496310996,286.5625070860677,293.4258322374997,57984400
2022-01-24,287.2992858886719,288.0166279590676,267.60119333651505,283.25692960431815,85731500
2022-01-25,279.6604309082031,285.9614911267102,276.4420657108663,282.59769318056505,72848600
2022-01-26,287.6288146972656,299.0579754289828,284.06145275492327,298.5635751438715,90428900
2022-01-27,290.6630554199219,297.8947254313369,288.81150957189453,293.3967532426776,53481300
2022-01-28,298.82537841796875,299.03864626312003,285.438050786546,291.0411464452791,49743700
2022-01-31,301.46209716796875,302.81924258293594,296.99317632807,299.49422892037853,46444500
2022-02-01,299.3100280761719,301.1227896817067,295.7911239790513,300.9095218702585,40950400
2022-02-02,303.8662109375,305.4754084003278,299.42639978521,300.1534452277407,36636000
2022-02-03,292.0299072265625,301.7044688280811,290.77938083421395,300.0177033550017,43730000
2022-02-04,296.5763854980469,299.34883797688286,290.78910247089794,291.0217475506449,35096500
2022-02-07,291.7391357421875,298.4182450097808,290.72125429341827,296.7993735987438,28533300
2022-02-08,295.23858642578125,296.20798026867743,290.7696950101349,292.02989517247903,32421200
2022-02-09,301.68505859375,302.3830233648674,297.98199648655384,300.38607435541684,31284700
2022-02-10,293.1253662109375,299.65907238795467,291.4967913701145,294.7345638215926,45386200
2022-02-11,286.010009765625,294.9769041315097,285.21509959746055,293.9105648307472,39175600
2022-02-14,285.97119140625,287.6773340827328,282.4329097004765,284.77882629708716,36359500
2022-02-15,291.2737121582031,291.5935990469963,287.9292922212691,290.82779936112746,27058300
2022-02-16,290.9338073730469,292.2646183764721,285.2802618312306,289.83612248855013,29982100
2022-02-17,282.4146423339844,288.3110075664805,281.70551089308395,287.8835899369958,32461600
2022-02-18,279.6947326660156,285.45511803174475,278.1210720097872,284.66828770363054,34264000
2022-02-22,279.4907531738281,283.20150223418443,276.3628490914678,276.8485482990099,41736100
2022-02-23,272.25384521484375,283.3569525301801,272.08872407192825,281.88040784681664,37811200
2022-02-24,286.1641845703125,286.71788864432006,263.754021577561,264.7157259283951,56989700
2022-02-25,288.8063659667969,289.11722047269745,283.3082491781396,286.6984486964778,32546700
2022-02-28,290.24407958984375,290.58407489243245,284.61967565103026,285.89220493509373,34627500
2022-03-01,286.513916015625,291.39032439377746,283.7939832206837,287.9224256437058,31217800
2022-03-02,291.6040954589844,292.847484256712,285.29972916949754,286.91222446701073,31873000
2022-03-03,287.4561767578125,294.4599496832263,285.6396371693534,294.2268235947487,27314500
2022-03-04,281.56951904296875,287.20364741070586,278.9564846846294,285.872836378718,32356500
2022-03-07,270.9327087402344,281.40438143444726,270.56357263581685,280.27755582691316,43157200
2022-03-08,267.9601745605469,275.8381990028326,262.2774896883556,269.8543830881321,48159500
2022-03-09,280.2484130859375,281.3169571583642,272.74921692953006,275.3331399974986,35204500
2022-03-10,277.4216613769531,278.40278323268905,272.5549459789459,274.9251604113095,30628000
2022-03-11,272.0595397949219,281.2295424824958,271.43783062877634,279.72385727089465,27209300
2022-03-14,268.53338623046875,277.2371079233456,267.93112394283185,272.3218342049007,30660700
2022-03-15,278.9370422363281,279.58789220242016,270.7578843795946,272.33154503092817,34245100
2022-03-16,285.969970703125,286.1448152890781,275.10002093883594,280.8409590240361,37826300
2022-03-17,286.77618408203125,287.1550139730886,281.0934985584017,284.9013926296288,30816600
2022-03-18,291.8371887207031,292.3908928751007,284.35743948050003,286.9219156173707,43390600
2022-03-21,290.60345458984375,291.55543538499245,286.4652892625183,290.34118777906053,28351200
2022-03-22,295.3633117675781,296.27642837743355,290.22460738142877,291.22514626524253,27599700
2022-03-23,290.9241027832031,294.55715302572054,289.20473825507435,291.914948142402,25715400
2022-03-24,295.4022521972656,295.49939796385246,289.7875707673661,290.584124550762,24484500
2022-03-25,294.9942321777344,296.7621842197346,290.7298090046941,296.49991734768025,22566500
2022-03-28,301.8134765625,301.91059268087037,295.6256442255647,295.6256442255647,29578200
2022-03-29,306.38873291015625,306.7870097595386,300.21062447729247,304.9316355003431,30393400
2022-03-30,304.883056640625,306.913305177859,302.668269699275,304.78594052626613,28163600
2022-03-31,299.4918212890625,306.1264885845464,299.083850585326,304.9219344786806,33422100
2022-04-01,300.57012939453125,301.25981401175363,296.8010985656617,300.521541683909,27110500
2022-04-04,305.9613342285156,306.09731457992234,300.85176950899194,301.2209056188057,24289600
2022-04-05,301.98834228515625,305.86421245270554,301.0072204052596,304.30996906857746,23156700
2022-04-06,290.9338073730469,298.21929503681264,288.2235976616029,296.46106638553516,40110400
2022-04-07,292.75030517578125,294.96509214612985,287.87389631112285,288.17502741691453,31411200
2022-04-08,288.4761962890625,292.507493891378,287.80592899300956,291.84695006605057,24361900
2022-04-11,277.1011047363281,284.2408589427509,276.8485316772578,283.444334820197,34569300
2022-04-12,273.9925537109375,282.4242823502866,272.467451534695,280.96718515776104,30966700
2022-04-13,279.3935852050781,280.32611930894404,273.25434059478465,274.6434627479795,21907200
2022-04-14,271.82635498046875,280.06382268306834,271.33096203916773,279.85011388563913,28221600
2022-04-18,272.4966125488281,274.381127429491,270.3789715863415,270.9326756753933,20778000
2022-04-19,277.1399230957031,277.98506451815985,270.44700422483857,271.38926176150375,22297700
2022-04-20,278.1696472167969,281.4141441423702,277.2079722331008,281.12270681916686,22906700
2022-04-21,272.77825927734375,284.91101033373354,272.0497108060048,280.32601076831855,29454600
2022-04-22,266.1922302246094,275.09996418217577,265.5608273646732,273.6234200417137,29405800
2022-04-25,272.6908874511719,273.06971731108024,263.0254640859441,265.473406374996,35678900
2022-04-26,262.4912414550781,270.39840795008814,262.27753265009284,269.56301966815096,46518400
2022-04-27,275.1194152832031,282.6477517681087,271.1755407349465,274.0314539795078,63477700
2022-04-28,281.3460693359375,282.6574628531849,273.40973288749205,277.03305889616263,33646600
2022-04-29,269.5824890136719,281.58898935295827,268.59167326000477,280.35529434040376,37073900
2022-05-02,276.33367919921875,276.79023759197617,268.3196431194536,269.76701711906315,35151100
2022-05-03,273.7205810546875,276.0033727323189,272.1371972603151,275.83822199618373,25978600
2022-05-04,281.6861267089844,282.5603793648833,268.8150975432188,274.5074780995146,33599300
2022-05-05,269.4173583984375,278.15994420058433,266.4934396605179,277.3731138499693,43260400
2022-05-06,266.87225341796875,271.262962860932,263.5111941095832,266.9499522347346,37780300
2022-05-09,257.0125427246094,264.5700201232837,255.78860105571707,262.3358159472055,47726000
2022-05-10,261.79180908203125,265.9202513402822,257.4885222663989,263.9191734643311,39336400
2022-05-11,253.09779357910156,263.598605933196,251.8835458078629,258.08107117542045,48975900
2022-05-12,248.0465545654297,252.44698754969474,242.8689999994643,250.3196229634551,51033800
2022-05-13,253.65155029296875,255.5166483001496,248.04659209038286,249.98938892736297,34925100
2022-05-16,254.02064514160156,258.21709274203937,248.46424590529656,252.52468351978652,32550900
2022-05-17,259.1884460449219,260.6552370055629,254.9531349481772,258.498732055345,28828800
2022-05-18,247.38772583007812,256.656980355756,246.1122326211362,256.0727779613794,31356000
2022-05-19,246.4724884033203,250.8831853898143,245.24568117323753,247.21246524508516,32692300
2022-05-20,245.9077606201172,251.7302626962446,239.94896148794473,250.4644858725116,39199300
2022-05-23,253.78466796875,254.6122855471252,246.75483618115436,248.7605898013846,33175400
2022-05-24,252.78182983398438,254.44678159865882,246.8230300751314,251.09741554890482,29043900
2022-05-25,255.60540771484375,257.61114646957344,250.35739175795942,251.34079861740852,28547900
2022-05-26,258.8963928222656,260.0745140342106,254.5441279914447,255.36199947266203,25002100
2022-05-27,266.0430908203125,266.14046285160765,260.51270412250375,261.4084852111383,26910800
2022-05-31,264.7091369628906,267.53274712702495,261.846572049841,265.3517566080413,37827700
2022-06-01,265.24468994140625,270.37587169394226,262.9273724680771,267.9514657945236,25292200
2022-06-02,267.34783935546875,267.41600276061195,254.70973788086184,257.48467782982374,44008200
2022-06-03,262.9078674316406,266.2475464172639,261.34028787235826,263.19023737158795,28059000
2022-06-06,261.6712951660156,266.95826527285715,260.18159558580714,264.89410948472664,22400300
2022-06-07,265.322509765625,265.9359206891935,258.9352986966251,259.6168729925374,22860700
2022-06-08,263.2876281738281,265.8094061537368,262.5086816828443,264.5533753652425,17372300
2022-06-09,257.8156433105469,265.5270199603348,257.6598540218745,260.72687950108036,26439700
2022-06-10,246.32647705078125,253.716544877582,245.87858649863978,253.716544877582,31422800
2022-06-13,235.87904357910156,242.46099963563907,235.1682754046893,238.65398260797576,46135800
2022-06-14,238.05032348632812,239.2673994308343,235.14880373766889,237.43691245609412,28651500
2022-06-15,245.1288299560547,248.57559739959135,239.92948501310266,241.7697032729962,33111700
2022-06-16,238.51766967773438,240.90313548946781,236.61903422990096,239.50106166433432,33169200
2022-06-17,241.1270751953125,243.90201423414308,237.60242808712968,238.2547789970656,43084800
2022-06-21,247.0566864013672,248.04007841973456,242.93809069276986,243.66833626220972,29928300
2022-06-22,246.4627685546875,250.39636659426804,243.7754551783502,245.2554237872834,25939900
2022-06-23,252.0418243408203,252.5384008649408,246.9495972945259,248.83850165297127,25861400
2022-06-24,260.6490173339844,260.9216411791488,254.8265148455369,254.9141407550072,33923200
2022-06-27,257.9129333496094,261.2330893680108,256.34532455884164,261.14546349231705,24615100
2022-06-28,249.7245330810547,259.87980811002035,249.56874378715275,257.0269890927544,27295500
2022-06-29,253.4049530029297,255.06990454388946,249.02346482811242,250.80526576023144,20069800
2022-06-30,250.0653076171875,252.69420384590512,246.2388275378218,250.2795141966665,31730900
2022-07-01,252.74282836914062,252.9278262770001,247.90374841711443,249.63687811044448,22837700
2022-07-05,255.92678833007812,256.05336900861283,248.03039737947321,249.41299415472167,22941000
2022-07-06,259.1982116699219,260.93132656108946,255.488566707851,256.8030146211772,23824400
2022-07-07,261.3304748535156,261.97309435555115,258.03949757661877,258.1368695703382,20859900
2022-07-08,260.6100158691406,261.03842893672055,256.3551235383612,257.81561452862957,19658800
2022-07-11,257.5430603027344,259.50984467063,255.27441371197682,258.6530183040146,19455200
2022-07-12,246.98854064941406,258.93536317826056,245.40146874432753,258.8769459056364,35868500
2022-07-13,246.0635528564453,246.8716930845245,241.57497607829453,243.60019227814038,29497400
2022-07-14,247.38772583007812,248.41980385084383,239.46212789733588,243.9701819365623,25102800
2022-07-15,249.9581756591797,253.51203126526482,248.05954026884817,248.9845149608678,29774100
2022-07-18,247.55325317382812,253.96967414471678,246.6282784047325,252.90838746077426,20975000
2022-07-19,252.69418334960938,252.87918127659822,246.99826179190453,250.7955329257847,25012600
2022-07-20,255.36203002929688,257.89355427718823,252.09054371296133,253.05445848227944,22788300
2022-07-21,257.86431884765625,257.9130197151892,250.26003049054867,252.94734376674188,22404700
2022-07-22,253.50230407714844,258.34139929761113,252.24630307646098,258.2537733938726,21881300
2022-07-25,252.01266479492188,254.61235275176412,250.04588026221168,254.1255222493707,21056000
2022-07-26,245.26513671875,253.0349601923591,242.99652024774517,253.01546796056851,39348000
2022-07-27,261.66156005859375,262.93705316460915,252.03207144255825,254.2812252227085,45994000
2022-07-28,269.1296081542969,270.5219360852605,260.8145358961352,262.64502310982516,33459300
2022-07-29,273.3454895019531,274.5723114658439,269.3437583740479,270.3855824318356,32152800
2022-08-01,270.68743896484375,273.87129897154,268.5745820293401,270.50244104227005,21539600
2022-08-02,267.5814514160156,270.57059701596864,265.20571683581875,268.73036395670016,22754200
2022-08-03,275.0299377441406,276.03280707158194,269.3242706194743,269.470343494758,23518900
2022-08-04,276.1788330078125,276.3248761602212,272.7905130168729,274.3775548914,18098700
2022-08-05,275.4584655761719,276.17896528231074,271.3398684230789,271.7974903289781,16774600
2022-08-08,272.93658447265625,278.38909053353035,271.96292373727755,276.56831999880745,18739200
2022-08-09,274.86444091796875,275.62389517818417,270.2979692399521,272.2745292536275,23405200
2022-08-10,281.54376220703125,282.1766357881288,279.3822340293261,280.57984751757147,24687800
2022-08-11,279.46014404296875,283.5397856381052,278.96359718360935,283.189281972675,20065900
2022-08-12,284.2213439941406,284.2213439941406,279.382248352061,280.8816943899118,22619700
2022-08-15,285.7402038574219,286.4314946274058,282.4686884881546,283.3352607647853,18085700
2022-08-16,285.0002746582031,286.2952602991827,282.7706125837728,284.29923761934236,18102900
2022-08-17,284.2489013671875,286.22962671486226,282.44379979769025,282.7072354649564,18253400
2022-08-18,283.1268310546875,284.8245871918749,282.0632619914761,283.14633488290866,17186200
2022-08-19,279.20440673828125,282.22916781980774,278.6287311100717,281.88765725342205,20570000
2022-08-22,271.0083312988281,275.6039997944986,270.4911968802227,275.23321855533953,25061100
2022-08-23,269.7301025390625,272.09134632698925,268.7153376389546,269.7301025390625,17527400
2022-08-24,269.0959167480469,270.50096684081166,268.43239936541056,268.72513550456136,18137000
2022-08-25,272.0816345214844,272.2474915307141,267.8567175355643,270.5985095814994,16583400
2022-08-26,261.58282470703125,273.5354885379578,261.47550895735344,272.30606215818636,27549300
2022-08-29,258.7922058105469,260.9095177308766,257.44569714689953,259.3971520734982,20338500
2022-08-30,256.5870666503906,260.5680218228097,254.33313846551115,260.1972703784425,22767100
2022-08-31,255.1234893798828,260.62657740066675,254.98687322695167,258.9483545630035,24791800
2022-09-01,254.0794677734375,254.5575945582779,249.21059644985115,252.58660569721067,23263400
2022-09-02,249.84478759765625,258.314095365784,248.29338440657236,255.3479051299607,22855400
2022-09-06,247.10296630859375,251.5717847396317,245.8247657850576,249.98137407563812,21328200
2022-09-07,251.82553100585938,252.54755989638122,247.07374239032504,248.51781505979028,24126700
2022-09-08,252.24508666992188,254.10872994612194,248.60562691610852,251.25962204906065,20319900
2022-09-09,258.0408935546875,258.7922228079521,253.97212644052357,254.1770208837589,22084700
2022-09-12,260.1777038574219,260.9583036393322,258.7238795678171,259.32882578827446,18747700
2022-09-13,245.8735809326172,254.07943798746075,245.48328099504454,252.55730545197812,33353300
2022-09-14,246.09799194335938,248.0591988641248,243.79527444125134,247.37619258985976,23913000
2022-09-15,239.4239959716797,245.2978642440651,238.09700610219215,243.7074386942635,31530900
2022-09-16,238.799560546875,239.34596558037185,236.18460303002797,238.33120061380296,39791800
2022-09-19,238.5848846435547,239.18983090941896,235.00396662261346,236.58464035647546,26826900
2022-09-20,236.56512451171875,237.59939325821156,233.82333267549006,236.19435819350156,26660300
2022-09-21,233.1500701904297,241.6486627940409,233.10128084045706,238.3409473483979,28625600
2022-09-22,235.1308135986328,237.94091362050094,231.8035940706636,232.0963004159245,31061200
2022-09-23,232.14508056640625,235.27717233231257,229.49110062617243,233.72575432183234,34176000
2022-09-26,231.6865234375,235.58943396881497,231.1498702617598,231.29623833973736,27694200
2022-09-27,230.67173767089844,235.9309082051213,228.80809460642703,234.15507704083888,27018700
2022-09-28,235.21861267089844,236.4480238413735,229.03248960797112,231.06200439699091,29029700
2022-09-29,231.7353057861328,234.12583543655808,228.72031106512603,233.0915665591969,27484200
2022-09-30,227.24691772460938,234.70147486593402,227.0810458443,232.50608809787929,35694800
2022-10-03,234.8966522216797,235.7455304131457,228.96422702009855,229.6960226716163,28880400
2022-10-04,242.83905029296875,244.28312273696628,239.03370433981988,239.1410349538722,34888400
2022-10-05,243.1512908935547,244.49779961267382,238.17508955877648,240.01921394484737,20347100
2022-10-06,240.7998046875,244.26364059964817,240.10704643812323,241.91213354134027,20239900
2022-10-07,228.5543975830078,235.4625495443965,227.5103620909434,235.052730923745,37769600
2022-10-10,223.685546875,228.8666579231961,221.2267092138756,227.39331464276057,29743600
2022-10-11,219.93875122070312,223.5001508325825,218.67030242454715,222.09510077458947,30474000
2022-10-12,220.27049255371094,222.32927826237437,218.52394680485463,219.92898195872448,21903900
2022-10-13,228.5543975830078,230.36925119056264,213.8111555833889,214.51368052105005,42551800
2022-10-14,223.01226806640625,231.48159024439008,222.79760683202377,229.82284163535834,30198600
2022-10-17,231.76454162597656,233.15983963119882,229.43255359972767,230.09605601233935,28142300
2022-10-18,232.7110137939453,238.0092070873405,229.65698188845562,237.33596760402114,26329600
2022-10-19,230.7400360107422,233.7940678630011,228.60319039452398,231.2864410309145,19985700
2022-10-20,230.41807556152344,235.4528337425244,229.16914537702397,230.04730918352723,21811000
2022-10-21,236.24314880371094,237.10179380895985,228.80810966337896,229.04228963437978,26299700
2022-10-24,241.24862670898438,241.824302366333,235.44305100550176,237.84333234120828,24911200
2022-10-25,244.5758514404297,244.94661775526365,239.8630859691524,241.25836910616306,34775500
2022-10-26,225.70529174804688,232.51586550821546,224.47586557326218,225.55892369044773,82543200
2022-10-27,221.24620056152344,228.0177514856638,220.2997437384998,225.4320647952228,40424600
2022-10-28,230.14483642578125,230.85712820733676,220.5632002940726,220.7485908978084,40647700
2022-10-31,226.4956512451172,229.21792468250058,225.5394274829723,228.08607709981163,28357300
2022-11-01,222.63174438476562,230.01800878902966,221.81213684879617,228.90568002209392,30592300
2022-11-02,214.7576141357422,225.685758416669,214.6990579834419,223.89042351168925,38407000
2022-11-03,209.0496063232422,215.0600909930844,208.7861557427822,214.74785106240304,36633900
2022-11-04,216.01629638671875,216.21143889616826,208.24949944790723,212.26950660697912,36789100
2022-11-07,222.33900451660156,222.86590566585838,215.9089643317096,216.60173735731198,33498000
2022-11-08,223.3147430419922,226.02726423874347,220.3582899758322,223.14887115740464,28192500
2022-11-09,219.06057739257812,223.08058484840367,218.88495358763487,221.85115866012015,27852900
2022-11-10,237.08229064941406,237.42380126848497,229.29598848576202,229.71554421186798,46268000
2022-11-11,241.11204528808594,241.97069033132314,236.05776863142341,237.09205238278707,34620200
2022-11-14,235.6869659423828,237.98968329468502,233.40376730762415,236.11628839782514,31123300
2022-11-15,236.09678649902344,241.00469467728894,234.20387274977523,239.69722338869778,31390100
2022-11-16,236.5272674560547,238.55272223893292,235.24546483170218,237.56445080307654,24093300
2022-11-17,236.47837829589844,238.01459476890207,232.51555731599112,232.6623229336254,23123500
2022-11-18,236.0282745361328,238.49404129362665,233.8854070506041,238.26898078474412,27613500
2022-11-21,236.8404083251953,239.40401380150684,235.9989173392521,236.23374231089764,26394700
2022-11-22,239.7562713623047,240.03024378872047,235.5292575473347,238.34726178052222,19665700
2022-11-23,242.25137329101562,242.93630430627147,239.01261633072437,239.8345335490314,19508500
2022-11-25,242.16336059570312,243.34730980799523,241.4197082669452,241.98722691191023,9200800
2022-11-28,236.556640625,241.34139349791928,235.61731088144492,240.78366926212917,24778200
2022-11-29,235.157470703125,237.56451669871456,233.08310343369334,236.20443373671137,17956300
2022-11-30,249.648681640625,249.83459470450774,234.69755065431445,235.3922760619219,47594200
2022-12-01,249.2083740234375,250.60758932902792,245.519510598115,248.4060155091771,26041500
2022-12-02,249.53126525878906,250.54887499999236,244.31597987547545,244.44318669201743,21528500
2022-12-05,244.8150177001953,248.35711568212665,242.72107687347514,246.5860592259716,23435300
2022-12-06,239.84434509277344,246.43928730732753,238.53318912634793,245.42167750975,22463700
2022-12-07,239.11048889160156,240.86197158934914,236.99698930720933,239.56059501119066,20481500
2022-12-08,242.0752716064453,243.38644250064408,237.82868382073406,239.570372173959,22611800
2022-12-09,240.1378936767578,242.9656924353559,238.9050176716509,239.4333888365886,20609700
2022-12-12,247.0752716064453,247.1046247279212,241.85020695845557,242.1241793791487,30665100
2022-12-13,251.39039611816406,258.2397370836631,247.62325261498822,256.0577219976388,42196900
2022-12-14,251.6839141845703,256.9383321296434,248.83654186322934,251.5958548171996,35410900
2022-12-15,243.6505889892578,248.72888777083384,242.01653394548188,248.25922292079903,35560400
2022-12-16,239.423583984375,244.46273549809166,238.26897314614723,243.20050650303634,86102000
2022-12-19,235.27484130859375,239.9324023668118,233.57230052478496,239.5899293723979,29696400
2022-12-20,236.59579467773438,237.68190498867048,233.2885368978721,234.24744039254352,25150800
2022-12-21,239.169189453125,240.33357978118056,234.94217545446557,236.48817131663884,23690600
2022-12-22,233.06349182128906,236.78170824975606,228.83646305704173,236.0674091280564,28651700
2022-12-23,233.59188842773438,233.72887465649478,228.90498859407907,231.0282826050553,21207000
2022-12-27,231.85997009277344,233.78755649246543,230.75428604943204,233.5625109109422,16688600
2022-12-28,229.48226928710938,234.56056862646315,229.13001687829933,231.79147620478,17457100
2022-12-29,235.8227996826172,236.71321757486763,230.57816095790326,230.57816095790326,19770700
2022-12-30,234.65841674804688,234.7954029631969,231.56642511422905,233.0830678086328,21938500
2023-01-03,234.423583984375,240.46078689316013,232.290495791577,237.84825439790933,25740000
2023-01-04,224.1691436767578,227.8579921549362,221.0967257126789,227.28069416142324,50623400
2023-01-05,217.52525329589844,222.65247894787115,216.98708787616465,222.31000597248334,39585600
2023-01-06,220.08888244628906,220.90102036196717,214.62899248610293,218.20042850517999,43613600
2023-01-09,222.2317352294922,226.26307141609416,221.53702478368263,221.57615730202494,27369800
2023-01-10,223.924560546875,226.3316066068968,222.4372707078429,222.85800882623798,27033900
2023-01-11,230.69557189941406,230.87169062751605,226.13586459822005,226.311983326322,28669300
2023-01-12,233.37660217285156,234.73668494527053,228.53314279943885,230.1965511287431,27269500
2023-01-13,234.08108520507812,234.21807140932603,229.8638510631861,231.8990853337094,21333300
2023-01-17,235.17697143554688,235.72491620982183,231.98712660899923,232.84819121450292,29831300
2023-01-18,230.73472595214844,237.16332887463713,230.45097410915378,236.37076466345434,30028700
2023-01-19,226.93821716308594,230.4509617716894,225.71512062356072,228.74840601373435,28623000
2023-01-20,235.04978942871094,235.55860174293485,229.46267816024536,229.80515114547578,35389800
2023-01-23,237.35902404785156,239.8932766589855,234.49207780928063,235.9108818315434,31934000
2023-01-24,236.8306427001953,238.69953795471773,235.2650879547733,237.28074883436128,40234400
2023-01-25,235.43142700195312,238.0635333641679,225.93040571836002,229.43335629238763,66526600
2023-01-26,242.66238403320312,242.9657096243839,236.79151990336757,238.4060015669205,33454500
2023-01-27,242.81890869140625,244.4529638450001,241.5175322068459,243.63104656960752,26498900
2023-01-30,237.48622131347656,240.31401998539118,236.98718835759996,239.24746842953175,25867400
2023-01-31,242.4764404296875,242.61342664492787,237.72104048580297,238.21027910171549,26541100
2023-02-01,247.31011962890625,249.68781212878685,240.18680659624076,242.66235279117208,31259900
2023-02-02,258.90509033203125,258.9931497026044,251.71327646099442,253.2494929338685,39940400
2023-02-03,252.78958129882812,258.51367868054353,251.5664848437929,253.9539715128819,29077300
2023-02-06,251.24362182617188,252.74069099759944,249.2964614286362,251.8992147983209,22518000
2023-02-07,261.80133056640625,262.98527949675434,254.48231110631974,254.9226377457536,50841400
2023-02-08,260.98931884765625,270.8034471482984,260.4804914279499,267.3200695767947,54686000
2023-02-09,257.9461669921875,268.0832067953903,257.1438084833281,267.9070581968134,42375100
2023-02-10,257.43743896484375,258.4061221447196,255.0499514505468,255.90122210689393,25818500
2023-02-13,265.48046875,268.68987310618746,261.4002052618533,261.879679445157,44630900
2023-02-14,266.31219482421875,269.0519194736593,263.4843809353684,266.8014335016731,37047900
2023-02-15,264.18353271484375,265.5666447691535,261.1034044657681,263.2026047275784,28922400
2023-02-16,257.1502380371094,261.65269341898556,256.90500606684026,258.98456838503563,29603600
2023-02-17,253.13829040527344,255.12957315105942,251.11758101538413,254.44294147679955,30000100
2023-02-21,247.85108947753906,250.61731377289414,246.791685383644,249.62656685950031,28397400
2023-02-22,246.71319580078125,249.48922383589215,245.56551183733654,249.24399183598243,22491100
2023-02-23,249.91107177734375,251.94158528743853,245.70288158455787,250.6859984387384,29219100
2023-02-24,244.46688842773438,246.21293914937976,243.3682538076719,245.19278056900376,24990900
2023-02-27,245.38897705078125,247.99824938864867,244.63365822291965,247.6451146739916,21190000
2023-02-28,244.66307067871094,246.69359891216772,243.98622793422533,244.3197548443397,22491000
2023-03-01,241.5731658935547,246.14427943595706,241.10230963165003,245.97752345611474,27565300
2023-03-02,246.32083129882812,246.60529383372395,240.92572728524587,241.84780200241096,24808200
2023-03-03,250.42112731933594,250.7448353875074,246.59551372780942,247.38025919903342,30760100
2023-03-06,251.97097778320312,255.15899387446288,251.09795243692292,251.53936705600412,24109800
2023-03-07,249.30284118652344,252.77533463239405,248.5573413069621,251.41183036535284,21473200
2023-03-08,248.86141967773438,249.68539556928397,246.02653848093868,249.19493159082262,17340200
2023-03-09,247.50778198242188,254.60969174965638,246.78188980997717,250.94103028534124,26653400
2023-03-10,243.848876953125,247.96877137415123,242.8777678562055,246.2913929515961,28333900
2023-03-13,249.07725524902344,252.99116366046172,241.0434519121512,242.68160000285428,33339700
2023-03-14,255.81619262695312,256.0908512385294,250.98021034956767,251.85323557231487,33620300
2023-03-15,260.3775634765625,261.39773710687786,254.26637049083152,255.02170430462056,46028000
2023-03-16,270.9323425292969,271.28546226233277,258.25873880453594,260.15192277848104,54768800
2023-03-17,274.1007385253906,277.926352222168,271.05006642858564,272.95306938413273,69527400
2023-03-20,267.03802490234375,272.187896607002,264.70341160654476,271.6974326351298,43466600
2023-03-21,268.5584411621094,269.7551744059868,264.3796786992098,269.6374678468421,34558700
2023-03-22,267.096923828125,275.6800448026521,266.98900616938766,268.1857396626866,34873300
2023-03-23,272.3645324707031,275.6996824231829,269.9514574375427,272.63919117418845,36610900
2023-03-24,275.218994140625,275.27784742962956,270.02987629936445,271.9524869231275,28172000
2023-03-27,271.10888671875,276.09198781080295,270.26527306825443,275.1503053082786,26840200
2023-03-28,269.9808349609375,270.8734830687269,266.86146104578347,270.53015226795435,21878600
2023-03-29,275.16009521484375,275.7780845824436,273.10014063469197,273.6396390062714,25087000
2023-03-30,278.6325988769531,279.034782967191,276.1116365553152,278.80918867585996,25053400
2023-03-31,282.8015441894531,283.75304559318363,277.6026375106462,278.3187257622944,32766000
2023-04-03,281.751953125,282.7720966657289,278.53451056340606,281.0554727089369,24883300
2023-04-04,281.7029113769531,284.9105652724409,280.22173037151373,281.7519757409846,25824300
2023-04-05,278.91705322265625,281.67345840201926,277.52415228002326,280.3982640251811,22064800
2023-04-06,286.03863525390625,286.5094615754292,276.65114630640034,277.8086342608768,29770300
2023-04-10,283.8707275390625,284.07671400753975,279.279962407057,283.69413777339656,23103000
2023-04-11,277.4358215332031,280.52576833041724,276.2685448865865,280.30014413926625,27276600
2023-04-12,278.0832824707031,281.53616835496916,276.58246375618245,279.35850689315987,27403400
2023-04-13,284.3121643066406,284.3710175910473,277.7693913938778,278.18136438472453,24222700
2023-04-14,280.6827697753906,282.9781378461247,278.27948405144895,281.52635353888274,20987900
2023-04-17,283.2919921875,286.0386085271272,280.702357854445,284.40044560842966,23836200
2023-04-18,282.87017822265625,286.195538225493,281.53613062654506,286.0091595266916,20161800
2023-04-19,282.9486999511719,283.53723281599844,279.11326779246525,280.5355954631928,17150300
2023-04-20,280.6532897949219,283.51761266618416,279.6429351736415,279.80970610176666,23244400
2023-04-21,280.3100280761719,280.81028105928004,277.6615101881032,279.57433198899173,21676400
2023-04-24,276.3960876464844,279.5154616165311,273.40426904899283,276.70999180903164,26611000
2023-04-25,270.1671447753906,276.2292713259244,270.1180804246241,274.17913583950275,45772200
2023-04-26,289.7366943359375,293.85660384994554,287.14706002026827,291.0413453207768,64599200
2023-04-27,299.0163269042969,299.37929548036186,289.61904801830957,290.32531751233853,46462600
2023-04-28,301.3999328613281,303.03806578134134,297.52525546706266,298.2119170093905,36469600
2023-05-01,299.7323913574219,302.7144211983591,299.33020723943775,301.11550358691363,21294100
2023-05-02,299.58526611328125,303.28335441543976,298.1138739067997,301.8904532238792,26404400
2023-05-03,298.5944519042969,302.7241500523143,298.2903666449146,300.7721130771422,22360800
2023-05-04,299.58526611328125,301.8904532238792,297.61359097721964,300.3994232958919,22519900
2023-05-05,304.7252502441406,306.02008227407686,298.4669253683265,299.889282816664,28197100
2023-05-08,302.763427734375,304.28388412845356,300.2522543951284,304.2152119824431,21318600
2023-05-09,301.1449279785156,304.1269577971299,300.4680851917981,302.1258560826802,21340800
2023-05-10,306.3536071777344,307.03044986140986,301.80211703381246,302.73398062957256,30078000
2023-05-11,304.195556640625,305.1863034639446,300.419007926499,304.1857677171531,31680200
2023-05-12,303.0773010253906,304.72525274855644,300.7525066417202,304.62715396932276,19774700
2023-05-15,303.5579528808594,303.9895635706543,301.72362241700347,303.2048331904154,16336500
2023-05-16,305.7945251464844,307.72695475671816,303.92094882910635,303.92094882910635,26730300
2023-05-17,308.6847229003906,309.10743681750125,305.47989738715967,307.0036775549358,24315000
2023-05-18,313.1282043457031,313.6394211850269,308.4094689120249,309.20575514144576,27276000
2023-05-19,312.9512939453125,313.35435726772096,311.0146399332966,311.3783719556919,27546700
2023-05-22,315.7431945800781,317.1293303008465,312.6268717902356,313.2068809214525,24115700
2023-05-23,309.9234619140625,317.2571747415346,309.91362158823824,314.61270718024224,30797200
2023-05-24,308.5372619628906,311.14239768103363,307.3182318525054,309.4023704280069,23384900
2023-05-25,320.40301513671875,321.3664070243796,314.58321250494043,317.7683579312352,43301700
2023-05-26,327.25494384765625,327.75629030696444,318.3974530543971,318.5350675723102,36630600
2023-05-30,325.6034240722656,330.0567411570019,324.925101668545,329.5553945984625,29503100
2023-05-31,322.8311462402344,330.2533305472488,321.78906193921273,326.66512243856624,45950600
2023-06-01,326.9502258300781,327.8841566682848,319.2232906882485,320.41279996560337,26773900
2023-06-02,329.72247314453125,331.7869311608408,326.92071083675313,328.5919458978105,25873800
2023-06-05,330.2533874511719,332.82903267433227,328.99505581539154,329.5455740309834,21307100
2023-06-06,328.0316162109375,329.6930110935296,326.5471971745733,329.65367979425776,20396200
2023-06-07,317.9059753417969,328.8278959178741,317.04086678111935,326.03597374540885,40717100
2023-06-08,319.7541198730469,321.1107645064962,317.87644809786565,318.45645718009644,23277700
2023-06-09,321.25823974609375,324.40405344263496,318.91852262119164,319.48869141586215,22529000
2023-06-12,326.23260498046875,326.4783730978262,319.6558477599043,323.0179388047992,24260300
2023-06-13,328.6312255859375,331.2756922961345,324.7972498725799,328.80817138786546,22951300
2023-06-14,331.629638671875,333.3008737465053,327.1763219152769,328.68042148204876,26003800
2023-06-15,342.20751953125,343.9180559623726,331.4920360241556,331.7672951050373,38899100
2023-06-16,336.53515625,345.52045224652784,336.16161394464854,345.3729973890222,46552000
2023-06-20,332.3276062011719,336.28938669423195,330.17467528796925,333.5662870008195,26375400
2023-06-21,327.9136657714844,332.01309136032313,326.4488973241474,330.67609713912924,25117800
2023-06-22,333.95953369140625,334.3625969961484,327.69736698314864,328.4641622943436,23556800
2023-06-23,329.348876953125,332.239111966168,327.80547621565904,328.70004562356576,23146900
2023-06-26,323.03765869140625,330.4205134328814,322.92950510611723,328.07098554608274,21520600
2023-06-27,328.9065246582031,330.45976577699514,323.72571415230334,326.24237697831273,24354100
2023-06-28,330.164794921875,332.2587434481097,328.15931929099054,328.99493663727424,20259500
2023-06-29,329.3783264160156,330.42038054099714,326.98946818616076,329.0440854703595,16997000
2023-06-30,334.7755126953125,336.9284438391697,331.4920541930487,332.032732059811,26832800
2023-07-03,332.2686462402344,335.1293906566377,330.87270016823766,333.44834517518075,12508700
2023-07-05,332.4259338378906,335.8666873183972,329.06384295177827,329.417734623584,18172400
2023-07-06,335.4931335449219,337.18401940600376,329.8208161509684,331.5903346098022,28161200
2023-07-07,331.5116882324219,336.0043364674082,331.295411096355,333.576146349244,21214800
2023-07-10,326.21295166015625,329.5554223370382,322.04473364088307,328.93608182925135,32791400
2023-07-11,326.842041015625,327.22542360300366,321.4646344623469,325.4559055054398,26698200
2023-07-12,331.49200439453125,335.86665829831014,329.9879049173375,330.9021549914973,29995300
2023-07-13,336.85955810546875,337.9212629896255,333.2811605310054,333.8120279735767,20567200
2023-07-14,339.3959045410156,345.4811250749577,338.48165441257885,341.70613067280914,28352700
2023-07-17,339.87762451171875,341.116275309023,336.40738021266617,339.82845289215857,20363900
2023-07-18,353.40472412109375,360.57133106049383,336.37793118829495,339.9759501445123,64738600
2023-07-19,349.0693664550781,356.3244462294896,346.47407068269024,355.62647316205454,39732900
2023-07-20,340.9983825683594,351.91049425596435,339.5237736916829,347.58498088457884,33778400
2023-07-21,337.9508056640625,344.3702675687518,334.077497807225,343.2397402503529,69405400
2023-07-24,339.2680358886719,341.047424189131,336.5154457019085,339.9955297245174,26678100
2023-07-25,345.0387878417969,345.933387393559,339.2288259183692,341.23427216529524,41637700
2023-07-26,332.0523681640625,338.83559201935464,327.47124698104943,335.66025722913804,58383700
2023-07-27,325.1216735839844,335.55205632911367,323.479929635845,334.7164688714893,39635300
2023-07-28,332.6421813964844,334.25443442734047,327.5302232519615,328.02175941976105,28484900
2023-07-31,330.23370361328125,331.9835713371964,327.7170105936494,331.2167760424693,25446000
2023-08-01,330.6465759277344,332.8093472638062,328.0512803254377,329.5160486388289,18311900
2023-08-02,321.95623779296875,327.9824769066263,320.8355207632289,327.9824769066263,27761300
2023-08-03,321.13043212890625,324.2959264406298,320.4324591287807,320.4816007481319,18253700
2023-08-04,322.23150634765625,329.46693562670976,321.7006387916162,326.2621096416052,23741500
2023-08-07,324.52203369140625,325.50510614632094,321.97587963329613,322.8114972201717,17741500
2023-08-08,320.5307312011719,323.1850385754183,317.5323725014756,321.42533064951436,22327600
2023-08-09,316.7754821777344,321.57285107528156,315.61543375482944,320.94370023666625,22373300
2023-08-10,317.4635925292969,322.70338571036314,315.74321566890393,320.50128292838593,20113700
2023-08-11,315.5760498046875,316.9523450296426,313.8065016574717,314.83874557692735,24355500
2023-08-14,318.55474853515625,318.57439918031054,314.66176072368876,315.94961300542656,18836100
2023-08-15,316.4116516113281,319.58698609657176,315.46791055727243,317.53236848882136,16966300
2023-08-16,315.6432800292969,319.603617653509,315.05218172043595,316.03733554703456,20698900
2023-08-17,312.175537109375,317.0914448901851,311.51547084312125,315.78120358070635,21257200
2023-08-18,311.7814636230469,313.6532496991234,306.9246328799907,309.8209872544114,24755000
2023-08-21,317.101318359375,317.9780896310704,312.33317744873216,313.2099487204276,24040000
2023-08-22,317.67266845703125,321.23892020655586,316.6875147112175,320.66754426236673,16084600
2023-08-23,322.1452941894531,324.31264458594995,318.6578413021839,319.012512305478,21166400
2023-08-24,315.2196960449219,328.0365579639024,315.2098348852326,327.90848314598765,23281400
2023-08-25,318.1849670410156,320.52960769740787,314.0670015423209,316.697375267024,21684100
2023-08-28,318.89434814453125,321.30795730227356,316.94373248499187,320.8252414836277,14808500
2023-08-29,323.53436279296875,324.09590767397725,317.1013096869728,317.1013096869728,19284600
2023-08-30,323.9087219238281,324.913567962967,321.6034656708571,323.79050827975385,15222100
2023-08-31,322.8940124511719,325.9972408442875,321.92855092385497,324.3126362990831,26411000
2023-09-01,323.7806396484375,327.06118845381434,321.9285457619997,326.39129110984953,14942000
2023-09-05,328.5980224609375,329.8787403792181,323.78063623976607,324.1155849082222,18553900
2023-09-06,327.93804931640625,329.4945793177721,325.2781216448237,328.4306262878465,17535800
2023-09-07,325.0121154785156,328.1350363970211,324.1451752662775,326.3716326236609,18381000
2023-09-08,329.3073425292969,331.16929760056996,324.5687552625587,325.189406952983,19530100
2023-09-11,332.92291259765625,333.39579729462235,330.45016667890303,332.2332928393112,16583300
2023-09-12,326.84442138671875,331.7899120379959,326.55874846963604,330.83431177810604,17565500
2023-09-13,331.07080078125,331.84908074164815,326.2534140831234,326.3913199887265,16544400
2023-09-14,333.6716003417969,335.7995060691533,331.57321796102076,334.1149015081179,20267000
2023-09-15,325.3174743652344,332.39087111470906,324.7559295090808,331.91801655332216,37679800
2023-09-18,324.1747131347656,325.4948156439136,321.5147857988126,322.93340970271976,16834200
2023-09-19,323.77081298828125,324.4998472951053,319.6922916047418,321.32765063479235,16505900
2023-09-20,316.0078125,324.696877301014,315.75169292433986,324.61807821569823,21436500
2023-09-21,314.78619384765625,320.5197962034768,310.3234483172927,314.5202131437501,35560400
2023-09-22,312.3035888671875,316.6776737677098,311.4563410385971,316.5495989744166,21447900
2023-09-25,312.8257751464844,312.9538499627099,310.3234758438393,311.88986692369065,17836000
2023-09-26,307.50592041015625,311.190385987701,305.41736910779923,310.4515206404709,26297600
2023-09-27,308.1462707519531,309.6338325713444,305.0922879071992,307.6635249378913,19410100
2023-09-28,308.9836730957031,310.79635260217924,304.8558759902322,306.37299129807553,19683600
2023-09-29,311.0622863769531,314.7270594095326,310.303728837514,313.03259381243663,24147300
2023-10-02,317.0224609375,317.1111512307064,310.50074800072014,311.5844231256774,20570000
2023-10-03,308.73736572265625,316.6185961714055,306.5897075763458,316.0668823806455,21033500
2023-10-04,314.224609375,315.2885921855911,309.33825553994615,309.36780894776786,20720100
2023-10-05,314.6186828613281,315.22950343215035,310.22490561454885,314.35270217569223,16965600
2023-10-06,322.4014587402344,324.3027984562463,311.6041508921413,311.8504393547701,25673600
2023-10-09,324.9234313964844,325.3962859760922,318.3819957765028,319.9286944478217,19891200
2023-10-10,323.5146484375,326.18440663278744,322.8053365479783,326.0464706793637,20557100
2023-10-11,327.48480224609375,327.87885770845634,324.2534993515134,326.2927446369784,20063200
2023-10-12,326.2435607910156,328.67689206438564,323.83978293130957,325.66232361261683,19313100
2023-10-13,322.8644714355469,328.87388567074674,321.51478545137195,327.4454306740634,21072400
2023-10-16,327.7015686035156,331.14960684186315,325.69184646938805,326.1351476327568,22158000
2023-10-17,327.13018798828125,328.5093973778692,322.54922855719866,324.69685675416497,18338500
2023-10-18,325.2091064453125,330.60776009184275,323.4259804727019,327.553777299333,23153600
2023-10-19,326.4011535644531,331.87860610828534,325.99723691191247,327.2188179633477,25052100
2023-10-20,321.8201904296875,326.9922476443287,320.6183016458001,326.7952048674921,25027700
2023-10-23,324.43084716796875,327.79022513571806,319.57404629112153,320.63799913570296,24374700
2023-10-24,325.6228942871094,326.91344339948563,322.73640078016155,326.38145191312543,31153600
2023-10-25,335.61236572265625,341.0602651549816,332.607628527267,339.8977607961559,55053800
2023-10-26,323.0220947265625,336.5580983520132,322.086186588402,335.48428431504954,37828500
2023-10-27,324.9135437011719,331.7209594661993,323.52447335800804,325.524334192952,29856500
2023-10-30,332.30224609375,334.41048978500254,326.9035921180138,328.4601520528565,22828100
2023-10-31,333.0903625488281,333.9671639293421,329.7211531293836,333.8193968608595,20265300
2023-11-01,340.9322204589844,342.2621842488645,334.60751913563803,334.7454551138456,28158800
2023-11-02,343.14874267578125,343.6511506169798,339.65142901556914,342.08475984776277,24348100
2023-11-03,347.562255859375,349.12867689079525,342.17346325846154,344.43933508440006,23637700
2023-11-06,351.2368469238281,352.2318617799553,348.1040653780775,348.2025867608286,23828300
2023-11-07,355.1775207519531,357.0788604906001,352.3205805643499,354.0642920772967,25833900
2023-11-08,357.807861328125,358.4678975179717,355.1971797857397,356.31040835628005,26767800
2023-11-09,355.3351135253906,359.3742499704996,355.0099959471622,356.92119665439174,24847300
2023-11-10,364.1817932128906,364.60540210202504,355.7094651076726,356.1232128388484,28042100
2023-11-13,361.2362060546875,362.99963986206404,360.4677872552205,362.75335139986936,19986500
2023-11-14,364.77288818359375,366.42796942333877,361.8962559120404,365.5019224424188,27683900
2023-11-15,364.92095947265625,368.33650132266115,362.39381940746347,366.51026176358704,26860100
2023-11-16,371.3374938964844,371.5151742717362,365.4244247654556,366.1944031837435,27182300
2023-11-17,365.0986633300781,369.56058551454436,362.2852703283084,368.81033934726474,40157000
2023-11-20,372.5911865234375,374.0028086735615,366.2339161351991,366.4510910910283,52465100
2023-11-21,368.2772521972656,371.38677875759095,366.352291403694,370.8438565468528,28423100
2023-11-22,372.9958801269531,374.9109599374389,370.1528738051793,373.14394709672723,23345300
2023-11-24,372.58123779296875,373.11430897435366,370.3206785780063,372.48251644448624,10176600
2023-11-27,373.74609375,375.75004385501524,371.36708082466845,371.9396164792958,22179200
2023-11-28,377.7835693359375,378.07970326739826,373.30188504482646,373.489446576594,20453100
2023-11-29,373.9830627441406,379.36303057120796,372.5911728680929,378.8299894382341,28963400
2023-11-30,374.0422668457031,375.2071005292818,370.64645702621425,373.6276491974568,30554400
2023-12-01,369.69879150390625,373.3018950187399,366.5398888981319,371.91988642578656,33040500
2023-12-04,364.39776611328125,364.7728590438149,358.2379093318976,364.3582715480311,32063300
2023-12-05,367.7343444824219,368.28714793242324,360.92299258913255,361.742346716279,23065000
2023-12-06,364.0621032714844,369.3729925287451,363.3020061210184,368.7412301197078,21182100
2023-12-07,366.1845397949219,366.67811645989656,361.61401505717174,363.4994815324385,23118900
2023-12-08,369.42242431640625,369.64945031597034,363.4995039710911,364.4570439652716,20154400
2023-12-11,366.530029296875,366.82619337920636,361.3968499172915,363.7462797263503,27708800
2023-12-12,369.5704650878906,369.60995965587347,365.70081081484244,366.085815070236,24838300
2023-12-13,369.5605773925781,372.7885879751983,366.00681947505166,371.1893743181654,30955500
2023-12-14,361.2289733886719,368.95840003199714,359.45210962899,368.5141690293138,43277500
2023-12-15,365.96734619140625,367.6158752980434,361.57450204697403,362.13718664647274,78502300
2023-12-18,367.86273193359375,368.2082416707238,363.9437314807634,364.7038589275561,21802900
2023-12-19,368.46484375,368.46484375,365.0887662696819,366.7175631601881,20603700
2023-12-20,365.8587341308594,371.1992368493833,365.76989395307385,370.18247020291363,26316700
2023-12-21,368.7412414550781,369.6000599811611,365.28620500497976,367.77382040386084,17708000
2023-12-22,369.7679138183594,370.3602118938799,367.9219417479868,368.87948176784437,17107500
2023-12-26,369.84686279296875,372.097571135072,368.70176133814033,370.18249130335374,12673100
2023-12-27,369.2644348144531,370.24170692184094,368.0206120410306,368.88931174783187,14905400
2023-12-28,370.4589538574219,371.6237877245378,369.3533467885978,370.54779405485954,14327000
2023-12-29,371.2091369628906,372.3147438435589,368.6820269140694,371.169642395573,18730800
2024-01-02,366.10552978515625,371.0709095466851,362.0581953380122,369.0571084332548,25258600
2024-01-03,365.83905029296875,368.4648819106026,363.7759033345844,364.2694800267969,23083500
2024-01-04,363.21319580078125,368.3069105586838,362.45309858783475,365.90813521572943,20901500
2024-01-05,363.0256042480469,367.28023230519466,361.79166269723777,364.2299324066576,21004600
2024-01-08,369.8764953613281,370.3799532157685,364.2694714991835,364.5557242835835,23134000
2024-01-09,370.96240234375,371.15981495786275,366.4214904617033,367.230963518503,20830000
2024-01-10,377.8526611328125,379.23469986544035,371.48554036689814,371.5348859821227,25514200
2024-01-11,379.68878173828125,385.66104720244766,375.49338017859446,381.04117695037814,27850800
2024-01-12,383.4794921875,383.6867859715864,379.7085588741406,380.53776413601776,21661200
2024-01-16,385.25634765625,388.96805409085823,382.64039716399947,388.602812151916,27202300
2024-01-17,384.4666442871094,385.0984068116101,379.86650572773016,382.9957953292044,22234100
2024-01-18,388.8100891113281,388.92854269445195,385.1082640110595,386.68771541228006,23392100
2024-01-19,393.54840087890625,393.54840087890625,388.4448053024204,390.67578129578703,29331100
2024-01-22,391.41619873046875,395.4733846867512,388.53369758806053,394.8810866300338,27016900
2024-01-23,393.77545166015625,394.24929609694567,388.8692984754516,390.6659247403921,20525900
2024-01-24,397.3884582519531,400.4190263282457,395.3055791013252,396.38157265965583,24867000
2024-01-25,399.66876220703125,401.7812847845524,397.3588270396622,399.12583992803854,21021200
2024-01-26,398.7408447265625,400.9520887119918,397.2601147041947,399.1751946098328,17803300
2024-01-29,404.45648193359375,404.71315145121497,399.1357107830947,400.84349696671285,24510200
2024-01-30,403.3409729003906,407.7436682887795,401.22848045302675,406.96383885346637,33477600
2024-01-31,392.4724426269531,409.98456474557076,392.10720068242125,401.731946506787,47871100
2024-02-01,398.5927734375,402.75856172705096,396.63819898392825,396.6678123790341,30657700
2024-02-02,405.93719482421875,407.3488168603616,398.375596677948,398.6223850112119,28256700
2024-02-05,400.4387512207031,405.8779758304878,398.8000730412909,404.6341529667765,25352300
2024-02-06,400.2807922363281,402.72894332826615,397.7339499122829,400.6657964934495,18382600
2024-02-07,408.73077392578125,408.9775622279042,402.16621111441646,402.20570567790315,22340500
2024-02-08,408.7900390625,410.22142339932105,407.23035010197816,408.7308122744756,21225300
2024-02-09,415.14727783203125,415.4138284838294,409.7574296442869,409.91537777577173,22032800
2024-02-12,409.9252624511719,415.3348429045064,409.4218046606071,415.1571625521398,21202900
2024-02-13,401.1001281738281,404.8019529758041,398.2077762920108,399.7378518266166,27824900
2024-02-14,404.9769287109375,405.32307733535373,400.111169801605,403.5725956832902,20401200
2024-02-15,402.0792236328125,404.6209064246705,399.8342525934749,403.6418270582009,21825500
2024-02-16,399.6067810058594,403.7901722944783,398.99361896429224,403.4637923812322,22296500
2024-02-20,398.35076904296875,400.0320148509245,393.62345170797335,398.7957913827642,24307900
2024-02-21,397.7474670410156,397.85627039792524,392.8421408842448,395.75964027371015,18518900
2024-02-22,407.1131591796875,408.28014704114486,404.06711743971994,405.6692584327785,27009900
2024-02-23,405.81756591796875,411.27671814639945,404.46266976176094,411.0888399370884,16295900
2024-02-26,403.04840087890625,407.61747779162243,402.870361769412,406.9251806067473,16193500
2024-02-27,402.9891052246094,403.8198438215264,399.39910723637763,403.4934639055569,14835800
2024-02-28,403.2264404296875,404.7890136651283,400.85289732894444,403.6813622301974,13183100
2024-02-29,409.0812072753906,409.63503299154024,401.44628969562774,404.1363132517421,31947300
2024-03-01,410.92071533203125,411.28663268034427,406.35163783892614,406.7373238991448,17823400
2024-03-04,410.3470764160156,412.7502875361098,407.77572562860115,408.8833770001061,17596000
2024-03-05,398.2123107910156,409.6844709938999,396.22448391124544,409.39765868898735,26919200
2024-03-06,397.65850830078125,400.6946806605517,393.99930460815386,398.5288145311868,22344100
2024-03-07,404.6307678222656,405.26369850856435,397.8067905120689,401.6440327730968,18718500
2024-03-08,401.74298095703125,405.89670410960423,399.87379648400184,403.4637944607813,18002200
2024-03-11,400.06170654296875,401.20892561066205,396.8376560715736,399.31010315335084,16120800
2024-03-12,410.703125,410.98993730983005,402.3067044386273,403.1275435831552,22457000
2024-03-13,410.525146484375,413.57118820964047,406.9153795439051,413.4920831775679,17115900
2024-03-14,420.5335693359375,423.10492026926096,413.3832416992079,415.60844401398504,34157300
2024-03-15,411.83056640625,417.9424481650146,408.2405685225254,414.66893074173265,45079900
2024-03-18,412.72064208984375,416.09306343618266,409.2196486698743,409.6844699154105,20106000
2024-03-19,416.76556396484375,417.0227081134529,410.970132443708,413.2250029233721,19837900
2024-03-20,420.5434265136719,421.2653616539131,416.0237865784244,417.34901442427935,17860100
2024-03-21,424.6378479003906,426.07187931857345,422.45221307253894,425.092769724827,21296200
2024-03-22,424.0148010253906,425.1224525568096,421.3742442819616,424.9642424933846,17648500
2024-03-25,418.1995849609375,422.69945686878276,416.96336138975573,420.5533594694659,18060500
2024-03-26,417.0029296875,421.2950943120244,416.70624810241935,420.9192775167625,16725600
2024-03-27,416.78533935546875,419.7720747256789,414.3920274982848,419.7621752794236,16705000
2024-03-28,416.0831604003906,417.2204799799258,414.5007882900106,416.32050565351443,21871200
2024-04-01,419.8907165527344,423.17413325734867,417.5666104461178,419.27755455465604,16316000
2024-04-02,416.79522705078125,417.72486953541625,413.2348973416725,415.4798683479255,17912000
2024-04-03,415.816162109375,418.59519021361444,414.47113520321466,415.1040961428757,16502300
2024-04-04,413.27447509765625,423.9455650411732,412.96789407723793,420.30610003731573,19370900
2024-04-05,420.83026123046875,421.809370796235,413.7096317572202,415.3810083958257,16554800
2024-04-08,419.9105224609375,422.5708779576157,418.63473130535374,420.48414709018743,14272400
2024-04-09,421.5818786621094,423.0257792491063,416.9732338650976,421.74011889073387,12496900
2024-04-10,418.5951843261719,419.3566871510799,415.0744221472326,417.5369697470064,16216600
2024-04-11,423.2137145996094,424.6378465667318,417.70509512825663,421.1269837004689,17966400
2024-04-12,417.2501525878906,420.4940018672189,415.14362290023075,419.3764509864425,19253800
2024-04-15,409.0812072753906,422.1159406782311,408.87349999590606,421.898364133941,20273500
2024-04-16,410.01080322265625,413.7887093494547,409.1701954171728,410.0009339582446,16765600
2024-04-17,407.3009948730469,414.26341355447306,405.80762733886866,412.65137340217865,15855500
2024-04-18,399.814453125,407.3504970183281,399.49800284316774,406.1043740582622,21029900
2024-04-19,394.72119140625,401.0111119112168,393.38606406583966,399.5770806601768,30565800
2024-04-22,396.5409851074219,398.41016978053364,391.38841330967085,395.6706788161048,20286900
2024-04-23,403.0780944824219,403.70115595190015,398.61779046162303,399.78477819553336,15734500
2024-04-24,404.5516357421875,407.9240568237566,402.2967654513749,405.04612510579756,15065300
2024-04-25,394.6421203613281,395.4827584021969,383.7534537964164,389.6873267702122,40586500
2024-04-26,401.8418884277344,408.4482598176065,401.28806269332824,407.6274206623671,29694700
2024-04-29,397.8167419433594,401.84189310160997,394.79046908042733,400.7836784898605,19582100
2024-04-30,385.03912353515625,397.727739119863,384.88091347817664,397.0651100086482,28781400
2024-05-01,390.5873107910156,397.29258621007074,386.0083338706027,388.2829731610127,23562500
2024-05-02,393.4552917480469,395.5222536584796,390.3004472054824,393.2772828213077,17709400
2024-05-03,402.1781005859375,402.6626905136215,397.4309844950286,397.8463688482122,17446700
2024-05-06,408.9822998046875,409.36798584093685,401.89130855665024,404.25498236640857,16996600
2024-05-07,404.82855224609375,410.09982581142424,404.58130756204883,410.08992636606695,20018200
2024-05-08,406.0153503417969,407.68672686794355,402.2275447730789,403.6714754994307,11792300
2024-05-09,407.7757263183594,408.17131178296086,404.59121352927775,406.0450135021462,14689700
2024-05-10,410.1690673828125,410.8020283165112,407.2614672287658,408.3889175739522,13402300
2024-05-13,409.1603088378906,413.73928549404195,406.29227636469005,413.4030363250276,15440200
2024-05-14,411.9690246582031,412.8887677392151,407.01423099397886,407.47905225770086,15109300
2024-05-15,419.171875,419.89514266479534,413.41554606061356,414.039731407047,22239500
2024-05-16,417.1011657714844,421.49026736821406,416.46709338675123,417.9036811134131,17530100
2024-05-17,416.328369140625,419.01335772051186,414.1685137971008,418.63686307177926,15352200
2024-05-20,421.4110107421875,422.8277941720161,416.1104241550555,416.32839316238903,16272100
2024-05-21,425.0767822265625,428.9704718767671,420.92548463230116,422.8871751734283,21453300
2024-05-22,426.5431213378906,428.41567724259045,423.1844517072994,426.1171006588035,18073700
2024-05-23,423.0556640625,429.5947037930371,421.4902723328989,428.97051846736764,17211700
2024-05-24,426.1864318847656,427.078112153027,420.48954709195647,423.24386583453116,11855300
2024-05-28,426.3450012207031,426.8403825578059,422.6593628632313,425.6613725566471,15718000
2024-05-29,425.20562744140625,426.95926647856015,421.75776247263485,421.75776247263485,15517100
2024-05-30,410.83953857421875,420.3805569661453,410.4134876792539,420.3805569661453,28394500
2024-05-31,411.2953186035156,412.90034931684085,400.7734237177811,412.90034931684085,47995300
2024-06-03,409.7001647949219,412.58328776743826,405.14268074171713,411.6916074194493,17484700
2024-06-04,412.22662353515625,412.5932008783865,405.89563568095855,408.62023297171766,14348900
2024-06-05,420.0932922363281,420.1626226445845,412.45449022904074,413.95055154632206,16988000
2024-06-06,420.5985412597656,421.3812522043053,416.69493407447,420.09327287817626,14861300
2024-06-07,419.9347229003906,422.3422686978654,419.09256866562976,422.26302099566783,13621700
2024-06-10,423.9176025390625,424.12565422580445,419.9743866143219,420.7769019274312,13982900
2024-06-11,428.6831970214844,428.8219183123646,421.3218374300627,421.5497237355039,14551100
2024-06-12,436.98577880859375,439.3041598174871,429.2479248102113,431.29881078427445,22366200
2024-06-13,437.5009460449219,439.29425421053884,435.3113691126584,436.7777086804944,15960600
2024-06-14,438.4818115234375,439.0465534624952,432.6858442612151,434.23143149971776,13582000
2024-06-17,444.2282409667969,446.774508213362,436.64891280244507,438.5016341053226,20790000
2024-06-18,442.2170104980469,445.9819268194956,440.7804227549636,445.55587588842855,17112500
2024-06-20,441.58294677734375,442.40526651332897,437.1938450442549,442.17738020784964,19877400
2024-06-21,445.6252136230469,446.41781163119543,442.3854307142529,443.24738936292533,34187100
2024-06-24,443.5347595214844,448.5678208280709,442.2863888206815,445.64505871404725,15913700
2024-06-25,446.784423828125,447.25008347754516,442.62320865306464,444.10935261048957,16413400
2024-06-26,447.9832458496094,449.40994649209836,444.0499168986336,444.85243223057404,16507000
2024-06-27,448.6668701171875,451.9562093572158,447.5968295279366,448.00304584092294,14806300
2024-06-28,442.8213806152344,451.17350253784576,442.2863603157035,448.88484322432845,28362300
2024-07-01,452.5110778808594,453.1451503129652,441.5433270741772,444.51561529914176,17662800
2024-07-02,455.0374755859375,455.3446095932429,448.92445663899935,449.0136518862479,13979800
2024-07-03,456.513671875,456.7613625247601,453.6503836863243,453.9575176731728,9932800
2024-07-05,463.2409362792969,464.02364716117125,454.73028958800995,455.36436189858233,16000300
2024-07-08,461.9331970214844,463.37973235023577,460.16964060410885,462.24033104325304,12962300
2024-07-09,455.2950744628906,463.0130936996793,453.7692915232205,462.6861553304454,17207200
2024-07-10,461.9430847167969,462.1511364069266,454.6213342335764,456.9595498058476,18196100
2024-07-11,450.4997863769531,460.4866605260143,447.37885985942484,458.70329986086364,23111200
2024-07-12,449.3603820800781,452.1444226722039,446.48717647887116,450.1331757277914,16324300
2024-07-15,449.7666015625,453.0361364302562,447.2599732817251,449.1126945889487,14429400
2024-07-16,445.36761474609375,450.1034589951911,442.53404808528967,450.0242112870306,17175700
2024-07-17,439.4230041503906,440.74073530043466,435.1230982249808,438.5016022168758,21778000
2024-07-18,436.3021545410156,440.5426175824252,430.38730015927666,440.23548357189634,20794800
2024-07-19,433.072265625,437.06506829851725,428.00948278389916,429.0993277918271,20940400
2024-07-22,438.848388671875,440.49305821693935,434.85561660140024,437.7090177284673,15808800
2024-07-23,440.74078369140625,444.2480920401895,439.00694900358457,439.7995470523178,13107100
2024-07-24,424.9381103515625,437.4019218843712,423.64021365061654,436.3814375263218,26805800
2024-07-25,414.5350646972656,425.82975226027924,413.6533017081471,424.8389896628978,29943800
2024-07-26,421.34161376953125,424.9579215661057,413.41551271082733,414.33694493801545,23583800
2024-07-29,422.78814697265625,428.15806348242296,420.77690004799786,427.59332152811265,15125800
2024-07-30,419.0133361816406,425.0866855808969,413.5046682551027,423.7689846137446,32687600
2024-07-31,414.48553466796875,417.8838430876814,408.4022378655371,416.61566818467935,42891400
2024-08-01,413.2569885253906,423.5113878535516,409.2741336141255,416.9030180044247,30296400
2024-08-02,404.71661376953125,411.16648811391514,400.60495493552725,408.6796642573762,29437900
2024-08-05,391.4998779296875,397.3354847916009,382.0182715597293,385.57513628803423,40709200
2024-08-06,395.9186706542969,401.92272047285906,394.8189385631437,396.30508262297985,24946500
2024-08-07,394.74957275390625,406.29195208719375,393.7984490340414,404.86528162523547,20650900
2024-08-08,398.9702453613281,402.1109462771406,396.24564785929977,398.7225546793256,20203000
2024-08-09,402.2694396972656,404.2806866644843,398.5441926988125,400.2978317019802,19276700
2024-08-12,403.0521240234375,404.98412315480687,400.5058569282367,403.29981466921953,16762900
2024-08-13,410.1856689453125,411.11698828818714,405.7866802044894,405.80648457334803,19414300
2024-08-14,413.0093078613281,413.8613794713292,408.6400711388976,410.9683392009438,18267000
2024-08-15,417.89263916015625,417.972029702109,414.5477559984779,416.671793760154,20752100
2024-08-16,415.3517150878906,418.20032404609645,414.19042017435385,417.4658479496036,22775600
2024-08-19,418.388916015625,418.60727787010427,413.3566884761521,415.8380594178836,15234000
2024-08-20,421.6345520019531,422.6866508922164,418.4981256850532,418.5576761663757,16387600
2024-08-21,420.9795227050781,423.2226616504916,418.5775420794304,420.9199419299025,16067300
2024-08-22,412.4534912109375,423.60975624910697,411.5204932561933,421.19784052472494,19361900
2024-08-23,413.6842346191406,416.13583025134443,409.0192452654988,413.87282122855413,18493800
2024-08-26,410.4088439941406,414.17061105594456,408.274870910172,413.26738834241513,13152800
2024-08-27,410.7562255859375,411.27233984867695,407.19298047026894,409.7835172509794,13492900
2024-08-28,407.5403747558594,411.9075816112939,404.2748820734033,411.7884806509906,14882700
2024-08-29,410.04156494140625,418.9050143386061,407.54035403170906,411.84801018793996,17045200
2024-08-30,414.03167724609375,414.37904497336154,409.05899979142845,412.50314414345024,24308300
2024-09-03,406.3890075683594,416.75121498794704,403.9969623587052,414.7958934848788,20313600
2024-09-04,405.8530578613281,408.1756176150405,401.356814564364,402.8853476688359,15135800
2024-09-05,405.3468322753906,410.0217264889614,403.10366332769695,404.58255066568705,14195500
2024-09-06,398.7066955566406,407.5899853655918,397.813377784307,406.01183707940055,19609500
2024-09-09,402.6967468261719,405.6049064318399,399.1533416913916,404.2054095225525,15295100
2024-09-10,411.1135559082031,413.2276585385216,404.6619913629379,405.1582655587275,19594300
2024-09-11,419.8877258300781,420.83062873076756,406.5280012140519,412.4039016604537,19266900
2024-09-12,423.81817626953125,424.18541433930886,416.62220020874884,420.1556701684846,17395700
2024-09-13,427.38140869140625,428.61215900524985,422.2896305914577,422.65686865025475,15874600
2024-09-16,428.12579345703125,430.2994767251264,425.0290475107509,427.39131738494893,13834700
2024-09-17,431.9074401855469,438.5575267353336,429.0488958810436,436.949603136594,18874200
2024-09-18,427.59979248046875,432.78089656665435,427.20277916114134,431.75857288155333,18898000
2024-09-19,435.42108154296875,438.21014026162374,433.64441133789575,437.9421630848395,21706600
2024-09-20,432.0264892578125,435.96690723520663,430.98432565496967,433.961970566144,55167100
2024-09-23,430.2796630859375,433.2076626680782,427.1829169494896,431.0439144432746,15128900
2024-09-24,425.9720153808594,430.1208604741096,422.9248844858402,429.77346247181356,17015800
2024-09-25,428.89007568359375,429.89255926301774,425.3764761475162,426.6270665374025,13396400
2024-09-26,428.0960388183594,432.05629715674354,425.93229062231114,431.847870478453,14492000
2024-09-27,424.83056640625,428.6320438404545,424.2846768880014,428.3044858973661,14896100
2024-09-30,427.09356689453125,427.21269814697155,422.20031052363777,425.01914436125503,16807300
2024-10-01,417.5552062988281,425.28716713975047,415.68921038228643,425.257391898111,19092900
2024-10-02,414.021728515625,419.66933146547984,413.6048448503053,419.4310992466512,16582300
2024-10-03,413.4361267089844,416.4236768512481,411.20289276743637,414.51800085029123,13686400
2024-10-04,412.959716796875,416.62222309915006,411.87784259208183,415.1234652064613,19169700
2024-10-07,406.48828125,414.0018496365578,405.95229663138974,412.90013544904184,20919800
2024-10-08,411.6197509765625,412.5626841012525,405.1285060524599,407.83814388099404,19229300
2024-10-09,414.3492431640625,417.247497795826,411.2127866111198,412.7611596791307,14974300
2024-10-10,412.7413024902344,414.24006019253727,410.0713450038319,412.1358625356339,13848400
2024-10-11,413.2177734375,414.02173524996044,410.1706424598083,413.03912198810315,14144900
2024-10-14,416.0167236328125,420.88020441582967,414.40876988651684,414.65690697024394,16653100
2024-10-15,415.6197204589844,419.3318721896264,412.1656713035286,419.0340894861109,18900200
2024-10-16,413.01922607421875,413.25742799200697,407.4212689749873,412.0763232895253,15508900
2024-10-17,413.6147766113281,419.35170523704693,412.49319205621896,419.2127339196968,14820000
2024-10-18,415.0440368652344,416.52292426802023,413.1582009892299,414.0316484156336,17145300
2024-10-21,415.6594543457031,415.8381058037946,410.6669366656409,413.019271734373,14206100
2024-10-22,424.3243713378906,427.37147187061,414.92493688547415,415.37156548627684,25482200
2024-10-23,421.4360656738281,427.86776005710016,419.3814831724278,427.6493981928425,19654400
2024-10-24,421.5650939941406,422.80577949754775,419.2524392532927,422.1605988036373,13581600
2024-10-25,424.9596252441406,429.29705725112956,423.3914119749303,423.5799986091625,16899100
2024-10-28,423.4112243652344,428.72136443906953,423.12337684387694,428.44345209470936,14882400
2024-10-29,428.7313232421875,429.94223358580945,422.62712592652906,424.81074467410167,17644100
2024-10-30,429.30694580078125,435.2324607886903,428.8801572707895,434.1803619383898,29749100
2024-10-31,403.3220520019531,413.05894946974416,403.2724064074055,412.2648925685448,53971000
2024-11-01,407.3121032714844,412.4038816750557,404.46349406157685,405.96225191647693,24230400
2024-11-04,405.41632080078125,407.3617375208185,402.5478716062057,406.74633205416956,19672300
2024-11-05,408.3939514160156,411.8083202953773,405.039133016745,405.3269805306338,17626000
2024-11-06,417.0489807128906,417.31698816741806,407.4609595048601,409.346825702744,26681800
2024-11-07,422.2598571777344,423.66928922885575,416.75122569160607,418.14078738908074,19901800
2024-11-08,419.39141845703125,423.3219017245024,418.6370719639162,422.15070185689933,16891400
2024-11-11,414.8951721191406,421.6444892164841,412.90014011467326,419.37154486777723,24503300
2024-11-12,419.8777160644531,421.27721283536147,414.0911726663183,415.13333628988977,19401200
2024-11-13,422.0315856933594,426.13078508233804,415.0936518803662,418.4981158636683,21502200
2024-11-14,423.7090148925781,424.9794756745813,416.87034165331505,421.83308381585454,30246900
2024-11-15,411.9075927734375,419.64945830467593,410.5577414665236,416.69168340974903,28247600
2024-11-18,412.66192626953125,415.282238255226,409.0291955453545,411.778543667536,24727000
2024-11-19,414.67681884765625,414.82569505476647,408.48329602030253,410.03166915459735,18133500
2024-11-20,412.3939208984375,414.18052617467214,407.52050466835993,413.76364252316546,19191700
2024-11-21,410.61370849609375,417.48594978990576,408.047821251109,417.2074811714516,20780200
2024-11-22,414.72113037109375,415.11893833486243,408.8135895391823,409.1218929874132,24814600
2024-11-25,416.5013732910156,418.778836873561,412.58290247238904,416.09361024787086,27691100
2024-11-26,425.6510925292969,426.69537265560376,416.5610569682543,417.29700327286355,23458900
2024-11-27,420.6784362792969,424.895286183322,419.7137359172663,422.78684605590655,18332400
2024-11-29,421.1458435058594,422.55809676444443,415.51677094971404,417.7942649272981,16271900
2024-12-02,428.6247863769531,430.63373653101576,419.00761775180223,419.2662066130162,20207200
2024-12-03,428.84356689453125,430.1066156030698,425.40245343840513,427.4909833141871,18302000
2024-12-04,435.0295715332031,437.2672755840065,430.26573974460115,430.6635477279166,26009400
2024-12-05,440.2011413574219,442.2300015529848,433.7864078777922,435.5268443828614,21697800
2024-12-06,441.1459655761719,443.66213830194334,439.35578408835863,439.8828865059849,18821000
2024-12-09,443.5825500488281,445.8799237829371,438.09272702914495,440.1812568830996,19144400
2024-12-10,440.9072570800781,447.16289170564096,439.1867306857862,441.96149226752044,18469500
2024-12-11,446.5363464355469,447.8889300799693,441.62334015579273,441.62334015579273,19200200
2024-12-12,447.10321044921875,453.66714837494953,446.65565750056305,446.65565750056305,20834800
2024-12-13,444.8257141113281,448.9629838704377,443.14494732322726,445.98933356109154,20177800
2024-12-16,449.1221008300781,449.70887289523523,442.84658679582157,444.82570192667384,23598800
2024-12-17,451.9764099121094,452.80189103583194,447.11314908926647,448.545282051395,22733500
2024-12-18,434.999755859375,450.17634202962637,434.6317523490202,448.8536235978926,24444500
2024-12-19,434.6416931152344,440.7580781855559,433.9355816606558,439.2066057877418,22963700
2024-12-20,434.2140808105469,441.3150464611244,426.28763393531244,430.7431322726768,64263700
2024-12-23,432.8714294433594,435.25830776300677,430.4646409959487,434.35327712310794,19152500
2024-12-24,436.9291076660156,437.1976515770788,431.817212852652,432.27469051669533,7164500
2024-12-26,435.7157897949219,438.5303413291557,434.24389716434194,436.6804901261448,8194200
2024-12-27,428.1772155761719,432.8415878431465,424.020065946368,432.22498090820386,18117700
2024-12-30,422.50836181640625,425.21349868579347,419.59438106008827,423.7316509986102,13158700
2024-12-31,419.1965637207031,424.3979934566231,418.36115784079396,423.77143145899026,13246500
2025-01-02,416.2925109863281,423.74159992080814,412.5829142901712,423.2045424399656,16896500
2025-01-03,421.03643798828125,421.71271456780505,417.2472617093464,418.7788239010675,16662900
2025-01-06,425.5118713378906,431.9465149926899,423.15482788109534,425.66104554069966,20573600
2025-01-07,420.0617980957031,428.29654775990844,418.50037065706186,426.655570865203,18139100
2025-01-08,422.23980712890625,424.6366402910522,419.2363221421035,421.14581248112984,15054600
2025-01-10,416.6604919433594,422.38899347611215,412.7519459369572,422.30944402253056,20201100
2025-01-13,414.9101257324219,416.21296436365594,410.03690951971083,412.97077003054903,17604800
2025-01-14,413.3984375,417.4461724776856,408.4754763868852,415.5267269300622,16935900
2025-01-15,423.9802551269531,425.8101960648602,415.984184442192,416.83950040874134,19637800
2025-01-16,422.25970458984375,427.1428756329152,422.07077084126166,426.35721474684357,15300000
2025-01-17,426.6853942871094,432.1056227420966,425.8301086663914,431.717739483304,26197500
2025-01-21,426.1583251953125,428.54520356031776,423.2741792396476,427.8490471438773,26085700
2025-01-22,443.7615966796875,444.8257262250376,433.6173259954359,435.168798403502,27803800
2025-01-23,444.2687683105469,444.3085582129765,439.08724891108926,439.58451646364995,18389300
2025-01-24,441.63330078125,444.20914332055247,438.987833493392,442.7272955771019,15549500
2025-01-27,432.1851806640625,432.82169771122886,421.185624630697,421.6928472557325,35647800
2025-01-28,444.7561340332031,445.9296782334323,429.02258057650255,432.22498499378844,23491700
2025-01-29,439.9126892089844,444.4378420399145,437.9932437860414,444.24887794638107,23581400
2025-01-30,412.7221374511719,420.5491243253889,410.9021514578089,416.4814791520961,54586300
2025-01-31,412.791748046875,418.39098567699745,412.64257384774635,416.69033910532374,34161900
2025-02-03,408.6744384765625,413.1398920389044,406.4267790982471,409.35071516268687,25679100
2025-02-04,410.116455078125,411.65800277159144,407.5008227766752,410.43471361041793,20532100
2025-02-05,411.03143310546875,411.5684602240434,408.15721200628155,410.09656765354515,16316700
2025-02-06,413.5475769042969,415.9145752087822,411.737515806655,411.737515806655,16309800
2025-02-07,407.5107727050781,416.36212936115334,405.86979579790295,414.2040051086223,22886800
2025-02-10,409.96728515625,413.1895693646485,408.6744015876666,411.44913283343,20817900
2025-02-11,409.1915588378906,410.23580864154656,407.0632389741584,407.40140764567894,18140600
2025-02-12,406.80462646484375,408.5052729067791,402.16013441426566,404.9846103219084,19121700
2025-02-13,408.29644775390625,408.7539254008991,404.13926797640636,404.775785007703,23891700
2025-02-14,406.1979675292969,406.6753553081934,403.66191514014076,405.5614808415711,22758500
2025-02-18,407.4013671875,408.3561123718122,404.27851244915104,405.7703150781147,21423100
2025-02-19,412.5033264160156,413.21939292620334,405.4222411212721,405.65099512827777,24114200
2025-02-20,414.6857604980469,417.8547165109783,411.10822380495836,413.84867949906476,23508700
2025-02-21,406.793212890625,416.59905745325864,406.4743466307379,415.8915301727366,27524800
2025-02-24,402.59783935546875,407.9491968592537,397.93408950529806,407.09219625426255,26443700
2025-02-25,396.51898193359375,400.5250489764073,395.32316508227535,399.7078876937612,29387400
2025-02-26,398.3426513671875,402.1992147309307,392.8816600835235,396.6286198264506,19619000
2025-02-27,391.16766357421875,404.33180773998396,390.8089276067015,399.8773203400045,21127400
2025-02-28,395.6121520996094,396.24994544118493,385.2283339547379,391.29719366600983,32845700
2025-03-03,387.14166259765625,397.4358274187669,384.8197626823639,397.4358274187669,23007700
2025-03-04,387.26123046875,391.21745294280987,379.67765721488945,382.06932141422595,29342900
2025-03-05,399.628173828125,400.27594221038044,387.4605594414927,387.9887187604894,23433100
2025-03-06,395.5125427246094,400.7542663515353,391.3171323240562,392.91158534383527,23304600
2025-03-07,391.9449462890625,393.42976525122566,384.20192438386283,390.9583919892802,22034100
2025-03-10,378.8406066894531,385.0589401894391,375.9108079261914,384.50088617849997,32840100
2025-03-11,379.12957763671875,384.6603029891263,375.60185546191633,377.6845980126396,30380200
2025-03-12,381.9397888183594,383.883033194115,377.634805186652,381.62092254273574,24253600
2025-03-13,377.45538330078125,383.9826683121219,376.139987768004,381.8301614244045,20473000
2025-03-14,387.21142578125,388.87564310802037,378.19284770158055,378.46189966674945,19952800
2025-03-17,387.3509521484375,391.3470139725856,384.23181056492524,385.35789354291256,22474300
2025-03-18,382.18890380859375,386.02554767204197,379.77731994813644,385.7266010485673,19486900
2025-03-19,386.4740295410156,388.32755958105986,382.66728002942375,384.1919687568245,19185500
2025-03-20,385.49737548828125,390.4302074924951,381.9497337537801,384.4011872193827,18470500
2025-03-21,389.9020690917969,390.38038369901005,381.47140919973003,381.8899648927027,39675900
2025-03-24,391.7157287597656,394.02768406346627,388.45708885622673,394.02768406346627,21004500
2025-03-25,393.7885437011719,394.98436068056907,391.2773006739415,392.552857032296,15775000
2025-03-26,388.6165466308594,393.93800963918454,387.2214116418782,393.6290879777552,16108400
2025-03-27,389.2243957519531,390.87863801869304,386.05543991632794,388.7759758195498,13766800
2025-03-28,377.48529052734375,387.77945533191945,375.6217855831935,386.7330813092454,21632000
2025-03-31,374.087158203125,375.761320171641,365.96541986866765,371.2470435423123,35184700
2025-04-01,380.8635559082031,381.52126893067276,371.93466141936483,373.34971607028785,19689500
2025-04-02,380.813720703125,383.74348886180815,375.3128595122782,376.6581801475031,16092600
2025-04-03,371.8150329589844,376.16989155085776,368.06810346654436,373.4892252977989,30198000
2025-04-04,358.59112548828125,373.2899337218873,358.2323895120423,362.86624500843976,49209900
2025-04-07,356.61798095703125,369.7123913004176,343.5933653790687,349.66222551139305,50425000
2025-04-08,353.3294372558594,372.35317854006513,349.0343982710952,366.98190125867967,35868900
2025-04-09,389.13470458984375,391.865215467322,351.8744910293168,352.3129663406882,50199700
2025-04-10,380.0264587402344,382.56759631800514,366.5234683324548,380.7339860356081,38024400
2025-04-11,387.1018371582031,388.6962597846969,377.57501903009035,379.31894538802237,23839200
2025-04-14,386.4640197753906,393.28027643878613,382.8765082652718,391.8552468593249,19251200
2025-04-15,384.3912658691406,390.5298901348079,382.82670753665025,387.16161616456134,17199900
2025-04-16,370.32025146484375,380.2855448116978,366.72279516422714,379.34883521582236,21967800
2025-04-17,366.5035400390625,373.02085009277744,365.61664478749583,372.45282110026085,21120200
2025-04-21,357.87359619140625,363.21500903617533,354.43558836453434,361.5607667541322,20807300
2025-04-22,365.5469055175781,366.4935901583944,358.611039306251,362.1188421014038,19485000
2025-04-23,373.0906066894531,379.06978228856406,371.7253360485286,374.75479353400954,20545500
2025-04-24,385.9557800292969,387.10181303671203,373.8878249819962,374.3960646492269,22232300
2025-04-25,390.4900207519531,390.79894240871675,383.2651831703409,385.65684745985266,18973200
2025-04-28,389.8023986816406,391.3769015704532,385.2980972626593,390.59960994479576,16579400
2025-04-29,392.67242431640625,393.7287429695286,389.02512333213684,389.9419132819562,14974000
2025-04-30,393.88818359375,395.2833185411371,383.10572919383554,388.94537633492024,36461100
2025-05-01,423.9235534667969,435.47332427713997,423.4252888222868,429.6137271918364,58938100
2025-05-02,433.769287109375,437.91485278651635,428.49763841940904,430.2415647531947,30757400
2025-05-05,434.65618896484375,437.97461808249534,430.6102521137275,431.367624097433,20136100
2025-05-06,431.8061218261719,436.2107948487266,429.6735648726689,430.6999888667604,15104200
2025-05-07,431.8459777832031,436.5994115910065,429.6137314736212,432.3342674079582,23295300
2025-05-08,436.6492614746094,442.1301726837614,434.147963172883,436.41007376009867,23491300
2025-05-09,437.20733642578125,439.2103397565405,434.3672216715751,438.47291776294395,15324200
2025-05-12,447.70074462890625,447.8103482497994,438.2536363054134,444.3922601902366,22821900
2025-05-13,447.5812072753906,449.1058959658508,443.8142971336702,446.22591154405814,23618800
2025-05-14,451.36798095703125,452.32464056421765,446.5846525094385,446.5846525094385,19902800
2025-05-15,452.3863220214844,455.44129747226026,449.6907411096269,450.0301794411029,21992300
2025-05-16,453.5244445800781,453.6142932166669,447.99355872232604,451.30808680840903,23849800
2025-05-19,458.11688232421875,458.83570185482216,450.0601197660991,450.14000552921704,21336500
2025-05-20,457.4180603027344,457.58776423526933,453.57437286704067,454.8422775622727,15441800
2025-05-21,451.8272399902344,457.02868069868646,451.06847756848606,453.8239575485261,19216900
2025-05-22,454.11346435546875,459.49463285512667,453.1550484484722,454.2033434579146,18025600
2025-05-23,449.441162109375,452.94541128469075,448.17325738802526,449.24150862772166,16883500
2025-05-27,459.93389892578125,460.19348195260824,455.3713920868909,455.7308170830738,20974300
2025-05-28,456.609375,461.7609101640183,456.1800880198718,460.4630558858422,17086300
2025-05-29,457.9272155761719,460.9622349154345,454.56275123248776,460.79250051058557,13974800
2025-05-30,459.60443115234375,460.9222720478794,454.79236501090486,458.96549737927586,34770500
2025-06-02,461.2118225097656,461.35157690062545,456.1401731404802,456.3897628439735,16626500
2025-06-03,462.2101745605469,463.3782677615003,460.1036216507913,460.7126363614999,15743800
2025-06-04,463.1086730957031,464.9256933509807,462.2600620562611,463.2384646092932,14162700
2025-06-05,466.91241455078125,468.8791825139859,463.26841119380083,464.1968775224098,20131700
2025-06-06,469.6080017089844,472.56313512848675,468.0106215882427,469.31846913564885,15285600
2025-06-09,471.97412109375,472.6529977632414,467.8508943889836,468.92913895110996,16469900
2025-06-10,470.1471252441406,472.02401413852874,466.19360257943936,470.4166711436691,15375900
2025-06-11,471.8443298339844,474.68965849935887,468.88919632531986,469.24859086789724,16399200
2025-06-12,478.0840759277344,479.6315503555016,472.7428502291372,474.2403884361742,18950600
2025-06-13,474.18048095703125,478.3935562569989,471.98410990605987,475.62811338522215,16814500
2025-06-16,478.3536376953125,479.90108160832807,474.2204177457221,474.4300645574067,15626100
2025-06-17,477.25543212890625,477.9542649832925,473.30190948641297,474.6197503672441,15414100
2025-06-18,479.4518127441406,480.2105751696819,473.68130019053103,477.21549881727225,17526500
2025-06-20,476.6164855957031,482.666537493529,476.0873566497709,481.4385756672578,37576200
2025-06-23,485.2023620605469,486.94948990747275,471.7345120072702,477.425138713905,24864000
2025-06-24,489.30560302734375,491.0427680081874,486.0010379300524,488.1475336634371,22305600
2025-06-25,491.4620666503906,493.7483167920849,488.58681895090325,491.2324636297239,17495100
2025-06-26,496.6335754394531,497.2226034494893,492.0011761864687,492.1709105807123,21578900
2025-06-27,495.1260681152344,498.4805390751374,492.22084033701867,496.73341116664807,34539200
2025-06-30,496.5936584472656,499.9381665482639,494.51705506439515,496.22427056302723,28369000
2025-07-01,491.242431640625,497.2325843953567,490.1742108879921,495.655190908974,19945400
2025-07-02,490.2840270996094,492.69007550131784,487.8979653734086,489.1858263089447,16319600
2025-07-03,498.02130126953125,499.3091926553608,492.6301698307581,492.99955771280014,13984800
2025-07-07,496.90313720703125,497.9314455400232,494.41723357438383,496.56369887519327,13981600
2025-07-08,495.804931640625,497.3823555722493,493.2990413573122,496.42390920841734,11846600
2025-07-09,502.68365478515625,505.94827712953634,498.919822567675,499.47890106455674,18659500
2025-07-10,500.656982421875,503.6121159415126,496.93309312638246,502.22438258392543,16492100
2025-07-11,502.49395751953125,504.20114253320645,496.9829974553982,497.6519112557523,16459500
2025-07-14,502.1944274902344,503.14288052756655,500.20770324807717,500.6968893054946,12058800
2025-07-15,504.9898376464844,507.465747883617,501.9648118083004,502.19441482497484,14927200
2025-07-16,504.7901611328125,505.88836188358,501.06630238508603,504.35088083250554,15154400
2025-07-17,510.8601989746094,512.5274410723513,504.7901605415637,504.85005963085433,17503100
2025-07-18,509.212890625,513.7953843002441,506.59719545986655,513.6356127696338,21209700
2025-07-21,509.2228698730469,511.24956741731427,504.7202620876888,505.8783619126309,14066800
2025-07-22,504.44073486328125,510.3610256433726,504.44073486328125,510.13139215337156,13868600
2025-07-23,505.0397644042969,505.95826791167354,499.87826643817476,505.9183250285286,16396600
2025-07-24,510.0415344238281,512.826933461713,506.4673929575042,507.93498157135946,16107000
2025-07-25,512.866943359375,517.4393829887753,509.52240467312413,511.6289272082179,19125700
2025-07-28,511.65887451171875,514.1547714605564,509.2827757416266,513.2362984451797,14308000
2025-07-29,511.728759765625,516.7704593446111,510.7204076628311,514.6839236482208,16469200
2025-07-30,512.3976440429688,515.1032182392812,508.6038929137552,514.3244691518986,26380400
2025-07-31,532.6243896484375,554.5383762548963,531.0270400328567,554.3187056451394,51617300
2025-08-01,523.2498168945312,534.9206337229102,520.0051507892547,534.1219588686084,28977600
2025-08-04,534.7609252929688,537.3666271513684,527.2632409127965,527.4030257699867,25349000
2025-08-05,526.8838500976562,536.4181643311854,526.374677366439,536.2983661514853,19171600
2025-08-06,524.0784912109375,530.8274067099719,523.1700114791388,530.0287318260303,21355700
2025-08-07,519.9852294921875,527.2233308658066,516.7005900083886,525.9354090023164,16079100
2025-08-08,521.1832275390625,523.7989228282858,518.5575389118288,521.7423060527517,15531000
2025-08-11,520.9136962890625,526.7241518809952,518.8670119786243,521.4427947726738,20194400
2025-08-12,528.3713989257812,530.1085334795151,521.8421543429575,522.8904188907295,18667000
2025-08-13,519.7256469726562,531.825750889051,518.5176108745642,531.236692379076,19619200
2025-08-14,521.6224975585938,525.0868343553949,519.2863720398742,521.7023833261101,20269100
2025-08-15,519.3162841796875,525.2365445998882,518.2281072023833,521.9120536418995,25213300
2025-08-18,516.2512817382812,521.9619254356152,513.176380682391,520.7339636806648,23760600
2025-08-19,508.933349609375,514.314487646487,507.7153506663982,514.1547770514178,21481000
2025-08-20,504.8900146484375,510.161347905157,503.6121166003689,509.0331975839143,27723000
2025-08-21,504.239990234375,507.6300048828125,502.7200012207031,503.69000244140625,18443300
2025-08-22,507.2300109863281,510.7300109863281,502.4100036621094,504.25,24324200
2025-08-25,504.260009765625,508.19000244140625,504.1199951171875,506.6300048828125,21638600
2025-08-26,502.0400085449219,504.9800109863281,498.510009765625,504.3599853515625,30835700
2025-08-27,506.739990234375,507.2900085449219,499.8999938964844,502.0,17277900
2025-08-28,509.6400146484375,511.0899963378906,505.5,507.0899963378906,18015600
2025-08-29,506.69000244140625,509.6000061035156,504.489990234375,508.6600036621094,20961600
2025-09-02,505.1199951171875,506.0,496.80999755859375,500.4700012207031,18128000
2025-09-03,505.3500061035156,507.7900085449219,502.32000732421875,503.7900085449219,16345100
2025-09-04,507.9700012207031,508.1499938964844,503.1499938964844,504.29998779296875,15509500
2025-09-05,495.0,511.9700012207031,492.3699951171875,509.07000732421875,31994800
2025-09-08,498.20001220703125,501.20001220703125,495.0299987792969,498.1099853515625,16771000
2025-09-09,498.4100036621094,502.25,497.70001220703125,501.42999267578125,14410500
2025-09-10,500.3699951171875,503.2300109863281,496.7200012207031,502.9800109863281,21611800
2025-09-11,501.010009765625,503.1700134277344,497.8800048828125,502.25,18881600
2025-09-12,509.8999938964844,512.5499877929688,503.8500061035156,506.6499938964844,23624900
2025-09-15,515.3599853515625,515.469970703125,507.0,508.7900085449219,17143800
2025-09-16,509.0400085449219,517.22998046875,508.6000061035156,516.8800048828125,19711900
2025-09-17,510.0199890136719,511.2900085449219,505.92999267578125,510.6199951171875,15816600
2025-09-18,508.45001220703125,513.0700073242188,507.6600036621094,511.489990234375,18913700
2025-09-19,517.9299926757812,519.2999877929688,510.30999755859375,510.55999755859375,52371500
2025-09-22,513.3049926757812,517.739990234375,512.5449829101562,515.5900268554688,12026796
