Price,Adj Close,Close,High,Low,Open,Volume
Ticker,POWERGRID.NS,POWERGRID.NS,POWERGRID.NS,POWERGRID.NS,POWERGRID.NS,POWERGRID.NS
Date,,,,,,
2007-10-05,32.40530776977539,56.5875129699707,61.59376525878906,46.77188491821289,50.51251220703125,855215656
2007-10-08,30.74639320373535,53.69063949584961,58.50001525878906,53.3531379699707,58.50001525878906,126671715
2007-10-09,32.84018325805664,57.34688949584961,57.8531379699707,50.8218879699707,53.7187614440918,116725709
2007-10-10,33.146183013916016,57.881263732910156,59.06251525878906,57.37501525878906,58.8375129699707,67931378
2007-10-11,36.85057067871094,64.35001373291016,67.50001525878906,57.37501525878906,67.50001525878906,106320954
2007-10-12,36.60898208618164,63.928138732910156,66.31876373291016,62.43751525878906,63.00001525878906,99410791
2007-10-15,37.09217071533203,64.77188873291016,65.64376831054688,64.20938873291016,65.25001525878906,41814972
2007-10-16,40.87708282470703,71.38126373291016,72.50627136230469,64.40626525878906,64.85626220703125,138614496
2007-10-17,44.06608200073242,76.95001983642578,78.75001525878906,59.6812629699707,64.12501525878906,204876259
2007-10-18,42.51990509033203,74.25001525878906,84.06564331054688,71.07189178466797,78.18751525878906,146617799
2007-10-19,42.37494659423828,73.99689483642578,77.00627136230469,70.31251525878906,72.56251525878906,110266491
2007-10-22,41.81123733520508,73.01251983642578,75.29064178466797,70.59376525878906,72.50627136230469,72253405
2007-10-23,44.79084777832031,78.21564483642578,78.91876983642578,74.81251525878906,74.81251525878906,74594921
2007-10-24,44.09828186035156,77.00627136230469,80.7187728881836,76.13439178466797,79.87501525878906,63055170
2007-10-25,44.001644134521484,76.83751678466797,78.63751983642578,67.86563873291016,74.39064025878906,34522489
2007-10-26,45.32232666015625,79.14376831054688,80.40939331054688,76.07814025878906,78.18751525878906,62370025
2007-10-29,46.240394592285156,80.74689483642578,82.6875228881836,80.04376983642578,80.4375228881836,43657697
2007-10-30,47.27116775512695,82.5468978881836,84.76876831054688,79.42501831054688,81.8437728881836,79921711
2007-10-31,48.25362777709961,84.26251983642578,86.1187744140625,82.6875228881836,82.9687728881836,44655368
2007-11-01,47.174522399902344,82.37814331054688,86.99064636230469,81.7031478881836,86.3437728881836,50632492
2007-11-02,48.028160095214844,83.86876678466797,84.3750228881836,78.75001525878906,79.39689636230469,32001693
2007-11-05,49.010623931884766,85.58439636230469,87.4687728881836,83.30626678466797,83.8125228881836,38833135
2007-11-06,49.654869079589844,86.70939636230469,92.19377136230469,85.52814483642578,87.07501983642578,81880281
2007-11-07,48.930084228515625,85.44377136230469,89.55001831054688,83.5312728881836,88.3125228881836,33593141
2007-11-08,48.09257888793945,83.98126983642578,86.2593994140625,82.1250228881836,83.2500228881836,27990521
2007-11-12,49.2522087097168,86.00627136230469,87.5250244140625,79.22814178466797,81.45001983642578,35153735
2007-11-13,50.427940368652344,88.05939483642578,89.83126831054688,84.68439483642578,87.4687728881836,43830531
2007-11-14,49.76761245727539,86.9062728881836,90.8437728881836,86.45626831054688,89.60626983642578,36738579
2007-11-15,50.6051139831543,88.3687744140625,89.9156494140625,86.70939636230469,88.53752136230469,29242252
2007-11-16,50.250789642333984,87.7500228881836,89.74689483642578,86.73751831054688,87.97502136230469,18895294
2007-11-19,52.07077407836914,90.92814636230469,94.2187728881836,89.0718994140625,89.74689483642578,40716718
2007-11-20,51.26545715332031,89.52189636230469,93.0937728881836,88.42501831054688,90.5625228881836,26342171
2007-11-21,47.27116775512695,82.5468978881836,90.59064483642578,80.55001831054688,90.0562744140625,26814499
2007-11-22,45.64446258544922,79.70626831054688,84.9937744140625,76.24689483642578,81.67501831054688,34096185
2007-11-23,48.67238998413086,84.9937744140625,85.5000228881836,80.21251678466797,84.9375228881836,27664090
2007-11-26,49.058929443359375,85.66876983642578,88.14376831054688,84.9937744140625,88.14376831054688,20159123
2007-11-27,47.85098648071289,83.55939483642578,87.13127136230469,82.6875228881836,87.13127136230469,20573198
2007-11-28,47.14231872558594,82.32189178466797,85.7812728881836,81.75939178466797,85.38751983642578,16435311
2007-11-29,45.86995315551758,80.10002136230469,84.82501983642578,79.05939483642578,84.3750228881836,25530967
2007-11-30,47.6416130065918,83.19377136230469,83.70001983642578,80.4375228881836,81.5625228881836,18437721
2007-12-03,48.31806564331055,84.3750228881836,85.4156494140625,83.55939483642578,84.20626831054688,16851227
2007-12-04,47.68992233276367,83.27814483642578,85.6406478881836,82.65939331054688,84.9375228881836,14008727
2007-12-05,49.59043884277344,86.59689331054688,86.9062728881836,83.2500228881836,83.41876983642578,27725290
2007-12-06,48.67238998413086,84.9937744140625,89.80314636230469,83.89689636230469,88.48126983642578,24104710
2007-12-07,48.46302032470703,84.62814331054688,86.73751831054688,83.1093978881836,85.52814483642578,11742386
2007-12-10,48.51134490966797,84.7125244140625,85.75314331054688,83.61564636230469,85.44377136230469,8330010
2007-12-11,48.28583908081055,84.31877136230469,85.95001983642578,83.89689636230469,85.47189331054688,11685950
2007-12-12,48.25362777709961,84.26251983642578,85.02189636230469,82.6875228881836,83.2500228881836,16342131
2007-12-13,47.44833755493164,82.85626983642578,85.5000228881836,82.5468978881836,84.3750228881836,14620172
2007-12-14,46.981258392333984,82.04064178466797,83.33439636230469,81.61876678466797,82.57501983642578,10991851
2007-12-17,44.1466064453125,77.09064483642578,82.9687728881836,75.93751525878906,82.51876831054688,19355678
2007-12-18,43.95332717895508,76.75314331054688,79.31251525878906,74.36251831054688,76.21876525878906,21607783
2007-12-19,43.14802169799805,75.34689331054688,79.90314483642578,74.70001983642578,79.22814178466797,19526912
2007-12-20,42.713157653808594,74.58751678466797,76.95001983642578,74.25001525878906,76.33126831054688,17105204
2007-12-24,44.017757415771484,76.86564636230469,78.07501983642578,75.09376525878906,75.71251678466797,16711519
2007-12-26,45.354549407958984,79.20001983642578,80.1562728881836,77.28752136230469,77.28752136230469,20930094
2007-12-27,45.67665481567383,79.76251983642578,81.95626831054688,79.08751678466797,80.83126831054688,44565277
2007-12-28,46.0310173034668,80.38127136230469,80.7187728881836,78.75001525878906,79.59376525878906,18354518
2007-12-31,46.36924743652344,80.97189331054688,81.45001983642578,79.98751831054688,81.0000228881836,11982308
2008-01-01,47.22285079956055,82.46251678466797,83.22189331054688,80.63439178466797,81.39376831054688,16687746
2008-01-02,46.96516418457031,82.01251983642578,83.08126831054688,80.80314636230469,82.46251678466797,13437280
2008-01-03,48.897884368896484,85.38751983642578,85.72502136230469,80.52189636230469,81.50627136230469,31815218
2008-01-04,48.640167236328125,84.9375228881836,87.7500228881836,84.3750228881836,86.6250228881836,28011310
2008-01-07,48.2375373840332,84.2343978881836,86.17501831054688,83.33439636230469,84.40314483642578,15858063
2008-01-08,46.5947151184082,81.36564636230469,85.5000228881836,80.38127136230469,84.31877136230469,13282666
2008-01-09,45.85383224487305,80.07189178466797,81.81564331054688,79.87501525878906,81.45001983642578,13113527
2008-01-10,44.75864028930664,78.15939331054688,82.6875228881836,77.62501525878906,80.4375228881836,18023003
2008-01-11,45.4350700378418,79.34064483642578,80.10002136230469,76.21876525878906,79.22814178466797,11629440
2008-01-14,46.127647399902344,80.55001831054688,81.39376831054688,78.21564483642578,79.48126983642578,10264240
2008-01-15,44.72639846801758,78.10314178466797,82.18126678466797,77.45626831054688,81.8437728881836,11558334
2008-01-16,43.808380126953125,76.50001525878906,78.18751525878906,74.55939483642578,77.54064178466797,14834065
2008-01-17,44.984130859375,78.55314636230469,80.2968978881836,75.15001678466797,76.78126525878906,16169395
2008-01-18,42.89032745361328,74.89689636230469,77.99064636230469,74.25001525878906,77.90626525878906,13254156
2008-01-21,35.59431457519531,62.15626525878906,74.25001525878906,54.1406364440918,74.25001525878906,33202389
2008-01-22,32.01877212524414,55.912513732910156,59.06251525878906,44.409385681152344,56.0250129699707,58755707
2008-01-23,35.59431457519531,62.15626525878906,64.54689025878906,56.81251525878906,56.81251525878906,28425991
2008-01-24,35.674835205078125,62.29689025878906,66.71251678466797,59.34376525878906,65.50314331054688,29911930
2008-01-25,37.51091766357422,65.50314331054688,65.81251525878906,62.85939025878906,65.25001525878906,12550722
2008-01-28,37.913578033447266,66.20626831054688,66.71251678466797,59.34376525878906,64.60314178466797,13601109
2008-01-29,37.28545379638672,65.10939025878906,67.33126831054688,64.12501525878906,66.37501525878906,7679877
2008-01-30,35.2238655090332,61.50939178466797,65.53126525878906,60.693763732910156,65.25001525878906,9016102
2008-01-31,32.92070770263672,57.48751449584961,62.325016021728516,56.81251525878906,62.15626525878906,41538563
2008-02-01,34.064231872558594,59.48439025878906,59.90626525878906,57.93751525878906,58.47188949584961,9089201
2008-02-04,35.81978988647461,62.55001449584961,63.28126525878906,60.60939025878906,60.60939025878906,12009385
2008-02-05,36.931114196777344,64.49063873291016,65.33438873291016,61.31251525878906,62.662513732910156,14593303
2008-02-06,36.60898208618164,63.928138732910156,64.68751525878906,60.356266021728516,62.71876525878906,12429218
2008-02-07,34.885643005371094,60.918766021728516,65.22189331054688,60.52501678466797,63.05626678466797,11300078
2008-02-08,33.98370361328125,59.34376525878906,61.818763732910156,58.24688720703125,61.31251525878906,13514197
2008-02-11,31.583911895751953,55.15313720703125,60.18751525878906,54.5625114440918,60.18751525878906,15133331
2008-02-12,31.02018928527832,54.16876220703125,57.178138732910156,53.7187614440918,56.81251525878906,10237627
2008-02-13,30.569238662719727,53.381263732910156,55.8281364440918,52.28438949584961,55.1250114440918,10395753
2008-02-14,33.242820739746094,58.05001449584961,58.64064025878906,54.5625114440918,54.5625114440918,12514003
2008-02-15,34.193084716796875,59.709388732910156,60.18751525878906,56.27813720703125,57.82501220703125,12080990
2008-02-18,33.999813079833984,59.37188720703125,61.059391021728516,58.865638732910156,61.059391021728516,6977153
2008-02-19,33.629364013671875,58.725013732910156,60.58126449584961,58.2750129699707,60.44063949584961,7226542
2008-02-20,32.7918586730957,57.26251220703125,58.19063949584961,56.615638732910156,58.162513732910156,5604999
2008-02-21,33.0173454284668,57.65626525878906,58.64064025878906,56.95314025878906,58.19063949584961,3874365
2008-02-22,32.59859085083008,56.92501449584961,57.2906379699707,55.15313720703125,55.7437629699707,2691220
2008-02-25,32.87238693237305,57.40313720703125,58.10626220703125,56.0250129699707,57.600013732910156,6270186
2008-02-26,33.0012321472168,57.62813949584961,58.443763732910156,57.34688949584961,57.93751525878906,7139423
2008-02-27,34.933956146240234,61.00313949584961,64.01251220703125,58.47188949584961,58.47188949584961,43223132
2008-02-28,35.91643142700195,62.71876525878906,63.19689178466797,60.75001525878906,61.59376525878906,35763847
2008-02-29,35.401031494140625,61.818763732910156,63.56251525878906,60.80626678466797,62.325016021728516,16477462
2008-03-03,33.919281005859375,59.23126220703125,61.200016021728516,58.5562629699707,59.1187629699707,10049153
2008-03-04,33.049556732177734,57.7125129699707,59.850013732910156,56.25001525878906,59.62501525878906,11485198
2008-03-05,33.661582946777344,58.78126525878906,59.06251525878906,56.3062629699707,57.9937629699707,8581053
2008-03-07,31.938228607177734,55.771888732910156,57.93751525878906,53.4375114440918,57.93751525878906,14251925
2008-03-10,31.82492446899414,55.29376220703125,55.6875114440918,52.115638732910156,55.57501220703125,11713659
2008-03-11,34.447322845458984,59.850013732910156,60.412513732910156,53.55001449584961,54.8437614440918,19665129
2008-03-12,33.57318878173828,58.33126449584961,61.87501525878906,57.76876449584961,61.481266021728516,12262350
2008-03-13,28.959718704223633,50.315635681152344,57.37501525878906,48.9375114440918,56.81251525878906,47000084
2008-03-14,30.950794219970703,53.7750129699707,54.0000114440918,50.6812629699707,51.721885681152344,35798540
2008-03-17,29.736709594726562,51.6656379699707,52.76251220703125,50.568763732910156,52.76251220703125,19211273
2008-03-18,29.995716094970703,52.115638732910156,53.12813949584961,50.737510681152344,51.581260681152344,12632937
2008-03-19,30.17378044128418,52.42501449584961,58.38751220703125,52.0875129699707,54.5625114440918,16449023
2008-03-24,30.465164184570312,52.9312629699707,54.39376449584961,51.77813720703125,54.39376449584961,11636914
2008-03-25,31.61448097229004,54.928138732910156,55.2656364440918,53.32501220703125,54.30938720703125,13232423
2008-03-26,31.420230865478516,54.59063720703125,55.912513732910156,54.0000114440918,54.5625114440918,11448313
2008-03-27,31.98680877685547,55.57501220703125,56.10939025878906,53.7750129699707,53.7750129699707,17425122
2008-03-28,32.051551818847656,55.6875114440918,56.10939025878906,54.225013732910156,55.8281364440918,11599511
2008-03-31,31.82492446899414,55.29376220703125,55.94063949584961,54.5625114440918,55.6875114440918,9914705
2008-04-01,31.88967514038086,55.4062614440918,56.193763732910156,54.7031364440918,55.6875114440918,6034588
2008-04-02,32.407676696777344,56.3062629699707,57.93751525878906,55.6875114440918,55.6875114440918,6087024
2008-04-03,32.14867401123047,55.85626220703125,56.70001220703125,55.4062614440918,56.4468879699707,3883474
2008-04-04,31.98680877685547,55.57501220703125,56.22188949584961,54.506263732910156,56.22188949584961,5906537
2008-04-07,31.8572998046875,55.350013732910156,55.912513732910156,54.7031364440918,55.65938949584961,4088729
2008-04-08,31.04791831970215,53.943763732910156,55.37813949584961,53.55001449584961,55.2656364440918,5753811
2008-04-09,31.12885856628418,54.084388732910156,54.5625114440918,53.46563720703125,54.11251449584961,3776374
2008-04-10,31.743989944458008,55.15313720703125,55.5468864440918,53.803138732910156,54.0000114440918,7075297
2008-04-11,31.88967514038086,55.4062614440918,55.9687614440918,54.8437614440918,55.6875114440918,4012660
2008-04-15,32.37531661987305,56.25001525878906,56.53126525878906,54.11251449584961,55.068763732910156,6362785
2008-04-16,31.93824005126953,55.490638732910156,57.20626449584961,55.2656364440918,56.81251525878906,4725794
2008-04-17,33.16849899291992,57.62813949584961,58.95001220703125,55.71563720703125,56.334388732910156,14831167
2008-04-21,33.70269012451172,58.5562629699707,59.568763732910156,57.93751525878906,58.50001525878906,7639361
2008-04-22,34.25306701660156,59.51251220703125,60.18751525878906,57.93751525878906,58.50001525878906,8814769
2008-04-23,34.28544616699219,59.568763732910156,60.271888732910156,58.78126525878906,59.62501525878906,5265604
2008-04-24,33.071372985839844,57.459388732910156,60.30001449584961,56.95314025878906,60.18751525878906,8801780
2008-04-25,33.34657287597656,57.93751525878906,58.75313949584961,57.1500129699707,58.50001525878906,4095990
2008-04-28,33.47606658935547,58.162513732910156,59.287513732910156,57.93751525878906,57.9937629699707,4708244
2008-04-29,33.94550704956055,58.9781379699707,59.5406379699707,58.21876525878906,58.50001525878906,6497143
2008-04-30,34.17213821411133,59.37188720703125,60.131263732910156,59.06251525878906,59.568763732910156,6331377
2008-05-02,34.479705810546875,59.90626525878906,61.59376525878906,59.79376220703125,60.271888732910156,5658418
2008-05-05,34.31782150268555,59.62501525878906,61.03126525878906,59.23126220703125,60.693763732910156,7642293
2008-05-06,34.026451110839844,59.1187629699707,60.30001449584961,58.78126525878906,59.146888732910156,5061166
2008-05-07,33.54081726074219,58.2750129699707,59.45626449584961,57.37501525878906,59.06251525878906,4303106
2008-05-08,33.13611602783203,57.5718879699707,58.162513732910156,57.23439025878906,57.82501220703125,3642073
2008-05-09,32.941871643066406,57.23439025878906,58.725013732910156,56.36251449584961,56.81251525878906,8621761
2008-05-12,32.941871643066406,57.23439025878906,57.65626525878906,55.9687614440918,57.23439025878906,4890395
2008-05-13,33.03899383544922,57.40313720703125,57.82501220703125,56.92501449584961,57.48751449584961,5056766
2008-05-14,33.087562561035156,57.48751449584961,57.79689025878906,56.25001525878906,56.25001525878906,2982486
2008-05-15,33.10375213623047,57.51564025878906,58.162513732910156,56.25001525878906,56.25001525878906,2646760
2008-05-16,33.362762451171875,57.96563720703125,58.1343879699707,57.26251220703125,57.93751525878906,4422288
2008-05-20,33.297996520996094,57.8531379699707,58.07814025878906,57.26251220703125,57.37501525878906,3464912
2008-05-21,33.50844192504883,58.21876525878906,59.06251525878906,56.53126525878906,56.53126525878906,3419088
2008-05-22,33.0551872253418,57.4312629699707,57.7125129699707,56.81251525878906,56.81251525878906,3558000
2008-05-23,32.50480270385742,56.475013732910156,57.881263732910156,56.25001525878906,57.09376525878906,4417028
2008-05-26,32.261985778808594,56.053138732910156,56.39064025878906,53.4375114440918,53.4375114440918,2605807
2008-05-27,31.290733337402344,54.365638732910156,56.756263732910156,54.11251449584961,56.13751220703125,3316550
2008-05-28,32.440067291259766,56.36251449584961,56.70001220703125,53.60626220703125,54.5625114440918,4505700
2008-05-29,32.9742546081543,57.2906379699707,57.93751525878906,55.631263732910156,56.95314025878906,11026212
2008-05-30,31.922042846679688,55.4625129699707,57.65626525878906,55.23751449584961,57.4312629699707,4023430
2008-06-02,30.562297821044922,53.100013732910156,56.25001525878906,52.3125114440918,55.1250114440918,4431595
2008-06-03,29.429153442382812,51.131263732910156,52.8750114440918,50.65313720703125,52.3125114440918,6240766
2008-06-04,28.522645950317383,49.5562629699707,51.440635681152344,49.24688720703125,50.9062614440918,5762089
2008-06-05,28.474079132080078,49.471885681152344,49.8375129699707,47.8125114440918,49.5000114440918,9721099
2008-06-06,28.16651725769043,48.9375114440918,50.990638732910156,48.2343864440918,49.2187614440918,6317089
2008-06-09,27.77801513671875,48.26251220703125,49.443763732910156,46.1250114440918,48.3750114440918,6500809
2008-06-10,27.583759307861328,47.925010681152344,48.318763732910156,46.8281364440918,47.8125114440918,6717902
2008-06-11,27.71326446533203,48.1500129699707,48.9375114440918,47.8125114440918,48.3750114440918,2586175
2008-06-12,27.907516479492188,48.487510681152344,48.768760681152344,46.1250114440918,47.5312614440918,3244212
2008-06-13,27.72945213317871,48.178138732910156,48.881263732910156,47.6718864440918,48.40313720703125,4248430
2008-06-16,28.700706481933594,49.865638732910156,50.6250114440918,48.4312629699707,48.600013732910156,4354615
2008-06-17,29.55864906311035,51.35626220703125,51.7500114440918,48.9937629699707,50.568763732910156,4736084
2008-06-18,29.526281356811523,51.300010681152344,52.42501449584961,51.1875114440918,51.1875114440918,5055019
2008-06-19,28.894962310791016,50.2031364440918,51.1875114440918,49.38751220703125,50.287513732910156,4221271
2008-06-20,28.23126983642578,49.050010681152344,50.8218879699707,48.40313720703125,50.6250114440918,3837789
2008-06-23,27.243824005126953,47.33438491821289,48.82501220703125,46.85626220703125,48.6562614440918,4516050
2008-06-24,26.402063369750977,45.87188720703125,48.037513732910156,45.393760681152344,47.33438491821289,5238203
2008-06-25,25.673616409301758,44.60626220703125,45.534385681152344,43.5937614440918,45.0000114440918,3933879
2008-06-26,27.130504608154297,47.13751220703125,49.162513732910156,44.8593864440918,44.8593864440918,18253250
2008-06-27,25.932621002197266,45.05625915527344,46.57501220703125,44.80313491821289,45.5625114440918,6821283
2008-06-30,25.414621353149414,44.1562614440918,45.45001220703125,42.8906364440918,45.02813720703125,4596315
2008-07-01,23.6177921295166,41.034385681152344,44.1562614440918,39.45938491821289,44.1562614440918,6202295
2008-07-02,24.653785705566406,42.83438491821289,43.284385681152344,39.74063491821289,41.0625114440918,5245963
2008-07-03,24.006288528442383,41.70938491821289,42.83438491821289,40.5000114440918,42.4687614440918,4726793
2008-07-04,24.33004379272461,42.27188491821289,43.08750915527344,40.7812614440918,41.0625114440918,4862814
2008-07-07,24.86423683166504,43.200008392333984,44.94375991821289,42.83438491821289,42.83438491821289,5528014
2008-07-08,25.592681884765625,44.46563720703125,45.5625114440918,39.93750762939453,39.93750762939453,8354280
2008-07-09,27.373319625854492,47.55938720703125,47.75625991821289,45.05625915527344,45.05625915527344,6860769
2008-07-10,28.571205139160156,49.6406364440918,50.23126220703125,46.237510681152344,47.55938720703125,7216175
2008-07-11,27.211441040039062,47.27813720703125,50.737510681152344,46.91250991821289,50.1187629699707,6040791
2008-07-14,27.227628707885742,47.30625915527344,48.9937629699707,46.1250114440918,46.1250114440918,5942149
2008-07-15,26.094497680664062,45.33750915527344,46.63125991821289,45.0000114440918,46.1250114440918,3693378
2008-07-16,25.382240295410156,44.10000991821289,46.1250114440918,43.340633392333984,45.33750915527344,6973872
2008-07-17,26.677248001098633,46.35000991821289,46.6875114440918,45.0000114440918,45.0000114440918,5038238
2008-07-18,28.16651725769043,48.9375114440918,49.331260681152344,45.815635681152344,47.19375991821289,5983177
2008-07-21,29.752906799316406,51.693763732910156,52.00313949584961,48.96563720703125,49.7812614440918,8754188
2008-07-22,30.966991424560547,53.803138732910156,54.2812614440918,51.2437629699707,51.693763732910156,12631056
2008-07-23,33.152320861816406,57.600013732910156,58.725013732910156,55.1812629699707,56.193763732910156,12798869
2008-07-24,31.98680877685547,55.57501220703125,58.66876220703125,52.115638732910156,52.115638732910156,10764301
2008-07-25,32.051551818847656,55.6875114440918,57.48751449584961,53.5781364440918,54.9843864440918,10710381
2008-07-28,31.792551040649414,55.23751449584961,56.78438949584961,54.6187629699707,55.6875114440918,5533881
2008-07-29,30.51371955871582,53.0156364440918,54.8437614440918,52.5937614440918,54.0000114440918,5145929
2008-07-30,31.792551040649414,55.23751449584961,55.6875114440918,53.4937629699707,53.4937629699707,7354746
2008-07-31,30.67560386657715,53.2968864440918,56.193763732910156,52.5937614440918,56.193763732910156,6006517
2008-08-01,31.5659236907959,54.8437614440918,55.068763732910156,50.6250114440918,52.4531364440918,4699412
2008-08-04,31.760175704956055,55.1812629699707,56.193763732910156,53.74688720703125,53.74688720703125,4301346
2008-08-05,33.18468475341797,57.65626525878906,58.07814025878906,54.8437614440918,55.4062614440918,9161115
2008-08-06,32.34293746948242,56.193763732910156,59.709388732910156,55.80001449584961,59.709388732910156,8616591
2008-08-07,32.261985778808594,56.053138732910156,57.318763732910156,54.30938720703125,54.30938720703125,4809365
2008-08-08,31.711610794067383,55.09688949584961,56.475013732910156,54.9000129699707,55.4062614440918,4883824
2008-08-11,32.00298309326172,55.6031379699707,56.41876220703125,55.1812629699707,55.80001449584961,2714705
2008-08-12,31.45260238647461,54.646888732910156,56.25001525878906,54.225013732910156,55.9687614440918,5801276
2008-08-13,31.58210563659668,54.87188720703125,55.4062614440918,53.5781364440918,54.0000114440918,2754609
2008-08-14,30.821290969848633,53.55001449584961,55.1250114440918,53.4375114440918,54.5625114440918,2566362
2008-08-18,30.465164184570312,52.9312629699707,54.5625114440918,52.42501449584961,53.4375114440918,2963058
2008-08-19,29.898590087890625,51.9468879699707,53.1562614440918,50.878135681152344,52.84688949584961,2941144
2008-08-20,30.238534927368164,52.537513732910156,52.959388732910156,52.1718864440918,52.3125114440918,3319410
2008-08-21,29.914777755737305,51.975013732910156,52.84688949584961,51.35626220703125,52.3125114440918,4138486
2008-08-22,29.607208251953125,51.440635681152344,53.7750129699707,50.1187629699707,53.7750129699707,4139879
2008-08-25,29.930978775024414,52.00313949584961,52.70626449584961,51.63751220703125,52.70626449584961,2034227
2008-08-26,29.97953224182129,52.0875129699707,52.256263732910156,51.131263732910156,51.4687614440918,1489491
2008-08-27,29.380590438842773,51.0468864440918,52.7343864440918,50.7656364440918,52.3687629699707,4297168
2008-08-28,28.943527221679688,50.287513732910156,51.7500114440918,49.6406364440918,51.1875114440918,7382078
2008-08-29,30.141408920288086,52.3687629699707,52.56563949584961,50.9625129699707,51.1875114440918,2219080
2008-09-01,30.125097274780273,51.9468879699707,52.1718864440918,50.9062614440918,51.862510681152344,3417069
2008-09-02,31.707191467285156,54.67501449584961,54.9000129699707,51.862510681152344,52.3125114440918,5030404
2008-09-04,31.038484573364258,53.521888732910156,54.506263732910156,53.0718879699707,54.0562629699707,2813325
2008-09-05,30.353435516357422,52.34063720703125,52.9312629699707,51.7500114440918,52.8750114440918,3330688
2008-09-08,31.951845169067383,55.09688949584961,57.318763732910156,54.5625114440918,55.1250114440918,8377948
2008-09-09,32.06602478027344,55.29376220703125,55.7437629699707,54.02813720703125,55.09688949584961,3737279
2008-09-10,31.788738250732422,54.81563949584961,55.7437629699707,54.2812614440918,55.01251220703125,3847698
2008-09-11,30.940622329711914,53.3531379699707,54.5625114440918,52.9312629699707,54.5625114440918,2567354
2008-09-12,31.250505447387695,53.88751220703125,55.350013732910156,53.0156364440918,53.7187614440918,6093354
2008-09-15,29.27695083618164,50.4843864440918,52.7343864440918,48.96563720703125,51.91876220703125,6770268
2008-09-16,29.847827911376953,51.4687614440918,51.91876220703125,47.8125114440918,48.5156364440918,4654621
2008-09-17,29.081247329711914,50.146888732910156,52.20001220703125,49.5000114440918,52.20001220703125,4674190
2008-09-18,29.016014099121094,50.034385681152344,51.018760681152344,46.43438720703125,49.5000114440918,6603710
2008-09-19,30.777515411376953,53.0718879699707,53.3531379699707,50.6250114440918,51.21563720703125,9821730
2008-09-22,30.108793258666992,51.91876220703125,56.81251525878906,51.49688720703125,54.5625114440918,4162514
2008-09-23,29.74995994567871,51.300010681152344,52.4531364440918,50.3437614440918,51.300010681152344,6569683
2008-09-24,30.43499755859375,52.48126220703125,53.04376220703125,50.79376220703125,51.4687614440918,5730103
2008-09-25,29.489002227783203,50.850013732910156,52.84688949584961,49.6406364440918,52.62188720703125,10926783
2008-09-26,29.016014099121094,50.034385681152344,51.131263732910156,49.162513732910156,51.131263732910156,4967945
2008-09-29,27.93952178955078,48.178138732910156,51.4687614440918,47.2500114440918,51.4687614440918,7859964
2008-09-30,27.98845100402832,48.26251220703125,50.0625114440918,45.5625114440918,45.5625114440918,6616439
2008-10-01,28.918136596679688,49.865638732910156,50.3437614440918,47.89688491821289,48.881263732910156,3743739
2008-10-03,29.32589340209961,50.568763732910156,51.1875114440918,49.2187614440918,50.1187629699707,4681406
2008-10-06,28.722408294677734,49.52813720703125,50.6250114440918,48.5156364440918,50.006263732910156,5560277
2008-10-07,29.668411254882812,51.159385681152344,52.256263732910156,49.5000114440918,49.5000114440918,9928258
2008-10-08,29.440067291259766,50.7656364440918,51.1875114440918,47.30625915527344,49.443763732910156,9985473
2008-10-10,29.260643005371094,50.456260681152344,51.6093864440918,46.71563720703125,50.568763732910156,9025179
2008-10-13,29.847827911376953,51.4687614440918,51.862510681152344,50.37188720703125,50.709388732910156,6805621
2008-10-14,29.130163192749023,50.23126220703125,53.381263732910156,49.8375129699707,51.7500114440918,5099383
2008-10-15,28.885520935058594,49.80938720703125,50.878135681152344,49.2750129699707,49.95001220703125,5495022
2008-10-16,27.776409149169922,47.89688491821289,49.10626220703125,46.9687614440918,49.10626220703125,6651066
2008-10-17,25.688697814941406,44.2968864440918,49.2187614440918,43.65000915527344,48.881263732910156,5586092
2008-10-20,25.982288360595703,44.80313491821289,46.57501220703125,43.39688491821289,44.46563720703125,7922965
2008-10-21,26.19432258605957,45.16876220703125,47.5312614440918,43.8750114440918,45.253135681152344,8047276
2008-10-22,24.759017944335938,42.69375991821289,45.05625915527344,42.27188491821289,44.7187614440918,5408099
2008-10-23,23.55205535888672,40.612510681152344,42.018760681152344,39.99375915527344,41.6250114440918,6641370
2008-10-24,20.502033233642578,35.35313415527344,39.93750762939453,34.87500762939453,39.37500762939453,9905588
2008-10-27,18.919925689697266,32.62500762939453,34.87500762939453,29.25000762939453,34.70625686645508,12878172
2008-10-29,21.4154052734375,36.92813491821289,39.262508392333984,33.75000762939453,37.12500762939453,13094201
2008-10-31,22.78546905517578,39.29063415527344,40.5000114440918,37.35000991821289,38.86875915527344,8097887
2008-11-03,23.486812591552734,40.5000114440918,41.56875991821289,39.09375762939453,41.512508392333984,4951148
2008-11-04,24.514362335205078,42.27188491821289,42.6093864440918,39.74063491821289,39.93750762939453,4515828
2008-11-05,23.617292404174805,40.72500991821289,44.32501220703125,39.93750762939453,44.32501220703125,6145587
2008-11-06,22.83439826965332,39.37500762939453,42.0468864440918,38.559383392333984,39.93750762939453,4896229
2008-11-07,24.612218856811523,42.440635681152344,43.706260681152344,38.81250762939453,39.09375762939453,8250147
2008-11-10,25.16676902770996,43.39688491821289,44.38125991821289,42.440635681152344,43.762508392333984,3775177
2008-11-11,24.87318229675293,42.8906364440918,44.690635681152344,41.9062614440918,43.5937614440918,8900004
2008-11-12,23.829330444335938,41.090633392333984,43.81875991821289,40.58438491821289,43.81875991821289,5705390
2008-11-14,23.747772216796875,40.950008392333984,42.7500114440918,40.44375991821289,40.72500991821289,4038880
2008-11-17,24.726390838623047,42.637508392333984,44.04376220703125,38.81250762939453,44.04376220703125,5361538
2008-11-18,23.388948440551758,40.331260681152344,42.52500915527344,39.543758392333984,42.52500915527344,6392448
2008-11-19,22.81808853149414,39.346885681152344,41.7656364440918,38.840633392333984,40.5000114440918,5606729
2008-11-20,22.573440551757812,38.925010681152344,39.65625762939453,37.26563262939453,39.37500762939453,5080395
2008-11-21,24.008743286132812,41.40000915527344,42.69375991821289,37.68750762939453,38.67188262939453,8350092
2008-11-24,24.612218856811523,42.440635681152344,43.11563491821289,40.331260681152344,42.637508392333984,5420119
2008-11-25,24.008743286132812,41.40000915527344,43.39688491821289,41.0625114440918,42.8906364440918,5453771
2008-11-26,24.546985626220703,42.3281364440918,42.97500991821289,40.6406364440918,41.85000991821289,5246053
2008-11-27,24.546985626220703,42.3281364440918,42.3281364440918,42.3281364440918,42.3281364440918,0
2008-11-28,24.155532836914062,41.653133392333984,42.4687614440918,39.99375915527344,41.0625114440918,8464961
2008-12-01,23.95981216430664,41.315635681152344,44.10000991821289,41.14688491821289,42.4687614440918,5733003
2008-12-02,23.747772216796875,40.950008392333984,41.40000915527344,39.65625762939453,41.00625991821289,5879324
2008-12-03,24.46543312072754,42.1875114440918,42.721885681152344,40.0781364440918,41.3437614440918,6430656
2008-12-04,25.63976287841797,44.21250915527344,44.4375114440918,37.40625762939453,37.40625762939453,4648185
2008-12-05,25.329875946044922,43.67813491821289,45.78750991821289,42.215633392333984,42.215633392333984,5338962
2008-12-08,25.395112991333008,43.79063415527344,45.22500991821289,41.9062614440918,44.8593864440918,11709287
2008-12-10,24.98735237121582,43.08750915527344,45.8437614440918,42.4687614440918,45.8437614440918,11172070
2008-12-11,24.710079193115234,42.6093864440918,43.846885681152344,41.934383392333984,43.846885681152344,9867592
2008-12-12,23.94350242614746,41.28750991821289,41.7656364440918,40.387508392333984,41.56875991821289,9847702
2008-12-15,24.334957122802734,41.96250915527344,42.8906364440918,41.6250114440918,42.69375991821289,5741641
2008-12-16,25.264638900756836,43.565635681152344,44.10000991821289,39.93750762939453,42.1875114440918,9183505
2008-12-17,25.23200798034668,43.50938415527344,44.7187614440918,42.356258392333984,44.7187614440918,8720755
2008-12-18,25.982288360595703,44.80313491821289,45.2812614440918,42.52500915527344,42.52500915527344,12640018
2008-12-19,27.238176345825195,46.9687614440918,47.5312614440918,44.74688720703125,46.1250114440918,10050607
2008-12-22,27.25448226928711,46.99688720703125,47.3906364440918,45.36563491821289,45.36563491821289,6524631
2008-12-23,26.699932098388672,46.04063415527344,47.44688415527344,45.7031364440918,46.6875114440918,5151765
2008-12-24,26.24325942993164,45.253135681152344,46.659385681152344,37.96875762939453,37.96875762939453,13318746
2008-12-26,26.29218292236328,45.33750915527344,47.72813415527344,44.1562614440918,47.72813415527344,5480531
2008-12-29,26.84673309326172,46.29376220703125,46.659385681152344,44.4375114440918,45.8437614440918,3418418
2008-12-30,26.797805786132812,46.20938491821289,46.9687614440918,44.49375915527344,46.18125915527344,4868199
2008-12-31,27.12400245666504,46.77188491821289,47.47500991821289,45.73126220703125,47.47500991821289,4396180
2009-01-02,27.515457153320312,47.44688415527344,48.2343864440918,46.5468864440918,48.2343864440918,3976548
2009-01-05,26.89566421508789,46.378135681152344,48.2343864440918,45.78750991821289,48.2343864440918,4505326
2009-01-06,26.699932098388672,46.04063415527344,48.1500129699707,45.2812614440918,48.1500129699707,3969700
2009-01-07,25.297252655029297,43.621883392333984,47.643760681152344,40.86563491821289,47.643760681152344,12109220
2009-01-09,25.16676902770996,43.39688491821289,47.2500114440918,41.231258392333984,47.2500114440918,5272587
2009-01-12,24.498046875,42.24375915527344,44.4375114440918,40.55625915527344,44.4375114440918,6595708
2009-01-13,24.139217376708984,41.6250114440918,42.721885681152344,41.00625991821289,42.1875114440918,4104761
2009-01-14,24.188152313232422,41.70938491821289,42.41250991821289,40.55625915527344,42.41250991821289,2777281
2009-01-15,23.829330444335938,41.090633392333984,41.70938491821289,40.2187614440918,41.3437614440918,3693599
2009-01-16,24.57960319519043,42.38438415527344,43.003135681152344,40.7812614440918,42.52500915527344,2131503
2009-01-19,25.525598526000977,44.0156364440918,44.38125991821289,42.215633392333984,43.53750991821289,2587926
2009-01-20,28.379901885986328,48.9375114440918,50.0625114440918,42.1875114440918,44.07188415527344,19101726
2009-01-21,26.48790168762207,45.675010681152344,50.006263732910156,45.05625915527344,50.006263732910156,11311625
2009-01-22,27.743791580200195,47.84063720703125,48.487510681152344,45.112510681152344,47.13751220703125,10535551
2009-01-23,28.13524055480957,48.5156364440918,49.10626220703125,46.35000991821289,48.628135681152344,7005930
2009-01-27,29.04862403869629,50.09063720703125,50.7656364440918,46.6875114440918,48.3750114440918,8487928
2009-01-28,29.701030731201172,51.21563720703125,51.4687614440918,49.5000114440918,51.131263732910156,6636133
2009-01-29,29.505306243896484,50.878135681152344,52.256263732910156,48.96563720703125,52.256263732910156,13844487
2009-01-30,28.78765106201172,49.6406364440918,50.034385681152344,48.3750114440918,50.006263732910156,4578388
2009-02-02,27.27079200744629,47.02500915527344,50.0625114440918,46.35000991821289,49.5000114440918,6678800
2009-02-03,27.71117401123047,47.784385681152344,48.9375114440918,43.08750915527344,43.08750915527344,6591337
2009-02-04,28.137765884399414,48.2343864440918,50.4000129699707,46.18125915527344,49.2187614440918,7225484
2009-02-05,27.973691940307617,47.9531364440918,49.2187614440918,47.47500991821289,47.8125114440918,3622655
2009-02-06,28.351043701171875,48.600013732910156,49.190635681152344,48.0937614440918,48.346885681152344,2228530
2009-02-09,28.367443084716797,48.628135681152344,50.51251220703125,47.362510681152344,50.51251220703125,3190528
2009-02-10,28.318235397338867,48.54376220703125,49.584388732910156,47.643760681152344,49.331260681152344,3258153
2009-02-11,28.38385581970215,48.6562614440918,48.9375114440918,46.9687614440918,48.3750114440918,1899711
2009-02-12,29.762035369873047,51.018760681152344,51.581260681152344,48.0937614440918,48.628135681152344,8517373
2009-02-13,30.779254913330078,52.76251220703125,53.2968864440918,51.7500114440918,52.0312614440918,9331167
2009-02-16,29.35186004638672,50.315635681152344,53.662513732910156,49.584388732910156,53.662513732910156,3238379
2009-02-17,28.055715560913086,48.0937614440918,50.2593879699707,47.84063720703125,50.2593879699707,2684742
2009-02-18,28.826841354370117,49.4156379699707,50.006263732910156,46.71563720703125,48.0937614440918,4576718
2009-02-19,28.9252872467041,49.584388732910156,50.6250114440918,48.8531379699707,49.5000114440918,5072418
2009-02-20,28.318235397338867,48.54376220703125,49.331260681152344,47.9531364440918,48.9375114440918,3336292
2009-02-24,30.122983932495117,51.63751220703125,52.14376449584961,46.1250114440918,48.7125129699707,9913081
2009-02-25,30.040943145751953,51.49688720703125,53.97188949584961,50.9625129699707,52.20001220703125,7821109
2009-02-26,30.48393440246582,52.256263732910156,52.537513732910156,50.37188720703125,51.721885681152344,9451371
2009-02-27,31.796483993530273,54.506263732910156,56.53126525878906,51.2437629699707,51.4687614440918,35406885
2009-03-02,30.319866180419922,51.975013732910156,53.18438720703125,51.2437629699707,51.7500114440918,9682882
2009-03-03,29.237018585205078,50.1187629699707,52.5937614440918,49.7812614440918,52.256263732910156,6218930
2009-03-04,30.040943145751953,51.49688720703125,52.00313949584961,50.3437614440918,51.07501220703125,6597422
2009-03-05,30.090164184570312,51.581260681152344,52.2281379699707,50.79376220703125,52.2281379699707,6109769
2009-03-06,30.369083404541016,52.05938720703125,52.256263732910156,50.6250114440918,50.79376220703125,3962742
2009-03-09,29.844072341918945,51.159385681152344,52.3125114440918,50.6812629699707,52.3125114440918,2964226
2009-03-12,30.713626861572266,52.6500129699707,53.12813949584961,51.2437629699707,52.84688949584961,6091612
2009-03-13,31.140214920043945,53.381263732910156,53.7187614440918,52.0875129699707,53.4375114440918,6329765
2009-03-16,31.468341827392578,53.943763732910156,54.3375129699707,52.1718864440918,53.7187614440918,8232474
2009-03-17,31.59958839416504,54.16876220703125,55.01251220703125,53.4937629699707,54.30938720703125,4981205
2009-03-18,31.36990737915039,53.7750129699707,55.3218879699707,48.3750114440918,48.3750114440918,4007849
2009-03-19,31.56679344177246,54.11251449584961,54.4218864440918,51.7500114440918,51.7500114440918,3286397
2009-03-20,31.698041915893555,54.3375129699707,54.7593879699707,53.46563720703125,53.97188949584961,3154546
2009-03-23,32.223060607910156,55.23751449584961,55.6875114440918,53.88751220703125,53.97188949584961,7034396
2009-03-24,32.288692474365234,55.350013732910156,56.334388732910156,54.5625114440918,55.9687614440918,7551877
2009-03-25,31.845705032348633,54.59063720703125,55.6875114440918,53.803138732910156,54.87188720703125,5666796
2009-03-26,31.58319091796875,54.1406364440918,56.22188949584961,53.04376220703125,56.22188949584961,9588411
2009-03-27,31.025358200073242,53.18438720703125,54.8437614440918,52.70626449584961,54.8437614440918,6291705
2009-03-30,31.025358200073242,53.18438720703125,54.39376449584961,49.2187614440918,54.39376449584961,4842258
2009-03-31,31.36990737915039,53.7750129699707,55.01251220703125,50.65313720703125,55.01251220703125,7683950
2009-04-01,30.172204971313477,51.721885681152344,56.193763732910156,51.4687614440918,56.193763732910156,7321541
2009-04-02,30.713626861572266,52.6500129699707,53.4375114440918,52.115638732910156,52.818763732910156,9185217
2009-04-06,30.352684020996094,52.0312614440918,53.6343879699707,51.6656379699707,52.8750114440918,6958026
2009-04-08,31.960552215576172,54.787513732910156,55.51876449584961,50.3437614440918,51.4687614440918,16888845
2009-04-09,31.48475456237793,53.97188949584961,56.756263732910156,53.5781364440918,55.9687614440918,7959989
2009-04-13,31.058176040649414,53.240638732910156,54.8437614440918,52.4531364440918,54.2812614440918,6786405
2009-04-15,31.86211395263672,54.6187629699707,54.9843864440918,52.8750114440918,52.8750114440918,9517190
2009-04-16,31.041767120361328,53.2125129699707,55.57501220703125,52.7343864440918,55.350013732910156,16019178
2009-04-17,31.993370056152344,54.8437614440918,57.1500129699707,52.9312629699707,54.45001220703125,24728264
2009-04-20,33.43716812133789,57.318763732910156,58.443763732910156,53.74688720703125,56.756263732910156,20235831
2009-04-21,32.8137092590332,56.25001525878906,57.51564025878906,55.7437629699707,57.037513732910156,8757532
2009-04-22,31.71444320678711,54.365638732910156,57.600013732910156,53.5781364440918,57.600013732910156,10270548
2009-04-23,32.830116271972656,56.27813720703125,56.7281379699707,53.46563720703125,54.81563949584961,7645123
2009-04-24,32.830116271972656,56.27813720703125,57.1500129699707,55.1812629699707,57.037513732910156,4953362
2009-04-27,31.747264862060547,54.4218864440918,56.25001525878906,54.02813720703125,56.25001525878906,6298942
2009-04-28,30.188613891601562,51.7500114440918,55.631263732910156,51.4687614440918,55.0406379699707,8020828
2009-04-29,30.385499954223633,52.0875129699707,53.1562614440918,51.300010681152344,52.818763732910156,10317407
2009-04-30,30.385499954223633,52.0875129699707,52.0875129699707,52.0875129699707,52.0875129699707,0
2009-05-04,30.861295700073242,52.90313720703125,53.943763732910156,52.62188720703125,53.3531379699707,6346688
2009-05-05,31.48475456237793,53.97188949584961,54.5625114440918,52.5937614440918,53.4375114440918,10754066
2009-05-06,31.616008758544922,54.1968879699707,55.4625129699707,53.5781364440918,54.53438949584961,8162872
2009-05-07,31.86211395263672,54.6187629699707,55.068763732910156,53.7187614440918,54.5625114440918,6552316
2009-05-08,31.94414710998535,54.7593879699707,56.81251525878906,53.7750129699707,54.5625114440918,16052278
2009-05-11,31.94414710998535,54.7593879699707,56.22188949584961,54.39376449584961,54.6187629699707,8177989
2009-05-12,33.20746994018555,56.92501449584961,57.178138732910156,54.084388732910156,55.29376220703125,9045014
2009-05-13,32.55119705200195,55.80001449584961,57.62813949584961,55.2656364440918,57.37501525878906,8210662
2009-05-14,32.600425720214844,55.8843879699707,57.09376525878906,54.4218864440918,56.193763732910156,7465672
2009-05-15,33.12544631958008,56.78438949584961,57.318763732910156,55.85626220703125,55.9687614440918,5990389
2009-05-18,38.408447265625,65.84063720703125,67.50001525878906,60.80626678466797,64.12501525878906,170650
2009-05-19,38.736576080322266,66.40313720703125,69.69376373291016,60.18751525878906,64.12501525878906,19037417
2009-05-20,38.98268508911133,66.82501220703125,73.12501525878906,63.00001525878906,69.18751525878906,10704619
2009-05-21,38.539695739746094,66.06564331054688,69.75001525878906,65.55938720703125,67.44376373291016,11495294
2009-05-22,38.94987869262695,66.76876831054688,69.07501983642578,65.53126525878906,66.88126373291016,8524108
2009-05-25,38.26078796386719,65.58751678466797,67.50001525878906,64.80001831054688,67.47189331054688,5914983
2009-05-26,35.35677719116211,60.60939025878906,66.17813873291016,59.287513732910156,66.09376525878906,11328948
2009-05-27,35.99664306640625,61.70626449584961,64.12501525878906,60.60939025878906,61.87501525878906,9833643
2009-05-28,36.75135803222656,63.00001525878906,64.06876373291016,60.271888732910156,63.00001525878906,18047010
2009-05-29,37.719364166259766,64.65939331054688,65.25001525878906,63.309391021728516,64.12501525878906,12795881
2009-06-01,39.40925598144531,67.55626678466797,67.95001220703125,64.29376220703125,66.31876373291016,13519274
2009-06-02,39.064720153808594,66.96563720703125,69.58126831054688,65.36251831054688,68.06251525878906,10664555
2009-06-03,41.21401596069336,70.65001678466797,71.15626525878906,66.37501525878906,68.06251525878906,19445390
2009-06-04,41.181190490722656,70.59376525878906,71.38126373291016,68.45626831054688,71.15626525878906,11373782
2009-06-05,41.03354263305664,70.34064483642578,72.28126525878906,69.10314178466797,71.38126373291016,13240784
2009-06-08,39.68818283081055,68.03439331054688,71.57814025878906,66.74063873291016,70.31251525878906,8283946
2009-06-09,39.72100067138672,68.09064483642578,68.87814331054688,65.44689178466797,67.89376831054688,6301719
2009-06-10,40.13117218017578,68.79376983642578,70.70626831054688,67.83751678466797,70.70626831054688,5514227
2009-06-11,40.2296028137207,68.96251678466797,70.59376525878906,68.17501831054688,70.28439331054688,8425194
2009-06-12,39.786617279052734,68.20314025878906,69.86251831054688,66.43126678466797,69.18751525878906,8819990
2009-06-15,40.01631164550781,68.59689331054688,69.58126831054688,66.65626525878906,69.58126831054688,6088490
2009-06-16,40.3116340637207,69.10314178466797,69.60939025878906,66.51564025878906,69.07501983642578,5235173
2009-06-17,39.064720153808594,66.96563720703125,70.76251983642578,65.86876678466797,70.76251983642578,8548532
2009-06-18,35.914608001708984,61.56563949584961,67.21876525878906,60.58126449584961,66.93751525878906,15756310
2009-06-19,35.45520782470703,60.778141021728516,63.53438949584961,58.61251449584961,63.53438949584961,11260656
2009-06-22,34.897369384765625,59.8218879699707,61.537513732910156,59.06251525878906,60.75001525878906,11032509
2009-06-23,35.225521087646484,60.38439178466797,61.256263732910156,58.07814025878906,58.50001525878906,9061729
2009-06-24,35.29115295410156,60.496891021728516,62.325016021728516,59.76564025878906,62.325016021728516,12156270
2009-06-25,35.127079010009766,60.215641021728516,62.12813949584961,59.37188720703125,61.31251525878906,22858397
2009-06-26,36.37399673461914,62.35314178466797,62.71876525878906,59.65313720703125,61.818763732910156,16833106
2009-06-29,36.57088088989258,62.69063949584961,64.15313720703125,62.15626525878906,64.15313720703125,16727201
2009-06-30,35.898189544677734,61.537513732910156,63.81563949584961,60.637516021728516,63.00001525878906,10678356
2009-07-01,35.11066436767578,60.18751525878906,62.043766021728516,59.06251525878906,61.621891021728516,9694486
2009-07-02,36.127899169921875,61.93126678466797,62.35314178466797,60.04689025878906,62.35314178466797,11593296
2009-07-03,37.063087463378906,63.53438949584961,63.98439025878906,60.32814025878906,61.56563949584961,14320723
2009-07-06,34.011409759521484,58.303138732910156,66.09376525878906,57.65626525878906,64.57501220703125,16536927
2009-07-07,34.30672836303711,58.80938720703125,61.256263732910156,57.93751525878906,61.256263732910156,6256398
2009-07-08,33.43716812133789,57.318763732910156,58.443763732910156,55.51876449584961,58.443763732910156,9995092
2009-07-09,33.765316009521484,57.881263732910156,58.61251449584961,56.36251449584961,57.65626525878906,5766023
2009-07-10,33.683265686035156,57.740638732910156,59.850013732910156,56.8687629699707,58.21876525878906,4813799
2009-07-13,33.830928802490234,57.9937629699707,59.23126220703125,55.8281364440918,58.21876525878906,6649724
2009-07-14,35.438804626464844,60.75001525878906,61.256263732910156,58.303138732910156,58.92189025878906,6681312
2009-07-15,36.439613342285156,62.465641021728516,62.83126449584961,60.86251449584961,61.59376525878906,5318107
2009-07-16,36.37399673461914,62.35314178466797,64.35001373291016,60.75001525878906,64.35001373291016,6733724
2009-07-17,36.652915954589844,62.83126449584961,63.450016021728516,61.93126678466797,63.450016021728516,4714999
2009-07-20,36.73493957519531,62.97188949584961,64.12501525878906,62.325016021728516,63.028141021728516,3204852
2009-07-21,36.160701751708984,61.98751449584961,63.39376449584961,61.03126525878906,63.39376449584961,3387311
2009-07-22,35.71772766113281,61.22814178466797,63.39376449584961,60.52501678466797,62.15626525878906,4155805
2009-07-23,37.2763671875,63.90001678466797,64.51876831054688,61.36876678466797,63.225013732910156,7225701
2009-07-24,37.09589385986328,63.590641021728516,65.50314331054688,63.084388732910156,65.50314331054688,3938895
2009-07-27,37.62091827392578,64.49063873291016,65.19376373291016,63.28126525878906,65.19376373291016,5271010
2009-07-28,38.16233444213867,65.41876220703125,65.81251525878906,64.18126678466797,65.64376831054688,5714377
2009-07-29,38.52328872680664,66.03751373291016,66.37501525878906,63.450016021728516,66.31876373291016,8829709
2009-07-30,39.064720153808594,66.96563720703125,67.86563873291016,66.20626831054688,66.43126678466797,17110331
2009-07-31,38.52328872680664,66.03751373291016,68.20314025878906,65.70001220703125,67.44376373291016,5752956
2009-08-03,38.490474700927734,65.98126220703125,67.07814025878906,65.70001220703125,66.71251678466797,3665243
2009-08-04,38.031089782714844,65.19376373291016,67.41564178466797,64.96876525878906,67.41564178466797,3621563
2009-08-05,37.686553955078125,64.60314178466797,65.53126525878906,63.56251525878906,65.53126525878906,4774621
2009-08-06,36.931819915771484,63.309391021728516,65.13751220703125,62.83126449584961,64.35001373291016,7103528
2009-08-07,37.01386260986328,63.450016021728516,64.40626525878906,62.521888732910156,63.00001525878906,3574790
2009-08-10,36.308372497558594,62.240638732910156,64.57501220703125,61.73439025878906,64.06876373291016,2330557
2009-08-11,36.53806686401367,62.63439178466797,63.33751678466797,61.45314025878906,63.33751678466797,2647345
2009-08-12,36.062259674072266,61.818763732910156,62.63439178466797,59.06251525878906,59.06251525878906,3169220
2009-08-13,36.66932678222656,62.85939025878906,63.506263732910156,62.21251678466797,63.506263732910156,3372052
2009-08-14,36.71854782104492,62.943763732910156,64.12501525878906,62.43751525878906,62.43751525878906,5692114
2009-08-17,34.9301872253418,59.87813949584961,62.662513732910156,59.568763732910156,61.87501525878906,7525848
2009-08-18,35.68491744995117,61.17189025878906,61.31251525878906,59.06251525878906,60.01876449584961,3831268
2009-08-19,34.815338134765625,59.6812629699707,61.84688949584961,59.48439025878906,61.73439025878906,2016070
2009-08-20,35.159889221191406,60.271888732910156,60.72188949584961,59.90626525878906,60.412513732910156,1291386
2009-08-21,35.57275390625,60.58126449584961,60.80626678466797,59.09063720703125,60.18751525878906,2476248
2009-08-24,35.886539459228516,61.115638732910156,61.50939178466797,60.58126449584961,61.256263732910156,3720905
2009-08-25,36.31592559814453,61.84688949584961,62.381263732910156,61.17189025878906,61.818763732910156,5644025
2009-08-26,36.1507682800293,61.56563949584961,62.662513732910156,61.03126525878906,61.87501525878906,4450635
2009-08-27,35.6883659362793,60.778141021728516,62.12813949584961,60.412513732910156,61.56563949584961,7528977
2009-08-28,35.53972244262695,60.52501678466797,61.50939178466797,59.850013732910156,61.200016021728516,4498782
2009-08-31,35.53972244262695,60.52501678466797,60.86251449584961,59.73751449584961,60.131263732910156,5347897
2009-09-01,35.19292068481445,59.93438720703125,61.03126525878906,59.45626449584961,60.693763732910156,4467549
2009-09-02,35.63882064819336,60.693763732910156,60.86251449584961,59.34376525878906,59.62501525878906,3513954
2009-09-03,35.12685775756836,59.8218879699707,61.31251525878906,59.34376525878906,61.31251525878906,5440841
2009-09-04,35.39109420776367,60.271888732910156,60.412513732910156,58.92189025878906,59.9625129699707,3523284
2009-09-07,35.341548919677734,60.18751525878906,61.396888732910156,59.9625129699707,61.256263732910156,4931172
2009-09-08,35.6883659362793,60.778141021728516,61.481266021728516,60.496891021728516,60.553138732910156,4162308
2009-09-09,34.8296012878418,59.31563949584961,60.75001525878906,59.06251525878906,60.75001525878906,8053306
2009-09-10,35.473663330078125,60.412513732910156,61.115638732910156,59.709388732910156,60.075016021728516,7355612
2009-09-11,35.7379035949707,60.86251449584961,61.200016021728516,59.990638732910156,60.86251449584961,4466196
2009-09-14,35.671852111816406,60.75001525878906,60.975013732910156,60.18751525878906,60.46876525878906,2292939
2009-09-15,35.440643310546875,60.356266021728516,61.17189025878906,60.075016021728516,61.08751678466797,6351632
2009-09-16,35.60578536987305,60.637516021728516,61.22814178466797,60.01876449584961,60.80626678466797,7262510
2009-09-17,35.6883659362793,60.778141021728516,61.115638732910156,60.215641021728516,61.00313949584961,4533815
2009-09-18,35.62230682373047,60.66564178466797,60.89064025878906,60.24376678466797,60.24376678466797,3807983
2009-09-22,35.671852111816406,60.75001525878906,61.200016021728516,60.58126449584961,60.75001525878906,3732519
2009-09-23,36.36546325683594,61.93126678466797,62.887516021728516,60.918766021728516,61.08751678466797,10885467
2009-09-24,36.79484176635742,62.662513732910156,63.75939178466797,61.818763732910156,62.43751525878906,10152395
2009-09-25,36.761817932128906,62.606266021728516,63.39376449584961,62.15626525878906,62.43751525878906,5754133
2009-09-29,36.64622116088867,62.40938949584961,63.731266021728516,62.15626525878906,63.56251525878906,3351144
2009-09-30,36.31592559814453,61.84688949584961,63.225013732910156,61.65001678466797,62.55001449584961,5591598
2009-10-01,36.23335266113281,61.70626449584961,62.43751525878906,61.50939178466797,61.93126678466797,4613924
2009-10-05,35.9691047668457,61.256263732910156,61.621891021728516,60.834388732910156,61.256263732910156,3847231
2009-10-06,36.16728973388672,61.59376525878906,61.818763732910156,60.32814025878906,61.678138732910156,2883224
2009-10-07,35.93608093261719,61.200016021728516,62.100013732910156,60.89064025878906,61.87501525878906,3492297
2009-10-08,35.63882064819336,60.693763732910156,61.537513732910156,60.52501678466797,61.31251525878906,6173266
2009-10-09,35.62230682373047,60.66564178466797,61.200016021728516,60.215641021728516,61.03126525878906,4193022
2009-10-12,35.770931243896484,60.918766021728516,61.17189025878906,60.553138732910156,60.75001525878906,1800379
2009-10-13,35.770931243896484,60.918766021728516,60.918766021728516,60.918766021728516,60.918766021728516,0
2009-10-14,36.71228790283203,62.521888732910156,63.00001525878906,60.94689178466797,61.481266021728516,6809859
2009-10-15,37.14165496826172,63.25313949584961,64.12501525878906,62.521888732910156,62.521888732910156,7572106
2009-10-16,36.99302673339844,63.00001525878906,63.84376525878906,62.746891021728516,63.56251525878906,3312168
2009-10-20,36.9434814453125,62.91564178466797,63.95626449584961,62.49376678466797,62.71876525878906,3209019
2009-10-21,36.79484176635742,62.662513732910156,63.39376449584961,62.26876449584961,62.887516021728516,1976113
2009-10-22,36.03517150878906,61.36876678466797,62.662513732910156,56.81251525878906,62.15626525878906,2682882
2009-10-23,36.4315185546875,62.043766021728516,62.15626525878906,61.31251525878906,61.87501525878906,1979627
2009-10-26,36.31592559814453,61.84688949584961,62.43751525878906,61.14376449584961,61.59376525878906,1820035
2009-10-27,36.03517150878906,61.36876678466797,62.01564025878906,61.059391021728516,61.256263732910156,4096925
2009-10-28,35.53972244262695,60.52501678466797,61.31251525878906,59.73751449584961,61.31251525878906,1873167
2009-10-29,34.94519805908203,59.51251220703125,61.28438949584961,59.06251525878906,59.6812629699707,4457277
2009-10-30,34.46626281738281,58.6968879699707,60.693763732910156,57.9937629699707,60.693763732910156,2912146
2009-11-03,33.82218933105469,57.600013732910156,59.428138732910156,57.20626449584961,58.21876525878906,3200653
2009-11-04,34.499298095703125,58.75313949584961,59.006263732910156,56.41876220703125,58.303138732910156,2690289
2009-11-05,35.19292068481445,59.93438720703125,60.18751525878906,57.62813949584961,58.64064025878906,2975233
2009-11-06,35.24245834350586,60.01876449584961,60.94689178466797,59.73751449584961,60.693763732910156,2665782
2009-11-09,35.4571533203125,60.38439178466797,60.60939025878906,59.09063720703125,60.553138732910156,1222652
2009-11-10,34.74702072143555,59.17501449584961,60.75001525878906,58.78126525878906,60.75001525878906,2700520
2009-11-11,35.853511810302734,61.059391021728516,61.28438949584961,59.06251525878906,59.5406379699707,3211200
2009-11-12,35.12685775756836,59.8218879699707,61.93126678466797,59.37188720703125,61.93126678466797,7034805
2009-11-13,34.598388671875,58.92189025878906,60.32814025878906,58.5562629699707,59.90626525878906,5050823
2009-11-16,34.66443634033203,59.03438949584961,60.10314178466797,58.5562629699707,59.62501525878906,6037955
2009-11-17,34.647926330566406,59.006263732910156,59.287513732910156,58.35939025878906,59.287513732910156,4578478
2009-11-18,34.499298095703125,58.75313949584961,59.51251220703125,58.52813720703125,59.06251525878906,3519599
2009-11-19,34.54884719848633,58.8375129699707,59.34376525878906,58.5562629699707,58.95001220703125,3934390
2009-11-20,35.27549362182617,60.075016021728516,60.30001449584961,58.89376449584961,59.1187629699707,4677765
2009-11-23,35.077308654785156,59.73751449584961,60.30001449584961,59.287513732910156,60.18751525878906,2821321
2009-11-24,34.30112075805664,58.4156379699707,59.90626525878906,58.24688720703125,59.90626525878906,5439086
2009-11-25,34.58186721801758,58.89376449584961,58.9781379699707,58.38751220703125,58.50001525878906,1865683
2009-11-26,34.05338668823242,57.9937629699707,58.89376449584961,57.7125129699707,58.443763732910156,5780245
2009-11-27,33.73961639404297,57.459388732910156,58.21876525878906,56.475013732910156,57.881263732910156,7226035
2009-11-30,32.96342849731445,56.13751220703125,58.35939025878906,53.46563720703125,57.93751525878906,34539390
2009-12-01,33.855228424072266,57.65626525878906,58.162513732910156,56.25001525878906,57.37501525878906,9492411
2009-12-02,34.03688430786133,57.96563720703125,58.33126449584961,57.26251220703125,57.7125129699707,4964876
2009-12-03,34.05338668823242,57.9937629699707,58.38751220703125,57.8531379699707,58.05001449584961,3578736
2009-12-04,34.268089294433594,58.35939025878906,58.725013732910156,57.51564025878906,57.65626525878906,3567645
2009-12-07,34.18552780151367,58.21876525878906,58.61251449584961,58.162513732910156,58.47188949584961,4545289
2009-12-08,34.58186721801758,58.89376449584961,59.20314025878906,58.05001449584961,58.38751220703125,4206166
2009-12-09,34.350669860839844,58.50001525878906,59.287513732910156,58.38751220703125,58.8375129699707,3096689
2009-12-10,34.846107482910156,59.34376525878906,59.73751449584961,58.50001525878906,58.50001525878906,3347394
2009-12-11,34.730499267578125,59.146888732910156,60.04689025878906,58.92189025878906,59.62501525878906,2530102
2009-12-14,34.66443634033203,59.03438949584961,59.48439025878906,58.80938720703125,59.06251525878906,1458861
2009-12-15,34.66443634033203,59.03438949584961,59.34376525878906,58.61251449584961,59.146888732910156,2359025
2009-12-16,34.53232955932617,58.80938720703125,59.17501449584961,58.24688720703125,58.78126525878906,3602393
2009-12-17,34.565345764160156,58.865638732910156,59.568763732910156,58.6968879699707,59.568763732910156,1264927
2009-12-18,34.53232955932617,58.80938720703125,59.20314025878906,58.2750129699707,58.80938720703125,1671508
2009-12-21,34.53232955932617,58.80938720703125,59.006263732910156,58.38751220703125,58.52813720703125,1309866
2009-12-22,35.1764030456543,59.90626525878906,60.412513732910156,58.52813720703125,58.865638732910156,3246132
2009-12-23,36.183815002441406,61.621891021728516,62.12813949584961,60.075016021728516,60.18751525878906,9531688
2009-12-24,35.93608093261719,61.200016021728516,62.57814025878906,60.778141021728516,61.59376525878906,3529789
2009-12-29,36.23335266113281,61.70626449584961,62.63439178466797,61.42501449584961,61.73439025878906,3582130
2009-12-30,35.95261001586914,61.22814178466797,62.15626525878906,61.059391021728516,61.59376525878906,1887030
2009-12-31,36.38197326660156,61.959388732910156,63.506263732910156,61.45314025878906,61.70626449584961,8785123
2010-01-04,37.12513732910156,63.225013732910156,63.646888732910156,61.93126678466797,61.98751449584961,4353415
2010-01-05,37.240745544433594,63.42189025878906,64.35001373291016,63.14064025878906,63.56251525878906,4374738
2010-01-06,37.504981994628906,63.871891021728516,64.35001373291016,63.56251525878906,63.90001678466797,5549959
2010-01-07,37.835269927978516,64.43438720703125,64.82814025878906,63.39376449584961,64.06876373291016,4535147
2010-01-08,37.93437194824219,64.60314178466797,65.13751220703125,64.15313720703125,64.74376678466797,3809958
2010-01-11,38.116825103759766,64.63126373291016,65.39064025878906,64.46251678466797,65.25001525878906,3041300
2010-01-12,37.56945037841797,63.70314025878906,64.96876525878906,63.450016021728516,64.23751831054688,2569224
2010-01-13,38.1334114074707,64.65939331054688,64.96876525878906,62.887516021728516,63.70314025878906,3322262
2010-01-14,38.9295768737793,66.00939178466797,66.65626525878906,64.71563720703125,64.96876525878906,6747297
2010-01-15,39.3608512878418,66.74063873291016,68.31564331054688,66.00939178466797,66.57189178466797,11273753
2010-01-18,39.01252365112305,66.15001678466797,67.50001525878906,65.86876678466797,66.79689025878906,4085821
2010-01-19,38.564666748046875,65.39064025878906,66.88126373291016,65.05313873291016,66.09376525878906,4992784
2010-01-20,38.780303955078125,65.75626373291016,66.34689331054688,65.19376373291016,65.39064025878906,3697700
2010-01-21,37.70214080810547,63.928138732910156,66.06564331054688,63.590641021728516,65.53126525878906,3555527
2010-01-22,37.91778564453125,64.29376220703125,64.65939331054688,61.73439025878906,61.87501525878906,4943166
2010-01-25,38.249515533447266,64.85626220703125,65.81251525878906,63.028141021728516,64.29376220703125,2912852
2010-01-27,37.58604431152344,63.731266021728516,66.03751373291016,63.11251449584961,64.85626220703125,8252922
2010-01-28,37.78508377075195,64.06876373291016,66.34689331054688,60.918766021728516,65.19376373291016,11600411
2010-01-29,37.386993408203125,63.39376449584961,63.95626449584961,62.465641021728516,63.506263732910156,3996285
2010-02-01,37.469932556152344,63.53438949584961,63.928138732910156,63.00001525878906,63.14064025878906,2078776
2010-02-02,37.71873474121094,63.95626449584961,64.96876525878906,63.28126525878906,63.787513732910156,3466800
2010-02-03,37.469932556152344,63.53438949584961,64.26564025878906,63.28126525878906,64.12501525878906,2006355
2010-02-04,37.154781341552734,63.00001525878906,64.26564025878906,62.83126449584961,63.28126525878906,2254939
2010-02-05,35.62877655029297,60.412513732910156,62.43751525878906,60.18751525878906,62.21251678466797,4391981
2010-02-08,35.99369812011719,61.03126525878906,61.28438949584961,60.075016021728516,61.03126525878906,1831316
2010-02-09,35.861000061035156,60.80626678466797,61.31251525878906,60.496891021728516,60.80626678466797,1113258
2010-02-10,35.595603942871094,60.356266021728516,61.115638732910156,60.215641021728516,61.03126525878906,1023345
2010-02-11,35.51266860961914,60.215641021728516,60.89064025878906,60.15938949584961,60.46876525878906,640478
2010-02-15,34.799434661865234,59.006263732910156,61.03126525878906,58.95001220703125,60.356266021728516,1575236
2010-02-16,35.41315841674805,60.04689025878906,60.46876525878906,58.95001220703125,59.06251525878906,1192982
2010-02-17,35.529266357421875,60.24376678466797,60.60939025878906,60.01876449584961,60.46876525878906,989784
2010-02-18,35.87757873535156,60.834388732910156,61.56563949584961,59.73751449584961,60.32814025878906,1713670
2010-02-19,35.54584503173828,60.271888732910156,60.834388732910156,59.90626525878906,60.834388732910156,1267093
2010-02-22,35.49607467651367,60.18751525878906,60.94689178466797,60.04689025878906,60.412513732910156,835164
2010-02-23,35.36339569091797,59.9625129699707,60.30001449584961,59.65313720703125,60.18751525878906,801182
2010-02-24,35.24728012084961,59.76564025878906,60.131263732910156,59.428138732910156,59.73751449584961,906081
2010-02-25,35.313621520996094,59.87813949584961,60.18751525878906,59.1187629699707,60.18751525878906,1650113
2010-02-26,35.67853927612305,60.496891021728516,61.256263732910156,59.62501525878906,60.18751525878906,1548385
2010-03-02,35.67853927612305,60.496891021728516,61.59376525878906,60.18751525878906,60.52501678466797,780476
2010-03-03,36.0600471496582,61.14376449584961,61.31251525878906,59.93438720703125,59.93438720703125,1578097
2010-03-04,36.09321975708008,61.200016021728516,61.59376525878906,60.918766021728516,61.31251525878906,1157814
2010-03-05,35.9107551574707,60.89064025878906,61.678138732910156,60.75001525878906,61.31251525878906,766252
2010-03-08,36.50788879394531,61.903141021728516,62.26876449584961,61.03126525878906,61.31251525878906,1998979
2010-03-09,36.09321975708008,61.200016021728516,62.100013732910156,61.03126525878906,61.87501525878906,1368556
2010-03-10,36.1927375793457,61.36876678466797,61.70626449584961,60.834388732910156,61.256263732910156,1572349
2010-03-11,35.429744720458984,60.075016021728516,61.98751449584961,59.6812629699707,61.31251525878906,4256779
2010-03-12,35.26386642456055,59.79376220703125,60.412513732910156,59.37188720703125,59.65313720703125,7813231
2010-03-15,34.71649169921875,58.865638732910156,59.90626525878906,58.61251449584961,59.90626525878906,2420100
2010-03-16,34.81601333618164,59.03438949584961,59.20314025878906,58.24688720703125,58.52813720703125,1690093
2010-03-17,35.28044128417969,59.8218879699707,60.10314178466797,59.1187629699707,59.1187629699707,2067076
2010-03-18,35.19751739501953,59.6812629699707,60.131263732910156,57.459388732910156,59.37188720703125,2257266
2010-03-19,35.89417266845703,60.86251449584961,61.45314025878906,59.4000129699707,59.62501525878906,3363560
2010-03-22,35.67853927612305,60.496891021728516,61.36876678466797,59.990638732910156,60.18751525878906,2178427
2010-03-23,35.81123352050781,60.72188949584961,61.256263732910156,60.075016021728516,60.60939025878906,1381649
2010-03-25,35.313621520996094,59.87813949584961,61.00313949584961,59.62501525878906,61.00313949584961,3128139
2010-03-26,35.41315841674805,60.04689025878906,60.46876525878906,59.5406379699707,59.93438720703125,2059990
2010-03-29,35.41315841674805,60.04689025878906,60.553138732910156,59.6812629699707,60.44063949584961,1977720
2010-03-30,35.39656448364258,60.01876449584961,60.46876525878906,59.90626525878906,60.04689025878906,1369034
2010-03-31,35.54584503173828,60.271888732910156,60.52501678466797,59.23126220703125,60.18751525878906,1719363
2010-04-01,35.379966735839844,59.990638732910156,60.52501678466797,59.90626525878906,60.46876525878906,928358
2010-04-05,35.67853927612305,60.496891021728516,60.89064025878906,60.04689025878906,60.75001525878906,1444077
2010-04-06,35.56242752075195,60.30001449584961,60.75001525878906,60.131263732910156,60.75001525878906,2818200
2010-04-07,36.673763275146484,62.184391021728516,62.43751525878906,60.24376678466797,60.24376678466797,3932498
2010-04-08,36.872802734375,62.521888732910156,63.506263732910156,60.834388732910156,63.00001525878906,4525961
2010-04-09,36.37520217895508,61.678138732910156,62.69063949584961,61.481266021728516,62.55001449584961,2218499
2010-04-12,35.977108001708984,61.00313949584961,62.15626525878906,60.80626678466797,61.36876678466797,854787
2010-04-13,35.74488830566406,60.60939025878906,61.42501449584961,60.412513732910156,60.46876525878906,1196945
2010-04-15,35.71171188354492,60.553138732910156,61.256263732910156,60.356266021728516,61.03126525878906,1834504
2010-04-16,35.79465103149414,60.693763732910156,60.86251449584961,60.24376678466797,60.356266021728516,3410045
2010-04-19,35.67853927612305,60.496891021728516,60.693763732910156,59.90626525878906,60.412513732910156,1997149
2010-04-20,35.81123352050781,60.72188949584961,61.22814178466797,59.93438720703125,60.46876525878906,2663183
2010-04-21,36.50788879394531,61.903141021728516,62.55001449584961,60.693763732910156,60.75001525878906,4408329
2010-04-22,36.04345703125,61.115638732910156,62.803138732910156,60.52501678466797,61.70626449584961,3257926
2010-04-23,36.37520217895508,61.678138732910156,61.87501525878906,60.975013732910156,61.31251525878906,1225052
2010-04-26,36.623992919921875,62.100013732910156,62.63439178466797,61.70626449584961,61.87501525878906,1204934
2010-04-27,37.552860260009766,63.67501449584961,64.49063873291016,61.93126678466797,62.01564025878906,11718037
2010-04-28,38.116825103759766,64.63126373291016,67.78126525878906,60.80626678466797,63.28126525878906,8993805
2010-04-29,36.64057922363281,62.12813949584961,64.06876373291016,61.65001678466797,64.06876373291016,5294606
2010-04-30,36.50788879394531,61.903141021728516,62.71876525878906,61.762516021728516,62.71876525878906,1318467
2010-05-03,36.27567672729492,61.50939178466797,61.84688949584961,61.36876678466797,61.84688949584961,1557313
2010-05-04,35.661956787109375,60.46876525878906,61.84688949584961,60.271888732910156,61.537513732910156,1045708
2010-05-05,35.57901382446289,60.32814025878906,60.58126449584961,59.73751449584961,60.18751525878906,1404451
2010-05-06,35.41315841674805,60.04689025878906,60.46876525878906,59.287513732910156,59.90626525878906,1322298
2010-05-07,35.164344787597656,59.62501525878906,60.04689025878906,59.09063720703125,59.34376525878906,5243780
2010-05-10,35.861000061035156,60.80626678466797,61.115638732910156,59.73751449584961,59.79376220703125,1121466
2010-05-11,35.41315841674805,60.04689025878906,61.256263732910156,59.87813949584961,61.256263732910156,838559
2010-05-12,35.44631576538086,60.10314178466797,60.553138732910156,59.6812629699707,60.52501678466797,1266616
2010-05-13,35.943931579589844,60.94689178466797,61.08751678466797,59.90626525878906,60.46876525878906,1612426
2010-05-14,35.24728012084961,59.76564025878906,60.975013732910156,59.34376525878906,60.32814025878906,1711958
2010-05-17,34.38475036621094,58.303138732910156,59.568763732910156,57.96563720703125,59.06251525878906,1851642
2010-05-18,34.5008659362793,58.50001525878906,59.03438949584961,57.9937629699707,59.03438949584961,1361316
2010-05-19,34.06959915161133,57.76876449584961,58.50001525878906,57.4312629699707,58.50001525878906,2450689
2010-05-20,34.534034729003906,58.5562629699707,58.8375129699707,56.95314025878906,57.51564025878906,2116627
2010-05-21,34.285240173339844,58.1343879699707,58.61251449584961,56.4468879699707,56.896888732910156,1432024
2010-05-24,34.08618927001953,57.79689025878906,58.52813720703125,57.4312629699707,58.2750129699707,3809046
2010-05-25,33.47248077392578,56.756263732910156,57.51564025878906,56.27813720703125,57.37501525878906,2621138
2010-05-26,34.23546600341797,58.05001449584961,58.50001525878906,57.600013732910156,57.881263732910156,1674436
2010-05-27,33.62175369262695,57.0093879699707,58.78126525878906,56.36251449584961,58.78126525878906,4522469
2010-05-28,34.18571853637695,57.96563720703125,58.443763732910156,57.0093879699707,57.0093879699707,1223573
2010-05-31,34.26865768432617,58.10626220703125,58.303138732910156,57.459388732910156,58.07814025878906,3962642
2010-06-01,34.5174560546875,58.52813720703125,59.06251525878906,57.8531379699707,59.06251525878906,2173677
2010-06-02,34.6335563659668,58.725013732910156,58.865638732910156,57.93751525878906,58.725013732910156,1067731
2010-06-03,35.031646728515625,59.4000129699707,59.59688949584961,58.725013732910156,59.006263732910156,855327
2010-06-04,35.08141326904297,59.48439025878906,59.709388732910156,58.95001220703125,59.62501525878906,730766
2010-06-07,34.650146484375,58.75313949584961,59.03438949584961,57.37501525878906,58.725013732910156,1110289
2010-06-08,34.18571853637695,57.96563720703125,59.06251525878906,57.740638732910156,58.75313949584961,1369731
2010-06-09,33.986671447753906,57.62813949584961,58.4156379699707,57.459388732910156,57.96563720703125,2036943
2010-06-10,33.8208122253418,57.34688949584961,58.33126449584961,57.09376525878906,57.82501220703125,2079894
2010-06-11,33.63834762573242,57.037513732910156,57.93751525878906,56.92501449584961,57.65626525878906,1791437
2010-06-14,34.18571853637695,57.96563720703125,58.1343879699707,57.20626449584961,57.90938949584961,1700881
2010-06-15,34.26865768432617,58.10626220703125,58.21876525878906,57.65626525878906,57.9937629699707,1047592
2010-06-16,34.05301284790039,57.740638732910156,58.61251449584961,57.600013732910156,58.10626220703125,1289944
2010-06-17,34.119361877441406,57.8531379699707,58.1343879699707,57.51564025878906,57.740638732910156,662067
2010-06-18,34.119361877441406,57.8531379699707,58.443763732910156,57.318763732910156,57.7125129699707,1111519
2010-06-21,34.30181884765625,58.162513732910156,58.35939025878906,57.8531379699707,58.05001449584961,1131800
2010-06-22,34.03643798828125,57.7125129699707,58.35939025878906,57.4312629699707,58.21876525878906,1139377
2010-06-23,33.93690872192383,57.54376220703125,57.8531379699707,57.318763732910156,57.37501525878906,1355354
2010-06-24,33.65493392944336,57.06563949584961,57.82501220703125,56.81251525878906,57.4312629699707,2329371
2010-06-25,33.62175369262695,57.0093879699707,57.48751449584961,56.756263732910156,56.8687629699707,1672844
2010-06-28,34.25205612182617,58.07814025878906,58.35939025878906,57.037513732910156,57.037513732910156,2401306
2010-06-29,34.019832611083984,57.68438720703125,58.92189025878906,57.4312629699707,58.35939025878906,1542276
2010-06-30,34.534034729003906,58.5562629699707,58.78126525878906,57.1500129699707,57.37501525878906,2708253
2010-07-01,34.25205612182617,58.07814025878906,58.52813720703125,57.65626525878906,58.33126449584961,1450319
2010-07-02,34.35158157348633,58.24688720703125,58.64064025878906,57.9937629699707,58.2750129699707,1534161
2010-07-05,33.87055206298828,57.4312629699707,58.443763732910156,56.25001525878906,57.93751525878906,1409644
2010-07-06,33.85397720336914,57.40313720703125,57.62813949584961,57.26251220703125,57.4312629699707,765539
2010-07-07,34.06959915161133,57.76876449584961,58.95001220703125,57.68438720703125,57.93751525878906,4099698
2010-07-08,33.837398529052734,57.37501525878906,58.50001525878906,57.2906379699707,58.50001525878906,2147848
2010-07-09,33.8208122253418,57.34688949584961,57.76876449584961,57.178138732910156,57.65626525878906,2076435
2010-07-12,33.48906326293945,56.78438949584961,57.65626525878906,56.64376449584961,57.459388732910156,4188571
2010-07-13,33.505653381347656,56.81251525878906,57.06563949584961,56.39064025878906,56.70001220703125,3777184
2010-07-14,33.4061279296875,56.64376449584961,57.37501525878906,56.50313949584961,57.318763732910156,2928502
2010-07-15,33.42271041870117,56.67189025878906,57.178138732910156,56.55938720703125,57.09376525878906,3552196
2010-07-16,33.29001998901367,56.4468879699707,57.06563949584961,56.25001525878906,57.06563949584961,1309829
2010-07-19,33.190494537353516,56.27813720703125,57.037513732910156,55.7437629699707,55.7437629699707,3056097
2010-07-20,33.1241569519043,56.1656379699707,56.615638732910156,56.08126449584961,56.53126525878906,2241425
2010-07-21,33.1407356262207,56.193763732910156,56.4468879699707,56.0250129699707,56.4468879699707,1373142
2010-07-22,33.65493392944336,57.06563949584961,57.76876449584961,56.25001525878906,56.64376449584961,5819774
2010-07-23,33.505653381347656,56.81251525878906,57.600013732910156,56.5875129699707,57.600013732910156,1826820
2010-07-26,33.505653381347656,56.81251525878906,57.06563949584961,56.25001525878906,56.81251525878906,1879489
2010-07-27,33.55540466308594,56.896888732910156,57.26251220703125,56.334388732910156,56.334388732910156,2785906
2010-07-28,33.58858108520508,56.95314025878906,57.7125129699707,56.67189025878906,57.09376525878906,3199899
2010-07-29,33.29001998901367,56.4468879699707,57.34688949584961,56.10939025878906,56.36251449584961,2312762
2010-07-30,33.30659866333008,56.475013732910156,56.92501449584961,56.334388732910156,56.53126525878906,1285466
2010-08-02,33.35636520385742,56.55938720703125,57.037513732910156,56.41876220703125,56.81251525878906,778568
2010-08-03,33.1407356262207,56.193763732910156,56.70001220703125,56.08126449584961,56.70001220703125,1708893
2010-08-04,33.22366714477539,56.334388732910156,56.53126525878906,55.490638732910156,56.53126525878906,1886451
2010-08-05,32.77582550048828,55.57501220703125,56.70001220703125,55.4062614440918,55.99688720703125,1508701
2010-08-06,33.02463150024414,55.99688720703125,56.95314025878906,55.6875114440918,55.8281364440918,3922176
2010-08-09,33.887149810791016,57.459388732910156,57.600013732910156,56.5875129699707,56.67189025878906,3155186
2010-08-10,33.67152404785156,57.09376525878906,57.90938949584961,56.84063720703125,57.90938949584961,2033594
2010-08-11,33.22366714477539,56.334388732910156,57.1500129699707,56.25001525878906,56.81251525878906,1383082
2010-08-12,33.090965270996094,56.10939025878906,56.36251449584961,55.9687614440918,56.0250129699707,746648
2010-08-13,33.8042106628418,57.318763732910156,57.48751449584961,56.053138732910156,56.4468879699707,2838836
2010-08-16,34.9321174621582,59.23126220703125,60.46876525878906,57.600013732910156,57.600013732910156,10437835
2010-08-17,34.832611083984375,59.06251525878906,60.356266021728516,58.8375129699707,59.87813949584961,4272775
2010-08-18,34.484283447265625,58.47188949584961,59.76564025878906,57.740638732910156,59.428138732910156,2042150
2010-08-19,34.616981506347656,58.6968879699707,59.62501525878906,58.021888732910156,59.62501525878906,2150678
2010-08-20,34.23546600341797,58.05001449584961,59.1187629699707,57.93751525878906,58.78126525878906,1350531
2010-08-23,34.616981506347656,58.6968879699707,59.006263732910156,57.54376220703125,58.33126449584961,1558660
2010-08-24,34.18571853637695,57.96563720703125,59.03438949584961,57.68438720703125,59.03438949584961,1419761
2010-08-25,34.18571853637695,57.96563720703125,58.50001525878906,57.5718879699707,57.65626525878906,1708531
2010-08-26,34.98188400268555,59.31563949584961,59.73751449584961,57.93751525878906,58.443763732910156,6819779
2010-08-27,34.616981506347656,58.6968879699707,59.90626525878906,58.33126449584961,59.568763732910156,3318728
2010-08-30,36.076622009277344,61.17189025878906,61.59376525878906,59.06251525878906,59.287513732910156,12599675
2010-08-31,36.09321975708008,61.200016021728516,62.29689025878906,60.46876525878906,61.256263732910156,7251681
2010-09-01,35.89417266845703,60.86251449584961,61.70626449584961,60.356266021728516,61.200016021728516,4105554
2010-09-02,35.69514083862305,60.52501678466797,61.36876678466797,60.215641021728516,61.36876678466797,2077611
2010-09-03,35.827823638916016,60.75001525878906,61.36876678466797,60.637516021728516,60.975013732910156,2025354
2010-09-06,35.84440612792969,60.778141021728516,61.200016021728516,60.18751525878906,60.18751525878906,1657041
2010-09-07,35.72722244262695,60.01876449584961,61.03126525878906,59.76564025878906,61.03126525878906,2364772
2010-09-08,35.660255432128906,59.90626525878906,60.24376678466797,59.48439025878906,60.01876449584961,2119627
2010-09-09,34.99058151245117,58.78126525878906,60.18751525878906,58.584388732910156,60.131263732910156,4325702
2010-09-13,35.34214782714844,59.37188720703125,59.90626525878906,58.9781379699707,59.51251220703125,2223035
2010-09-14,35.17473602294922,59.09063720703125,59.8218879699707,58.80938720703125,59.1187629699707,2096762
2010-09-15,35.77745056152344,60.10314178466797,60.356266021728516,59.09063720703125,59.09063720703125,3700295
2010-09-16,35.37563705444336,59.428138732910156,60.693763732910156,59.23126220703125,60.131263732910156,1645185
2010-09-17,35.24170684814453,59.20314025878906,59.87813949584961,59.06251525878906,59.76564025878906,3999245
2010-09-20,35.37563705444336,59.428138732910156,59.76564025878906,59.287513732910156,59.51251220703125,1658444
2010-09-21,35.37563705444336,59.428138732910156,60.18751525878906,59.23126220703125,59.93438720703125,4168036
2010-09-22,35.442604064941406,59.5406379699707,60.075016021728516,59.23126220703125,59.48439025878906,2530696
2010-09-23,35.17473602294922,59.09063720703125,59.76564025878906,58.89376449584961,59.4000129699707,1296047
2010-09-24,35.34214782714844,59.37188720703125,59.51251220703125,58.75313949584961,59.09063720703125,2212027
2010-09-27,35.442604064941406,59.5406379699707,60.24376678466797,59.23126220703125,60.24376678466797,1731020
2010-09-28,35.794193267822266,60.131263732910156,60.271888732910156,59.4000129699707,59.62501525878906,3076594
2010-09-29,36.38015365600586,61.115638732910156,62.12813949584961,60.24376678466797,60.24376678466797,11684464
2010-09-30,35.660255432128906,59.90626525878906,61.762516021728516,59.709388732910156,61.200016021728516,5236368
2010-10-01,36.32992935180664,61.03126525878906,61.45314025878906,60.131263732910156,60.131263732910156,3875195
2010-10-04,36.73173522949219,61.70626449584961,62.15626525878906,60.66564178466797,61.45314025878906,4550532
2010-10-05,37.4683723449707,62.943763732910156,63.33751678466797,61.65001678466797,61.70626449584961,10282420
2010-10-06,37.418148040771484,62.85939025878906,63.928138732910156,62.40938949584961,63.28126525878906,5975746
2010-10-07,36.581058502197266,61.45314025878906,63.225013732910156,60.975013732910156,62.85939025878906,5825104
2010-10-08,36.664764404296875,61.59376525878906,62.26876449584961,61.115638732910156,61.59376525878906,2872678
2010-10-11,36.7986946105957,61.818763732910156,62.85939025878906,61.59376525878906,62.77501678466797,2923343
2010-10-12,36.64801788330078,61.56563949584961,61.959388732910156,60.86251449584961,61.87501525878906,1328063
2010-10-13,36.781959533691406,61.79064178466797,62.43751525878906,61.481266021728516,61.762516021728516,2785869
2010-10-14,35.81093215942383,60.15938949584961,62.325016021728516,59.62501525878906,62.100013732910156,6206210
2010-10-15,35.74396514892578,60.04689025878906,61.00313949584961,59.45626449584961,60.18751525878906,3825540
2010-10-18,35.74396514892578,60.04689025878906,61.14376449584961,59.51251220703125,60.975013732910156,2661071
2010-10-19,35.275184631347656,59.2593879699707,60.46876525878906,58.95001220703125,60.30001449584961,2506333
2010-10-20,34.9068717956543,58.64064025878906,59.76564025878906,58.35939025878906,59.51251220703125,1611212
2010-10-21,35.358909606933594,59.4000129699707,60.18751525878906,59.17501449584961,59.79376220703125,5077785
2010-10-22,35.794193267822266,60.131263732910156,61.200016021728516,59.45626449584961,60.15938949584961,7613777
2010-10-25,34.73944091796875,58.35939025878906,60.693763732910156,58.1343879699707,60.24376678466797,4373958
2010-10-26,34.22044372558594,57.48751449584961,58.725013732910156,57.26251220703125,58.50001525878906,3559839
2010-10-27,34.10325622558594,57.2906379699707,58.07814025878906,57.1500129699707,57.8531379699707,4326267
2010-10-28,33.46705627441406,56.22188949584961,57.76876449584961,55.80001449584961,57.76876449584961,12789477
2010-10-29,33.617733001708984,56.475013732910156,57.37501525878906,56.25001525878906,56.3062629699707,2557085
2010-11-01,33.701446533203125,56.615638732910156,57.20626449584961,56.41876220703125,56.70001220703125,3644082
2010-11-02,33.51728057861328,56.3062629699707,56.50313949584961,55.15313720703125,56.25001525878906,8722079
2010-11-03,33.63447570800781,56.50313949584961,56.5875129699707,55.71563720703125,56.25001525878906,5792586
2010-11-04,33.98605728149414,57.09376525878906,58.6968879699707,56.25001525878906,56.70001220703125,7578044
2010-11-08,32.93132781982422,55.3218879699707,55.912513732910156,54.16876220703125,54.7031364440918,23828591
2010-11-09,34.75618362426758,58.38751220703125,59.06251525878906,55.350013732910156,55.51876449584961,37552410
2010-11-10,34.15348815917969,57.37501525878906,59.20314025878906,57.178138732910156,58.50001525878906,23142609
2010-11-11,33.90234375,56.95314025878906,58.33126449584961,56.70001220703125,57.37501525878906,9305659
2010-11-12,33.33311462402344,55.99688720703125,57.34688949584961,55.6875114440918,56.7281379699707,8655373
2010-11-15,33.8856086730957,56.92501449584961,57.82501220703125,56.25001525878906,56.25001525878906,6781511
2010-11-16,33.53403091430664,56.334388732910156,57.23439025878906,56.193763732910156,57.23439025878906,5839719
2010-11-18,33.95257568359375,57.037513732910156,57.51564025878906,55.94063949584961,56.8687629699707,11698558
2010-11-19,34.1199951171875,57.318763732910156,58.07814025878906,56.41876220703125,56.53126525878906,13151040
2010-11-22,33.96931838989258,57.06563949584961,57.318763732910156,55.51876449584961,56.81251525878906,16159489
2010-11-23,32.964805603027344,55.37813949584961,56.475013732910156,54.5625114440918,55.7437629699707,29650997
2010-11-24,32.51277160644531,54.6187629699707,55.2656364440918,54.0000114440918,54.2812614440918,29495589
2010-11-25,32.32862091064453,54.30938720703125,54.7031364440918,52.48126220703125,53.4375114440918,297127250
2010-11-26,32.295127868652344,54.25313949584961,54.4218864440918,52.56563949584961,53.8593864440918,108003635
2010-11-29,31.42454719543457,52.7906379699707,54.0000114440918,52.3125114440918,53.8593864440918,47311917
2010-11-30,31.792879104614258,53.40938949584961,53.4937629699707,51.63751220703125,52.3687629699707,56380039
2010-12-01,32.429046630859375,54.4781379699707,54.7031364440918,53.100013732910156,53.2125129699707,49377032
2010-12-02,33.148963928222656,55.6875114440918,55.7437629699707,54.30938720703125,54.787513732910156,69791050
2010-12-03,33.41683578491211,56.13751220703125,56.4468879699707,54.7031364440918,55.6875114440918,70133580
2010-12-06,33.38335418701172,56.08126449584961,56.41876220703125,55.57501220703125,56.25001525878906,35990183
2010-12-07,33.13222122192383,55.65938949584961,55.9687614440918,55.1812629699707,55.65938949584961,22324627
2010-12-08,32.76390075683594,55.0406379699707,55.5468864440918,54.73126220703125,55.23751449584961,8690959
2010-12-09,32.01052474975586,53.7750129699707,55.2656364440918,53.4375114440918,55.01251220703125,19659317
2010-12-10,32.17793655395508,54.0562629699707,54.25313949584961,53.2125129699707,53.662513732910156,12656908
2010-12-13,32.780643463134766,55.068763732910156,55.2656364440918,53.97188949584961,54.0562629699707,10228525
2010-12-14,32.496028900146484,54.59063720703125,55.4062614440918,54.4218864440918,55.1250114440918,12502825
2010-12-15,32.362091064453125,54.365638732910156,54.73126220703125,54.1406364440918,54.5625114440918,7532899
2010-12-16,32.17793655395508,54.0562629699707,54.4218864440918,53.6343879699707,54.39376449584961,10117565
2010-12-20,32.094234466552734,53.9156379699707,54.6187629699707,53.7187614440918,53.8593864440918,12117884
2010-12-21,32.529518127441406,54.646888732910156,55.1812629699707,53.943763732910156,54.0000114440918,13693395
2010-12-22,32.79738998413086,55.09688949584961,55.29376220703125,54.646888732910156,54.787513732910156,11598882
2010-12-23,32.56299591064453,54.7031364440918,55.1812629699707,54.6187629699707,54.87188720703125,4611659
2010-12-24,32.730403900146484,54.9843864440918,55.1250114440918,54.2812614440918,54.2812614440918,4676656
2010-12-27,32.37884521484375,54.39376449584961,55.01251220703125,54.1968879699707,54.8437614440918,5508784
2010-12-28,32.19468307495117,54.084388732910156,54.53438949584961,53.943763732910156,54.2812614440918,6071879
2010-12-29,32.044002532958984,53.83126449584961,54.2812614440918,53.7187614440918,54.02813720703125,10314957
2010-12-30,32.34535217285156,54.3375129699707,54.87188720703125,53.240638732910156,53.83126449584961,31947999
2010-12-31,32.91457748413086,55.29376220703125,55.4062614440918,54.4218864440918,54.506263732910156,12208677
2011-01-03,32.91457748413086,55.29376220703125,55.5468864440918,55.0406379699707,55.37813949584961,5686478
2011-01-04,32.948062896728516,55.350013732910156,55.631263732910156,54.9843864440918,55.37813949584961,9878712
2011-01-05,32.84761428833008,55.1812629699707,55.6031379699707,54.95626449584961,55.350013732910156,6557909
2011-01-06,33.148963928222656,55.6875114440918,56.10939025878906,55.01251220703125,55.23751449584961,16916733
2011-01-07,32.76390075683594,55.0406379699707,56.193763732910156,54.646888732910156,55.6875114440918,15775814
2011-01-10,32.19468307495117,54.084388732910156,55.4625129699707,53.97188949584961,55.01251220703125,11747099
2011-01-11,32.161197662353516,54.02813720703125,55.1250114440918,53.55001449584961,54.45001220703125,8402847
2011-01-12,32.56299591064453,54.7031364440918,54.81563949584961,53.7187614440918,54.39376449584961,5356220
2011-01-13,32.39558410644531,54.4218864440918,54.81563949584961,54.25313949584961,54.67501449584961,5840003
2011-01-14,32.680198669433594,54.9000129699707,55.771888732910156,54.1406364440918,54.2812614440918,13619178
2011-01-17,32.730403900146484,54.9843864440918,55.1250114440918,53.803138732910156,54.2812614440918,10222664
2011-01-18,33.03178024291992,55.490638732910156,55.631263732910156,54.67501449584961,54.67501449584961,8525103
2011-01-19,32.780643463134766,55.068763732910156,55.6875114440918,54.787513732910156,55.0406379699707,8181638
2011-01-20,33.115474700927734,55.631263732910156,55.6875114440918,54.5625114440918,54.5625114440918,8113388
2011-01-21,33.09874725341797,55.6031379699707,55.6875114440918,55.068763732910156,55.2656364440918,7263505
2011-01-24,32.99828338623047,55.43438720703125,55.8281364440918,55.068763732910156,55.209388732910156,10580288
2011-01-25,32.948062896728516,55.350013732910156,55.94063949584961,55.15313720703125,55.6875114440918,5774233
2011-01-27,33.082000732421875,55.57501220703125,55.9687614440918,52.396888732910156,55.29376220703125,21308494
2011-01-28,32.32862091064453,54.30938720703125,55.57501220703125,53.55001449584961,55.4062614440918,12161301
2011-01-31,32.32862091064453,54.30938720703125,55.350013732910156,53.55001449584961,53.9156379699707,10372393
2011-02-01,32.027252197265625,53.803138732910156,54.9000129699707,53.7187614440918,54.5625114440918,5685819
2011-02-02,31.9937686920166,53.74688720703125,54.2812614440918,53.0718879699707,54.02813720703125,9759510
2011-02-03,33.03178024291992,55.490638732910156,55.65938949584961,53.46563720703125,53.7187614440918,8272335
2011-02-04,32.579734802246094,54.73126220703125,56.36251449584961,54.646888732910156,55.37813949584961,13585721
2011-02-07,32.74716567993164,55.01251220703125,55.4062614440918,54.2812614440918,54.7593879699707,10075695
2011-02-08,32.044002532958984,53.83126449584961,55.6875114440918,53.69063949584961,55.6875114440918,6969251
2011-02-09,32.110965728759766,53.943763732910156,54.67501449584961,53.2968864440918,54.5625114440918,15914271
2011-02-10,31.94355583190918,53.662513732910156,54.7031364440918,53.46563720703125,53.803138732910156,15041071
2011-02-11,32.44845199584961,54.225013732910156,54.8437614440918,53.8593864440918,54.2812614440918,16032113
2011-02-14,33.17213821411133,55.43438720703125,55.8281364440918,54.02813720703125,54.30938720703125,9448315
2011-02-15,33.23946762084961,55.5468864440918,55.8281364440918,55.01251220703125,55.4062614440918,6653191
2011-02-16,33.1889762878418,55.4625129699707,55.57501220703125,55.23751449584961,55.37813949584961,3070813
2011-02-17,33.1889762878418,55.4625129699707,55.65938949584961,55.2656364440918,55.4625129699707,2410838
2011-02-18,33.02067184448242,55.1812629699707,55.6875114440918,54.67501449584961,55.4625129699707,7982842
2011-02-21,33.306793212890625,55.65938949584961,55.6875114440918,54.59063720703125,54.59063720703125,9078739
2011-02-22,33.13848114013672,55.37813949584961,55.631263732910156,55.01251220703125,55.4062614440918,6311548
2011-02-23,33.52557373046875,56.0250129699707,56.39064025878906,55.4062614440918,55.4062614440918,28541975
2011-02-24,33.0711555480957,55.2656364440918,56.25001525878906,54.506263732910156,55.9687614440918,14267832
2011-02-25,33.39093017578125,55.80001449584961,56.1656379699707,54.25313949584961,55.43438720703125,31955636
2011-02-28,33.306793212890625,55.65938949584961,58.725013732910156,54.95626449584961,56.41876220703125,128195783
2011-03-01,33.49191665649414,55.9687614440918,56.3062629699707,55.1250114440918,55.9687614440918,22095525
2011-03-03,33.42460632324219,55.85626220703125,56.756263732910156,55.43438720703125,55.43438720703125,12055696
2011-03-04,33.3236083984375,55.6875114440918,56.22188949584961,55.490638732910156,55.85626220703125,5797710
2011-03-07,33.00384521484375,55.15313720703125,55.631263732910156,54.0562629699707,55.631263732910156,6845096
2011-03-08,32.97018814086914,55.09688949584961,55.631263732910156,53.83126449584961,55.1250114440918,8299919
2011-03-09,33.00384521484375,55.15313720703125,55.4062614440918,54.9000129699707,55.1250114440918,4984092
2011-03-10,33.12165832519531,55.350013732910156,55.631263732910156,54.73126220703125,55.1250114440918,4963678
2011-03-11,33.00384521484375,55.15313720703125,55.4625129699707,54.8437614440918,54.8437614440918,6148250
2011-03-14,33.25629806518555,55.57501220703125,55.7437629699707,54.928138732910156,54.928138732910156,4743614
2011-03-15,32.902862548828125,54.9843864440918,55.2656364440918,54.59063720703125,55.0406379699707,7316083
2011-03-16,33.1889762878418,55.4625129699707,55.6875114440918,55.1250114440918,55.15313720703125,3548194
2011-03-17,33.104835510253906,55.3218879699707,55.43438720703125,55.01251220703125,55.01251220703125,4312518
2011-03-18,32.97018814086914,55.09688949584961,55.6875114440918,54.9000129699707,55.4062614440918,7614611
2011-03-21,32.78504943847656,54.787513732910156,55.1812629699707,54.7031364440918,55.01251220703125,3473055
2011-03-22,32.76821517944336,54.7593879699707,55.068763732910156,54.45001220703125,55.068763732910156,3536038
2011-03-23,32.8018798828125,54.81563949584961,55.3218879699707,54.6187629699707,54.7593879699707,5655111
2011-03-24,32.97018814086914,55.09688949584961,55.23751449584961,54.646888732910156,55.1250114440918,7807585
2011-03-25,33.03750228881836,55.209388732910156,55.350013732910156,54.87188720703125,55.23751449584961,8602591
2011-03-28,33.35728073120117,55.7437629699707,55.912513732910156,55.068763732910156,55.15313720703125,11509824
2011-03-29,33.5929069519043,56.13751220703125,56.4468879699707,55.5468864440918,55.7437629699707,8985339
2011-03-30,33.996829986572266,56.81251525878906,57.0093879699707,56.1656379699707,56.25001525878906,4832583
2011-03-31,34.299766540527344,57.318763732910156,57.8531379699707,56.41876220703125,56.81251525878906,15647437
2011-04-01,35.2927360534668,58.9781379699707,59.34376525878906,57.0093879699707,57.0093879699707,22114974
2011-04-04,35.64617156982422,59.568763732910156,60.32814025878906,58.61251449584961,58.61251449584961,10060811
2011-04-05,35.41054916381836,59.17501449584961,59.76564025878906,58.584388732910156,59.34376525878906,7752278
2011-04-06,35.36005401611328,59.09063720703125,60.131263732910156,58.865638732910156,59.06251525878906,5371783
2011-04-07,35.326393127441406,59.03438949584961,60.01876449584961,58.725013732910156,59.09063720703125,5888794
2011-04-08,35.30956268310547,59.006263732910156,59.31563949584961,58.2750129699707,59.09063720703125,3282029
2011-04-11,35.090789794921875,58.64064025878906,59.03438949584961,58.2750129699707,58.52813720703125,2761151
2011-04-13,35.427371978759766,59.20314025878906,59.51251220703125,57.96563720703125,57.9937629699707,5725109
2011-04-15,35.36005401611328,59.09063720703125,59.45626449584961,58.865638732910156,59.09063720703125,2726721
2011-04-18,35.073944091796875,58.61251449584961,59.709388732910156,58.4156379699707,59.06251525878906,3846832
2011-04-19,34.82149887084961,58.19063949584961,58.92189025878906,57.93751525878906,58.92189025878906,2130742
2011-04-20,35.090789794921875,58.64064025878906,58.92189025878906,57.9937629699707,58.92189025878906,3816903
2011-04-21,35.208595275878906,58.8375129699707,59.06251525878906,58.38751220703125,58.64064025878906,3804886
2011-04-25,35.19175720214844,58.80938720703125,59.287513732910156,58.50001525878906,58.50001525878906,1583736
2011-04-26,35.10759735107422,58.66876220703125,59.146888732910156,57.9937629699707,59.06251525878906,4390914
2011-04-27,35.12443161010742,58.6968879699707,59.06251525878906,58.35939025878906,58.78126525878906,2846797
2011-04-28,35.023460388183594,58.52813720703125,58.78126525878906,58.303138732910156,58.584388732910156,5158203
2011-04-29,35.19175720214844,58.80938720703125,59.34376525878906,58.303138732910156,58.52813720703125,3615042
2011-05-02,35.81446838378906,59.850013732910156,60.075016021728516,58.50001525878906,58.50001525878906,5731198
2011-05-03,35.006629943847656,58.50001525878906,59.90626525878906,58.2750129699707,59.62501525878906,3804669
2011-05-04,35.10759735107422,58.66876220703125,58.8375129699707,57.68438720703125,58.303138732910156,4044546
2011-05-05,34.282936096191406,57.2906379699707,58.66876220703125,56.70001220703125,58.50001525878906,5204752
2011-05-06,34.70368576049805,57.9937629699707,58.303138732910156,57.318763732910156,57.4312629699707,2973311
2011-05-09,34.56903839111328,57.76876449584961,58.38751220703125,57.65626525878906,58.021888732910156,3424009
2011-05-10,34.45122528076172,57.5718879699707,58.33126449584961,57.37501525878906,57.68438720703125,1276536
2011-05-11,35.05711364746094,58.584388732910156,58.78126525878906,57.459388732910156,57.459388732910156,5173641
2011-05-12,34.13146209716797,57.037513732910156,58.584388732910156,56.92501449584961,58.584388732910156,2199955
2011-05-13,34.11463165283203,57.0093879699707,57.76876449584961,56.84063720703125,56.98126220703125,3389298
2011-05-16,34.26609420776367,57.26251220703125,57.48751449584961,56.98126220703125,57.1500129699707,2643860
2011-05-17,34.16511535644531,57.09376525878906,57.65626525878906,57.0093879699707,57.26251220703125,2042475
2011-05-18,34.11463165283203,57.0093879699707,57.881263732910156,56.8687629699707,57.26251220703125,3314783
2011-05-19,33.27312469482422,55.6031379699707,57.34688949584961,55.3218879699707,57.037513732910156,2532955
2011-05-20,33.996829986572266,56.81251525878906,57.1500129699707,55.3218879699707,55.490638732910156,1959647
2011-05-23,33.52557373046875,56.0250129699707,56.41876220703125,55.6875114440918,56.41876220703125,1694918
2011-05-24,33.25629806518555,55.57501220703125,57.037513732910156,55.350013732910156,56.22188949584961,9876185
2011-05-25,32.667236328125,54.59063720703125,55.94063949584961,54.25313949584961,55.6875114440918,5753045
2011-05-26,32.1623420715332,53.74688720703125,55.068763732910156,53.4375114440918,54.8437614440918,4935316
2011-05-27,32.869205474853516,54.928138732910156,55.09688949584961,53.83126449584961,53.83126449584961,4500032
2011-05-30,33.3236083984375,55.6875114440918,55.8281364440918,54.646888732910156,55.1250114440918,8167114
2011-05-31,34.01364517211914,56.84063720703125,57.037513732910156,55.6875114440918,55.80001449584961,7467651
2011-06-01,33.87901306152344,56.615638732910156,56.95314025878906,56.1656379699707,56.55938720703125,1794961
2011-06-02,33.40777587890625,55.8281364440918,56.92501449584961,55.6875114440918,56.25001525878906,4461069
2011-06-03,33.996829986572266,56.81251525878906,57.318763732910156,55.8281364440918,55.8281364440918,5649415
2011-06-06,34.16511535644531,57.09376525878906,57.23439025878906,56.08126449584961,56.70001220703125,4910297
2011-06-07,34.14830017089844,57.06563949584961,57.20626449584961,56.7281379699707,56.896888732910156,6516069
2011-06-08,34.11463165283203,57.0093879699707,57.09376525878906,56.4468879699707,56.55938720703125,14162904
2011-06-09,34.16511535644531,57.09376525878906,57.2906379699707,56.756263732910156,56.81251525878906,6989160
2011-06-10,34.06413650512695,56.92501449584961,57.26251220703125,56.53126525878906,57.09376525878906,7661567
2011-06-13,34.518558502197266,57.68438720703125,57.93751525878906,56.55938720703125,56.81251525878906,2849421
2011-06-14,34.90564727783203,58.33126449584961,58.50001525878906,57.459388732910156,57.459388732910156,4458752
2011-06-15,34.26609420776367,57.26251220703125,58.4156379699707,57.0093879699707,58.35939025878906,2533103
2011-06-16,34.33341979980469,57.37501525878906,57.65626525878906,56.7281379699707,57.1500129699707,2472762
2011-06-17,34.56903839111328,57.76876449584961,57.93751525878906,57.12188720703125,57.1500129699707,2524363
2011-06-20,34.316593170166016,57.34688949584961,58.33126449584961,55.71563720703125,57.40313720703125,6194464
2011-06-21,34.11463165283203,57.0093879699707,57.62813949584961,56.475013732910156,57.26251220703125,5126564
2011-06-22,34.43439865112305,57.54376220703125,57.600013732910156,56.84063720703125,57.0093879699707,2408781
2011-06-23,34.41757583618164,57.51564025878906,57.82501220703125,57.26251220703125,57.40313720703125,3746535
2011-06-24,34.888816833496094,58.303138732910156,58.584388732910156,57.26251220703125,57.37501525878906,5675164
2011-06-27,36.47084045410156,60.94689178466797,61.50939178466797,57.51564025878906,57.51564025878906,29869389
2011-06-28,36.723297119140625,61.36876678466797,61.818763732910156,60.80626678466797,61.537513732910156,13872282
2011-06-29,37.05990982055664,61.93126678466797,62.15626525878906,61.256263732910156,61.481266021728516,13356359
2011-06-30,36.857940673828125,61.59376525878906,62.71876525878906,60.778141021728516,61.87501525878906,30432762
2011-07-01,37.11039733886719,62.01564025878906,62.29689025878906,61.537513732910156,61.87501525878906,23953730
2011-07-04,37.17770767211914,62.12813949584961,62.662513732910156,61.70626449584961,62.07189178466797,5307022
2011-07-05,36.891605377197266,61.65001678466797,62.07189178466797,60.75001525878906,61.87501525878906,10665833
2011-07-06,36.706478118896484,61.340641021728516,61.70626449584961,61.059391021728516,61.45314025878906,3270036
2011-07-07,37.00940704345703,61.84688949584961,62.043766021728516,61.00313949584961,61.59376525878906,5856910
2011-07-08,36.75696563720703,61.42501449584961,62.29689025878906,61.22814178466797,61.45314025878906,12625687
2011-07-11,36.3530387878418,60.75001525878906,61.200016021728516,59.79376220703125,61.059391021728516,2848918
2011-07-12,36.42036819458008,60.86251449584961,61.31251525878906,59.93438720703125,60.58126449584961,2954427
2011-07-13,37.09356689453125,61.98751449584961,62.606266021728516,60.86251449584961,60.918766021728516,3819442
2011-07-14,36.723297119140625,61.36876678466797,62.043766021728516,60.918766021728516,61.59376525878906,10479376
2011-07-15,37.11039733886719,62.01564025878906,63.11251449584961,60.94689178466797,60.94689178466797,8242815
2011-07-18,36.80744552612305,61.50939178466797,62.381263732910156,61.340641021728516,62.12813949584961,2085379
2011-07-19,36.97575378417969,61.79064178466797,62.07189178466797,61.08751678466797,61.14376449584961,2972184
2011-07-20,36.740135192871094,61.396888732910156,62.12813949584961,61.22814178466797,61.678138732910156,4177419
2011-07-21,36.3530387878418,60.75001525878906,61.59376525878906,60.271888732910156,61.31251525878906,3008285
2011-07-22,36.87477111816406,61.621891021728516,61.959388732910156,60.38439178466797,60.75001525878906,3369044
2011-07-25,36.52132797241211,61.03126525878906,61.59376525878906,60.356266021728516,61.537513732910156,7429567
2011-07-26,36.689640045166016,61.31251525878906,61.79064178466797,60.32814025878906,60.75001525878906,5770592
2011-07-27,36.06692123413086,60.271888732910156,61.396888732910156,59.90626525878906,61.115638732910156,7214188
2011-07-28,35.52836608886719,59.37188720703125,60.18751525878906,58.303138732910156,59.6812629699707,13905358
2011-07-29,35.376895904541016,59.1187629699707,60.553138732910156,57.5718879699707,58.50001525878906,9768024
2011-08-01,36.167911529541016,60.44063949584961,61.14376449584961,59.1187629699707,59.1187629699707,4672455
2011-08-02,36.33619689941406,60.72188949584961,60.918766021728516,60.04689025878906,60.412513732910156,3239197
2011-08-03,35.22541809082031,58.865638732910156,60.553138732910156,57.9937629699707,59.93438720703125,12800281
2011-08-04,35.174922943115234,58.78126525878906,60.131263732910156,58.38751220703125,59.4000129699707,6939466
2011-08-05,34.43439865112305,57.54376220703125,58.33126449584961,56.334388732910156,56.53126525878906,12075758
2011-08-08,34.48489761352539,57.62813949584961,58.4156379699707,55.350013732910156,55.43438720703125,13716718
2011-08-09,34.299766540527344,57.318763732910156,58.33126449584961,55.6875114440918,55.6875114440918,7228990
2011-08-10,34.85515594482422,58.24688720703125,58.725013732910156,57.40313720703125,57.68438720703125,5126905
2011-08-11,34.67002868652344,57.93751525878906,58.64064025878906,57.54376220703125,57.5718879699707,6299073
2011-08-12,34.87198257446289,58.2750129699707,58.8375129699707,57.93751525878906,58.35939025878906,6421148
2011-08-16,34.87198257446289,58.2750129699707,59.006263732910156,57.9937629699707,58.52813720703125,4242848
2011-08-17,34.720516204833984,58.021888732910156,58.89376449584961,57.76876449584961,57.76876449584961,7430913
2011-08-18,34.55221176147461,57.740638732910156,58.4156379699707,57.178138732910156,58.21876525878906,5110388
2011-08-19,34.01364517211914,56.84063720703125,57.68438720703125,55.99688720703125,56.25001525878906,5245806
2011-08-22,34.73733901977539,58.05001449584961,58.2750129699707,56.10939025878906,56.81251525878906,3059716
2011-08-23,34.06413650512695,56.92501449584961,58.725013732910156,56.81251525878906,58.1343879699707,2837432
2011-08-24,34.35025405883789,57.40313720703125,57.79689025878906,56.41876220703125,57.600013732910156,6888368
2011-08-25,33.559242248535156,56.08126449584961,57.65626525878906,55.6875114440918,57.40313720703125,13758009
2011-08-26,32.8018798828125,54.81563949584961,56.25001525878906,54.3375129699707,56.08126449584961,9286925
2011-08-29,33.64338684082031,56.22188949584961,56.334388732910156,54.5625114440918,54.67501449584961,6345123
2011-08-30,33.7275505065918,56.36251449584961,56.8687629699707,55.8281364440918,56.81251525878906,3821904
2011-09-02,33.441429138183594,55.8843879699707,59.06251525878906,55.3218879699707,58.05001449584961,8166250
2011-09-05,32.70090103149414,54.646888732910156,55.9687614440918,54.39376449584961,55.771888732910156,7422597
2011-09-06,32.513362884521484,53.6343879699707,54.506263732910156,53.0156364440918,54.506263732910156,14848826
2011-09-07,33.00779342651367,54.45001220703125,54.9843864440918,53.7750129699707,53.83126449584961,11526455
2011-09-08,32.80319595336914,54.11251449584961,55.01251220703125,53.6343879699707,54.9000129699707,7049237
2011-09-09,32.769100189208984,54.0562629699707,54.53438949584961,53.69063949584961,54.0562629699707,6782680
2011-09-12,32.172367095947266,53.0718879699707,53.83126449584961,52.5937614440918,53.46563720703125,5271294
2011-09-13,32.25761413574219,53.2125129699707,53.6343879699707,53.0156364440918,53.3531379699707,4033213
2011-09-14,32.37696838378906,53.40938949584961,53.6343879699707,52.62188720703125,53.46563720703125,4248247
2011-09-15,32.73500061035156,54.0000114440918,54.225013732910156,52.818763732910156,53.55001449584961,8283475
2011-09-16,33.979618072509766,56.053138732910156,56.39064025878906,53.8593864440918,54.225013732910156,6853575
2011-09-19,33.399925231933594,55.09688949584961,56.39064025878906,54.87188720703125,55.350013732910156,3721222
2011-09-20,33.68977355957031,55.57501220703125,56.193763732910156,54.9843864440918,54.9843864440918,4399666
2011-09-21,33.84321594238281,55.8281364440918,56.08126449584961,55.209388732910156,55.29376220703125,2182138
2011-09-22,32.820247650146484,54.1406364440918,55.37813949584961,53.83126449584961,55.350013732910156,3792171
2011-09-23,32.75204086303711,54.02813720703125,54.67501449584961,53.26876449584961,53.7187614440918,3612112
2011-09-26,32.47925567626953,53.5781364440918,54.25313949584961,53.18438720703125,54.02813720703125,1880644
2011-09-27,32.956642150878906,54.365638732910156,54.73126220703125,53.74688720703125,54.25313949584961,1273121
2011-09-28,33.19532775878906,54.7593879699707,54.9000129699707,53.943763732910156,54.45001220703125,4398260
2011-09-29,33.22943878173828,54.81563949584961,55.65938949584961,54.084388732910156,54.45001220703125,9460952
2011-09-30,33.570430755615234,55.37813949584961,55.7437629699707,54.5625114440918,54.5625114440918,6946805
2011-10-03,33.19532775878906,54.7593879699707,55.209388732910156,54.11251449584961,55.09688949584961,7517061
2011-10-04,32.68385314941406,53.9156379699707,55.15313720703125,53.7750129699707,54.45001220703125,2740436
2011-10-05,32.70089340209961,53.943763732910156,54.59063720703125,53.7187614440918,54.02813720703125,3503641
2011-10-07,33.1612434387207,54.7031364440918,55.6031379699707,54.2812614440918,54.506263732910156,4435678
2011-10-10,33.43402862548828,55.15313720703125,55.350013732910156,54.3375129699707,54.3375129699707,8326437
2011-10-11,33.65568542480469,55.51876449584961,55.71563720703125,54.8437614440918,55.4062614440918,5044978
2011-10-12,33.79206466674805,55.7437629699707,56.13751220703125,55.1812629699707,56.08126449584961,4905765
2011-10-13,33.87731170654297,55.8843879699707,56.193763732910156,55.29376220703125,55.7437629699707,3531871
2011-10-14,33.723876953125,55.631263732910156,56.27813720703125,55.43438720703125,55.5468864440918,5039179
2011-10-17,33.3658332824707,55.0406379699707,55.80001449584961,54.73126220703125,55.57501220703125,1605713
2011-10-18,33.4681282043457,55.209388732910156,55.51876449584961,54.5625114440918,54.5625114440918,2025955
2011-10-19,34.081905364990234,56.22188949584961,56.53126525878906,55.37813949584961,55.6875114440918,5145909
2011-10-20,33.75795364379883,55.6875114440918,56.193763732910156,55.51876449584961,55.7437629699707,2881549
2011-10-21,33.75795364379883,55.6875114440918,56.3062629699707,55.2656364440918,55.5468864440918,2127672
2011-10-24,34.354705810546875,56.67189025878906,56.95314025878906,56.3062629699707,56.39064025878906,3334756
2011-10-25,35.42881774902344,58.443763732910156,58.92189025878906,56.5875129699707,56.70001220703125,7605862
2011-10-28,35.803897857666016,59.06251525878906,60.75001525878906,58.07814025878906,59.34376525878906,8504582
2011-10-31,35.75275802612305,58.9781379699707,59.4000129699707,58.162513732910156,59.06251525878906,4561310
2011-11-01,35.34357833862305,58.303138732910156,59.146888732910156,57.93751525878906,58.64064025878906,2155435
2011-11-02,35.15602111816406,57.9937629699707,58.47188949584961,57.600013732910156,57.93751525878906,2429706
2011-11-03,35.49701690673828,58.5562629699707,58.80938720703125,57.96563720703125,58.21876525878906,2676760
2011-11-04,35.41177749633789,58.4156379699707,59.06251525878906,58.162513732910156,59.06251525878906,2070811
2011-11-08,35.41177749633789,58.4156379699707,58.50001525878906,58.162513732910156,58.4156379699707,923114
2011-11-09,35.30946350097656,58.24688720703125,58.865638732910156,58.162513732910156,58.50001525878906,3342820
2011-11-11,35.95734405517578,59.31563949584961,59.48439025878906,57.93751525878906,58.21876525878906,7747315
2011-11-14,35.923255920410156,59.2593879699707,60.18751525878906,58.80938720703125,59.51251220703125,8136060
2011-11-15,35.32652282714844,58.2750129699707,59.428138732910156,58.07814025878906,58.52813720703125,2602442
2011-11-16,35.53111267089844,58.61251449584961,59.2593879699707,57.76876449584961,57.76876449584961,5559879
2011-11-17,35.17308044433594,58.021888732910156,59.2593879699707,57.82501220703125,58.21876525878906,4564324
2011-11-18,34.42290115356445,56.78438949584961,58.21876525878906,55.3218879699707,57.93751525878906,6971425
2011-11-21,33.7750129699707,55.71563720703125,56.81251525878906,55.350013732910156,55.9687614440918,5725408
2011-11-22,33.38288116455078,55.068763732910156,55.9687614440918,54.6187629699707,55.9687614440918,5742603
2011-11-23,32.41106414794922,53.46563720703125,54.95626449584961,52.959388732910156,54.7593879699707,4916261
2011-11-24,32.49631118774414,53.60626220703125,54.2812614440918,53.240638732910156,53.943763732910156,10127464
2011-11-25,32.87139892578125,54.225013732910156,54.67501449584961,53.32501220703125,53.803138732910156,7728058
2011-11-28,33.11009216308594,54.6187629699707,54.9843864440918,54.11251449584961,54.6187629699707,5436096
2011-11-29,32.462215423583984,53.55001449584961,55.01251220703125,53.4375114440918,54.787513732910156,5379923
2011-11-30,33.79206466674805,55.7437629699707,56.193763732910156,53.60626220703125,53.69063949584961,13613461
2011-12-01,34.09896469116211,56.25001525878906,57.37501525878906,55.9687614440918,56.25001525878906,4222484
2011-12-02,35.258323669433594,58.162513732910156,58.50001525878906,56.193763732910156,56.27813720703125,5707744
2011-12-05,35.00259017944336,57.740638732910156,58.19063949584961,57.2906379699707,57.48751449584961,2957969
2011-12-07,35.17308044433594,58.021888732910156,58.80938720703125,57.2906379699707,57.40313720703125,5975381
2011-12-08,33.89437484741211,55.912513732910156,58.162513732910156,55.6875114440918,57.90938949584961,5809203
2011-12-09,33.604530334472656,55.43438720703125,55.5468864440918,54.6187629699707,54.87188720703125,4296964
2011-12-12,32.93960189819336,54.3375129699707,55.912513732910156,53.83126449584961,55.6875114440918,8160604
2011-12-13,33.79206466674805,55.7437629699707,56.193763732910156,53.7750129699707,54.225013732910156,3981949
2011-12-14,32.85435104370117,54.1968879699707,55.9687614440918,54.0000114440918,55.65938949584961,5776327
2011-12-15,33.87731170654297,55.8843879699707,56.4468879699707,53.381263732910156,53.40938949584961,12973287
2011-12-16,33.451072692871094,55.1812629699707,56.98126220703125,54.3375129699707,55.8281364440918,12589918
2011-12-19,33.80912399291992,55.771888732910156,56.1656379699707,54.1406364440918,54.3375129699707,4820722
2011-12-20,33.26354217529297,54.87188720703125,55.94063949584961,54.4218864440918,55.94063949584961,6670657
2011-12-21,33.38288116455078,55.068763732910156,55.6031379699707,54.5625114440918,55.4062614440918,10259801
2011-12-22,34.32059860229492,56.615638732910156,56.81251525878906,54.8437614440918,54.9843864440918,3456402
2011-12-23,34.52518844604492,56.95314025878906,57.34688949584961,55.99688720703125,56.53126525878906,3249611
2011-12-26,34.3887939453125,56.7281379699707,56.8687629699707,56.36251449584961,56.5875129699707,1273482
2011-12-27,33.74092483520508,55.65938949584961,56.70001220703125,54.646888732910156,56.67189025878906,4187065
2011-12-28,34.16714859008789,56.36251449584961,56.78438949584961,55.350013732910156,55.80001449584961,3375709
2011-12-29,34.09896469116211,56.25001525878906,56.53126525878906,55.80001449584961,56.25001525878906,2924882
2011-12-30,34.13304901123047,56.3062629699707,56.70001220703125,55.8843879699707,56.25001525878906,2087779
2012-01-02,34.09896469116211,56.25001525878906,56.39064025878906,55.43438720703125,56.053138732910156,1861469
2012-01-03,34.405845642089844,56.756263732910156,57.0093879699707,56.25001525878906,56.4468879699707,3372939
2012-01-04,34.610443115234375,57.09376525878906,57.54376220703125,55.8843879699707,56.70001220703125,3739279
2012-01-05,34.5422477722168,56.98126220703125,57.51564025878906,56.615638732910156,57.06563949584961,5389056
2012-01-06,34.01371765136719,56.10939025878906,56.98126220703125,55.6031379699707,56.92501449584961,7340405
2012-01-09,34.57633590698242,57.037513732910156,57.26251220703125,55.7437629699707,55.7437629699707,2368495
2012-01-10,34.98553466796875,57.7125129699707,58.10626220703125,56.84063720703125,56.84063720703125,3215986
2012-01-11,34.16714859008789,56.36251449584961,57.76876449584961,56.193763732910156,57.76876449584961,4377469
2012-01-12,34.2865104675293,56.55938720703125,57.037513732910156,55.94063949584961,57.037513732910156,4082544
2012-01-13,34.76388931274414,57.34688949584961,57.48751449584961,56.53126525878906,56.5875129699707,5766505
2012-01-16,34.15010452270508,56.334388732910156,57.34688949584961,56.10939025878906,56.70001220703125,4899595
2012-01-17,34.26946258544922,56.53126525878906,56.95314025878906,56.3062629699707,56.53126525878906,10428799
2012-01-18,33.79206466674805,55.7437629699707,56.95314025878906,55.29376220703125,56.7281379699707,6295415
2012-01-19,34.081905364990234,56.22188949584961,56.92501449584961,55.7437629699707,55.99688720703125,8276461
2012-01-20,34.593387603759766,57.06563949584961,57.48751449584961,56.193763732910156,56.25001525878906,6881600
2012-01-23,34.43995666503906,56.81251525878906,58.07814025878906,56.615638732910156,57.37501525878906,18551268
2012-01-24,34.2865104675293,56.55938720703125,57.09376525878906,56.27813720703125,56.70001220703125,10219894
2012-01-25,34.3887939453125,56.7281379699707,57.09376525878906,55.99688720703125,56.8687629699707,13171474
2012-01-27,35.17308044433594,58.021888732910156,59.03438949584961,56.896888732910156,57.09376525878906,9816649
2012-01-30,34.69569396972656,57.23439025878906,58.21876525878906,56.95314025878906,57.37501525878906,4243234
2012-01-31,35.49701690673828,58.5562629699707,58.95001220703125,57.1500129699707,57.37501525878906,10322025
2012-02-01,35.10488510131836,57.90938949584961,58.725013732910156,57.740638732910156,58.725013732910156,10757718
2012-02-02,35.8380126953125,59.1187629699707,59.65313720703125,57.740638732910156,58.05001449584961,11556658
2012-02-03,36.468841552734375,60.15938949584961,60.918766021728516,59.2593879699707,59.37188720703125,11926606
2012-02-06,37.16786575317383,61.31251525878906,61.59376525878906,59.8218879699707,60.58126449584961,9084488
2012-02-07,36.74163055419922,60.60939025878906,62.01564025878906,60.10314178466797,61.59376525878906,6079363
2012-02-08,36.72458267211914,60.58126449584961,62.29689025878906,59.709388732910156,61.08751678466797,11508450
2012-02-09,37.099674224853516,61.200016021728516,62.15626525878906,60.693763732910156,61.903141021728516,11499785
2012-02-10,36.60523986816406,60.38439178466797,61.45314025878906,59.62501525878906,60.412513732910156,8590813
2012-02-13,37.67024230957031,61.678138732910156,62.15626525878906,59.8218879699707,59.8218879699707,15608851
2012-02-14,37.5843505859375,61.537513732910156,62.01564025878906,61.17189025878906,61.59376525878906,5735198
2012-02-15,38.03096008300781,62.26876449584961,63.61876678466797,61.481266021728516,61.59376525878906,15930040
2012-02-16,38.03096008300781,62.26876449584961,63.14064025878906,61.45314025878906,62.043766021728516,3862429
2012-02-17,38.374507904052734,62.83126449584961,63.84376525878906,62.43751525878906,63.00001525878906,8544515
2012-02-21,37.979434967041016,62.184391021728516,63.00001525878906,62.01564025878906,62.746891021728516,6934289
2012-02-22,37.773292541503906,61.84688949584961,63.39376449584961,61.70626449584961,62.07189178466797,5872252
2012-02-23,38.70089340209961,63.365638732910156,64.18126678466797,61.65001678466797,61.65001678466797,18016976
2012-02-24,39.26774215698242,64.29376220703125,64.80001831054688,63.450016021728516,63.590641021728516,10958004
2012-02-27,38.322975158691406,62.746891021728516,64.68751525878906,62.49376678466797,64.68751525878906,11266052
2012-02-28,38.408870697021484,62.887516021728516,63.787513732910156,62.29689025878906,63.00001525878906,9416477
2012-02-29,38.82112121582031,63.56251525878906,64.06876373291016,63.00001525878906,63.14064025878906,7991077
2012-03-01,38.649349212646484,63.28126525878906,63.90001678466797,62.71876525878906,62.91564178466797,2777389
2012-03-02,38.56346893310547,63.14064025878906,63.56251525878906,62.606266021728516,63.19689178466797,3172662
2012-03-05,37.8935432434082,62.043766021728516,63.19689178466797,61.396888732910156,62.943763732910156,3649302
2012-03-06,38.151206970214844,62.465641021728516,62.887516021728516,61.65001678466797,62.043766021728516,4557989
2012-03-07,37.309513092041016,61.08751678466797,62.043766021728516,60.075016021728516,61.87501525878906,15488701
2012-03-09,37.842010498046875,61.959388732910156,62.29689025878906,61.36876678466797,61.36876678466797,3852720
2012-03-12,38.08249282836914,62.35314178466797,62.91564178466797,61.79064178466797,62.43751525878906,5124092
2012-03-13,38.254268646240234,62.63439178466797,63.084388732910156,61.87501525878906,62.63439178466797,9731037
2012-03-14,38.683712005615234,63.33751678466797,63.787513732910156,62.746891021728516,63.14064025878906,4398722
2012-03-15,37.91071701049805,62.07189178466797,63.731266021728516,61.73439025878906,63.168766021728516,4513645
2012-03-16,37.034671783447266,60.637516021728516,63.00001525878906,60.32814025878906,62.15626525878906,3682825
2012-03-19,37.05185317993164,60.66564178466797,61.00313949584961,59.287513732910156,60.86251449584961,3294232
2012-03-20,36.9144287109375,60.44063949584961,61.200016021728516,59.90626525878906,60.66564178466797,3413743
2012-03-21,37.36104202270508,61.17189025878906,61.537513732910156,60.01876449584961,60.412513732910156,3430274
2012-03-22,36.502159118652344,59.76564025878906,61.14376449584961,59.23126220703125,60.75001525878906,3948023
2012-03-23,37.000308990478516,60.58126449584961,60.86251449584961,59.45626449584961,59.9625129699707,3647743
2012-03-26,36.399105072021484,59.59688949584961,60.46876525878906,59.20314025878906,60.18751525878906,4778733
2012-03-27,36.330387115478516,59.48439025878906,60.271888732910156,58.95001220703125,60.18751525878906,5834802
2012-03-28,36.48499298095703,59.73751449584961,60.131263732910156,59.20314025878906,59.76564025878906,4875221
2012-03-29,36.34756851196289,59.51251220703125,59.90626525878906,59.06251525878906,59.73751449584961,12199593
2012-03-30,37.154911041259766,60.834388732910156,61.50939178466797,59.51251220703125,59.51251220703125,8544753
2012-04-02,37.309513092041016,61.08751678466797,61.50939178466797,60.553138732910156,60.80626678466797,8676278
2012-04-03,37.82483673095703,61.93126678466797,62.15626525878906,61.03126525878906,61.396888732910156,3566758
2012-04-04,38.08249282836914,62.35314178466797,62.606266021728516,61.45314025878906,61.903141021728516,3850338
2012-04-09,37.687408447265625,61.70626449584961,62.35314178466797,61.059391021728516,61.93126678466797,4475284
2012-04-10,37.92789840698242,62.100013732910156,62.606266021728516,61.36876678466797,61.70626449584961,4598397
2012-04-11,38.374507904052734,62.83126449584961,63.00001525878906,61.340641021728516,61.340641021728516,4023851
2012-04-12,38.39169692993164,62.85939025878906,64.01251220703125,62.49376678466797,62.803138732910156,5102969
2012-04-13,38.47758102416992,63.00001525878906,63.731266021728516,62.184391021728516,63.00001525878906,6602489
2012-04-16,38.42604446411133,62.91564178466797,63.42189025878906,62.57814025878906,62.97188949584961,4350870
2012-04-17,39.02725601196289,63.90001678466797,64.06876373291016,62.43751525878906,62.521888732910156,9477019
2012-04-18,39.11314010620117,64.04064178466797,64.82814025878906,63.67501449584961,63.95626449584961,4441325
2012-04-19,39.38798522949219,64.49063873291016,64.68751525878906,63.731266021728516,63.84376525878906,2496045
2012-04-20,39.11314010620117,64.04064178466797,64.88439178466797,63.731266021728516,64.23751831054688,2778756
2012-04-23,38.04814147949219,62.29689025878906,64.40626525878906,61.98751449584961,63.81563949584961,3854809
2012-04-24,37.79047775268555,61.87501525878906,62.71876525878906,61.45314025878906,62.49376678466797,3169871
2012-04-25,37.25798034667969,61.00313949584961,62.12813949584961,60.58126449584961,61.762516021728516,3380361
2012-04-26,37.13772964477539,60.80626678466797,62.325016021728516,60.32814025878906,61.50939178466797,4377198
2012-04-27,37.18927764892578,60.89064025878906,61.87501525878906,60.60939025878906,60.86251449584961,1965594
2012-04-30,38.219913482666016,62.57814025878906,63.028141021728516,60.80626678466797,60.80626678466797,3199398
2012-05-02,37.65306854248047,61.65001678466797,62.91564178466797,61.36876678466797,62.325016021728516,3811572
2012-05-03,37.326683044433594,61.115638732910156,61.59376525878906,60.834388732910156,61.31251525878906,1452253
2012-05-04,36.6739387512207,60.04689025878906,61.08751678466797,59.6812629699707,60.80626678466797,5666533
2012-05-07,36.34756851196289,59.51251220703125,60.18751525878906,58.05001449584961,59.850013732910156,4565509
2012-05-08,36.330387115478516,59.48439025878906,60.271888732910156,59.09063720703125,59.51251220703125,2959419
2012-05-09,35.815067291259766,58.64064025878906,59.76564025878906,58.35939025878906,59.09063720703125,2412310
2012-05-10,35.21385192871094,57.65626525878906,59.2593879699707,57.37501525878906,58.584388732910156,3946438
2012-05-11,34.81877136230469,57.0093879699707,57.93751525878906,56.36251449584961,57.65626525878906,3389145
2012-05-14,34.784420013427734,56.95314025878906,57.26251220703125,56.36251449584961,56.81251525878906,2233766
2012-05-15,35.351280212402344,57.881263732910156,58.1343879699707,56.3062629699707,56.8687629699707,3494080
2012-05-16,35.91813278198242,58.80938720703125,59.23126220703125,56.81251525878906,57.54376220703125,4435353
2012-05-17,35.986846923828125,58.92189025878906,60.075016021728516,58.4156379699707,59.06251525878906,4208594
2012-05-18,36.10708236694336,59.1187629699707,59.709388732910156,57.68438720703125,58.4156379699707,4935351
2012-05-21,35.71200180053711,58.47188949584961,59.568763732910156,58.07814025878906,59.006263732910156,1491370
2012-05-22,35.626129150390625,58.33126449584961,58.80938720703125,57.9937629699707,58.6968879699707,2362045
2012-05-23,35.591758728027344,58.2750129699707,59.03438949584961,57.51564025878906,58.443763732910156,3087547
2012-05-24,36.192970275878906,59.2593879699707,59.51251220703125,57.62813949584961,58.725013732910156,2135683
2012-05-25,35.76353454589844,58.5562629699707,59.06251525878906,58.35939025878906,58.78126525878906,1446600
2012-05-28,36.55370330810547,59.850013732910156,60.38439178466797,58.21876525878906,58.21876525878906,890739
2012-05-29,36.880069732666016,60.38439178466797,60.89064025878906,59.51251220703125,60.58126449584961,5201353
2012-05-30,36.45063400268555,59.6812629699707,60.553138732910156,59.31563949584961,60.32814025878906,4048557
2012-05-31,36.46780776977539,59.709388732910156,60.18751525878906,59.09063720703125,59.146888732910156,8033660
2012-06-01,35.608943939208984,58.303138732910156,59.568763732910156,57.93751525878906,59.34376525878906,3787828
2012-06-04,35.74635314941406,58.52813720703125,58.75313949584961,57.4312629699707,57.93751525878906,3267896
2012-06-05,36.399105072021484,59.59688949584961,60.30001449584961,58.78126525878906,59.006263732910156,12393979
2012-06-06,37.67024230957031,61.678138732910156,62.49376678466797,59.62501525878906,59.62501525878906,9494285
2012-06-07,37.12055969238281,60.778141021728516,62.29689025878906,60.46876525878906,61.678138732910156,4231838
2012-06-08,36.75984191894531,60.18751525878906,61.03126525878906,59.48439025878906,60.637516021728516,3997879
2012-06-11,36.845726013183594,60.32814025878906,61.03126525878906,60.18751525878906,60.75001525878906,2205393
2012-06-12,36.98313903808594,60.553138732910156,60.834388732910156,59.65313720703125,60.131263732910156,3376544
2012-06-13,36.96596145629883,60.52501678466797,60.89064025878906,59.990638732910156,60.46876525878906,2496726
2012-06-14,36.31321716308594,59.45626449584961,60.80626678466797,59.06251525878906,60.215641021728516,6671985
2012-06-15,36.43345642089844,59.65313720703125,60.04689025878906,59.31563949584961,59.73751449584961,10286920
2012-06-18,36.77701187133789,60.215641021728516,60.46876525878906,59.45626449584961,59.90626525878906,3027005
2012-06-19,37.36104202270508,61.17189025878906,61.818763732910156,59.9625129699707,60.215641021728516,9746993
2012-06-20,37.24079895019531,60.975013732910156,61.818763732910156,60.75001525878906,60.94689178466797,8882639
2012-06-21,37.704586029052734,61.73439025878906,61.818763732910156,60.131263732910156,60.46876525878906,4083003
2012-06-22,37.80767059326172,61.903141021728516,62.26876449584961,61.17189025878906,61.31251525878906,7332263
2012-06-25,37.05185317993164,60.66564178466797,62.12813949584961,60.32814025878906,61.678138732910156,5097127
2012-06-26,37.73894500732422,61.79064178466797,61.87501525878906,60.356266021728516,60.356266021728516,1992235
2012-06-27,37.72177505493164,61.762516021728516,62.662513732910156,61.36876678466797,61.87501525878906,5727518
2012-06-28,37.687408447265625,61.70626449584961,62.325016021728516,61.14376449584961,61.87501525878906,3083553
2012-06-29,39.01008605957031,63.871891021728516,64.46251678466797,62.043766021728516,62.07189178466797,7486892
2012-07-02,38.683712005615234,63.33751678466797,64.09689331054688,63.168766021728516,63.90001678466797,2634447
2012-07-03,38.35734558105469,62.803138732910156,63.84376525878906,62.49376678466797,63.731266021728516,4091332
2012-07-04,38.82112121582031,63.56251525878906,63.787513732910156,62.606266021728516,62.887516021728516,3061761
2012-07-05,39.26774215698242,64.29376220703125,64.57501220703125,63.28126525878906,63.56251525878906,2830305
2012-07-06,38.82112121582031,63.56251525878906,64.40626525878906,63.028141021728516,64.12501525878906,3797719
2012-07-09,38.75241470336914,63.450016021728516,63.56251525878906,63.05626678466797,63.47814178466797,2397364
2012-07-10,38.87266540527344,63.646888732910156,63.98439025878906,62.85939025878906,62.943763732910156,3199920
2012-07-11,39.04443359375,63.928138732910156,64.40626525878906,63.39376449584961,63.39376449584961,2903254
2012-07-12,38.632179260253906,63.25313949584961,63.90001678466797,63.05626678466797,63.90001678466797,2728401
2012-07-13,38.494754791259766,63.028141021728516,63.56251525878906,62.85939025878906,63.33751678466797,1672753
2012-07-16,38.70089340209961,63.365638732910156,63.67501449584961,62.49376678466797,62.85939025878906,3148848
2012-07-17,38.56346893310547,63.14064025878906,63.590641021728516,62.943763732910156,63.450016021728516,2407572
2012-07-18,38.202735900878906,62.55001449584961,63.309391021728516,62.29689025878906,63.05626678466797,2516255
2012-07-19,38.47758102416992,63.00001525878906,63.450016021728516,62.71876525878906,62.97188949584961,2171498
2012-07-20,38.219913482666016,62.57814025878906,63.28126525878906,62.325016021728516,62.606266021728516,1581366
2012-07-23,37.54999923706055,61.481266021728516,62.43751525878906,61.340641021728516,62.240638732910156,2728477
2012-07-24,38.11684799194336,62.40938949584961,63.19689178466797,61.256263732910156,61.396888732910156,8366909
2012-07-25,38.04814147949219,62.29689025878906,62.662513732910156,61.059391021728516,62.240638732910156,6131518
2012-07-26,38.39169692993164,62.85939025878906,63.28126525878906,61.98751449584961,62.40938949584961,10181302
2012-07-27,39.28491973876953,64.32189178466797,64.68751525878906,63.05626678466797,63.731266021728516,4785341
2012-07-30,40.59040069580078,66.45938873291016,66.65626525878906,64.12501525878906,64.37814331054688,10354713
2012-07-31,40.86524963378906,66.90939331054688,67.89376831054688,66.45938873291016,66.48751831054688,13034800
2012-08-01,40.8824348449707,66.93751525878906,67.21876525878906,66.15001678466797,66.65626525878906,5116745
2012-08-02,40.57322311401367,66.43126678466797,67.07814025878906,66.31876373291016,66.43126678466797,5172210
2012-08-03,40.641937255859375,66.54376220703125,66.96563720703125,65.64376831054688,66.00939178466797,3992386
2012-08-06,41.380577087402344,67.75314331054688,68.11876678466797,66.71251678466797,66.90939331054688,3989076
2012-08-07,40.72781753540039,66.68438720703125,67.97814178466797,66.26251220703125,67.64064025878906,5499481
2012-08-08,40.86524963378906,66.90939331054688,67.10626220703125,66.54376220703125,66.79689025878906,5783459
2012-08-09,40.899593353271484,66.96563720703125,67.64064025878906,66.57189178466797,66.99376678466797,4304923
2012-08-10,41.071372985839844,67.24688720703125,68.37189483642578,66.48751831054688,66.90939331054688,4906011
2012-08-13,41.19161605834961,67.44376373291016,67.64064025878906,66.43126678466797,66.93751525878906,2775124
2012-08-14,41.24315643310547,67.52813720703125,68.00626373291016,66.74063873291016,66.74063873291016,3520379
2012-08-16,41.26033401489258,67.55626678466797,68.90626525878906,66.79689025878906,67.50001525878906,3368688
2012-08-17,40.41863250732422,66.17813873291016,68.06251525878906,65.39064025878906,67.69689178466797,4100386
2012-08-21,41.071372985839844,67.24688720703125,67.64064025878906,65.55938720703125,65.84063720703125,2904667
2012-08-22,40.86524963378906,66.90939331054688,67.27501678466797,66.48751831054688,66.68438720703125,1988035
2012-08-23,40.34992599487305,66.06564331054688,67.07814025878906,65.70001220703125,67.07814025878906,4652302
2012-08-24,40.22968673706055,65.86876678466797,66.57189178466797,65.36251831054688,65.81251525878906,5080546
2012-08-27,40.641937255859375,66.54376220703125,66.76876831054688,65.67189025878906,65.70001220703125,1296282
2012-08-28,41.74129867553711,68.34376525878906,69.18751525878906,66.48751831054688,66.65626525878906,4356311
2012-08-29,40.899593353271484,66.96563720703125,69.13126373291016,66.54376220703125,68.62501525878906,6345767
2012-08-30,41.82719039916992,68.48439025878906,69.18751525878906,66.48751831054688,66.90939331054688,9698034
2012-08-31,41.03702163696289,67.19064331054688,68.45626831054688,66.82501220703125,68.45626831054688,6414695
2012-09-03,41.75847625732422,68.37189483642578,68.62501525878906,67.52813720703125,67.55626678466797,3891463
2012-09-04,42.58300018310547,69.72189331054688,70.14376831054688,68.06251525878906,68.06251525878906,8607402
2012-09-05,42.60383224487305,69.01876831054688,70.00314331054688,68.76564025878906,69.18751525878906,5181748
2012-09-06,42.048282623291016,68.11876678466797,68.99063873291016,67.10626220703125,68.99063873291016,2059057
2012-09-07,42.32605743408203,68.56876373291016,69.10314178466797,68.34376525878906,68.90626525878906,1292419
2012-09-10,42.34341812133789,68.59689331054688,69.18751525878906,68.06251525878906,68.25939178466797,2343064
2012-09-11,41.9962043762207,68.03439331054688,68.56876373291016,67.61251831054688,68.20314025878906,1345773
2012-09-12,42.15244674682617,68.28751373291016,68.56876373291016,67.58438873291016,68.34376525878906,2846913
2012-09-13,42.06563949584961,68.14688873291016,68.96251678466797,67.78126525878906,67.89376831054688,2572173
2012-09-14,41.66633605957031,67.50001525878906,69.10314178466797,66.88126373291016,68.62501525878906,13519349
2012-09-17,40.833003997802734,66.15001678466797,68.11876678466797,65.78439331054688,67.95001220703125,12665195
2012-09-18,40.850379943847656,66.17813873291016,67.38751220703125,65.81251525878906,66.20626831054688,8408810
2012-09-20,40.53786849975586,65.67189025878906,66.48751831054688,65.25001525878906,65.25001525878906,6301939
2012-09-21,41.753150939941406,67.64064025878906,68.06251525878906,65.95314025878906,65.95314025878906,8707245
2012-09-24,41.006622314453125,66.43126678466797,68.34376525878906,66.09376525878906,67.61251831054688,7593484
2012-09-25,40.7635612487793,66.03751373291016,67.07814025878906,65.02501678466797,66.82501220703125,11733607
2012-09-26,40.62467956542969,65.81251525878906,66.34689331054688,65.41876220703125,65.81251525878906,9302273
2012-09-27,40.53786849975586,65.67189025878906,66.57189178466797,65.27813720703125,65.86876678466797,12478679
2012-09-28,41.839942932128906,67.78126525878906,67.89376831054688,66.09376525878906,66.09376525878906,8847242
2012-10-01,41.68370056152344,67.52813720703125,68.06251525878906,66.82501220703125,67.52813720703125,5138030
2012-10-03,40.850379943847656,66.17813873291016,68.06251525878906,65.98126220703125,67.50001525878906,12133968
2012-10-04,40.97190856933594,66.37501525878906,66.93751525878906,65.53126525878906,66.54376220703125,7257841
2012-10-05,41.041343688964844,66.48751831054688,66.99376678466797,66.37501525878906,66.79689025878906,11584935
2012-10-08,41.21495056152344,66.76876831054688,67.19064331054688,65.84063720703125,66.37501525878906,6807880
2012-10-09,41.73579025268555,67.61251831054688,67.78126525878906,66.29064178466797,66.99376678466797,5205666
2012-10-10,41.475364685058594,67.19064331054688,67.86563873291016,66.37501525878906,67.38751220703125,7436554
2012-10-11,41.37119674682617,67.02188873291016,67.83751678466797,66.71251678466797,67.50001525878906,5476615
2012-10-12,41.648983001708984,67.47189331054688,67.72501373291016,64.68751525878906,66.93751525878906,2847441
2012-10-15,41.267032623291016,66.85314178466797,68.03439331054688,66.62814331054688,67.27501678466797,7208908
2012-10-16,41.180233001708984,66.71251678466797,67.33126831054688,66.51564025878906,66.99376678466797,4006297
2012-10-17,41.57953643798828,67.35939025878906,67.50001525878906,66.65626525878906,67.16251373291016,2639928
2012-10-18,41.87466812133789,67.83751678466797,68.00626373291016,67.16251373291016,67.50001525878906,2525746
2012-10-19,41.458011627197266,67.16251373291016,67.78126525878906,66.93751525878906,67.50001525878906,3153069
2012-10-22,41.180233001708984,66.71251678466797,67.05001831054688,66.34689331054688,66.62814331054688,4657141
2012-10-23,40.780941009521484,66.06564331054688,66.74063873291016,65.98126220703125,66.45938873291016,3935245
2012-10-25,40.5205192565918,65.64376831054688,66.37501525878906,65.30626678466797,66.26251220703125,12050023
2012-10-29,39.91288375854492,64.65939331054688,64.99688720703125,64.20938873291016,64.20938873291016,2123473
2012-10-30,39.30524444580078,63.67501449584961,64.88439178466797,63.450016021728516,64.74376678466797,2570824
2012-10-31,39.58302307128906,64.12501525878906,64.40626525878906,63.590641021728516,63.928138732910156,1852024
2012-11-01,40.60730743408203,65.78439331054688,66.03751373291016,64.85626220703125,64.85626220703125,4524439
2012-11-02,40.97190856933594,66.37501525878906,66.54376220703125,65.86876678466797,66.15001678466797,4726469
2012-11-05,40.64203643798828,65.84063720703125,66.37501525878906,65.70001220703125,66.31876373291016,3632141
2012-11-06,41.54481506347656,67.30313873291016,67.44376373291016,65.53126525878906,66.20626831054688,4718509
2012-11-07,41.66633605957031,67.50001525878906,67.83751678466797,66.93751525878906,67.21876525878906,4694784
2012-11-08,41.267032623291016,66.85314178466797,67.10626220703125,66.48751831054688,66.90939331054688,3005197
2012-11-09,41.51008987426758,67.24688720703125,68.00626373291016,66.60001373291016,66.76876831054688,5518512
2012-11-12,41.66633605957031,67.50001525878906,67.92189025878906,67.30313873291016,67.30313873291016,5986709
2012-11-15,41.63161087036133,67.44376373291016,67.66876220703125,66.74063873291016,66.99376678466797,11277862
2012-11-16,41.35383987426758,66.99376678466797,67.47189331054688,66.54376220703125,67.38751220703125,7952790
2012-11-19,41.68370056152344,67.52813720703125,67.72501373291016,66.76876831054688,66.99376678466797,4682624
2012-11-20,42.39550018310547,68.68126678466797,68.87814331054688,67.55626678466797,67.58438873291016,5826060
2012-11-21,41.70106506347656,67.55626678466797,68.87814331054688,67.13439178466797,68.68126678466797,8050611
2012-11-22,41.35383987426758,66.99376678466797,67.86563873291016,66.76876831054688,67.64064025878906,3266009
2012-11-23,41.57953643798828,67.35939025878906,68.06251525878906,66.85314178466797,67.21876525878906,2809752
2012-11-26,41.80523681640625,67.72501373291016,67.83751678466797,66.96563720703125,67.50001525878906,2935121
2012-11-27,41.16285705566406,66.68438720703125,68.03439331054688,66.51564025878906,67.78126525878906,7105541
2012-11-29,40.93717956542969,66.31876373291016,66.96563720703125,65.75626373291016,66.65626525878906,15583782
2012-11-30,40.93717956542969,66.31876373291016,66.85314178466797,65.98126220703125,66.48751831054688,9986088
2012-12-03,41.301761627197266,66.90939331054688,66.99376678466797,66.12188720703125,66.45938873291016,5791740
2012-12-04,41.82258605957031,67.75314331054688,68.06251525878906,66.76876831054688,66.90939331054688,8486828
2012-12-05,41.71842956542969,67.58438873291016,68.20314025878906,66.93751525878906,67.92189025878906,7991825
2012-12-06,41.68370056152344,67.52813720703125,67.83751678466797,66.74063873291016,67.78126525878906,3888336
2012-12-07,41.21495056152344,66.76876831054688,67.75314331054688,66.43126678466797,67.66876220703125,3172271
2012-12-10,41.16285705566406,66.68438720703125,67.02188873291016,66.37501525878906,66.82501220703125,2674532
2012-12-11,40.79829788208008,66.09376525878906,67.05001831054688,65.98126220703125,66.93751525878906,5034484
2012-12-12,40.711483001708984,65.95314025878906,66.57189178466797,65.70001220703125,66.34689331054688,6283865
2012-12-13,41.058712005615234,66.51564025878906,66.79689025878906,66.15001678466797,66.31876373291016,7727857
2012-12-14,40.3642692565918,65.39064025878906,66.48751831054688,65.10939025878906,66.48751831054688,6097530
2012-12-17,40.398990631103516,65.44689178466797,65.92501831054688,64.94064331054688,65.41876220703125,3910978
2012-12-18,40.65940475463867,65.86876678466797,66.31876373291016,65.30626678466797,65.81251525878906,4553554
2012-12-19,40.3469123840332,65.36251831054688,66.20626831054688,64.82814025878906,66.12188720703125,6136261
2012-12-20,40.20801544189453,65.13751220703125,65.75626373291016,64.96876525878906,65.75626373291016,2121800
2012-12-21,39.82608413696289,64.51876831054688,65.10939025878906,64.40626525878906,65.02501678466797,3053451
2012-12-24,39.72190475463867,64.35001373291016,65.22189331054688,64.04064178466797,64.57501220703125,2156093
2012-12-26,40.034400939941406,64.85626220703125,65.36251831054688,64.46251678466797,64.57501220703125,2963625
2012-12-27,39.392051696777344,63.81563949584961,65.25001525878906,63.61876678466797,64.88439178466797,7464142
2012-12-28,39.40940856933594,63.84376525878906,64.91251373291016,63.168766021728516,64.35001373291016,6441596
2012-12-31,39.84343338012695,64.54689025878906,64.68751525878906,63.787513732910156,63.84376525878906,1528669
2013-01-01,39.53093338012695,64.04064178466797,65.02501678466797,63.95626449584961,64.77188873291016,6397127
2013-01-02,39.270530700683594,63.61876678466797,64.57501220703125,63.506263732910156,64.18126678466797,10823940
2013-01-03,39.63509750366211,64.20938873291016,64.54689025878906,63.646888732910156,64.01251220703125,7768126
2013-01-04,39.91288375854492,64.65939331054688,64.77188873291016,63.871891021728516,64.40626525878906,7374977
2013-01-07,39.72190475463867,64.35001373291016,64.77188873291016,63.871891021728516,64.68751525878906,5751436
2013-01-08,40.4337158203125,65.50314331054688,65.67189025878906,64.12501525878906,64.15313720703125,7147399
2013-01-09,40.121212005615234,64.99688720703125,65.78439331054688,64.74376678466797,65.67189025878906,8208348
2013-01-10,39.54830551147461,64.06876373291016,65.64376831054688,63.84376525878906,65.08126831054688,5482985
2013-01-11,39.28788757324219,63.646888732910156,64.23751831054688,63.47814178466797,64.18126678466797,7053838
2013-01-14,38.90595245361328,63.028141021728516,64.29376220703125,62.85939025878906,63.61876678466797,10369465
2013-01-15,38.55873107910156,62.465641021728516,63.61876678466797,62.35314178466797,63.28126525878906,7333310
2013-01-16,38.90595245361328,63.028141021728516,63.225013732910156,62.100013732910156,62.43751525878906,12729863
2013-01-17,39.114288330078125,63.365638732910156,63.590641021728516,62.57814025878906,63.05626678466797,8720890
2013-01-18,39.91288375854492,64.65939331054688,64.94064331054688,63.00001525878906,63.39376449584961,11437257
2013-01-21,39.54830551147461,64.06876373291016,64.74376678466797,63.67501449584961,64.32189178466797,5767870
2013-01-22,39.40940856933594,63.84376525878906,64.82814025878906,63.450016021728516,64.18126678466797,5102821
2013-01-23,38.940670013427734,63.084388732910156,64.46251678466797,62.746891021728516,64.12501525878906,4125262
2013-01-24,38.52400207519531,62.40938949584961,63.309391021728516,62.26876449584961,63.11251449584961,7597320
2013-01-25,38.54136657714844,62.43751525878906,62.803138732910156,62.043766021728516,62.043766021728516,5876853
2013-01-28,38.85386276245117,62.943763732910156,63.14064025878906,61.73439025878906,62.49376678466797,4530765
2013-01-29,38.92332077026367,63.05626678466797,63.787513732910156,62.55001449584961,62.803138732910156,8933771
2013-01-30,38.71498107910156,62.71876525878906,63.450016021728516,62.35314178466797,63.00001525878906,6691139
2013-01-31,38.263587951660156,61.98751449584961,62.97188949584961,61.65001678466797,62.55001449584961,10621030
2013-02-01,38.35039520263672,62.12813949584961,62.55001449584961,61.818763732910156,61.959388732910156,6533829
2013-02-04,38.61080551147461,62.55001449584961,62.83126449584961,62.15626525878906,62.184391021728516,4150438
2013-02-05,38.05525588989258,61.65001678466797,62.40938949584961,61.42501449584961,62.29689025878906,2184943
2013-02-06,37.96845245361328,61.50939178466797,62.240638732910156,61.31251525878906,61.903141021728516,2852740
2013-02-07,38.74968719482422,62.77501678466797,63.19689178466797,61.59376525878906,61.59376525878906,5059086
2013-02-08,38.62816619873047,62.57814025878906,63.450016021728516,62.21251678466797,63.00001525878906,5162866
2013-02-11,39.079551696777344,63.309391021728516,63.42189025878906,62.07189178466797,62.71876525878906,3760946
2013-02-12,39.18372344970703,63.47814178466797,64.88439178466797,62.662513732910156,62.83126449584961,9796530
2013-02-13,38.159420013427734,61.818763732910156,64.68751525878906,61.481266021728516,64.68751525878906,7821046
2013-02-14,36.70110321044922,59.45626449584961,62.100013732910156,58.4156379699707,61.87501525878906,14843823
2013-02-15,37.25114440917969,59.428138732910156,59.76564025878906,58.21876525878906,58.8375129699707,8479053
2013-02-18,38.16787338256836,60.89064025878906,61.537513732910156,59.20314025878906,59.20314025878906,8321446
2013-02-19,38.220767974853516,60.975013732910156,61.115638732910156,60.30001449584961,60.89064025878906,8484570
2013-02-20,38.13261413574219,60.834388732910156,61.678138732910156,60.412513732910156,61.03126525878906,7964693
2013-02-21,37.674251556396484,60.10314178466797,61.28438949584961,59.8218879699707,60.637516021728516,6464828
2013-02-22,38.44995880126953,61.340641021728516,61.59376525878906,60.18751525878906,60.52501678466797,14054231
2013-02-25,39.507713317871094,63.028141021728516,63.14064025878906,61.45314025878906,61.59376525878906,15983553
2013-02-26,39.11986541748047,62.40938949584961,62.943763732910156,61.98751449584961,62.943763732910156,17614848
2013-02-27,38.39706802368164,61.256263732910156,62.91564178466797,61.08751678466797,62.71876525878906,9561570
2013-02-28,36.77513885498047,58.66876220703125,61.87501525878906,57.40313720703125,61.65001678466797,11505348
2013-03-01,38.06209945678711,60.72188949584961,61.31251525878906,58.66876220703125,59.45626449584961,9664596
2013-03-04,38.238399505615234,61.00313949584961,61.59376525878906,59.79376220703125,60.75001525878906,5835406
2013-03-05,38.29128646850586,61.08751678466797,61.31251525878906,59.90626525878906,61.059391021728516,4342564
2013-03-06,37.956329345703125,60.553138732910156,61.31251525878906,60.38439178466797,61.08751678466797,2348098
2013-03-07,38.15024948120117,60.86251449584961,61.200016021728516,60.271888732910156,60.271888732910156,3784471
2013-03-08,38.784908294677734,61.87501525878906,61.959388732910156,60.778141021728516,61.256263732910156,5865486
2013-03-11,38.925941467285156,62.100013732910156,62.29689025878906,61.31251525878906,61.84688949584961,3872022
2013-03-12,38.52046585083008,61.45314025878906,62.21251678466797,60.80626678466797,62.21251678466797,5729772
2013-03-13,38.714393615722656,61.762516021728516,62.01564025878906,61.200016021728516,61.36876678466797,4784709
2013-03-14,38.6614990234375,61.678138732910156,61.87501525878906,61.17189025878906,61.65001678466797,4923712
2013-03-15,38.43231964111328,61.31251525878906,61.903141021728516,61.00313949584961,61.537513732910156,4917271
2013-03-18,38.344173431396484,61.17189025878906,61.31251525878906,61.03126525878906,61.256263732910156,3593844
2013-03-19,37.76239013671875,60.24376678466797,61.537513732910156,59.09063720703125,61.28438949584961,5195989
2013-03-20,36.79276657104492,58.6968879699707,60.131263732910156,58.38751220703125,59.93438720703125,5025753
2013-03-21,35.823143005371094,57.1500129699707,59.23126220703125,56.7281379699707,58.50001525878906,4921271
2013-03-22,36.12285232543945,57.62813949584961,58.05001449584961,56.7281379699707,57.178138732910156,8653798
2013-03-25,36.63410568237305,58.443763732910156,58.80938720703125,57.93751525878906,58.162513732910156,4166875
2013-03-26,37.02195739746094,59.06251525878906,59.23126220703125,58.21876525878906,58.21876525878906,3767435
2013-03-28,37.304019927978516,59.51251220703125,59.850013732910156,58.5562629699707,59.03438949584961,4534130
2013-04-01,37.19824981689453,59.34376525878906,59.87813949584961,58.92189025878906,59.20314025878906,1691135
2013-04-02,37.550846099853516,59.90626525878906,60.553138732910156,59.1187629699707,59.59688949584961,4652635
2013-04-03,37.44506072998047,59.73751449584961,59.9625129699707,59.37188720703125,59.5406379699707,2361750
2013-04-04,36.84566116333008,58.78126525878906,59.87813949584961,58.38751220703125,59.48439025878906,3713922
2013-04-05,36.8985481262207,58.865638732910156,59.06251525878906,58.35939025878906,58.35939025878906,8205260
2013-04-08,36.72226333618164,58.584388732910156,59.62501525878906,58.21876525878906,59.06251525878906,3096875
2013-04-09,36.42256164550781,58.10626220703125,59.73751449584961,57.82501220703125,58.80938720703125,2293912
2013-04-10,36.880924224853516,58.8375129699707,58.95001220703125,57.881263732910156,58.24688720703125,1905585
2013-04-11,36.51070022583008,58.24688720703125,58.95001220703125,58.021888732910156,58.95001220703125,3329986
2013-04-12,37.19824981689453,59.34376525878906,59.5406379699707,57.96563720703125,57.96563720703125,1819318
2013-04-15,36.68698501586914,58.52813720703125,59.06251525878906,58.303138732910156,59.06251525878906,2619515
2013-04-16,37.691871643066406,60.131263732910156,60.693763732910156,58.50001525878906,58.52813720703125,2546545
2013-04-17,37.691871643066406,60.131263732910156,60.834388732910156,59.76564025878906,60.131263732910156,3775629
2013-04-18,37.727149963378906,60.18751525878906,60.693763732910156,59.20314025878906,59.709388732910156,5080676
2013-04-22,38.57335662841797,61.537513732910156,62.21251678466797,59.76564025878906,59.76564025878906,5577118
2013-04-23,38.67913818359375,61.70626449584961,61.87501525878906,61.14376449584961,61.31251525878906,2951714
2013-04-25,38.73202133178711,61.79064178466797,63.168766021728516,60.75001525878906,61.36876678466797,7103973
2013-04-26,38.890682220458984,62.043766021728516,62.26876449584961,61.59376525878906,62.01564025878906,3417359
2013-04-29,38.94356918334961,62.12813949584961,62.662513732910156,61.621891021728516,61.621891021728516,5263605
2013-04-30,39.56060791015625,63.11251449584961,63.646888732910156,61.59376525878906,61.98751449584961,5652599
2013-05-02,40.51259231567383,64.63126373291016,64.96876525878906,62.57814025878906,62.606266021728516,7787838
2013-05-03,39.490089416503906,63.00001525878906,64.80001831054688,62.803138732910156,64.06876373291016,3489204
2013-05-06,39.52535629272461,63.05626678466797,63.53438949584961,62.325016021728516,62.746891021728516,1570856
2013-05-07,39.73689651489258,63.39376449584961,63.98439025878906,62.100013732910156,62.943763732910156,4295563
2013-05-08,40.45970153808594,64.54689025878906,64.77188873291016,63.365638732910156,63.365638732910156,4623152
2013-05-09,40.01897430419922,63.84376525878906,64.80001831054688,63.450016021728516,64.68751525878906,3439496
2013-05-10,39.61349105834961,63.19689178466797,64.43438720703125,63.00001525878906,63.47814178466797,3388720
2013-05-13,39.56060791015625,63.11251449584961,63.56251525878906,62.662513732910156,62.77501678466797,3486486
2013-05-14,40.318668365478516,64.32189178466797,64.77188873291016,63.168766021728516,63.168766021728516,5187764
2013-05-15,40.10712432861328,63.98439025878906,65.02501678466797,63.56251525878906,64.46251678466797,7598979
2013-05-16,40.160011291503906,64.06876373291016,64.82814025878906,63.67501449584961,63.70314025878906,7843384
2013-05-17,40.91807556152344,65.27813720703125,65.75626373291016,63.98439025878906,64.12501525878906,4225774
2013-05-20,40.301048278808594,64.29376220703125,65.30626678466797,64.12501525878906,65.25001525878906,6051683
2013-05-21,39.73689651489258,63.39376449584961,64.63126373291016,62.91564178466797,64.18126678466797,3901355
2013-05-22,39.71927261352539,63.365638732910156,63.61876678466797,62.943763732910156,63.56251525878906,4300192
2013-05-23,38.64386749267578,61.65001678466797,63.47814178466797,61.31251525878906,63.084388732910156,5416658
2013-05-24,38.43231964111328,61.31251525878906,62.325016021728516,60.80626678466797,62.325016021728516,4295474
2013-05-27,39.54298400878906,63.084388732910156,63.39376449584961,61.31251525878906,61.42501449584961,1976291
2013-05-28,39.6663818359375,63.28126525878906,63.95626449584961,62.943763732910156,63.19689178466797,3947350
2013-05-29,40.01897430419922,63.84376525878906,64.09689331054688,63.11251449584961,63.53438949584961,4123634
2013-05-30,40.3363037109375,64.35001373291016,64.68751525878906,63.084388732910156,63.67501449584961,4814631
2013-05-31,39.948455810546875,63.731266021728516,64.68751525878906,63.365638732910156,64.65939331054688,8210037
2013-06-03,39.278541564941406,62.662513732910156,63.787513732910156,62.240638732910156,63.75939178466797,2337051
2013-06-04,39.91318893432617,63.67501449584961,64.04064178466797,62.55001449584961,62.55001449584961,6339450
2013-06-05,39.64875793457031,63.25313949584961,63.506263732910156,62.97188949584961,63.309391021728516,2941759
2013-06-06,39.507713317871094,63.028141021728516,63.33751678466797,62.83126449584961,62.83126449584961,3741327
2013-06-07,39.01409149169922,62.240638732910156,63.39376449584961,62.12813949584961,62.465641021728516,3373193
2013-06-10,38.784908294677734,61.87501525878906,62.71876525878906,61.762516021728516,62.43751525878906,4178032
2013-06-11,38.0268440246582,60.66564178466797,62.91564178466797,60.356266021728516,61.50939178466797,4988953
2013-06-12,38.0797233581543,60.75001525878906,61.537513732910156,60.30001449584961,60.75001525878906,1985386
2013-06-13,37.286399841308594,59.48439025878906,60.975013732910156,59.2593879699707,60.32814025878906,3320850
2013-06-14,38.46757888793945,61.36876678466797,61.59376525878906,59.62501525878906,59.76564025878906,5440747
2013-06-17,38.15024948120117,60.86251449584961,61.56563949584961,60.18751525878906,61.340641021728516,1761508
2013-06-18,38.220767974853516,60.975013732910156,61.70626449584961,60.38439178466797,60.75001525878906,2599492
2013-06-19,37.90343475341797,60.46876525878906,60.86251449584961,60.10314178466797,60.72188949584961,3158484
2013-06-20,37.321659088134766,59.5406379699707,60.356266021728516,59.37188720703125,60.30001449584961,3936637
2013-06-21,37.79765319824219,60.30001449584961,60.553138732910156,59.06251525878906,59.428138732910156,8100913
2013-06-24,37.33928298950195,59.568763732910156,61.03126525878906,59.09063720703125,59.9625129699707,7726193
2013-06-25,36.35203170776367,57.9937629699707,60.18751525878906,57.40313720703125,59.73751449584961,5865050
2013-06-26,37.37455368041992,59.62501525878906,59.850013732910156,57.62813949584961,57.82501220703125,9917951
2013-06-27,37.56846618652344,59.93438720703125,60.75001525878906,59.5406379699707,59.90626525878906,10124040
2013-06-28,39.243282318115234,62.606266021728516,63.05626678466797,60.18751525878906,60.18751525878906,13955319
2013-07-01,39.80742263793945,63.506263732910156,63.731266021728516,62.15626525878906,62.15626525878906,4880398
2013-07-02,39.26091003417969,62.63439178466797,63.450016021728516,62.21251678466797,63.05626678466797,4836103
2013-07-03,38.185508728027344,60.918766021728516,62.29689025878906,60.637516021728516,62.29689025878906,3203552
2013-07-04,37.956329345703125,60.553138732910156,61.59376525878906,59.76564025878906,61.03126525878906,5239017
2013-07-05,37.938690185546875,60.52501678466797,61.256263732910156,60.075016021728516,60.75001525878906,2878063
2013-07-08,37.12773513793945,59.23126220703125,60.46876525878906,58.95001220703125,60.46876525878906,5074736
2013-07-09,38.73202133178711,61.79064178466797,61.87501525878906,59.5406379699707,59.79376220703125,5626482
2013-07-10,38.13261413574219,60.834388732910156,62.49376678466797,60.66564178466797,62.12813949584961,6811029
2013-07-11,38.9083137512207,62.07189178466797,62.662513732910156,61.396888732910156,61.84688949584961,5779104
2013-07-12,38.890682220458984,62.043766021728516,62.29689025878906,60.778141021728516,62.26876449584961,3580274
2013-07-15,38.80253982543945,61.903141021728516,62.40938949584961,61.340641021728516,61.84688949584961,2918182
2013-07-16,38.85542678833008,61.98751449584961,62.381263732910156,60.918766021728516,60.918766021728516,2477162
2013-07-17,39.10223388671875,62.381263732910156,63.11251449584961,61.762516021728516,61.93126678466797,9890923
2013-07-18,39.13750076293945,62.43751525878906,62.83126449584961,62.01564025878906,62.184391021728516,5820812
2013-07-19,39.26091003417969,62.63439178466797,62.887516021728516,62.21251678466797,62.887516021728516,4552788
2013-07-22,39.19038391113281,62.521888732910156,62.887516021728516,62.043766021728516,62.26876449584961,2515956
2013-07-23,38.83779525756836,61.959388732910156,63.14064025878906,61.42501449584961,63.14064025878906,5415186
2013-07-24,38.784908294677734,61.87501525878906,62.240638732910156,61.17189025878906,61.36876678466797,2594203
2013-07-25,38.83779525756836,61.959388732910156,62.85939025878906,59.79376220703125,62.21251678466797,4206471
2013-07-26,38.20313262939453,60.94689178466797,62.29689025878906,60.778141021728516,62.15626525878906,5399927
2013-07-29,38.11499786376953,60.80626678466797,61.678138732910156,60.38439178466797,61.42501449584961,2056881
2013-07-30,37.215885162353516,59.37188720703125,60.86251449584961,58.865638732910156,60.80626678466797,1322467
2013-07-31,35.64685821533203,56.8687629699707,59.06251525878906,55.2656364440918,58.5562629699707,6050144
2013-08-01,36.263893127441406,57.8531379699707,58.47188949584961,55.6875114440918,56.70001220703125,4448345
2013-08-02,32.2091064453125,51.3843879699707,56.4468879699707,48.68438720703125,55.6875114440918,31014744
2013-08-05,32.89665603637695,52.48126220703125,53.32501220703125,49.331260681152344,51.721885681152344,15799229
2013-08-06,32.984806060791016,52.62188720703125,53.7187614440918,52.00313949584961,52.3125114440918,14382559
2013-08-07,32.89665603637695,52.48126220703125,53.40938949584961,52.05938720703125,52.8750114440918,5717703
2013-08-08,33.84864044189453,54.0000114440918,54.5625114440918,52.5937614440918,52.76251220703125,6778874
2013-08-12,33.53131866455078,53.4937629699707,54.787513732910156,53.2125129699707,54.2812614440918,9452703
2013-08-13,33.90153503417969,54.084388732910156,54.2812614440918,52.8750114440918,53.40938949584961,2256717
2013-08-14,34.23649597167969,54.6187629699707,55.209388732910156,53.74688720703125,54.0000114440918,9066232
2013-08-16,34.553829193115234,55.1250114440918,55.71563720703125,53.7187614440918,54.6187629699707,16654810
2013-08-19,34.02493667602539,54.2812614440918,54.95626449584961,53.2968864440918,54.6187629699707,5042098
2013-08-20,34.00730895996094,54.25313949584961,54.5625114440918,53.3531379699707,54.2812614440918,5439143
2013-08-21,34.41278839111328,54.9000129699707,55.6031379699707,54.365638732910156,54.53438949584961,17512680
2013-08-22,34.58907699584961,55.1812629699707,55.5468864440918,54.02813720703125,54.5625114440918,11299648
2013-08-23,34.483306884765625,55.01251220703125,55.23751449584961,54.3375129699707,55.01251220703125,19297499
2013-08-26,34.536197662353516,55.09688949584961,55.37813949584961,54.67501449584961,54.95626449584961,24410353
2013-08-27,33.742862701416016,53.83126449584961,58.07814025878906,53.32501220703125,55.1250114440918,13466053
2013-08-28,33.090576171875,52.7906379699707,54.45001220703125,51.834388732910156,53.4375114440918,11398478
2013-08-29,34.307010650634766,54.73126220703125,55.4062614440918,52.7343864440918,52.7343864440918,15533827
2013-08-30,34.430419921875,54.928138732910156,55.3218879699707,52.76251220703125,54.506263732910156,8242572
2013-09-02,34.90641403198242,55.6875114440918,55.9687614440918,54.67501449584961,54.95626449584961,15403306
2013-09-03,33.725242614746094,53.803138732910156,56.25001525878906,52.959388732910156,55.9687614440918,4877060
2013-09-04,33.97205352783203,54.1968879699707,54.506263732910156,52.959388732910156,53.2125129699707,4850453
2013-09-05,34.32529830932617,54.11251449584961,56.50313949584961,53.4375114440918,54.87188720703125,9746210
2013-09-06,35.30653762817383,55.65938949584961,56.475013732910156,53.4937629699707,53.97188949584961,7041237
2013-09-10,36.484012603759766,57.51564025878906,58.24688720703125,55.8281364440918,55.8281364440918,8723482
2013-09-11,35.324371337890625,55.6875114440918,57.881263732910156,55.15313720703125,57.318763732910156,5150080
2013-09-12,35.324371337890625,55.6875114440918,56.615638732910156,55.2656364440918,55.9687614440918,5409563
2013-09-13,35.59197998046875,56.10939025878906,56.36251449584961,55.37813949584961,55.4062614440918,6331674
2013-09-16,36.591060638427734,57.68438720703125,58.47188949584961,55.80001449584961,56.10939025878906,14084730
2013-09-17,36.23422622680664,57.12188720703125,57.68438720703125,55.43438720703125,57.40313720703125,5923058
2013-09-18,35.823909759521484,56.475013732910156,57.09376525878906,55.631263732910156,56.53126525878906,4635243
2013-09-19,35.823909759521484,56.475013732910156,58.584388732910156,55.8281364440918,57.82501220703125,10203659
2013-09-20,36.25208282470703,57.1500129699707,57.68438720703125,56.53126525878906,56.67189025878906,15290056
2013-09-23,35.413578033447266,55.8281364440918,56.756263732910156,55.6031379699707,56.3062629699707,3730187
2013-09-24,35.37789535522461,55.771888732910156,56.1656379699707,55.15313720703125,55.43438720703125,8304198
2013-09-25,35.859588623046875,56.53126525878906,56.7281379699707,55.23751449584961,55.6875114440918,5150528
2013-09-26,35.43141555786133,55.85626220703125,56.39064025878906,55.43438720703125,56.25001525878906,6791644
2013-09-27,35.30653762817383,55.65938949584961,56.475013732910156,55.43438720703125,55.85626220703125,4575709
2013-09-30,34.98540115356445,55.15313720703125,55.65938949584961,54.4218864440918,55.23751449584961,5763141
2013-10-01,35.324371337890625,55.6875114440918,55.80001449584961,55.068763732910156,55.2656364440918,4024187
2013-10-03,35.6455078125,56.193763732910156,56.39064025878906,55.4625129699707,56.25001525878906,11166670
2013-10-04,34.949729919433594,55.09688949584961,55.9687614440918,54.95626449584961,55.9687614440918,16408671
2013-10-07,34.98540115356445,55.15313720703125,55.23751449584961,54.30938720703125,54.87188720703125,3643908
2013-10-08,35.05677032470703,55.2656364440918,55.57501220703125,54.95626449584961,55.4625129699707,7001377
2013-10-09,35.34220886230469,55.71563720703125,55.912513732910156,54.8437614440918,54.8437614440918,5815351
2013-10-10,35.413578033447266,55.8281364440918,55.99688720703125,55.2656364440918,55.71563720703125,4045318
2013-10-11,35.30653762817383,55.65938949584961,56.193763732910156,55.490638732910156,55.99688720703125,2594571
2013-10-14,35.52061462402344,55.99688720703125,56.193763732910156,55.29376220703125,55.6875114440918,3588795
2013-10-15,35.30653762817383,55.65938949584961,56.334388732910156,55.2656364440918,56.053138732910156,6566169
2013-10-17,34.8248405456543,54.9000129699707,56.13751220703125,54.59063720703125,55.5468864440918,7117518
2013-10-18,35.502769470214844,55.9687614440918,56.25001525878906,54.59063720703125,55.4062614440918,15690831
2013-10-21,35.502769470214844,55.9687614440918,56.22188949584961,55.71563720703125,55.9687614440918,2023039
2013-10-22,36.3769645690918,57.34688949584961,58.2750129699707,55.85626220703125,55.85626220703125,9232804
2013-10-23,35.89527130126953,56.5875129699707,58.10626220703125,56.41876220703125,57.881263732910156,3579487
2013-10-24,35.324371337890625,55.6875114440918,57.12188720703125,55.23751449584961,56.81251525878906,7207079
2013-10-25,35.75254821777344,56.36251449584961,56.67189025878906,55.29376220703125,56.0250129699707,5281406
2013-10-28,35.23516845703125,55.5468864440918,56.756263732910156,55.29376220703125,56.41876220703125,5287076
2013-10-29,35.823909759521484,56.475013732910156,56.78438949584961,55.1250114440918,55.4625129699707,7086272
2013-10-30,35.73470687866211,56.334388732910156,56.67189025878906,56.25001525878906,56.615638732910156,3289474
2013-10-31,36.145042419433594,56.98126220703125,57.65626525878906,55.6031379699707,56.78438949584961,8249061
2013-11-01,34.93186950683594,55.068763732910156,57.318763732910156,54.9000129699707,56.98126220703125,9616570
2013-11-05,33.950653076171875,53.521888732910156,55.15313720703125,53.18438720703125,54.9843864440918,17767298
2013-11-06,34.343143463134766,54.1406364440918,54.4218864440918,53.60626220703125,53.60626220703125,9564186
2013-11-07,33.91497039794922,53.46563720703125,54.1406364440918,53.18438720703125,53.943763732910156,9949028
2013-11-08,34.271785736083984,54.02813720703125,54.25313949584961,52.678138732910156,53.0156364440918,6427427
2013-11-11,34.2360954284668,53.97188949584961,54.225013732910156,52.98751449584961,53.943763732910156,7123880
2013-11-12,34.02200698852539,53.6343879699707,54.11251449584961,53.32501220703125,53.97188949584961,5714533
2013-11-13,34.253936767578125,54.0000114440918,54.1406364440918,53.18438720703125,53.3531379699707,4914428
2013-11-14,34.253936767578125,54.0000114440918,54.39376449584961,53.8593864440918,54.0562629699707,2329910
2013-11-18,34.37881851196289,54.1968879699707,54.39376449584961,53.83126449584961,54.16876220703125,4220710
2013-11-19,33.91497039794922,53.46563720703125,54.1968879699707,53.0718879699707,53.7750129699707,6280476
2013-11-20,33.45111846923828,52.7343864440918,53.69063949584961,52.62188720703125,53.2125129699707,5017948
2013-11-21,33.32622146606445,52.537513732910156,52.98751449584961,52.14376449584961,52.8750114440918,4281191
2013-11-22,33.50463104248047,52.818763732910156,52.98751449584961,52.42501449584961,52.42501449584961,7516975
2013-11-25,33.593833923339844,52.959388732910156,53.2125129699707,52.70626449584961,52.70626449584961,8325845
2013-11-26,33.629512786865234,53.0156364440918,53.240638732910156,52.5093879699707,52.7343864440918,7679212
2013-11-27,32.880210876464844,51.834388732910156,53.26876449584961,51.6656379699707,52.7343864440918,4670852
2013-11-28,33.79008102416992,53.26876449584961,53.4375114440918,51.553138732910156,51.8906364440918,21937834
2013-11-29,33.932796478271484,53.4937629699707,53.7750129699707,52.537513732910156,53.0718879699707,19972565
2013-12-02,33.3975944519043,52.6500129699707,53.26876449584961,51.8062629699707,51.8062629699707,12138526
2013-12-03,33.45111846923828,52.7343864440918,52.8750114440918,52.42501449584961,52.5937614440918,10819239
2013-12-04,34.11122131347656,53.7750129699707,53.943763732910156,52.48126220703125,52.6500129699707,21813713
2013-12-05,34.360984802246094,54.16876220703125,54.365638732910156,53.521888732910156,54.2812614440918,14177075
2013-12-06,35.30653762817383,55.65938949584961,56.193763732910156,53.97188949584961,53.97188949584961,25973812
2013-12-09,36.145042419433594,56.98126220703125,57.2906379699707,55.4062614440918,55.9687614440918,30640399
2013-12-10,35.11028289794922,55.350013732910156,57.09376525878906,54.5625114440918,56.98126220703125,28724268
2013-12-11,34.967552185058594,55.1250114440918,55.4062614440918,54.646888732910156,54.8437614440918,7491141
2013-12-12,34.949729919433594,55.09688949584961,55.23751449584961,54.787513732910156,54.95626449584961,9916532
2013-12-13,34.789154052734375,54.8437614440918,55.209388732910156,54.59063720703125,54.67501449584961,12252500
2013-12-16,35.324371337890625,55.6875114440918,55.912513732910156,54.45001220703125,54.5625114440918,21800566
2013-12-17,35.21733093261719,55.51876449584961,55.8281364440918,55.0406379699707,55.350013732910156,18137305
2013-12-18,35.681182861328125,56.25001525878906,57.20626449584961,53.2968864440918,53.4375114440918,156704650
2013-12-19,35.413578033447266,55.8281364440918,56.81251525878906,54.1406364440918,54.8437614440918,508752991
2013-12-20,35.46709442138672,55.912513732910156,56.39064025878906,55.2656364440918,55.57501220703125,55032517
2013-12-23,35.57414627075195,56.08126449584961,56.193763732910156,55.43438720703125,55.6875114440918,27772323
2013-12-24,35.163814544677734,55.43438720703125,56.08126449584961,55.37813949584961,55.9687614440918,16656973
2013-12-26,35.324371337890625,55.6875114440918,56.0250129699707,54.7593879699707,55.1812629699707,58569185
2013-12-27,35.60981750488281,56.13751220703125,56.3062629699707,55.23751449584961,55.6875114440918,17259233
2013-12-30,35.324371337890625,55.6875114440918,56.36251449584961,55.4625129699707,55.912513732910156,10546799
2013-12-31,35.6455078125,56.193763732910156,56.25001525878906,55.6031379699707,55.7437629699707,12881038
2014-01-01,35.502769470214844,55.9687614440918,56.193763732910156,55.771888732910156,56.1656379699707,3186233
2014-01-02,36.359127044677734,57.318763732910156,57.600013732910156,56.25001525878906,56.3062629699707,29730385
2014-01-03,35.93095016479492,56.64376449584961,57.79689025878906,56.334388732910156,57.318763732910156,10720086
2014-01-06,35.6455078125,56.193763732910156,56.81251525878906,55.7437629699707,56.81251525878906,6603244
2014-01-07,35.25300979614258,55.57501220703125,56.25001525878906,55.43438720703125,56.193763732910156,12753362
2014-01-08,35.23516845703125,55.5468864440918,55.9687614440918,55.4062614440918,55.43438720703125,10653844
2014-01-09,35.27084732055664,55.6031379699707,55.9687614440918,55.4062614440918,55.5468864440918,12969982
2014-01-10,34.77131271362305,54.81563949584961,55.9687614440918,54.30938720703125,55.9687614440918,21668655
2014-01-13,34.967552185058594,55.1250114440918,55.350013732910156,54.45001220703125,54.45001220703125,11775173
2014-01-14,34.77131271362305,54.81563949584961,55.4062614440918,54.646888732910156,55.068763732910156,6262293
2014-01-15,34.789154052734375,54.8437614440918,55.9687614440918,54.6187629699707,54.87188720703125,8229009
2014-01-16,35.05677032470703,55.2656364440918,55.490638732910156,54.928138732910156,55.068763732910156,15169976
2014-01-17,34.699954986572266,54.7031364440918,55.2656364440918,54.39376449584961,55.1250114440918,11229974
2014-01-20,35.145973205566406,55.4062614440918,55.631263732910156,54.5625114440918,54.5625114440918,13050752
2014-01-21,34.9140510559082,55.0406379699707,55.5468864440918,54.95626449584961,55.209388732910156,11629511
2014-01-22,35.00323486328125,55.1812629699707,55.631263732910156,55.0406379699707,55.068763732910156,12315468
2014-01-23,34.98540115356445,55.15313720703125,55.37813949584961,54.9000129699707,55.1250114440918,5617086
2014-01-24,35.00323486328125,55.1812629699707,55.51876449584961,54.9843864440918,55.01251220703125,11973294
2014-01-27,34.45018768310547,54.30938720703125,55.631263732910156,53.9156379699707,54.787513732910156,12637443
2014-01-28,34.4680290222168,54.3375129699707,54.5625114440918,54.16876220703125,54.30938720703125,7516995
2014-01-29,34.146888732910156,53.83126449584961,54.53438949584961,53.662513732910156,54.39376449584961,5177129
2014-01-30,34.11122131347656,53.7750129699707,54.16876220703125,53.4375114440918,53.83126449584961,28308126
2014-01-31,34.07553482055664,53.7187614440918,54.0000114440918,53.55001449584961,54.0000114440918,15088682
2014-02-03,33.96849060058594,53.55001449584961,54.365638732910156,53.40938949584961,53.521888732910156,4482727
2014-02-04,34.02200698852539,53.6343879699707,54.11251449584961,53.32501220703125,53.46563720703125,8237100
2014-02-05,34.52153778076172,54.4218864440918,54.4781379699707,53.26876449584961,53.26876449584961,8121381
2014-02-06,34.32529830932617,54.11251449584961,54.2812614440918,53.5781364440918,54.0000114440918,8396200
2014-02-07,34.789154052734375,54.8437614440918,55.0406379699707,53.88751220703125,54.11251449584961,6497909
2014-02-10,34.61074447631836,54.5625114440918,55.1250114440918,54.39376449584961,54.7593879699707,3792896
2014-02-11,34.11122131347656,53.7750129699707,54.787513732910156,53.7187614440918,54.6187629699707,5013980
2014-02-12,34.146888732910156,53.83126449584961,54.1968879699707,53.6343879699707,53.943763732910156,5538187
2014-02-13,33.897125244140625,53.4375114440918,53.943763732910156,53.381263732910156,53.74688720703125,6549052
2014-02-14,33.986328125,53.5781364440918,53.6343879699707,53.40938949584961,53.55001449584961,14754417
2014-02-17,34.09336471557617,53.74688720703125,53.9156379699707,53.4937629699707,53.4937629699707,4752663
2014-02-18,34.164737701416016,53.8593864440918,54.0562629699707,53.7187614440918,53.803138732910156,4866082
2014-02-19,33.861446380615234,53.381263732910156,53.9156379699707,53.18438720703125,53.74688720703125,2804777
2014-02-20,33.932796478271484,53.4937629699707,53.803138732910156,53.0156364440918,53.2125129699707,5141168
2014-02-21,34.00416564941406,53.60626220703125,53.83126449584961,53.4937629699707,53.5781364440918,4456386
2014-02-24,33.91497039794922,53.46563720703125,53.5781364440918,52.90313720703125,53.5781364440918,5118446
2014-02-25,34.00416564941406,53.60626220703125,53.7750129699707,53.381263732910156,53.4937629699707,4052135
2014-02-26,33.96849060058594,53.55001449584961,54.11251449584961,53.3531379699707,53.7187614440918,21051173
2014-02-28,33.718719482421875,53.1562614440918,53.662513732910156,52.4531364440918,53.46563720703125,27401493
2014-03-03,33.79008102416992,53.26876449584961,53.60626220703125,52.7906379699707,52.9312629699707,15373777
2014-03-04,34.773807525634766,54.084388732910156,54.3375129699707,52.818763732910156,52.98751449584961,9410466
2014-03-05,34.846126556396484,54.1968879699707,54.365638732910156,53.662513732910156,54.11251449584961,5385763
2014-03-06,35.298213958740234,54.9000129699707,55.29376220703125,54.084388732910156,54.1968879699707,7952223
2014-03-07,35.80453872680664,55.6875114440918,55.94063949584961,54.7031364440918,54.7031364440918,13092149
2014-03-10,35.768367767333984,55.631263732910156,55.85626220703125,54.95626449584961,55.5468864440918,11546535
2014-03-11,35.75028610229492,55.6031379699707,55.7437629699707,55.209388732910156,55.350013732910156,7773473
2014-03-12,35.62371063232422,55.4062614440918,55.5468864440918,55.01251220703125,55.3218879699707,15253272
2014-03-13,35.73220443725586,55.57501220703125,56.25001525878906,55.1812629699707,55.43438720703125,12326297
2014-03-14,35.569454193115234,55.3218879699707,56.25001525878906,55.1250114440918,55.29376220703125,11859122
2014-03-18,36.69060134887695,57.06563949584961,57.34688949584961,55.4062614440918,55.4062614440918,15512927
2014-03-19,36.998016357421875,57.54376220703125,58.19063949584961,57.0093879699707,57.0093879699707,12921191
2014-03-20,35.91303253173828,55.85626220703125,57.48751449584961,55.6875114440918,57.20626449584961,6054665
2014-03-21,36.47360610961914,56.7281379699707,57.8531379699707,55.99688720703125,56.13751220703125,21508819
2014-03-24,37.323524475097656,58.05001449584961,58.61251449584961,56.81251525878906,56.81251525878906,9956813
2014-03-25,38.19150161743164,59.4000129699707,59.59688949584961,57.7125129699707,57.7125129699707,14139614
2014-03-26,37.61285400390625,58.50001525878906,59.90626525878906,58.2750129699707,59.62501525878906,6805235
2014-03-27,38.15534210205078,59.34376525878906,59.850013732910156,58.50001525878906,58.50001525878906,20892387
2014-03-28,38.8605842590332,60.44063949584961,60.89064025878906,58.95001220703125,59.2593879699707,6967406
2014-03-31,37.974510192871094,59.06251525878906,60.918766021728516,58.80938720703125,60.30001449584961,6602071
2014-04-01,39.05949783325195,60.75001525878906,61.56563949584961,59.1187629699707,59.34376525878906,13292951
2014-04-02,39.204166412353516,60.975013732910156,61.36876678466797,60.32814025878906,60.834388732910156,8823613
2014-04-03,39.31266403198242,61.14376449584961,61.65001678466797,60.131263732910156,60.80626678466797,6355761
2014-04-04,38.55316162109375,59.9625129699707,61.17189025878906,59.8218879699707,61.17189025878906,7240495
2014-04-07,38.66165542602539,60.131263732910156,60.89064025878906,59.51251220703125,60.01876449584961,6247841
2014-04-09,38.607418060302734,60.04689025878906,60.412513732910156,59.37188720703125,60.215641021728516,6654828
2014-04-10,38.987159729003906,60.637516021728516,60.86251449584961,59.73751449584961,60.131263732910156,9464658
2014-04-11,38.932918548583984,60.553138732910156,60.72188949584961,60.271888732910156,60.30001449584961,6290384
2014-04-15,39.00524139404297,60.66564178466797,60.86251449584961,60.075016021728516,60.32814025878906,9004170
2014-04-16,38.95098876953125,60.58126449584961,60.86251449584961,59.45626449584961,60.60939025878906,10220793
2014-04-17,38.770164489746094,60.30001449584961,60.46876525878906,59.709388732910156,60.44063949584961,10918544
2014-04-21,38.31809616088867,59.59688949584961,60.86251449584961,59.48439025878906,60.075016021728516,4950498
2014-04-22,38.31809616088867,59.59688949584961,59.90626525878906,58.6968879699707,59.73751449584961,8749084
2014-04-23,38.19150161743164,59.4000129699707,60.15938949584961,59.17501449584961,59.568763732910156,11101407
2014-04-24,38.19150161743164,59.4000129699707,59.4000129699707,59.4000129699707,59.4000129699707,0
2014-04-25,38.15534210205078,59.34376525878906,59.79376220703125,58.8375129699707,59.287513732910156,5635586
2014-04-28,38.372337341308594,59.6812629699707,59.90626525878906,58.95001220703125,59.20314025878906,4189566
2014-04-29,38.19150161743164,59.4000129699707,60.412513732910156,59.146888732910156,60.075016021728516,8984063
2014-04-30,38.26384353637695,59.51251220703125,60.693763732910156,59.006263732910156,59.48439025878906,9560866
2014-05-02,37.811763763427734,58.80938720703125,59.87813949584961,58.5562629699707,59.4000129699707,2642603
2014-05-05,38.010677337646484,59.1187629699707,59.4000129699707,58.47188949584961,58.66876220703125,1955739
2014-05-06,37.07035446166992,57.65626525878906,59.146888732910156,57.37501525878906,59.006263732910156,4306301
2014-05-07,37.07035446166992,57.65626525878906,58.303138732910156,57.37501525878906,57.76876449584961,6851875
2014-05-08,37.450096130371094,58.24688720703125,58.89376449584961,57.65626525878906,58.162513732910156,6511390
2014-05-09,38.643585205078125,60.10314178466797,60.32814025878906,58.24688720703125,58.38751220703125,19808139
2014-05-12,40.32532501220703,62.71876525878906,63.56251525878906,59.87813949584961,59.87813949584961,8560913
2014-05-13,40.81355667114258,63.47814178466797,64.85626220703125,63.05626678466797,63.225013732910156,14210275
2014-05-14,40.506141662597656,63.00001525878906,64.12501525878906,62.71876525878906,63.53438949584961,8786547
2014-05-15,41.392215728759766,64.37814331054688,65.02501678466797,60.89064025878906,62.746891021728516,17562208
2014-05-16,43.21860122680664,67.21876525878906,70.67813873291016,65.84063720703125,65.84063720703125,35379329
2014-05-19,44.21317672729492,68.76564025878906,70.42501831054688,67.66876220703125,67.66876220703125,25035487
2014-05-20,45.17157745361328,70.25626373291016,71.77501678466797,69.15939331054688,69.72189331054688,22538200
2014-05-21,45.008827209472656,70.00314331054688,70.79064178466797,69.18751525878906,69.75001525878906,10213784
2014-05-22,45.35240936279297,70.53751373291016,71.40939331054688,69.27188873291016,69.80626678466797,17055437
2014-05-23,47.32347869873047,73.60314178466797,74.25001525878906,67.52813720703125,70.87501525878906,22941667
2014-05-26,46.34698486328125,72.08439636230469,75.82501983642578,69.18751525878906,74.08126831054688,23747350
2014-05-27,45.8949089050293,71.38126373291016,72.28126525878906,69.75001525878906,70.65001678466797,11091241
2014-05-28,45.15349578857422,70.22814178466797,71.43751525878906,69.91876983642578,71.43751525878906,13246147
2014-05-29,45.225830078125,70.34064483642578,71.43751525878906,69.97501373291016,70.79064178466797,14803509
2014-05-30,44.12275314331055,68.62501525878906,71.15626525878906,67.58438873291016,70.59376525878906,69911271
2014-06-02,45.28009033203125,70.42501831054688,71.07189178466797,68.73751831054688,68.79376983642578,13367356
2014-06-03,45.29816818237305,70.45314025878906,71.18439483642578,69.49689483642578,70.31251525878906,18372713
2014-06-04,44.93650817871094,69.89064025878906,70.81876373291016,69.63751983642578,70.45314025878906,23251745
2014-06-05,45.8949089050293,71.38126373291016,72.28126525878906,70.59376525878906,70.70626831054688,19424103
2014-06-06,46.32890319824219,72.05626678466797,72.22502136230469,70.90314483642578,71.94376373291016,14951210
2014-06-09,49.674285888671875,77.25939178466797,80.21251678466797,72.08439636230469,72.47814178466797,41900147
2014-06-10,49.16794967651367,76.47189331054688,79.31251525878906,75.65626525878906,78.41252136230469,22963428
2014-06-11,48.37229537963867,75.23439025878906,77.14689636230469,73.99689483642578,76.47189331054688,14529763
2014-06-12,49.348793029785156,76.75314331054688,77.37189483642578,74.36251831054688,75.15001678466797,15766959
2014-06-13,48.245704650878906,75.03752136230469,77.90626525878906,73.12501525878906,77.23126983642578,10439654
2014-06-16,47.66704177856445,74.13751983642578,74.81251525878906,72.92814636230469,74.81251525878906,11540459
2014-06-17,48.2818717956543,75.09376525878906,75.82501983642578,73.71564483642578,73.71564483642578,16756330
2014-06-18,48.44462966918945,75.34689331054688,76.78126525878906,73.96876525878906,75.37501525878906,13262126
2014-06-19,47.450050354003906,73.80001831054688,75.93751525878906,73.51876831054688,75.37501525878906,4904553
2014-06-20,47.84788131713867,74.41876983642578,75.00939178466797,73.49064636230469,74.19377136230469,9100975
2014-06-23,47.52238082885742,73.91252136230469,75.09376525878906,73.54689025878906,74.25001525878906,9955400
2014-06-24,47.88404083251953,74.47502136230469,75.12189483642578,74.19377136230469,74.78439331054688,10866416
2014-06-25,47.88404083251953,74.47502136230469,74.95314025878906,73.91252136230469,74.25001525878906,14393130
2014-06-26,47.93830108642578,74.55939483642578,75.09376525878906,74.02501678466797,74.84064483642578,19577916
2014-06-27,49.38494110107422,76.80939483642578,77.28752136230469,73.96876525878906,74.81251525878906,21315448
2014-06-30,50.34335708618164,78.30001831054688,78.86251831054688,77.23126983642578,77.51251983642578,33365772
2014-07-01,50.63267517089844,78.75001525878906,79.67814636230469,77.87814331054688,78.75001525878906,17681327
2014-07-02,51.102840423583984,79.48126983642578,80.2968978881836,79.08751678466797,79.08751678466797,15633096
2014-07-03,50.81351089477539,79.03126525878906,79.87501525878906,78.27189636230469,79.73439025878906,10773481
2014-07-04,52.15166091918945,81.11251831054688,82.29376983642578,78.49689483642578,78.97502136230469,11771805
2014-07-07,52.82073974609375,82.15314483642578,82.65939331054688,81.02814483642578,81.8437728881836,13259170
2014-07-08,49.818931579589844,77.48439025878906,82.35002136230469,76.50001525878906,82.1250228881836,14948074
2014-07-09,49.25836181640625,76.61251831054688,78.41252136230469,75.26251983642578,77.62501525878906,8629784
2014-07-10,49.74660873413086,77.37189483642578,78.60939025878906,73.12501525878906,77.06251525878906,17933570
2014-07-11,47.992549896240234,74.64376831054688,78.10314178466797,73.51876831054688,77.23126983642578,11319671
2014-07-14,48.44462966918945,75.34689331054688,76.89376831054688,74.10939025878906,74.64376831054688,7915363
2014-07-15,48.878623962402344,76.02189636230469,76.44377136230469,74.86876678466797,75.62814331054688,9737615
2014-07-16,49.27645492553711,76.64064025878906,77.17501831054688,74.98126983642578,76.13439178466797,6411041
2014-07-17,50.162513732910156,78.01876831054688,78.41252136230469,76.33126831054688,76.52814483642578,8924449
2014-07-18,49.5838508605957,77.11876678466797,77.70939636230469,76.44377136230469,77.54064178466797,5148178
2014-07-21,49.51152420043945,77.00627136230469,77.62501525878906,76.72502136230469,77.11876678466797,4656631
2014-07-22,49.09561538696289,76.35939025878906,77.51251983642578,75.74064636230469,77.06251525878906,6944595
2014-07-23,49.294525146484375,76.66876983642578,77.73751831054688,76.05001831054688,76.75314331054688,7269605
2014-07-24,48.69778060913086,75.74064636230469,76.78126525878906,75.37501525878906,76.61251831054688,5942240
2014-07-25,48.752037048339844,75.82501983642578,76.27501678466797,74.30626678466797,75.65626525878906,8230977
2014-07-28,48.17338180541992,74.92501831054688,76.27501678466797,74.36251831054688,75.93751525878906,5386124
2014-07-30,48.71586608886719,75.76876831054688,76.47189331054688,74.81251525878906,74.81251525878906,8577572
2014-07-31,48.137203216552734,74.86876678466797,75.74064636230469,74.47502136230469,75.48751831054688,19081582
2014-08-01,46.943721771240234,73.01251983642578,74.81251525878906,72.70314025878906,74.81251525878906,10682255
2014-08-04,47.902137756347656,74.50314331054688,75.76876831054688,72.19689178466797,73.68751525878906,23311942
2014-08-05,47.902137756347656,74.50314331054688,75.40314483642578,73.68751525878906,74.81251525878906,16126934
2014-08-06,48.48078155517578,75.40314483642578,75.88127136230469,73.88439178466797,74.16564178466797,9867110
2014-08-07,48.64353942871094,75.65626525878906,76.69689178466797,75.29064178466797,75.79689025878906,11406313
2014-08-08,47.703208923339844,74.19377136230469,75.45939636230469,73.37814331054688,75.23439025878906,5755079
2014-08-11,47.72129440307617,74.22189331054688,75.26251983642578,73.12501525878906,75.26251983642578,7165189
2014-08-12,47.82978439331055,74.39064025878906,74.75627136230469,73.74376678466797,74.30626678466797,4457748
2014-08-13,47.84788131713867,74.41876983642578,75.51564025878906,73.60314178466797,74.25001525878906,7838517
2014-08-14,48.17338180541992,74.92501831054688,75.37501525878906,74.55939483642578,75.09376525878906,4598772
2014-08-18,48.752037048339844,75.82501983642578,76.10626983642578,74.44689178466797,74.58751678466797,5649943
2014-08-19,49.38494110107422,76.80939483642578,77.56877136230469,75.03752136230469,75.99376678466797,7522151
2014-08-20,49.5838508605957,77.11876678466797,77.40001678466797,76.66876983642578,76.89376831054688,11632976
2014-08-21,49.348793029785156,76.75314331054688,77.11876678466797,76.27501678466797,76.89376831054688,5097954
2014-08-22,48.51694107055664,75.45939636230469,77.00627136230469,75.31877136230469,76.78126525878906,3969492
2014-08-25,47.902137756347656,74.50314331054688,75.65626525878906,74.25001525878906,75.48751831054688,7109144
2014-08-26,47.377716064453125,73.68751525878906,74.81251525878906,73.35002136230469,74.22189331054688,7855848
2014-08-27,46.83523178100586,72.84376525878906,74.36251831054688,71.91564178466797,73.51876831054688,14179712
2014-08-28,46.72672653198242,72.67501831054688,73.29376983642578,71.69064331054688,72.87189483642578,24486863
2014-09-01,47.88404083251953,74.47502136230469,74.70001983642578,71.55001831054688,72.00001525878906,7250215
2014-09-02,47.92019271850586,74.53126525878906,74.95314025878906,73.82814025878906,74.13751983642578,8985537
2014-09-03,48.0106315612793,74.67189025878906,75.09376525878906,73.91252136230469,74.89689636230469,8220774
2014-09-04,49.0004768371582,75.45939636230469,75.65626525878906,73.43439483642578,74.30626678466797,8542895
2014-09-05,49.11007308959961,75.62814331054688,76.21876525878906,74.81251525878906,75.74064636230469,5566453
2014-09-08,48.61696243286133,74.86876678466797,76.33126831054688,74.10939025878906,75.93751525878906,6820385
2014-09-09,48.963966369628906,75.40314483642578,75.93751525878906,75.09376525878906,75.15001678466797,6490318
2014-09-10,49.73103713989258,76.58439636230469,76.83751678466797,75.23439025878906,75.23439025878906,5594235
2014-09-11,50.35198974609375,77.54064178466797,77.73751831054688,76.10626983642578,76.80939483642578,6309287
2014-09-12,49.36576461791992,76.02189636230469,77.56877136230469,75.74064636230469,77.23126983642578,7528757
2014-09-15,49.950191497802734,76.92189025878906,77.23126983642578,75.29064178466797,75.40314483642578,3929071
2014-09-16,49.65797424316406,76.47189331054688,77.51251983642578,75.65626525878906,76.64064025878906,6434969
2014-09-17,49.73103713989258,76.58439636230469,76.83751678466797,75.26251983642578,76.78126525878906,5122756
2014-09-18,49.877140045166016,76.80939483642578,77.56877136230469,76.02189636230469,76.38751983642578,16935401
2014-09-19,49.986717224121094,76.97814178466797,78.27189636230469,76.35939025878906,76.35939025878906,17128011
2014-09-22,50.041500091552734,77.06251525878906,77.28752136230469,76.19064331054688,76.95001983642578,7010679
2014-09-23,49.85886764526367,76.78126525878906,77.85002136230469,76.35939025878906,77.34376525878906,10349414
2014-09-24,49.6214485168457,76.41564178466797,77.28752136230469,76.13439178466797,76.55626678466797,6457902
2014-09-25,49.676239013671875,76.50001525878906,77.09064483642578,76.07814025878906,76.50001525878906,16106351
2014-09-26,50.041500091552734,77.06251525878906,77.28752136230469,75.96564483642578,76.52814483642578,5236288
2014-09-29,50.972938537597656,78.49689483642578,78.80626678466797,76.78126525878906,77.06251525878906,8073293
2014-09-30,49.40229797363281,76.07814025878906,78.21564483642578,75.43126678466797,78.15939331054688,12952693
2014-10-01,49.65797424316406,76.47189331054688,77.62501525878906,75.76876831054688,76.50001525878906,7924373
2014-10-07,50.1328239440918,77.20314025878906,77.48439025878906,75.90939331054688,76.47189331054688,8847590
2014-10-08,50.37024688720703,77.56877136230469,78.07501983642578,76.95001983642578,77.06251525878906,4593053
2014-10-09,50.425048828125,77.65314483642578,78.13127136230469,77.23126983642578,77.70939636230469,9248781
2014-10-10,49.694515228271484,76.52814483642578,77.54064178466797,76.33126831054688,77.34376525878906,11619666
2014-10-13,49.25617599487305,75.85314178466797,76.69689178466797,75.68439483642578,75.85314178466797,10406480
2014-10-14,49.694515228271484,76.52814483642578,76.86564636230469,75.57189178466797,76.02189636230469,14165351
2014-10-15,49.694515228271484,76.52814483642578,76.52814483642578,76.52814483642578,76.52814483642578,0
2014-10-16,48.92744445800781,75.34689331054688,76.58439636230469,74.53126525878906,76.50001525878906,11263977
2014-10-17,48.98223876953125,75.43126678466797,76.21876525878906,75.09376525878906,75.90939331054688,5532569
2014-10-20,49.347503662109375,75.99376678466797,76.78126525878906,75.09376525878906,75.09376525878906,7878465
2014-10-21,51.119056701660156,78.72189331054688,79.22814178466797,76.02189636230469,76.35939025878906,6706899
2014-10-22,51.06426239013672,78.63751983642578,79.59376525878906,78.15939331054688,79.31251525878906,11612786
2014-10-27,51.8860969543457,79.90314483642578,81.78752136230469,78.83439636230469,79.25627136230469,11023074
2014-10-28,52.050472259521484,80.1562728881836,80.38127136230469,78.63751983642578,79.73439025878906,7011349
2014-10-29,52.06874084472656,80.18439483642578,81.0000228881836,78.75001525878906,80.66252136230469,13392055
2014-10-30,52.762752532958984,81.25314331054688,81.67501831054688,79.65001678466797,79.87501525878906,15543181
2014-10-31,53.25585174560547,82.01251983642578,82.32189178466797,80.91564178466797,81.25314331054688,12145111
2014-11-03,52.90885543823242,81.47814178466797,84.3750228881836,81.30939483642578,82.4062728881836,13632949
2014-11-05,52.03221893310547,80.12814331054688,82.06877136230469,79.90314483642578,81.39376831054688,5298871
2014-11-07,52.9271354675293,81.50627136230469,81.8437728881836,79.93126678466797,79.93126678466797,4488647
2014-11-10,54.095951080322266,83.30626678466797,84.03752136230469,80.2968978881836,81.5625228881836,10354057
2014-11-11,53.931602478027344,83.05314636230469,84.88127136230469,82.63127136230469,83.8125228881836,8362310
2014-11-12,52.21482467651367,80.40939331054688,83.02501678466797,79.90314483642578,82.65939331054688,6309241
2014-11-13,52.83579635620117,81.36564636230469,81.75939178466797,80.4375228881836,80.97189331054688,10971261
2014-11-14,52.6348991394043,81.05626678466797,82.06877136230469,80.4375228881836,80.91564178466797,6123081
2014-11-17,53.60286331176758,82.5468978881836,82.71564483642578,80.83126831054688,81.22502136230469,4923950
2014-11-18,54.18727493286133,83.44689178466797,84.26251983642578,82.1250228881836,82.65939331054688,6475424
2014-11-19,53.56632995605469,82.49064636230469,84.3750228881836,81.7031478881836,83.6718978881836,5431984
2014-11-20,53.38370132446289,82.20939636230469,82.6875228881836,81.1406478881836,82.23751831054688,3590544
2014-11-21,53.529808044433594,82.43439483642578,82.6875228881836,81.81564331054688,81.81564331054688,5424821
2014-11-24,52.03221893310547,80.12814331054688,81.8437728881836,79.42501831054688,81.45001983642578,6633290
2014-11-25,50.808570861816406,78.24376678466797,79.31251525878906,76.41564178466797,79.31251525878906,55543705
2014-11-26,50.82683563232422,78.27189636230469,79.03126525878906,77.65314483642578,77.90626525878906,5741991
2014-11-27,51.4112548828125,79.17189025878906,80.04376983642578,78.38439178466797,78.38439178466797,4482174
2014-11-28,52.12353515625,80.26876831054688,80.77501678466797,78.44064331054688,79.25627136230469,4619433
2014-12-01,50.53461837768555,77.82189178466797,80.38127136230469,77.51251983642578,79.84689331054688,2477146
2014-12-02,50.425048828125,77.65314483642578,78.30001831054688,77.48439025878906,77.62501525878906,2350906
2014-12-03,50.114566802978516,77.17501831054688,78.21564483642578,77.00627136230469,77.62501525878906,8617759
2014-12-04,49.85886764526367,76.78126525878906,77.45626831054688,76.33126831054688,77.11876678466797,4516507
2014-12-05,49.950191497802734,76.92189025878906,77.73751831054688,76.50001525878906,76.66876983642578,5700055
2014-12-08,49.6214485168457,76.41564178466797,77.79376983642578,76.19064331054688,76.92189025878906,3081176
2014-12-09,49.29271697998047,75.90939331054688,76.97814178466797,75.71251678466797,76.16252136230469,4817465
2014-12-10,50.1328239440918,77.20314025878906,77.51251983642578,75.54376983642578,75.71251678466797,3714413
2014-12-11,49.65797424316406,76.47189331054688,77.62501525878906,75.79689025878906,77.56877136230469,3222482
2014-12-12,49.23792266845703,75.82501983642578,76.69689178466797,75.12189483642578,76.55626678466797,4812683
2014-12-15,49.11007308959961,75.62814331054688,76.05001831054688,74.78439331054688,75.23439025878906,2791969
2014-12-16,48.59870910644531,74.84064483642578,75.85314178466797,74.33439636230469,75.12189483642578,4811157
2014-12-17,47.84990692138672,73.68751525878906,75.57189178466797,72.90001678466797,74.58751678466797,6760384
2014-12-18,48.06906509399414,74.02501678466797,75.00939178466797,72.87189483642578,74.27814483642578,5750448
2014-12-19,49.60319900512695,76.38751983642578,76.58439636230469,73.40626525878906,74.61564636230469,4845177
2014-12-22,49.986717224121094,76.97814178466797,77.20314025878906,75.79689025878906,76.44377136230469,3767407
2014-12-23,50.790313720703125,78.21564483642578,78.60939025878906,76.75314331054688,76.95001983642578,6644017
2014-12-24,49.785823822021484,76.66876983642578,78.15939331054688,75.43126678466797,78.15939331054688,8715919
2014-12-26,50.07802963256836,77.11876678466797,78.60939025878906,76.78126525878906,77.90626525878906,2310253
2014-12-29,50.041500091552734,77.06251525878906,78.32814025878906,76.89376831054688,77.62501525878906,1421574
2014-12-30,50.2789306640625,77.42814636230469,77.90626525878906,77.20314025878906,77.62501525878906,2146065
2014-12-31,50.40677261352539,77.62501525878906,78.83439636230469,77.31564331054688,77.79376983642578,3960548
2015-01-01,50.07802963256836,77.11876678466797,77.73751831054688,77.00627136230469,77.62501525878906,778837
2015-01-02,50.68072509765625,78.04689025878906,78.38439178466797,77.14689636230469,77.14689636230469,3612848
2015-01-05,50.73552322387695,78.13127136230469,78.80626678466797,76.58439636230469,77.90626525878906,7291352
2015-01-06,49.60319900512695,76.38751983642578,77.79376983642578,75.45939636230469,77.65314483642578,8288963
2015-01-07,50.315452575683594,77.48439025878906,77.90626525878906,75.09376525878906,75.93751525878906,3256180
2015-01-08,50.53461837768555,77.82189178466797,78.13127136230469,76.64064025878906,77.62501525878906,2436600
2015-01-09,50.571144104003906,77.87814331054688,78.46876525878906,77.03439331054688,77.79376983642578,2079643
2015-01-12,49.85886764526367,76.78126525878906,78.30001831054688,76.21876525878906,77.40001678466797,3660975
2015-01-13,49.6214485168457,76.41564178466797,77.51251983642578,76.07814025878906,76.80939483642578,2850708
2015-01-14,49.694515228271484,76.52814483642578,77.00627136230469,75.82501983642578,76.38751983642578,3939014
2015-01-15,52.21482467651367,80.40939331054688,80.83126831054688,76.78126525878906,76.78126525878906,6425406
2015-01-16,53.82201385498047,82.88439178466797,83.78439331054688,79.20001983642578,80.32501983642578,8222495
2015-01-19,54.004669189453125,83.16564178466797,83.75627136230469,81.22502136230469,82.77189636230469,5082702
2015-01-20,53.84027862548828,82.91252136230469,84.3750228881836,82.57501983642578,83.8125228881836,6145107
2015-01-21,53.65763473510742,82.63127136230469,83.27814483642578,82.15314483642578,82.85626983642578,2865190
2015-01-22,54.18727493286133,83.44689178466797,85.16252136230469,82.49064636230469,82.74376678466797,7016755
2015-01-23,54.625614166259766,84.12189483642578,84.3750228881836,82.80001831054688,83.70001983642578,4549463
2015-01-27,54.77170944213867,84.34689331054688,84.9375228881836,82.80001831054688,83.3906478881836,6048058
2015-01-28,54.58907699584961,84.06564331054688,85.33126831054688,83.8125228881836,84.62814331054688,5448999
2015-01-29,54.35166549682617,83.70001983642578,84.34689331054688,83.02501678466797,84.2906494140625,6923717
2015-01-30,54.05944061279297,83.2500228881836,84.6562728881836,82.1250228881836,83.5312728881836,3094145
2015-02-02,54.004669189453125,83.16564178466797,83.64376831054688,82.1250228881836,82.8281478881836,2427202
2015-02-03,53.767234802246094,82.80001831054688,84.03752136230469,82.4062728881836,83.75627136230469,1320013
2015-02-04,53.42023849487305,82.2656478881836,83.9531478881836,82.06877136230469,82.9687728881836,1740828
2015-02-05,52.470550537109375,80.80314636230469,82.63127136230469,80.26876831054688,82.2656478881836,2453418
2015-02-06,52.39748001098633,80.69064331054688,81.5625228881836,79.65001678466797,80.10002136230469,2422833
2015-02-09,51.66694641113281,79.56564331054688,80.69064331054688,78.75001525878906,80.4375228881836,2511094
2015-02-10,53.00016403198242,81.61876678466797,82.23751831054688,78.75001525878906,78.86251831054688,3982617
2015-02-11,53.23759078979492,81.9843978881836,83.72814178466797,81.5625228881836,82.1250228881836,5670681
2015-02-12,54.88129425048828,84.5156478881836,85.5000228881836,82.15314483642578,83.70001983642578,7776840
2015-02-13,55.33786392211914,85.2187728881836,85.89376831054688,84.0093994140625,85.3593978881836,8270115
2015-02-16,55.7944450378418,85.9218978881836,86.85002136230469,85.5000228881836,85.5000228881836,3789682
2015-02-18,56.524986267089844,87.0468978881836,87.1875228881836,85.0781478881836,85.5562744140625,4034642
2015-02-19,56.36061096191406,86.79376983642578,87.21564483642578,85.02189636230469,87.07501983642578,2708022
2015-02-20,55.977088928222656,86.2031478881836,87.07501983642578,85.66876983642578,86.56877136230469,4586215
2015-02-23,56.94504928588867,87.69377136230469,88.5937728881836,85.7812728881836,86.0625228881836,5857600
2015-02-24,57.25551986694336,88.1718978881836,88.70626831054688,87.49689483642578,87.69377136230469,3786009
2015-02-25,56.45193862915039,86.93439483642578,88.7343978881836,85.8375244140625,88.6500244140625,3842514
2015-02-26,55.7944450378418,85.9218978881836,88.00314331054688,84.82501983642578,86.6812744140625,7368101
2015-02-27,57.383365631103516,88.3687744140625,88.5937728881836,85.5562744140625,86.03439331054688,4870174
2015-03-02,57.23725128173828,88.14376831054688,89.4375228881836,87.41252136230469,88.7343978881836,3288237
2015-03-03,56.817195892333984,87.49689483642578,87.97502136230469,86.70939636230469,87.86251831054688,3773373
2015-03-04,56.4154052734375,86.87814331054688,88.5093994140625,86.1187744140625,87.83439636230469,4927543
2015-03-05,56.67109680175781,87.27189636230469,87.83439636230469,85.2750244140625,86.6250228881836,2511965
2015-03-09,55.126461029052734,84.5156478881836,86.8218994140625,84.20626831054688,86.23126983642578,2904210
2015-03-10,54.48439407348633,83.5312728881836,84.5718994140625,82.51876831054688,84.5156478881836,4007085
2015-03-11,54.264251708984375,83.19377136230469,84.3750228881836,82.94064331054688,84.03752136230469,3350372
2015-03-12,54.906314849853516,84.17814636230469,85.72502136230469,83.27814483642578,83.27814483642578,4034334
2015-03-13,53.78726577758789,82.46251678466797,84.60002136230469,82.1250228881836,84.5156478881836,3743353
2015-03-16,53.84231185913086,82.5468978881836,83.08126831054688,81.87189483642578,81.87189483642578,1546607
2015-03-17,54.17252731323242,83.05314636230469,83.8125228881836,82.15314483642578,82.74376678466797,4288235
2015-03-18,53.80562210083008,82.49064636230469,83.3906478881836,82.06877136230469,82.9687728881836,3493449
2015-03-19,53.60383987426758,82.18126678466797,83.9531478881836,81.5625228881836,82.49064636230469,2641643
2015-03-20,54.37431716918945,83.36251831054688,84.2906494140625,81.33751678466797,82.1250228881836,3763675
2015-03-23,54.741207122802734,83.92501831054688,85.44377136230469,83.55939483642578,84.0937728881836,4249360
2015-03-24,54.28258514404297,83.22189331054688,84.8531494140625,82.9687728881836,83.8125228881836,5170910
2015-03-25,53.7505989074707,82.4062728881836,83.55939483642578,82.23751831054688,83.1093978881836,6008163
2015-03-26,53.23692321777344,81.61876678466797,84.0937728881836,81.02814483642578,82.63127136230469,11848617
2015-03-27,53.1085205078125,81.4218978881836,82.09689331054688,80.55001831054688,81.61876678466797,3479176
2015-03-30,53.20024490356445,81.5625228881836,81.90001678466797,80.77501678466797,81.59064483642578,4359504
2015-03-31,53.291961669921875,81.7031478881836,82.37814331054688,81.2812728881836,81.8437728881836,4797950
2015-04-01,53.73223876953125,82.37814331054688,82.60314178466797,81.61876678466797,81.61876678466797,2808077
2015-04-06,54.28258514404297,83.22189331054688,84.06564331054688,82.04064178466797,82.35002136230469,5315447
2015-04-07,54.28258514404297,83.22189331054688,83.36251831054688,82.1250228881836,82.80001831054688,2457023
2015-04-08,54.044097900390625,82.85626983642578,84.26251983642578,82.6875228881836,82.99689483642578,4009038
2015-04-09,55.401634216308594,84.9375228881836,85.2750244140625,82.91252136230469,82.99689483642578,2422269
2015-04-10,56.02534484863281,85.89376831054688,86.09064483642578,84.54376983642578,85.2187728881836,2200148
2015-04-13,56.630741119384766,86.8218994140625,87.58126831054688,84.7968978881836,85.95001983642578,2208671
2015-04-15,55.60340881347656,85.24689483642578,87.7500228881836,84.9375228881836,87.15939331054688,2330815
2015-04-16,55.29154586791992,84.76876831054688,85.6406478881836,82.9687728881836,85.02189636230469,2492100
2015-04-17,55.071414947509766,84.4312744140625,85.2750244140625,83.86876678466797,84.76876831054688,3666806
2015-04-20,54.961341857910156,84.26251983642578,85.8375244140625,83.61564636230469,84.48751831054688,2278982
2015-04-21,54.612796783447266,83.72814178466797,85.5000228881836,83.30626678466797,84.3750228881836,2312891
2015-04-22,53.952396392822266,82.71564483642578,84.12189483642578,82.46251678466797,83.8125228881836,4849646
2015-04-23,53.80562210083008,82.49064636230469,83.78439331054688,82.06877136230469,83.2500228881836,3515131
2015-04-24,53.51210403442383,82.04064178466797,83.22189331054688,81.02814483642578,82.1250228881836,2613457
2015-04-27,53.18190002441406,81.53439331054688,83.1093978881836,81.2812728881836,82.18126678466797,2052351
2015-04-28,52.998451232910156,81.25314331054688,82.4062728881836,80.7187728881836,81.16876983642578,3429520
2015-04-29,52.48479080200195,80.46564483642578,81.45001983642578,80.1562728881836,81.19689178466797,2061972
2015-04-30,52.17292022705078,79.98751831054688,81.45001983642578,78.97502136230469,79.93126678466797,4099911
2015-05-04,52.88837814331055,81.08439636230469,81.33751678466797,79.31251525878906,80.4375228881836,3652050
2015-05-05,52.521484375,80.52189636230469,82.49064636230469,79.62189483642578,80.46564483642578,7999174
2015-05-06,51.585872650146484,79.08751678466797,80.2968978881836,78.77814483642578,80.2968978881836,6031578
2015-05-07,51.47582244873047,78.91876983642578,79.34064483642578,77.65314483642578,78.75001525878906,5448071
2015-05-08,51.36573791503906,78.75001525878906,79.98751831054688,78.58126831054688,79.31251525878906,2987105
2015-05-11,52.46644973754883,80.4375228881836,80.63439178466797,78.63751983642578,79.17189025878906,3927933
2015-05-12,51.10892105102539,78.35626983642578,80.46564483642578,77.96251678466797,80.38127136230469,4551824
2015-05-13,51.677616119384766,79.22814178466797,79.59376525878906,77.65314483642578,78.46876525878906,4097879
2015-05-14,51.145606994628906,78.41252136230469,79.20001983642578,77.76564025878906,79.20001983642578,3467677
2015-05-15,51.384090423583984,78.77814483642578,79.70626831054688,78.35626983642578,78.86251831054688,6305129
2015-05-18,51.384090423583984,78.77814483642578,79.28439331054688,78.04689025878906,78.46876525878906,14967798
2015-05-19,50.90711975097656,78.04689025878906,80.94377136230469,77.68126678466797,78.75001525878906,6595326
2015-05-20,51.659263610839844,79.20001983642578,79.53752136230469,78.21564483642578,78.24376678466797,5168468
2015-05-21,51.18229675292969,78.46876525878906,79.28439331054688,78.01876831054688,79.03126525878906,2628801
2015-05-22,51.71430206298828,79.28439331054688,79.84689331054688,77.28752136230469,78.35626983642578,5380668
2015-05-25,52.50312423706055,80.49376678466797,80.66252136230469,79.34064483642578,79.73439025878906,5557091
2015-05-26,52.48479080200195,80.46564483642578,80.77501678466797,79.62189483642578,80.66252136230469,2220470
2015-05-27,52.539825439453125,80.55001831054688,80.77501678466797,79.76251983642578,80.46564483642578,1137269
2015-05-28,52.539825439453125,80.55001831054688,81.1406478881836,79.05939483642578,81.1406478881836,3848527
2015-05-29,52.7232780456543,80.83126831054688,81.25314331054688,79.45314025878906,80.1562728881836,3473570
2015-06-01,52.50312423706055,80.49376678466797,82.63127136230469,80.0156478881836,82.49064636230469,15815832
2015-06-02,52.282989501953125,80.1562728881836,80.38127136230469,79.50939178466797,80.1562728881836,4635659
2015-06-03,52.539825439453125,80.55001831054688,80.8593978881836,79.17189025878906,79.95939636230469,6029264
2015-06-04,52.96175765991211,81.19689178466797,81.64689636230469,80.10002136230469,80.4375228881836,8566490
2015-06-05,53.16355895996094,81.50627136230469,82.29376983642578,80.4375228881836,81.0000228881836,8696044
2015-06-08,53.62217712402344,82.20939636230469,82.51876831054688,80.97189331054688,81.81564331054688,4215142
2015-06-09,54.062442779541016,82.88439178466797,83.33439636230469,81.73126983642578,82.1250228881836,2699663
2015-06-10,53.98906326293945,82.77189636230469,83.36251831054688,82.23751831054688,82.99689483642578,2875048
2015-06-11,53.56715393066406,82.1250228881836,82.88439178466797,81.47814178466797,82.46251678466797,2113307
2015-06-12,53.34699249267578,81.78752136230469,82.09689331054688,80.0156478881836,81.8437728881836,2614529
2015-06-15,51.806026458740234,79.42501831054688,81.5625228881836,79.11564636230469,81.5625228881836,3574132
2015-06-16,52.87002944946289,81.05626678466797,81.36564636230469,79.03126525878906,79.20001983642578,2705206
2015-06-17,52.026153564453125,79.76251983642578,81.19689178466797,79.00314331054688,80.83126831054688,3030212
2015-06-18,52.08119201660156,79.84689331054688,80.26876831054688,79.22814178466797,79.48126983642578,4549773
2015-06-19,51.36573791503906,78.75001525878906,80.10002136230469,78.01876831054688,79.84689331054688,9119658
2015-06-22,51.842716217041016,79.48126983642578,79.98751831054688,78.97502136230469,79.22814178466797,1849073
2015-06-23,51.145606994628906,78.41252136230469,79.76251983642578,78.27189636230469,79.31251525878906,4200054
2015-06-24,51.31071472167969,78.66564178466797,79.05939483642578,78.21564483642578,78.21564483642578,3101425
2015-06-25,51.842716217041016,79.48126983642578,79.81877136230469,78.10314178466797,78.86251831054688,11124905
2015-06-26,51.03554916381836,78.24376678466797,79.45314025878906,78.13127136230469,79.03126525878906,4184617
2015-06-29,51.18229675292969,78.46876525878906,78.86251831054688,77.45626831054688,77.51251983642578,3452315
2015-06-30,51.03554916381836,78.24376678466797,78.97502136230469,77.42814636230469,78.46876525878906,2588831
2015-07-01,52.22794723510742,80.07189178466797,80.49376678466797,77.85002136230469,78.27189636230469,1988394
2015-07-02,51.91608428955078,79.59376525878906,80.4375228881836,79.08751678466797,80.40939331054688,2965570
2015-07-03,51.91608428955078,79.59376525878906,80.40939331054688,79.03126525878906,79.03126525878906,3051297
2015-07-06,51.36573791503906,78.75001525878906,79.98751831054688,78.58126831054688,79.03126525878906,2083899
2015-07-07,50.85210037231445,77.96251678466797,79.59376525878906,77.76564025878906,79.31251525878906,3234495
2015-07-08,50.6319465637207,77.62501525878906,78.30001831054688,76.72502136230469,77.68126678466797,2440394
2015-07-09,50.265045166015625,77.06251525878906,77.93439483642578,77.00627136230469,77.68126678466797,2478234
2015-07-10,50.87043762207031,77.99064636230469,78.27189636230469,76.97814178466797,77.11876678466797,2901055
2015-07-13,51.36573791503906,78.75001525878906,78.97502136230469,77.09064483642578,77.85002136230469,1612390
2015-07-14,51.43912887573242,78.86251831054688,79.28439331054688,78.07501983642578,78.80626678466797,2264950
2015-07-15,51.274024963378906,78.60939025878906,79.14376831054688,78.46876525878906,78.77814483642578,1504877
2015-07-16,51.21898651123047,78.52501678466797,78.83439636230469,78.24376678466797,78.58126831054688,1827243
2015-07-17,51.806026458740234,79.42501831054688,79.73439025878906,78.46876525878906,78.55314636230469,1696436
2015-07-20,51.43912887573242,78.86251831054688,79.73439025878906,78.77814483642578,79.73439025878906,1668294
2015-07-21,51.36573791503906,78.75001525878906,79.25627136230469,78.55314636230469,78.83439636230469,1315889
2015-07-22,52.393070220947266,80.32501983642578,80.5781478881836,78.07501983642578,78.58126831054688,1890132
2015-07-23,52.191261291503906,80.0156478881836,80.60626983642578,79.17189025878906,80.49376678466797,1225377
2015-07-24,52.117881774902344,79.90314483642578,80.40939331054688,79.42501831054688,79.98751831054688,1692284
2015-07-27,51.512516021728516,78.97502136230469,80.40939331054688,78.77814483642578,79.50939178466797,1296310
2015-07-28,51.861061096191406,79.50939178466797,79.70626831054688,78.44064331054688,79.31251525878906,1547151
2015-07-29,51.36573791503906,78.75001525878906,79.48126983642578,78.46876525878906,79.14376831054688,1900932
2015-07-30,52.24630355834961,80.10002136230469,80.5781478881836,78.69377136230469,78.86251831054688,2942993
2015-07-31,52.09954071044922,79.87501525878906,80.35314178466797,78.97502136230469,80.35314178466797,1956499
2015-08-03,51.585872650146484,79.08751678466797,80.38127136230469,78.91876983642578,79.34064483642578,1508372
2015-08-04,51.732643127441406,79.31251525878906,80.1562728881836,78.72189331054688,79.03126525878906,1001510
2015-08-05,51.64091491699219,79.17189025878906,79.56564331054688,78.80626678466797,79.31251525878906,1107859
2015-08-06,51.7509765625,79.34064483642578,79.81877136230469,78.86251831054688,78.91876983642578,1295185
2015-08-07,51.21898651123047,78.52501678466797,80.04376983642578,78.38439178466797,79.05939483642578,2213871
2015-08-10,50.65029525756836,77.65314483642578,79.59376525878906,77.28752136230469,78.80626678466797,2570753
2015-08-11,50.61360549926758,77.59689331054688,79.20001983642578,76.27501678466797,78.75001525878906,3873211
2015-08-12,49.89814758300781,76.50001525878906,77.56877136230469,76.33126831054688,77.06251525878906,1472522
2015-08-13,50.55857849121094,77.51251983642578,77.96251678466797,70.87501525878906,76.38751983642578,2470225
2015-08-14,50.76035690307617,77.82189178466797,78.21564483642578,77.45626831054688,77.51251983642578,1304682
2015-08-17,50.668636322021484,77.68126678466797,78.44064331054688,77.03439331054688,77.90626525878906,813782
2015-08-18,50.411808013916016,77.28752136230469,78.01876831054688,76.86564636230469,77.68126678466797,1461999
2015-08-19,50.06326675415039,76.75314331054688,77.85002136230469,76.55626678466797,77.34376525878906,2417706
2015-08-20,49.93484878540039,76.55626678466797,77.03439331054688,75.57189178466797,75.99376678466797,2256015
2015-08-21,48.944217681884766,75.03752136230469,76.05001831054688,74.84064483642578,75.93751525878906,4024183
2015-08-24,48.100341796875,73.74376678466797,74.53126525878906,71.83126831054688,73.60314178466797,7651174
2015-08-25,47.1831169128418,72.33751678466797,75.17814636230469,70.39688873291016,73.68751525878906,12357515
2015-08-26,48.04530715942383,73.65939331054688,74.70001983642578,72.00001525878906,72.33751678466797,2616303
2015-08-27,49.47621154785156,75.85314178466797,77.87814331054688,73.26564025878906,74.50314331054688,5402025
2015-08-28,49.5862922668457,76.02189636230469,77.34376525878906,75.20626831054688,76.27501678466797,2205183
2015-08-31,47.93525314331055,73.49064636230469,76.19064331054688,73.18126678466797,75.65626525878906,2305711
2015-09-01,47.366554260253906,72.61876678466797,73.74376678466797,72.00001525878906,72.75939178466797,3973158
2015-09-02,45.9356575012207,70.42501831054688,73.12501525878906,69.60939025878906,72.73126983642578,4507483
2015-09-03,46.669456481933594,71.55001831054688,72.02814483642578,70.36876678466797,70.53751373291016,3114461
2015-09-04,45.348609924316406,69.52501678466797,71.38126373291016,68.87814331054688,71.38126373291016,3868544
2015-09-07,45.352317810058594,68.79376983642578,70.25626373291016,67.80938720703125,69.07501983642578,3112256
2015-09-08,46.74293518066406,70.90314483642578,71.71876525878906,68.11876678466797,68.62501525878906,2951677
2015-09-09,46.72439193725586,70.87501525878906,73.40626525878906,70.08751678466797,72.78752136230469,3201416
2015-09-10,45.741695404052734,69.38439178466797,70.17189025878906,67.89376831054688,70.17189025878906,3984541
2015-09-11,46.09397888183594,69.91876983642578,70.76251983642578,69.24376678466797,69.75001525878906,1783681
2015-09-14,47.29917907714844,71.74689483642578,71.97189331054688,69.46876525878906,70.20001983642578,2400945
2015-09-15,47.595848083496094,72.19689178466797,73.20939636230469,70.87501525878906,71.71876525878906,3189547
2015-09-16,48.61560821533203,73.74376678466797,73.96876525878906,72.00001525878906,72.28126525878906,2668351
2015-09-18,49.5056037902832,75.09376525878906,75.88127136230469,73.96876525878906,74.25001525878906,2710372
2015-09-21,50.636627197265625,76.80939483642578,77.06251525878906,74.08126831054688,74.70001983642578,3040868
2015-09-22,48.578529357910156,73.68751525878906,77.06251525878906,72.70314025878906,76.89376831054688,2618545
2015-09-23,47.39189147949219,71.88751983642578,74.25001525878906,70.76251983642578,73.71564483642578,5775906
2015-09-24,46.50188446044922,70.53751373291016,73.15314483642578,70.05939483642578,72.00001525878906,9733917
2015-09-28,47.02105712890625,71.32501983642578,72.56251525878906,70.14376831054688,71.12814331054688,2407051
2015-09-29,47.595848083496094,72.19689178466797,73.40626525878906,70.53751373291016,70.79064178466797,2414852
2015-09-30,49.07914733886719,74.44689178466797,74.64376831054688,72.19689178466797,72.22502136230469,3047665
2015-10-01,48.411659240722656,73.43439483642578,75.31877136230469,73.26564025878906,74.81251525878906,2020545
2015-10-05,49.13475799560547,74.53126525878906,75.45939636230469,73.65939331054688,73.68751525878906,1811432
2015-10-06,49.04206466674805,74.39064025878906,75.65626525878906,74.08126831054688,74.72814178466797,1868486
2015-10-07,49.15331268310547,74.55939483642578,74.92501831054688,74.08126831054688,74.58751678466797,1403044
2015-10-08,49.116241455078125,74.50314331054688,74.81251525878906,74.02501678466797,74.75627136230469,1318938
2015-10-09,49.15331268310547,74.55939483642578,75.09376525878906,74.19377136230469,74.81251525878906,1421375
2015-10-12,49.43144989013672,74.98126983642578,75.20626831054688,74.13751983642578,74.53126525878906,1574616
2015-10-13,49.33873748779297,74.84064483642578,75.20626831054688,74.50314331054688,74.81251525878906,715400
2015-10-14,49.3201789855957,74.81251525878906,75.09376525878906,74.36251831054688,74.75627136230469,1722301
2015-10-15,50.080387115478516,75.96564483642578,76.19064331054688,74.92501831054688,75.09376525878906,2959602
2015-10-16,50.06184387207031,75.93751525878906,76.50001525878906,75.15001678466797,76.16252136230469,3651488
2015-10-19,49.616859436035156,75.26251983642578,76.13439178466797,74.72814178466797,75.93751525878906,1640198
2015-10-20,50.395606994628906,76.44377136230469,77.11876678466797,75.09376525878906,75.37501525878906,3296804
2015-10-21,50.395606994628906,76.44377136230469,77.17501831054688,75.88127136230469,76.50001525878906,3504240
2015-10-23,50.56246566772461,76.69689178466797,77.37189483642578,76.21876525878906,76.78126525878906,2367650
2015-10-26,50.3399658203125,76.35939025878906,76.97814178466797,76.07814025878906,76.78126525878906,1788557
2015-10-27,49.65393829345703,75.31877136230469,76.64064025878906,75.06564331054688,76.24689483642578,1680870
2015-10-28,48.597076416015625,73.71564483642578,75.34689331054688,73.37814331054688,74.89689636230469,4725765
2015-10-29,47.521671295166016,72.08439636230469,73.46251678466797,70.98751831054688,73.46251678466797,6657486
2015-10-30,47.74417495727539,72.42189025878906,74.16564178466797,72.14064025878906,72.28126525878906,3034065
2015-11-02,47.818336486816406,72.53439331054688,72.78752136230469,71.52188873291016,72.42189025878906,1507300
2015-11-03,48.819576263427734,74.05314636230469,74.33439636230469,73.23751831054688,73.37814331054688,2879807
2015-11-04,48.65269088745117,73.80001831054688,75.31877136230469,73.35002136230469,74.92501831054688,10212719
2015-11-05,48.55998229980469,73.65939331054688,74.53126525878906,73.35002136230469,74.13751983642578,9402139
2015-11-06,48.689781188964844,73.85626983642578,74.53126525878906,72.59064483642578,74.47502136230469,4219805
2015-11-09,48.22623825073242,73.15314483642578,73.63127136230469,71.24063873291016,72.56251525878906,5260832
2015-11-10,47.577301025390625,72.16876983642578,73.09689331054688,71.83126831054688,72.67501831054688,1531108
2015-11-13,48.28187561035156,73.23751831054688,73.91252136230469,71.71876525878906,72.00001525878906,1386876
2015-11-16,47.836875915527344,72.56251525878906,73.51876831054688,72.30939483642578,72.84376525878906,1462412
2015-11-17,48.485816955566406,73.54689025878906,74.13751983642578,72.67501831054688,72.70314025878906,1602664
2015-11-18,48.54145812988281,73.63127136230469,74.02501678466797,72.98439025878906,73.49064636230469,1327429
2015-11-19,48.893741607666016,74.16564178466797,74.64376831054688,73.37814331054688,74.08126831054688,2523368
2015-11-20,48.54145812988281,73.63127136230469,74.64376831054688,73.35002136230469,74.25001525878906,2168468
2015-11-23,48.726863861083984,73.91252136230469,74.13751983642578,73.40626525878906,73.40626525878906,2177227
2015-11-24,48.893741607666016,74.16564178466797,74.58751678466797,73.65939331054688,73.68751525878906,1241516
2015-11-26,49.616859436035156,75.26251983642578,75.62814331054688,73.91252136230469,73.96876525878906,4171542
2015-11-27,49.5056037902832,75.09376525878906,75.37501525878906,74.53126525878906,75.17814636230469,1605635
2015-11-30,50.506839752197266,76.61251831054688,77.00627136230469,74.98126983642578,75.12189483642578,2006989
2015-12-01,50.43267059326172,76.50001525878906,77.62501525878906,76.13439178466797,76.55626678466797,2520479
2015-12-02,50.21018600463867,76.16252136230469,76.80939483642578,75.71251678466797,76.50001525878906,1390936
2015-12-03,49.616859436035156,75.26251983642578,76.50001525878906,74.98126983642578,75.93751525878906,1173194
2015-12-04,48.485816955566406,73.54689025878906,75.20626831054688,73.37814331054688,75.20626831054688,1376556
2015-12-07,48.634159088134766,73.77189636230469,74.16564178466797,72.95626831054688,73.68751525878906,1525844
2015-12-08,48.28187561035156,73.23751831054688,73.80001831054688,72.75939178466797,73.68751525878906,1469647
2015-12-09,48.26333236694336,73.20939636230469,74.08126831054688,72.59064483642578,72.95626831054688,2198948
2015-12-10,48.485816955566406,73.54689025878906,73.68751525878906,72.70314025878906,73.12501525878906,1086874
2015-12-11,47.466041564941406,72.00001525878906,73.68751525878906,71.66251373291016,73.68751525878906,1514970
2015-12-14,47.521671295166016,72.08439636230469,72.78752136230469,71.29689025878906,71.60626983642578,1552518
2015-12-15,48.02229690551758,72.84376525878906,73.01251983642578,71.57814025878906,72.08439636230469,1842404
2015-12-16,49.449974060058594,75.00939178466797,75.43126678466797,72.95626831054688,73.12501525878906,2623492
2015-12-17,49.89497756958008,75.68439483642578,76.02189636230469,74.10939025878906,74.98126983642578,1092627
2015-12-18,50.21018600463867,76.16252136230469,76.78126525878906,74.84064483642578,75.37501525878906,28017527
2015-12-21,51.7120246887207,78.44064331054688,78.69377136230469,76.16252136230469,76.16252136230469,6238035
2015-12-22,51.35975646972656,77.90626525878906,79.08751678466797,77.59689331054688,78.49689483642578,9652753
2015-12-23,51.934532165527344,78.77814483642578,79.03126525878906,78.07501983642578,78.07501983642578,3720080
2015-12-24,51.95307922363281,78.80626678466797,79.22814178466797,78.38439178466797,78.75001525878906,2224191
2015-12-28,52.7132682800293,79.95939636230469,80.2968978881836,78.55314636230469,79.00314331054688,5761043
2015-12-29,52.26827621459961,79.28439331054688,80.21251678466797,78.97502136230469,79.98751831054688,8576492
2015-12-30,52.28681945800781,79.31251525878906,79.67814636230469,78.89064025878906,78.89064025878906,8189382
2015-12-31,52.342445373535156,79.39689636230469,79.87501525878906,78.52501678466797,79.31251525878906,7159928
2016-01-01,52.28681945800781,79.31251525878906,79.79064178466797,79.17189025878906,79.53752136230469,3229824
2016-01-04,52.26827621459961,79.28439331054688,81.19689178466797,78.69377136230469,79.03126525878906,6809859
2016-01-05,51.60078430175781,78.27189636230469,79.84689331054688,77.73751831054688,79.34064483642578,4259054
2016-01-06,51.73057174682617,78.46876525878906,78.72189331054688,77.62501525878906,77.96251678466797,5320149
2016-01-07,51.2114143371582,77.68126678466797,79.73439025878906,77.34376525878906,78.46876525878906,6787347
2016-01-08,52.527854919433594,79.67814636230469,79.87501525878906,78.13127136230469,78.75001525878906,10345830
2016-01-11,53.12118148803711,80.5781478881836,81.8437728881836,78.18751525878906,79.03126525878906,8283638
2016-01-12,52.935768127441406,80.2968978881836,82.5468978881836,79.90314483642578,80.7187728881836,6611338
2016-01-13,52.99139404296875,80.38127136230469,81.22502136230469,78.80626678466797,80.52189636230469,7462021
2016-01-14,52.97284698486328,80.35314178466797,81.2812728881836,79.53752136230469,79.53752136230469,10278564
2016-01-15,51.582252502441406,78.24376678466797,80.5781478881836,77.79376983642578,79.95939636230469,7430643
2016-01-18,51.22996520996094,77.70939636230469,79.34064483642578,77.28752136230469,78.75001525878906,7411237
2016-01-19,50.41413116455078,76.47189331054688,78.63751983642578,75.82501983642578,77.87814331054688,7282040
2016-01-20,49.93205261230469,75.74064636230469,78.91876983642578,73.43439483642578,75.71251678466797,15997901
2016-01-21,49.02353286743164,74.36251831054688,77.25939178466797,74.25001525878906,75.82501983642578,10416175
2016-01-22,49.357269287109375,74.86876678466797,76.38751983642578,74.30626678466797,74.92501831054688,8099084
2016-01-25,49.3201789855957,74.81251525878906,75.62814331054688,73.82814025878906,75.37501525878906,8893503
2016-01-27,51.26703643798828,77.76564025878906,78.32814025878906,75.03752136230469,75.26251983642578,14527719
2016-01-28,53.28805923461914,80.83126831054688,81.2812728881836,79.03126525878906,79.31251525878906,22594616
2016-01-29,54.827003479003906,83.16564178466797,83.47502136230469,81.2812728881836,81.45001983642578,11216960
2016-02-01,54.41908264160156,82.5468978881836,83.47502136230469,82.20939636230469,83.19377136230469,12278379
2016-02-02,54.23368453979492,82.2656478881836,84.5718994140625,81.5625228881836,82.4062728881836,18267134
2016-02-03,53.41335678100586,80.5781478881836,82.23751831054688,79.56564331054688,80.91564178466797,12098041
2016-02-04,54.73704147338867,82.57501983642578,82.9687728881836,80.35314178466797,81.47814178466797,8726120
2016-02-05,54.15910339355469,81.7031478881836,82.91252136230469,81.19689178466797,82.71564483642578,6170693
2016-02-08,53.115074157714844,80.12814331054688,82.15314483642578,79.67814636230469,81.59064483642578,3820374
2016-02-09,52.92863082885742,79.84689331054688,81.8437728881836,79.31251525878906,79.76251983642578,7297377
2016-02-10,53.45063781738281,80.63439178466797,81.30939483642578,79.31251525878906,79.31251525878906,8119293
2016-02-11,50.971073150634766,76.89376831054688,80.91564178466797,75.43126678466797,80.35314178466797,7247688
2016-02-12,51.5863037109375,77.82189178466797,79.20001983642578,76.66876983642578,77.62501525878906,16065640
2016-02-15,51.716800689697266,78.01876831054688,79.11564636230469,77.68126678466797,78.24376678466797,8464543
2016-02-16,51.94053268432617,78.35626983642578,79.05939483642578,77.51251983642578,78.24376678466797,6766384
2016-02-17,52.05238342285156,78.52501678466797,78.66564178466797,77.25939178466797,78.66564178466797,7804863
2016-02-18,52.14560317993164,78.66564178466797,79.73439025878906,78.18751525878906,78.80626678466797,8779283
2016-02-19,52.574405670166016,79.31251525878906,79.87501525878906,78.21564483642578,78.63751983642578,6323086
2016-02-22,52.071048736572266,78.55314636230469,79.59376525878906,77.82189178466797,79.31251525878906,2293985
2016-02-23,51.12022018432617,77.11876678466797,78.91876983642578,76.89376831054688,78.75001525878906,3873885
2016-02-24,52.08967590332031,78.58126831054688,79.31251525878906,77.42814636230469,77.62501525878906,11387961
2016-02-25,49.125370025634766,74.10939025878906,78.89064025878906,73.71564483642578,78.80626678466797,19051305
2016-02-26,49.833824157714844,75.17814636230469,76.44377136230469,74.25001525878906,75.09376525878906,12511003
2016-02-29,48.49150466918945,73.15314483642578,75.57189178466797,72.67501831054688,75.57189178466797,11485783
2016-03-01,49.871116638183594,75.23439025878906,75.57189178466797,73.26564025878906,73.68751525878906,14281573
2016-03-02,50.4863395690918,76.16252136230469,77.73751831054688,75.40314483642578,75.93751525878906,13550709
2016-03-03,50.57955551147461,76.30314636230469,77.00627136230469,75.40314483642578,76.78126525878906,7057560
2016-03-04,51.69817352294922,77.99064636230469,78.27189636230469,76.19064331054688,76.72502136230469,29228314
2016-03-08,51.34394454956055,77.45626831054688,78.58126831054688,76.55626678466797,78.46876525878906,20131612
2016-03-09,52.108314514160156,78.60939025878906,78.86251831054688,76.83751678466797,77.00627136230469,7284193
2016-03-10,52.071048736572266,78.55314636230469,79.25627136230469,77.68126678466797,78.80626678466797,3713460
2016-03-11,51.53037643432617,77.73751831054688,78.97502136230469,77.42814636230469,78.55314636230469,4685588
2016-03-14,51.679527282714844,77.96251678466797,78.18751525878906,77.45626831054688,77.96251678466797,4423191
2016-03-15,51.81003189086914,78.15939331054688,78.75001525878906,77.70939636230469,77.70939636230469,11655129
2016-03-16,51.73545455932617,78.04689025878906,78.75001525878906,77.34376525878906,78.41252136230469,6170234
2016-03-17,51.45579528808594,77.62501525878906,78.89064025878906,77.00627136230469,78.32814025878906,7509036
2016-03-18,51.02699661254883,76.97814178466797,78.24376678466797,76.78126525878906,77.90626525878906,9195901
2016-03-21,51.45579528808594,77.62501525878906,77.87814331054688,76.64064025878906,76.80939483642578,4674151
2016-03-22,51.53037643432617,77.73751831054688,78.38439178466797,77.34376525878906,77.62501525878906,6628643
2016-03-23,51.2507209777832,77.31564331054688,78.27189636230469,77.03439331054688,77.23126983642578,11545428
2016-03-28,51.86595916748047,78.24376678466797,78.75001525878906,76.78126525878906,77.56877136230469,8691695
2016-03-29,51.511741638183594,77.70939636230469,79.31251525878906,77.37189483642578,78.75001525878906,11478000
2016-03-30,52.108314514160156,78.60939025878906,78.94689178466797,77.82189178466797,78.13127136230469,5797932
2016-03-31,51.86595916748047,78.24376678466797,79.00314331054688,77.90626525878906,77.90626525878906,15715729
2016-04-01,51.56767272949219,77.79376983642578,78.75001525878906,77.68126678466797,78.63751983642578,3935188
2016-04-04,51.679527282714844,77.96251678466797,78.80626678466797,77.79376983642578,78.04689025878906,5649881
2016-04-05,51.847320556640625,78.21564483642578,79.20001983642578,78.01876831054688,78.63751983642578,7744995
2016-04-06,52.08967590332031,78.58126831054688,79.48126983642578,78.38439178466797,78.66564178466797,10418272
2016-04-07,52.27610778808594,78.86251831054688,79.25627136230469,78.52501678466797,79.11564636230469,12408704
2016-04-08,52.5371208190918,79.25627136230469,79.39689636230469,78.89064025878906,78.89064025878906,4133630
2016-04-11,53.040489196777344,80.0156478881836,80.40939331054688,79.05939483642578,79.11564636230469,12360599
2016-04-12,53.37607955932617,80.52189636230469,81.7031478881836,79.87501525878906,79.87501525878906,8901453
2016-04-13,54.06588363647461,81.5625228881836,81.75939178466797,80.94377136230469,81.19689178466797,10239725
2016-04-18,54.42011642456055,82.09689331054688,82.5468978881836,80.2968978881836,81.5625228881836,7347390
2016-04-20,55.184486389160156,83.2500228881836,84.31877136230469,81.64689636230469,81.95626831054688,7716065
2016-04-21,54.49467849731445,82.20939636230469,84.12189483642578,81.61876678466797,83.44689178466797,6315086
2016-04-22,54.45738220214844,82.15314483642578,82.85626983642578,81.16876983642578,82.29376983642578,4320738
2016-04-25,53.618431091308594,80.88751983642578,82.18126678466797,80.18439483642578,82.18126678466797,3605005
2016-04-26,54.121822357177734,81.64689636230469,82.2656478881836,80.46564483642578,81.25314331054688,8964411
2016-04-27,53.82352066040039,81.19689178466797,82.1250228881836,80.80314636230469,81.73126983642578,3177289
2016-04-28,52.891353607177734,79.79064178466797,81.81564331054688,79.50939178466797,81.11251831054688,9408511
2016-04-29,53.469295501708984,80.66252136230469,80.91564178466797,79.03126525878906,80.0156478881836,4383214
2016-05-02,53.26421356201172,80.35314178466797,81.0000228881836,79.65001678466797,80.4375228881836,3383764
2016-05-03,54.14045715332031,81.67501831054688,82.57501983642578,80.4375228881836,80.4375228881836,4572397
2016-05-04,53.2269287109375,80.2968978881836,81.61876678466797,79.87501525878906,81.45001983642578,4435593
2016-05-05,53.41335678100586,80.5781478881836,81.16876983642578,79.93126678466797,80.4375228881836,2770226
2016-05-06,53.115074157714844,80.12814331054688,80.63439178466797,79.03126525878906,80.52189636230469,3714029
2016-05-09,53.506587982177734,80.7187728881836,81.08439636230469,79.67814636230469,80.1562728881836,5027038
2016-05-10,52.891353607177734,79.79064178466797,80.8593978881836,79.31251525878906,80.52189636230469,7758595
2016-05-11,52.7421989440918,79.56564331054688,79.98751831054688,78.46876525878906,79.20001983642578,4574270
2016-05-12,53.65573501586914,80.94377136230469,81.19689178466797,79.42501831054688,79.81877136230469,4877581
2016-05-13,53.9726676940918,81.4218978881836,81.67501831054688,80.10002136230469,80.60626983642578,6719824
2016-05-16,53.860809326171875,81.25314331054688,82.06877136230469,80.4375228881836,81.53439331054688,4500368
2016-05-17,54.028602600097656,81.50627136230469,82.1250228881836,80.21251678466797,82.1250228881836,4754541
2016-05-18,53.338783264160156,80.46564483642578,81.50627136230469,80.26876831054688,81.0000228881836,2573082
2016-05-19,53.842166900634766,81.22502136230469,81.90001678466797,80.60626983642578,80.60626983642578,6035130
2016-05-20,53.991310119628906,81.45001983642578,81.64689636230469,80.83126831054688,81.33751678466797,3055890
2016-05-23,55.240421295166016,83.33439636230469,83.75627136230469,81.5625228881836,81.90001678466797,10093334
2016-05-24,54.699764251708984,82.51876831054688,83.9531478881836,82.23751831054688,83.8125228881836,3545037
2016-05-25,55.8183479309082,84.20626831054688,84.3750228881836,82.71564483642578,83.2500228881836,7201959
2016-05-26,56.15393829345703,84.7125244140625,85.16252136230469,83.58751678466797,84.3750228881836,11348343
2016-05-27,56.24714279174805,84.8531494140625,85.72502136230469,83.70001983642578,85.16252136230469,7635493
2016-05-30,56.582725524902344,85.3593978881836,86.03439331054688,84.0093994140625,84.9937744140625,6049447
2016-05-31,55.93022537231445,84.3750228881836,85.6968994140625,84.12189483642578,85.5000228881836,4297008
2016-06-01,55.52006149291992,83.75627136230469,84.7125244140625,83.47502136230469,84.7125244140625,5018958
2016-06-02,56.004791259765625,84.48751831054688,84.7125244140625,83.30626678466797,83.75627136230469,3951078
2016-06-03,56.07935333251953,84.60002136230469,84.8531494140625,83.9531478881836,84.7125244140625,3453446
2016-06-06,55.65057373046875,83.9531478881836,84.76876831054688,83.55939483642578,84.48751831054688,2395810
2016-06-07,55.89293670654297,84.31877136230469,84.90939331054688,83.9531478881836,84.03752136230469,3771426
2016-06-08,56.88102722167969,85.80939483642578,86.00627136230469,83.98126983642578,84.3750228881836,3804592
2016-06-09,56.97425079345703,85.95001983642578,86.87814331054688,85.6968994140625,85.89376831054688,4520638
2016-06-10,57.570838928222656,86.85002136230469,87.27189636230469,85.9781494140625,86.00627136230469,8988984
2016-06-13,56.60137939453125,85.38751983642578,86.4843978881836,85.1343994140625,86.4843978881836,7199310
2016-06-14,56.13530349731445,84.68439483642578,85.72502136230469,84.54376983642578,85.3593978881836,2914984
2016-06-15,57.570838928222656,86.85002136230469,87.0468978881836,85.02189636230469,85.02189636230469,5287666
2016-06-16,57.645423889160156,86.9625244140625,87.91876983642578,85.4156494140625,86.85002136230469,5385026
2016-06-17,58.55894088745117,88.34064483642578,88.84689331054688,86.00627136230469,87.1875228881836,8985642
2016-06-20,58.40978240966797,88.11564636230469,88.5937728881836,87.3281478881836,88.3125228881836,5237563
2016-06-21,58.16743850708008,87.7500228881836,88.48126983642578,87.21564483642578,88.05939483642578,5276594
2016-06-22,58.018280029296875,87.5250244140625,88.14376831054688,86.9625244140625,87.77814483642578,4797461
2016-06-23,58.40978240966797,88.11564636230469,88.7906494140625,85.9781494140625,87.4687728881836,5027803
2016-06-24,58.09284591674805,87.63751983642578,87.83439636230469,84.7125244140625,86.31564331054688,6010853
2016-06-27,57.421695709228516,86.6250228881836,88.3125228881836,86.0625228881836,86.09064483642578,5121198
2016-06-28,57.96232986450195,87.44064331054688,87.7500228881836,86.42814636230469,86.93439483642578,5842035
2016-06-29,59.37924575805664,89.5781478881836,90.1968994140625,87.49689483642578,87.63751983642578,9838712
2016-06-30,60.814796447753906,91.7437744140625,92.1656494140625,89.60626983642578,90.0000228881836,18696297
2016-07-01,61.579185485839844,92.89689636230469,93.60002136230469,91.6875228881836,92.2500228881836,9960809
2016-07-04,61.672386169433594,93.03752136230469,94.10626983642578,92.61564636230469,93.7687759399414,5753019
2016-07-05,60.124977111816406,90.7031478881836,93.26251983642578,90.45001983642578,92.98126983642578,5510329
2016-07-07,60.908016204833984,91.8843994140625,92.33439636230469,90.11251831054688,90.5625228881836,5911690
2016-07-08,61.31816101074219,92.5031509399414,93.03752136230469,90.9000244140625,91.9687728881836,7803900
2016-07-11,62.119815826416016,93.7125244140625,96.27189636230469,93.3469009399414,93.4312744140625,11133401
2016-07-12,62.119815826416016,93.7125244140625,95.0625228881836,93.40314483642578,93.9375228881836,9182267
2016-07-13,60.34870529174805,91.0406494140625,94.7531509399414,90.39376831054688,93.8531494140625,11106820
2016-07-14,61.541893005371094,92.84064483642578,93.1500244140625,91.06877136230469,91.43439483642578,7428442
2016-07-15,61.24359130859375,92.3906478881836,93.60002136230469,91.7437744140625,93.40314483642578,6629943
2016-07-18,60.85206985473633,91.80001831054688,93.26251983642578,91.4625244140625,92.5875244140625,3891623
2016-07-19,62.045249938964844,93.60002136230469,93.9375228881836,91.6875228881836,91.85626983642578,5987973
2016-07-20,62.772342681884766,94.6968994140625,95.6250228881836,93.88127136230469,93.9375228881836,7071425
2016-07-21,60.59107208251953,91.4062728881836,94.6968994140625,91.01251983642578,94.66876983642578,4189305
2016-07-22,62.0266227722168,93.5718994140625,94.52814483642578,91.6031494140625,91.9687728881836,7206087
2016-07-25,62.99607467651367,95.0344009399414,95.4000244140625,93.45939636230469,93.68439483642578,3967394
2016-07-26,63.90959548950195,96.41252136230469,97.3125228881836,94.0500259399414,95.2031478881836,8278821
2016-07-27,64.30111694335938,97.0031509399414,97.7062759399414,96.49690246582031,97.3125228881836,8851677
2016-07-28,65.69937133789062,99.1125259399414,100.6031494140625,96.83439636230469,97.25627136230469,31420184
2016-07-29,65.62478637695312,99.0000228881836,99.8437728881836,98.2687759399414,99.6187744140625,12377513
2016-08-01,66.07223510742188,99.6750259399414,101.19377136230469,98.80314636230469,99.0000228881836,11965659
2016-08-02,66.70610809326172,100.63127136230469,101.3625259399414,99.02815246582031,99.8437728881836,6487056
2016-08-03,65.58748626708984,98.94377136230469,100.7437744140625,97.7062759399414,100.6875228881836,10713465
2016-08-04,66.44509887695312,100.2375259399414,100.8843994140625,99.1968994140625,99.45002746582031,9047354
2016-08-05,65.81121826171875,99.2812728881836,101.9250259399414,99.02815246582031,100.6875228881836,8816394
2016-08-08,66.55697631835938,100.4062728881836,101.2500228881836,98.7187728881836,99.5625228881836,9540514
2016-08-09,65.66207122802734,99.0562744140625,101.05314636230469,98.7187728881836,100.4062728881836,6314021
2016-08-10,65.02821350097656,98.10002136230469,99.2812728881836,97.6500244140625,99.0562744140625,3789657
2016-08-11,64.89769744873047,97.90315246582031,99.30940246582031,97.0031509399414,97.9312744140625,5017074
2016-08-12,66.38915252685547,100.15315246582031,100.6875228881836,97.9875259399414,97.9875259399414,4369997
2016-08-16,66.1841049194336,99.8437728881836,102.9937744140625,99.1406478881836,100.57502746582031,22372774
2016-08-17,65.12140655517578,98.24064636230469,100.57502746582031,98.0156478881836,100.0969009399414,11599079
2016-08-18,67.86199188232422,102.3750228881836,103.0500259399414,99.1406478881836,99.5625228881836,20664320
2016-08-19,67.47047424316406,101.7844009399414,102.9375228881836,100.85627746582031,102.9375228881836,16563739
2016-08-22,67.8433609008789,102.3469009399414,102.82502746582031,101.6718978881836,102.0656509399414,11335483
2016-08-23,67.91793823242188,102.45939636230469,103.16252136230469,101.2500228881836,102.0656509399414,7423678
2016-08-24,67.97386169433594,102.54377746582031,102.9375228881836,101.8687744140625,102.54377746582031,5319170
2016-08-25,67.9552001953125,102.5156478881836,104.0625228881836,101.5312728881836,102.6562728881836,12995397
2016-08-26,67.4145736694336,101.70002746582031,103.16252136230469,101.3625259399414,102.74064636230469,7097916
2016-08-29,67.20947265625,101.3906478881836,102.0093994140625,99.9000244140625,101.9250259399414,2956326
2016-08-30,68.34673309326172,103.10627746582031,103.38752746582031,101.0812759399414,101.75627136230469,5212793
2016-08-31,68.49588012695312,103.3312759399414,103.7812728881836,102.2906494140625,102.9937744140625,6435761
2016-09-01,68.7196044921875,103.66877746582031,104.0625228881836,102.5156478881836,103.2187728881836,6116318
2016-09-02,68.53315734863281,103.38752746582031,104.0625228881836,102.54377746582031,103.80940246582031,3858397
2016-09-06,69.57717895507812,104.9625244140625,105.5812759399414,103.38752746582031,103.9218978881836,9001076
2016-09-07,68.88739013671875,103.9218978881836,105.1875228881836,103.44377136230469,104.6812744140625,5024999
2016-09-08,70.07536315917969,104.85002899169922,105.55315399169922,102.17814636230469,103.44377136230469,5980354
2016-09-09,69.09790802001953,103.38752746582031,104.99065399169922,103.16252136230469,104.6250228881836,5051740
2016-09-12,67.76332092285156,101.3906478881836,103.16252136230469,101.1093978881836,102.7125244140625,4144478
2016-09-14,67.34979248046875,100.77189636230469,101.84065246582031,100.4062728881836,101.2219009399414,6680869
2016-09-15,65.7144546508789,98.32502746582031,101.47502136230469,97.90315246582031,101.47502136230469,8920122
2016-09-16,66.18436431884766,99.02815246582031,101.5312728881836,97.39689636230469,99.16877746582031,21690721
2016-09-19,66.69187927246094,99.78752136230469,100.2375259399414,98.0156478881836,98.8312759399414,4266806
2016-09-20,66.95506286621094,100.1812744140625,100.91252136230469,99.5625228881836,99.92814636230469,4769662
2016-09-21,65.90242767333984,98.60627746582031,101.3062744140625,98.18440246582031,100.1812744140625,4957941
2016-09-22,67.12422180175781,100.43440246582031,101.41877746582031,99.1125259399414,99.6187744140625,4676363
2016-09-23,66.14678192138672,98.9719009399414,100.91252136230469,98.8312759399414,100.2656478881836,7599534
2016-09-26,66.05278778076172,98.8312759399414,100.29377746582031,98.3531494140625,98.8312759399414,6333433
2016-09-27,66.24078369140625,99.1125259399414,100.20939636230469,98.9156494140625,99.36564636230469,6069513
2016-09-28,67.08663177490234,100.3781509399414,100.7437744140625,99.1125259399414,99.1125259399414,4515648
2016-09-29,65.1881103515625,97.53752136230469,102.4312744140625,96.5812759399414,100.5468978881836,13380901
2016-09-30,66.37236022949219,99.30940246582031,99.9562759399414,96.49690246582031,97.9312744140625,11831869
2016-10-03,68.12047576904297,101.9250259399414,102.88127136230469,98.7750244140625,99.64689636230469,9403402
2016-10-04,68.04528045654297,101.8125228881836,102.7687759399414,101.5031509399414,102.0937728881836,7967290
2016-10-05,68.1956558227539,102.03752136230469,103.16252136230469,101.47502136230469,101.89689636230469,5347763
2016-10-06,66.87986755371094,100.06877136230469,102.5156478881836,99.8437728881836,101.98127746582031,5654229
2016-10-07,66.52272033691406,99.5344009399414,101.0250244140625,99.16877746582031,100.06877136230469,3980080
2016-10-10,66.93622589111328,100.15315246582031,100.6875228881836,99.6750259399414,99.6750259399414,4458994
2016-10-13,65.78963470458984,98.4375228881836,100.0406494140625,97.7062759399414,99.87190246582031,14897308
2016-10-14,66.8046646118164,99.9562759399414,100.4062728881836,97.05940246582031,98.88752746582031,4958871
2016-10-17,66.18436431884766,99.02815246582031,99.92814636230469,98.32502746582031,99.16877746582031,4534814
2016-10-18,66.31594848632812,99.22502136230469,100.01252746582031,98.4375228881836,99.4218978881836,7289895
2016-10-19,67.12422180175781,100.43440246582031,101.6718978881836,99.0562744140625,99.5344009399414,9020687
2016-10-20,67.16180419921875,100.49064636230469,101.3906478881836,100.0406494140625,100.8843994140625,4037879
2016-10-21,66.52272033691406,99.5344009399414,100.8843994140625,99.0562744140625,100.8843994140625,10350237
2016-10-24,66.20316314697266,99.0562744140625,100.3218994140625,98.52189636230469,99.3375244140625,2945373
2016-10-25,67.0490493774414,100.3218994140625,100.6594009399414,98.7750244140625,99.30940246582031,3002870
2016-10-26,65.97762298583984,98.7187728881836,100.29377746582031,98.32502746582031,100.1250228881836,3927291
2016-10-27,65.97762298583984,98.7187728881836,99.4781494140625,97.7062759399414,98.4937744140625,7017500
2016-10-28,66.12799072265625,98.94377136230469,99.5625228881836,96.77815246582031,98.88752746582031,4282450
2016-11-01,66.50392150878906,99.50627136230469,100.99690246582031,97.95939636230469,98.5781478881836,5277438
2016-11-02,65.82723999023438,98.4937744140625,99.2812728881836,98.1281509399414,98.9719009399414,4859666
2016-11-03,65.77083587646484,98.4094009399414,98.8312759399414,98.04377746582031,98.52189636230469,4078615
2016-11-04,65.2445297241211,97.62190246582031,98.9156494140625,96.3281478881836,98.4375228881836,4179894
2016-11-07,65.4136962890625,97.8750228881836,98.2125244140625,97.62190246582031,98.04377746582031,7660803
2016-11-08,66.54151153564453,99.5625228881836,99.9000244140625,97.81877136230469,98.0156478881836,3265787
2016-11-09,67.74452209472656,101.3625259399414,101.98127746582031,93.9094009399414,95.6250228881836,13247214
2016-11-10,70.8460464477539,106.0031509399414,106.8750228881836,101.89689636230469,104.0625228881836,18046820
2016-11-11,68.83475494384766,102.9937744140625,106.0312728881836,102.0937728881836,104.6250228881836,8770575
2016-11-15,69.5302505493164,104.0344009399414,104.9625244140625,102.68440246582031,102.68440246582031,11489252
2016-11-16,70.86483764648438,106.0312728881836,107.1562728881836,103.1343994140625,104.93440246582031,10203154
2016-11-17,72.51897430419922,108.50627899169922,110.47502899169922,103.6125259399414,105.7219009399414,9392264
2016-11-18,72.16182708740234,107.9719009399414,109.85627746582031,107.66252899169922,108.98440551757812,12168642
2016-11-21,69.56783294677734,104.09065246582031,108.92815399169922,103.66877746582031,108.92815399169922,12187225
2016-11-22,69.07910919189453,103.3593978881836,105.0187759399414,101.6718978881836,104.56877899169922,11976002
2016-11-23,68.28963470458984,102.17814636230469,105.49690246582031,101.0250244140625,103.6125259399414,13625626
2016-11-24,69.56783294677734,104.09065246582031,105.13127899169922,101.41877746582031,102.3469009399414,18404432
2016-11-25,70.92123413085938,106.11565399169922,106.9875259399414,104.0625228881836,104.6812744140625,14716858
2016-11-28,71.61670684814453,107.1562728881836,109.57502746582031,105.1594009399414,105.1875228881836,10318399
2016-11-29,71.22197723388672,106.5656509399414,107.74690246582031,106.0312728881836,107.24065399169922,12406804
2016-11-30,72.14303588867188,107.94377899169922,108.3937759399414,105.5250244140625,107.32502746582031,7446808
2016-12-01,69.28589630126953,103.66877746582031,108.28128051757812,103.2187728881836,108.28128051757812,11056167
2016-12-02,69.09790802001953,103.38752746582031,104.56877899169922,102.6562728881836,104.0625228881836,9676372
2016-12-05,69.5866470336914,104.1187744140625,104.65315246582031,101.7281494140625,103.3312759399414,12282830
2016-12-06,68.75956726074219,102.88127136230469,104.9625244140625,102.6562728881836,104.28752899169922,4550359
2016-12-07,68.59039306640625,102.6281509399414,104.3437728881836,102.3750228881836,103.8937759399414,4265108
2016-12-08,69.79339599609375,104.42815399169922,104.5969009399414,102.12190246582031,103.4719009399414,5413273
2016-12-09,69.34227752685547,103.7531509399414,104.6250228881836,103.3593978881836,104.6250228881836,3451184
2016-12-12,69.4550552368164,103.9218978881836,104.3156509399414,103.16252136230469,103.6406478881836,3689403
2016-12-13,69.64302825927734,104.2031478881836,104.93440246582031,102.6281509399414,104.3437728881836,4417447
2016-12-14,68.40242767333984,102.3469009399414,104.28752899169922,102.0656509399414,104.0625228881836,7312670
2016-12-15,68.92874145507812,103.1343994140625,104.4843978881836,101.5312728881836,101.8125228881836,5253972
2016-12-16,69.09790802001953,103.38752746582031,104.7656478881836,102.2062759399414,103.24690246582031,26025533
2016-12-19,69.210693359375,103.5562744140625,104.0625228881836,102.8531494140625,103.58439636230469,3627943
2016-12-20,68.40242767333984,102.3469009399414,103.7531509399414,102.2343978881836,103.5000228881836,5757036
2016-12-21,68.8911361694336,103.0781478881836,103.3312759399414,102.2343978881836,102.40315246582031,5279390
2016-12-22,68.32723236083984,102.2343978881836,103.1906509399414,101.8687744140625,102.9375228881836,2653684
2016-12-23,68.53401184082031,102.54377746582031,102.7687759399414,100.6875228881836,102.1500244140625,4805945
2016-12-26,67.21822357177734,100.57502746582031,102.5718994140625,100.2656478881836,102.5718994140625,5932940
2016-12-27,68.06407165527344,101.84065246582031,102.2062759399414,99.30940246582031,100.5187759399414,4555998
2016-12-28,67.66932678222656,101.2500228881836,102.9375228881836,100.7437744140625,101.84065246582031,3739977
2016-12-29,67.68814086914062,101.27815246582031,102.0656509399414,100.6875228881836,100.8000259399414,14737238
2016-12-30,68.98513793945312,103.2187728881836,104.1187744140625,101.3906478881836,101.47502136230469,4872601
2017-01-02,69.04153442382812,103.30314636230469,104.1750259399414,102.7125244140625,103.2187728881836,1811713
2017-01-03,70.69568634033203,105.77815246582031,106.0312728881836,103.7812728881836,104.00627899169922,7819727
2017-01-04,70.20693969726562,105.0468978881836,106.2281494140625,104.65315246582031,105.77815246582031,7829503
2017-01-05,71.748291015625,107.3531494140625,107.5781478881836,104.6812744140625,105.21565246582031,6362320
2017-01-06,70.97763061523438,106.20002746582031,108.4781494140625,105.8906478881836,107.52190399169922,6298387
2017-01-09,70.13175201416016,104.93440246582031,106.4250259399414,104.1187744140625,106.4250259399414,2956484
2017-01-10,70.13175201416016,104.93440246582031,105.91877746582031,104.09065246582031,104.9625244140625,4626997
2017-01-11,71.35356140136719,106.76252746582031,107.66252899169922,104.56877899169922,105.35627746582031,21835704
2017-01-12,74.43626403808594,111.37503051757812,112.35940551757812,106.8750228881836,106.8750228881836,26857806
2017-01-13,74.11672973632812,110.89690399169922,112.44377899169922,110.27815246582031,112.44377899169922,23933005
2017-01-16,74.96259307861328,112.16252899169922,113.09065246582031,110.67190551757812,110.81253051757812,8473484
2017-01-17,74.3423080444336,111.23440551757812,112.86565399169922,109.7437744140625,112.16252899169922,10193606
2017-01-18,74.60545349121094,111.6281509399414,112.30315399169922,110.84065246582031,111.37503051757812,21229809
2017-01-19,75.86483764648438,113.51252746582031,114.5812759399414,110.95315551757812,111.88127899169922,8756982
2017-01-20,74.96259307861328,112.16252899169922,113.9625244140625,111.0656509399414,113.9625244140625,12987134
2017-01-23,75.26334381103516,112.6125259399414,113.7375259399414,111.96565246582031,112.4156494140625,7334154
2017-01-24,76.44754028320312,114.3843994140625,115.1437759399414,112.8375244140625,113.06253051757812,7122776
2017-01-25,76.35356903076172,114.2437744140625,114.77815246582031,113.56877899169922,114.55315399169922,10336365
2017-01-27,76.898681640625,115.05940246582031,116.4094009399414,113.93440246582031,114.46878051757812,11095330
2017-01-30,77.33101654052734,115.7062759399414,116.1281509399414,113.90628051757812,114.91877746582031,5832917
2017-01-31,77.89491271972656,116.5500259399414,117.70315551757812,115.0031509399414,115.59378051757812,7593736
2017-02-01,77.36862182617188,115.76252746582031,117.33753204345703,115.17190551757812,117.33753204345703,7325455
2017-02-02,76.67311096191406,114.7219009399414,115.87503051757812,114.32815551757812,115.81877899169922,7773806
2017-02-03,75.82726287841797,113.4562759399414,115.76252746582031,113.1187744140625,114.3000259399414,4479429
2017-02-06,75.60167694091797,113.1187744140625,114.8625259399414,112.35940551757812,113.76565551757812,6337200
2017-02-07,75.15055847167969,112.44377899169922,114.5250244140625,112.0500259399414,113.42815399169922,6562928
2017-02-08,75.60167694091797,113.1187744140625,114.0187759399414,111.54377746582031,113.06253051757812,9024346
2017-02-09,75.99642944335938,113.70940399169922,115.6500244140625,112.95002746582031,113.85002899169922,12790725
2017-02-10,75.15055847167969,112.44377899169922,115.76252746582031,112.07815551757812,115.4250259399414,16817238
2017-02-13,76.33477783203125,114.21565246582031,114.7219009399414,112.21878051757812,113.4562759399414,9508762
2017-02-14,75.5077133178711,112.9781494140625,114.7219009399414,112.5562744140625,114.69377899169922,9403263
2017-02-15,75.7332534790039,113.3156509399414,113.9625244140625,112.35940551757812,113.28752899169922,7302351
2017-02-16,75.99774169921875,113.14690399169922,113.8781509399414,111.9937744140625,112.50003051757812,6272531
2017-02-17,76.52667236328125,113.93440246582031,114.32815551757812,112.24690246582031,113.62503051757812,4966775
2017-02-20,78.00017547607422,116.1281509399414,116.66252899169922,113.51252746582031,114.69377899169922,9917513
2017-02-21,77.88682556152344,115.95940399169922,116.88752746582031,115.05940246582031,116.1281509399414,7428835
2017-02-22,76.16775512695312,113.4000244140625,117.50627899169922,113.00627899169922,117.36565399169922,26345564
2017-02-23,75.24211120605469,112.02190399169922,113.62503051757812,111.68440246582031,113.62503051757812,13404307
2017-02-27,72.82408905029297,108.42190551757812,112.50003051757812,107.94377899169922,112.50003051757812,14798634
2017-02-28,72.59740447998047,108.08440399169922,109.6031494140625,107.74690246582031,107.94377899169922,10051421
2017-03-01,72.78630828857422,108.36565399169922,109.5187759399414,107.9156494140625,108.84378051757812,10348326
2017-03-02,71.69063568115234,106.7343978881836,109.12503051757812,106.3125228881836,109.12503051757812,10629352
2017-03-03,72.1062240600586,107.3531494140625,107.5781478881836,105.7500228881836,106.3125228881836,8454072
2017-03-06,73.23968505859375,109.0406494140625,110.3625259399414,107.4937744140625,107.9156494140625,14858083
2017-03-07,73.50415802001953,109.43440246582031,110.2219009399414,108.87190246582031,109.43440246582031,11746802
2017-03-08,73.9008560180664,110.0250244140625,111.1500244140625,109.20940399169922,109.85627746582031,7938282
2017-03-09,73.46637725830078,109.3781509399414,110.13752746582031,108.28128051757812,110.13752746582031,9777769
2017-03-10,72.7485122680664,108.30940246582031,110.0812759399414,106.90315246582031,109.68753051757812,16388459
2017-03-14,73.16412353515625,108.92815399169922,111.7687759399414,108.3375244140625,111.6281509399414,11886293
2017-03-15,72.89965057373047,108.5344009399414,109.15315246582031,108.28128051757812,109.12503051757812,7772586
2017-03-16,73.71194458007812,109.7437744140625,109.9406509399414,108.42190551757812,109.20940399169922,5161993
2017-03-17,73.29635620117188,109.12503051757812,110.81253051757812,108.6187744140625,110.70002746582031,9522200
2017-03-20,73.14520263671875,108.9000244140625,109.3781509399414,108.42190551757812,109.12503051757812,9378518
2017-03-21,73.01300048828125,108.70315551757812,109.43440246582031,108.50627899169922,109.12503051757812,8126819
2017-03-22,72.57849884033203,108.0562744140625,110.0250244140625,107.6906509399414,107.74690246582031,8203222
2017-03-23,72.93743896484375,108.59065246582031,108.84378051757812,107.7750244140625,108.56253051757812,5875356
2017-03-24,73.20191192626953,108.98440551757812,109.77190399169922,108.70315551757812,109.0406494140625,6164329
2017-03-27,73.61750030517578,109.6031494140625,110.3062744140625,108.92815399169922,109.12503051757812,7104197
2017-03-28,74.31645965576172,110.6437759399414,110.81253051757812,109.49065399169922,109.49065399169922,6020578
2017-03-29,74.37313842773438,110.7281494140625,111.0656509399414,110.10940551757812,110.98127746582031,6451066
2017-03-30,73.84418487548828,109.9406509399414,111.23440551757812,109.26565551757812,110.98127746582031,13016042
2017-03-31,74.54315185546875,110.98127746582031,112.44377899169922,110.05315399169922,110.05315399169922,8522874
2017-04-03,74.12754821777344,110.3625259399414,112.16252899169922,110.25003051757812,112.16252899169922,9945512
2017-04-05,73.6741714477539,109.68753051757812,111.31877899169922,109.2375259399414,110.7281494140625,7061975
2017-04-06,74.50536346435547,110.9250259399414,111.3469009399414,108.6187744140625,110.47502899169922,7466431
2017-04-07,73.6741714477539,109.68753051757812,110.39065551757812,109.40628051757812,110.27815246582031,9205565
2017-04-10,73.78750610351562,109.85627746582031,110.05315399169922,109.3218994140625,109.71565246582031,5763232
2017-04-11,75.24211120605469,112.02190399169922,113.4000244140625,109.40628051757812,109.8843994140625,10668096
2017-04-12,74.656494140625,111.1500244140625,113.34378051757812,110.25003051757812,112.50003051757812,6620702
2017-04-13,75.56324768066406,112.50003051757812,113.09065246582031,110.70002746582031,111.26252746582031,5910355
2017-04-17,76.43224334716797,113.79377746582031,114.27190399169922,111.93753051757812,112.4719009399414,11138596
2017-04-18,76.45111846923828,113.8218994140625,114.91877746582031,113.42815399169922,113.90628051757812,7675098
2017-04-19,79.79478454589844,118.8000259399414,120.09378051757812,113.5969009399414,114.1031494140625,29099215
2017-04-20,78.92582702636719,117.50627899169922,119.47502899169922,115.5656509399414,119.25003051757812,11822555
2017-04-21,77.67902374267578,115.6500244140625,118.3781509399414,114.63752746582031,117.78752899169922,7938078
2017-04-24,77.39564514160156,115.2281494140625,116.4094009399414,114.8062744140625,116.15628051757812,7520828
2017-04-25,78.81246948242188,117.33753204345703,118.06877899169922,115.20002746582031,115.87503051757812,6293621
2017-04-26,77.71680450439453,115.7062759399414,117.28128051757812,114.89065551757812,117.28128051757812,5977354
2017-04-27,78.49132537841797,116.85940551757812,118.20940399169922,115.39690399169922,115.87503051757812,13646716
2017-04-28,78.58578491210938,117.00003051757812,117.3937759399414,115.8469009399414,116.43753051757812,5477289
2017-05-02,77.83013916015625,115.87503051757812,117.47815704345703,115.03128051757812,117.47815704345703,5123042
2017-05-03,79.73812103271484,118.71565246582031,120.26252746582031,116.04377746582031,116.38127899169922,10859280
2017-05-04,79.58699035644531,118.49065399169922,119.67190551757812,117.56253051757812,118.68753051757812,12952295
2017-05-05,78.9636001586914,117.56253051757812,119.25003051757812,116.74690246582031,119.25003051757812,4993008
2017-05-08,79.3414077758789,118.12503051757812,118.40628051757812,116.2687759399414,117.61878204345703,6855459
2017-05-09,78.71802520751953,117.19690704345703,118.96878051757812,116.85940551757812,118.15315246582031,4729357
2017-05-10,79.53032684326172,118.40628051757812,118.6594009399414,117.56253051757812,117.9562759399414,4623710
2017-05-11,78.66133880615234,117.1125259399414,118.96878051757812,115.9875259399414,118.68753051757812,4946190
2017-05-12,77.92459106445312,116.01565551757812,117.90003204345703,115.6500244140625,117.00003051757812,5386419
2017-05-15,78.09461975097656,116.2687759399414,117.56253051757812,116.07190704345703,117.50627899169922,5353854
2017-05-16,78.35909271240234,116.66252899169922,116.9719009399414,116.01565551757812,116.29690551757812,4077710
2017-05-17,78.88803100585938,117.45002746582031,117.9562759399414,115.95940399169922,116.77503204345703,3694898
2017-05-18,78.68023681640625,117.14065551757812,117.78752899169922,116.49378204345703,117.00003051757812,5797418
2017-05-19,77.73571014404297,115.73440551757812,119.10940551757812,114.8062744140625,117.9562759399414,17793954
2017-05-22,76.5077896118164,113.90628051757812,116.8312759399414,112.0500259399414,116.43753051757812,7423973
2017-05-23,76.09220123291016,113.28752899169922,114.46878051757812,111.0093994140625,114.1594009399414,6465473
2017-05-24,75.52545928955078,112.44377899169922,114.69377899169922,111.65628051757812,113.85002899169922,6650433
2017-05-25,75.16654205322266,111.9094009399414,113.0344009399414,110.05315399169922,112.8937759399414,9992276
2017-05-26,76.39444732666016,113.7375259399414,114.69377899169922,111.54377746582031,112.50003051757812,6466364
2017-05-29,79.00140380859375,117.61878204345703,118.54690551757812,114.2437744140625,114.27190399169922,14504778
2017-05-30,77.1123046875,114.8062744140625,117.50627899169922,113.65315246582031,117.50627899169922,10884114
2017-05-31,78.56688690185547,116.9719009399414,117.73127746582031,115.2844009399414,115.2844009399414,7781359
2017-06-01,78.45354461669922,116.80315399169922,117.9562759399414,116.07190704345703,116.74690246582031,6369921
2017-06-02,77.8679428100586,115.9312744140625,117.19690704345703,115.48127746582031,117.05628204345703,6713770
2017-06-05,77.565673828125,115.48127746582031,116.63440704345703,114.8625259399414,116.29690551757812,5093948
2017-06-06,76.8667221069336,114.4406509399414,115.67815399169922,113.79377746582031,115.62190246582031,5324457
2017-06-07,77.47122192382812,115.34065246582031,115.7062759399414,113.7375259399414,114.69377899169922,7605903
2017-06-08,78.34021759033203,116.63440704345703,116.8312759399414,114.5250244140625,115.31253051757812,7487370
2017-06-09,78.28350830078125,116.5500259399414,117.28128051757812,116.15628051757812,116.66252899169922,6432439
2017-06-12,77.90572357177734,115.9875259399414,116.94377899169922,115.31253051757812,116.10002899169922,3684911
2017-06-13,79.43585968017578,118.26565551757812,119.89690399169922,115.87503051757812,116.1281509399414,15775215
2017-06-14,79.53032684326172,118.40628051757812,119.81253051757812,117.84378051757812,118.68753051757812,13639132
2017-06-15,79.47364807128906,118.32190704345703,119.39065551757812,117.75940704345703,118.12503051757812,5595511
2017-06-16,79.322509765625,118.0969009399414,118.96878051757812,116.77503204345703,118.12503051757812,6127735
2017-06-19,80.24817657470703,119.47502899169922,119.7844009399414,118.0969009399414,118.12503051757812,6393073
2017-06-20,78.69913482666016,117.16877746582031,120.93753051757812,115.6500244140625,119.39065551757812,12876594
2017-06-21,77.71680450439453,115.7062759399414,117.00003051757812,115.17190551757812,117.00003051757812,13855413
2017-06-22,76.43224334716797,113.79377746582031,117.3937759399414,112.50003051757812,115.7906494140625,33713902
2017-06-23,77.83013916015625,115.87503051757812,116.43753051757812,113.85002899169922,114.18753051757812,9034020
2017-06-27,77.73571014404297,115.73440551757812,116.2687759399414,113.34378051757812,115.87503051757812,6947747
2017-06-28,78.43466186523438,116.77503204345703,117.5344009399414,114.41252899169922,115.87503051757812,7103873
2017-06-29,78.58578491210938,117.00003051757812,118.40628051757812,116.38127899169922,117.00003051757812,7577681
2017-06-30,79.54922485351562,118.43440246582031,118.71565246582031,116.88752746582031,116.94377899169922,7751039
2017-07-03,79.88922119140625,118.9406509399414,119.61565399169922,117.84378051757812,118.12503051757812,8768284
2017-07-04,79.60588836669922,118.5187759399414,119.81253051757812,117.98440551757812,119.81253051757812,4530105
2017-07-05,79.36031341552734,118.15315246582031,118.9406509399414,117.84378051757812,118.9406509399414,6062229
2017-07-06,79.28472900390625,118.04065704345703,118.68753051757812,117.56253051757812,118.68753051757812,5577232
2017-07-07,79.13362121582031,117.8156509399414,118.35002899169922,117.1125259399414,117.9562759399414,7641379
2017-07-10,79.8514633178711,118.88440704345703,119.25003051757812,118.12503051757812,118.12503051757812,2844699
2017-07-11,80.0781478881836,119.2219009399414,120.00940704345703,118.63127899169922,119.53128051757812,13833624
2017-07-12,80.85267639160156,120.37503051757812,120.93753051757812,119.2219009399414,119.2219009399414,9211263
2017-07-13,81.26829528808594,120.99378204345703,122.06253051757812,120.62815856933594,122.03440856933594,9596900
2017-07-14,81.30606079101562,121.05003356933594,121.64065551757812,120.65628051757812,121.64065551757812,4889330
2017-07-17,81.87278747558594,121.89378356933594,122.31565856933594,121.07815551757812,121.07815551757812,6302565
2017-07-18,81.38163757324219,121.16252899169922,123.75003051757812,120.79690551757812,122.03440856933594,7549621
2017-07-19,82.60953521728516,122.99065399169922,123.46878051757812,121.52815246582031,122.28752899169922,8521832
2017-07-20,82.62841796875,123.01878356933594,123.75003051757812,122.42815399169922,123.18753051757812,10233967
2017-07-21,81.34382629394531,121.10627746582031,123.44065856933594,120.09378051757812,123.44065856933594,4948380
2017-07-24,81.89167785644531,121.92190551757812,122.20315551757812,119.95315551757812,119.95315551757812,6137724
2017-07-25,81.98613739013672,122.06253051757812,122.96253204345703,121.66877746582031,122.34378051757812,6113154
2017-07-26,82.09947967529297,122.23127746582031,122.59690856933594,121.24690246582031,122.54065704345703,5258903
2017-07-27,81.85387420654297,121.86565399169922,123.24378204345703,121.35940551757812,122.45628356933594,21380991
2017-07-28,81.09825134277344,120.74065399169922,121.95002746582031,119.27815246582031,121.55628204345703,8260545
2017-07-31,84.36637878417969,125.60627746582031,126.11253356933594,120.74065399169922,120.74065399169922,17403810
2017-08-01,84.78194427490234,126.22502899169922,126.90003204345703,124.11565399169922,125.88752746582031,15263765
2017-08-02,83.79962921142578,124.76252746582031,127.12503051757812,124.14378356933594,126.36565399169922,12014487
2017-08-03,84.23413848876953,125.40940856933594,126.30940246582031,123.32815551757812,124.31253051757812,5285543
2017-08-04,84.85753631591797,126.33753204345703,126.64690399169922,124.65003204345703,126.22502899169922,7975937
2017-08-07,85.36759185791016,127.09690856933594,127.26565551757812,125.43753051757812,126.56253051757812,4619568
2017-08-08,84.21524810791016,125.38127899169922,127.46253204345703,124.56565856933594,127.40628051757812,3229672
2017-08-09,83.83743286132812,124.81877899169922,126.67503356933594,124.20002746582031,125.21253204345703,4573769
2017-08-10,82.13725280761719,122.28752899169922,124.76252746582031,121.13440704345703,124.76252746582031,6813656
2017-08-11,82.70397186279297,123.13127899169922,124.03128051757812,119.25003051757812,119.53128051757812,8860877
2017-08-14,84.1585693359375,125.29690551757812,125.97190856933594,123.18753051757812,123.32815551757812,4990789
2017-08-16,83.38404083251953,124.14378356933594,126.36565399169922,123.55315399169922,125.83128356933594,5221989
2017-08-17,82.91178894042969,123.44065856933594,124.65003204345703,123.04690551757812,124.03128051757812,2837686
2017-08-18,84.23413848876953,125.40940856933594,125.88752746582031,123.01878356933594,123.18753051757812,7721084
2017-08-21,83.23292541503906,123.91877746582031,126.53440856933594,123.49690246582031,126.00003051757812,5203218
2017-08-22,82.93067932128906,123.46878051757812,125.07190704345703,122.65315246582031,124.84690856933594,6646897
2017-08-23,83.0251235961914,123.60940551757812,124.20002746582031,122.42815399169922,123.52503204345703,5312780
2017-08-24,83.47850799560547,124.28440856933594,124.98753356933594,123.21565246582031,123.46878051757812,5492256
2017-08-28,82.02391052246094,122.11878204345703,124.25627899169922,121.86565399169922,124.25627899169922,9753985
2017-08-29,81.34382629394531,121.10627746582031,122.93440246582031,120.26252746582031,122.23127746582031,12235532
2017-08-30,81.45718383789062,121.27503204345703,122.31565856933594,120.51565551757812,121.97815704345703,9313551
2017-08-31,82.8362045288086,123.32815551757812,123.75003051757812,120.96565246582031,121.64065551757812,8143692
2017-09-01,81.7972183227539,121.78128051757812,123.01878356933594,121.38752746582031,123.01878356933594,8803556
2017-09-04,82.21282196044922,122.40003204345703,123.32815551757812,119.70002746582031,121.83753204345703,6239751
2017-09-05,81.68388366699219,121.61253356933594,122.40003204345703,121.44377899169922,122.34378051757812,3937595
2017-09-06,80.96602630615234,120.54377746582031,121.52815246582031,119.81253051757812,120.93753051757812,4800221
2017-09-07,81.57054138183594,121.44377899169922,121.58440399169922,120.12190246582031,121.21878051757812,5008597
2017-09-08,80.51263427734375,119.86878204345703,121.86565399169922,119.47502899169922,121.61253356933594,8588797
2017-09-11,82.7581558227539,121.27503204345703,121.50003051757812,118.49065399169922,118.68753051757812,6205180
2017-09-12,82.64301300048828,121.10627746582031,121.66877746582031,120.54377746582031,121.27503204345703,4307268
2017-09-13,82.04805755615234,120.23440551757812,121.55628204345703,119.81253051757812,121.10627746582031,3679773
2017-09-14,82.12482452392578,120.34690856933594,121.50003051757812,119.61565399169922,119.98127746582031,6793237
2017-09-15,81.5682144165039,119.53128051757812,120.06565856933594,117.05628204345703,119.6437759399414,9054445
2017-09-18,82.6622085571289,121.13440704345703,122.25940704345703,119.53128051757812,119.53128051757812,10470233
2017-09-19,82.85413360595703,121.41565704345703,121.72502899169922,119.70002746582031,121.72502899169922,5530915
2017-09-20,81.7217788696289,119.75627899169922,121.61253356933594,119.53128051757812,121.44377899169922,5687495
2017-09-21,81.20358276367188,118.99690246582031,119.75627899169922,118.32190704345703,119.75627899169922,5113744
2017-09-22,80.43586730957031,117.87190246582031,118.88440704345703,117.05628204345703,118.15315246582031,5195124
2017-09-25,80.66618347167969,118.20940399169922,120.29065704345703,116.80315399169922,117.56253051757812,13057600
2017-09-26,80.89649200439453,118.54690551757812,120.09378051757812,118.20940399169922,120.09378051757812,6570371
2017-09-27,79.89849853515625,117.08440399169922,119.84065246582031,116.32502746582031,119.25003051757812,7885119
2017-09-28,80.22476196289062,117.56253051757812,118.63127899169922,115.31253051757812,115.87503051757812,11633088
2017-09-29,80.99246215820312,118.68753051757812,119.61565399169922,115.9312744140625,118.68753051757812,13782560
2017-10-03,79.13079071044922,115.95940399169922,119.39065551757812,115.59378051757812,119.33440399169922,12296210
2017-10-04,80.24396514892578,117.59065246582031,118.49065399169922,115.34065246582031,115.34065246582031,12075908
2017-10-05,78.67017364501953,115.2844009399414,117.78752899169922,114.83440399169922,117.56253051757812,17352392
2017-10-06,78.59337615966797,115.17190551757812,115.7906494140625,114.49690246582031,115.31253051757812,13466622
2017-10-09,77.13478088378906,113.0344009399414,115.2281494140625,112.30315399169922,115.2281494140625,21446056
2017-10-10,78.59337615966797,115.17190551757812,115.87503051757812,113.06253051757812,113.09065246582031,14560236
2017-10-11,77.86407470703125,114.1031494140625,115.9312744140625,113.28752899169922,115.53752899169922,11830976
2017-10-12,77.65296173095703,113.79377746582031,114.8625259399414,113.34378051757812,114.21565246582031,5518551
2017-10-13,78.93885803222656,115.67815399169922,116.49378204345703,112.6125259399414,113.85002899169922,11394674
2017-10-16,78.97724151611328,115.73440551757812,117.33753204345703,115.39690399169922,116.2687759399414,11521216
2017-10-17,78.65097045898438,115.25627899169922,116.38127899169922,114.7219009399414,115.45315551757812,4936452
2017-10-18,81.97126770019531,120.12190246582031,120.51565551757812,115.87503051757812,115.9875259399414,18484486
2017-10-19,80.85811614990234,118.49065399169922,119.81253051757812,117.87190246582031,119.72815704345703,559370
2017-10-23,81.97126770019531,120.12190246582031,120.48753356933594,118.68753051757812,119.7844009399414,14162373
2017-10-24,82.54703521728516,120.96565246582031,121.44377899169922,118.91252899169922,119.98127746582031,7050716
2017-10-25,82.95010375976562,121.55628204345703,123.18753051757812,120.26252746582031,121.50003051757812,16306452
2017-10-26,81.37630462646484,119.25003051757812,121.35940551757812,118.54690551757812,120.60002899169922,23524154
2017-10-27,81.28034210205078,119.10940551757812,120.12190246582031,118.35002899169922,119.44690704345703,9985329
2017-10-30,81.52983093261719,119.47502899169922,120.65628051757812,119.16565704345703,119.2219009399414,4118717
2017-10-31,81.31874084472656,119.16565704345703,123.13127899169922,118.5187759399414,119.6437759399414,16442260
2017-11-01,80.74295043945312,118.32190704345703,120.03752899169922,117.36565399169922,119.72815704345703,12417385
2017-11-02,82.60462951660156,121.05003356933594,121.66877746582031,119.13752746582031,119.25003051757812,16259892
2017-11-03,80.62779998779297,118.15315246582031,124.03128051757812,117.90003204345703,124.03128051757812,26293141
2017-11-06,80.87730407714844,118.5187759399414,119.98127746582031,117.84378051757812,118.54690551757812,7985183
2017-11-07,79.70654296875,116.80315399169922,119.3625259399414,116.15628051757812,119.02503204345703,9702210
2017-11-08,79.89849853515625,117.08440399169922,118.0969009399414,116.52190399169922,117.00003051757812,12777065
2017-11-09,79.84089660644531,117.00003051757812,118.01252746582031,115.31253051757812,118.01252746582031,9492091
2017-11-10,81.12680053710938,118.88440704345703,119.25003051757812,116.15628051757812,116.43753051757812,8999608
2017-11-13,80.99246215820312,118.68753051757812,120.00940704345703,117.73127746582031,119.19377899169922,7885278
2017-11-14,79.4378662109375,116.4094009399414,118.71565246582031,115.9312744140625,118.68753051757812,4927717
2017-11-15,79.4570541381836,116.43753051757812,116.74690246582031,114.97502899169922,116.2687759399414,8653007
2017-11-16,79.95606231689453,117.16877746582031,117.47815704345703,115.39690399169922,116.49378204345703,18027175
2017-11-17,80.07122039794922,117.33753204345703,118.0969009399414,116.85940551757812,117.73127746582031,9193722
2017-11-20,80.14797973632812,117.45002746582031,118.29377746582031,115.67815399169922,118.29377746582031,8277194
2017-11-21,79.30352020263672,116.21253204345703,117.5344009399414,115.76252746582031,117.5344009399414,15596732
2017-11-22,79.47624206542969,116.46565246582031,117.08440399169922,115.3687744140625,117.08440399169922,8665005
2017-11-23,80.24396514892578,117.59065246582031,118.01252746582031,116.18440246582031,116.94377899169922,6824919
2017-11-24,81.0692138671875,118.8000259399414,119.16565704345703,117.00003051757812,117.28128051757812,7734712
2017-11-27,80.66618347167969,118.20940399169922,119.16565704345703,117.00003051757812,119.13752746582031,14811199
2017-11-28,79.97525787353516,117.19690704345703,118.12503051757812,115.9875259399414,118.12503051757812,21546865
2017-11-29,80.12879180908203,117.42190551757812,117.98440551757812,116.74690246582031,117.33753204345703,7324543
2017-11-30,79.09239959716797,115.90315246582031,117.28128051757812,115.39690399169922,117.28128051757812,19256592
2017-12-01,77.9024429321289,114.1594009399414,116.63440704345703,113.7375259399414,116.43753051757812,8172074
2017-12-04,77.82568359375,114.04690551757812,114.7219009399414,113.00627899169922,114.46878051757812,7124561
2017-12-05,76.88526153564453,112.66877746582031,113.8781509399414,110.7281494140625,113.62503051757812,17485101
2017-12-06,76.8660659790039,112.64065551757812,112.9781494140625,111.74065399169922,112.3312759399414,5557173
2017-12-07,77.65296173095703,113.79377746582031,114.18753051757812,112.1906509399414,112.64065551757812,11119755
2017-12-08,77.96002960205078,114.2437744140625,114.63752746582031,112.44377899169922,114.18753051757812,14615599
2017-12-11,78.42064666748047,114.91877746582031,115.53752899169922,113.9625244140625,114.63752746582031,8231500
2017-12-12,77.88326263427734,114.13127899169922,115.03128051757812,113.56877899169922,115.03128051757812,8310332
2017-12-13,76.96202087402344,112.78128051757812,113.8781509399414,112.4156494140625,113.06253051757812,12105970
2017-12-14,76.8084716796875,112.5562744140625,113.4000244140625,111.65628051757812,113.23127746582031,12838407
2017-12-15,76.32865905761719,111.8531494140625,113.70940399169922,111.09378051757812,113.28752899169922,22654959
2017-12-18,76.7317123413086,112.44377899169922,112.5562744140625,108.78752899169922,111.9094009399414,16832008
2017-12-19,77.76811218261719,113.9625244140625,114.18753051757812,112.0500259399414,112.8937759399414,20133065
2017-12-20,77.9024429321289,114.1594009399414,114.3843994140625,112.4719009399414,114.2437744140625,14097971
2017-12-21,77.96002960205078,114.2437744140625,115.20002746582031,113.6812744140625,115.20002746582031,7881749
2017-12-22,77.94085693359375,114.21565246582031,114.5250244140625,113.5406494140625,114.18753051757812,7399925
2017-12-26,77.71052551269531,113.8781509399414,114.75003051757812,113.1750259399414,114.13127899169922,7946762
2017-12-27,77.230712890625,113.1750259399414,115.03128051757812,112.95002746582031,113.90628051757812,7831439
2017-12-28,76.44383239746094,112.02190399169922,113.65315246582031,111.65628051757812,113.3156509399414,15796200
2017-12-29,76.90445709228516,112.6968994140625,113.4562759399414,112.1906509399414,112.24690246582031,8561565
2018-01-01,76.84687042236328,112.6125259399414,113.48440551757812,111.96565246582031,111.96565246582031,6388017
2018-01-02,77.05799865722656,112.92190551757812,113.51252746582031,112.10627746582031,113.20315551757812,4383705
2018-01-03,77.40345764160156,113.42815399169922,113.8781509399414,112.8375244140625,113.34378051757812,8187397
2018-01-04,76.90445709228516,112.6968994140625,114.1031494140625,112.50003051757812,113.62503051757812,4204055
2018-01-05,77.24991607666016,113.20315551757812,113.65315246582031,112.8375244140625,113.23127746582031,4923559
2018-01-08,76.9812240600586,112.80940246582031,114.32815551757812,112.52815246582031,113.62503051757812,11797863
2018-01-09,77.15396881103516,113.06253051757812,113.28752899169922,112.66877746582031,113.1187744140625,7380366
2018-01-10,76.7125244140625,112.4156494140625,113.56877899169922,111.65628051757812,113.56877899169922,8710385
2018-01-11,75.94483184814453,111.2906494140625,112.66877746582031,110.98127746582031,111.9937744140625,12305664
2018-01-12,75.3690414428711,110.4468994140625,111.54377746582031,110.0812759399414,111.4312744140625,9411915
2018-01-15,76.50141143798828,112.10627746582031,112.64065551757812,109.77190399169922,111.26252746582031,9962401
2018-01-16,75.31146240234375,110.3625259399414,112.10627746582031,109.3218994140625,111.9937744140625,13205546
2018-01-17,75.77207946777344,111.03752899169922,111.7687759399414,109.12503051757812,110.25003051757812,13012437
2018-01-18,75.6185531616211,110.81253051757812,112.38752746582031,110.10940551757812,111.7125244140625,24603506
2018-01-19,75.27307891845703,110.3062744140625,111.37503051757812,109.29377746582031,110.81253051757812,8082214
2018-01-22,74.96599578857422,109.85627746582031,110.7844009399414,109.68753051757812,110.33440399169922,9833311
2018-01-23,75.17710876464844,110.1656494140625,110.4468994140625,109.15315246582031,109.85627746582031,16134097
2018-01-24,75.21549224853516,110.2219009399414,110.7844009399414,109.77190399169922,109.85627746582031,11061376
2018-01-25,74.58213806152344,109.29377746582031,110.7281494140625,108.64690399169922,110.6437759399414,13143678
2018-01-29,74.52456665039062,109.20940399169922,110.25003051757812,109.12503051757812,109.40628051757812,11002896
2018-01-30,74.83165740966797,109.6594009399414,110.33440399169922,107.2687759399414,109.01252746582031,22826262
2018-01-31,74.39022827148438,109.01252746582031,109.85627746582031,108.00003051757812,109.6594009399414,14372442
2018-02-01,74.79326629638672,109.6031494140625,109.77190399169922,106.3125228881836,109.40628051757812,17028230
2018-02-02,74.04476165771484,108.50627899169922,109.40628051757812,107.4375228881836,109.40628051757812,22083930
2018-02-05,75.42662811279297,110.53128051757812,110.7844009399414,106.8750228881836,106.8750228881836,21997294
2018-02-06,74.83165740966797,109.6594009399414,110.0250244140625,106.8750228881836,106.8750228881836,13495253
2018-02-07,75.04277038574219,109.96878051757812,110.7281494140625,108.78752899169922,110.13752746582031,14316750
2018-02-08,75.10106658935547,108.6750259399414,109.49065399169922,108.1968994140625,109.12503051757812,33536651
2018-02-09,75.10106658935547,108.6750259399414,109.29377746582031,107.4375228881836,108.00003051757812,15183068
2018-02-12,77.16132354736328,111.65628051757812,111.96565246582031,108.73127746582031,109.2375259399414,11747845
2018-02-14,75.97570037841797,109.9406509399414,111.6281509399414,108.9562759399414,111.6281509399414,13853923
2018-02-15,76.92808532714844,111.31877899169922,111.54377746582031,109.5187759399414,110.25003051757812,8833619
2018-02-16,76.01457977294922,109.99690246582031,111.51565551757812,109.54690551757812,111.4312744140625,6252218
2018-02-19,75.4703598022461,109.20940399169922,110.7844009399414,108.9000244140625,110.0250244140625,4332550
2018-02-20,75.80079650878906,109.68753051757812,110.4468994140625,108.98440551757812,109.63127899169922,8479558
2018-02-21,75.39262390136719,109.0969009399414,110.19377899169922,108.73127746582031,110.0250244140625,9258406
2018-02-22,73.954345703125,107.0156478881836,109.40628051757812,106.4531478881836,108.73127746582031,25535938
2018-02-23,75.12051391601562,108.70315551757812,109.0406494140625,107.0718994140625,107.2125244140625,11567495
2018-02-26,76.24781036376953,110.33440399169922,110.9250259399414,108.56253051757812,109.68753051757812,8362326
2018-02-27,76.8697738647461,111.23440551757812,111.51565551757812,109.99690246582031,110.95315551757812,17333449
2018-02-28,76.85033416748047,111.2062759399414,111.4875259399414,109.91252899169922,110.70002746582031,5795018
2018-03-01,76.73370361328125,111.03752899169922,111.65628051757812,109.99690246582031,110.8687744140625,8106682
2018-03-05,76.55878448486328,110.7844009399414,110.84065246582031,109.26565551757812,110.70002746582031,6992551
2018-03-06,75.08163452148438,108.64690399169922,111.09378051757812,108.0562744140625,110.8687744140625,9525018
2018-03-07,75.15938568115234,108.7593994140625,109.12503051757812,107.5781478881836,108.42190551757812,9481007
2018-03-08,75.95625305175781,109.91252899169922,110.19377899169922,108.22502899169922,109.0406494140625,10429826
2018-03-09,74.98446655273438,108.50627899169922,110.05315399169922,107.88752746582031,109.96878051757812,9887071
2018-03-12,75.80079650878906,109.68753051757812,110.05315399169922,108.56253051757812,108.84378051757812,14242997
2018-03-13,75.82020568847656,109.71565246582031,110.81253051757812,108.70315551757812,109.63127899169922,10581316
2018-03-14,75.548095703125,109.3218994140625,110.3625259399414,108.84378051757812,109.49065399169922,8577503
2018-03-15,75.72303771972656,109.57502746582031,110.10940551757812,109.01252746582031,109.0969009399414,6132848
2018-03-16,74.73179626464844,108.14065551757812,110.89690399169922,107.6343994140625,109.35002899169922,10373796
2018-03-19,75.48979187011719,109.2375259399414,109.7437744140625,108.28128051757812,108.78752899169922,13496140
2018-03-20,75.76188659667969,109.63127899169922,110.3062744140625,108.45002746582031,109.1812744140625,9661410
2018-03-21,75.48979187011719,109.2375259399414,109.96878051757812,108.9000244140625,109.96878051757812,9675146
2018-03-22,74.90672302246094,108.3937759399414,109.5187759399414,108.14065551757812,109.2375259399414,11371840
2018-03-23,75.50923919677734,109.26565551757812,109.82815551757812,107.4375228881836,107.4375228881836,9062739
2018-03-26,75.76188659667969,109.63127899169922,109.96878051757812,109.26565551757812,109.35002899169922,15451169
2018-03-27,76.17005920410156,110.2219009399414,110.4468994140625,109.7437744140625,109.7437744140625,7563470
2018-03-28,75.12051391601562,108.70315551757812,110.13752746582031,108.16877746582031,109.96878051757812,14095921
2018-04-02,75.76188659667969,109.63127899169922,109.8000259399414,108.50627899169922,108.50627899169922,6821616
2018-04-03,77.18074035644531,111.68440246582031,112.21878051757812,109.43440246582031,109.57502746582031,6269850
2018-04-04,76.20892333984375,110.27815246582031,112.44377899169922,109.49065399169922,111.9094009399414,9689298
2018-04-05,76.28667449951172,110.39065551757812,111.6281509399414,110.25003051757812,111.31877899169922,8673501
2018-04-06,76.17005920410156,110.2219009399414,111.31877899169922,110.10940551757812,111.09378051757812,7948746
2018-04-09,76.13117980957031,110.1656494140625,110.53128051757812,109.8000259399414,110.25003051757812,4610445
2018-04-10,76.55878448486328,110.7844009399414,111.74065399169922,110.41877746582031,110.7281494140625,7562115
2018-04-11,76.5782241821289,110.81253051757812,111.4875259399414,110.13752746582031,111.37503051757812,5790314
2018-04-12,76.32554626464844,110.4468994140625,111.31877899169922,110.3062744140625,110.9250259399414,3537785
2018-04-13,76.77259063720703,111.09378051757812,111.37503051757812,110.47502899169922,110.53128051757812,3438013
2018-04-16,77.43341827392578,112.0500259399414,113.00627899169922,110.70002746582031,110.95315551757812,9628436
2018-04-17,79.64913177490234,115.25627899169922,116.52190399169922,113.7375259399414,114.3000259399414,23457958
2018-04-18,79.68799591064453,115.31253051757812,115.76252746582031,114.9468994140625,115.3687744140625,8814122
2018-04-19,80.89303588867188,117.05628204345703,117.50627899169922,115.2844009399414,115.59378051757812,10627620
2018-04-20,80.54319763183594,116.5500259399414,117.90003204345703,115.9875259399414,117.45002746582031,5446620
2018-04-23,80.3876953125,116.32502746582031,116.94377899169922,115.4250259399414,116.94377899169922,4139986
2018-04-24,80.25163269042969,116.1281509399414,117.1125259399414,115.20002746582031,117.1125259399414,3594644
2018-04-25,80.60150146484375,116.63440704345703,118.12503051757812,114.69377899169922,116.10002899169922,5924775
2018-04-26,80.46544647216797,116.43753051757812,117.3937759399414,115.9875259399414,116.74690246582031,7950190
2018-04-27,80.8152847290039,116.94377899169922,117.3937759399414,116.49378204345703,116.71878051757812,7371596
2018-04-30,80.79586791992188,116.91565704345703,117.56253051757812,116.46565246582031,116.74690246582031,5644871
2018-05-02,79.74629974365234,115.39690399169922,117.61878204345703,115.1437759399414,116.43753051757812,7210903
2018-05-03,80.25163269042969,116.1281509399414,116.74690246582031,114.32815551757812,115.31253051757812,3782713
2018-05-04,80.62091827392578,116.66252899169922,116.88752746582031,115.03128051757812,116.43753051757812,22466426
2018-05-07,81.35950469970703,117.73127746582031,118.12503051757812,116.43753051757812,116.43753051757812,6003886
2018-05-08,82.70059204101562,119.67190551757812,120.37503051757812,117.47815704345703,117.84378051757812,19748071
2018-05-09,82.35074615478516,119.16565704345703,120.20628356933594,118.77190399169922,119.25003051757812,13934330
2018-05-10,80.85415649414062,117.00003051757812,119.13752746582031,115.1437759399414,118.8000259399414,13973187
2018-05-11,80.40713500976562,116.35315704345703,117.56253051757812,115.8469009399414,117.45002746582031,10688957
2018-05-14,81.26231384277344,117.59065246582031,118.01252746582031,115.87503051757812,115.87503051757812,13962128
2018-05-15,83.1281967163086,120.29065704345703,121.50003051757812,117.36565399169922,117.56253051757812,56040833
2018-05-16,82.97269439697266,120.06565856933594,120.93753051757812,119.55940246582031,120.60002899169922,18183776
2018-05-17,82.97269439697266,120.06565856933594,121.50003051757812,119.41877746582031,119.53128051757812,17900935
2018-05-18,82.77833557128906,119.7844009399414,120.93753051757812,119.30628204345703,120.20628356933594,18414996
2018-05-21,82.66171264648438,119.61565399169922,120.62815856933594,119.02503204345703,120.62815856933594,16669979
2018-05-22,81.92315673828125,118.54690551757812,120.37503051757812,117.84378051757812,120.23440551757812,9411261
2018-05-23,82.13695526123047,118.85627746582031,119.5031509399414,117.9562759399414,118.68753051757812,18219990
2018-05-24,82.31187438964844,119.10940551757812,119.47502899169922,118.91252899169922,119.47502899169922,17260447
2018-05-25,82.42848205566406,119.27815246582031,119.84065246582031,118.26565551757812,118.26565551757812,30090956
2018-05-28,80.44599914550781,116.4094009399414,119.53128051757812,116.04377746582031,119.39065551757812,17488299
2018-05-29,80.46544647216797,116.43753051757812,117.9562759399414,115.73440551757812,117.14065551757812,15749359
2018-05-30,81.437255859375,117.84378051757812,119.2219009399414,116.43753051757812,116.43753051757812,36016623
2018-05-31,81.41780853271484,117.8156509399414,119.6437759399414,113.4000244140625,118.06877899169922,274352477
2018-06-01,80.05729675292969,115.8469009399414,116.94377899169922,112.6968994140625,116.38127899169922,17096388
2018-06-04,78.40521240234375,113.4562759399414,116.4094009399414,112.8375244140625,116.4094009399414,14456405
2018-06-05,77.29735565185547,111.8531494140625,113.14690399169922,109.7437744140625,112.95002746582031,13788817
2018-06-06,78.17198181152344,113.1187744140625,114.32815551757812,111.09378051757812,111.09378051757812,8130515
2018-06-07,78.81336975097656,114.04690551757812,114.7219009399414,111.51565551757812,113.3156509399414,7683528
2018-06-08,76.92808532714844,111.31877899169922,113.1750259399414,110.67190551757812,113.00627899169922,12429285
2018-06-11,76.07286834716797,110.0812759399414,112.07815551757812,109.40628051757812,111.7125244140625,19668041
2018-06-12,75.82020568847656,109.71565246582031,110.5031509399414,108.78752899169922,110.5031509399414,13416832
2018-06-13,77.0252685546875,111.45940399169922,112.1343994140625,109.7437744140625,110.41877746582031,10866676
2018-06-14,77.29735565185547,111.8531494140625,112.1343994140625,110.5875244140625,111.4875259399414,7205187
2018-06-15,76.90865325927734,111.2906494140625,111.93753051757812,110.39065551757812,111.8531494140625,9527937
2018-06-18,77.21961975097656,111.74065399169922,112.21878051757812,110.39065551757812,111.2906494140625,4303444
2018-06-19,77.23904418945312,111.7687759399414,112.3312759399414,110.70002746582031,111.12190246582031,8099053
2018-06-20,77.41397857666016,112.02190399169922,112.3312759399414,110.70002746582031,111.7687759399414,8160216
2018-06-21,75.97570037841797,109.9406509399414,111.74065399169922,109.01252746582031,111.4312744140625,10942576
2018-06-22,76.85033416748047,111.2062759399414,111.60002899169922,109.1812744140625,110.3625259399414,7677797
2018-06-25,75.48979187011719,109.2375259399414,111.54377746582031,107.7187728881836,111.2062759399414,8701812
2018-06-26,74.14871215820312,107.2968978881836,109.5187759399414,106.3125228881836,109.06877899169922,9869227
2018-06-27,72.76874542236328,105.3000259399414,108.28128051757812,104.4562759399414,107.9719009399414,13094540
2018-06-28,71.8358154296875,103.95002746582031,106.1718978881836,103.02189636230469,105.97502899169922,22542641
2018-06-29,72.63268280029297,105.1031494140625,107.0718994140625,103.5562744140625,104.2031478881836,8435793
2018-07-02,71.93299102783203,104.09065246582031,105.3843994140625,103.2187728881836,105.1875228881836,13100144
2018-07-03,71.7386245727539,103.80940246582031,104.3156509399414,101.9250259399414,103.52815246582031,9990760
2018-07-04,71.1361312866211,102.9375228881836,106.4531478881836,102.45939636230469,104.2031478881836,10626271
2018-07-05,70.61134338378906,102.17814636230469,103.3593978881836,101.55940246582031,103.02189636230469,7739370
2018-07-06,70.6696548461914,102.26252746582031,102.88127136230469,101.7281494140625,102.17814636230469,7229617
2018-07-09,71.71919250488281,103.7812728881836,104.0625228881836,102.3750228881836,102.4875259399414,10238815
2018-07-10,71.54428100585938,103.52815246582031,104.2593994140625,103.16252136230469,104.0625228881836,7258266
2018-07-11,71.09724426269531,102.88127136230469,103.9218978881836,102.60002136230469,103.38752746582031,3825437
2018-07-12,70.98064422607422,102.7125244140625,103.2750244140625,102.1500244140625,103.0500259399414,11523981
2018-07-13,70.65021514892578,102.2343978881836,103.1343994140625,101.9531478881836,102.4875259399414,4793733
2018-07-16,70.49473571777344,102.0093994140625,102.6562728881836,101.5875244140625,101.84065246582031,12191173
2018-07-17,70.53360748291016,102.0656509399414,102.5156478881836,101.2500228881836,101.6437759399414,4698206
2018-07-18,69.3868637084961,100.4062728881836,103.38752746582031,100.15315246582031,102.7125244140625,5845129
2018-07-19,68.97870635986328,99.8156509399414,101.70002746582031,99.6187744140625,100.7437744140625,5980121
2018-07-20,68.33731842041016,98.88752746582031,100.0969009399414,97.9312744140625,99.8437728881836,5273662
2018-07-23,68.82323455810547,99.59065246582031,100.1250228881836,98.80314636230469,98.9719009399414,6336970
2018-07-24,69.09532165527344,99.9843978881836,100.3781509399414,99.1406478881836,100.2375259399414,6260188
2018-07-25,68.27899169921875,98.80314636230469,100.6875228881836,98.2687759399414,100.49064636230469,7757736
2018-07-26,70.6890869140625,102.2906494140625,103.38752746582031,97.9875259399414,99.1406478881836,33869484
2018-07-27,69.93109130859375,101.19377136230469,103.95002746582031,100.2375259399414,103.0781478881836,19690254
2018-07-30,71.2138671875,103.0500259399414,103.3593978881836,101.27815246582031,101.75627136230469,10288607
2018-07-31,70.864013671875,102.54377746582031,104.4000244140625,102.2906494140625,103.30314636230469,11713824
2018-08-01,71.79693603515625,103.8937759399414,104.4843978881836,101.33439636230469,102.9375228881836,10299992
2018-08-02,73.35183715820312,106.1437759399414,107.0156478881836,103.9218978881836,104.70940399169922,12305598
2018-08-03,73.9349136352539,106.9875259399414,107.4094009399414,106.3125228881836,106.76252746582031,7491196
2018-08-06,73.64337158203125,106.5656509399414,107.9156494140625,106.11565399169922,107.9156494140625,4944677
2018-08-07,73.50732421875,106.3687744140625,107.24065399169922,105.55315399169922,106.7906494140625,3270258
2018-08-08,73.66278839111328,106.5937728881836,107.2687759399414,105.6656494140625,106.3687744140625,6225545
2018-08-09,74.86785888671875,108.3375244140625,108.56253051757812,105.6656494140625,106.5937728881836,6328977
2018-08-10,74.07096099853516,107.18440246582031,109.0406494140625,106.3687744140625,108.9562759399414,4909902
2018-08-13,73.07972717285156,105.7500228881836,106.8750228881836,105.27190399169922,106.0875244140625,2537940
2018-08-14,73.04086303710938,105.69377899169922,106.3125228881836,104.93440246582031,105.49690246582031,2304692
2018-08-16,72.9631118774414,105.5812759399414,106.8750228881836,105.2437744140625,105.41252899169922,3661689
2018-08-17,72.72986602783203,105.2437744140625,106.3125228881836,104.4843978881836,106.0312728881836,4022502
2018-08-20,72.94367218017578,105.55315399169922,106.2281494140625,104.4000244140625,105.4687728881836,2487784
2018-08-21,72.9048080444336,105.49690246582031,105.91877746582031,104.5406494140625,105.55315399169922,3655095
2018-08-23,73.9349136352539,106.9875259399414,107.4375228881836,105.49690246582031,105.49690246582031,9442607
2018-08-24,74.22645568847656,107.4094009399414,109.4625244140625,106.62190246582031,107.1562728881836,8393334
2018-08-27,76.88919830322266,111.26252746582031,111.54377746582031,107.38127899169922,107.52190399169922,14042229
2018-08-28,76.63652801513672,110.89690399169922,112.7531509399414,110.10940551757812,111.1500244140625,8224129
2018-08-29,75.04277801513672,108.59065246582031,111.96565246582031,108.0562744140625,110.81253051757812,6955827
2018-08-30,76.55878448486328,110.7844009399414,111.4875259399414,108.22502899169922,108.70315551757812,22347117
2018-08-31,78.32748413085938,113.34378051757812,113.76565551757812,109.6031494140625,109.6031494140625,11854651
2018-09-03,75.60640716552734,109.40628051757812,115.31253051757812,109.12503051757812,114.1031494140625,8999761
2018-09-04,75.58698272705078,109.3781509399414,110.5031509399414,107.80315399169922,109.40628051757812,5387824
2018-09-05,76.05345153808594,110.05315399169922,110.81253051757812,108.42190551757812,109.20940399169922,7334087
2018-09-06,77.47228240966797,112.10627746582031,113.48440551757812,109.96878051757812,110.25003051757812,16457730
2018-09-07,76.07286834716797,110.0812759399414,113.00627899169922,108.4781494140625,113.00627899169922,4580610
2018-09-10,76.09260559082031,108.5344009399414,109.68753051757812,106.95940399169922,108.64690399169922,6293799
2018-09-11,73.70670318603516,105.13127899169922,109.6031494140625,104.7375259399414,108.59065246582031,9560546
2018-09-12,76.42781066894531,109.01252746582031,109.82815551757812,105.2437744140625,105.2437744140625,13582243
2018-09-14,78.93201446533203,112.58440399169922,113.5969009399414,109.06877899169922,109.82815551757812,22816500
2018-09-17,79.62217712402344,113.56877899169922,114.49690246582031,111.03752899169922,111.03752899169922,15162744
2018-09-18,78.43907165527344,111.88127899169922,114.69377899169922,111.45940399169922,113.34378051757812,4937349
2018-09-19,78.20246124267578,111.54377746582031,112.50003051757812,110.3625259399414,111.93753051757812,6025625
2018-09-21,79.0306167602539,112.72502899169922,113.56877899169922,109.7437744140625,111.93753051757812,11174973
2018-09-24,77.9264144897461,111.1500244140625,112.6968994140625,109.43440246582031,112.50003051757812,3992299
2018-09-25,75.95457458496094,108.3375244140625,111.7125244140625,107.80315399169922,110.81253051757812,10770907
2018-09-26,76.05316162109375,108.4781494140625,109.12503051757812,105.8625259399414,108.8156509399414,7286693
2018-09-27,76.72357940673828,109.43440246582031,110.19377899169922,108.08440399169922,108.56253051757812,8101331
2018-09-28,74.29825592041016,105.97502899169922,111.3469009399414,105.3843994140625,109.40628051757812,10284429
2018-10-01,75.87570190429688,108.22502899169922,109.06877899169922,104.56877899169922,105.91877746582031,4684738
2018-10-03,74.51515197753906,106.2844009399414,108.16877746582031,105.9468994140625,107.1562728881836,10349581
2018-10-04,74.63345336914062,106.4531478881836,107.4094009399414,103.80940246582031,105.7500228881836,11239097
2018-10-05,73.86444091796875,105.35627746582031,107.74690246582031,104.8218994140625,106.3125228881836,7035573
2018-10-08,73.60811614990234,104.99065399169922,106.34065246582031,102.6562728881836,104.9062728881836,4680183
2018-10-09,73.56867218017578,104.93440246582031,106.5656509399414,104.23127746582031,105.21565246582031,5552286
2018-10-10,73.80529022216797,105.27190399169922,106.2844009399414,104.7375259399414,104.7375259399414,3526073
2018-10-11,73.23345947265625,104.4562759399414,106.0312728881836,103.52815246582031,104.5969009399414,10016561
2018-10-12,74.31797790527344,106.0031509399414,106.7343978881836,104.6812744140625,104.7656478881836,6856067
2018-10-15,74.17993927001953,105.8062744140625,106.8750228881836,104.6812744140625,106.0031509399414,6926558
2018-10-16,73.82501220703125,105.3000259399414,106.20002746582031,104.1187744140625,105.7219009399414,6530627
2018-10-17,74.57430267333984,106.3687744140625,106.9312744140625,105.7500228881836,105.77815246582031,4151254
2018-10-19,74.5940170288086,106.39690399169922,107.6906509399414,105.21565246582031,106.3125228881836,9497796
2018-10-22,74.5940170288086,106.39690399169922,107.4375228881836,105.8906478881836,106.53752899169922,4377225
2018-10-23,75.30387115478516,107.4094009399414,108.36565399169922,104.51252746582031,105.7500228881836,4599675
2018-10-24,75.08698272705078,107.10002899169922,108.14065551757812,106.53752899169922,107.7187728881836,4510189
2018-10-25,75.44190216064453,107.60627746582031,108.08440399169922,105.0187759399414,106.7062759399414,7455415
2018-10-26,74.29825592041016,105.97502899169922,107.4375228881836,105.63752746582031,107.0718994140625,6390862
2018-10-29,74.75176239013672,106.62190246582031,107.1562728881836,105.41252899169922,106.53752899169922,8374975
2018-10-30,73.41094207763672,104.70940399169922,106.62190246582031,104.4000244140625,106.3125228881836,5105532
2018-10-31,73.33204650878906,104.5969009399414,105.0468978881836,100.57502746582031,104.1187744140625,9622136
2018-11-01,74.31797790527344,106.0031509399414,106.48127746582031,104.37190246582031,104.6812744140625,5603131
2018-11-02,74.87007904052734,106.7906494140625,108.16877746582031,106.1437759399414,106.34065246582031,6034462
2018-11-05,73.37149810791016,104.65315246582031,106.5937728881836,104.0625228881836,106.34065246582031,4872816
2018-11-06,74.17993927001953,105.8062744140625,106.3125228881836,104.0625228881836,105.2437744140625,7337064
2018-11-07,74.55459594726562,106.34065246582031,106.8750228881836,105.8062744140625,106.8750228881836,223308
2018-11-09,75.59964752197266,107.8312759399414,108.1125259399414,106.20002746582031,106.3125228881836,9231137
2018-11-12,73.33204650878906,104.5969009399414,108.50627899169922,103.6406478881836,107.7187728881836,3906667
2018-11-13,72.58275604248047,103.52815246582031,105.7500228881836,102.8531494140625,105.1875228881836,7750412
2018-11-14,73.33204650878906,104.5969009399414,105.1875228881836,103.5562744140625,103.66877746582031,9918943
2018-11-15,73.78556060791016,105.2437744140625,106.0312728881836,104.37190246582031,104.6250228881836,8814911
2018-11-16,74.17993927001953,105.8062744140625,106.8750228881836,104.7375259399414,105.1875228881836,5537047
2018-11-19,74.8109359741211,106.7062759399414,107.1562728881836,105.55315399169922,105.8625259399414,5155461
2018-11-20,74.29825592041016,105.97502899169922,107.4937744140625,105.4687728881836,107.4937744140625,2673334
2018-11-21,71.81373596191406,102.4312744140625,105.6656494140625,101.98127746582031,105.4687728881836,6426666
2018-11-22,70.90672302246094,101.13752746582031,103.3312759399414,100.01252746582031,103.3312759399414,6231287
2018-11-26,71.95177459716797,102.6281509399414,102.8531494140625,100.6031494140625,101.27815246582031,5022526
2018-11-27,71.99121856689453,102.68440246582031,104.0344009399414,101.41877746582031,102.3469009399414,6727512
2018-11-28,72.68135070800781,103.66877746582031,104.0625228881836,102.0937728881836,102.31877136230469,9281286
2018-11-29,71.1827621459961,101.5312728881836,106.0312728881836,100.85627746582031,104.0344009399414,16395530
2018-11-30,71.04473876953125,101.33439636230469,103.24690246582031,100.29377746582031,101.8125228881836,10573839
2018-12-03,72.48416900634766,103.38752746582031,106.0312728881836,101.8687744140625,101.8687744140625,11107638
2018-12-04,73.8447265625,105.3281478881836,105.8625259399414,102.45939636230469,103.16252136230469,6304336
2018-12-05,72.3658676147461,103.2187728881836,105.5812759399414,102.6562728881836,104.1187744140625,5774768
2018-12-06,72.3658676147461,103.2187728881836,104.28752899169922,102.7687759399414,103.2187728881836,8600328
2018-12-07,72.0306396484375,102.74064636230469,105.1875228881836,101.61564636230469,103.38752746582031,8378029
2018-12-10,70.70953369140625,100.85627746582031,102.60002136230469,99.36564636230469,101.5312728881836,6431248
2018-12-11,71.10391235351562,101.41877746582031,101.98127746582031,99.64689636230469,100.01252746582031,6514193
2018-12-12,71.99121856689453,102.68440246582031,103.38752746582031,101.6437759399414,101.75627136230469,7396629
2018-12-13,71.99121856689453,102.68440246582031,102.9375228881836,101.8687744140625,102.5718994140625,4251108
2018-12-14,73.23345947265625,104.4562759399414,104.7656478881836,101.5312728881836,102.0937728881836,9276710
2018-12-17,75.93485260009766,108.30940246582031,110.55940246582031,106.7062759399414,106.8750228881836,23727234
2018-12-18,77.4334487915039,110.4468994140625,110.81253051757812,107.38127899169922,108.50627899169922,15507368
2018-12-19,78.47850799560547,111.93753051757812,112.21878051757812,109.71565246582031,109.71565246582031,11434466
2018-12-20,78.06441497802734,111.3469009399414,111.9094009399414,109.63127899169922,110.84065246582031,7938383
2018-12-21,77.65034484863281,110.75627899169922,111.9937744140625,110.05315399169922,111.37503051757812,8722621
2018-12-24,76.48696899414062,109.0969009399414,111.26252746582031,108.6750259399414,110.81253051757812,8563441
2018-12-26,77.01935577392578,109.85627746582031,110.41877746582031,107.6343994140625,108.9000244140625,4766041
2018-12-27,77.51233673095703,110.55940246582031,112.21878051757812,108.84378051757812,109.71565246582031,46486470
2018-12-28,77.70951080322266,110.84065246582031,111.5718994140625,110.0250244140625,111.09378051757812,5142112
2018-12-31,78.3404769897461,111.74065399169922,112.50003051757812,110.25003051757812,110.6437759399414,6317785
2019-01-01,78.87287139892578,112.50003051757812,112.78128051757812,110.3062744140625,111.0656509399414,3961625
2019-01-02,76.99964904785156,109.82815551757812,112.50003051757812,109.12503051757812,111.9937744140625,7876559
2019-01-03,76.13204956054688,108.59065246582031,109.68753051757812,108.00003051757812,109.63127899169922,7942863
2019-01-04,77.2559814453125,110.19377899169922,110.67190551757812,107.66252899169922,108.73127746582031,4017540
2019-01-07,78.26160430908203,111.6281509399414,111.88127899169922,110.1656494140625,110.3062744140625,3592512
2019-01-08,77.82780456542969,111.0093994140625,111.65628051757812,110.13752746582031,111.31877899169922,3990870
2019-01-09,77.9264144897461,111.1500244140625,111.79690551757812,110.0250244140625,111.0093994140625,4087529
2019-01-10,77.15738677978516,110.05315399169922,111.0656509399414,109.63127899169922,111.0656509399414,3589725
2019-01-11,76.64471435546875,109.3218994140625,110.19377899169922,108.70315551757812,109.63127899169922,2995789
2019-01-14,75.9151382446289,108.28128051757812,109.3218994140625,107.4375228881836,109.15315246582031,5370460
2019-01-15,75.89541625976562,108.2531509399414,111.93753051757812,107.10002899169922,111.93753051757812,11498868
2019-01-16,75.71794891357422,108.00003051757812,109.20940399169922,107.7750244140625,108.28128051757812,8515441
2019-01-17,76.46725463867188,109.06877899169922,109.43440246582031,108.00003051757812,108.00003051757812,5325531
2019-01-18,76.34892272949219,108.9000244140625,110.6437759399414,108.28128051757812,109.12503051757812,4366941
2019-01-21,75.42218780517578,107.5781478881836,109.5187759399414,107.24065399169922,109.0969009399414,4067143
2019-01-22,74.8109359741211,106.7062759399414,107.5781478881836,106.0312728881836,107.4375228881836,3577455
2019-01-23,73.47007751464844,104.79377746582031,107.7187728881836,104.4562759399414,106.62190246582031,6173490
2019-01-24,73.64754486083984,105.0468978881836,106.3687744140625,104.37190246582031,105.0187759399414,6157088
2019-01-25,73.29261016845703,104.5406494140625,106.3687744140625,104.2031478881836,105.5250244140625,3868441
2019-01-28,74.06163787841797,105.63752746582031,106.0875244140625,102.3750228881836,104.6250228881836,7440853
2019-01-29,73.19401550292969,104.4000244140625,105.63752746582031,103.30314636230469,105.07502746582031,17469350
2019-01-30,73.78556060791016,105.2437744140625,105.69377899169922,103.16252136230469,104.1187744140625,12711500
2019-01-31,74.37711334228516,106.0875244140625,107.7187728881836,105.07502746582031,106.0312728881836,25774313
2019-02-01,75.00809478759766,106.9875259399414,107.9156494140625,104.56877899169922,107.4094009399414,9474849
2019-02-04,72.79965209960938,103.8375244140625,106.5937728881836,103.3593978881836,106.5937728881836,3678667
2019-02-05,73.39119720458984,104.6812744140625,105.1594009399414,103.2187728881836,103.5562744140625,5500377
2019-02-06,73.66727447509766,105.07502746582031,106.1718978881836,103.9218978881836,104.7656478881836,4322649
2019-02-07,72.79965209960938,103.8375244140625,105.5812759399414,103.5000228881836,105.1594009399414,4309303
2019-02-08,71.37994384765625,101.8125228881836,105.7219009399414,101.5312728881836,103.8375244140625,7692145
2019-02-11,71.9123306274414,102.5718994140625,103.0500259399414,100.0406494140625,101.0250244140625,7913450
2019-02-12,71.47853088378906,101.9531478881836,104.85002899169922,101.5031509399414,102.9375228881836,11930402
2019-02-14,68.99402618408203,98.4094009399414,100.6031494140625,97.0312728881836,99.8437728881836,36962390
2019-02-15,71.57714080810547,102.0937728881836,102.4875259399414,99.9000244140625,100.35002136230469,16005610
2019-02-18,71.28135681152344,101.6718978881836,103.2187728881836,100.99690246582031,102.0656509399414,7973918
2019-02-19,70.76868438720703,100.9406509399414,102.9375228881836,100.63127136230469,101.3906478881836,10824411
2019-02-20,71.69544982910156,102.26252746582031,102.7125244140625,100.4625244140625,101.6718978881836,9658184
2019-02-21,71.69544982910156,102.26252746582031,102.9375228881836,101.7281494140625,102.7687759399414,9197823
2019-02-22,71.73487091064453,102.31877136230469,102.7125244140625,101.5312728881836,102.2062759399414,12182132
2019-02-25,71.75460052490234,102.3469009399414,102.6562728881836,100.4062728881836,101.8125228881836,29907322
2019-02-26,71.45881652832031,101.9250259399414,102.7687759399414,100.6031494140625,100.9687728881836,13683801
2019-02-27,71.55741882324219,102.0656509399414,103.66877746582031,101.1656494140625,101.98127746582031,13566494
2019-02-28,72.1095199584961,102.8531494140625,103.9218978881836,101.5875244140625,102.88127136230469,69863939
2019-03-01,72.24755096435547,103.0500259399414,103.3593978881836,102.4312744140625,102.9937744140625,7227772
2019-03-05,72.1686782836914,102.9375228881836,104.3156509399414,102.7125244140625,103.5000228881836,15733697
2019-03-06,72.76022338867188,103.7812728881836,104.85002899169922,102.2062759399414,102.9937744140625,20336766
2019-03-07,73.80529022216797,105.27190399169922,106.5937728881836,103.8375244140625,105.1875228881836,12295538
2019-03-08,73.74612426757812,105.1875228881836,106.0031509399414,104.2031478881836,105.7500228881836,6211299
2019-03-11,76.625,109.29377746582031,110.25003051757812,105.6093978881836,106.0312728881836,17678891
2019-03-12,77.4334487915039,110.4468994140625,113.62503051757812,109.49065399169922,109.49065399169922,26457157
2019-03-13,76.8024673461914,109.54690551757812,111.51565551757812,108.6187744140625,111.4312744140625,6930222
2019-03-14,76.26583099365234,105.5250244140625,106.7343978881836,105.3281478881836,106.2844009399414,8466765
2019-03-15,78.562744140625,108.70315551757812,109.2375259399414,105.2437744140625,105.2437744140625,14301914
2019-03-18,80.10758209228516,110.84065246582031,111.26252746582031,108.70315551757812,109.20940399169922,14247336
2019-03-19,80.90032196044922,111.93753051757812,112.6125259399414,109.85627746582031,110.3625259399414,16995997
2019-03-20,80.24987030029297,111.03752899169922,112.4156494140625,110.53128051757812,112.07815551757812,9060589
2019-03-22,80.69705200195312,111.65628051757812,112.9781494140625,110.89690399169922,111.31877899169922,8782833
2019-03-25,82.11993408203125,113.62503051757812,114.46878051757812,109.7437744140625,110.9250259399414,14506515
2019-03-26,82.46548461914062,114.1031494140625,114.69377899169922,112.16252899169922,113.70940399169922,8371544
2019-03-27,81.3881607055664,112.6125259399414,115.1437759399414,111.65628051757812,114.18753051757812,11579885
2019-03-28,80.5954360961914,111.51565551757812,112.50003051757812,110.5031509399414,112.50003051757812,17034861
2019-04-01,79.4977798461914,109.99690246582031,112.3312759399414,109.7437744140625,111.4875259399414,10617688
2019-04-02,81.22555541992188,112.38752746582031,112.95002746582031,110.25003051757812,110.25003051757812,17946031
2019-04-03,81.69306945800781,113.0344009399414,113.93440246582031,112.58440399169922,112.72502899169922,15076661
2019-04-04,81.0426025390625,112.1343994140625,114.32815551757812,111.65628051757812,113.3156509399414,10130253
2019-04-05,79.80268096923828,110.41877746582031,112.8937759399414,110.27815246582031,112.8937759399414,9883976
2019-04-08,80.6360855102539,111.5718994140625,112.66877746582031,109.99690246582031,111.37503051757812,13511642
2019-04-09,80.6360855102539,111.5718994140625,112.1343994140625,110.84065246582031,111.9094009399414,10655872
2019-04-10,80.75804901123047,111.74065399169922,112.30315399169922,111.23440551757812,111.23440551757812,8637199
2019-04-11,79.66039276123047,110.2219009399414,112.16252899169922,110.05315399169922,112.02190399169922,13713296
2019-04-12,80.10758209228516,110.84065246582031,111.17815399169922,109.71565246582031,110.61565399169922,11004111
2019-04-15,80.51412200927734,111.40315246582031,112.9781494140625,110.8687744140625,111.26252746582031,8965316
2019-04-16,80.02627563476562,110.7281494140625,112.4156494140625,110.53128051757812,111.93753051757812,4918434
2019-04-18,78.98963165283203,109.29377746582031,111.2906494140625,108.84378051757812,111.0093994140625,11593259
2019-04-22,79.19288635253906,109.57502746582031,110.6437759399414,108.78752899169922,109.2375259399414,7772049
2019-04-23,78.46113586425781,108.56253051757812,109.43440246582031,108.02815246582031,109.01252746582031,6686014
2019-04-24,78.03424835205078,107.9719009399414,109.49065399169922,106.90315246582031,108.6187744140625,7288151
2019-04-25,77.87164306640625,107.74690246582031,110.13752746582031,107.2687759399414,108.1125259399414,17599280
2019-04-26,77.56673431396484,107.32502746582031,109.35002899169922,107.0718994140625,107.4375228881836,8664580
2019-04-30,75.77798461914062,104.85002899169922,108.28128051757812,104.28752899169922,107.8312759399414,14290974
2019-05-02,77.32282257080078,106.9875259399414,107.32502746582031,104.8781509399414,105.21565246582031,8897549
2019-05-03,77.58705139160156,107.3531494140625,108.5344009399414,106.9875259399414,107.38127899169922,10782838
2019-05-06,77.42446899414062,107.1281509399414,108.4781494140625,106.2281494140625,106.8750228881836,5477945
2019-05-07,77.87164306640625,107.74690246582031,109.01252746582031,107.1562728881836,107.1562728881836,9450289
2019-05-08,77.24151611328125,106.8750228881836,108.98440551757812,106.25627899169922,107.9719009399414,10180731
2019-05-09,76.38780975341797,105.69377899169922,106.90315246582031,104.8218994140625,106.81877899169922,7921214
2019-05-10,75.43244934082031,104.37190246582031,106.0031509399414,104.09065246582031,105.97502899169922,5938686
2019-05-13,74.25349426269531,102.74064636230469,104.65315246582031,102.40315246582031,104.3156509399414,5504435
2019-05-14,73.84695434570312,102.17814636230469,103.6125259399414,101.84065246582031,102.31877136230469,11334983
2019-05-15,72.56636810302734,100.4062728881836,103.8375244140625,99.8156509399414,103.02189636230469,7616268
2019-05-16,73.92825317382812,102.2906494140625,102.7687759399414,100.6031494140625,100.8843994140625,8660893
2019-05-17,74.05020141601562,102.45939636230469,103.2750244140625,101.4468994140625,102.2062759399414,10183233
2019-05-20,76.44877624511719,105.77815246582031,106.25627899169922,103.52815246582031,104.6812744140625,6287120
2019-05-21,74.78196716308594,103.4719009399414,106.0875244140625,103.3593978881836,105.8906478881836,7748239
2019-05-22,74.02989196777344,102.4312744140625,104.23127746582031,102.26252746582031,103.44377136230469,6972640
2019-05-23,75.06655883789062,103.86564636230469,105.8062744140625,102.9937744140625,104.6250228881836,13966122
2019-05-24,75.47308349609375,104.42815399169922,104.93440246582031,103.6406478881836,104.42815399169922,7240775
2019-05-27,76.16419219970703,105.3843994140625,106.6500244140625,104.42815399169922,104.8781509399414,6424176
2019-05-28,77.32282257080078,106.9875259399414,107.60627746582031,105.63752746582031,105.8906478881836,11255911
2019-05-29,77.30249786376953,106.95940399169922,108.56253051757812,106.5093994140625,107.66252899169922,8310232
2019-05-30,77.72936248779297,107.5500259399414,109.06877899169922,105.83440399169922,108.78752899169922,34989609
2019-05-31,76.95693969726562,106.48127746582031,108.22502899169922,105.97502899169922,107.7187728881836,11849847
2019-06-03,78.48146057128906,108.59065246582031,108.84378051757812,106.8750228881836,107.0156478881836,12106965
2019-06-04,78.44080352783203,108.5344009399414,110.25003051757812,107.9719009399414,108.30940246582031,11447117
2019-06-06,79.45712280273438,109.9406509399414,111.45940399169922,109.20940399169922,109.68753051757812,26132949
2019-06-07,77.95295715332031,107.8593978881836,110.27815246582031,107.52190399169922,109.9406509399414,8783688
2019-06-10,78.98963165283203,109.29377746582031,110.2219009399414,108.22502899169922,108.5344009399414,11231885
2019-06-11,78.72537231445312,108.92815399169922,110.0812759399414,108.50627899169922,109.85627746582031,6589306
2019-06-12,77.70903778076172,107.52190399169922,108.9000244140625,107.04377746582031,108.56253051757812,7509749
2019-06-13,78.80667114257812,109.0406494140625,109.3781509399414,106.67815399169922,107.5500259399414,11041648
2019-06-14,79.11156463623047,109.4625244140625,110.7844009399414,108.7593994140625,109.12503051757812,34979466
2019-06-17,78.8879623413086,109.15315246582031,110.5031509399414,108.9000244140625,110.47502899169922,10860754
2019-06-18,80.41249084472656,111.26252746582031,111.8531494140625,109.20940399169922,109.5187759399414,17815522
2019-06-19,81.42882537841797,112.66877746582031,113.34378051757812,111.37503051757812,111.4312744140625,32722391
2019-06-20,81.69306945800781,113.0344009399414,114.04690551757812,112.10627746582031,112.86565399169922,11459458
2019-06-21,81.26620483398438,112.44377899169922,113.65315246582031,111.68440246582031,113.1750259399414,16601442
2019-06-24,80.92066192626953,111.96565246582031,112.92190551757812,111.12190246582031,112.50003051757812,9883389
2019-06-25,81.9572982788086,113.4000244140625,113.79377746582031,111.93753051757812,111.93753051757812,10375296
2019-06-26,85.22990417480469,117.92815399169922,118.6594009399414,113.09065246582031,113.3156509399414,31182825
2019-06-27,84.43716430664062,116.8312759399414,118.06877899169922,116.01565551757812,117.61878204345703,13741562
2019-06-28,84.11195373535156,116.38127899169922,117.90003204345703,115.11565399169922,116.52190399169922,12067819
2019-07-01,84.17292022705078,116.46565246582031,118.12503051757812,115.67815399169922,116.57815551757812,11211814
2019-07-02,84.29489135742188,116.63440704345703,117.6750259399414,116.07190704345703,116.66252899169922,12203723
2019-07-03,84.94534301757812,117.5344009399414,117.92815399169922,116.2687759399414,117.1125259399414,13693989
2019-07-04,85.4535140991211,118.2375259399414,118.57502746582031,116.8312759399414,117.56253051757812,12324046
2019-07-05,83.68507385253906,115.7906494140625,119.25003051757812,114.8625259399414,118.15315246582031,12525923
2019-07-08,81.81503295898438,113.20315551757812,116.07190704345703,112.6968994140625,115.31253051757812,8948141
2019-07-09,83.23788452148438,115.17190551757812,115.4250259399414,112.2750244140625,113.5969009399414,6875651
2019-07-10,83.46148681640625,115.48127746582031,116.1281509399414,114.2437744140625,115.1437759399414,12675299
2019-07-11,84.80306243896484,117.33753204345703,117.64690399169922,115.9312744140625,116.10002899169922,7808266
2019-07-12,84.03062438964844,116.2687759399414,118.04065704345703,114.97502899169922,117.33753204345703,6349095
2019-07-15,83.3192138671875,115.2844009399414,116.29690551757812,114.13127899169922,115.67815399169922,6656137
2019-07-16,84.92501831054688,117.50627899169922,117.78752899169922,114.91877746582031,115.20002746582031,6627472
2019-07-17,84.55912780761719,117.00003051757812,118.43440246582031,116.1281509399414,117.45002746582031,6388864
2019-07-18,83.48181915283203,115.5093994140625,117.50627899169922,115.31253051757812,117.50627899169922,8419638
2019-07-19,83.62409973144531,115.7062759399414,116.80315399169922,114.07502746582031,115.76252746582031,10869152
2019-07-22,82.97364044189453,114.8062744140625,116.5500259399414,113.9625244140625,115.87503051757812,9061812
2019-07-23,85.55513763427734,118.3781509399414,118.68753051757812,114.8625259399414,115.1437759399414,14046808
2019-07-24,85.29088592529297,118.01252746582031,119.81253051757812,117.30940246582031,117.92815399169922,18181391
2019-07-25,86.65280151367188,119.89690399169922,120.60002899169922,118.04065704345703,118.12503051757812,28085772
2019-07-26,86.0023422241211,118.99690246582031,120.37503051757812,118.26565551757812,119.89690399169922,10950941
2019-07-29,84.51847076416016,116.94377899169922,119.53128051757812,116.18440246582031,119.44690704345703,5948953
2019-07-30,84.66077423095703,117.14065551757812,118.01252746582031,116.2687759399414,116.88752746582031,10050004
2019-07-31,85.69742584228516,118.57502746582031,120.34690856933594,116.4094009399414,116.71878051757812,26229893
2019-08-01,86.99834442138672,120.37503051757812,121.64065551757812,118.01252746582031,119.2219009399414,27069006
2019-08-02,85.59579467773438,118.43440246582031,120.34690856933594,117.19690704345703,119.7844009399414,20863783
2019-08-05,81.77437591552734,113.14690399169922,118.12503051757812,110.7281494140625,118.12503051757812,18063375
2019-08-06,80.53445434570312,111.4312744140625,113.93440246582031,110.39065551757812,112.8375244140625,11846580
2019-08-07,80.83934783935547,111.8531494140625,113.0344009399414,110.8687744140625,111.93753051757812,9432897
2019-08-08,82.40448760986328,114.0187759399414,117.36565399169922,110.84065246582031,111.40315246582031,6595239
2019-08-09,82.11993408203125,113.62503051757812,117.47815704345703,113.20315551757812,114.46878051757812,9175926
2019-08-13,82.11993408203125,113.62503051757812,115.53752899169922,110.67190551757812,112.7531509399414,7558090
2019-08-14,83.4005126953125,115.39690399169922,115.9875259399414,111.23440551757812,113.09065246582031,8024154
2019-08-16,85.83970642089844,118.77190399169922,120.51565551757812,113.79377746582031,114.8062744140625,11894601
2019-08-19,85.18146514892578,116.46565246582031,118.12503051757812,115.95940399169922,117.64690399169922,8100095
2019-08-20,84.77006530761719,115.90315246582031,118.63127899169922,115.67815399169922,116.43753051757812,8711658
2019-08-21,84.29693603515625,115.25627899169922,116.77503204345703,114.91877746582031,116.24065399169922,5649369
2019-08-22,83.41242980957031,114.04690551757812,115.62190246582031,112.95002746582031,115.03128051757812,5059207
2019-08-23,82.8981704711914,113.34378051757812,115.0875244140625,112.8937759399414,113.65315246582031,7611285
2019-08-26,83.47412872314453,114.13127899169922,114.46878051757812,112.02190399169922,113.8218994140625,7846961
2019-08-27,84.97575378417969,116.18440246582031,117.78752899169922,114.21565246582031,114.21565246582031,18828020
2019-08-28,84.64664459228516,115.73440551757812,118.82815551757812,114.9468994140625,116.9719009399414,15756988
2019-08-29,84.25581359863281,115.20002746582031,116.32502746582031,114.55315399169922,115.73440551757812,8660979
2019-08-30,82.48677825927734,112.78128051757812,116.5500259399414,109.12503051757812,115.5093994140625,15630977
2019-09-03,81.0674057006836,110.84065246582031,113.85002899169922,110.27815246582031,113.28752899169922,9494810
2019-09-04,81.0057144165039,110.75627899169922,111.93753051757812,109.85627746582031,111.0656509399414,8565768
2019-09-05,82.0136489868164,112.1343994140625,114.35627746582031,111.0093994140625,111.93753051757812,14199248
2019-09-06,83.72097778320312,114.46878051757812,114.9468994140625,112.52815246582031,112.6968994140625,13782929
2019-09-09,83.47412872314453,114.13127899169922,115.2281494140625,113.51252746582031,114.32815551757812,4769289
2019-09-11,82.85704040527344,113.28752899169922,114.69377899169922,112.38752746582031,114.18753051757812,7723322
2019-09-12,82.13707733154297,112.30315399169922,113.62503051757812,111.17815399169922,113.62503051757812,11516235
2019-09-13,83.37128448486328,113.99065399169922,114.18753051757812,111.96565246582031,112.21878051757812,7223537
2019-09-16,83.16557312011719,113.70940399169922,114.75003051757812,112.9781494140625,113.06253051757812,6031015
2019-09-17,82.4662094116211,112.7531509399414,114.0187759399414,112.1343994140625,113.85002899169922,5823968
2019-09-18,83.12443542480469,113.65315246582031,114.18753051757812,111.51565551757812,112.78128051757812,7206830
2019-09-19,82.75418853759766,113.14690399169922,114.04690551757812,111.9937744140625,114.04690551757812,6306748
2019-09-20,80.71772003173828,110.3625259399414,117.50627899169922,109.91252899169922,112.6125259399414,51859153
2019-09-23,77.46762084960938,105.91877746582031,111.51565551757812,104.85002899169922,110.81253051757812,24586363
2019-09-24,78.35214233398438,107.1281509399414,107.9719009399414,104.0625228881836,105.69377899169922,18234411
2019-09-25,81.76681518554688,111.79690551757812,114.41252899169922,108.6187744140625,108.84378051757812,48245282
2019-09-26,81.97252655029297,112.07815551757812,113.28752899169922,110.8687744140625,112.4719009399414,15826874
2019-09-27,81.49940490722656,111.4312744140625,112.35940551757812,110.27815246582031,111.26252746582031,10034452
2019-09-30,81.8902359008789,111.96565246582031,112.50003051757812,110.05315399169922,110.81253051757812,9111327
2019-10-01,80.84114074707031,110.53128051757812,113.99065399169922,110.25003051757812,112.21878051757812,7634447
2019-10-03,81.91077423095703,111.9937744140625,112.50003051757812,109.40628051757812,110.6437759399414,9432906
2019-10-04,80.86170196533203,110.55940246582031,112.38752746582031,110.0250244140625,111.96565246582031,19442087
2019-10-07,80.84114074707031,110.53128051757812,111.03752899169922,109.35002899169922,110.6437759399414,11655995
2019-10-09,81.33482360839844,111.2062759399414,111.88127899169922,109.91252899169922,111.09378051757812,8504262
2019-10-10,81.91077423095703,111.9937744140625,112.2750244140625,110.53128051757812,111.31877899169922,6982965
2019-10-11,82.69246673583984,113.06253051757812,114.89065551757812,111.88127899169922,111.96565246582031,10517558
2019-10-14,81.62281036376953,111.60002899169922,113.79377746582031,111.2062759399414,113.06253051757812,11162487
2019-10-15,82.79532623291016,113.20315551757812,113.62503051757812,111.54377746582031,111.60002899169922,5013200
2019-10-16,81.68452453613281,111.68440246582031,113.20315551757812,110.61565399169922,113.06253051757812,6668842
2019-10-17,81.33482360839844,111.2062759399414,112.35940551757812,110.53128051757812,111.79690551757812,7899823
2019-10-18,83.33013916015625,113.93440246582031,114.32815551757812,110.81253051757812,111.2062759399414,8795448
2019-10-22,84.35867309570312,115.34065246582031,116.74690246582031,113.06253051757812,113.06253051757812,10675241
2019-10-23,84.85237121582031,116.01565551757812,116.43753051757812,113.79377746582031,115.31253051757812,5777589
2019-10-24,83.96784210205078,114.8062744140625,116.57815551757812,114.5250244140625,116.10002899169922,5428181
2019-10-25,83.49469757080078,114.1594009399414,115.53752899169922,113.14690399169922,115.53752899169922,3993616
2019-10-27,83.24784851074219,113.8218994140625,114.91877746582031,113.06253051757812,114.75003051757812,388417
2019-10-29,82.7130355834961,113.09065246582031,114.13127899169922,112.21878051757812,113.76565551757812,5943950
2019-10-30,82.260498046875,112.4719009399414,114.6656494140625,112.10627746582031,114.6656494140625,6419057
2019-10-31,81.60224914550781,111.5718994140625,113.00627899169922,111.2906494140625,112.66877746582031,15582577
2019-11-01,81.17025756835938,110.98127746582031,111.8531494140625,110.67190551757812,111.6281509399414,8803683
2019-11-04,80.12118530273438,109.54690551757812,111.74065399169922,109.15315246582031,111.31877899169922,15175738
2019-11-05,80.38859558105469,109.91252899169922,110.53128051757812,109.06877899169922,109.54690551757812,8153818
2019-11-06,80.26518249511719,109.7437744140625,110.53128051757812,109.5187759399414,109.91252899169922,9183411
2019-11-07,79.8949203491211,109.2375259399414,110.7281494140625,108.92815399169922,110.25003051757812,15498054
2019-11-08,78.84583282470703,107.80315399169922,109.91252899169922,107.3531494140625,109.82815551757812,11762251
2019-11-11,78.886962890625,107.8593978881836,108.6187744140625,107.0718994140625,107.80315399169922,10089055
2019-11-13,77.85845947265625,106.4531478881836,109.3218994140625,105.91877746582031,108.00003051757812,9456977
2019-11-14,77.34419250488281,105.7500228881836,106.95940399169922,105.13127899169922,106.8750228881836,19380370
2019-11-15,77.20021057128906,105.55315399169922,106.25627899169922,105.0468978881836,105.7500228881836,18256039
2019-11-18,78.43441009521484,107.24065399169922,107.4375228881836,104.99065399169922,105.5812759399414,11766437
2019-11-19,80.40916442871094,109.9406509399414,110.25003051757812,106.9875259399414,107.4375228881836,22218922
2019-11-20,80.67657470703125,110.3062744140625,110.89690399169922,109.12503051757812,110.2219009399414,9597590
2019-11-21,80.75885772705078,110.41877746582031,110.7844009399414,109.12503051757812,110.13752746582031,12107895
2019-11-22,81.76681518554688,111.79690551757812,113.1750259399414,110.25003051757812,110.25003051757812,16199814
2019-11-25,81.7051010131836,111.7125244140625,112.72502899169922,111.26252746582031,111.93753051757812,6529113
2019-11-26,79.97718811035156,109.35002899169922,112.16252899169922,109.06877899169922,111.96565246582031,21594044
2019-11-27,80.26518249511719,109.7437744140625,110.25003051757812,109.1812744140625,109.6594009399414,12155700
2019-11-28,80.69715118408203,110.33440399169922,111.23440551757812,109.2375259399414,110.3625259399414,6724188
2019-11-29,79.52464294433594,108.73127746582031,110.19377899169922,108.0562744140625,109.91252899169922,17547179
2019-12-02,78.74297332763672,107.66252899169922,109.68753051757812,107.10002899169922,109.68753051757812,19957065
2019-12-03,77.92017364501953,106.53752899169922,108.0562744140625,106.3687744140625,108.0562744140625,7451455
2019-12-04,77.50875854492188,105.97502899169922,106.8750228881836,105.5812759399414,106.5656509399414,10311154
2019-12-05,77.05620574951172,105.35627746582031,106.25627899169922,104.9062728881836,106.0312728881836,4569931
2019-12-06,76.76821899414062,104.9625244140625,105.83440399169922,104.5406494140625,105.4406509399414,5388071
2019-12-09,77.32363891601562,105.7219009399414,106.2281494140625,104.37190246582031,105.1875228881836,5459781
2019-12-10,75.18431854248047,102.7968978881836,105.7219009399414,102.4875259399414,105.7219009399414,10563080
2019-12-11,74.77290344238281,102.2343978881836,103.10627746582031,100.29377746582031,102.9375228881836,39214905
2019-12-12,76.00713348388672,103.9218978881836,105.9468994140625,101.84065246582031,102.7968978881836,63493233
2019-12-13,76.39796447753906,104.4562759399414,105.49690246582031,104.0625228881836,104.4562759399414,12987237
2019-12-16,76.9122085571289,105.1594009399414,105.69377899169922,104.3156509399414,104.7375259399414,8479418
2019-12-17,77.3647689819336,105.77815246582031,106.2281494140625,104.4000244140625,105.3843994140625,17903634
2019-12-18,77.01508331298828,105.3000259399414,106.3125228881836,104.70940399169922,105.21565246582031,10099352
2019-12-19,76.68592834472656,104.85002899169922,105.27190399169922,104.00627899169922,105.2437744140625,5749401
2019-12-20,76.5625228881836,104.6812744140625,105.4406509399414,104.1187744140625,104.42815399169922,9690984
2019-12-23,76.4391098022461,104.51252746582031,105.4687728881836,103.9218978881836,104.42815399169922,17045076
2019-12-24,76.99449920654297,105.27190399169922,105.41252899169922,104.3437728881836,104.8781509399414,3748896
2019-12-26,76.04827117919922,103.9781494140625,105.4687728881836,103.52815246582031,105.35627746582031,3925143
2019-12-27,77.77617645263672,106.34065246582031,106.5937728881836,104.3437728881836,104.3437728881836,7122947
2019-12-30,78.2904281616211,107.04377746582031,107.7187728881836,106.1437759399414,106.3125228881836,6925363
2019-12-31,78.26986694335938,107.0156478881836,108.14065551757812,106.4531478881836,106.5937728881836,11907723
2020-01-01,80.42973327636719,109.96878051757812,110.19377899169922,107.0156478881836,107.18440246582031,13620373
2020-01-02,80.26518249511719,109.7437744140625,110.6437759399414,109.3218994140625,109.99690246582031,5673692
2020-01-03,79.4012451171875,108.56253051757812,109.57502746582031,107.5781478881836,109.26565551757812,7358268
2020-01-06,79.44236755371094,108.6187744140625,109.0969009399414,105.7500228881836,108.00003051757812,7355290
2020-01-07,78.86638641357422,107.8312759399414,109.40628051757812,107.52190399169922,108.64690399169922,14023712
2020-01-08,78.39327239990234,107.18440246582031,107.4094009399414,106.2281494140625,107.04377746582031,9451757
2020-01-09,79.38066864013672,108.5344009399414,108.78752899169922,107.52190399169922,107.9719009399414,7714854
2020-01-10,79.05152893066406,108.08440399169922,108.9562759399414,107.4375228881836,108.9562759399414,4118638
2020-01-13,80.14176177978516,109.57502746582031,109.68753051757812,107.88752746582031,108.22502899169922,27682638
2020-01-14,80.32688903808594,109.82815551757812,110.4468994140625,109.26565551757812,109.57502746582031,5994314
2020-01-15,79.91548919677734,109.26565551757812,110.13752746582031,108.50627899169922,109.91252899169922,7114590
2020-01-16,80.82057189941406,110.5031509399414,111.2062759399414,109.1812744140625,109.1812744140625,8552344
2020-01-17,81.2114028930664,111.03752899169922,111.2906494140625,108.92815399169922,110.2219009399414,4698386
2020-01-20,84.19410705566406,115.11565399169922,118.68753051757812,114.32815551757812,114.97502899169922,49337827
2020-01-21,82.52790832519531,112.8375244140625,114.91877746582031,111.93753051757812,114.55315399169922,17283910
2020-01-22,82.3016357421875,112.52815246582031,113.8218994140625,108.59065246582031,112.78128051757812,56787054
2020-01-23,83.08331298828125,113.5969009399414,116.66252899169922,109.06877899169922,110.67190551757812,226059260
2020-01-24,81.02626037597656,110.7844009399414,111.45940399169922,109.26565551757812,110.5031509399414,16151679
2020-01-27,79.4012451171875,108.56253051757812,110.5031509399414,108.16877746582031,110.47502899169922,8213919
2020-01-28,78.35214233398438,107.1281509399414,108.56253051757812,106.3687744140625,108.56253051757812,9174575
2020-01-29,79.15438079833984,108.22502899169922,109.01252746582031,106.4531478881836,107.1281509399414,17600091
2020-01-30,79.97718811035156,109.35002899169922,109.82815551757812,107.66252899169922,108.22502899169922,26386034
2020-01-31,76.8710708618164,105.1031494140625,109.96878051757812,104.1187744140625,109.85627746582031,63986362
2020-02-03,77.0767822265625,105.3843994140625,106.3125228881836,99.8156509399414,101.75627136230469,16329297
2020-02-04,79.95662689208984,109.3218994140625,109.85627746582031,105.7500228881836,105.9468994140625,14207381
2020-02-05,77.89958953857422,106.5093994140625,110.0812759399414,105.7500228881836,109.1812744140625,14550344
2020-02-06,79.3600845336914,108.50627899169922,108.98440551757812,106.11565399169922,106.8469009399414,9175642
2020-02-07,78.3315658569336,107.10002899169922,108.45002746582031,106.05940246582031,108.45002746582031,18058457
2020-02-10,76.76821899414062,104.9625244140625,107.4937744140625,103.9218978881836,107.2687759399414,30471811
2020-02-11,77.9613037109375,106.5937728881836,107.5500259399414,105.8062744140625,106.0312728881836,32456571
2020-02-12,77.89958953857422,106.5093994140625,107.94377899169922,106.05940246582031,106.90315246582031,16386952
2020-02-13,78.39327239990234,107.18440246582031,107.52190399169922,105.5812759399414,106.20002746582031,18581113
2020-02-14,75.7397232055664,103.5562744140625,107.66252899169922,103.16252136230469,107.1562728881836,23830630
2020-02-17,75.53401947021484,103.2750244140625,104.51252746582031,101.55940246582031,104.0625228881836,17670292
2020-02-18,76.10997772216797,104.0625228881836,104.8218994140625,101.7281494140625,102.7125244140625,30879880
2020-02-19,77.13849639892578,105.4687728881836,105.7219009399414,102.9375228881836,104.6250228881836,22313738
2020-02-20,77.85845947265625,106.4531478881836,107.2687759399414,104.56877899169922,105.4687728881836,25907657
2020-02-24,76.5625228881836,104.6812744140625,106.4250259399414,104.09065246582031,106.3125228881836,14921452
2020-02-25,76.58309173583984,104.70940399169922,105.5812759399414,104.2593994140625,104.6812744140625,17807428
2020-02-26,76.45966339111328,104.5406494140625,105.97502899169922,103.4719009399414,104.0625228881836,17113656
2020-02-27,76.70652770996094,104.8781509399414,105.5812759399414,101.98127746582031,104.1187744140625,28472046
2020-02-28,74.6700668334961,102.0937728881836,104.23127746582031,100.77189636230469,103.1906509399414,28010970
2020-03-02,75.49288177490234,103.2187728881836,105.3000259399414,102.2343978881836,103.3593978881836,19540018
2020-03-03,78.86638641357422,107.8312759399414,109.5187759399414,102.40315246582031,103.38752746582031,16039306
2020-03-04,81.0674057006836,110.84065246582031,111.37503051757812,106.05940246582031,107.2687759399414,16939245
2020-03-05,80.6148681640625,110.2219009399414,112.24690246582031,109.43440246582031,110.27815246582031,9715265
2020-03-06,78.41384887695312,107.2125244140625,108.3375244140625,105.83440399169922,107.1562728881836,14371982
2020-03-09,74.44379425048828,101.7844009399414,106.0875244140625,100.0969009399414,104.00627899169922,69609292
2020-03-11,74.62893676757812,102.03752136230469,103.44377136230469,99.7031478881836,100.9687728881836,42604599
2020-03-12,68.33442687988281,93.4312744140625,100.06877136230469,92.6718978881836,99.1125259399414,58418097
2020-03-13,69.07494354248047,94.44377136230469,97.0875244140625,84.0937728881836,91.57501983642578,44617540
2020-03-16,67.3730239868164,88.84689331054688,91.63127136230469,87.1875228881836,91.35002136230469,39669086
2020-03-17,69.10054779052734,91.1250228881836,95.8218994140625,87.6093978881836,88.05939483642578,35460792
2020-03-18,61.486690521240234,81.08439636230469,92.75627136230469,68.70938873291016,92.2500228881836,119909061
2020-03-19,62.766326904296875,82.77189636230469,85.44377136230469,78.80626678466797,81.78752136230469,44039786
2020-03-20,67.07444763183594,88.4531478881836,91.0406494140625,83.3906478881836,83.3906478881836,131485883
2020-03-23,65.26162719726562,86.0625228881836,87.6656494140625,79.62189483642578,79.62189483642578,39665620
2020-03-24,62.830299377441406,82.85626983642578,88.42501831054688,81.78752136230469,85.52814483642578,42302851
2020-03-25,64.08863067626953,84.5156478881836,88.28439331054688,83.44689178466797,83.5312728881836,23309603
2020-03-26,67.54364013671875,89.0718994140625,90.95626831054688,82.8281478881836,84.7125244140625,25329120
2020-03-27,68.24744415283203,90.0000228881836,93.5156478881836,88.11564636230469,89.2125244140625,28883749
2020-03-30,66.39198303222656,87.55314636230469,89.94377136230469,86.09064483642578,87.1875228881836,22364337
2020-03-31,67.86355590820312,89.4937744140625,91.01251983642578,87.97502136230469,89.10002136230469,24838523
2020-04-01,65.94410705566406,86.9625244140625,91.09689331054688,86.14689636230469,89.4375228881836,14182117
2020-04-03,66.62657165527344,87.86251831054688,90.25314331054688,85.3593978881836,86.93439483642578,21066826
2020-04-07,67.39436340332031,88.8750228881836,91.06877136230469,87.97502136230469,90.5625228881836,24741992
2020-04-08,67.54364013671875,89.0718994140625,91.51876831054688,87.3281478881836,88.81877136230469,21481260
2020-04-09,70.14558410644531,92.5031509399414,93.7687759399414,89.0718994140625,90.50627136230469,15607786
2020-04-13,68.22611999511719,89.97189331054688,92.75627136230469,88.4531478881836,92.2500228881836,14901247
2020-04-15,68.05548858642578,89.74689483642578,92.19377136230469,89.12814331054688,90.81564331054688,25249654
2020-04-16,69.69771575927734,91.91252136230469,93.7687759399414,88.5937728881836,88.98751831054688,31150756
2020-04-17,71.55319213867188,94.3593978881836,97.4531478881836,92.3906478881836,94.30314636230469,18536308
2020-04-20,70.59346008300781,93.0937728881836,95.1750259399414,91.20939636230469,95.1750259399414,24177042
2020-04-21,69.37779998779297,91.49064636230469,93.3750228881836,91.20939636230469,92.2500228881836,13915863
2020-04-22,69.18584442138672,91.23751831054688,91.5468978881836,88.0875244140625,90.0000228881836,19702407
2020-04-23,67.39436340332031,88.8750228881836,91.06877136230469,88.6500244140625,90.8437728881836,32128585
2020-04-24,67.8848876953125,89.52189636230469,90.0562744140625,87.6093978881836,88.3125228881836,33134279
2020-04-27,68.07684326171875,89.7750244140625,90.8437728881836,88.67814636230469,90.8437728881836,9762001
2020-04-28,67.05311584472656,88.42501831054688,90.22502136230469,88.20001983642578,90.02814483642578,26134701
2020-04-29,67.41566467285156,88.90314483642578,90.3375244140625,87.7500228881836,89.7187728881836,14509262
2020-04-30,69.12186431884766,91.15314483642578,91.94064331054688,88.42501831054688,89.7750244140625,18702868
2020-05-04,67.84222412109375,89.46564483642578,90.8437728881836,88.6500244140625,90.50627136230469,12598146
2020-05-05,69.80433654785156,92.05314636230469,93.2906494140625,90.11251831054688,90.81564331054688,18305545
2020-05-06,70.5508041381836,93.03752136230469,93.74064636230469,91.51876831054688,91.63127136230469,12853774
2020-05-07,68.993896484375,90.9843978881836,92.8125228881836,90.5625228881836,92.05314636230469,8561359
2020-05-08,67.8208999633789,89.4375228881836,91.4625244140625,88.9312744140625,91.4625244140625,30898767
2020-05-11,67.73558044433594,89.32501983642578,91.35002136230469,89.0718994140625,89.60626983642578,9453421
2020-05-12,69.65504455566406,91.85626983642578,92.8125228881836,88.70626831054688,89.1562728881836,19986028
2020-05-13,71.083984375,93.74064636230469,96.69377136230469,91.15314483642578,96.4406509399414,27175817
2020-05-14,68.58868408203125,90.45001983642578,92.2500228881836,90.0000228881836,92.2500228881836,26454121
2020-05-15,68.16214752197266,89.88751983642578,90.9843978881836,89.0156478881836,89.55001831054688,20009870
2020-05-18,65.90145111083984,86.9062728881836,90.11251831054688,86.23126983642578,89.9156494140625,32898286
2020-05-19,67.41566467285156,88.90314483642578,89.60626983642578,86.6250228881836,87.1875228881836,12276533
2020-05-20,67.58629608154297,89.12814331054688,90.36564636230469,87.6093978881836,87.8906478881836,24677051
2020-05-21,67.77824401855469,89.38127136230469,89.9156494140625,88.3125228881836,88.62189483642578,17176100
2020-05-22,66.47727966308594,87.6656494140625,88.8750228881836,86.6812744140625,88.3125228881836,25080927
2020-05-26,67.11710357666016,88.5093994140625,89.26876831054688,87.4687728881836,87.83439636230469,18512685
2020-05-27,67.03178405761719,88.39689636230469,88.81877136230469,87.6093978881836,88.5093994140625,22655078
2020-05-28,67.07444763183594,88.4531478881836,89.0718994140625,87.77814483642578,89.0718994140625,25797051
2020-05-29,67.20240783691406,88.62189483642578,89.24064636230469,88.0875244140625,88.4531478881836,63844851
2020-06-01,67.7569351196289,89.3531494140625,90.59064483642578,88.70626831054688,89.18439483642578,45314328
2020-06-02,70.4015121459961,92.84064483642578,94.6968994140625,89.2125244140625,89.9156494140625,43626060
2020-06-03,70.188232421875,92.55939483642578,94.2187728881836,92.1656494140625,93.0937728881836,13811685
2020-06-04,72.19300842285156,95.2031478881836,95.5969009399414,92.8687744140625,92.9250259399414,23992166
2020-06-05,73.13141632080078,96.4406509399414,98.04377746582031,92.55939483642578,93.9375228881836,22851633
2020-06-08,73.51530456542969,96.9468994140625,98.38127136230469,96.1031494140625,97.5656509399414,11723588
2020-06-09,72.74752044677734,95.93439483642578,97.90315246582031,95.6250228881836,97.8750228881836,8412588
2020-06-10,72.53424072265625,95.65314483642578,96.3281478881836,94.8375244140625,95.93439483642578,10101681
2020-06-11,72.9394760131836,96.1875228881836,100.29377746582031,94.4156494140625,94.52814483642578,22109491
2020-06-12,70.9346923828125,93.54376983642578,95.28752136230469,93.1500244140625,93.40314483642578,20331770
2020-06-15,69.63371276855469,91.8281478881836,93.3750228881836,91.4625244140625,92.9250259399414,13833335
2020-06-16,69.39911651611328,91.51876831054688,93.5156478881836,90.81564331054688,93.2062759399414,13972830
2020-06-17,68.03416442871094,89.7187728881836,91.01251983642578,89.0718994140625,90.4781494140625,28371013
2020-06-18,70.57213592529297,93.0656509399414,93.54376983642578,89.7187728881836,90.39376831054688,19720997
2020-06-19,73.11007690429688,96.41252136230469,96.91877746582031,92.84064483642578,93.2906494140625,21577413
2020-06-22,76.18120574951172,100.4625244140625,101.1093978881836,95.99064636230469,99.22502136230469,33039735
2020-06-23,79.95614624023438,105.4406509399414,106.3125228881836,100.71565246582031,102.0937728881836,34298071
2020-06-24,76.13856506347656,100.4062728881836,105.97502899169922,99.5625228881836,105.0468978881836,32910525
2020-06-25,76.50112915039062,100.8843994140625,103.10627746582031,98.0718994140625,100.35002136230469,40909792
2020-06-26,76.43714141845703,100.8000259399414,102.4312744140625,100.20939636230469,101.7844009399414,11954078
2020-06-29,76.03192138671875,100.2656478881836,101.41877746582031,99.64689636230469,100.1250228881836,7547198
2020-06-30,74.58168029785156,98.3531494140625,101.2219009399414,97.8750228881836,100.6875228881836,11889584
2020-07-01,73.98450469970703,97.5656509399414,98.66252136230469,96.69377136230469,98.4375228881836,15209917
2020-07-02,74.68830108642578,98.4937744140625,99.45002746582031,97.0875244140625,97.5937728881836,15481100
2020-07-03,75.75466918945312,99.9000244140625,100.91252136230469,98.4937744140625,99.0000228881836,22720042
2020-07-06,75.92528533935547,100.1250228881836,100.5187759399414,98.88752746582031,100.35002136230469,11724475
2020-07-07,73.83521270751953,97.3687744140625,100.4062728881836,96.5812759399414,100.4062728881836,20855578
2020-07-08,72.40628051757812,95.4843978881836,98.24064636230469,94.95001983642578,97.3125228881836,16818545
2020-07-09,73.17406463623047,96.49690246582031,97.0312728881836,95.3437728881836,95.9062728881836,16110083
2020-07-10,73.62193298339844,97.0875244140625,97.7343978881836,95.3437728881836,96.5250244140625,23809286
2020-07-13,72.1290283203125,95.1187744140625,97.9875259399414,94.6125259399414,97.0875244140625,10803798
2020-07-14,69.67637634277344,91.8843994140625,94.95001983642578,91.6875228881836,94.7812728881836,16288923
2020-07-15,69.7616958618164,91.99689483642578,93.54376983642578,91.7437744140625,92.84064483642578,15061461
2020-07-16,69.18584442138672,91.23751831054688,92.5312728881836,89.7187728881836,92.5312728881836,15458966
2020-07-17,69.65504455566406,91.85626983642578,92.1656494140625,90.92814636230469,90.92814636230469,13711930
2020-07-20,69.74037170410156,91.9687728881836,92.3906478881836,91.3218994140625,91.85626983642578,8390572
2020-07-21,74.06980895996094,97.67814636230469,98.1281509399414,92.3062744140625,92.3062744140625,33717545
2020-07-22,76.62908172607422,101.05314636230469,102.03752136230469,97.76252746582031,97.8750228881836,46076322
2020-07-23,77.52483367919922,102.2343978881836,102.68440246582031,99.8156509399414,100.1250228881836,18738194
2020-07-24,77.6314697265625,102.3750228881836,103.0781478881836,100.49064636230469,100.9687728881836,14438899
2020-07-27,77.16227722167969,101.75627136230469,102.12190246582031,100.5468978881836,101.98127746582031,11938756
2020-07-28,77.58883666992188,102.31877136230469,102.8531494140625,100.5187759399414,101.3625259399414,11893746
2020-07-29,77.52483367919922,102.2343978881836,103.7812728881836,101.5312728881836,101.98127746582031,13335993
2020-07-30,75.43477630615234,99.4781494140625,103.0781478881836,98.7750244140625,102.6562728881836,23995122
2020-07-31,76.05326843261719,100.29377746582031,100.8843994140625,99.1125259399414,99.3375244140625,14354565
2020-08-03,76.1598892211914,100.43440246582031,100.9687728881836,97.9312744140625,100.6875228881836,12500988
2020-08-04,76.03192138671875,100.2656478881836,100.71565246582031,98.7750244140625,100.0406494140625,9628257
2020-08-05,75.05085754394531,98.9719009399414,100.0969009399414,98.52189636230469,99.59065246582031,10577794
2020-08-06,75.02955627441406,98.94377136230469,99.9843978881836,98.66252136230469,99.36564636230469,8564058
2020-08-07,75.05085754394531,98.9719009399414,100.0969009399414,98.5781478881836,98.88752746582031,8026904
2020-08-10,75.60538482666016,99.7031478881836,100.57502746582031,99.1406478881836,99.4781494140625,7766140
2020-08-11,75.43477630615234,99.4781494140625,102.5718994140625,98.74690246582031,100.20939636230469,21833550
2020-08-12,75.94660949707031,100.15315246582031,100.9406509399414,97.4250259399414,99.1125259399414,19435650
2020-08-13,76.24520111083984,100.5468978881836,101.41877746582031,99.22502136230469,101.2219009399414,10641012
2020-08-14,74.81626892089844,98.66252136230469,101.61564636230469,97.9312744140625,101.61564636230469,17130105
2020-08-17,76.20254516601562,100.49064636230469,102.6562728881836,98.7750244140625,99.0000228881836,17368089
2020-08-18,75.81864929199219,99.9843978881836,101.19377136230469,99.30940246582031,101.1656494140625,13890131
2020-08-19,75.64803314208984,99.7593994140625,100.91252136230469,99.59065246582031,100.4062728881836,12400644
2020-08-20,77.29024505615234,101.9250259399414,105.8062744140625,99.2531509399414,99.6750259399414,44062975
2020-08-21,80.65995788574219,106.3687744140625,107.1562728881836,102.7125244140625,102.9375228881836,49949864
2020-08-24,79.01775360107422,104.2031478881836,107.24065399169922,103.72502136230469,106.67815399169922,19724617
2020-08-25,78.80448150634766,103.9218978881836,105.07502746582031,102.9375228881836,104.9062728881836,10109220
2020-08-26,79.06039428710938,104.2593994140625,106.67815399169922,103.5562744140625,105.1875228881836,18000615
2020-08-27,78.99642944335938,104.1750259399414,105.55315399169922,103.8937759399414,105.13127899169922,10363056
2020-08-28,77.75944519042969,102.54377746582031,105.0468978881836,102.26252746582031,104.9062728881836,12114955
2020-08-31,76.33049774169922,100.6594009399414,104.2593994140625,100.1250228881836,103.2187728881836,24259718
2020-09-01,76.94900512695312,101.47502136230469,102.54377746582031,100.4625244140625,100.71565246582031,16505345
2020-09-02,79.060791015625,101.9250259399414,102.9937744140625,98.5781478881836,100.0969009399414,30959608
2020-09-03,77.8827133178711,100.4062728881836,102.0656509399414,99.92814636230469,101.47502136230469,11884498
2020-09-04,76.3774185180664,98.46565246582031,100.1250228881836,97.7062759399414,99.6750259399414,17373558
2020-09-07,76.85736083984375,99.08439636230469,99.5344009399414,97.34065246582031,98.46565246582031,13069001
2020-09-08,76.31197357177734,98.38127136230469,99.0000228881836,97.7343978881836,98.9156494140625,9597878
2020-09-09,76.46467590332031,98.5781478881836,100.0969009399414,97.53752136230469,98.4375228881836,20122483
2020-09-10,77.49004364013672,99.9000244140625,100.3781509399414,97.95939636230469,99.0000228881836,19635358
2020-09-11,76.42105865478516,98.52189636230469,100.29377746582031,97.9312744140625,100.1812744140625,31182063
2020-09-14,74.8284912109375,96.4687728881836,99.8437728881836,96.0468978881836,99.8437728881836,14143608
2020-09-15,75.61387634277344,97.48127746582031,97.81877136230469,96.1875228881836,96.6656494140625,7858789
2020-09-16,75.02483367919922,96.7219009399414,97.5656509399414,96.07502746582031,97.3125228881836,13201491
2020-09-17,73.4322738647461,94.66876983642578,96.41252136230469,94.44377136230469,96.3843994140625,10765947
2020-09-18,75.00301361083984,96.69377136230469,97.3125228881836,94.10626983642578,95.1187744140625,23788415
2020-09-21,74.39218139648438,95.9062728881836,96.5812759399414,94.30314636230469,96.1875228881836,13331596
2020-09-22,73.65043640136719,94.95001983642578,95.8781509399414,93.6562728881836,94.95001983642578,9039386
2020-09-23,71.51248168945312,92.19377136230469,95.56877136230469,91.57501983642578,95.56877136230469,8404497
2020-09-24,69.52723693847656,89.6343994140625,92.84064483642578,89.1562728881836,91.2656478881836,20770480
2020-09-25,70.13807678222656,90.4218978881836,91.4062728881836,89.83126831054688,90.5625228881836,8761400
2020-09-28,73.36683654785156,94.58439636230469,95.09064483642578,90.5625228881836,90.5625228881836,16915185
2020-09-29,71.25068664550781,91.85626983642578,95.28752136230469,91.4062728881836,95.0625228881836,13468026
2020-09-30,70.87982177734375,91.37814331054688,91.8281478881836,90.16876983642578,91.65939331054688,14349950
2020-10-01,71.81790161132812,92.5875244140625,93.3750228881836,91.57501983642578,92.6718978881836,14856837
2020-10-05,71.05435180664062,91.6031494140625,93.60002136230469,91.20939636230469,92.2500228881836,10360105
2020-10-06,71.20703887939453,91.80001831054688,92.47502136230469,91.0406494140625,91.7437744140625,8989183
2020-10-07,69.63631439208984,89.7750244140625,91.80001831054688,89.4375228881836,91.6875228881836,17614061
2020-10-08,69.06908416748047,89.04376983642578,90.6187744140625,88.8750228881836,90.11251831054688,12953710
2020-10-09,68.93821716308594,88.8750228881836,89.6343994140625,88.14376831054688,89.26876831054688,11980039
2020-10-12,69.72357940673828,89.88751983642578,91.57501983642578,89.18439483642578,89.55001831054688,20670634
2020-10-13,70.00718688964844,90.25314331054688,91.1250228881836,89.55001831054688,90.0000228881836,11179799
2020-10-14,68.5237045288086,88.34064483642578,90.45001983642578,87.91876983642578,90.25314331054688,13362234
2020-10-15,67.95648956298828,87.6093978881836,88.34064483642578,86.9625244140625,88.0875244140625,15536883
2020-10-16,69.35269165039062,89.40939331054688,90.67501831054688,87.3843994140625,87.8062744140625,18673957
2020-10-19,69.70175170898438,89.8593978881836,91.35002136230469,89.66252136230469,89.97189331054688,18793008
2020-10-20,68.5891342163086,88.42501831054688,90.22502136230469,88.25627136230469,90.0000228881836,13701957
2020-10-21,71.44703674316406,92.1093978881836,93.45939636230469,88.4531478881836,88.6500244140625,36573148
2020-10-22,72.03606414794922,92.8687744140625,93.31877136230469,90.67501831054688,91.20939636230469,39056262
2020-10-23,74.23947143554688,95.70939636230469,96.41252136230469,92.6437759399414,92.8687744140625,29149043
2020-10-26,75.0684814453125,96.77815246582031,97.2844009399414,95.42814636230469,95.65314483642578,36760149
2020-10-27,75.70114135742188,97.5937728881836,98.6343994140625,96.4687728881836,96.77815246582031,23610507
2020-10-28,75.41752624511719,97.2281494140625,98.18440246582031,96.49690246582031,98.18440246582031,14060472
2020-10-29,74.87212371826172,96.5250244140625,97.48127746582031,95.7656478881836,96.21565246582031,17654072
2020-10-30,74.61034393310547,96.1875228881836,96.7500228881836,95.23126983642578,95.9062728881836,22904945
2020-11-02,75.50479125976562,97.34065246582031,98.10002136230469,96.7219009399414,97.05940246582031,13423596
2020-11-03,78.51538848876953,101.2219009399414,101.6437759399414,97.7906494140625,97.8750228881836,27441682
2020-11-04,77.27186584472656,99.6187744140625,101.2500228881836,98.24064636230469,101.2219009399414,19461431
2020-11-05,78.12268829345703,100.71565246582031,101.13752746582031,99.3375244140625,100.1250228881836,10248002
2020-11-06,77.86090850830078,100.3781509399414,100.9406509399414,99.6187744140625,100.2656478881836,8815864
2020-11-09,80.30427551269531,103.52815246582031,103.8937759399414,100.7437744140625,101.19377136230469,15228920
2020-11-10,81.1114730834961,104.56877899169922,105.1031494140625,102.12190246582031,103.10627746582031,13815795
2020-11-11,82.7476806640625,106.67815399169922,107.4375228881836,103.44377136230469,103.44377136230469,15502357
2020-11-12,82.68220520019531,106.5937728881836,107.4094009399414,105.27190399169922,107.1562728881836,26079694
2020-11-13,82.39861297607422,106.2281494140625,106.8469009399414,104.7375259399414,106.0875244140625,11968619
2020-11-14,82.02774810791016,105.7500228881836,106.81877899169922,105.1875228881836,106.3125228881836,1162700
2020-11-17,81.504150390625,105.07502746582031,106.4531478881836,104.5406494140625,105.1875228881836,16872514
2020-11-18,80.89332580566406,104.28752899169922,106.7062759399414,103.9218978881836,105.07502746582031,16685757
2020-11-19,82.81310272216797,106.76252746582031,110.9250259399414,100.35002136230469,100.4062728881836,64832376
2020-11-20,83.70755767822266,107.9156494140625,109.12503051757812,106.3687744140625,108.84378051757812,27479934
2020-11-23,84.97288513183594,109.54690551757812,110.19377899169922,107.1562728881836,108.00003051757812,20909280
2020-11-24,84.86380767822266,109.40628051757812,111.2062759399414,108.70315551757812,109.68753051757812,15308572
2020-11-25,85.21285247802734,109.85627746582031,111.0656509399414,108.87190246582031,109.40628051757812,19854793
2020-11-26,86.23822021484375,111.17815399169922,112.02190399169922,108.4781494140625,109.77190399169922,24879552
2020-11-27,83.94754028320312,108.22502899169922,111.17815399169922,106.1437759399414,111.17815399169922,46793847
2020-12-01,83.92572021484375,108.1968994140625,110.5031509399414,107.80315399169922,109.6031494140625,18193922
2020-12-02,84.71109771728516,109.20940399169922,109.8000259399414,106.62190246582031,108.4781494140625,15836732
2020-12-03,84.4056625366211,108.8156509399414,109.7437744140625,107.4375228881836,109.68753051757812,21308517
2020-12-04,84.79834747314453,109.3218994140625,110.7844009399414,108.42190551757812,109.2375259399414,14838659
2020-12-07,84.427490234375,108.84378051757812,110.95315551757812,108.28128051757812,108.56253051757812,22078115
2020-12-08,83.5984878540039,107.7750244140625,109.4625244140625,107.4937744140625,109.12503051757812,15896364
2020-12-09,84.07843017578125,108.3937759399414,109.54690551757812,107.4937744140625,108.50627899169922,18701467
2020-12-10,84.10025024414062,108.42190551757812,109.91252899169922,107.7187728881836,108.56253051757812,13612880
2020-12-11,84.25296020507812,108.6187744140625,109.82815551757812,108.08440399169922,109.12503051757812,14876364
2020-12-14,84.77653503417969,109.29377746582031,110.81253051757812,108.45002746582031,110.25003051757812,20316890
2020-12-15,84.12205505371094,108.45002746582031,109.5187759399414,107.6343994140625,109.35002899169922,16084083
2020-12-16,85.60553741455078,110.3625259399414,110.7281494140625,108.30940246582031,109.5187759399414,35024972
2020-12-17,86.5457763671875,108.73127746582031,109.91252899169922,107.7750244140625,108.73127746582031,23058726
2020-12-18,86.81442260742188,109.06877899169922,109.57502746582031,108.02815246582031,108.73127746582031,20310375
2020-12-21,83.05349731445312,104.3437728881836,108.6750259399414,103.7531509399414,108.56253051757812,21609326
2020-12-22,85.20259857177734,107.04377746582031,107.46565246582031,104.0625228881836,104.3156509399414,23934507
2020-12-23,85.04588317871094,106.8469009399414,107.8312759399414,106.3125228881836,107.7187728881836,9836093
2020-12-24,85.06825256347656,106.8750228881836,108.14065551757812,106.5656509399414,107.0156478881836,12945145
2020-12-28,85.76225280761719,107.74690246582031,108.16877746582031,106.8750228881836,106.9875259399414,6879688
2020-12-29,84.9339599609375,106.7062759399414,108.36565399169922,106.3125228881836,107.7750244140625,8549660
2020-12-30,85.1578140258789,106.9875259399414,107.24065399169922,105.07502746582031,106.8750228881836,19132583
2020-12-31,85.0010986328125,106.7906494140625,107.4375228881836,105.77815246582031,107.1562728881836,23272111
2021-01-01,84.84439849853516,106.5937728881836,106.81877899169922,106.0312728881836,106.3125228881836,3074621
2021-01-04,84.37427520751953,106.0031509399414,107.10002899169922,105.7500228881836,106.8750228881836,7133203
2021-01-05,84.1728286743164,105.7500228881836,106.5937728881836,104.7375259399414,106.5937728881836,10478882
2021-01-06,87.82179260253906,110.33440399169922,111.1500244140625,105.1875228881836,105.7500228881836,54265234
2021-01-07,88.2247543334961,110.84065246582031,113.51252746582031,109.96878051757812,111.37503051757812,40129922
2021-01-08,91.13496398925781,114.49690246582031,114.75003051757812,111.12190246582031,111.79690551757812,29487917
2021-01-11,91.13496398925781,114.49690246582031,115.31253051757812,113.3156509399414,114.75003051757812,12726089
2021-01-12,91.2021484375,114.5812759399414,115.17190551757812,112.4719009399414,113.09065246582031,31454127
2021-01-13,91.7841796875,115.31253051757812,116.21253204345703,113.9625244140625,114.63752746582031,23792586
2021-01-14,91.82896423339844,115.3687744140625,116.71878051757812,114.5250244140625,115.8469009399414,12024674
2021-01-15,90.88872528076172,114.18753051757812,115.73440551757812,113.90628051757812,114.7219009399414,13530190
2021-01-18,87.6427001953125,110.10940551757812,113.62503051757812,109.43440246582031,113.20315551757812,26118654
2021-01-19,89.38885498046875,112.30315399169922,112.50003051757812,109.82815551757812,109.99690246582031,19382828
2021-01-20,87.82179260253906,110.33440399169922,112.8375244140625,109.77190399169922,112.50003051757812,21158179
2021-01-21,87.37408447265625,109.77190399169922,111.2062759399414,109.20940399169922,110.5031509399414,12509109
2021-01-22,86.94871520996094,109.2375259399414,110.41877746582031,108.56253051757812,109.68753051757812,16720401
2021-01-25,85.1578140258789,106.9875259399414,110.70002746582031,106.6500244140625,109.3781509399414,9393599
2021-01-27,86.12042999267578,108.1968994140625,109.3218994140625,106.48127746582031,106.8750228881836,18874916
2021-01-28,83.85942840576172,105.35627746582031,107.4094009399414,104.51252746582031,107.4094009399414,16072463
2021-01-29,82.58338165283203,103.7531509399414,106.3125228881836,102.9375228881836,106.1437759399414,13415015
2021-02-01,84.57577514648438,106.25627899169922,106.5656509399414,102.6562728881836,103.7531509399414,9485240
2021-02-02,86.94871520996094,109.2375259399414,110.05315399169922,106.4250259399414,107.4375228881836,10803602
2021-02-03,92.45578002929688,116.15628051757812,118.12503051757812,109.40628051757812,109.40628051757812,73411707
2021-02-04,91.94087982177734,115.5093994140625,116.80315399169922,114.8625259399414,116.15628051757812,23523019
2021-02-05,92.72441864013672,116.49378204345703,117.16877746582031,113.20315551757812,115.67815399169922,28755118
2021-02-08,95.1645278930664,119.55940246582031,120.03752899169922,115.7062759399414,116.15628051757812,28436890
2021-02-09,94.35862731933594,118.54690551757812,122.31565856933594,118.12503051757812,118.12503051757812,27738169
2021-02-10,94.22430419921875,118.3781509399414,120.37503051757812,116.43753051757812,118.43440246582031,34189378
2021-02-11,95.70181274414062,120.23440551757812,120.82502746582031,117.19690704345703,117.47815704345703,20504448
2021-02-12,95.20931243896484,119.61565399169922,123.18753051757812,118.43440246582031,123.18753051757812,25066544
2021-02-15,95.11976623535156,119.5031509399414,121.19065856933594,118.99690246582031,120.37503051757812,8599603
2021-02-16,100.9849853515625,126.87190246582031,129.31878662109375,119.98127746582031,120.03752899169922,80200957
2021-02-17,102.99976348876953,129.4031524658203,130.05003356933594,124.98753356933594,126.84378051757812,39034960
2021-02-18,105.88761138916016,133.03128051757812,134.0437774658203,128.53128051757812,129.93753051757812,44291912
2021-02-19,103.9623794555664,130.61253356933594,132.80628967285156,128.67190551757812,131.34378051757812,36335681
2021-02-22,100.71636199951172,126.53440856933594,131.56878662109375,125.77503204345703,130.75315856933594,25800846
2021-02-23,101.23123931884766,127.18128204345703,128.8687744140625,126.36565399169922,126.98440551757812,18293559
2021-02-24,99.7313461303711,125.29690551757812,128.36253356933594,124.65003204345703,127.20940399169922,11421326
2021-02-25,101.88045501708984,127.99691009521484,130.9500274658203,124.20002746582031,125.83128356933594,30696079
2021-02-26,95.94805145263672,120.54377746582031,127.82815551757812,118.8000259399414,124.59378051757812,38070699
2021-03-01,101.74612426757812,127.82815551757812,128.7000274658203,122.28752899169922,122.34378051757812,31441940
2021-03-02,100.76111602783203,126.59065246582031,129.0093994140625,125.63440704345703,128.81253051757812,18223787
2021-03-03,101.85804748535156,127.96878051757812,129.45941162109375,125.83128356933594,129.37503051757812,19350542
2021-03-04,100.80590057373047,126.64690399169922,129.34690856933594,125.46565246582031,125.46565246582031,22865747
2021-03-05,98.6120376586914,123.89065551757812,127.12503051757812,123.38440704345703,127.12503051757812,17342685
2021-03-08,100.39046478271484,123.83440399169922,125.94377899169922,122.06253051757812,122.54065704345703,15749448
2021-03-09,98.49803161621094,121.50003051757812,124.93128204345703,119.95315551757812,124.03128051757812,12585004
2021-03-10,98.11042785644531,121.02190399169922,123.15940856933594,120.37503051757812,122.62503051757812,10661165
2021-03-12,100.3448715209961,123.77815246582031,124.25627899169922,121.16252899169922,121.33128356933594,18173078
2021-03-15,102.2145004272461,126.08440399169922,127.40628051757812,123.60940551757812,124.31253051757812,30092241
2021-03-16,102.35132598876953,126.25315856933594,127.80003356933594,125.71878051757812,126.64690399169922,14767699
2021-03-17,100.52728271484375,124.00315856933594,126.56253051757812,123.38440704345703,126.53440856933594,12571132
2021-03-18,100.80086517333984,124.34065246582031,125.71878051757812,123.83440399169922,124.31253051757812,14232655
2021-03-19,104.9733657836914,129.48753356933594,130.5562744140625,123.27190399169922,124.81877899169922,70334403
2021-03-22,101.94091033935547,125.74690246582031,131.85003662109375,124.98753356933594,131.85003662109375,29180881
2021-03-23,99.86607360839844,123.18753051757812,126.00003051757812,122.90628051757812,125.74690246582031,38455903
2021-03-24,100.80086517333984,124.34065246582031,125.94377899169922,122.00627899169922,122.09065246582031,24398959
2021-03-25,98.68043518066406,121.72502899169922,125.66252899169922,121.13440704345703,124.34065246582031,20272124
2021-03-26,97.859619140625,120.71253204345703,124.87503051757812,119.33440399169922,123.38440704345703,25184863
2021-03-30,100.93768310546875,124.50940704345703,125.83128356933594,121.16252899169922,122.00627899169922,53328751
2021-03-31,98.33843231201172,121.30315399169922,124.36878204345703,120.74065399169922,123.69377899169922,20694060
2021-04-01,99.729248046875,123.01878356933594,123.38440704345703,120.79690551757812,121.86565399169922,11229344
2021-04-05,97.65441131591797,120.45940399169922,123.18753051757812,120.00940704345703,121.05003356933594,14484908
2021-04-06,95.39717102050781,117.6750259399414,123.18753051757812,117.28128051757812,121.05003356933594,25301732
2021-04-07,96.01277160644531,118.43440246582031,121.61253356933594,117.87190246582031,118.63127899169922,22841720
2021-04-08,95.30596160888672,117.56253051757812,120.09378051757812,117.28128051757812,119.2219009399414,20468881
2021-04-09,94.98675537109375,117.16877746582031,118.9406509399414,117.00003051757812,117.78752899169922,11773021
2021-04-12,91.7262954711914,113.14690399169922,116.24065399169922,111.65628051757812,116.24065399169922,18544315
2021-04-13,95.19197082519531,117.42190551757812,117.78752899169922,113.8781509399414,115.39690399169922,19831072
2021-04-15,94.75877380371094,116.88752746582031,118.91252899169922,116.46565246582031,116.94377899169922,10159348
2021-04-16,95.69356536865234,118.04065704345703,120.82502746582031,116.57815551757812,116.71878051757812,22020846
2021-04-19,91.74908447265625,113.1750259399414,116.43753051757812,112.50003051757812,115.7906494140625,18404990
2021-04-20,92.88911437988281,114.5812759399414,115.7062759399414,113.42815399169922,115.31253051757812,14467660
2021-04-22,92.77511596679688,114.4406509399414,115.25627899169922,113.1750259399414,114.75003051757812,11626459
2021-04-23,96.28638458251953,118.77190399169922,119.75627899169922,114.75003051757812,114.91877746582031,38318040
2021-04-26,98.40682220458984,121.38752746582031,121.75315856933594,117.1125259399414,117.1125259399414,19139358
2021-04-27,98.79444122314453,121.86565399169922,124.03128051757812,121.38752746582031,121.52815246582031,15270611
2021-04-28,100.73247528076172,124.25627899169922,124.70628356933594,121.66877746582031,123.07502746582031,16383579
2021-04-29,100.39046478271484,123.83440399169922,125.80315399169922,123.21565246582031,125.49378204345703,14761969
2021-04-30,100.3448715209961,123.77815246582031,125.04377746582031,121.86565399169922,122.48440551757812,16897105
2021-05-03,100.68687438964844,124.20002746582031,125.35315704345703,121.92190551757812,122.34378051757812,15528063
2021-05-04,99.43284606933594,122.65315246582031,124.70628356933594,121.89378356933594,124.53752899169922,20857434
2021-05-05,99.5012435913086,122.73753356933594,123.94690704345703,121.95002746582031,122.65315246582031,23178237
2021-05-06,98.22443389892578,121.16252899169922,123.41252899169922,120.15003204345703,122.87815856933594,18823613
2021-05-07,97.83680725097656,120.68440246582031,121.95002746582031,120.09378051757812,121.69690704345703,12509591
2021-05-10,100.253662109375,123.66565704345703,123.83440399169922,120.90940856933594,121.16252899169922,17845577
2021-05-11,101.87249755859375,125.66252899169922,126.67503356933594,122.85002899169922,123.75003051757812,22995780
2021-05-12,103.03532409667969,127.09690856933594,132.18753051757812,125.46565246582031,125.66252899169922,55645370
2021-05-14,104.35774230957031,128.7281494140625,129.37503051757812,125.91565704345703,128.10940551757812,18820793
2021-05-17,104.15254974365234,128.47503662109375,129.93753051757812,127.74378204345703,129.90940856933594,10996347
2021-05-18,106.2957992553711,131.1187744140625,134.91566467285156,128.53128051757812,129.88128662109375,52885042
2021-05-19,106.59220123291016,131.48440551757812,133.87503051757812,130.16253662109375,131.73753356933594,28081040
2021-05-20,104.40335845947266,128.78440856933594,132.15940856933594,128.47503662109375,131.62503051757812,10707136
2021-05-21,103.94734191894531,128.22190856933594,128.95315551757812,127.12503051757812,128.2781524658203,21702883
2021-05-24,105.33818054199219,129.93753051757812,131.85003662109375,128.47503662109375,128.81253051757812,22028927
2021-05-25,106.20459747314453,131.00628662109375,131.87815856933594,130.02191162109375,131.06253051757812,9165363
2021-05-26,102.875732421875,126.90003204345703,131.5125274658203,126.53440856933594,131.17503356933594,18322114
2021-05-27,104.10694122314453,128.4187774658203,129.1500244140625,125.57815551757812,127.51878356933594,51194207
2021-05-28,102.80731201171875,126.81565856933594,129.93753051757812,126.45002746582031,129.93753051757812,15307498
2021-05-31,102.89851379394531,126.92815399169922,127.46253204345703,125.85940551757812,127.12503051757812,13102261
2021-06-01,102.32849884033203,126.22502899169922,128.25003051757812,125.94377899169922,127.29377746582031,15733731
2021-06-02,103.71934509277344,127.94065856933594,128.33441162109375,126.05628204345703,126.11253356933594,7995532
2021-06-03,103.19493103027344,127.29377746582031,130.19065856933594,126.92815399169922,128.8406524658203,10291328
2021-06-04,103.12652587890625,127.20940399169922,128.33441162109375,126.45002746582031,127.12503051757812,6142487
2021-06-07,107.73222351074219,132.89065551757812,133.7625274658203,127.63127899169922,127.85627746582031,18058790
2021-06-08,106.72899627685547,131.6531524658203,134.40940856933594,130.5281524658203,134.40940856933594,22511761
2021-06-09,110.39987182617188,136.18128967285156,138.09378051757812,131.5125274658203,132.75003051757812,39865778
2021-06-10,110.19467163085938,135.92816162109375,139.50003051757812,135.14065551757812,139.50003051757812,32690784
2021-06-11,112.31510925292969,138.5437774658203,139.9500274658203,137.25003051757812,139.9500274658203,29142097
2021-06-14,113.40953826904297,139.89378356933594,140.5125274658203,136.18128967285156,139.47190856933594,18732629
2021-06-15,112.9079360961914,139.27503967285156,141.46878051757812,138.9656524658203,140.9344024658203,15026686
2021-06-16,110.42269134521484,136.20941162109375,139.21878051757812,135.53440856933594,138.85316467285156,30706682
2021-06-17,109.37385559082031,134.91566467285156,137.2781524658203,133.17190551757812,137.2781524658203,22261167
2021-06-18,106.25018310546875,131.06253051757812,137.81253051757812,129.4312744140625,137.25003051757812,49278209
2021-06-21,107.09383392333984,132.10316467285156,132.44065856933594,128.47503662109375,130.44378662109375,11719831
2021-06-22,106.72899627685547,131.6531524658203,133.31253051757812,130.5281524658203,130.5281524658203,10961545
2021-06-23,105.90817260742188,130.64065551757812,132.75003051757812,130.50003051757812,132.60940551757812,10721151
2021-06-24,105.4065933227539,130.02191162109375,131.03440856933594,128.3062744140625,130.64065551757812,12964208
2021-06-25,105.269775390625,129.8531494140625,130.9500274658203,129.03753662109375,130.19065856933594,7736431
2021-06-28,105.72577667236328,130.4156494140625,130.78128051757812,129.76878356933594,130.50003051757812,9989595
2021-06-29,107.61821746826172,132.75003051757812,133.81878662109375,130.30316162109375,130.8375244140625,61089570
2021-06-30,105.97660064697266,130.72503662109375,133.65003967285156,130.50003051757812,133.39691162109375,17437744
2021-07-01,105.2469711303711,129.8250274658203,131.03440856933594,129.48753356933594,130.8094024658203,15924813
2021-07-02,103.94734191894531,128.22190856933594,129.9937744140625,128.0250244140625,129.8250274658203,9549992
2021-07-05,105.01896667480469,129.5437774658203,129.88128662109375,128.4468994140625,128.9812774658203,6849185
2021-07-06,104.33494567871094,128.7000274658203,129.65628051757812,128.4187774658203,129.03753662109375,5343938
2021-07-07,105.31536865234375,129.90940856933594,130.19065856933594,128.7000274658203,128.7000274658203,7228897
2021-07-08,105.4065933227539,130.02191162109375,131.14691162109375,129.1219024658203,129.4312744140625,8740010
2021-07-09,104.99617004394531,129.51565551757812,130.19065856933594,129.37503051757812,129.9656524658203,2990856
2021-07-12,104.42615509033203,128.81253051757812,130.35940551757812,128.36253356933594,129.76878356933594,5578309
2021-07-13,104.26654052734375,128.61566162109375,130.44378662109375,128.4187774658203,129.60003662109375,8264289
2021-07-14,104.85936737060547,129.34690856933594,130.19065856933594,128.50315856933594,128.61566162109375,9228746
2021-07-15,105.06455993652344,129.60003662109375,130.19065856933594,128.9812774658203,129.93753051757812,5376823
2021-07-16,106.63780212402344,131.5406494140625,133.03128051757812,129.65628051757812,130.30316162109375,15903784
2021-07-19,106.31858825683594,131.14691162109375,131.99066162109375,130.21878051757812,131.5406494140625,13725925
2021-07-20,105.47496795654297,130.1062774658203,132.9187774658203,129.90940856933594,132.13128662109375,14178067
2021-07-22,106.36418151855469,131.20315551757812,131.90628051757812,128.64378356933594,131.90628051757812,10378326
2021-07-23,106.25018310546875,131.06253051757812,131.59690856933594,130.5281524658203,131.48440551757812,6660369
2021-07-26,106.11338806152344,130.89378356933594,132.38441467285156,130.5281524658203,131.31565856933594,12963701
2021-07-27,105.72577667236328,130.4156494140625,132.10316467285156,129.74066162109375,131.06253051757812,10832912
2021-07-28,104.01573181152344,128.3062744140625,130.72503662109375,127.91252899169922,130.50003051757812,13828088
2021-07-29,101.78128051757812,125.55000305175781,130.16250610351562,125.36250305175781,128.25,28609665
2021-07-30,104.06133270263672,128.3625030517578,129.89999389648438,126.1500015258789,126.7874984741211,34142169
2021-08-02,103.97010803222656,128.25,129.0,126.9749984741211,128.625,9575755
2021-08-03,106.06776428222656,130.83749389648438,131.39999389648438,128.3249969482422,129.41250610351562,20959435
2021-08-04,106.55416107177734,131.4375,132.4499969482422,130.3874969482422,131.7375030517578,23323277
2021-08-05,106.52376556396484,131.39999389648438,131.8125,129.9375,131.4375,6621382
2021-08-06,106.40216064453125,131.25,132.375,130.91250610351562,131.625,5340311
2021-08-09,107.28379821777344,132.33749389648438,132.75,130.53750610351562,132.75,16415005
2021-08-10,104.94293212890625,129.4499969482422,132.0749969482422,128.5124969482422,132.0749969482422,11925263
2021-08-11,107.22298431396484,132.2624969482422,132.75,129.41250610351562,129.71249389648438,31279965
2021-08-12,113.69831848144531,140.25,140.77499389648438,132.22500610351562,132.75,58107755
2021-08-13,112.33028411865234,138.5625,140.47500610351562,137.6999969482422,138.14999389648438,26776843
2021-08-16,109.86782836914062,135.52499389648438,138.22500610351562,135.3000030517578,138.0,21308655
2021-08-17,111.41827392578125,137.4375,137.8125,135.75,135.78750610351562,15962459
2021-08-18,109.80705261230469,135.4499969482422,139.5,135.1125030517578,137.77499389648438,25227527
2021-08-20,108.59100341796875,133.9499969482422,135.03750610351562,132.78750610351562,132.97500610351562,18720467
2021-08-23,106.79737854003906,131.7375030517578,134.9250030517578,130.64999389648438,134.625,13112745
2021-08-24,107.37498474121094,132.4499969482422,134.47500610351562,131.58749389648438,132.97500610351562,11029463
2021-08-25,106.70616149902344,131.625,133.08749389648438,131.28750610351562,132.89999389648438,12001351
2021-08-26,105.24694061279297,129.8249969482422,131.5500030517578,128.6999969482422,131.5500030517578,12115246
2021-08-27,106.00695037841797,130.7624969482422,131.1374969482422,128.8125,130.35000610351562,8051699
2021-08-30,106.70616149902344,131.625,132.2624969482422,129.60000610351562,131.39999389648438,14512401
2021-08-31,106.61497497558594,131.5124969482422,132.78750610351562,131.21249389648438,131.625,43248333
2021-09-01,106.79737854003906,131.7375030517578,133.35000610351562,130.9875030517578,133.35000610351562,11817591
2021-09-02,106.8581771850586,131.8125,132.0749969482422,130.64999389648438,131.5500030517578,13545023
2021-09-03,106.736572265625,131.66250610351562,132.60000610351562,130.8000030517578,132.0,12286475
2021-09-06,105.8549575805664,130.5749969482422,132.2624969482422,129.75,131.77499389648438,13950485
2021-09-07,105.18614196777344,129.75,130.6125030517578,129.33749389648438,130.5749969482422,12485031
2021-09-08,106.94955444335938,129.6374969482422,130.1999969482422,127.6500015258789,128.4375,25370295
2021-09-09,107.35175323486328,130.125,130.6125030517578,128.9250030517578,129.3000030517578,5078350
2021-09-13,107.59923553466797,130.4250030517578,130.72500610351562,129.52499389648438,130.6875,7522483
2021-09-14,107.72299194335938,130.5749969482422,131.3249969482422,130.125,130.4250030517578,8434427
2021-09-15,110.07421112060547,133.4250030517578,134.25,130.3125,130.5,20064238
2021-09-16,111.03324890136719,134.58749389648438,136.2375030517578,133.72500610351562,134.21249389648438,16214883
2021-09-17,110.63105773925781,134.10000610351562,135.3000030517578,132.5625,134.66250610351562,21219226
2021-09-20,109.517333984375,132.75,134.39999389648438,131.3249969482422,132.89999389648438,7833069
2021-09-21,108.83671569824219,131.9250030517578,133.8000030517578,131.58749389648438,132.03750610351562,9481007
2021-09-22,109.36264038085938,132.5625,133.08749389648438,131.85000610351562,131.85000610351562,9165634
2021-09-23,110.29075622558594,133.6875,134.0625,132.75,132.75,10295913
2021-09-24,108.99140930175781,132.1125030517578,134.625,131.85000610351562,133.72500610351562,7093411
2021-09-27,108.89859008789062,132.0,132.8625030517578,131.3249969482422,132.375,5205649
2021-09-28,113.81758117675781,137.96249389648438,141.6750030517578,132.0749969482422,132.6374969482422,38873626
2021-09-29,120.68563842773438,146.28750610351562,147.22500610351562,136.83749389648438,137.625,53686662
2021-09-30,117.49911499023438,142.4250030517578,148.5,141.4875030517578,146.21249389648438,23618199
2021-10-01,118.70567321777344,143.8874969482422,145.125,142.2375030517578,143.10000610351562,16994903
2021-10-04,118.5819091796875,143.7375030517578,144.78750610351562,142.53750610351562,144.0,10757286
2021-10-05,117.53003692626953,142.46249389648438,146.3249969482422,142.0124969482422,143.7375030517578,17200858
2021-10-06,116.07599639892578,140.6999969482422,144.1125030517578,140.0625,143.96249389648438,8929507
2021-10-07,116.50911712646484,141.22500610351562,143.66250610351562,140.6999969482422,143.25,6733699
2021-10-08,116.13785552978516,140.77499389648438,142.6125030517578,140.25,141.75,8165175
2021-10-11,119.69563293457031,145.08749389648438,146.3249969482422,141.97500610351562,142.5,12982042
2021-10-12,119.63374328613281,145.0124969482422,145.9875030517578,143.7375030517578,145.4250030517578,8539966
2021-10-13,123.37715911865234,149.5500030517578,153.375,145.6125030517578,146.3249969482422,33075614
2021-10-14,126.62553405761719,153.4875030517578,154.46249389648438,148.6875,150.14999389648438,19185455
2021-10-18,126.09962463378906,152.85000610351562,157.46249389648438,151.6125030517578,157.35000610351562,38546365
2021-10-19,122.91307067871094,148.9875030517578,153.60000610351562,147.75,153.0,16174177
2021-10-20,120.25251770019531,145.7624969482422,150.1875,145.0124969482422,150.0,21909934
2021-10-21,120.06689453125,145.53750610351562,148.0124969482422,145.125,147.1875,16946547
2021-10-22,120.31437683105469,145.83749389648438,147.75,143.4375,146.9250030517578,7705870
2021-10-25,119.20067596435547,144.4875030517578,146.25,142.875,145.83749389648438,7862419
2021-10-26,117.80845642089844,142.8000030517578,144.71249389648438,142.27499389648438,144.4499969482422,8525850
2021-10-27,117.7156753540039,142.6875,143.8874969482422,141.41250610351562,142.6125030517578,9862679
2021-10-28,115.02413940429688,139.4250030517578,143.3249969482422,138.9375,143.02499389648438,11095238
2021-10-29,114.49822235107422,138.78750610351562,141.4875030517578,135.97500610351562,140.1750030517578,12988035
2021-11-01,116.1688003540039,140.8125,141.375,138.41250610351562,138.4499969482422,5475153
2021-11-02,114.7766342163086,139.125,143.4375,138.8625030517578,141.4875030517578,10946890
2021-11-03,113.81758117675781,137.96249389648438,140.47500610351562,137.25,139.125,13957727
2021-11-04,114.49822235107422,138.78750610351562,139.3874969482422,138.1875,138.71249389648438,830214
2021-11-08,117.0350570678711,141.8625030517578,142.7624969482422,138.4499969482422,140.6999969482422,11947323
2021-11-09,115.42633056640625,139.91250610351562,142.7624969482422,138.97500610351562,142.7624969482422,10381150
2021-11-10,114.09600830078125,138.3000030517578,139.875,137.66250610351562,139.46249389648438,13857851
2021-11-11,112.70387268066406,136.6125030517578,138.9375,135.52499389648438,138.75,8851354
2021-11-12,112.61103820800781,136.5,137.77499389648438,135.22500610351562,137.77499389648438,9590673
2021-11-15,116.50911712646484,141.22500610351562,141.5625,136.5,136.64999389648438,24821341
2021-11-16,116.07599639892578,140.6999969482422,143.5124969482422,139.875,141.75,23206330
2021-11-17,118.2106704711914,143.28750610351562,145.35000610351562,140.25,140.25,18359498
2021-11-18,119.10782623291016,144.375,145.83749389648438,143.28750610351562,143.8874969482422,10742933
2021-11-22,120.15968322753906,145.64999389648438,147.75,144.0,145.8000030517578,25095721
2021-11-23,124.89305877685547,151.3874969482422,151.8000030517578,144.8625030517578,144.9375,19671538
2021-11-24,125.7902603149414,152.47500610351562,155.58749389648438,151.5,151.64999389648438,18120478
2021-11-25,126.3780517578125,153.1875,153.75,150.9375,151.9499969482422,18537454
2021-11-26,124.98589324951172,151.5,153.71249389648438,150.60000610351562,153.03750610351562,12814537
2021-11-29,123.90309143066406,150.1875,153.0,148.875,149.25,16066147
2021-11-30,127.9249267578125,155.0625,157.125,150.22500610351562,150.22500610351562,37739647
2021-12-01,128.20333862304688,155.39999389648438,156.5625,153.52499389648438,155.25,20332817
2021-12-02,132.72015380859375,160.875,162.0,154.875,156.75,33758843
2021-12-03,127.5227279663086,154.5749969482422,162.33749389648438,154.125,159.8625030517578,47614182
2021-12-06,124.98589324951172,151.5,156.0,151.0124969482422,155.5124969482422,11322446
2021-12-07,127.33711242675781,154.35000610351562,155.21249389648438,151.6125030517578,151.9499969482422,8049102
2021-12-08,126.7183609008789,153.60000610351562,155.7375030517578,152.66250610351562,153.8625030517578,8788449
2021-12-09,125.72838592529297,152.39999389648438,154.83749389648438,151.5749969482422,154.125,5755422
2021-12-10,125.38807678222656,151.9875030517578,153.1875,151.3874969482422,153.1875,6164402
2021-12-13,126.47086334228516,153.3000030517578,157.2375030517578,152.77499389648438,154.125,21648126
2021-12-14,131.3280029296875,159.1875,159.8625030517578,152.39999389648438,153.0749969482422,48042035
2021-12-15,129.843017578125,157.3874969482422,161.7375030517578,155.85000610351562,159.8249969482422,15207306
2021-12-16,128.8220977783203,156.14999389648438,158.85000610351562,154.72500610351562,158.5500030517578,13410737
2021-12-17,129.90487670898438,157.46249389648438,157.875,153.78750610351562,156.14999389648438,15209414
2021-12-20,129.843017578125,157.3874969482422,159.4875030517578,155.625,158.0625,22539246
2021-12-21,127.83212280273438,154.9499969482422,158.8125,153.60000610351562,158.58749389648438,17566511
2021-12-22,126.54497528076172,151.16250610351562,152.25,148.5,149.85000610351562,14750231
2021-12-23,130.81442260742188,156.2624969482422,157.1999969482422,151.53750610351562,151.875,15932489
2021-12-24,128.96224975585938,154.0500030517578,156.52499389648438,153.6374969482422,156.14999389648438,8975969
2021-12-27,129.40174865722656,154.5749969482422,155.4375,153.75,154.0500030517578,8648187
2021-12-28,129.0878143310547,154.1999969482422,156.4875030517578,152.47500610351562,154.9875030517578,15736206
2021-12-29,128.45994567871094,153.4499969482422,154.4250030517578,152.02499389648438,152.25,17172943
2021-12-30,128.9308319091797,154.0124969482422,158.5500030517578,151.2375030517578,153.4499969482422,87481206
2021-12-31,128.33438110351562,153.3000030517578,154.64999389648438,152.66250610351562,153.0,9842223
2022-01-03,128.71109008789062,153.75,155.21249389648438,153.1125030517578,154.0500030517578,7410054
2022-01-04,132.2270965576172,157.9499969482422,159.75,154.125,154.72500610351562,14784090
2022-01-05,131.00277709960938,156.4875030517578,158.5124969482422,156.03750610351562,157.5,9565107
2022-01-06,129.3075714111328,154.46249389648438,156.52499389648438,153.4875030517578,155.8125,5615931
2022-01-07,128.836669921875,153.89999389648438,156.375,153.375,155.21249389648438,11908249
2022-01-10,128.083251953125,153.0,155.4375,152.58749389648438,155.4375,11085710
2022-01-11,127.98907470703125,152.8874969482422,154.35000610351562,152.625,153.41250610351562,7208789
2022-01-12,128.6796875,153.71249389648438,155.02499389648438,153.2624969482422,154.5,11018139
2022-01-13,130.59466552734375,156.0,158.625,154.91250610351562,155.6999969482422,20522807
2022-01-14,130.4376983642578,155.8125,157.2375030517578,154.91250610351562,155.96249389648438,14183654
2022-01-17,129.5587158203125,154.7624969482422,157.16250610351562,154.35000610351562,156.8625030517578,7574539
2022-01-18,128.8052978515625,153.8625030517578,155.8874969482422,153.4499969482422,154.6875,8475422
2022-01-19,128.4913330078125,153.4875030517578,155.5500030517578,150.78750610351562,154.5,13724367
2022-01-20,134.7699432373047,160.9875030517578,161.5124969482422,154.0500030517578,155.3249969482422,30170343
2022-01-21,135.05247497558594,161.3249969482422,164.4375,159.75,160.4250030517578,29509593
2022-01-24,134.36183166503906,160.5,163.3125,158.625,162.3000030517578,12850189
2022-01-25,137.4069366455078,164.1374969482422,165.14999389648438,158.96249389648438,160.125,27389035
2022-01-27,134.8955078125,161.1374969482422,164.47500610351562,159.2624969482422,163.5,28512473
2022-01-28,131.97593688964844,157.64999389648438,163.125,156.9375,163.125,18932049
2022-01-31,135.2408447265625,161.5500030517578,162.5625,158.39999389648438,159.0,19907759
2022-02-01,133.7025604248047,159.71249389648438,162.78750610351562,158.47500610351562,162.75,8622355
2022-02-02,134.36183166503906,160.5,163.35000610351562,159.9375,161.1374969482422,9921099
2022-02-03,132.66661071777344,158.47500610351562,161.25,158.25,160.5,4594389
2022-02-04,131.66204833984375,157.27499389648438,160.0124969482422,156.8249969482422,159.0,7329263
2022-02-07,134.14208984375,160.2375030517578,160.72500610351562,157.5,158.28750610351562,7869237
2022-02-08,131.8817901611328,157.53750610351562,161.5500030517578,156.375,160.5,9074237
2022-02-09,131.44229125976562,157.0124969482422,158.7375030517578,156.52499389648438,157.9499969482422,9833985
2022-02-10,133.1374969482422,159.03750610351562,161.77499389648438,157.53750610351562,157.53750610351562,19180334
2022-02-11,130.4691162109375,155.85000610351562,159.0,155.28750610351562,157.64999389648438,20071130
2022-02-14,126.73332977294922,151.3874969482422,155.21249389648438,150.9375,155.21249389648438,12109375
2022-02-15,127.73792266845703,152.58749389648438,152.8874969482422,149.25,151.5,19046061
2022-02-16,126.67317199707031,147.22500610351562,150.75,146.77499389648438,148.9499969482422,20270061
2022-02-17,127.12486267089844,147.75,149.1374969482422,147.0,148.6875,16405551
2022-02-18,126.28596496582031,146.77499389648438,150.1125030517578,146.4375,147.60000610351562,14600643
2022-02-21,127.86700439453125,148.6125030517578,149.25,146.66250610351562,146.77499389648438,10682638
2022-02-22,127.86700439453125,148.6125030517578,148.83749389648438,143.85000610351562,145.64999389648438,13606058
2022-02-23,127.80244445800781,148.53750610351562,149.625,148.1999969482422,148.7624969482422,6493463
2022-02-24,123.31758117675781,143.3249969482422,147.0,142.4250030517578,145.5,13145037
2022-02-25,127.3185043334961,147.97500610351562,148.4250030517578,144.1125030517578,144.41250610351562,10920938
2022-02-28,134.96533203125,156.8625030517578,157.6875,147.03750610351562,148.08749389648438,31938385
2022-03-02,136.09463500976562,158.1750030517578,159.8625030517578,154.64999389648438,155.8125,20502615
2022-03-03,140.5794677734375,163.3874969482422,164.5124969482422,158.02499389648438,158.02499389648438,19805555
2022-03-04,138.77261352539062,161.28750610351562,163.125,158.21249389648438,161.96249389648438,12794317
2022-03-07,137.3206787109375,159.60000610351562,161.39999389648438,156.6374969482422,157.875,17635653
2022-03-08,137.03028869628906,159.2624969482422,167.5500030517578,157.35000610351562,160.5,28410490
2022-03-09,134.28775024414062,156.0749969482422,162.0,154.9499969482422,161.3625030517578,22830958
2022-03-10,134.77174377441406,156.6374969482422,158.5500030517578,155.28750610351562,158.25,16516553
2022-03-11,137.0948486328125,159.33749389648438,159.75,155.8125,156.97500610351562,12992850
2022-03-14,137.70785522460938,160.0500030517578,160.5,157.1999969482422,159.33749389648438,12598659
2022-03-15,135.28799438476562,157.2375030517578,161.28750610351562,156.22500610351562,159.89999389648438,14528285
2022-03-16,135.09439086914062,157.0124969482422,158.85000610351562,156.71249389648438,158.4375,11933774
2022-03-17,136.51406860351562,158.66250610351562,159.5625,155.8125,159.0,28464621
2022-03-21,132.22279357910156,153.6750030517578,162.0,153.375,162.0,17797415
2022-03-22,134.6749267578125,156.52499389648438,157.125,153.03750610351562,153.75,13285297
2022-03-23,135.578369140625,157.5749969482422,157.9499969482422,156.22500610351562,157.125,9408783
2022-03-24,135.997802734375,158.0625,158.39999389648438,156.0,157.5,11188958
2022-03-25,135.28799438476562,157.2375030517578,158.10000610351562,155.02499389648438,158.0625,9842670
2022-03-28,136.99803161621094,159.22500610351562,159.5625,155.625,157.2375030517578,12823578
2022-03-29,136.35272216796875,158.47500610351562,160.83749389648438,157.27499389648438,160.3874969482422,10470515
2022-03-30,140.0955047607422,162.8249969482422,164.02499389648438,158.85000610351562,159.8249969482422,54218485
2022-03-31,139.90188598632812,162.60000610351562,162.9375,161.0625,161.66250610351562,10326026
2022-04-01,145.22567749023438,168.78750610351562,169.3125,162.0749969482422,162.0749969482422,39663961
2022-04-04,146.74212646484375,170.5500030517578,171.0749969482422,168.03750610351562,169.5,9907530
2022-04-05,150.38809204101562,174.78750610351562,175.9499969482422,170.1750030517578,172.46249389648438,17167487
2022-04-06,152.71119689941406,177.4875030517578,178.83749389648438,173.3625030517578,173.5124969482422,17153675
2022-04-07,149.2910919189453,173.5124969482422,179.9250030517578,172.5,176.96249389648438,11913911
2022-04-08,150.09771728515625,174.4499969482422,175.5749969482422,172.9499969482422,174.75,6746769
2022-04-11,149.0006866455078,173.1750030517578,176.66250610351562,171.3000030517578,174.375,12413822
2022-04-12,150.4203643798828,174.8249969482422,175.2375030517578,171.4499969482422,171.9375,14769907
2022-04-13,148.0972900390625,172.125,176.5124969482422,170.66250610351562,176.21249389648438,11015439
2022-04-18,149.12973022460938,173.3249969482422,173.85000610351562,170.66250610351562,172.125,19069923
2022-04-19,147.03253173828125,170.8874969482422,175.0124969482422,169.875,174.52499389648438,15036942
2022-04-20,146.4840087890625,170.25,171.75,167.58749389648438,171.1875,9814641
2022-04-21,146.6453399658203,170.4375,171.4875030517578,168.9375,169.5749969482422,11134333
2022-04-22,145.48377990722656,169.08749389648438,172.64999389648438,168.52499389648438,168.78750610351562,12032249
2022-04-25,143.80596923828125,167.1374969482422,170.1750030517578,166.125,167.96249389648438,11042683
2022-04-26,149.452392578125,173.6999969482422,174.14999389648438,168.2624969482422,170.25,15389155
2022-04-27,147.9682159423828,171.97500610351562,174.6374969482422,170.58749389648438,173.5124969482422,12680209
2022-04-28,152.0336456298828,176.6999969482422,177.1875,172.53750610351562,175.0500030517578,18378146
2022-04-29,146.96798706054688,170.8125,177.2624969482422,170.28750610351562,176.3249969482422,9026331
2022-05-02,149.420166015625,173.66250610351562,174.9375,169.4250030517578,169.4250030517578,12634353
2022-05-04,153.32420349121094,178.1999969482422,179.58749389648438,174.6750030517578,174.75,23124643
2022-05-05,150.83981323242188,175.3125,180.4875030517578,174.6374969482422,178.8000030517578,16481935
2022-05-06,153.84048461914062,178.8000030517578,179.3625030517578,173.58749389648438,173.58749389648438,17715186
2022-05-09,158.19630432128906,183.8625030517578,184.83749389648438,176.7375030517578,179.25,54118806
2022-05-10,157.22833251953125,182.7375030517578,186.2624969482422,181.875,184.35000610351562,30997494
2022-05-11,154.356689453125,179.39999389648438,186.0,179.02499389648438,183.0,15412618
2022-05-12,152.2271728515625,176.9250030517578,181.4250030517578,174.1125030517578,179.25,26538994
2022-05-13,152.48533630371094,177.22500610351562,179.8874969482422,174.8249969482422,179.8874969482422,15074553
2022-05-16,151.77548217773438,176.39999389648438,178.4250030517578,174.75,176.625,7960529
2022-05-17,154.0017852783203,178.9875030517578,179.47500610351562,174.5625,176.1750030517578,15470937
2022-05-18,147.06478881835938,170.9250030517578,178.6875,170.3249969482422,178.125,19181550
2022-05-19,147.32290649414062,171.22500610351562,172.2375030517578,166.2375030517578,167.25,15085602
2022-05-20,147.806884765625,171.78750610351562,174.8249969482422,170.0625,173.0625,15148281
2022-05-23,144.93527221679688,168.4499969482422,174.0,168.14999389648438,174.0,11572501
2022-05-24,146.4840087890625,170.25,172.2375030517578,168.4499969482422,168.75,16336858
2022-05-25,145.0966033935547,168.6374969482422,172.0500030517578,166.91250610351562,171.3000030517578,11062614
2022-05-26,146.61306762695312,170.39999389648438,171.8249969482422,167.9250030517578,170.25,14150454
2022-05-27,144.99978637695312,168.52499389648438,171.4875030517578,167.5500030517578,171.4499969482422,8430491
2022-05-30,147.29063415527344,171.1875,172.4250030517578,168.22500610351562,168.375,9305758
2022-05-31,150.2913055419922,174.6750030517578,176.3625030517578,171.14999389648438,171.1875,26351545
2022-06-01,147.90367126464844,171.89999389648438,174.75,171.1125030517578,174.1125030517578,10282009
2022-06-02,145.54832458496094,169.16250610351562,172.0500030517578,168.41250610351562,172.0500030517578,10071898
2022-06-03,145.83868408203125,169.5,171.0749969482422,168.75,169.5,16082518
2022-06-06,145.0643310546875,168.60000610351562,170.58749389648438,167.66250610351562,169.5,12693293
2022-06-07,145.19337463378906,168.75,169.6875,167.77499389648438,167.96249389648438,9103195
2022-06-08,144.90301513671875,168.41250610351562,169.875,167.28750610351562,167.28750610351562,11240130
2022-06-09,145.0966033935547,168.6374969482422,169.27499389648438,165.75,168.52499389648438,9468041
2022-06-10,144.83847045898438,168.33749389648438,170.58749389648438,166.53750610351562,166.53750610351562,9019239
2022-06-13,143.48333740234375,166.7624969482422,169.125,166.125,166.3874969482422,10186775
2022-06-14,144.5158233642578,167.96249389648438,170.47500610351562,166.5,166.7624969482422,17023962
2022-06-15,143.41880798339844,166.6875,169.72500610351562,166.4250030517578,168.1875,5898563
2022-06-16,139.6114959716797,162.2624969482422,168.22500610351562,161.7375030517578,167.5124969482422,11883333
2022-06-17,136.385009765625,158.5124969482422,162.6750030517578,157.6875,160.64999389648438,19675226
2022-06-20,134.38455200195312,156.1875,158.1750030517578,154.7624969482422,156.8249969482422,7402273
2022-06-21,135.73968505859375,157.7624969482422,159.8625030517578,155.47500610351562,156.78750610351562,9459619
2022-06-22,135.93328857421875,157.9875030517578,158.4375,156.14999389648438,158.10000610351562,10257637
2022-06-23,134.57815551757812,156.41250610351562,158.77499389648438,154.6125030517578,157.5749969482422,13114525
2022-06-24,134.8362579345703,156.71249389648438,159.0,155.8125,159.0,9499105
2022-06-27,136.51406860351562,158.66250610351562,160.0124969482422,157.2375030517578,160.0124969482422,17545390
2022-06-28,135.7074432373047,157.72500610351562,158.66250610351562,156.2624969482422,157.16250610351562,6770087
2022-06-29,136.22364807128906,158.3249969482422,161.25,156.33749389648438,156.8249969482422,41502918
2022-06-30,136.7399139404297,158.9250030517578,161.0625,157.8000030517578,158.625,22260722
2022-07-01,133.25527954101562,154.875,159.6750030517578,153.89999389648438,158.28750610351562,11133663
2022-07-04,135.96554565429688,158.02499389648438,159.1125030517578,153.78750610351562,153.78750610351562,20178279
2022-07-05,138.1918487548828,160.6125030517578,161.96249389648438,158.21249389648438,158.25,20083997
2022-07-06,135.80419921875,157.83749389648438,160.6125030517578,156.14999389648438,160.5,19203527
2022-07-07,137.15936279296875,159.41250610351562,161.47500610351562,159.0749969482422,159.9375,14069302
2022-07-08,141.19253540039062,164.10000610351562,164.5500030517578,159.4875030517578,160.5,17142257
2022-07-11,140.06321716308594,162.78750610351562,165.9375,162.14999389648438,165.0,10826079
2022-07-12,137.77239990234375,160.125,162.71249389648438,159.8625030517578,161.3249969482422,8503695
2022-07-13,138.3854217529297,160.83749389648438,162.52499389648438,160.08749389648438,160.875,10210005
2022-07-14,138.6435546875,161.1374969482422,164.4375,159.6374969482422,164.4375,10898403
2022-07-15,135.0621337890625,156.97500610351562,162.75,156.60000610351562,162.75,22067479
2022-07-18,135.67514038085938,157.6875,159.3000030517578,156.6750030517578,157.7624969482422,15155654
2022-07-19,135.51382446289062,157.5,158.625,157.1999969482422,157.4250030517578,14922395
2022-07-20,135.0298614501953,156.9375,159.22500610351562,156.375,158.47500610351562,14181034
2022-07-21,136.99803161621094,159.22500610351562,159.89999389648438,157.08749389648438,157.46249389648438,12461554
2022-07-22,135.51382446289062,157.5,160.46249389648438,157.125,160.46249389648438,9272199
2022-07-25,134.15867614746094,155.9250030517578,158.25,155.5500030517578,157.5,6635194
2022-07-26,134.9330596923828,156.8249969482422,158.25,155.3249969482422,155.9250030517578,11451315
2022-07-27,135.93328857421875,157.9875030517578,158.25,157.0500030517578,157.4250030517578,9209354
2022-07-28,138.22409057617188,160.64999389648438,161.10000610351562,157.53750610351562,158.25,13192642
2022-07-29,138.06277465820312,160.46249389648438,163.35000610351562,159.6374969482422,162.3000030517578,15433067
2022-08-01,141.28929138183594,164.21249389648438,165.1125030517578,160.6125030517578,161.28750610351562,12136557
2022-08-02,143.64466857910156,166.9499969482422,167.5500030517578,163.0124969482422,164.96249389648438,17748747
2022-08-03,144.2899627685547,167.6999969482422,168.5625,164.7375030517578,167.5124969482422,12406038
2022-08-04,142.48312377929688,165.60000610351562,168.14999389648438,164.3249969482422,168.0,9712267
2022-08-05,144.32223510742188,167.7375030517578,168.5625,164.1374969482422,166.27499389648438,14099223
2022-08-08,143.19296264648438,166.4250030517578,169.72500610351562,165.8249969482422,168.75,8392041
2022-08-10,144.22544860839844,167.625,168.6750030517578,165.41250610351562,165.5625,8585266
2022-08-11,143.80596923828125,167.1374969482422,170.1750030517578,166.27499389648438,168.4875030517578,5040626
2022-08-12,147.16156005859375,171.03750610351562,171.4499969482422,166.5,167.25,13279062
2022-08-16,147.6778106689453,171.6374969482422,172.46249389648438,170.28750610351562,171.89999389648438,11298246
2022-08-17,147.45196533203125,171.375,173.21249389648438,170.77499389648438,171.6374969482422,11225465
2022-08-18,149.2910919189453,173.5124969482422,173.77499389648438,170.8125,170.96249389648438,11360485
2022-08-19,148.67202758789062,171.1125030517578,172.27499389648438,169.27499389648438,171.33749389648438,9829530
2022-08-22,147.2384033203125,169.46249389648438,173.10000610351562,169.2375030517578,171.0749969482422,9190493
2022-08-23,148.281005859375,170.66250610351562,171.6374969482422,168.14999389648438,168.71249389648438,8903751
2022-08-24,149.5191650390625,172.08749389648438,172.46249389648438,169.875,170.5124969482422,13007225
2022-08-25,147.46649169921875,169.72500610351562,173.25,168.8249969482422,172.875,12124365
2022-08-26,150.17079162597656,172.83749389648438,173.39999389648438,169.9499969482422,169.9499969482422,7966045
2022-08-29,147.95521545410156,170.28750610351562,171.6750030517578,169.1999969482422,171.1875,7517013
2022-08-30,149.61688232421875,172.1999969482422,172.6875,171.0749969482422,171.14999389648438,7214498
2022-09-01,147.3361358642578,169.5749969482422,172.5749969482422,168.75,168.78750610351562,13109081
2022-09-02,146.09803771972656,168.14999389648438,171.6374969482422,167.85000610351562,170.625,6897237
2022-09-05,145.5767059326172,167.5500030517578,169.16250610351562,166.27499389648438,168.75,18055474
2022-09-06,146.65194702148438,168.78750610351562,171.0,168.0,168.0,14103701
2022-09-07,146.22833251953125,168.3000030517578,170.21249389648438,167.28750610351562,167.28750610351562,7866745
2022-09-08,146.22833251953125,168.3000030517578,170.1750030517578,167.58749389648438,169.5,7187735
2022-09-09,145.2509002685547,167.1750030517578,169.6125030517578,166.875,169.53750610351562,9162027
2022-09-12,145.93511962890625,167.96249389648438,168.52499389648438,166.64999389648438,167.66250610351562,8778919
2022-09-13,147.79232788085938,170.10000610351562,170.625,167.85000610351562,168.22500610351562,11278383
2022-09-14,151.53924560546875,174.41250610351562,174.89999389648438,168.52499389648438,168.75,25072958
2022-09-15,154.83001708984375,178.1999969482422,178.6875,174.2624969482422,175.08749389648438,23606369
2022-09-16,153.55931091308594,176.7375030517578,178.83749389648438,175.0500030517578,178.8000030517578,29399642
2022-09-19,151.93023681640625,174.8625030517578,178.5749969482422,173.7375030517578,176.96249389648438,13920046
2022-09-20,151.63697814941406,174.52499389648438,177.1875,174.0749969482422,175.5,20162973
2022-09-21,147.95521545410156,170.28750610351562,175.7624969482422,168.22500610351562,175.3874969482422,14468837
2022-09-22,143.42630004882812,165.0749969482422,169.8000030517578,164.3625030517578,168.0,26264530
2022-09-23,131.99000549316406,151.91250610351562,164.8125,148.5749969482422,163.72500610351562,87162722
2022-09-26,130.88221740722656,150.6374969482422,157.0124969482422,139.7624969482422,150.0,167547134
2022-09-27,133.48875427246094,153.6374969482422,155.9250030517578,150.9375,154.35000610351562,54127095
2022-09-28,135.34593200683594,155.77499389648438,157.8000030517578,151.91250610351562,153.89999389648438,52877873
2022-09-29,135.5414276123047,156.0,159.0749969482422,154.53750610351562,156.71249389648438,36761869
2022-09-30,138.27833557128906,159.14999389648438,164.02499389648438,155.25,155.25,62897614
2022-10-03,137.36602783203125,158.10000610351562,160.9875030517578,156.75,159.75,11740863
2022-10-04,135.8346710205078,156.33749389648438,159.2624969482422,156.0,159.0749969482422,19179333
2022-10-06,134.43365478515625,154.72500610351562,158.1750030517578,154.1999969482422,156.6374969482422,20692745
2022-10-07,136.45375061035156,157.0500030517578,157.3125,153.0,153.0,14282850
2022-10-10,136.16049194335938,156.71249389648438,158.96249389648438,155.66250610351562,155.96249389648438,16834226
2022-10-11,135.76951599121094,156.2624969482422,158.58749389648438,154.91250610351562,157.5,17807162
2022-10-12,140.4613494873047,161.66250610351562,161.96249389648438,157.0124969482422,157.83749389648438,35288330
2022-10-13,139.41868591308594,160.46249389648438,162.97500610351562,159.9375,161.21249389648438,16436903
2022-10-14,138.5715789794922,159.4875030517578,163.5,158.66250610351562,163.5,23365190
2022-10-17,138.0502471923828,158.8874969482422,161.21249389648438,158.25,158.96249389648438,9520537
2022-10-18,138.37606811523438,159.2624969482422,161.25,158.66250610351562,159.71249389648438,13256574
2022-10-19,139.3861083984375,160.4250030517578,162.6750030517578,159.71249389648438,159.75,11595367
2022-10-20,141.7320556640625,163.125,163.5,159.2624969482422,159.41250610351562,16371066
2022-10-21,141.60171508789062,162.97500610351562,164.1750030517578,160.5,161.5124969482422,11634491
2022-10-24,142.6117401123047,164.1374969482422,165.1875,163.9499969482422,164.85000610351562,1132859
2022-10-25,142.38368225097656,163.875,164.5500030517578,160.6875,164.1374969482422,20622687
2022-10-27,145.90252685546875,167.9250030517578,168.6374969482422,163.0124969482422,164.47500610351562,24298489
2022-10-28,147.79232788085938,170.10000610351562,171.75,167.39999389648438,167.85000610351562,11669879
2022-10-31,148.67202758789062,171.1125030517578,172.6875,170.02499389648438,170.96249389648438,11755682
2022-11-01,153.23350524902344,176.3625030517578,176.9250030517578,172.35000610351562,172.9875030517578,15220278
2022-11-02,152.0279541015625,174.97500610351562,177.41250610351562,174.6374969482422,176.3625030517578,12884449
2022-11-03,148.60684204101562,171.03750610351562,175.1999969482422,170.02499389648438,174.75,9358215
2022-11-04,147.36874389648438,169.6125030517578,172.08749389648438,168.75,171.0,8059667
2022-11-07,148.5742645263672,171.0,173.9250030517578,169.8000030517578,170.47500610351562,14862038
2022-11-09,142.5465850830078,164.0625,173.25,163.53750610351562,173.25,22831150
2022-11-10,140.0377655029297,161.1750030517578,165.1125030517578,160.125,162.0,16217631
2022-11-11,139.48388671875,160.53750610351562,163.3874969482422,160.16250610351562,162.0,12123886
2022-11-14,141.01849365234375,158.5124969482422,160.27499389648438,157.6875,158.21249389648438,18460862
2022-11-15,144.12109375,162.0,162.375,157.2375030517578,157.5,15258103
2022-11-16,144.85504150390625,162.8249969482422,163.08749389648438,160.08749389648438,161.96249389648438,9825807
2022-11-17,145.65573120117188,163.72500610351562,165.33749389648438,162.1875,162.6750030517578,9449665
2022-11-18,145.6890869140625,163.7624969482422,164.10000610351562,162.6374969482422,163.7624969482422,5828998
2022-11-21,146.15614318847656,164.28750610351562,164.625,162.375,163.125,4712051
2022-11-22,145.32211303710938,163.35000610351562,164.39999389648438,162.6750030517578,163.875,4366445
2022-11-23,143.553955078125,161.3625030517578,164.10000610351562,160.6875,163.6875,13510578
2022-11-24,147.29042053222656,165.5625,165.75,161.3249969482422,161.5500030517578,7622243
2022-11-25,147.1903533935547,165.4499969482422,165.6750030517578,162.4499969482422,165.5625,10989671
2022-11-28,147.65740966796875,165.97500610351562,166.64999389648438,164.3625030517578,164.3625030517578,4526153
2022-11-29,146.35630798339844,164.5124969482422,166.6875,163.91250610351562,165.97500610351562,6476054
2022-11-30,149.4589385986328,168.0,168.71249389648438,163.2375030517578,164.5124969482422,17317951
2022-12-01,148.0577392578125,166.4250030517578,168.6374969482422,165.375,168.0,13241961
2022-12-02,146.6565704345703,164.85000610351562,166.125,163.91250610351562,163.91250610351562,12880949
2022-12-05,148.0577392578125,166.4250030517578,166.6875,162.89999389648438,164.77499389648438,16477957
2022-12-06,149.12530517578125,167.625,168.1125030517578,164.5500030517578,166.16250610351562,11299945
2022-12-07,147.4906005859375,165.78750610351562,168.0749969482422,165.33749389648438,167.1374969482422,5813973
2022-12-08,145.32211303710938,163.35000610351562,166.3874969482422,162.6750030517578,166.35000610351562,11176439
2022-12-09,144.92176818847656,162.89999389648438,164.21249389648438,161.77499389648438,163.8000030517578,6020031
2022-12-12,143.82086181640625,161.66250610351562,163.5,160.9499969482422,162.0,8194429
2022-12-13,144.32125854492188,162.22500610351562,162.60000610351562,159.78750610351562,161.66250610351562,8235450
2022-12-14,146.2562255859375,164.39999389648438,165.41250610351562,162.22500610351562,162.22500610351562,10055353
2022-12-15,144.3546142578125,162.2624969482422,165.3000030517578,161.9250030517578,164.625,5385778
2022-12-16,142.25283813476562,159.89999389648438,163.64999389648438,159.4499969482422,161.25,11166617
2022-12-19,146.05604553222656,164.1750030517578,164.39999389648438,160.125,160.53750610351562,7758862
2022-12-20,144.9884796142578,162.97500610351562,164.1750030517578,160.4250030517578,164.1750030517578,6541929
2022-12-21,144.15444946289062,162.03750610351562,163.6875,160.3874969482422,162.78750610351562,7005861
2022-12-22,143.45387268066406,161.25,162.75,159.6374969482422,162.0749969482422,6961415
2022-12-23,140.95175170898438,158.4375,161.47500610351562,157.83749389648438,160.0500030517578,4554651
2022-12-26,141.35211181640625,158.8874969482422,160.6875,158.21249389648438,158.625,6864331
2022-12-27,141.88587951660156,159.4875030517578,161.39999389648438,158.85000610351562,159.71249389648438,13115851
2022-12-28,143.9542694091797,161.8125,163.8000030517578,159.375,159.375,16815549
2022-12-29,143.9542694091797,161.8125,162.375,160.125,160.53750610351562,22536873
2022-12-30,142.58645629882812,160.27499389648438,162.5625,159.9375,162.03750610351562,4643134
2023-01-02,143.48721313476562,161.28750610351562,161.625,159.75,160.91250610351562,5959394
2023-01-03,143.8542022705078,161.6999969482422,162.14999389648438,160.7624969482422,161.4375,2873110
2023-01-04,140.8183135986328,158.28750610351562,161.5500030517578,157.875,161.5500030517578,9954542
2023-01-05,139.31707763671875,156.60000610351562,158.9250030517578,154.9499969482422,158.9250030517578,21273509
2023-01-06,138.84999084472656,156.0749969482422,157.72500610351562,155.66250610351562,156.1125030517578,11510471
2023-01-09,139.51722717285156,156.8249969482422,158.96249389648438,153.1875,156.89999389648438,52485126
2023-01-10,141.31874084472656,158.85000610351562,159.33749389648438,156.75,157.4250030517578,17248326
2023-01-11,141.4188232421875,158.96249389648438,159.78750610351562,157.5749969482422,159.14999389648438,9164361
2023-01-12,142.45301818847656,160.125,160.4250030517578,158.5500030517578,160.16250610351562,21179555
2023-01-13,142.78662109375,160.5,161.5124969482422,159.97500610351562,160.1999969482422,6560245
2023-01-16,143.8875732421875,161.7375030517578,161.9250030517578,159.52499389648438,161.25,8362194
2023-01-17,145.72244262695312,163.8000030517578,164.02499389648438,161.1750030517578,161.7375030517578,13000571
2023-01-18,146.35630798339844,164.5124969482422,165.1125030517578,162.3000030517578,163.72500610351562,11171369
2023-01-19,147.29042053222656,165.5625,165.9375,163.9875030517578,164.10000610351562,11586815
2023-01-20,148.95849609375,167.4375,167.9250030517578,165.75,165.75,10112645
2023-01-23,150.19287109375,168.8249969482422,171.22500610351562,167.66250610351562,168.0,14393610
2023-01-24,147.42384338378906,165.71249389648438,169.9499969482422,165.375,169.6875,6150893
2023-01-25,146.38966369628906,164.5500030517578,165.9375,163.35000610351562,165.52499389648438,5790331
2023-01-27,146.28956604003906,164.4375,166.08749389648438,162.75,164.47500610351562,10458603
2023-01-30,141.35211181640625,158.8874969482422,164.1374969482422,157.91250610351562,163.5,24288177
2023-01-31,144.5548095703125,162.4875030517578,165.14999389648438,159.1125030517578,159.4499969482422,20997546
2023-02-01,144.48806762695312,162.41250610351562,168.75,160.1999969482422,168.75,20246369
2023-02-02,141.9192657470703,159.52499389648438,162.8249969482422,158.5124969482422,162.0,12820663
2023-02-03,143.35377502441406,161.1374969482422,161.3625030517578,157.8000030517578,159.89999389648438,10815686
2023-02-06,144.82168579101562,162.78750610351562,163.0124969482422,159.78750610351562,160.08749389648438,6948201
2023-02-07,144.688232421875,162.6374969482422,163.64999389648438,161.3249969482422,163.5,10035526
2023-02-08,144.79067993164062,159.0,159.9375,157.83749389648438,159.6374969482422,12432719
2023-02-09,145.37120056152344,159.6374969482422,160.46249389648438,159.0,159.0,7011082
2023-02-10,146.22494506835938,160.5749969482422,160.83749389648438,158.8874969482422,158.9250030517578,10892159
2023-02-13,147.52259826660156,162.0,162.375,160.5,160.5749969482422,7710133
2023-02-14,146.83963012695312,161.25,162.78750610351562,159.5625,162.78750610351562,6010681
2023-02-15,146.49810791015625,160.875,161.39999389648438,159.75,159.9375,8107497
2023-02-16,146.56643676757812,160.9499969482422,162.6750030517578,160.5,162.6750030517578,3963115
2023-02-17,146.02003479003906,160.35000610351562,161.9250030517578,159.75,160.5,6491149
2023-02-20,147.38600158691406,161.85000610351562,162.75,160.64999389648438,161.6999969482422,6841917
2023-02-21,148.34213256835938,162.89999389648438,164.0625,162.03750610351562,163.16250610351562,6701434
2023-02-22,146.60055541992188,160.9875030517578,162.97500610351562,159.75,162.0,9128659
2023-02-23,145.64439392089844,159.9375,161.9250030517578,159.4499969482422,161.25,10345874
2023-02-24,146.87374877929688,161.28750610351562,161.5500030517578,159.3000030517578,159.3000030517578,9808830
2023-02-27,149.70811462402344,164.39999389648438,164.96249389648438,160.91250610351562,162.33749389648438,17763618
2023-02-28,151.7911834716797,166.6875,167.25,164.0625,165.4499969482422,36559278
2023-03-01,149.50318908691406,164.1750030517578,166.6875,163.0500030517578,166.16250610351562,12896085
2023-03-02,150.49351501464844,165.2624969482422,165.75,161.85000610351562,163.5,79708558
2023-03-03,151.688720703125,166.5749969482422,169.08749389648438,165.3000030517578,165.3000030517578,9951869
2023-03-06,155.13775634765625,170.3625030517578,171.60000610351562,167.25,168.0,15659957
2023-03-08,155.75242614746094,171.03750610351562,171.2624969482422,169.27499389648438,170.21249389648438,11591495
2023-03-09,154.2157440185547,169.35000610351562,172.83749389648438,169.125,171.75,13941653
2023-03-10,154.7279815673828,169.91250610351562,171.1125030517578,166.6875,166.6875,9605434
2023-03-13,154.42062377929688,169.5749969482422,172.53750610351562,169.0500030517578,171.03750610351562,13209653
2023-03-14,153.8059539794922,168.89999389648438,170.8125,168.0,168.8625030517578,9583405
2023-03-15,155.92318725585938,171.22500610351562,172.53750610351562,169.27499389648438,169.9499969482422,12228069
2023-03-16,158.55262756347656,174.1125030517578,174.6750030517578,171.2624969482422,172.08749389648438,18437817
2023-03-17,156.8793487548828,172.27499389648438,175.5,171.22500610351562,175.46249389648438,33711025
2023-03-20,155.3767852783203,170.625,172.0500030517578,168.97500610351562,168.97500610351562,9281411
2023-03-21,152.40585327148438,167.3625030517578,170.77499389648438,166.83749389648438,170.4375,11272787
2023-03-22,153.05467224121094,168.0749969482422,168.52499389648438,165.60000610351562,167.25,7589846
2023-03-23,151.722900390625,166.6125030517578,168.375,165.9375,168.0,17091298
2023-03-24,151.8936309814453,166.8000030517578,168.1875,165.60000610351562,167.25,10371666
2023-03-27,150.32276916503906,165.0749969482422,169.6875,164.66250610351562,167.1750030517578,19983733
2023-03-28,151.688720703125,166.5749969482422,167.3249969482422,164.02499389648438,165.9375,8689166
2023-03-29,151.92774963378906,166.83749389648438,167.77499389648438,165.41250610351562,166.5749969482422,19743258
2023-03-31,154.14744567871094,169.27499389648438,170.0625,167.25,168.0,10202058
2023-04-03,153.39614868164062,168.4499969482422,170.5124969482422,167.8874969482422,170.5124969482422,7643214
2023-04-05,154.11328125,169.2375030517578,169.9499969482422,167.77499389648438,169.9499969482422,12019382
2023-04-06,153.840087890625,168.9375,170.5500030517578,168.4875030517578,170.39999389648438,4282875
2023-04-10,156.43540954589844,171.78750610351562,172.0500030517578,168.75,168.89999389648438,4145643
2023-04-11,158.00624084472656,173.5124969482422,174.0,171.33749389648438,171.6750030517578,5106602
2023-04-12,155.2401885986328,170.47500610351562,173.66250610351562,170.28750610351562,173.5500030517578,9118795
2023-04-13,157.90380859375,173.39999389648438,173.7375030517578,170.25,170.47500610351562,11428621
2023-04-17,161.6260223388672,177.4875030517578,179.9250030517578,174.22500610351562,174.4499969482422,21815047
2023-04-18,157.28912353515625,172.72500610351562,178.125,172.2375030517578,177.6750030517578,13482833
2023-04-19,157.05007934570312,172.46249389648438,173.5500030517578,171.4875030517578,171.75,8264190
2023-04-20,157.6988983154297,173.1750030517578,174.6750030517578,172.2375030517578,173.1374969482422,7308750
2023-04-21,158.14285278320312,173.66250610351562,174.2624969482422,172.1999969482422,173.85000610351562,5030650
2023-04-24,158.416015625,173.96249389648438,174.22500610351562,172.46249389648438,173.25,5725067
2023-04-25,159.0648651123047,174.6750030517578,175.4250030517578,172.9875030517578,173.47500610351562,8338703
2023-04-26,162.75294494628906,178.72500610351562,179.625,174.0,175.53750610351562,13581018
2023-04-27,161.14791870117188,176.96249389648438,178.72500610351562,175.125,178.5,9794457
2023-04-28,162.03579711914062,177.9375,178.46249389648438,174.8249969482422,177.71249389648438,10585487
2023-05-02,163.98228454589844,180.0749969482422,180.8625030517578,178.6875,179.02499389648438,6732907
2023-05-03,163.70907592773438,179.77499389648438,181.5,179.10000610351562,180.0,4789217
2023-05-04,163.1285400390625,179.1374969482422,180.52499389648438,176.21249389648438,179.7375030517578,9189783
2023-05-05,164.63111877441406,180.78750610351562,181.125,178.64999389648438,179.10000610351562,3896441
2023-05-08,167.15811157226562,183.5625,184.6875,180.8249969482422,181.3874969482422,8758321
2023-05-09,166.23611450195312,182.5500030517578,185.1750030517578,182.02499389648438,183.03750610351562,9166941
2023-05-10,169.1387481689453,185.7375030517578,185.96249389648438,183.4499969482422,183.8625030517578,9689409
2023-05-11,169.75341796875,186.41250610351562,186.89999389648438,184.9499969482422,185.77499389648438,12616726
2023-05-12,165.1091766357422,181.3125,187.1999969482422,180.8625030517578,186.6374969482422,13853807
2023-05-15,166.1336669921875,182.4375,184.2375030517578,181.7624969482422,182.5500030517578,12187763
2023-05-16,164.32376098632812,180.4499969482422,183.41250610351562,180.0,182.66250610351562,11418509
2023-05-17,163.0944061279297,179.10000610351562,181.4250030517578,178.08749389648438,180.6750030517578,11560929
2023-05-18,160.9430389404297,176.7375030517578,180.75,175.9499969482422,180.75,14497723
2023-05-19,159.61123657226562,175.27499389648438,178.125,174.0,176.7375030517578,10071694
2023-05-22,160.05517578125,175.7624969482422,179.25,174.4875030517578,176.02499389648438,12566129
2023-05-23,159.88442993164062,175.5749969482422,177.41250610351562,175.0124969482422,175.53750610351562,12458561
2023-05-24,161.0454864501953,176.85000610351562,178.3874969482422,176.1374969482422,178.35000610351562,8877971
2023-05-25,162.51388549804688,178.46249389648438,180.22500610351562,177.22500610351562,178.27499389648438,12502747
2023-05-26,162.06996154785156,177.97500610351562,178.4250030517578,176.10000610351562,178.3874969482422,6811801
2023-05-29,160.15762329101562,175.875,178.7624969482422,175.5749969482422,178.64999389648438,13638297
2023-05-30,160.56741333007812,176.3249969482422,176.9250030517578,175.27499389648438,176.9250030517578,9469926
2023-05-31,159.71368408203125,175.3874969482422,176.39999389648438,172.5,176.25,48104157
2023-06-01,159.13314819335938,174.75,175.5749969482422,172.53750610351562,174.71249389648438,8804790
2023-06-02,160.22592163085938,175.9499969482422,176.3249969482422,174.8249969482422,175.5,6617781
2023-06-05,160.9088897705078,176.6999969482422,178.5,176.10000610351562,177.33749389648438,27428302
2023-06-06,160.70401000976562,176.47500610351562,177.75,175.83749389648438,177.33749389648438,6898603
2023-06-07,163.36758422851562,179.39999389648438,180.03750610351562,177.1125030517578,177.52499389648438,11153571
2023-06-08,165.04087829589844,181.2375030517578,184.08749389648438,179.4375,179.4375,19300834
2023-06-09,167.26055908203125,183.6750030517578,184.125,181.35000610351562,182.66250610351562,11037141
2023-06-12,165.04087829589844,181.2375030517578,184.83749389648438,180.89999389648438,183.75,8188909
2023-06-13,165.45066833496094,181.6875,182.58749389648438,181.08749389648438,181.5,6443218
2023-06-14,168.3533172607422,184.875,185.39999389648438,181.5749969482422,181.5749969482422,10297426
2023-06-15,168.31918334960938,184.83749389648438,185.21249389648438,182.85000610351562,185.21249389648438,9732749
2023-06-16,168.31918334960938,184.83749389648438,185.5124969482422,183.375,184.8000030517578,9702361
2023-06-19,166.03118896484375,182.3249969482422,186.22500610351562,181.8000030517578,184.83749389648438,10431647
2023-06-20,169.8900146484375,186.5625,187.27499389648438,182.8125,182.8874969482422,13426365
2023-06-21,176.34414672851562,193.64999389648438,194.28750610351562,186.5625,186.60000610351562,31172093
2023-06-22,173.1682891845703,190.16250610351562,193.5,189.52499389648438,193.5,7430965
2023-06-23,170.81201171875,187.5749969482422,190.9875030517578,187.16250610351562,190.1999969482422,5593393
2023-06-26,169.7192840576172,186.375,187.6875,185.3625030517578,187.5,7305362
2023-06-27,170.43641662597656,187.16250610351562,187.53750610351562,185.7375030517578,186.0749969482422,11142907
2023-06-28,170.84619140625,187.6125030517578,189.375,184.83749389648438,188.10000610351562,17808717
2023-06-30,174.26107788085938,191.3625030517578,194.77499389648438,188.39999389648438,192.375,17659979
2023-07-03,171.085205078125,187.875,191.21249389648438,187.125,190.91250610351562,12467239
2023-07-04,170.4705352783203,187.1999969482422,189.375,186.89999389648438,189.375,8637967
2023-07-05,172.96339416503906,189.9375,190.46249389648438,187.125,187.27499389648438,5340907
2023-07-06,179.41749572753906,197.02499389648438,197.6999969482422,190.8000030517578,194.96249389648438,16705046
2023-07-07,174.46592712402344,191.58749389648438,196.91250610351562,191.02499389648438,196.91250610351562,13149183
2023-07-10,170.7437286376953,187.5,192.3000030517578,186.375,191.58749389648438,15319047
2023-07-11,173.13412475585938,190.125,191.5500030517578,187.53750610351562,189.0,7486045
2023-07-12,172.1438446044922,189.03750610351562,191.0625,188.3625030517578,190.5,9390877
2023-07-13,166.03118896484375,182.3249969482422,189.14999389648438,181.27499389648438,188.8125,30591450
2023-07-14,163.94813537597656,180.03750610351562,183.3000030517578,177.52499389648438,182.25,72085831
2023-07-17,164.59695434570312,180.75,183.71249389648438,179.39999389648438,181.875,11474161
2023-07-18,164.69940185546875,180.8625030517578,182.77499389648438,179.6999969482422,180.75,14940593
2023-07-19,166.1336669921875,182.4375,184.64999389648438,180.41250610351562,180.75,22954874
2023-07-20,166.81661987304688,183.1875,184.3874969482422,181.72500610351562,182.96249389648438,10249082
2023-07-21,166.7141876220703,183.0749969482422,184.72500610351562,181.64999389648438,182.4375,18466409
2023-07-24,169.00213623046875,185.58749389648438,186.1125030517578,182.1374969482422,183.03750610351562,14825562
2023-07-25,171.52914428710938,188.3625030517578,188.625,186.1125030517578,186.71249389648438,10500017
2023-07-26,171.42669677734375,188.25,191.7375030517578,187.5,190.4250030517578,12898171
2023-07-27,171.2218017578125,188.02499389648438,190.0500030517578,187.27499389648438,189.0,10836773
2023-07-28,176.34414672851562,193.64999389648438,195.8625030517578,187.5749969482422,188.85000610351562,17518458
2023-07-31,181.7054901123047,199.53750610351562,200.25,194.3625030517578,196.5,24269734
2023-08-01,171.9730987548828,188.85000610351562,196.5,187.875,196.5,31395702
2023-08-02,169.75341796875,186.41250610351562,190.35000610351562,184.9499969482422,189.6750030517578,20825405
2023-08-03,169.85585021972656,186.52499389648438,187.9499969482422,184.5749969482422,186.75,10882019
2023-08-04,168.93385314941406,185.5124969482422,186.78750610351562,184.9499969482422,186.0,7406390
2023-08-07,169.34361267089844,185.96249389648438,186.71249389648438,184.5,186.60000610351562,6345966
2023-08-08,168.15988159179688,181.125,183.9375,180.4875030517578,183.9375,15171726
2023-08-09,167.359130859375,180.2624969482422,182.625,179.8125,182.25,18442141
2023-08-10,168.36880493164062,181.35000610351562,181.9875030517578,180.03750610351562,180.41250610351562,9962450
2023-08-11,170.1095733642578,183.22500610351562,184.6875,182.10000610351562,184.125,23866073
2023-08-14,170.24884033203125,183.375,183.97500610351562,180.5625,183.6374969482422,9188486
2023-08-16,172.7207794189453,186.03750610351562,186.4875030517578,182.28750610351562,183.4499969482422,9191471
2023-08-17,169.69178771972656,182.77499389648438,186.60000610351562,181.64999389648438,186.03750610351562,15301142
2023-08-18,167.81173706054688,180.75,182.7375030517578,180.0749969482422,182.7375030517578,12292241
2023-08-21,172.12889099121094,185.39999389648438,185.77499389648438,181.27499389648438,181.72500610351562,9129526
2023-08-22,172.54669189453125,185.85000610351562,187.6125030517578,185.02499389648438,186.0,11107830
2023-08-23,173.800048828125,187.1999969482422,187.5,185.39999389648438,187.5,8487619
2023-08-24,171.50221252441406,184.72500610351562,189.4875030517578,184.35000610351562,187.5,18982087
2023-08-25,168.508056640625,181.5,185.5500030517578,181.0500030517578,184.6125030517578,12851343
2023-08-28,173.0341033935547,186.375,186.75,181.91250610351562,182.25,11908665
2023-08-29,174.8793182373047,188.3625030517578,189.75,186.4499969482422,187.1999969482422,12363321
2023-08-30,172.0592498779297,185.3249969482422,188.6999969482422,184.83749389648438,188.47500610351562,6748007
2023-08-31,170.2836456298828,183.41250610351562,187.1999969482422,182.66250610351562,185.8874969482422,20715819
2023-09-01,175.6104736328125,189.14999389648438,189.4499969482422,183.89999389648438,185.25,13120723
2023-09-04,177.83868408203125,191.5500030517578,192.375,188.10000610351562,190.1999969482422,10240031
2023-09-05,177.07273864746094,190.72500610351562,192.75,189.75,191.47500610351562,10893186
2023-09-06,177.2119903564453,190.875,192.9375,189.1125030517578,192.52499389648438,10018473
2023-09-07,178.9527587890625,192.75,193.27499389648438,189.1125030517578,190.5,13760453
2023-09-08,180.10169982910156,193.9875030517578,195.97500610351562,192.8249969482422,193.6875,16781751
2023-09-11,184.1751251220703,198.375,198.75,193.1999969482422,195.2624969482422,17683806
2023-09-12,177.6065673828125,191.3000030517578,204.25,190.64999389648438,203.0,29826173
2023-09-13,179.3705596923828,193.1999969482422,194.60000610351562,191.3000030517578,193.1999969482422,10692151
2023-09-14,181.18096923828125,195.14999389648438,195.64999389648438,193.6999969482422,194.1999969482422,10941807
2023-09-15,180.2061309814453,194.10000610351562,196.1999969482422,192.1999969482422,196.14999389648438,20516593
2023-09-18,185.7766571044922,200.10000610351562,200.5,194.10000610351562,195.25,25627043
2023-09-20,190.00094604492188,204.64999389648438,205.9499969482422,198.4499969482422,198.6999969482422,33369524
2023-09-21,187.16928100585938,201.60000610351562,205.5500030517578,200.39999389648438,205.0,20332556
2023-09-22,184.89463806152344,199.14999389648438,202.89999389648438,196.39999389648438,200.5500030517578,21193988
2023-09-25,184.6625213623047,198.89999389648438,200.64999389648438,196.6999969482422,200.0,11951847
2023-09-26,184.15191650390625,198.35000610351562,200.0500030517578,197.60000610351562,199.10000610351562,7440011
2023-09-27,185.0803680419922,199.35000610351562,199.60000610351562,197.3000030517578,199.3000030517578,6736870
2023-09-28,186.38011169433594,200.75,204.4499969482422,197.8000030517578,200.10000610351562,50185120
2023-09-29,185.4517059326172,199.75,201.89999389648438,199.10000610351562,200.9499969482422,16293959
2023-10-03,185.26602172851562,199.5500030517578,200.0,196.89999389648438,198.75,10830728
2023-10-04,184.75538635253906,199.0,199.39999389648438,195.39999389648438,198.89999389648438,14120040
2023-10-05,182.52719116210938,196.60000610351562,199.5,195.35000610351562,199.5,14575590
2023-10-06,182.94497680664062,197.0500030517578,197.4499969482422,194.85000610351562,197.0,12857229
2023-10-09,182.20223999023438,196.25,196.89999389648438,193.75,196.5,7853369
2023-10-10,183.7805633544922,197.9499969482422,198.5500030517578,195.6999969482422,196.25,7440527
2023-10-11,184.29119873046875,198.5,199.14999389648438,197.35000610351562,197.35000610351562,10031916
2023-10-12,186.38011169433594,200.75,202.0,197.35000610351562,197.35000610351562,21872719
2023-10-13,187.35498046875,201.8000030517578,202.39999389648438,199.3000030517578,200.4499969482422,13105921
2023-10-16,188.51548767089844,203.0500030517578,203.85000610351562,200.10000610351562,200.3000030517578,18336656
2023-10-17,192.32200622558594,207.14999389648438,209.0,202.60000610351562,203.5500030517578,19378328
2023-10-18,191.7185516357422,206.5,208.4499969482422,204.0,208.4499969482422,14923328
2023-10-19,191.0686492919922,205.8000030517578,207.39999389648438,202.1999969482422,204.0,13192888
2023-10-20,188.32980346679688,202.85000610351562,205.1999969482422,200.89999389648438,205.1999969482422,22081120
2023-10-23,185.4517059326172,199.75,205.14999389648438,199.0,202.0,6988219
2023-10-25,185.21961975097656,199.5,200.4499969482422,197.8000030517578,199.0,16817158
2023-10-26,184.70896911621094,198.9499969482422,200.0,196.3000030517578,198.75,11070090
2023-10-27,186.5657958984375,200.9499969482422,201.8000030517578,199.14999389648438,199.25,9995487
2023-10-30,186.47296142578125,200.85000610351562,202.1999969482422,197.64999389648438,200.9499969482422,7679981
2023-10-31,187.67990112304688,202.14999389648438,202.9499969482422,200.5500030517578,201.5,7474770
2023-11-01,186.5657958984375,200.9499969482422,202.35000610351562,200.5,202.35000610351562,5598615
2023-11-02,188.56192016601562,203.10000610351562,203.64999389648438,200.89999389648438,201.75,12924797
2023-11-03,189.76885986328125,204.39999389648438,206.5,203.10000610351562,203.39999389648438,8684015
2023-11-06,193.29685974121094,208.1999969482422,208.9499969482422,204.9499969482422,205.0,9804415
2023-11-07,193.11117553710938,208.0,209.10000610351562,205.75,208.1999969482422,10730361
2023-11-08,192.18272399902344,207.0,209.60000610351562,206.64999389648438,209.0,7435543
2023-11-09,194.78233337402344,209.8000030517578,210.5,206.10000610351562,207.3000030517578,13777877
2023-11-10,196.03565979003906,211.14999389648438,213.0,209.60000610351562,210.5,12066023
2023-11-13,197.10336303710938,212.3000030517578,215.10000610351562,210.6999969482422,212.0,11352269
2023-11-15,195.1072540283203,210.14999389648438,215.0,209.8000030517578,215.0,19182861
2023-11-16,196.10101318359375,207.1999969482422,208.85000610351562,205.6999969482422,206.6999969482422,27533260
2023-11-17,198.27781677246094,209.5,210.6999969482422,206.89999389648438,207.6999969482422,16705395
2023-11-20,198.08853149414062,209.3000030517578,211.1999969482422,208.85000610351562,210.10000610351562,11156900
2023-11-21,197.7572784423828,208.9499969482422,210.14999389648438,207.9499969482422,210.0,9608081
2023-11-22,200.26531982421875,211.60000610351562,212.60000610351562,208.1999969482422,208.1999969482422,13079580
2023-11-23,199.60281372070312,210.89999389648438,213.10000610351562,209.25,212.0500030517578,11382709
2023-11-24,199.1769256591797,210.4499969482422,212.10000610351562,209.5,211.3000030517578,7250200
2023-11-28,198.94032287597656,210.1999969482422,214.4499969482422,209.5,214.4499969482422,15629209
2023-11-29,199.7447967529297,211.0500030517578,211.4499969482422,209.10000610351562,210.3000030517578,10062023
2023-11-30,197.7572784423828,208.9499969482422,212.8000030517578,208.25,210.39999389648438,60354322
2023-12-01,198.94032287597656,210.1999969482422,212.4499969482422,209.4499969482422,211.5,20719909
2023-12-04,201.4956817626953,212.89999389648438,214.10000610351562,211.6999969482422,211.6999969482422,27914088
2023-12-05,210.39215087890625,222.3000030517578,223.25,211.5500030517578,213.6999969482422,40709207
2023-12-06,212.37966918945312,224.39999389648438,226.25,222.5,226.0,29544730
2023-12-07,217.67970275878906,230.0,232.39999389648438,224.25,225.0,24534268
2023-12-08,216.35470581054688,228.60000610351562,233.39999389648438,226.4499969482422,231.8000030517578,22206320
2023-12-11,218.5788116455078,230.9499969482422,232.89999389648438,226.5500030517578,228.0,19106395
2023-12-12,218.95738220214844,231.35000610351562,233.3000030517578,229.5,230.0,14355329
2023-12-13,224.25743103027344,236.9499969482422,237.5,230.60000610351562,231.0,26878281
2023-12-14,219.66722106933594,232.10000610351562,237.60000610351562,231.10000610351562,237.25,29972018
2023-12-15,224.63600158691406,237.35000610351562,238.10000610351562,227.14999389648438,235.0,41341690
2023-12-18,219.43060302734375,231.85000610351562,236.89999389648438,231.4499969482422,236.89999389648438,29051897
2023-12-19,221.03956604003906,233.5500030517578,234.39999389648438,230.85000610351562,232.14999389648438,12612164
2023-12-20,214.98236083984375,227.14999389648438,235.39999389648438,226.1999969482422,234.9499969482422,20400245
2023-12-21,219.90382385253906,232.35000610351562,233.1999969482422,222.6999969482422,224.4499969482422,17755207
2023-12-22,219.33596801757812,231.75,234.1999969482422,230.5,233.0,9735375
2023-12-26,220.8502655029297,233.35000610351562,235.8000030517578,231.0500030517578,232.0,6772092
2023-12-27,221.5127716064453,234.0500030517578,235.85000610351562,232.5,235.0,10231881
2023-12-28,226.29225158691406,239.10000610351562,239.9499969482422,234.10000610351562,235.10000610351562,39164340
2023-12-29,224.4940185546875,237.1999969482422,238.25,234.75,237.8000030517578,12665999
2024-01-01,225.48779296875,238.25,239.5,236.39999389648438,237.89999389648438,5952776
2024-01-02,225.10922241210938,237.85000610351562,240.10000610351562,236.14999389648438,240.0,9128513
2024-01-03,224.35208129882812,237.0500030517578,238.6999969482422,234.60000610351562,236.0,8284439
2024-01-04,228.51637268066406,241.4499969482422,243.10000610351562,237.0500030517578,238.0,19663959
2024-01-05,228.3270721435547,241.25,245.0,239.3000030517578,242.0,16345257
2024-01-08,229.3681640625,242.35000610351562,245.25,240.39999389648438,242.39999389648438,13585746
2024-01-09,229.3208465576172,242.3000030517578,244.64999389648438,241.5,242.60000610351562,8688409
2024-01-10,226.33956909179688,239.14999389648438,242.10000610351562,238.0,241.0,16872195
2024-01-11,228.9895782470703,241.9499969482422,243.10000610351562,239.1999969482422,240.25,18812468
2024-01-12,226.67080688476562,239.5,242.64999389648438,238.8000030517578,242.5,11296498
2024-01-15,228.232421875,241.14999389648438,241.5,237.0,240.39999389648438,12597366
2024-01-16,226.2449188232422,239.0500030517578,242.39999389648438,237.6999969482422,241.64999389648438,7478450
2024-01-17,226.3868865966797,239.1999969482422,241.1999969482422,237.6999969482422,238.5,13620300
2024-01-18,220.9449005126953,233.4499969482422,235.6999969482422,226.0500030517578,227.25,25522629
2024-01-19,222.79043579101562,235.39999389648438,236.9499969482422,232.39999389648438,235.0,20931080
2024-01-23,225.20384216308594,237.9499969482422,246.8000030517578,236.25,241.0,27492163
2024-01-24,233.01193237304688,246.1999969482422,247.0,235.0,236.14999389648438,28309825
2024-01-25,232.34942626953125,245.5,248.6999969482422,243.10000610351562,244.75,20651484
2024-01-29,240.34678649902344,253.9499969482422,255.0,245.14999389648438,245.4499969482422,26181011
2024-01-30,240.48875427246094,254.10000610351562,256.95001220703125,251.5,254.0,16031367
2024-01-31,245.41021728515625,259.29998779296875,260.0,252.39999389648438,254.0,34369455
2024-02-01,251.56199645996094,265.79998779296875,270.95001220703125,258.29998779296875,259.0,29929092
2024-02-02,262.2567138671875,277.1000061035156,281.3999938964844,263.95001220703125,264.5,33900724
2024-02-05,267.74603271484375,282.8999938964844,289.3999938964844,274.8999938964844,277.5,27440927
2024-02-06,259.5594177246094,274.25,282.8999938964844,272.29998779296875,282.8999938964844,29668277
2024-02-07,253.59686279296875,267.95001220703125,274.3999938964844,266.79998779296875,272.1000061035156,27335466
2024-02-08,261.4049377441406,276.20001220703125,288.04998779296875,270.79998779296875,270.79998779296875,69776717
2024-02-09,258.3763427734375,273.0,279.45001220703125,269.1000061035156,278.6000061035156,24496638
2024-02-12,255.8209228515625,270.29998779296875,276.0,266.25,273.20001220703125,19140023
2024-02-13,255.77365112304688,270.25,270.8500061035156,264.25,270.29998779296875,22031847
2024-02-14,258.99151611328125,273.6499938964844,275.0,267.0,269.5,13546941
2024-02-15,271.0197448730469,281.6499938964844,283.3500061035156,271.3500061035156,272.0,25475670
2024-02-16,264.1877136230469,274.54998779296875,282.8999938964844,273.29998779296875,282.0,25129188
2024-02-19,265.9197998046875,276.3500061035156,278.29998779296875,273.29998779296875,275.1000061035156,11429901
2024-02-20,277.0338439941406,287.8999938964844,288.75,277.70001220703125,278.3500061035156,43053543
2024-02-21,269.52825927734375,280.1000061035156,289.45001220703125,279.25,287.54998779296875,24651085
2024-02-22,271.93389892578125,282.6000061035156,283.5,273.25,280.1000061035156,26793590
2024-02-23,271.3084411621094,281.95001220703125,285.20001220703125,279.0,282.54998779296875,14313526
2024-02-26,276.9375915527344,287.79998779296875,291.5,282.04998779296875,282.95001220703125,31012494
2024-02-27,281.46026611328125,292.5,293.3999938964844,284.1000061035156,284.1000061035156,36510093
2024-02-28,268.9989929199219,279.54998779296875,293.6499938964844,278.3999938964844,291.5,18824161
2024-02-29,272.1744689941406,282.8500061035156,285.0,274.3999938964844,279.6000061035156,35043015
2024-03-01,276.8414001464844,287.70001220703125,289.3999938964844,284.6000061035156,285.0,15149735
2024-03-04,283.529052734375,294.6499938964844,297.0,288.0,288.0,23131460
2024-03-05,283.8658752441406,295.0,295.45001220703125,289.75,292.04998779296875,13220556
2024-03-06,282.6149597167969,293.70001220703125,294.8999938964844,286.5,290.29998779296875,15969436
2024-03-07,281.60455322265625,292.6499938964844,298.8999938964844,291.0,294.0,14908694
2024-03-11,274.77252197265625,285.54998779296875,291.95001220703125,284.3999938964844,288.3999938964844,19020659
2024-03-12,274.3876647949219,285.1499938964844,288.6499938964844,282.75,284.8999938964844,17906155
2024-03-13,254.3245849609375,264.29998779296875,283.8999938964844,261.79998779296875,283.29998779296875,39389523
2024-03-14,256.29718017578125,266.3500061035156,268.3999938964844,260.70001220703125,264.04998779296875,26005940
2024-03-15,255.91233825683594,265.95001220703125,272.0,257.6499938964844,268.1000061035156,43817794
2024-03-18,254.9019012451172,264.8999938964844,266.6499938964844,259.5,265.95001220703125,12423655
2024-03-19,249.22462463378906,259.0,266.5,258.29998779296875,262.1499938964844,20031514
2024-03-20,254.66134643554688,264.6499938964844,265.1499938964844,258.95001220703125,259.95001220703125,11308487
2024-03-21,263.4178771972656,273.75,274.5,267.1000061035156,267.79998779296875,23559105
2024-03-22,265.3424377441406,275.75,278.25,271.3500061035156,273.75,22097588
2024-03-26,259.8575439453125,270.04998779296875,274.1000061035156,266.1000061035156,270.1000061035156,28477120
2024-03-27,260.0500183105469,270.25,272.79998779296875,269.20001220703125,271.0,18094214
2024-03-28,266.44903564453125,276.8999938964844,279.5,271.6499938964844,272.0,26646830
2024-04-01,269.5763854980469,280.1499938964844,281.6000061035156,277.6499938964844,280.75,8945400
2024-04-02,268.9989929199219,279.54998779296875,281.70001220703125,278.5,279.25,13229425
2024-04-03,269.52825927734375,280.1000061035156,283.1000061035156,278.54998779296875,280.1499938964844,14499308
2024-04-04,267.1707458496094,277.6499938964844,286.70001220703125,275.04998779296875,282.79998779296875,23722104
2024-04-05,267.89239501953125,278.3999938964844,279.95001220703125,275.1499938964844,279.95001220703125,9308711
2024-04-08,271.115966796875,281.75,284.20001220703125,279.04998779296875,280.54998779296875,14473340
2024-04-09,270.58673095703125,281.20001220703125,284.3500061035156,281.0,282.8500061035156,5780865
2024-04-10,271.8857421875,282.54998779296875,285.3500061035156,280.0,280.0,8809693
2024-04-12,264.8612976074219,275.25,284.45001220703125,274.6499938964844,281.5,17731780
2024-04-15,263.7065734863281,274.04998779296875,276.20001220703125,268.3999938964844,270.25,13378690
2024-04-16,263.8990478515625,274.25,275.54998779296875,271.25,273.0,9662195
2024-04-18,269.52825927734375,280.1000061035156,289.8999938964844,277.70001220703125,287.8999938964844,51039603
2024-04-19,271.0197448730469,281.6499938964844,282.25,274.70001220703125,278.1000061035156,18755469
2024-04-22,272.9442443847656,283.6499938964844,284.70001220703125,281.70001220703125,284.0,14965203
2024-04-23,274.5801086425781,285.3500061035156,287.1499938964844,280.70001220703125,283.6499938964844,11464036
2024-04-24,279.4394836425781,290.3999938964844,291.8500061035156,284.3999938964844,285.0,19324163
2024-04-25,282.2300109863281,293.29998779296875,294.5,289.25,292.0,22022414
2024-04-26,281.21966552734375,292.25,296.1499938964844,291.45001220703125,294.25,15581578
2024-04-29,282.6149597167969,293.70001220703125,294.6000061035156,289.6000061035156,292.29998779296875,9804396
2024-04-30,290.4573669433594,301.8500061035156,304.3500061035156,293.04998779296875,293.70001220703125,33288857
2024-05-02,301.76385498046875,313.6000061035156,317.25,301.8500061035156,301.95001220703125,44059506
2024-05-03,299.1176452636719,310.8500061035156,316.1000061035156,308.25,312.0,27074447
2024-05-06,295.2686462402344,306.8500061035156,310.79998779296875,303.1000061035156,310.20001220703125,16855909
2024-05-07,284.1064453125,295.25,308.29998779296875,294.5,307.0,13857464
2024-05-08,290.6016540527344,302.0,302.8500061035156,292.0,292.0,18754452
2024-05-09,284.97247314453125,296.1499938964844,304.3500061035156,295.25,302.75,11196567
2024-05-10,292.28558349609375,303.75,304.45001220703125,296.25,296.25,11786977
2024-05-13,294.9799499511719,306.54998779296875,307.6499938964844,297.6000061035156,304.20001220703125,11710605
2024-05-14,297.5780334472656,309.25,313.0,307.75,308.0,9957875
2024-05-15,302.9666748046875,314.8500061035156,316.29998779296875,308.8500061035156,310.0,11397656
2024-05-16,300.70538330078125,312.5,315.6000061035156,305.29998779296875,314.5,19843532
2024-05-17,301.3308410644531,313.1499938964844,316.0,310.75,314.8999938964844,9069551
2024-05-21,313.3590393066406,325.6499938964844,327.45001220703125,311.0,311.0,21976662
2024-05-22,313.4552917480469,325.75,327.75,320.20001220703125,327.75,10287081
2024-05-23,307.8260498046875,319.8999938964844,320.70001220703125,309.0,319.45001220703125,35705284
2024-05-24,306.7676086425781,318.79998779296875,322.95001220703125,317.3999938964844,318.0,15058182
2024-05-27,305.94970703125,317.95001220703125,321.5,314.5,321.5,12857918
2024-05-28,300.9940185546875,312.79998779296875,319.5,312.0,319.0,10935739
2024-05-29,305.7091064453125,317.70001220703125,318.70001220703125,309.1000061035156,309.1000061035156,16812268
2024-05-30,295.1242980957031,306.70001220703125,317.6499938964844,303.79998779296875,314.6000061035156,22768893
2024-05-31,298.29974365234375,310.0,311.5,305.70001220703125,308.54998779296875,36929443
2024-06-03,324.9061584472656,337.6499938964844,348.70001220703125,325.6000061035156,335.0,55218939
2024-06-04,284.780029296875,295.95001220703125,334.95001220703125,279.75,334.95001220703125,73262478
2024-06-05,287.52239990234375,298.79998779296875,301.04998779296875,279.20001220703125,296.29998779296875,45312613
2024-06-06,289.11016845703125,300.45001220703125,311.45001220703125,298.1000061035156,303.3999938964844,36508044
2024-06-07,297.67425537109375,309.3500061035156,310.6499938964844,296.79998779296875,298.04998779296875,38016104
2024-06-10,303.88079833984375,315.79998779296875,323.3500061035156,311.6000061035156,313.0,25478964
2024-06-11,304.6025085449219,316.54998779296875,319.70001220703125,315.1499938964844,316.20001220703125,12238518
2024-06-12,312.39678955078125,324.6499938964844,327.1000061035156,316.8999938964844,319.8999938964844,20346144
2024-06-13,309.3175964355469,321.45001220703125,327.95001220703125,320.6499938964844,327.0,11756503
2024-06-14,309.3656921386719,321.5,326.0,319.3500061035156,326.0,14159988
2024-06-18,319.27691650390625,331.79998779296875,332.5,322.0,322.0,21653702
2024-06-19,314.9467468261719,327.29998779296875,334.8500061035156,325.3999938964844,334.0,14235150
2024-06-20,312.3005676269531,324.54998779296875,328.29998779296875,322.29998779296875,327.5,11749507
2024-06-21,313.6477355957031,325.95001220703125,329.6000061035156,323.0,326.70001220703125,17209541
2024-06-24,320.3835754394531,332.95001220703125,334.0,322.54998779296875,323.1000061035156,18044357
2024-06-25,315.04296875,327.3999938964844,335.0,325.79998779296875,335.0,13979671
2024-06-26,314.36944580078125,326.70001220703125,330.20001220703125,324.95001220703125,325.70001220703125,12946277
2024-06-27,319.036376953125,331.54998779296875,332.5,324.3500061035156,328.54998779296875,27061015
2024-06-28,318.4590148925781,330.95001220703125,337.3500061035156,329.6000061035156,333.0,21676594
2024-07-01,317.15997314453125,329.6000061035156,331.75,325.25,331.0,11959181
2024-07-02,318.3146667480469,330.79998779296875,334.3999938964844,328.04998779296875,330.04998779296875,12684459
2024-07-03,322.5005187988281,335.1499938964844,336.8999938964844,329.1000061035156,331.1000061035156,9369793
2024-07-04,322.3561706542969,335.0,338.70001220703125,333.8999938964844,337.0,12878827
2024-07-05,326.590087890625,339.3999938964844,339.8999938964844,332.8500061035156,335.0,10894118
2024-07-08,326.590087890625,339.3999938964844,341.0,336.8500061035156,341.0,7828162
2024-07-09,328.2740173339844,341.1499938964844,342.3500061035156,338.1000061035156,340.0,9214579
2024-07-10,332.9891052246094,346.04998779296875,347.79998779296875,335.5,343.0,10662609
2024-07-11,329.86175537109375,342.79998779296875,348.75,342.0,348.5,12642065
2024-07-12,330.15045166015625,343.1000061035156,345.8999938964844,340.1000061035156,342.79998779296875,11380570
2024-07-15,330.8721618652344,343.8500061035156,345.3999938964844,340.20001220703125,345.3999938964844,5277531
2024-07-16,329.5249938964844,342.45001220703125,347.0,341.5,342.75,11363095
2024-07-18,328.3702697753906,341.25,344.70001220703125,336.95001220703125,342.0,13908161
2024-07-19,319.661865234375,332.20001220703125,341.8500061035156,331.0,339.54998779296875,12937990
2024-07-22,325.8203125,338.6000061035156,339.3999938964844,329.5,330.0,10678640
2024-07-23,321.6344299316406,334.25,340.5,321.1000061035156,339.1000061035156,15954324
2024-07-24,324.4250183105469,337.1499938964844,338.79998779296875,330.29998779296875,330.8999938964844,12573882
2024-07-25,326.6382141113281,339.45001220703125,342.6000061035156,330.45001220703125,330.45001220703125,16271884
2024-07-26,331.2089538574219,344.20001220703125,345.54998779296875,338.5,340.3500061035156,11468068
2024-07-29,329.42877197265625,342.3500061035156,345.8999938964844,337.75,339.79998779296875,31849674
2024-07-30,336.5975646972656,349.79998779296875,356.95001220703125,343.29998779296875,345.0,25813219
2024-07-31,335.0579528808594,348.20001220703125,350.6499938964844,342.6000061035156,348.25,17976593
2024-08-01,347.4710693359375,361.1000061035156,362.5,350.1499938964844,351.1499938964844,26792459
2024-08-02,344.7286682128906,358.25,361.04998779296875,354.0,358.0,13771470
2024-08-05,329.86175537109375,342.79998779296875,354.79998779296875,341.5,352.75,13566586
2024-08-06,327.8891296386719,340.75,350.79998779296875,339.25,342.79998779296875,12273667
2024-08-07,338.76263427734375,352.04998779296875,352.54998779296875,343.3999938964844,345.8500061035156,12441847
2024-08-08,329.7174377441406,342.6499938964844,355.0,341.25,355.0,15489731
2024-08-09,332.9410095214844,346.0,348.95001220703125,344.29998779296875,347.8999938964844,8720610
2024-08-12,328.2740173339844,341.1499938964844,343.79998779296875,339.5,343.0,12521136
2024-08-13,324.23260498046875,336.95001220703125,342.45001220703125,335.1499938964844,337.0,10435954
2024-08-14,320.91278076171875,333.5,338.3500061035156,332.5,337.0,12385993
2024-08-16,328.5293273925781,338.6000061035156,339.54998779296875,330.6000061035156,333.0,13013828
2024-08-19,330.1787414550781,340.29998779296875,343.29998779296875,339.29998779296875,342.6499938964844,5891370
2024-08-20,330.372802734375,340.5,342.6499938964844,338.79998779296875,340.45001220703125,6393840
2024-08-21,326.6372985839844,336.6499938964844,340.95001220703125,336.1499938964844,340.0,10118601
2024-08-22,324.06610107421875,334.0,337.70001220703125,330.5,336.0,18370039
2024-08-23,326.24920654296875,336.25,336.95001220703125,333.3500061035156,334.6499938964844,7494822
2024-08-26,328.1897277832031,338.25,341.5,335.8500061035156,336.45001220703125,7993675
2024-08-27,325.3759765625,335.3500061035156,341.45001220703125,335.0,339.0,9589690
2024-08-28,324.50274658203125,334.45001220703125,338.8999938964844,333.75,335.3500061035156,8790600
2024-08-29,323.3869323730469,333.29998779296875,335.8999938964844,328.79998779296875,332.5,17653536
2024-08-30,327.364990234375,337.3999938964844,340.8500061035156,334.04998779296875,335.0,22713812
2024-09-02,325.57000732421875,335.54998779296875,339.8999938964844,334.20001220703125,338.3999938964844,9789776
2024-09-03,324.6968078613281,334.6499938964844,337.95001220703125,334.0,336.0,8434423
2024-09-04,322.99884033203125,332.8999938964844,334.70001220703125,331.0,331.20001220703125,9025610
2024-09-05,321.3979187011719,331.25,334.29998779296875,329.6000061035156,332.3500061035156,13912371
2024-09-06,319.99102783203125,329.79998779296875,333.1000061035156,325.0,333.04998779296875,23755639
2024-09-09,318.7781982421875,328.54998779296875,329.20001220703125,323.54998779296875,327.70001220703125,18597200
2024-09-10,324.2116394042969,334.1499938964844,335.29998779296875,327.0,327.0,15472387
2024-09-11,323.2899475097656,333.20001220703125,337.25,332.0,336.8999938964844,10134008
2024-09-12,328.1412353515625,338.20001220703125,339.0,333.25,334.8500061035156,18410837
2024-09-13,327.2194519042969,337.25,341.25,336.1000061035156,339.79998779296875,10417461
2024-09-16,328.1897277832031,338.25,341.5,337.04998779296875,337.25,7748570
2024-09-17,326.8798828125,336.8999938964844,340.0,334.5,336.70001220703125,11451846
2024-09-18,324.357177734375,334.29998779296875,338.8999938964844,333.1000061035156,338.5,6583254
2024-09-19,324.9393615722656,334.8999938964844,338.3500061035156,333.1000061035156,336.20001220703125,10589610
2024-09-20,330.7123718261719,340.8500061035156,342.95001220703125,334.75,338.1499938964844,31236123
2024-09-23,331.0034484863281,341.1499938964844,342.5,340.25,342.0,6542941
2024-09-24,339.6387634277344,350.04998779296875,351.0,342.3500061035156,344.54998779296875,26145769
2024-09-25,352.9313049316406,363.75,366.25,352.3500061035156,353.8500061035156,40770462
2024-09-26,354.58074951171875,365.45001220703125,366.1000061035156,357.20001220703125,364.04998779296875,18733959
2024-09-27,343.7138671875,354.25,363.29998779296875,353.3500061035156,362.20001220703125,33148043
2024-09-30,342.3554992675781,352.8500061035156,357.45001220703125,349.70001220703125,354.25,16356171
2024-10-01,340.366455078125,350.79998779296875,356.0,349.95001220703125,351.1000061035156,9856291
2024-10-03,333.9142150878906,344.1499938964844,349.8999938964844,342.6000061035156,343.0,19350466
2024-10-04,328.7718811035156,338.8500061035156,347.45001220703125,337.75,343.0,20121706
2024-10-07,319.16632080078125,328.95001220703125,340.0,325.0,340.0,13851446
2024-10-08,317.41986083984375,327.1499938964844,331.0,322.3500061035156,327.29998779296875,21148292
2024-10-09,319.9425354003906,329.75,331.79998779296875,325.5,327.0,9228363
2024-10-10,324.4057312011719,334.3500061035156,338.1000061035156,330.1000061035156,330.20001220703125,20773976
2024-10-11,320.23358154296875,330.04998779296875,335.3500061035156,329.5,334.45001220703125,6098468
2024-10-14,320.8642578125,330.70001220703125,331.5,327.79998779296875,330.04998779296875,5944216
2024-10-15,320.03955078125,329.8500061035156,333.45001220703125,327.5,333.45001220703125,12415489
2024-10-16,317.4683837890625,327.20001220703125,332.6499938964844,324.95001220703125,331.70001220703125,22085298
2024-10-17,321.3009033203125,331.1499938964844,331.8999938964844,324.6000061035156,328.5,17039729
2024-10-18,322.1741027832031,332.04998779296875,333.8500061035156,328.25,331.5,10569021
2024-10-21,321.3009033203125,331.1499938964844,333.75,329.45001220703125,333.0,8745904
2024-10-22,313.1507263183594,322.75,335.6499938964844,321.04998779296875,332.8999938964844,11219831
2024-10-23,307.4747009277344,316.8999938964844,321.8999938964844,313.8500061035156,319.20001220703125,12541589
2024-10-24,309.65777587890625,319.1499938964844,320.79998779296875,315.25,315.25,8327779
2024-10-25,306.40740966796875,315.79998779296875,321.5,313.25,321.5,12979410
2024-10-28,308.8330383300781,318.29998779296875,320.45001220703125,310.75,314.5,9610615
2024-10-29,311.01617431640625,320.54998779296875,321.20001220703125,314.1499938964844,316.1000061035156,15856332
2024-10-30,308.9786071777344,318.45001220703125,325.3999938964844,316.75,318.54998779296875,14498110
2024-10-31,311.2586975097656,320.79998779296875,322.70001220703125,317.8500061035156,320.3999938964844,9900390
2024-11-01,312.4715270996094,322.04998779296875,322.70001220703125,320.0,322.45001220703125,847672
2024-11-04,306.06787109375,315.45001220703125,324.70001220703125,311.6000061035156,324.54998779296875,9249409
2024-11-05,307.1836242675781,316.6000061035156,317.70001220703125,312.0,312.3500061035156,7518195
2024-11-06,309.027099609375,318.5,320.3500061035156,313.8999938964844,317.3999938964844,11019250
2024-11-07,303.6422119140625,312.95001220703125,319.0,311.70001220703125,319.0,14504208
2024-11-08,306.84405517578125,316.25,317.54998779296875,308.70001220703125,311.8500061035156,15740539
2024-11-11,319.99102783203125,329.79998779296875,332.3999938964844,312.79998779296875,313.54998779296875,22838987
2024-11-12,313.1022033691406,322.70001220703125,332.5,321.79998779296875,331.5,12069181
2024-11-13,308.5419921875,318.0,324.6000061035156,317.1499938964844,322.6499938964844,12918639
2024-11-14,307.1641540527344,312.1000061035156,318.79998779296875,310.6000061035156,315.1000061035156,12500377
2024-11-18,307.1148986816406,312.04998779296875,315.54998779296875,310.1000061035156,314.0,9408101
2024-11-19,310.0674743652344,315.04998779296875,318.25,312.25,313.04998779296875,13157158
2024-11-21,320.7458801269531,325.8999938964844,326.75,313.0,316.0,25406386
2024-11-22,331.62115478515625,336.95001220703125,337.6000061035156,324.0,325.79998779296875,31523269
2024-11-25,337.32940673828125,342.75,345.3999938964844,336.1499938964844,341.8500061035156,29419152
2024-11-26,333.4418640136719,338.79998779296875,344.6000061035156,337.8999938964844,342.0,13997179
2024-11-27,333.8847351074219,339.25,341.29998779296875,336.5,337.25,12177260
2024-11-28,328.3733215332031,333.6499938964844,341.75,332.20001220703125,339.25,16920231
2024-11-29,324.1905517578125,329.3999938964844,332.5,326.5,331.3500061035156,13890537
2024-12-02,322.6650695800781,327.8500061035156,331.95001220703125,326.20001220703125,328.1499938964844,16003524
2024-12-03,324.43658447265625,329.6499938964844,331.3500061035156,324.25,324.25,23174488
2024-12-04,319.9093017578125,325.04998779296875,331.25,321.1000061035156,329.04998779296875,17880011
2024-12-05,323.1571350097656,328.3500061035156,330.45001220703125,319.54998779296875,325.0,19785053
2024-12-06,323.69842529296875,328.8999938964844,332.75,326.70001220703125,327.1000061035156,8802058
2024-12-09,323.895263671875,329.1000061035156,330.6499938964844,326.70001220703125,327.75,9376929
2024-12-10,322.7142639160156,327.8999938964844,331.8500061035156,325.3500061035156,331.8500061035156,14994365
2024-12-11,322.3697814941406,327.54998779296875,329.0,326.8500061035156,327.25,5013051
2024-12-12,323.9936828613281,329.20001220703125,329.8999938964844,325.8500061035156,328.0,10414162
2024-12-13,328.5701599121094,333.8500061035156,334.29998779296875,325.04998779296875,330.6499938964844,14973536
2024-12-16,329.70196533203125,335.0,336.25,331.6000061035156,333.8500061035156,12695136
2024-12-17,324.5841979980469,329.79998779296875,335.54998779296875,328.0,332.5,17360248
2024-12-18,316.46466064453125,321.54998779296875,329.1000061035156,320.6499938964844,328.0,15037099
2024-12-19,316.5630798339844,321.6499938964844,323.8500061035156,316.8500061035156,318.0,10234715
2024-12-20,310.80560302734375,315.79998779296875,325.6000061035156,313.6000061035156,321.29998779296875,13973399
2024-12-23,310.3135070800781,315.29998779296875,318.29998779296875,311.54998779296875,318.0,5984169
2024-12-24,305.1957702636719,310.1000061035156,316.6499938964844,308.75,314.1000061035156,4833589
2024-12-26,305.392578125,310.29998779296875,313.1000061035156,308.75,310.1000061035156,3775101
2024-12-27,304.5068054199219,309.3999938964844,312.29998779296875,308.79998779296875,310.75,3981693
2024-12-30,302.6860656738281,307.54998779296875,312.0,306.29998779296875,309.0,12489142
2024-12-31,303.8179016113281,308.70001220703125,309.75,305.1499938964844,307.3500061035156,8402716
2025-01-01,305.4909973144531,310.3999938964844,311.3500061035156,305.8999938964844,308.70001220703125,4239498
2025-01-02,310.1658935546875,315.1499938964844,317.20001220703125,308.75,309.8500061035156,10766571
2025-01-03,311.0516357421875,316.04998779296875,318.0,313.6499938964844,316.3500061035156,7636948
2025-01-06,301.16058349609375,306.0,316.5,304.79998779296875,315.79998779296875,6722495
2025-01-07,300.2256164550781,305.04998779296875,310.70001220703125,303.0,306.0,10137739
2025-01-08,301.8003234863281,306.6499938964844,307.8500061035156,303.0,306.1499938964844,6907996
2025-01-09,300.4224548339844,305.25,306.8999938964844,303.6499938964844,306.6499938964844,8244909
2025-01-10,294.9602355957031,299.70001220703125,305.25,298.5,304.04998779296875,6540783
2025-01-13,283.0516052246094,287.6000061035156,298.54998779296875,286.75,295.0,19474228
2025-01-14,285.6596984863281,290.25,293.04998779296875,286.79998779296875,287.75,15954608
2025-01-15,293.92681884765625,298.6499938964844,302.5,291.1000061035156,295.0,12198882
2025-01-16,292.9426574707031,297.6499938964844,301.6000061035156,296.6000061035156,299.0,11694289
2025-01-17,297.81439208984375,302.6000061035156,305.0,295.70001220703125,297.6499938964844,7593230
2025-01-20,301.4066467285156,306.25,308.79998779296875,301.95001220703125,302.6000061035156,9435937
2025-01-21,297.5683288574219,302.3500061035156,309.95001220703125,301.5,307.0,13911546
2025-01-22,292.84423828125,297.54998779296875,302.29998779296875,295.79998779296875,302.0,9723333
2025-01-23,289.6948547363281,294.3500061035156,299.6000061035156,293.6000061035156,297.5,12228286
2025-01-24,291.171142578125,295.8500061035156,302.5,294.3500061035156,295.29998779296875,11142914
2025-01-27,282.4610900878906,287.0,295.0,283.75,295.0,13477947
2025-01-28,279.4593200683594,283.95001220703125,288.79998779296875,279.3500061035156,287.1499938964844,11298068
2025-01-29,283.2976379394531,287.8500061035156,289.1499938964844,283.29998779296875,285.3500061035156,4800024
2025-01-30,290.6790466308594,295.3500061035156,297.1000061035156,287.8500061035156,287.8500061035156,10969499
2025-01-31,296.87939453125,301.6499938964844,303.45001220703125,295.8999938964844,297.0,14141459
2025-02-01,285.2660217285156,289.8500061035156,305.3500061035156,288.6499938964844,301.6499938964844,6945157
2025-02-03,279.3116760253906,283.79998779296875,292.0,278.0,290.0,14978897
2025-02-04,281.1324157714844,285.6499938964844,286.3999938964844,272.1000061035156,281.0,19836427
2025-02-05,280.6895751953125,285.20001220703125,290.75,284.54998779296875,285.6000061035156,15337191
2025-02-06,276.70361328125,281.1499938964844,290.95001220703125,279.75,287.5,21418561
2025-02-07,276.9525146484375,278.1499938964844,281.8999938964844,270.0,273.1000061035156,17193482
2025-02-10,267.543212890625,268.70001220703125,276.0,268.1000061035156,275.0,16709670
2025-02-11,260.3244323730469,261.45001220703125,268.79998779296875,260.0,268.70001220703125,22083955
2025-02-12,255.943359375,257.04998779296875,262.1000061035156,254.0,259.5,17861265
2025-02-13,258.0343322753906,259.1499938964844,261.3500061035156,256.1000061035156,257.25,12257226
2025-02-14,256.2420959472656,257.3500061035156,261.5,254.75,260.3999938964844,11339563
2025-02-17,262.06689453125,263.20001220703125,264.0,252.1999969482422,256.8999938964844,8332653
2025-02-18,265.8007507324219,266.95001220703125,267.8999938964844,260.20001220703125,263.8500061035156,10483635
2025-02-19,261.9175109863281,263.04998779296875,268.5,262.29998779296875,262.5,14602009
2025-02-20,264.6059265136719,265.75,266.45001220703125,261.29998779296875,262.75,15312926
2025-02-21,260.7724914550781,261.8999938964844,265.75,259.3999938964844,265.29998779296875,10757038
2025-02-24,258.0343322753906,259.1499938964844,261.79998779296875,257.25,258.0,14599185
2025-02-25,254.6489715576172,255.75,259.95001220703125,254.89999389648438,258.79998779296875,21287363
2025-02-27,255.1468048095703,256.25,257.45001220703125,253.4499969482422,254.0,13614799
2025-02-28,249.7700653076172,250.85000610351562,257.0,247.3000030517578,255.89999389648438,38512868
2025-03-03,251.41294860839844,252.5,253.8000030517578,248.5,253.0,9873539
2025-03-04,252.906494140625,254.0,257.1499938964844,249.4499969482422,250.0,11947033
2025-03-05,263.26171875,264.3999938964844,267.20001220703125,255.75,256.95001220703125,14536637
2025-03-06,265.5020446777344,266.6499938964844,267.29998779296875,260.70001220703125,265.1499938964844,11926868
2025-03-07,262.16644287109375,263.29998779296875,268.6499938964844,261.6000061035156,266.0,10043068
2025-03-10,270.13201904296875,271.29998779296875,274.25,261.04998779296875,261.04998779296875,30233763
2025-03-11,266.14923095703125,267.29998779296875,271.8500061035156,265.8500061035156,270.0,9255499
2025-03-12,265.9501037597656,267.1000061035156,272.3999938964844,263.6000061035156,270.70001220703125,11875548
2025-03-13,266.49774169921875,267.6499938964844,270.6499938964844,265.5,269.79998779296875,9270442
2025-03-17,266.19903564453125,267.3500061035156,270.6499938964844,264.95001220703125,270.0,11987667
2025-03-18,266.19903564453125,267.3500061035156,267.3500061035156,267.3500061035156,267.3500061035156,0
2025-03-19,276.0066223144531,277.20001220703125,278.29998779296875,269.79998779296875,272.0,13089950
2025-03-20,279.14306640625,280.3500061035156,283.54998779296875,277.04998779296875,283.5,13710249
2025-03-21,281.8812255859375,283.1000061035156,285.1499938964844,280.04998779296875,281.0,26003527
2025-03-24,290.59356689453125,291.8500061035156,293.95001220703125,284.45001220703125,285.0,19966817
2025-03-25,289.7472229003906,291.0,295.25,287.6499938964844,291.0,16983852
2025-03-26,289.5978698730469,290.8500061035156,296.75,289.54998779296875,291.70001220703125,20367015
2025-03-27,294.22784423828125,295.5,297.25,289.0,289.0,37203166
2025-03-28,289.1000061035156,290.3500061035156,294.25,288.29998779296875,293.8999938964844,10834900
2025-04-01,288.05450439453125,289.29998779296875,296.95001220703125,287.0,289.6000061035156,11603556
2025-04-02,285.5155029296875,286.75,289.75,284.5,286.8500061035156,11679536
2025-04-03,297.8123474121094,299.1000061035156,299.95001220703125,285.1000061035156,289.3500061035156,23478876
2025-04-04,292.63470458984375,293.8999938964844,300.8999938964844,292.1000061035156,300.0,21020875
2025-04-07,288.1540832519531,289.3999938964844,293.8999938964844,282.29998779296875,283.6000061035156,22847548
2025-04-08,287.7060546875,288.95001220703125,294.0,284.6499938964844,291.95001220703125,20831596
2025-04-09,292.1368713378906,293.3999938964844,299.5,289.29998779296875,289.95001220703125,21342531
2025-04-11,302.79083251953125,304.1000061035156,305.0,293.25,293.25,19831004
2025-04-15,303.2388610839844,304.54998779296875,310.45001220703125,303.70001220703125,307.20001220703125,16563441
2025-04-16,304.4337158203125,305.75,307.0,302.79998779296875,304.45001220703125,7032401
2025-04-17,307.6697082519531,309.0,309.79998779296875,302.0,305.45001220703125,8528993
2025-04-21,318.62237548828125,320.0,322.0,308.45001220703125,310.0,13369014
2025-04-22,311.20440673828125,312.54998779296875,319.75,312.1000061035156,319.75,10027268
2025-04-23,313.5941162109375,314.95001220703125,316.1000061035156,309.45001220703125,314.1499938964844,8225575
2025-04-24,313.04644775390625,314.3999938964844,315.8500061035156,312.8500061035156,314.8999938964844,8021180
2025-04-25,305.18048095703125,306.5,315.3999938964844,303.3999938964844,313.0,11475773
2025-04-28,307.2216491699219,308.54998779296875,310.95001220703125,303.54998779296875,304.20001220703125,7314824
2025-04-29,301.6457824707031,302.95001220703125,310.79998779296875,301.20001220703125,308.54998779296875,14678005
2025-04-30,306.12640380859375,307.45001220703125,310.0,301.8999938964844,304.45001220703125,17619987
2025-05-02,301.7453308105469,303.04998779296875,309.0,302.29998779296875,305.5,5688285
2025-05-05,306.8731689453125,308.20001220703125,310.70001220703125,304.6499938964844,304.79998779296875,4342960
2025-05-06,306.2757568359375,307.6000061035156,310.45001220703125,305.54998779296875,307.6000061035156,9124804
2025-05-07,309.76068115234375,311.1000061035156,313.1499938964844,307.0,308.0,14679327
2025-05-08,306.9229431152344,308.25,317.3999938964844,304.0,313.3999938964844,19253478
2025-05-09,298.011474609375,299.29998779296875,303.04998779296875,296.3999938964844,300.0,11981497
2025-05-12,307.719482421875,309.04998779296875,311.1000061035156,304.04998779296875,304.04998779296875,7145884
2025-05-13,297.1651611328125,298.45001220703125,308.75,298.0,305.0,17988336
2025-05-14,294.6759033203125,295.95001220703125,300.54998779296875,294.04998779296875,299.20001220703125,10359258
2025-05-15,298.3599548339844,299.6499938964844,300.3999938964844,291.04998779296875,295.8999938964844,22640626
2025-05-16,298.9076232910156,300.20001220703125,302.20001220703125,295.5,300.0,16763668
2025-05-19,302.74102783203125,304.04998779296875,304.5,299.0,302.0,12575289
2025-05-20,296.61749267578125,297.8999938964844,305.29998779296875,297.1000061035156,304.3999938964844,21339095
2025-05-21,294.8750305175781,296.1499938964844,302.25,295.6499938964844,297.75,11997632
2025-05-22,289.64764404296875,290.8999938964844,296.3500061035156,286.54998779296875,295.8999938964844,26158839
2025-05-23,296.816650390625,298.1000061035156,298.75,291.75,292.0,9872024
2025-05-26,295.42266845703125,296.70001220703125,303.79998779296875,295.75,300.04998779296875,16469130
2025-05-27,293.28192138671875,294.54998779296875,297.6000061035156,292.20001220703125,297.0,17074710
2025-05-28,289.89654541015625,291.1499938964844,295.6499938964844,290.5,294.54998779296875,10099453
2025-05-29,291.8381652832031,293.1000061035156,293.8999938964844,291.3500061035156,291.3500061035156,9773818
2025-05-30,288.5025939941406,289.75,294.6499938964844,288.25,292.0,21788566
2025-06-02,291.7883605957031,293.04998779296875,293.6499938964844,288.3999938964844,290.29998779296875,7255782
2025-06-03,287.009033203125,288.25,295.3999938964844,287.75,292.5,10989055
2025-06-04,287.3077392578125,288.54998779296875,289.79998779296875,287.04998779296875,288.25,8580196
2025-06-05,292.98321533203125,294.25,295.25,290.1000061035156,291.0,13110486
2025-06-06,294.5265197753906,295.79998779296875,297.0,292.95001220703125,293.54998779296875,7935393
2025-06-09,299.206298828125,300.5,301.1499938964844,296.1499938964844,298.0,8666186
2025-06-10,299.7539367675781,301.04998779296875,301.79998779296875,298.25,300.54998779296875,7273892
2025-06-11,294.1780700683594,295.45001220703125,301.3999938964844,294.0,301.1000061035156,10941604
2025-06-12,287.7558288574219,289.0,295.79998779296875,288.5,295.1499938964844,14071159
2025-06-13,284.2708740234375,285.5,286.45001220703125,281.79998779296875,282.54998779296875,16028417
2025-06-16,287.4073181152344,288.6499938964844,290.5,286.29998779296875,287.95001220703125,11067299
2025-06-17,287.3077392578125,288.54998779296875,290.45001220703125,287.20001220703125,288.6499938964844,7286868
2025-06-18,286.0631408691406,287.29998779296875,288.29998779296875,285.5,287.5,11904855
2025-06-19,285.216796875,286.45001220703125,287.6499938964844,285.29998779296875,286.79998779296875,13573824
2025-06-20,291.8381652832031,293.1000061035156,294.5,285.04998779296875,285.54998779296875,33014151
2025-06-23,289.00042724609375,290.25,293.45001220703125,288.1000061035156,291.3999938964844,6833477
2025-06-24,284.7189636230469,285.95001220703125,294.70001220703125,285.3500061035156,293.45001220703125,15007849
2025-06-25,289.1995849609375,290.45001220703125,291.1000061035156,286.5,286.5,10838516
2025-06-26,292.2364501953125,293.5,294.25,289.75,290.79998779296875,10232220
2025-06-27,297.9617004394531,299.25,300.70001220703125,294.1499938964844,295.0,15523628
2025-06-30,298.60888671875,299.8999938964844,301.0,296.25,300.3999938964844,8415241
2025-07-01,296.2690124511719,297.54998779296875,301.5,297.0,301.0,12349270
2025-07-02,293.58062744140625,294.8500061035156,298.75,293.3999938964844,297.54998779296875,10826029
2025-07-03,292.43560791015625,293.70001220703125,298.95001220703125,293.1000061035156,298.3999938964844,10373094
2025-07-04,292.7342834472656,294.0,295.1499938964844,291.6499938964844,293.70001220703125,14193884
2025-07-07,294.6260986328125,295.8999938964844,296.6499938964844,293.5,294.70001220703125,6220756
2025-07-08,296.4681396484375,297.75,298.3999938964844,293.04998779296875,294.1499938964844,6254288
2025-07-09,298.3599548339844,299.6499938964844,300.0,296.3999938964844,298.25,5650646
2025-07-10,297.9617004394531,299.25,302.70001220703125,298.0,300.0,9307817
2025-07-11,297.2646789550781,298.54998779296875,300.8999938964844,296.95001220703125,299.25,7073217
2025-07-14,296.9162292480469,298.20001220703125,300.45001220703125,297.45001220703125,299.5,5484223
2025-07-15,296.766845703125,298.04998779296875,300.0,296.8500061035156,298.1000061035156,6173407
2025-07-16,295.7711486816406,297.04998779296875,298.95001220703125,295.70001220703125,298.95001220703125,8144630
2025-07-17,295.3231201171875,296.6000061035156,298.20001220703125,295.79998779296875,297.54998779296875,8318287
2025-07-18,292.8836364746094,294.1499938964844,301.5,293.5,296.5,8702106
2025-07-21,295.72137451171875,297.0,297.25,292.25,294.0,5298012
2025-07-22,296.5179138183594,297.79998779296875,298.8500061035156,294.54998779296875,297.1000061035156,7775653
2025-07-23,297.9617004394531,299.25,299.6499938964844,297.1000061035156,298.8500061035156,5310964
2025-07-24,298.061279296875,299.3500061035156,301.3500061035156,296.5,299.8500061035156,6294709
2025-07-25,290.84246826171875,292.1000061035156,297.75,290.8999938964844,297.1499938964844,8202572
2025-07-28,290.6433410644531,291.8999938964844,295.25,290.75,292.0,7037396
2025-07-29,291.8381652832031,293.1000061035156,293.8999938964844,289.79998779296875,290.5,6586034
2025-07-30,287.7060546875,288.95001220703125,296.5,286.6000061035156,293.0,10515572
2025-07-31,289.7472229003906,291.0,294.29998779296875,284.95001220703125,284.95001220703125,14283621
2025-08-01,289.9961242675781,291.25,292.79998779296875,286.29998779296875,291.6499938964844,6697683
2025-08-04,286.7103576660156,287.95001220703125,291.54998779296875,285.70001220703125,291.20001220703125,10397121
2025-08-05,284.76873779296875,286.0,288.6499938964844,285.1000061035156,287.1000061035156,15561914
2025-08-06,283.5738830566406,284.79998779296875,288.3999938964844,284.04998779296875,287.6000061035156,12985269
2025-08-07,284.3206481933594,285.54998779296875,286.29998779296875,283.3999938964844,284.5,8893659
2025-08-08,283.6236877441406,284.8500061035156,286.25,283.6000061035156,284.79998779296875,6172968
2025-08-11,283.6236877441406,284.8500061035156,286.3999938964844,283.29998779296875,284.8500061035156,8755499
2025-08-12,283.4245300292969,284.6499938964844,287.54998779296875,284.0,284.3999938964844,13184438
2025-08-13,286.95928955078125,288.20001220703125,289.3999938964844,286.04998779296875,287.0,9928283
2025-08-14,287.4571228027344,288.70001220703125,290.1499938964844,287.1499938964844,289.04998779296875,8464495
2025-08-18,289.1000061035156,290.3500061035156,291.29998779296875,288.5,289.5,9836105
2025-08-19,288.0,288.0,290.1000061035156,286.54998779296875,290.0,7196772
2025-08-20,288.3999938964844,288.3999938964844,289.0,286.95001220703125,288.20001220703125,3106073
2025-08-21,284.0,284.0,289.54998779296875,283.6000061035156,288.3999938964844,7389271
2025-08-22,283.3500061035156,283.3500061035156,284.54998779296875,281.79998779296875,284.0,6824793
2025-08-25,284.1499938964844,284.1499938964844,284.6000061035156,282.20001220703125,283.3500061035156,7426789
2025-08-26,279.8999938964844,279.8999938964844,283.79998779296875,278.8999938964844,283.0,22905910
2025-08-27,279.8999938964844,279.8999938964844,279.8999938964844,279.8999938964844,279.8999938964844,0
2025-08-28,274.45001220703125,274.45001220703125,282.0,273.6000061035156,282.0,12455072
2025-08-29,275.25,275.25,276.1000061035156,272.25,273.6000061035156,12841075
2025-09-01,279.8500061035156,279.8500061035156,280.6000061035156,276.0,276.0,10820878
2025-09-02,286.70001220703125,286.70001220703125,287.8999938964844,279.8500061035156,280.20001220703125,16983677
2025-09-03,286.04998779296875,286.04998779296875,289.20001220703125,285.6000061035156,289.0,30178885
2025-09-04,281.79998779296875,281.79998779296875,287.95001220703125,280.8999938964844,286.8500061035156,5946090
2025-09-05,285.3500061035156,285.3500061035156,286.6499938964844,282.3500061035156,282.3500061035156,9695914
2025-09-08,282.79998779296875,282.79998779296875,287.70001220703125,282.1000061035156,286.3999938964844,5186605
2025-09-09,283.8500061035156,283.8500061035156,284.3500061035156,281.70001220703125,283.04998779296875,7093190
2025-09-10,282.95001220703125,282.95001220703125,286.45001220703125,282.5,284.70001220703125,7767863
2025-09-11,286.79998779296875,286.79998779296875,288.70001220703125,282.54998779296875,282.54998779296875,7406625
2025-09-12,287.6499938964844,287.6499938964844,288.6000061035156,285.1000061035156,287.25,7618852
2025-09-15,286.25,286.25,288.79998779296875,285.75,288.29998779296875,5420800
2025-09-16,288.3500061035156,288.3500061035156,289.70001220703125,286.3500061035156,286.54998779296875,8626429
2025-09-17,287.1499938964844,287.1499938964844,289.20001220703125,285.95001220703125,289.0,19010126
2025-09-18,289.1000061035156,289.1000061035156,289.8500061035156,286.1000061035156,287.0,16842964
2025-09-19,286.20001220703125,286.20001220703125,290.20001220703125,284.8999938964844,290.0,14993879
2025-09-22,286.6499938964844,286.6499938964844,289.0,285.8999938964844,287.0,9456933
2025-09-23,288.6000061035156,288.6000061035156,289.0,285.3999938964844,288.6499938964844,13618795
