Price,Close,High,Low,Open,Volume
Ticker,POWERGRID.NS,POWERGRID.NS,POWERGRID.NS,POWERGRID.NS,POWERGRID.NS
Date,,,,,
2007-10-05,32.40531921386719,35.27219204445796,26.78431656491536,28.92641850564895,855215656
2007-10-08,30.746387481689453,33.50051617415573,30.55311444959721,33.50051617415573,126671715
2007-10-09,32.840187072753906,33.130094594183404,29.103589104779093,30.762508492606056,116725709
2007-10-10,33.14619827270508,33.822652011990925,32.856290775593344,33.6938025364266,67931378
2007-10-11,36.85056686401367,38.654441255291076,32.85627637770815,38.654441255291076,106320954
2007-10-12,36.60898971557617,37.97800135541834,35.755371566893814,36.07749195273903,99410791
2007-10-15,37.092159271240234,37.591448342343256,36.770038981123214,37.36596239164692,41814972
2007-10-16,40.877079010009766,41.521324059042456,36.88278766784216,37.14048219222585,138614496
2007-10-17,44.066078186035156,45.09686075353774,34.176978847653665,36.721731093523104,204876259
2007-10-18,42.5198860168457,48.140886692601015,40.69990729500841,44.774727993750375,146617799
2007-10-19,42.37494659423828,44.098291470370825,40.26505552137122,41.553537018436714,110266491
2007-10-22,41.81123352050781,43.11581921320195,40.426113369868766,41.52132607424655,72253405
2007-10-23,44.79084014892578,45.193490533584466,42.842009665756,42.842009665756,74594921
2007-10-24,44.0982780456543,46.224272742409134,43.598988996116276,45.74108795906698,63055170
2007-10-25,44.001651763916016,45.032438686395494,38.863830160335226,42.600427293026975,34522489
2007-10-26,45.32233810424805,46.04710880177301,43.56678066707306,44.77473182961466,62370025
2007-10-29,46.24037170410156,47.35168827713475,45.837721405036696,46.06320732012716,43657697
2007-10-30,47.27116775512695,48.54354033547469,45.48339744514302,46.86851737482015,79921711
2007-10-31,48.25362777709961,49.31662728889559,47.35169276924464,47.51275290414987,44655368
2007-11-01,47.17451858520508,49.81590624211292,46.7879769272174,49.44546884815317,50632492
2007-11-02,48.02814483642578,48.31805659256738,45.09684932450071,45.467291153118076,32001693
2007-11-05,49.010616302490234,50.08972019063716,47.706026454777245,47.99593822251539,38833135
2007-11-06,49.65486145019531,52.79553468966793,48.978407878655425,49.86423879235283,81880281
2007-11-07,48.930091857910156,51.28156859126738,47.83488357619634,50.57290646499925,33593141
2007-11-08,48.09257507324219,49.39716498897536,47.02957976623275,47.67382040539882,27990521
2007-11-12,49.25221252441406,50.121939195416594,45.370659781946294,46.6430368804432,35153735
2007-11-13,50.427940368652344,51.44261836024825,48.495218720265534,50.08971582779898,43830531
2007-11-14,49.76759338378906,52.022435208622554,49.50989455381527,51.313768887489196,36738579
2007-11-15,50.60512161254883,51.49095258636795,49.65486482029173,50.70175597116887,29242252
2007-11-16,50.25077438354492,51.39429957523419,49.67095528585691,50.379621615574806,18895294
2007-11-19,52.07075881958008,53.95516345169063,51.00776357533115,51.39430531458704,40716718
2007-11-20,51.26546859741211,53.31093379991628,50.63733213468567,51.861392149658734,26342171
2007-11-21,47.27116775512695,51.877486358222235,46.127638053633895,51.57147469061081,26814499
2007-11-22,45.644466400146484,48.672401339242775,43.663427020785846,46.771887682437246,34096185
2007-11-23,48.672401428222656,48.96230888467714,45.93437394004536,48.640188517719466,27664090
2007-11-26,49.05894088745117,50.47626956008505,48.672399087116595,50.47626956008505,20159123
2007-11-27,47.85099411010742,49.89645940980768,47.35170926557528,49.89645940980768,20573198
2007-11-28,47.14231872558594,49.12336220065311,46.82019840366106,48.89787622769111,16435311
2007-11-29,45.86994552612305,48.57575532408329,45.27402206389076,48.31806081724381,25530967
2007-11-30,47.6416015625,47.93150894018896,46.063213067050405,46.70745362593072,18437721
2007-12-03,48.31806182861328,48.91398530331913,47.85098561002413,48.22142310974836,16851227
2007-12-04,47.689910888671875,49.04281758746838,47.33557776574563,48.640167304378366,14008727
2007-12-05,49.59043884277344,49.76760765839108,47.673825363353394,47.77045972166345,27725290
2007-12-06,48.672401428222656,51.426528818095896,48.04426496504036,50.669545081937954,24104710
2007-12-07,48.46302032470703,49.67097171650708,47.593297944033296,48.97841379234915,11742386
2007-12-10,48.511329650878906,49.10724869210048,47.88319333781675,48.93008428022964,8330010
2007-12-11,48.28585433959961,49.2200025125451,48.04426406888766,48.94619933193082,11685950
2007-12-12,48.25362777709961,48.68849101515089,47.35169276924464,47.6738130390551,16342131
2007-12-13,47.448333740234375,48.96230096775034,47.27116931466898,48.31806033800506,14620172
2007-12-14,46.981258392333984,47.72213775146614,46.739668151776286,47.28727444465499,10991851
2007-12-17,44.146602630615234,47.512761830132135,43.486253332025846,47.25506294444971,19355678
2007-12-18,43.95331954956055,45.41896497117043,42.58430845742813,43.64730355782259,21607783
2007-12-19,43.148033142089844,45.75720895816562,42.7775955981678,45.370662774659195,19526912
2007-12-20,42.713157653808594,44.0660645430225,42.519884616915775,43.71173137022497,17105204
2007-12-24,44.01776123046875,44.71031915903163,43.00307855967319,43.35741184399567,16711519
2007-12-26,45.35455322265625,45.90215952401642,44.259344988972444,44.259344988972444,20930094
2007-12-27,45.676658630371094,46.932926616623526,45.290112618123366,46.28868617556739,44565277
2007-12-28,46.03099822998047,46.22427126332581,45.09684596365061,45.5800263624961,18354518
2007-12-31,46.369224548339844,46.6430276587101,45.805514061298204,46.38533318367685,11982308
2008-01-01,47.22285461425781,47.657717976149854,46.17596343923924,46.61082680113128,16687746
2008-01-02,46.965145111083984,47.57717272923861,46.272587428197546,47.22283957061152,13437280
2008-01-03,48.89787673950195,49.09114980848715,46.11153679949464,46.675247368763486,31815218
2008-01-04,48.64017868041992,50.250780189469964,48.31805837860991,49.606539585849944,28011310
2008-01-07,48.237525939941406,49.34883830531964,47.722132608487904,48.334160278135684,15858063
2008-01-08,46.594722747802734,48.96230828999292,46.031012112473505,48.28585465379043,13282666
2008-01-09,45.85384750366211,46.85242159464218,45.74110449243191,46.64304421323606,13113527
2008-01-10,44.75863265991211,47.35170407228419,44.45261658293062,46.063222685476745,18023003
2008-01-11,45.4350700378418,45.86993322441575,43.64730013060112,45.37064424389185,11629440
2008-01-14,46.12765121459961,46.610831808827015,44.79085244437795,45.515623335719056,10264240
2008-01-15,44.72642135620117,47.06179395358193,44.35598381801024,46.86852523385586,11558334
2008-01-16,43.80836486816406,44.7747256651514,42.69705257305006,44.404288233446735,14834065
2008-01-17,44.98411560058594,45.98268948147223,43.035285013735695,43.969433082034534,16169395
2008-01-18,42.89033889770508,44.662000907875615,42.51989698216703,44.61367935782312,13254156
2008-01-21,35.59431838989258,42.519908050653186,31.00409980231121,42.519908050653186,33202389
2008-01-22,32.018768310546875,33.822643012313684,25.431405887615878,32.08319193892749,58755707
2008-01-23,35.59431838989258,36.96333029957782,32.53417412118441,32.53417412118441,28425991
2008-01-24,35.674827575683594,38.2034724935111,33.9836962086636,37.510914807491,29911930
2008-01-25,37.510929107666016,37.68809357080323,35.99696155907823,37.36597318761752,12550722
2008-01-28,37.91356658935547,38.20347396103091,33.98369751408806,36.995522938186724,13601109
2008-01-29,37.285438537597656,38.55781564338187,36.72172793587699,38.01020931123851,7679877
2008-01-30,35.22386169433594,37.52702078751156,34.75678554782299,37.365960649960314,9016102
2008-01-31,32.92070770263672,35.69094355543248,32.5341637238676,35.5943070146106,41538563
2008-02-01,34.06422424316406,34.30581442405125,33.178393579911045,33.48440737213128,9089201
2008-02-04,35.819793701171875,36.23855062206841,34.7084788536331,34.7084788536331,12009385
2008-02-05,36.93110656738281,37.41428709991377,35.11112743532358,35.884215413565734,14593303
2008-02-06,36.60898971557617,37.04385311027468,34.56352657617025,35.916431759816426,12429218
2008-02-07,34.885650634765625,37.3498731566253,34.66016677783884,36.109708666749626,11300078
2008-02-08,33.983707427978516,35.40103616777848,33.35557096524222,35.111128711529844,13514197
2008-02-11,31.58390235900879,34.46688078738339,31.24567560760259,34.46688078738339,15133331
2008-02-12,31.02019691467285,32.743541673158774,30.762500195948068,32.534164317986516,10237627
2008-02-13,30.56922721862793,31.97044934512954,29.941093011263877,31.567798932137418,10395753
2008-02-14,33.24282455444336,33.581051319505306,31.245676869132105,31.245676869132105,12514003
2008-02-15,34.19308090209961,34.46688405647366,32.22814601481338,33.11397692252928,12080990
2008-02-18,33.99980926513672,34.9661724806739,33.70990182963843,34.9661724806739,6977153
2008-02-19,33.629371643066406,34.69236921090917,33.37167493199568,34.61183912523197,7226542
2008-02-20,32.79185485839844,33.323354685632935,32.421417372204424,33.30724823307707,5604999
2008-02-21,33.01734924316406,33.58105993471436,32.61469874919956,33.323363181673336,3874365
2008-02-22,32.59857940673828,32.807956707028175,31.583899252326503,31.922125970463764,2691220
2008-02-25,32.87239074707031,33.27504120954717,32.08319627751938,32.98513375037126,6270186
2008-02-26,33.00122833251953,33.46830226404409,32.84016820547535,33.17839490917168,7139423
2008-02-27,34.93395233154297,36.65729450227532,33.484411085469326,33.484411085469326,43223132
2008-02-28,35.916419982910156,36.19022309490669,34.78899900213048,35.272179422464625,35763847
2008-02-29,35.401031494140625,36.39960537297625,34.8212166581904,35.690941096634,16477462
2008-03-03,33.91928482055664,35.04670839543948,33.532740780764136,33.854861178011014,10049153
2008-03-04,33.049560546875,34.273618506723615,32.212048815571364,34.14477122022114,11485198
2008-03-05,33.66157913208008,33.82263927750595,32.24424854162155,33.21060941417681,8581053
2008-03-07,31.938236236572266,33.17840028973789,30.601435654604966,33.17840028973789,14251925
2008-03-10,31.82492446899414,32.05155111238037,29.995721038445524,31.98680095649722,11713659
2008-03-11,34.447322845458984,34.77107580543393,30.821290132857676,31.565920184327823,19665129
2008-03-12,33.57319259643555,35.612836823356034,33.24943961424469,35.38621017494052,12262350
2008-03-13,28.959705352783203,33.02280720520389,28.166511123901536,32.69905427948974,47000084
2008-03-14,30.950786590576172,31.080286880229586,29.17014553209672,29.76908711623126,35798540
2008-03-17,29.736705780029297,30.368023378083958,29.105388181974636,30.368023378083958,19211273
2008-03-18,29.995718002319336,30.578473737462737,29.20252153736823,29.688150950722708,12632937
2008-03-19,30.173784255981445,33.60556431926061,29.979531601483068,31.404043749170224,16449023
2008-03-24,30.465171813964844,31.30693068696517,29.80147757128278,31.30693068696517,11636914
2008-03-25,31.61448097229004,31.808731409579128,30.69178425949926,31.258351877208327,13232423
2008-03-26,31.420238494873047,32.1810589913691,31.080297375255856,31.404050404302563,11448313
2008-03-27,31.986801147460938,32.294368232025285,30.950792060374262,30.950792060374262,17425122
2008-03-28,32.051544189453125,32.294361063851234,31.209787953605282,32.13248241572253,11599511
2008-03-31,31.82492446899414,32.19724170760545,31.404045162368067,32.05155111238037,9914705
2008-04-01,31.889673233032227,32.34292869561244,31.484982031937538,32.0515497134701,6034588
2008-04-02,32.40767288208008,33.34655761311548,32.0515438124477,32.0515438124477,6087024
2008-04-03,32.148685455322266,32.63431503884842,31.8896825716568,32.48862660290876,3883474
2008-04-04,31.986801147460938,32.359118388295,31.37167136951302,32.359118388295,5906537
2008-04-07,31.8572998046875,32.18105277115663,31.484982575893806,32.035364375363585,4088729
2008-04-08,31.04791831970215,31.873488848076963,30.82129167549485,31.80873649636883,5753811
2008-04-09,31.128864288330078,31.40405306901579,30.772735047923938,31.145052380274162,3776374
2008-04-10,31.743989944458008,31.970616614396462,30.966983591643135,31.080295828817043,7075297
2008-04-11,31.889673233032227,32.21342619390797,31.565920272156475,32.0515497134701,4012660
2008-04-15,32.37530517578125,32.537181657748356,31.14504347371323,31.69542307328331,6362785
2008-04-16,31.938232421875,32.925679234831215,31.808729940738974,32.69905263733059,4725794
2008-04-17,33.16849136352539,33.92930932482129,32.06773023876337,32.423859289984264,14831167
2008-04-21,33.70269012451172,34.28544588339066,33.34656319090088,33.67031614632359,7639361
2008-04-22,34.25306701660156,34.64157228903634,33.3465605691606,33.670313499129534,8814769
2008-04-23,34.28544616699219,34.6901373646181,33.832192903887275,34.317822341038365,5265604
2008-04-24,33.07136535644531,34.70631787715139,32.779988635982356,34.64156773878071,8801780
2008-04-25,33.34656524658203,33.81600662176609,32.89330976369471,33.670318221962816,4095990
2008-04-28,33.47605895996094,34.12356478309125,33.346558673570854,33.3789326473734,4708244
2008-04-29,33.945499420166016,34.269252323887144,33.50843431749643,33.670310769356995,6497143
2008-04-30,34.17213439941406,34.60920180492885,33.99407201514327,34.28544882175951,6331377
2008-05-02,34.479698181152344,35.450957037456334,34.4149458342599,34.69013672178212,5658418
2008-05-05,34.31781768798828,35.127199973498385,34.09118889157347,34.93294734673997,7642293
2008-05-06,34.02643585205078,34.7063177922543,33.832185437413905,34.0426239355013,5061166
2008-05-07,33.54081726074219,34.22069941862165,33.022813793606375,33.99407276452533,4303106
2008-05-08,33.13611602783203,33.47605700423352,32.94186560959535,33.281804390407004,3642073
2008-05-09,32.94186782836914,33.79981217344445,32.44005037184265,32.69905314252632,8621761
2008-05-12,32.94186782836914,33.18468251421196,32.21342157525071,32.94186782836914,4890395
2008-05-13,33.038997650146484,33.281812377909276,32.76380894270286,33.08756191305325,5056766
2008-05-14,33.08755111694336,33.265615631653624,32.37529525369195,32.37529525369195,2982486
2008-05-15,33.1037483215332,33.476063340314695,32.37530417519445,32.37530417519445,2646760
2008-05-16,33.362754821777344,33.45988116423139,32.95806355787769,33.34656892769386,4422288
2008-05-20,33.29800033569336,33.427502840682706,32.95805927903304,33.02281162932288,3464912
2008-05-21,33.50844192504883,33.994071390884876,32.53718299337673,32.53718299337673,3419088
2008-05-22,33.05519104003906,33.21706755118025,32.699064032882866,32.699064032882866,3558000
2008-05-23,32.50481033325195,33.31419286385767,32.37531000659129,32.86093952495472,4417028
2008-05-26,32.26198959350586,32.45624224307791,30.756537048298014,30.756537048298014,2605807
2008-05-27,31.29073143005371,32.66668150750014,31.145043037442143,32.31055237392495,3316550
2008-05-28,32.44004440307617,32.63429479865558,30.853654096768384,31.404033510961057,4505700
2008-05-29,32.9742431640625,33.34656034841619,32.019172466094446,32.77999272472107,11026212
2008-05-30,31.922056198120117,33.184694331490135,31.792555864457384,33.05519180223665,4023430
2008-06-02,30.56229591369629,32.375313877246064,30.109040325013396,31.72780557975752,4431595
2008-06-03,29.429157257080078,30.432790296097036,29.153966313387148,30.109037277912726,6240766
2008-06-04,28.52264404296875,29.60721517210911,28.34457947084411,29.299650290579468,5762089
2008-06-05,28.474079132080078,28.684519874560777,27.519008334085456,28.490267219284792,9721099
2008-06-06,28.16651153564453,29.34821104912951,27.761820372585994,28.328388000867946,6317089
2008-06-09,27.778011322021484,28.45789342428882,26.547749620370748,27.8427614756683,6500809
2008-06-10,27.583759307861328,27.810388144288375,26.952441452819702,27.519009152706612,6717902
2008-06-11,27.7132511138916,28.166504220567507,27.518998527836494,27.842751374202,2586175
2008-06-12,27.90751838684082,28.069394907949793,26.547756048643638,27.357138654188493,3244212
2008-06-13,27.729448318481445,28.13413950958414,27.438069343533368,27.858948621398216,4248430
2008-06-16,28.700714111328125,29.137779385961508,27.87514344289961,27.972269791348396,4354615
2008-06-17,29.558650970458984,29.785277593347512,28.198889037537636,29.10539772468193,4736084
2008-06-18,29.526275634765625,30.173783740160978,29.461525482903163,29.461525482903163,5055019
2008-06-19,28.89495277404785,29.461520346347427,28.42551151040332,28.9435170261703,4221271
2008-06-20,28.23125648498535,29.251079345488268,27.85894156175408,29.137764962458053,3837789
2008-06-23,27.243812561035156,28.101759073387655,26.968623910182007,28.00463276313776,4516050
2008-06-24,26.402061462402344,27.648511262533948,26.126870562449028,27.243817858536,5238203
2008-06-25,25.673614501953125,26.207805960860938,25.09085878595091,25.90024111495674,3933879
2008-06-26,27.130502700805664,28.29601413309543,25.8193028883772,25.8193028883772,18253250
2008-06-27,25.93262481689453,26.806759816540616,25.786936382150486,26.22400388197353,6821283
2008-06-30,25.414630889892578,26.159263633433472,24.686186244261826,25.916448751556555,4596315
2008-07-01,23.617786407470703,25.41461591364824,22.711277610196493,25.41461591364824,6202295
2008-07-02,24.65379524230957,24.91279806654938,22.873153844597688,23.633974229128935,5245963
2008-07-03,24.00629234313965,24.65379838857738,23.31022422253037,24.4433598020464,4726793
2008-07-04,24.330047607421875,24.79948909449643,23.47210289640945,23.633979422682806,4862814
2008-07-07,24.86423683166504,25.867872074539765,24.65379824634809,24.65379824634809,5528014
2008-07-08,25.59267807006836,26.22399589200218,22.986464152556202,22.986464152556202,8354280
2008-07-09,27.373315811157227,27.48662801331649,25.932613592302662,25.932613592302662,6860769
2008-07-10,28.571210861206055,28.91115197441094,26.612504633302354,27.373325115447077,7216175
2008-07-11,27.21144676208496,29.202526840155702,27.001005994064037,28.84639985638196,6040791
2008-07-14,27.227632522583008,28.19889371650289,26.547752541106803,26.547752541106803,5942149
2008-07-15,26.094493865966797,26.839126113671274,25.900243407167988,26.547749327677916,3693378
2008-07-16,25.38224220275879,26.547753940423664,24.945174752236795,26.09449839995814,6973872
2008-07-17,26.677257537841797,26.871510249786702,25.90025108124403,25.90025108124403,5038238
2008-07-18,28.16651153564453,28.3931381478393,26.369682332546603,27.162876573023325,5983177
2008-07-21,29.752912521362305,29.93097713392421,28.182709386394837,28.652150859082884,8754188
2008-07-22,30.966981887817383,31.24217061631919,29.49390532088123,29.75290815609921,12631056
2008-07-23,33.15230941772461,33.79981530666211,31.760171317390952,32.34292705655274,12798869
2008-07-24,31.986801147460938,33.76744252062535,29.995721217522338,29.995721217522338,10764301
2008-07-25,32.051544189453125,33.0875552421734,30.837470795412084,31.64685305810611,10710381
2008-07-28,31.79255485534668,32.68287565889332,31.436425655691746,32.05155551445134,5533881
2008-07-29,30.513721466064453,31.565918530867695,30.27090675880217,31.080289116343124,5145929
2008-07-30,31.79255485534668,32.05155551445134,30.78891961674873,30.78891961674873,7354746
2008-07-31,30.67559814453125,32.34292712966866,30.27090696303045,32.34292712966866,6006517
2008-08-01,31.565906524658203,31.69540896996212,29.137760375589725,30.189957040186066,4699412
2008-08-04,31.760164260864258,32.34291987054842,30.934593996777497,30.934593996777497,4301346
2008-08-05,33.1846923828125,33.42750714086458,31.56592513354139,31.88967814427749,9161115
2008-08-06,32.342933654785156,34.36638997051707,32.116306986541304,34.36638997051707,8616591
2008-08-07,32.26198959350586,32.99043373601572,31.258354563367295,31.258354563367295,4809365
2008-08-08,31.711610794067383,32.504805107420175,31.598296379764005,31.88967316570086,4883824
2008-08-11,32.00299835205078,32.472439863223016,31.760183550176418,32.11631280449523,2714705
2008-08-12,31.452608108520508,32.37530492687527,31.209793387436655,32.21342625056242,5801276
2008-08-13,31.582109451293945,31.889674335642145,30.837477176415433,31.080291905467753,2754609
2008-08-14,30.821285247802734,31.727791635582584,30.75653290959852,31.40403872692123,2566362
2008-08-18,30.465171813964844,31.404054852965086,30.17379492478299,30.756548703146695,2963058
2008-08-19,29.898597717285156,30.594665805398623,29.283465685482213,30.416603407688623,2941144
2008-08-20,30.2385196685791,30.481334270542092,30.028079029524317,30.109017230178647,3319410
2008-08-21,29.91478157043457,30.416599100275352,29.5586524342662,30.109032030134355,4138486
2008-08-22,29.607215881347656,30.95079205266397,28.846397703084808,30.95079205266397,4139879
2008-08-25,29.930965423583984,30.335656568531824,29.720524710857124,30.335656568531824,2034227
2008-08-26,29.97953987121582,30.07666622525691,29.429160125770803,29.623410638262104,1489491
2008-08-27,29.380582809448242,30.35184152755332,29.218706356430733,30.14140301686652,4297168
2008-08-28,28.943523406982422,29.78527981118782,28.571206174323006,29.461526841357205,7382078
2008-08-29,30.141408920288086,30.254723337829788,29.33202649667689,29.461526806218544,2219080
2008-09-01,30.125104904174805,30.25558630356288,29.52162345450084,30.076172720236233,3417069
2008-09-02,31.707191467285156,31.837672817214127,30.076161319833698,30.337126231914862,5030404
2008-09-04,31.03846549987793,31.609325202324403,30.77750062202924,31.348360324475713,2813325
2008-09-05,30.353443145751953,30.695959524467163,30.01092676703674,30.6633380742186,3330688
2008-09-08,31.95185089111328,33.24036272855036,31.641953762881833,31.968159403358236,8377948
2008-09-09,32.06602478027344,32.326989761486516,31.33206201498754,31.95185412189658,3737279
2008-09-10,31.788742065429688,32.32698038564376,31.478844995743177,31.902912690693466,3847698
2008-09-11,30.940610885620117,31.641952090690978,30.69595666819212,31.641952090690978,2567354
2008-09-12,31.250511169433594,32.09864682086619,30.744891923857388,31.152649023156936,6093354
2008-09-15,29.276958465576172,30.581780831209887,28.39620381121807,30.108783166112318,6770268
2008-09-16,29.84781837463379,30.10878329129015,27.72748202166367,28.13523901261946,4654621
2008-09-17,29.081247329711914,30.271897299391256,28.70610943175984,30.271897299391256,4674190
2008-09-18,29.016000747680664,29.586860674252275,26.92828532967973,28.706105801415124,6603710
2008-09-19,30.777515411376953,30.94061826187942,29.358519727115898,29.701036155615878,9821730
2008-09-22,30.108787536621094,32.94677836360796,29.864133307551437,31.641953596346223,4162514
2008-09-23,29.74995994567871,30.418681936264626,29.19541081161607,29.74995994567871,6569683
2008-09-24,30.43499183654785,30.761197460957632,29.456374963318503,29.847821270165547,5730103
2008-09-25,29.488994598388672,30.64702493632079,28.787651221674945,30.51654136724172,10926783
2008-09-26,29.016000747680664,29.65210357849664,28.51038372535342,29.65210357849664,4967945
2008-09-29,27.93952178955078,29.8478235080945,27.40128114158437,29.8478235080945,7859964
2008-09-30,27.98845100402832,29.032308610065204,26.422663488861208,26.422663488861208,6616439
2008-10-01,28.91813850402832,29.19541197600627,27.776416529931247,28.347278623091594,3743739
2008-10-03,29.325889587402344,29.68471439784084,28.54299486856502,29.064924681123234,4681406
2008-10-06,28.722415924072266,29.358516529301163,28.135245283774918,28.999691624614382,5560277
2008-10-07,29.66840362548828,30.304506274771636,28.70609760919485,28.70609760919485,9928258
2008-10-08,29.440059661865234,29.68471384213002,27.433894056360117,28.673477891036118,9985473
2008-10-10,29.26065444946289,29.92937650755128,27.091387654337655,29.32589735247542,9025179
2008-10-13,29.84781837463379,30.076161847124382,29.211717911187407,29.40744215173549,6805621
2008-10-14,29.13017463684082,30.956927350658216,28.901831100669614,30.010929540486256,5099383
2008-10-15,28.885507583618164,29.50529722338806,28.575612763733215,28.967058968441723,5495022
2008-10-16,27.776416778564453,28.477760251613063,27.238178342324233,28.477760251613063,6651066
2008-10-17,25.688703536987305,28.543003192577952,25.31356568348967,28.347281114957454,5586092
2008-10-20,25.982280731201172,27.00982965659129,25.166766764489907,25.7865587065244,7922965
2008-10-21,26.194324493408203,27.564387975496718,25.44405094943327,26.243254462966238,8047276
2008-10-22,24.759016036987305,26.129079404791074,24.51436178515721,25.933357330661263,5408099
2008-10-23,23.55205726623535,24.367571500030657,23.193230118475846,24.13922795701276,6641370
2008-10-24,20.502033233642578,23.16060876216726,20.22475750809016,22.834403067269804,9905588
2008-10-27,18.919937133789062,20.22476007926083,16.962702715581415,20.1268979159056,12878172
2008-10-29,21.4154109954834,22.769163831254204,19.572347373755807,21.52958166868657,13094201
2008-10-31,22.78546714782715,23.486810536045294,21.660058236760097,22.540812940541993,8097887
2008-11-03,23.486806869506836,24.106596546317512,22.671290760310274,24.07397510554936,4951148
2008-11-04,24.51436424255371,24.710088548527313,23.046438584423694,23.160609252721628,4515828
2008-11-05,23.61729621887207,25.705013830590005,23.160606954328877,25.705013830590005,6145587
2008-11-06,22.834400177001953,24.38387924386326,22.361402421715198,23.160605830609878,4896229
2008-11-07,24.612220764160156,25.3461834252914,22.508192699138466,22.671295512723184,8250147
2008-11-10,25.166770935058594,25.73763080635782,24.612221788241207,25.37880371665173,3775177
2008-11-11,24.873186111450195,25.917043692865093,24.302326254651977,25.280943152020352,8900004
2008-11-12,23.829322814941406,25.41142078467729,23.535738673776677,25.41142078467729,5705390
2008-11-14,23.74777603149414,24.79163587444237,23.45419183330472,23.617294657237426,4038880
2008-11-17,24.72639274597168,25.541909070302143,22.508193918596323,25.541909070302143,5361538
2008-11-18,23.388944625854492,24.661145412978634,22.93225551882358,24.661145412978634,6392448
2008-11-19,22.818086624145508,24.220771067285764,22.52450027341019,23.486808508782243,5606729
2008-11-20,22.573434829711914,22.99750036088885,21.611126492379935,22.834397552828978,5080395
2008-11-21,24.008745193481445,24.759018757305743,21.85578665593764,22.426646639595948,8350092
2008-11-24,24.612220764160156,25.003667074318788,23.38894966227475,24.726391406335367,5420119
2008-11-25,24.008745193481445,25.16677588849025,23.813023097847292,24.87319163892701,5453771
2008-11-26,24.546993255615234,24.922129043307187,23.568375848880038,24.269717438817057,5246053
2008-11-27,24.546993255615234,24.546993255615234,24.546993255615234,24.546993255615234,0
2008-11-28,24.155536651611328,24.628536680510575,23.193230291018715,23.813022440648368,8464961
2008-12-01,23.959810256958008,25.574527719353643,23.86194812331085,24.628532255952763,5733003
2008-12-02,23.74777603149414,24.008740992231196,22.99750259895896,23.780397481170134,5879324
2008-12-03,24.46543312072754,24.775328080414138,23.242161796524748,23.976124591046425,6430656
2008-12-04,25.639766693115234,25.770250266677166,21.692677859832404,21.692677859832404,4648185
2008-12-05,25.329877853393555,26.553149204083088,24.481742165359233,24.481742165359233,5338962
2008-12-08,25.39512062072754,26.226945649479923,24.30233278565796,26.014912816291172,11709287
2008-12-10,24.987356185913086,26.585765075848034,24.62853132572453,26.585765075848034,11172070
2008-12-11,24.7100830078125,25.427734948424067,24.318634483639368,25.427734948424067,9867592
2008-12-12,23.943500518798828,24.220776206848573,23.421570592666484,24.10660334418723,9847702
2008-12-15,24.334945678710938,24.87318630375911,24.139223625058136,24.759013446627318,5741641
2008-12-16,25.264631271362305,25.57452616556423,23.16060326856185,24.46542795087626,9183505
2008-12-17,25.232011795043945,25.93335525481858,24.56328978445831,25.93335525481858,8720755
2008-12-18,25.982280731201172,26.259556364772287,24.661147662684282,24.661147662684282,12640018
2008-12-19,27.238182067871094,27.564387761657912,25.949670019857955,26.74887352719087,10050607
2008-12-22,27.254486083984375,27.482829570964093,26.30848847760639,26.30848847760639,6524631
2008-12-23,26.699934005737305,27.515448016012236,26.50421197060532,27.075071777797774,5151765
2008-12-24,26.243247985839844,27.058762025355517,22.018883491369937,22.018883491369937,13318746
2008-12-26,26.292179107666016,27.678553036237982,25.607148611470443,27.678553036237982,5480531
2008-12-29,26.846736907958984,27.058769733746736,25.77025762669062,26.585771898526648,3418418
2008-12-30,26.797794342041016,27.238172763106213,25.80286687342115,26.781483620478753,4868199
2008-12-31,27.124006271362305,27.531763344717398,26.520527130130993,27.531763344717398,4396180
2009-01-02,27.51544189453125,27.972130966017595,26.9935143714048,27.972130966017595,3976548
2009-01-05,26.89566421508789,27.972143389719943,26.553147812401715,27.972143389719943,4505326
2009-01-06,26.699934005737305,27.923207233373038,26.25955776752284,27.923207233373038,3969700
2009-01-07,25.297245025634766,27.6296160129946,23.698838730925658,27.6296160129946,12109220
2009-01-09,25.166770935058594,27.40128045903357,23.910878333310865,27.40128045903357,5272587
2009-01-12,24.498048782348633,25.770252100957705,23.519431865983304,25.770252100957705,6595708
2009-01-13,24.139217376708984,24.7753177578195,23.780390386224607,24.465422927250067,4104761
2009-01-14,24.188154220581055,24.595911275011257,23.5194322088708,24.595911275011257,2777281
2009-01-15,23.829322814941406,24.188149842785588,23.323705928738065,23.97611709774697,3693599
2009-01-16,24.5795955657959,24.938422585815967,23.649910997563605,24.661146960143807,2131503
2009-01-19,25.525598526000977,25.737631311757717,24.48173868534851,25.248322841035737,2587926
2009-01-20,28.37989044189453,29.032301563853736,24.4654237101393,25.558211012087146,19101726
2009-01-21,26.487905502319336,28.999690827176074,26.12907839527589,28.999690827176074,11311625
2009-01-22,27.74379539489746,28.118930977534816,26.161697233917014,27.336038364977085,10535551
2009-01-23,28.13524627685547,28.47776268013726,26.879353535563524,28.20048696980823,7005930
2009-01-27,29.04861831665039,29.44006462866995,27.075073820448388,28.053690706609036,8487928
2009-01-28,29.701025009155273,29.847817077073284,28.706097552030513,29.65209505725699,6636133
2009-01-29,29.505300521850586,30.304505952244725,28.396202449150813,30.304505952244725,13844487
2009-01-30,28.78765869140625,29.01600223126531,28.053695891143896,28.999693716594166,4578388
2009-02-02,27.270784378051758,29.032295358149355,26.87933823099315,28.706089866896754,6678800
2009-02-03,27.7111759185791,28.37989793765624,24.98735788008933,24.98735788008933,6591337
2009-02-04,28.13774299621582,29.401070823171782,26.940042097537457,28.711982512955704,7225484
2009-02-05,27.97368812561035,28.71199643366551,27.694770763549755,27.89165386915978,3622655
2009-02-06,28.351030349731445,28.695572243728748,28.055705865179064,28.203366994795097,2228530
2009-02-09,28.367441177368164,29.466700680228392,27.6291331538915,29.466700680228392,3190528
2009-02-10,28.3182315826416,28.92528595195891,27.793211467268712,28.77762251460171,3258153
2009-02-11,28.38385581970215,28.547924311862484,27.399444866740133,28.219787327541813,1899711
2009-02-12,29.76202392578125,30.09016083531689,28.055712441260066,28.36744206025476,8517373
2009-02-13,30.77925682067871,31.090986516495754,30.188609792891935,30.35267828809263,9331167
2009-02-16,29.351865768432617,31.304283023796977,28.925289377658313,31.304283023796977,3238379
2009-02-17,28.05572509765625,29.31905365940498,27.90806386681698,29.31905365940498,2684742
2009-02-18,28.82683563232422,29.1713798391362,27.251777990698635,28.055712989712678,4576718
2009-02-19,28.9252872467041,29.53233941787254,28.498708662034435,28.876065356941258,5072418
2009-02-20,28.3182315826416,28.77762251460171,27.97368727101074,28.547927048621656,3336292
2009-02-24,30.12298583984375,30.418310495809408,26.907242568587893,28.416673764888074,9913081
2009-02-25,30.040950775146484,31.484754973016823,29.729221056678167,30.451122042952566,7821109
2009-02-26,30.483938217163086,30.648006732803587,29.384678272243065,30.172206257188805,9451371
2009-02-27,31.79648780822754,32.97778206543003,29.893292493988767,30.024546422423814,35406885
2009-03-02,30.319868087768555,31.025361777344628,29.893289524743267,30.18861194704917,9682882
2009-03-03,29.237003326416016,30.680804696056953,29.040120309955608,30.483923904917162,6218930
2009-03-04,30.040950775146484,30.33627542315979,29.368269450880195,29.794848014462833,6597422
2009-03-05,30.090173721313477,30.46753266407443,29.63078274135956,30.46753266407443,6109769
2009-03-06,30.369091033935547,30.483939891319984,29.532341113150935,29.63078267300591,3962742
2009-03-09,29.844072341918945,30.516753771343808,29.565157171401637,30.516753771343808,2964226
2009-03-12,30.7136287689209,30.992546090912715,29.893286322264153,30.828477601581366,6091612
2009-03-13,31.140199661254883,31.337080465051468,30.385484350066072,31.173012015893935,6329765
2009-03-16,31.468338012695312,31.698033407058443,30.43470540007994,31.337081912115767,8232474
2009-03-17,31.599605560302734,32.09181114346898,31.205841538834107,31.681639824163778,4981205
2009-03-18,31.369905471801758,32.27228224210196,28.219789310807016,28.219789310807016,4007849
2009-03-19,31.56679344177246,31.747267043449,30.18861601765524,30.18861601765524,3286397
2009-03-20,31.698040008544922,31.944142744899366,31.18942724168147,31.4847518604996,3154546
2009-03-23,32.22306442260742,32.48557226325753,31.435534224692198,31.484756113805314,7034396
2009-03-24,32.2886848449707,32.862924524433865,31.829291766207465,32.64963416544056,7551877
2009-03-25,31.845701217651367,32.48556788735696,31.38631033307333,32.009769708617995,5666796
2009-03-26,31.58319091796875,32.797299521035335,30.943324253714476,32.797299521035335,9588411
2009-03-27,31.025358200073242,31.99336183415423,30.74644310568179,31.99336183415423,6291705
2009-03-30,31.025358200073242,31.73085403362611,28.711992074339832,31.73085403362611,4842258
2009-03-31,31.369905471801758,32.091806442977614,29.54874463576797,32.091806442977614,7683950
2009-04-01,30.17220115661621,32.78089189456163,30.02453996256603,32.78089189456163,7321541
2009-04-02,30.7136287689209,31.17301964892015,30.401899084255597,30.81207030758397,9185217
2009-04-06,30.352680206298828,31.287871578172876,30.139392039187253,30.844885723006954,6958026
2009-04-08,31.960554122924805,32.38713269884433,29.36827030022712,30.02454434769667,16888845
2009-04-09,31.484750747680664,33.10902830514613,31.255053088278046,32.64963521166215,7959989
2009-04-13,31.058185577392578,31.99337500885285,30.598792286650117,31.665237897746326,6786405
2009-04-15,31.862117767333984,32.075405977419464,30.84489193772176,30.84489193772176,9517190
2009-04-16,31.04177474975586,32.41995001474831,30.762857346877478,32.288696075347865,16019178
2009-04-17,31.993366241455078,33.33872891844023,30.877701259556364,31.76367077169024,24728264
2009-04-20,33.437171936035156,34.09344600718093,31.353500870018653,33.10903490046227,20235831
2009-04-21,32.81371307373047,33.55202141761045,32.51838840098544,33.27310404201599,8757532
2009-04-22,31.714447021484375,33.60123465013812,31.255053915836765,33.60123465013812,10270548
2009-04-23,32.830116271972656,33.09262633543533,31.189431156982973,31.976961347370985,7645123
2009-04-24,32.830116271972656,33.33872910268378,32.190249522191,33.27310214314851,4953362
2009-04-27,31.747270584106445,32.81371836706632,31.51757506291042,32.81371836706632,6298942
2009-04-28,30.188610076904297,32.45275666716765,30.024541580160058,32.108212378940465,8020828
2009-04-29,30.385494232177734,31.008953651612433,29.926101089938207,30.812072783785336,10317407
2009-04-30,30.385494232177734,30.385494232177734,30.385494232177734,30.385494232177734,0
2009-05-04,30.861291885375977,31.468346223819733,30.697223385831332,31.123801929711693,6346688
2009-05-05,31.484750747680664,31.82929278614209,30.680813390414006,31.17301884572604,10754066
2009-05-06,31.61601448059082,32.35432289322825,31.25506281095041,31.81289761408958,8162872
2009-05-07,31.862117767333984,32.124627874200556,31.33709755360084,31.829303169479925,6552316
2009-05-08,31.944143295288086,33.14184463470857,31.369903567233724,31.829294459548667,16052278
2009-05-11,31.944143295288086,32.79730035281168,31.73085514356787,31.862109048423175,8177989
2009-05-12,33.20747756958008,33.35513879547433,31.550385039313607,32.255878799320456,9045014
2009-05-13,32.551212310791016,33.61765800159081,32.23948025168395,33.469996735621464,8210662
2009-05-14,32.600425720214844,33.30592176130995,31.747268441553476,32.78090155516112,7465672
2009-05-15,33.12543487548828,33.43716454531562,32.58400755127335,32.64963449881787,5990389
2009-05-18,38.40843963623047,39.37644548244089,35.47161641160477,37.4076236533831,170650
2009-05-19,38.7365837097168,40.65618623511714,35.11067129001651,37.40763051170912,19037417
2009-05-20,38.98269271850586,42.65782984128641,36.75136232651741,40.36087025220958,10704619
2009-05-21,38.539703369140625,40.68899905251692,38.24437649301234,39.3436363912589,11495294
2009-05-22,38.94987487792969,40.29523754737747,38.22797165511092,39.01549961141301,8524108
2009-05-25,38.26079559326172,39.37646084143707,37.80140454408883,39.36005576671972,5914983
2009-05-26,35.35676956176758,38.605324871534826,34.585646745401135,38.55610521318011,11328948
2009-05-27,35.99663162231445,37.40762094262212,35.35676501930316,36.09507315169798,9833643
2009-05-28,36.75135040283203,37.37480977031903,35.15988517089546,36.75135040283203,18047010
2009-05-29,37.7193603515625,38.06390243518974,36.93183018463364,37.40762840874312,12795881
2009-06-01,39.40925979614258,39.63895300421929,37.506062704213136,38.68735668357581,13519274
2009-06-02,39.064727783203125,40.590568816033446,38.1295406348802,39.70459689056062,10664555
2009-06-03,41.214019775390625,41.50934220521086,38.72017751680487,39.704588583301096,19445390
2009-06-04,41.18120574951172,41.64059669673378,39.9342868283885,41.5093427761908,11373782
2009-06-05,41.033546447753906,42.16561651085443,40.31164321425888,41.64059638200742,13240784
2009-06-08,39.688175201416016,41.75543622789917,38.93345753809381,41.01712808263486,8283946
2009-06-09,39.72098922729492,40.180380065525625,38.1787437875466,39.60614040507669,6301719
2009-06-10,40.131160736083984,41.246825480943336,39.57332613833319,41.246825480943336,5514227
2009-06-11,40.2296142578125,41.18121086321839,39.770223253545225,41.00073725639176,8425194
2009-06-12,39.78661346435547,40.75461923192004,38.75298297820618,40.36085311784309,8819990
2009-06-15,40.016319274902344,40.590559045614754,38.88424480381209,40.590559045614754,6088490
2009-06-16,40.3116455078125,40.606967956265464,38.802214220488636,40.295240435926466,5235173
2009-06-17,39.064727783203125,41.27965759688519,38.42486312648977,41.27965759688519,8548532
2009-06-18,35.91460037231445,39.2123774163439,35.34036066602698,39.048308928833194,15756310
2009-06-19,35.4552116394043,37.06308202401859,34.19188331912062,37.06308202401859,11260656
2009-06-22,34.897377014160156,35.89819529482957,34.45439340572451,35.43880439156562,11032509
2009-06-23,35.22551727294922,35.73412785036673,33.880154662519814,34.12625741623338,9061729
2009-06-24,35.291141510009766,36.357586693941855,34.86456299137267,36.357586693941855,12156270
2009-06-25,35.1270751953125,36.24274010515096,34.63486747000558,35.766941900229305,22858397
2009-06-26,36.37399673461914,36.587284897382595,34.79893644287674,36.062264800135125,16833106
2009-06-29,36.57087326049805,37.42402803558904,36.259143588343235,37.42402803558904,16727201
2009-06-30,35.898197174072266,37.227152519591826,35.37317928933225,36.751354296591906,10678356
2009-07-01,35.110679626464844,36.193532533146865,34.45440540730267,35.94742970096105,9694486
2009-07-02,36.12788772583008,36.37399043655499,35.02862806113036,36.37399043655499,11593296
2009-07-03,37.063079833984375,37.32558985941349,35.19269951894901,35.91460041988812,14320723
2009-07-06,34.01141357421875,38.55611265101785,33.6340568531799,37.67014082714957,16536927
2009-07-07,34.30673599243164,35.734133062288706,33.79812534083187,35.734133062288706,6256398
2009-07-08,33.437171936035156,34.09344600718093,32.38713386726626,34.09344600718093,9995092
2009-07-09,33.76530456542969,34.191883101072726,32.87933513006116,33.63405065845709,5766023
2009-07-10,33.68327713012695,34.91379110183792,33.17466424342205,33.96219452051018,4813799
2009-07-13,33.8309326171875,34.55283357961503,32.567604263948205,33.96218875374254,6649724
2009-07-14,35.438812255859375,35.734134727018706,34.011415119504804,34.37236678454124,6681312
2009-07-15,36.43962860107422,36.65291679258053,35.50443712223807,35.93101573057249,5318107
2009-07-16,36.37399673461914,37.53888132015696,35.43880538181005,37.53888132015696,6733724
2009-07-17,36.65291213989258,37.01386373773862,36.127894263860114,37.01386373773862,4714999
2009-07-20,36.73495101928711,37.407632413474126,36.35759430381043,36.767765614251076,3204852
2009-07-21,36.160709381103516,36.98105196106906,35.60287687179128,36.98105196106906,3387311
2009-07-22,35.71772384643555,36.981050018011835,35.30755257800398,36.25914903063659,4155805
2009-07-23,37.27637481689453,37.63732642469945,35.79975824458239,36.882608617354045,7225701
2009-07-24,37.09589767456055,38.2115648241357,36.80057303556059,38.2115648241357,3938895
2009-07-27,37.62091064453125,38.0310818463779,36.91541706748348,38.0310818463779,5271010
2009-07-28,38.16233444213867,38.39203208761292,37.440435821840914,38.293592782776656,5714377
2009-07-29,38.5233039855957,38.72018713794485,37.013874643766805,38.68737253744594,8829709
2009-07-30,39.064727783203125,39.58974801864465,38.62174627111085,38.753000217310195,17110331
2009-07-31,38.5233039855957,39.7866327249714,38.32642083324656,39.34364674484689,5752956
2009-08-03,38.490478515625,39.13034746740364,38.326410010106684,38.917059300358446,3665243
2009-08-04,38.031089782714844,39.327232831286665,37.89983586086229,39.327232831286665,3621563
2009-08-05,37.6865348815918,38.22795990699497,37.07948069223111,38.22795990699497,4774621
2009-08-06,36.931827545166016,37.99827053660298,36.65291021373143,37.53887964105102,7103528
2009-08-07,37.013851165771484,37.5716834431632,36.47242395290129,36.75134120425752,3574790
2009-08-10,36.3083610534668,37.67012848801608,36.0130386924603,37.37480612700959,2330557
2009-08-11,36.538063049316406,36.94823428032115,35.8489744910999,36.94823428032115,2647345
2009-08-12,36.0622673034668,36.53806777320406,34.4543967601804,34.4543967601804,3169220
2009-08-13,36.6693229675293,37.04667967181832,36.291966263240276,37.04667967181832,3372052
2009-08-14,36.718536376953125,37.40762493078293,36.42321398263826,36.42321398263826,5692114
2009-08-17,34.93019104003906,36.554468695396565,34.749715250483476,36.09507779954724,7525848
2009-08-18,35.684906005859375,35.766940252076786,34.4543923125982,35.01222474181233,3831268
2009-08-19,34.81534194946289,36.07867024181552,34.70049533899898,36.01304328936166,2016070
2009-08-20,35.159881591796875,35.42239159229285,34.946593468137,35.2419158278693,1291386
2009-08-21,35.57275390625,35.704873153266156,34.69747145461499,35.341548023915074,2476248
2009-08-24,35.88654708862305,36.117755298602646,35.57276739787928,35.969120809342755,3720905
2009-08-25,36.315914154052734,36.62969370024205,35.91956092518442,36.29939896952604,5644025
2009-08-26,36.15077209472656,36.79484646616594,35.83699250248223,36.332434671274804,4450635
2009-08-27,35.68836212158203,36.481068736132684,35.473669160173145,36.15077394007742,7528977
2009-08-28,35.53973388671875,36.11774984447064,35.143378295153305,35.936087238329,4498782
2009-08-31,35.53973388671875,35.73790944254628,35.07731977654412,35.30852571165384,5347897
2009-09-01,35.19291687011719,35.83699349942892,34.91216764396415,35.638815730416866,4467549
2009-09-02,35.63882064819336,35.73790954637259,34.84611394266987,35.01126135965019,3513954
2009-09-03,35.12685775756836,36.00214027573556,34.846108536233665,36.00214027573556,5440841
2009-09-04,35.39108657836914,35.47366025665783,34.59838016277945,35.20942403814314,3523284
2009-09-07,35.341556549072266,36.05168955324803,35.209437270186044,35.969115843927355,4931172
2009-09-08,35.68836212158203,36.10123061665111,35.523214723554396,35.55624285918696,4162308
2009-09-09,34.82959747314453,35.671849716786134,34.68096525131486,35.671849716786134,8053306
2009-09-10,35.473670959472656,35.886539475483296,35.06080244346201,35.27549541576058,7355612
2009-09-11,35.73789978027344,35.936077522475856,35.225942479546,35.73789978027344,4466196
2009-09-14,35.67185592651367,35.80397298225996,35.34156104719245,35.506708486853064,2292939
2009-09-15,35.44063949584961,35.919566481480786,35.275492104945414,35.87002316019147,6351632
2009-09-16,35.60579299926758,35.95260302769488,35.24246778092369,35.70488189881184,7262510
2009-09-17,35.68836212158203,35.88653765524222,35.35806732552677,35.82047914402216,4533815
2009-09-18,35.62229919433594,35.75441620039778,35.374578128003975,35.374578128003975,3807983
2009-09-22,35.67185592651367,35.93609227796175,35.5727670147262,35.67185592651367,3732519
2009-09-23,36.36546325683594,36.9269639058637,35.77093223553106,35.87002111240766,10885467
2009-09-24,36.79485321044922,37.43892993989896,36.29941095084495,36.662736170536846,10152395
2009-09-25,36.76181411743164,37.2242258593067,36.49757787637965,36.66272524704282,5754133
2009-09-29,36.646209716796875,37.42240324758427,36.497577532590974,37.32331437812882,3351144
2009-09-30,36.315914154052734,37.125135796316066,36.200312342274835,36.72878256744775,5591598
2009-10-01,36.23333740234375,36.66272096389589,36.11773560035753,36.365456627412115,4613924
2009-10-05,35.969112396240234,36.18380536386854,35.72139129202259,35.969112396240234,3847231
2009-10-06,36.16728210449219,36.29939910127632,35.42411895768382,36.21682541829761,2883224
2009-10-07,35.93608856201172,36.46455897030619,35.75442594917866,36.33244192822139,3492297
2009-10-08,35.63882064819336,36.13426289913434,35.53973398996932,36.002145861532156,6173266
2009-10-09,35.62229919433594,35.936078763698816,35.35806294225758,35.8369898891751,4193022
2009-10-12,35.770938873291016,35.91957109620918,35.55624589356021,35.67184997802719,1800379
2009-10-13,35.770938873291016,35.770938873291016,35.770938873291016,35.770938873291016,0
2009-10-14,36.71227264404297,36.993024101367,35.78744905746813,36.10122864862422,6809859
2009-10-15,37.14165496826172,37.65361230382467,36.71227132424263,36.71227132424263,7572106
2009-10-16,36.9930305480957,37.4884728015101,36.844398320062425,37.3233253837053,3312168
2009-10-20,36.9434700012207,37.55451381834817,36.69574898996396,36.82786596665255,3209019
2009-10-21,36.79485321044922,37.2242369500973,36.56364727062494,36.926972490316835,1976113
2009-10-22,36.03516387939453,36.79483994494032,33.35977574609727,36.497575592331486,2682882
2009-10-23,36.4315185546875,36.49757705347244,36.002134952653606,36.332429686532834,1979627
2009-10-26,36.315914154052734,36.66272406929545,35.90304574065772,36.16728197322143,1820035
2009-10-27,36.03516387939453,36.415001912167426,35.85350133504272,35.96910314329974,4096925
2009-10-28,35.53973388671875,36.00214575693818,35.07731977654412,36.00214575693818,1873167
2009-10-29,34.9451904296875,35.98562019780743,34.68095643139153,35.04427929902576,4457277
2009-10-30,34.46627426147461,35.63882139458281,34.05340571037702,35.63882139458281,2912146
2009-11-03,33.82218933105469,34.895647232602144,33.59098346178923,34.18551443986796,3200653
2009-11-04,34.49930191040039,34.64793412903797,33.128577085296946,34.2350656106252,2690289
2009-11-05,35.19291687011719,35.341551316853675,33.83870958171779,34.43324064879906,2975233
2009-11-06,35.242469787597656,35.787457646144595,35.07732235893895,35.638823168387475,2665782
2009-11-09,35.457157135009766,35.58927416088788,34.69747639636812,35.55624378444085,1222652
2009-11-10,34.74702453613281,35.671850505683246,34.515818603734,35.671850505683246,2700520
2009-11-11,35.8535041809082,35.98562118367569,34.680957381517,34.961706572386554,3211200
2009-11-12,35.12685775756836,36.365465432703814,34.862621483405526,36.365465432703814,7034805
2009-11-13,34.59839630126953,35.42413346932317,34.38370329360232,35.17641231890708,5050823
2009-11-16,34.66444396972656,35.29200536486669,34.38369252453825,35.011253919678374,6037955
2009-11-17,34.6479377746582,34.81308519939995,34.2680995937343,34.81308519939995,4578478
2009-11-18,34.49930191040039,34.94519856631314,34.36718264053526,34.68096450649302,3519599
2009-11-19,34.548828125,34.84609465499763,34.38368079943042,34.61488660723704,3934390
2009-11-20,35.27549362182617,35.40761064424874,34.581873654220296,34.71399067664287,4677765
2009-11-23,35.07732009887695,35.407614934913184,34.81308378205693,35.34155641569698,2821321
2009-11-24,34.30112075805664,35.176403275133616,34.202031875374644,35.176403275133616,5439086
2009-11-25,34.581878662109375,34.6314219927036,34.28461195867823,34.35067271941088,1865683
2009-11-26,34.05339813232422,34.58187065610791,33.88825074863615,34.317634394216064,5780245
2009-11-27,33.739620208740234,34.185519062584326,33.161604337437446,33.98734129644143,7226035
2009-11-30,32.96342849731445,34.26809476073497,31.39452818353762,34.02037365855968,34539390
2009-12-01,33.855224609375,34.15248902153549,33.029487642312674,33.69007721596254,9492411
2009-12-02,34.03688049316406,34.25157342045997,33.624012063696455,33.888248306546636,4964876
2009-12-03,34.05339813232422,34.28460402149655,33.970824440480186,34.08642850504373,3578736
2009-12-04,34.26809310913086,34.48278382468676,33.77265092865889,33.85522462540422,3567645
2009-12-07,34.185516357421875,34.41672223965627,34.152485985693524,34.33414855029008,4545289
2009-12-08,34.581878662109375,34.763541274213644,34.08643639634606,34.28461195867823,4206166
2009-12-09,34.35066223144531,34.813073975658455,34.284601490882366,34.54883773327041,3096689
2009-12-10,34.84611892700195,35.077324895854694,34.350676605193705,34.350676605193705,3347394
2009-12-11,34.730506896972656,35.25897948228433,34.598389870622235,35.01125837791105,2530102
2009-12-14,34.66444396972656,34.92868022873531,34.53232472024482,34.680959155906116,1458861
2009-12-15,34.66444396972656,34.846106537792245,34.41672289689736,34.730502474490066,2359025
2009-12-16,34.53233337402344,34.747026368250154,34.20203852747952,34.51582042366047,3602393
2009-12-17,34.56535720825195,34.97822568823779,34.46626832506438,34.97822568823779,1264927
2009-12-18,34.53233337402344,34.763541558568406,34.218553717797775,34.53233337402344,1671508
2009-12-21,34.53233337402344,34.64793746629592,34.2846122391155,34.36718595075148,1309866
2009-12-22,35.17640686035156,35.473671298740214,34.367182769267295,34.56536055482979,3246132
2009-12-23,36.183799743652344,36.48106412655919,35.275489169270166,35.34154767214339,9531688
2009-12-24,35.93608856201172,36.74531048468049,35.68836742813626,36.167294505637756,3529789
2009-12-29,36.23333740234375,36.77832500583642,36.068190050974025,36.24985258547159,3582130
2009-12-30,35.95260238647461,36.4975879643153,35.85351348869761,36.16729313169544,1887030
2009-12-31,36.38197708129883,37.2902877013444,36.08471268344764,36.23334488237324,8785123
2010-01-04,37.12514877319336,37.37286990781983,36.36547241896973,36.398500559613424,4353415
2010-01-05,37.24074935913086,37.78573490801679,37.07560195159512,37.32332306289874,4374738
2010-01-06,37.50498580932617,37.785735059287845,37.32332321231857,37.52150099813688,5549959
2010-01-07,37.83527374267578,38.06648187774198,37.22422975130674,37.62058303434838,4535147
2010-01-08,37.934356689453125,38.2481339709635,37.67011823775588,38.01693036562564,3809958
2010-01-11,38.1168212890625,38.56466986351791,38.017301383405034,38.481735108970554,3041300
2010-01-12,37.569461822509766,38.31587479251329,37.42017967845901,37.88461576519994,2569224
2010-01-13,38.1334114074707,38.31586606991378,37.08843213750525,37.56945326983099,3322262
2010-01-14,38.9295768737793,39.31107577806483,38.1665745657106,38.31585889758206,6747297
2010-01-15,39.360836029052734,40.289707824443525,38.929577177280414,39.26131614002763,11273753
2010-01-18,39.01252746582031,39.80870039381678,38.846657918341904,39.39402652512076,4085821
2010-01-19,38.56467056274414,39.44377807698578,38.365626248321874,38.97934434299948,4992784
2010-01-20,38.780296325683594,39.1286249675374,38.448557333155044,38.564666880439646,3697700
2010-01-21,37.7021484375,38.9627594371193,37.503106371572684,38.64760556233985,3555527
2010-01-22,37.917781829833984,38.13341581884623,36.40837090374213,36.491305668901,4943166
2010-01-25,38.249507904052734,38.813465915458444,37.171358572788584,37.91776895604877,2912852
2010-01-27,37.58604431152344,38.9461730846796,37.221130451792824,38.249520170557325,8252922
2010-01-28,37.78508758544922,39.12863349778886,35.92735017214208,38.4485657151481,11600411
2010-01-29,37.386993408203125,37.71873240429147,36.839624964556975,37.45334075747098,3996285
2010-02-01,37.469940185546875,37.70215710740346,37.1547884880451,37.23772326369029,2078776
2010-02-02,37.718727111816406,38.315857670939316,37.32064082231738,37.619204977004465,3466800
2010-02-03,37.469940185546875,37.90120146885183,37.320658039335484,37.81826669320664,2006355
2010-02-04,37.15477752685547,37.901190287459784,37.05525537549174,37.32064702921198,2254939
2010-02-05,35.62877655029297,36.823037845204766,35.4960818507468,36.690343145658595,4391981
2010-02-08,35.99369430541992,36.14297642125706,35.42973839572998,35.99369430541992,1831316
2010-02-09,35.860992431640625,36.159556603706584,35.67853554882304,35.860992431640625,1113258
2010-02-10,35.595603942871094,36.04345024042891,35.51266919335123,35.99369029061662,1023345
2010-02-11,35.512664794921875,35.91075109336233,35.47948999932318,35.66194687561845,640478
2010-02-15,34.79942321777344,35.99368431240352,34.76624842357589,35.595598030776394,1575236
2010-02-16,35.413150787353516,35.66195506221316,34.76625787291899,34.83260747934767,1192982
2010-02-17,35.52925491333008,35.74488435198682,35.39655797052296,35.661949606388234,989784
2010-02-18,35.877586364746094,36.30884757979393,35.23069566704906,35.579022119578056,1713670
2010-02-19,35.54584503173828,35.87758406050768,35.33021556293788,35.87758406050768,1267093
2010-02-22,35.49608612060547,35.943934722506796,35.41315136097554,35.62878083611361,835164
2010-02-23,35.36338424682617,35.56242854220991,35.18092735101592,35.496081193665006,801182
2010-02-24,35.247276306152344,35.46290574742594,35.048232014400575,35.23068890688153,906081
2010-02-25,35.31363296508789,35.496089905679625,34.865784315430865,35.496089905679625,1650113
2010-02-26,35.67854309082031,36.12638944358836,35.16434713045758,35.496086169433624,1548385
2010-03-02,35.67854309082031,36.32543376687372,35.496086169433624,35.69513049271898,780476
2010-03-03,36.06003952026367,36.15956167482588,35.34679928735882,35.34679928735882,1578097
2010-03-04,36.09321975708008,36.32543665286264,35.92735022441403,36.15956712019659,1157814
2010-03-05,35.910762786865234,36.37519657798634,35.8278280206115,36.159567085626435,766252
2010-03-08,36.50788879394531,36.723518258191454,35.99369286026309,36.1595623711445,1998979
2010-03-09,36.09321975708008,36.62400091176172,35.99369758753054,36.491306185528686,1368556
2010-03-10,36.1927375793457,36.39177964478735,35.87758370533524,36.12638797444924,1572349
2010-03-11,35.42973709106445,36.55764886891008,35.19751797525868,36.1595624914204,4256779
2010-03-12,35.26386642456055,35.62878026094097,35.01506214968734,35.18093166626947,7813231
2010-03-15,34.71649169921875,35.330209700506046,34.56720961099313,35.330209700506046,2420100
2010-03-16,34.81601333618164,34.91553547680451,34.351577429857905,34.517446914313055,1690093
2010-03-17,35.28044891357422,35.446320656809,34.86577517985974,34.86577517985974,2067076
2010-03-18,35.19751739501953,35.46290905888735,33.887148726249336,35.015060485501074,2257266
2010-03-19,35.89417266845703,36.242499110323536,35.03165026476372,35.16434723058157,3363560
2010-03-22,35.67854309082031,36.19273905118304,35.37997660589227,35.496086169433624,2178427
2010-03-23,35.81123352050781,36.12638511986683,35.42973457124412,35.74488617060314,1381649
2010-03-25,35.31363296508789,35.97711111287632,35.164350831785406,35.97711111287632,3128139
2010-03-26,35.413150787353516,35.66195506221316,35.11458430767236,35.346801180924835,2059990
2010-03-29,35.413150787353516,35.71171501728537,35.19751906595891,35.64536766060599,1977720
2010-03-30,35.39656448364258,35.66195616834106,35.3302171249053,35.413151885764236,1369034
2010-03-31,35.54584503173828,35.69512939448393,34.93212692861519,35.49608507732258,1719363
2010-04-01,35.37997055053711,35.695124383424584,35.330210603106956,35.66194958530518,928358
2010-04-05,35.67854309082031,35.91075996815367,35.41315140968961,35.827825208409664,1444077
2010-04-06,35.56243133544922,35.827823000222956,35.46290917994042,35.827823000222956,2818200
2010-04-07,36.673763275146484,36.82304540522181,35.52926394490295,35.52926394490295,3932498
2010-04-08,36.872798919677734,37.453342184959034,35.87758189348122,37.15477797699974,4525961
2010-04-09,36.37517547607422,36.97230589664461,36.25906822052467,36.88937117850284,2218499
2010-04-12,35.97710037231445,36.65716572072159,35.86099308096376,36.192732055821004,854787
2010-04-13,35.74489212036133,36.22591329942283,35.62878255138983,35.661957356738675,1196945
2010-04-15,35.71171569824219,36.126389497582004,35.59560838427665,35.993694781693,1834504
2010-04-16,35.794654846191406,35.89417702018329,35.529265381879206,35.595612747957254,3410045
2010-04-19,35.67854309082031,35.79465040461232,35.3302166499456,35.6287808851243,1997149
2010-04-20,35.81123352050781,36.109799969702465,35.34679757167694,35.66195142078502,2663183
2010-04-21,36.50788879394531,36.88938776907286,35.794648547305705,35.82782334938168,4408329
2010-04-22,36.04344940185547,37.038666372939474,35.69512526177528,36.39177579168467,3257926
2010-04-23,36.37517547607422,36.49128498137198,35.96050188536537,36.1595461088049,1225052
2010-04-26,36.62399673461914,36.93915061053944,36.39177986532203,36.49130202352058,1204934
2010-04-27,37.55286407470703,38.03388518405232,36.52447450468418,36.574234455746094,11718037
2010-04-28,38.1168212890625,39.97456069082298,35.86099776517375,37.320648545307556,8993805
2010-04-29,36.64058303833008,37.7850821989554,36.35860622325528,37.7850821989554,5294606
2010-04-30,36.50788879394531,36.98890992555155,36.4249540385046,36.98890992555155,1318467
2010-05-03,36.27568054199219,36.47472265246109,36.192745766859375,36.47472265246109,1557313
2010-05-04,35.661956787109375,36.47471700767925,35.5458472199925,36.29226008067391,1045708
2010-05-05,35.57902145385742,35.72830357364822,35.23069500784598,35.49608669289038,1404451
2010-05-06,35.413150787353516,35.66195506221316,34.96530219270643,35.33021602906697,1322298
2010-05-07,35.16434097290039,35.413145208564806,34.849187141259634,34.99847148245745,5243780
2010-05-10,35.860992431640625,36.04344706470934,35.23068704097524,35.26385958801097,1121466
2010-05-11,35.413150787353516,36.12638880871811,35.31362862745979,36.12638880871811,838559
2010-05-12,35.44633102416992,35.711720491569245,35.19752446142118,35.69513533716902,1266616
2010-05-13,35.943939208984375,36.026873978966115,35.330221011219656,35.66196009114662,1612426
2010-05-14,35.247276306152344,35.960514227056386,34.99847206633712,35.57901529257264,1711958
2010-05-17,34.384761810302734,35.131174698389664,34.18571747357976,34.83261044305469,1851642
2010-05-18,34.50086212158203,34.81601369534818,34.20229569663339,34.81601369534818,1361316
2010-05-19,34.069610595703125,34.50087183105373,33.87056625638761,34.50087183105373,2450689
2010-05-20,34.53403854370117,34.699908048478086,33.58858371632223,33.92032272587607,2116627
2010-05-21,34.28523635864258,34.567215433705044,33.290019269832854,33.555410943465304,1432024
2010-05-24,34.08620834350586,34.517467459986534,33.87057653551531,34.36818528507013,3809046
2010-05-25,33.47248077392578,33.92032942517365,33.19050166021422,33.83739465640549,2621138
2010-05-26,34.235469818115234,34.50086144069345,33.97007819553701,34.135947678429794,1674436
2010-05-27,33.621761322021484,34.66674070906457,33.24026230358083,34.66674070906457,4522469
2010-05-28,34.18571472167969,34.46769380104676,33.62175881269487,33.62175881269487,1223573
2010-05-31,34.26864242553711,34.38475196366723,33.887143514107585,34.252057277017535,3962642
2010-06-01,34.517452239990234,34.83260610887901,34.119365865827135,34.83260610887901,2173677
2010-06-02,34.633567810058594,34.71650257948139,34.16913400119077,34.633567810058594,1067731
2010-06-03,35.03165817260742,35.14776776268928,34.63357168479082,34.79944124219356,855327
2010-06-04,35.081417083740234,35.21411181725784,34.76626315457405,35.16435185462615,730766
2010-06-07,34.6501579284668,34.81602748030699,33.83739757439977,34.63357052333282,1110289
2010-06-08,34.18571472167969,34.83260763908069,34.05302000771243,34.65015072006372,1369731
2010-06-09,33.986663818359375,34.45109744629824,33.88714168387284,34.18570583758372,2036943
2010-06-10,33.82080078125,34.40134405154284,33.67151867598167,34.10277759125703,2079894
2010-06-11,33.638343811035156,34.1691271284802,33.571996458791816,34.00325762299727,1791437
2010-06-14,34.18571472167969,34.28523688202979,33.7378683747282,34.15254216806253,1700881
2010-06-15,34.26864242553711,34.334992018610805,34.00325305223771,34.20229508221226,1047592
2010-06-16,34.05302429199219,34.567220310368654,33.97008952289113,34.2686537917551,1289944
2010-06-17,34.11936569213867,34.28523520134135,33.92032363094498,34.05301833840744,662067
2010-06-18,34.11936569213867,34.46769211141414,33.804214074603415,34.03643093753733,1111519
2010-06-21,34.301815032958984,34.41792456367909,34.11935816314826,34.235467693868365,1131800
2010-06-22,34.03643035888672,34.41793157341653,33.87056085250397,34.33499682022516,1139377
2010-06-23,33.93690490722656,34.11936179646683,33.804210214914875,33.83738501286727,1355354
2010-06-24,33.654937744140625,34.102784146024476,33.50565561017934,33.87056724322364,2329371
2010-06-25,33.621761322021484,33.903740422433785,33.47247919522947,33.53882655716487,1672844
2010-06-28,34.2520637512207,34.417933265759316,33.638345647528126,33.638345647528126,2401306
2010-06-29,34.01984405517578,34.749671706590505,33.870561944567946,34.41793268312899,1542276
2010-06-30,34.53403854370117,34.666735497372194,33.704691019816586,33.83738797348761,2708253
2010-07-01,34.2520637512207,34.51745317468306,34.00325947941278,34.4013458643556,1450319
2010-07-02,34.351585388183594,34.58380452001874,34.202303267539136,34.36817279042173,1534161
2010-07-05,33.87055969238281,34.46769034485784,33.173909139286174,34.16912614349487,1409644
2010-07-06,33.853981018066406,33.986678002679035,33.77104624633964,33.87056842236169,765539
2010-07-07,34.069610595703125,34.76626128380838,34.01984838599949,34.169132765360885,4099698
2010-07-08,33.8373908996582,34.50086897614175,33.78762869407234,34.50086897614175,2147848
2010-07-09,33.82080078125,34.069605039946936,33.72127862782139,34.00325768757758,2076435
2010-07-12,33.48906326293945,34.00325920379107,33.4061285063424,33.88714964465549,4188571
2010-07-13,33.505653381347656,33.65493550537853,33.256849091379706,33.439303770889985,3777184
2010-07-14,33.4061279296875,33.837389106497646,33.32319317452206,33.80421430453178,2928502
2010-07-15,33.422725677490234,33.72128998861401,33.356376053018366,33.67153002001002,3552196
2010-07-16,33.29001998901367,33.65493382936037,33.17391267599378,33.65493382936037,1309829
2010-07-19,33.19049835205078,33.638346958660684,32.8753467120935,32.8753467120935,3056097
2010-07-20,33.124141693115234,33.38953330215537,33.074381750685276,33.33977335972541,2241425
2010-07-21,33.140724182128906,33.29000623705776,33.041202062260204,33.29000623705776,1373142
2010-07-22,33.654937744140625,34.06961158833841,33.17391653482111,33.40613343762195,5819774
2010-07-23,33.505653381347656,33.97008715605471,33.37295641018175,33.97008715605471,1826820
2010-07-26,33.505653381347656,33.65493550537853,33.17391432805706,33.505653381347656,1879489
2010-07-27,33.5554084777832,33.77103793128095,33.223669472556445,33.223669472556445,2785906
2010-07-28,33.588584899902344,34.03643122873155,33.42271538928059,33.671519655213224,3199899
2010-07-29,33.29001998901367,33.82080334774535,33.09097791680129,33.24026003339791,2312762
2010-07-30,33.306610107421875,33.572001808434116,33.2236753414649,33.33978491370447,1285466
2010-08-02,33.35636520385742,33.638344266899416,33.27343044999203,33.505649560614465,778568
2010-08-03,33.140724182128906,33.439288291986614,33.074376852132566,33.439288291986614,1708893
2010-08-04,33.22367477416992,33.339784344426924,32.72606618692471,33.339784344426924,1886451
2010-08-05,32.775821685791016,33.439299711835424,32.676299531934525,33.024625945557666,1508701
2010-08-06,33.024627685546875,33.58858583719756,32.8421707688216,32.92510552644679,3922176
2010-08-09,33.887149810791016,33.97008456779467,33.3729538674185,33.422716071470255,3155186
2010-08-10,33.6715202331543,34.15254137226383,33.52223587123301,34.15254137226383,2033594
2010-08-11,33.22367477416992,33.70469595855706,33.17391481534519,33.50565387350866,1383082
2010-08-12,33.090980529785156,33.240262658169634,33.00804351429433,33.041218320490664,746648
2010-08-13,33.8042106628418,33.903732808268764,33.05779794676302,33.29001478625995,2838836
2010-08-16,34.932125091552734,35.66195271626357,33.9700828586145,33.9700828586145,10437835
2010-08-17,34.83260726928711,35.59560749087189,34.69991030697929,35.3136284144984,4272775
2010-08-18,34.484275817871094,35.247275928410566,34.0530146901967,35.04823163879194,2042150
2010-08-19,34.61698532104492,35.164356226799306,34.218898821246235,35.164356226799306,2150678
2010-08-20,34.235469818115234,34.86577295320826,34.16912247490789,34.66673092358623,1350531
2010-08-23,34.61698532104492,34.79944228962972,33.93691966527429,34.40135578983103,1558660
2010-08-24,34.18571472167969,34.81602023739745,34.01984520434596,34.81602023739745,1419761
2010-08-25,34.18571472167969,34.50086860441323,33.95349784736233,34.00326005241204,1708531
2010-08-26,34.981895446777344,35.2306997632619,34.1691351295444,34.46769940942599,6819779
2010-08-27,34.61698532104492,35.330225789194586,34.40135578983103,35.13118141442028,3318728
2010-08-30,36.076629638671875,36.32543391894549,34.83260823730379,34.96530295354998,12599675
2010-08-31,36.09321975708008,36.74011048452776,35.66195852219845,36.126392313763574,7251681
2010-09-01,35.89417266845703,36.39178122833794,35.59560843242823,36.09321699230913,4105554
2010-09-02,35.69512176513672,36.19273020193377,35.51266488836137,36.19273020193377,2077611
2010-09-03,35.82782745361328,36.19274131925453,35.76148009161019,35.960522177619474,2025354
2010-09-06,35.84441375732422,36.09321804451795,35.496087305303114,35.496087305303114,1657041
2010-09-07,35.72722244262695,36.329931283515684,35.576545800096135,36.329931283515684,2364772
2010-09-08,35.660247802734375,35.861151464390645,35.40911936104653,35.72721493303147,2119627
2010-09-09,34.99056625366211,35.827660922815305,34.87337209167481,35.79417622774333,4325702
2010-09-13,35.3421516418457,35.66024949973327,35.107765539269415,35.42586112639189,2223035
2010-09-14,35.174739837646484,35.6100297001057,35.00732083445183,35.19148219211907,2096762
2010-09-15,35.77744674682617,35.92812337774524,35.174735681619325,35.174735681619325,3700295
2010-09-16,35.37564468383789,36.12903022236542,35.25845046953847,35.79419220524208,1645185
2010-09-17,35.24171447753906,35.643519690591305,35.158004963537934,35.57655253354358,3999245
2010-09-20,35.37564468383789,35.576548402418155,35.29193517955706,35.42586947810014,1658444
2010-09-21,35.37564468383789,35.82767691526067,35.25845046953847,35.67699799094265,4168036
2010-09-22,35.442604064941406,35.760701928101675,35.258442741734186,35.409121633027,2530696
2010-09-23,35.174739837646484,35.5765472619261,35.05754789786957,35.35890119531372,1296047
2010-09-24,35.3421516418457,35.42586112639189,34.97383127230157,35.17473267275334,2212027
2010-09-27,35.442604064941406,35.86115376537518,35.258442741734186,35.86115376537518,1731020
2010-09-28,35.79418182373047,35.87789130373275,35.3588920735656,35.49282860402824,3076594
2010-09-29,36.380149841308594,36.98285857893881,35.861152858259736,35.861152858259736,11684464
2010-09-30,35.660247802734375,36.765213400313904,35.543053621640716,36.43037547806344,5236368
2010-10-01,36.32992172241211,36.58105015079473,35.7941801668899,35.7941801668899,3875195
2010-10-04,36.73173141479492,36.99960222654786,36.11228257530423,36.58105479279801,4550532
2010-10-05,37.46836853027344,37.70275687279112,36.6982431903375,36.73172561729374,10282420
2010-10-06,37.41814041137695,38.054331445118585,37.15026966583562,37.669268809553586,5975746
2010-10-07,36.581050872802734,37.6357893845214,36.29643774004568,37.41814565060006,5825104
2010-10-08,36.664764404296875,37.06656948791081,36.380151240072536,36.664764404296875,2872678
2010-10-11,36.7987060546875,37.41815729127284,36.66477175687935,37.36793249728619,2923343
2010-10-12,36.64802932739258,36.88241548346274,36.229481809136715,36.83219068957828,1328063
2010-10-13,36.78196334838867,37.16702613021061,36.59780199895692,36.765220994664794,2785869
2010-10-14,35.81092071533203,37.10004749117173,35.49282517619742,36.96611097364443,6206210
2010-10-15,35.74395751953125,36.31318153696608,35.392377244691644,35.827667000647104,3825540
2010-10-18,35.74395751953125,36.39689101808194,35.42585967467899,36.29643918658991,2661071
2010-10-19,35.275184631347656,35.99508756341379,35.091023310550966,35.89463572745513,2506333
2010-10-20,34.90686798095703,35.57654393103657,34.73944899343715,35.42586502565639,1611212
2010-10-21,35.35890197753906,35.827676559313865,35.22496768032661,35.59328813304366,5077785
2010-10-22,35.79418182373047,36.430375234206814,35.392376773872506,35.810924173883926,7613777
2010-10-25,34.73944854736328,36.129025217629234,34.60551199660799,35.861156657649275,4373958
2010-10-26,34.22044372558594,34.9570866883869,34.08650719640807,34.82315242997398,3559839
2010-10-27,34.10325241088867,34.572026896238306,34.01954292465822,34.438090355810495,4326267
2010-10-28,33.46706008911133,34.3878644064256,33.21593163893471,34.3878644064256,12789477
2010-10-29,33.617740631103516,34.15348229568612,33.48380635034053,33.51728878514861,2557085
2010-11-01,33.701438903808594,34.05301911221396,33.58424474408528,33.75166367468169,3644082
2010-11-02,33.517295837402344,33.634490060802364,32.83087739484321,33.48381339554934,8722079
2010-11-03,33.63448715209961,33.684711945918586,33.16571256980484,33.483810499877066,5792586
2010-11-04,33.98606491088867,34.94035181551617,33.48380792821143,33.75167650236027,7578044
2010-11-08,32.931304931640625,33.28288507132059,32.244886996220515,32.56298244802082,23828591
2010-11-09,34.75619125366211,35.15799866550239,32.94806698344279,33.04851883640286,37552410
2010-11-10,34.153472900390625,35.241696012217375,34.03627873388801,34.82314866151478,23142609
2010-11-11,33.902347564697266,34.722699992322184,33.75166868816695,34.15347599789458,9305659
2010-11-12,33.33312225341797,34.13673462510577,33.14896094298337,33.76841200423657,8655373
2010-11-15,33.885616302490234,34.42135577281473,33.48381113205545,33.48381113205545,6781511
2010-11-16,33.534034729003906,34.069776450957626,33.450325226871485,34.069776450957626,5839719
2010-11-18,33.95257568359375,34.237188844192836,33.29964214719218,33.85212384627848,11698558
2010-11-19,34.119991302490234,34.572023390604286,33.58424973663394,33.65121913543966,13151040
2010-11-22,33.96931457519531,34.11999118043938,33.0485103233245,33.818637969951254,16159489
2010-11-23,32.96480178833008,33.61773527689801,32.47928498866921,33.18244552759773,29650997
2010-11-24,32.51277542114258,32.897838187971566,32.14445273662022,32.311871725809404,29495589
2010-11-25,32.328609466552734,32.562995563824614,31.240386192080024,31.809610219958895,297127250
2010-11-26,32.295127868652344,32.395577433812406,31.290614050930884,32.06073949457192,108003635
2010-11-29,31.42455291748047,32.14445368390299,31.139939719165277,32.06074418684151,47311917
2010-11-30,31.792879104614258,31.84310390006107,30.738137963339998,31.1734278500199,56380039
2010-12-01,32.4290657043457,32.562999986473194,31.60871311709277,31.675680258156515,49377032
2010-12-02,33.148963928222656,33.18244863159532,32.32861140324417,32.61322456961628,69791050
2010-12-03,33.416839599609375,33.60100095339412,32.563002247164114,33.148968745992065,70133580
2010-12-06,33.38334655761719,33.58424793093791,33.0819910914889,33.483798379659945,35990183
2010-12-07,33.13222122192383,33.31638026358529,32.84760807810429,33.13222122192383,22324627
2010-12-08,32.76389694213867,33.06525015033127,32.57973563901435,32.88109111797184,8690959
2010-12-09,32.01051330566406,32.89783289736242,31.80960964264009,32.74715628547695,19659317
2010-12-10,32.17792892456055,32.29512309427526,31.675672089951387,31.943542855895892,12656908
2010-12-13,32.780643463134766,32.897835383116245,32.12770991511884,32.177934699287306,10228525
2010-12-14,32.49603271484375,32.98154732406186,32.395580868269064,32.814128336692484,12502825
2010-12-15,32.362091064453125,32.57973479017001,32.228154542595576,32.479282966468055,7532899
2010-12-16,32.17792892456055,32.39557264458528,31.926800507255965,32.37883256671012,10117565
2010-12-20,32.0942268371582,32.512774295642245,31.977032640476555,32.06074213217337,12117884
2010-12-21,32.52951431274414,32.847609904201924,32.110966884308866,32.144449316124614,13693395
2010-12-22,32.79737854003906,32.91457043402637,32.52950778543787,32.61321725432795,11598882
2010-12-23,32.56299591064453,32.84760906299783,32.512771128824575,32.663447745049524,4611659
2010-12-24,32.73041915893555,32.814128653428234,32.31187168647213,32.31187168647213,4676656
2010-12-27,32.37883377075195,32.747154100702865,32.26163959667925,32.64670227589267,5508784
2010-12-28,32.19468307495117,32.46255393909031,32.11097357183054,32.3118750168607,6071879
2010-12-29,32.044002532958984,32.31187109381005,31.977033121980888,32.16119446063999,10314957
2010-12-30,32.34535598754883,32.663451608484785,31.692422392834963,32.044002719454845,31947999
2010-12-31,32.91457748413086,32.98154461943395,32.39557821169291,32.44580526624409,12208677
2011-01-03,32.91457748413086,33.065254106254095,32.763900862007624,32.964804538682046,5686478
2011-01-04,32.948055267333984,33.115474205812546,32.730409284853046,32.964797615334774,9878712
2011-01-05,32.84761047363281,33.09873893504742,32.71367620251775,32.94806231235169,6557909
2011-01-06,33.148963928222656,33.40009466198729,32.74715884157658,32.88109538430206,16916733
2011-01-07,32.76389694213867,33.450315106093925,32.52951086123721,33.148959627136435,15775814
2011-01-10,32.19468307495117,33.015035751380246,32.127715926607785,32.747164887241105,11747099
2011-01-11,32.16119384765625,32.81412742612531,31.876582939485264,32.41232232174168,8402847
2011-01-12,32.56299591064453,32.62996531409124,31.97702952584133,32.378836863461295,5356220
2011-01-13,32.39558029174805,32.629968686506196,32.29513071772633,32.54625919431123,5840003
2011-01-14,32.68020248413086,33.19920193299169,32.228170193337185,32.31187970861261,13619178
2011-01-17,32.73041915893555,32.814128653428234,32.02726076765622,32.31187168647213,10222664
2011-01-18,33.03177261352539,33.11548210272653,32.54625803031181,32.54625803031181,8525103
2011-01-19,32.780643463134766,33.14896384548892,32.61322448821965,32.76390111149022,8181638
2011-01-20,33.115482330322266,33.148964763773705,32.47928884556203,32.47928884556203,8113388
2011-01-21,33.0987548828125,33.14897969098886,32.78065913257428,32.897851108574535,7263505
2011-01-24,32.99828338623047,33.23266946971166,32.780639652447555,32.86434913017405,10580288
2011-01-25,32.948055267333984,33.299635492291905,32.83086110209312,33.14895663104945,5774233
2011-01-27,33.081993103027344,33.316379188202355,31.190159801043087,32.914574146364494,21308494
2011-01-28,32.328609466552734,33.08199481041845,31.87657962269233,32.98154297708335,12161301
2011-01-31,32.328609466552734,32.94806054648168,31.87657962269233,32.094223369280854,10372393
2011-02-01,32.02726364135742,32.68019730283288,31.977036577695884,32.47929358971786,5685819
2011-02-02,31.993772506713867,32.31186809628928,31.591967431946756,32.161191477097255,9759510
2011-02-03,33.03177261352539,33.132224454719804,31.826355060722857,31.97703168713187,8272335
2011-02-04,32.579734802246094,33.55076607070516,32.52951002575891,32.96479974811885,13585721
2011-02-07,32.74716567993164,32.98155184018993,32.31187579901444,32.596489024820286,10075695
2011-02-08,32.044002532958984,33.148966023382954,31.96029304000169,33.148966023382954,6969251
2011-02-09,32.110965728759766,32.54625549282109,31.72590074599723,32.47928609006931,15914271
2011-02-10,31.94354820251465,32.56299703975531,31.82635401318431,32.02725768896056,15041071
2011-02-11,32.448455810546875,32.81871680970581,32.22966304116576,32.48211465625435,16032113
2011-02-14,33.172149658203125,33.407770710002524,32.330644271255665,32.49894534864516,9448315
2011-02-15,33.23946762084961,33.40776868805296,32.91969604970911,33.15531708724794,6653191
2011-02-16,33.18897247314453,33.256292431835796,33.054332555762,33.13848307480831,3070813
2011-02-17,33.18897247314453,33.30678411290094,33.07116083338812,33.18897247314453,2410838
2011-02-18,33.02068328857422,33.323624352796934,32.7177422243515,33.188984387082336,7982842
2011-02-21,33.30678939819336,33.32361767848988,32.66724398231767,32.66724398231767,9078739
2011-02-22,33.13848876953125,33.28995927329846,32.91969601277478,33.15531705004925,6311548
2011-02-23,33.525577545166016,33.74437028387504,33.15531431518404,33.15531431518404,28541975
2011-02-24,33.0711669921875,33.66022301793974,32.616755474350306,33.49191966577528,14267832
2011-02-25,33.39093017578125,33.60972058301156,32.465274589804594,33.172137485822326,31955636
2011-02-28,33.30678939819336,35.14127054796211,32.8860367361946,33.76120090351446,128195783
2011-03-01,33.491920471191406,33.69388267246208,32.987017250744124,33.491920471191406,22095525
2011-03-03,33.42460250854492,33.963166889170445,33.1721508831385,33.1721508831385,12055696
2011-03-04,33.323612213134766,33.64338600999164,33.205802856734415,33.42459329199857,5797710
2011-03-07,33.00385284423828,33.28996562585213,32.34747901417504,33.28996562585213,6845096
2011-03-08,32.97019577026367,33.28996741929294,32.21284078337492,32.98702405489952,8299919
2011-03-09,33.00385284423828,33.155323376909834,32.85238231156673,32.987022277779275,4984092
2011-03-10,33.12165451049805,33.289955558733176,32.75139129128914,32.98701230227251,4963678
2011-03-11,33.00385284423828,33.18898450982785,32.818721178648715,32.818721178648715,6148250
2011-03-14,33.25630187988281,33.3572829879727,32.869210295389415,32.869210295389415,4743614
2011-03-15,32.90285110473633,33.071152098375975,32.66723017018648,32.936512216555585,7316083
2011-03-16,33.18897247314453,33.32361239052707,32.98701031434181,33.003840874696856,3548194
2011-03-17,33.10483169555664,33.172151674057545,32.91970004263195,32.91970004263195,4312518
2011-03-18,32.97019577026367,33.323626271294515,32.85238408143347,33.15532516309702,7614611
2011-03-21,32.785057067871094,33.0206781123009,32.73456537659582,32.91969701247973,3473055
2011-03-22,32.768226623535156,32.95335826009377,32.58309498697653,32.95335826009377,3536038
2011-03-23,32.8018798828125,33.10482082798262,32.68406824706365,32.76821876324745,5655111
2011-03-24,32.97019577026367,33.05434632436242,32.7009135406017,32.98702405489952,7807585
2011-03-25,33.03750228881836,33.121652808612026,32.83554012822198,33.05433284932288,8602591
2011-03-28,33.35726547241211,33.458246527477876,32.95334353487743,33.00383292104613,11509824
2011-03-29,33.5928955078125,33.77802711177006,33.239462860753335,33.357274504016054,8985339
2011-03-30,33.99681854248047,34.11462789852676,33.609724788454024,33.660216469098636,4832583
2011-03-31,34.299766540527344,34.61953811937467,33.761202199404956,33.99682552535186,15647437
2011-04-01,35.29273986816406,35.511532614715996,34.11463245400959,34.11463245400959,22114974
2011-04-04,35.64616775512695,36.10058146685269,35.073944687466735,35.073944687466735,10060811
2011-04-05,35.410545349121094,35.76397796829508,35.05711272994711,35.51152642356063,7752278
2011-04-06,35.36005783081055,35.982772627512304,35.22541790420269,35.343229552031374,5371783
2011-04-07,35.3264045715332,35.91545833827958,35.141272931152734,35.360063417138186,5888794
2011-04-08,35.309566497802734,35.494698098809806,34.87198333616665,35.360055896836954,3282029
2011-04-11,35.09078598022461,35.32640704688746,34.87199319617871,35.02346371883842,2761151
2011-04-13,35.42737579345703,35.612505099477296,34.68684943846076,34.703679997934096,5725109
2011-04-15,35.36005783081055,35.57885056495966,35.22541790420269,35.36005783081055,2726721
2011-04-18,35.073951721191406,35.73032543874629,34.95614005890209,35.34323389018887,3846832
2011-04-19,34.82149887084961,35.259082094485095,34.67002836955675,35.259082094485095,2130742
2011-04-20,35.09078598022461,35.259087068230876,34.70369210817244,35.259087068230876,3816903
2011-04-21,35.208595275878906,35.34323751555337,34.93931307925958,35.09078588423454,3804886
2011-04-25,35.19176483154297,35.477877594446255,35.00663546078983,35.00663546078983,1583736
2011-04-26,35.10759735107422,35.39370997595269,34.70367539097935,35.34322058696402,4390914
2011-04-27,35.12443923950195,35.34323198873551,34.922479335666246,35.17493092750781,2846797
2011-04-28,35.02345275878906,35.174925516777314,34.88881284360937,35.05711387894843,5158203
2011-04-29,35.19176483154297,35.51153872516298,34.888823786010924,35.02346374341859,3615042
2011-05-02,35.8144645690918,35.949106752079615,35.006620602079444,35.006620602079444,5731198
2011-05-03,35.006629943847656,35.8481352518508,34.87198772492961,35.67983419025017,3804669
2011-05-04,35.10759735107422,35.20857841178006,34.51854382680672,34.88880695515198,4044546
2011-05-05,34.282936096191406,35.10761089168807,33.92950338877015,35.006632074764326,5204752
2011-05-06,34.70368194580078,34.888813544941016,34.29975990941323,34.367079868356335,2973311
2011-05-09,34.569053649902344,34.939314689934264,34.50173366832651,34.720524179130386,3424009
2011-05-10,34.451236724853516,34.90565052608228,34.33342734571486,34.51855669617979,1276536
2011-05-11,35.05711364746094,35.1749252845119,34.38390951055,34.38390951055,5173641
2011-05-12,34.1314697265625,35.05712573394932,34.064149746207576,35.05712573394932,2199955
2011-05-13,34.1146354675293,34.56904928050697,34.013654366564325,34.09780490358023,3389298
2011-05-16,34.26609802246094,34.40074022006577,34.09779698750157,34.198778065022964,2643860
2011-05-17,34.16511154174805,34.50171353594346,34.11461987298171,34.26609031382397,2042475
2011-05-18,34.1146354675293,34.63636925357381,34.03048493051339,34.26610597761205,3314783
2011-05-19,33.273128509521484,34.31659603181452,33.10482744352127,34.13146440266842,2532955
2011-05-20,33.99681854248047,34.19877841687222,33.10482167838128,33.20580275694161,1959647
2011-05-23,33.525577545166016,33.76119856300493,33.323615368316005,33.76119856300493,1694918
2011-05-24,33.25630187988281,34.131468439689066,33.121661924249345,33.643395747105785,9876185
2011-05-25,32.667240142822266,33.47508652854844,32.46528025843748,33.323613761848584,5753045
2011-05-26,32.16233825683594,32.95335411223466,31.977206643579947,32.81871190135344,4935316
2011-05-27,32.86919403076172,32.97017508888326,32.21282057706438,32.21282057706438,4500032
2011-05-30,33.323612213134766,33.407762731733115,32.7008997451443,32.98701013874135,8167114
2011-05-31,34.013648986816406,34.131460633096836,33.323614235879,33.39093648102727,7467651
2011-06-01,33.87900161743164,34.080963743039355,33.60971954419753,33.84534050225417,1794961
2011-06-02,33.407772064208984,34.06414811881821,33.32362152210314,33.66022597325607,4461069
2011-06-03,33.99681854248047,34.29975949543255,33.40776263133336,33.40776263133336,5649415
2011-06-06,34.16511154174805,34.2492620402969,33.559227495650624,33.92948831962856,4910297
2011-06-07,34.14828872680664,34.232439244432165,33.946326571413834,34.04730764911024,6516069
2011-06-08,34.1146354675293,34.16512715937649,33.77803331946566,33.84535329253251,14162904
2011-06-09,34.16511154174805,34.282920870079415,33.963149432139446,33.99681054465034,6989160
2011-06-10,34.064144134521484,34.26610404231564,33.82852310073034,34.1651252297832,7661567
2011-06-13,34.518550872802734,34.67002363614468,33.84534670765266,33.9968194709946,2849421
2011-06-14,34.90564727783203,35.00662836678903,34.38391355382849,34.38391355382849,4458752
2011-06-15,34.26609802246094,34.95613272234015,34.11462754754328,34.92247388498561,2533103
2011-06-16,34.33342361450195,34.501724665892084,33.9463298266672,34.19878140375239,2472762
2011-06-17,34.569053649902344,34.67003476363094,34.181959761064334,34.19879032714072,2524363
2011-06-20,34.316593170166016,34.90564685204578,33.34044569912779,34.35025201092167,6194464
2011-06-21,34.1146354675293,34.48489874349106,33.79486388341473,34.26610597761205,5126564
2011-06-22,34.43439865112305,34.4680597708093,34.01364606868914,34.11462714501905,2408781
2011-06-23,34.41758728027344,34.602716681298695,34.26611445000917,34.35026500783155,3746535
2011-06-24,34.88880920410156,35.0571102218839,34.26609452521546,34.33341675851131,5675164
2011-06-27,36.47084426879883,36.807446338247765,34.417570732068796,34.417570732068796,29869389
2011-06-28,36.723297119140625,36.992576958036345,36.386695037792016,36.82427591736204,13872282
2011-06-29,37.05990219116211,37.194542121475195,36.655977834764585,36.79062004780681,13356359
2011-06-30,36.857933044433594,37.53113713417822,36.369860535914476,37.02623406686975,30432762
2011-07-01,37.11038589477539,37.27868692318292,36.82427323339107,37.02623538057162,23953730
2011-07-04,37.17771530151367,37.49748688023973,36.925263694720044,37.144056456912146,5307022
2011-07-05,36.89160919189453,37.14406082839921,36.35304478759269,37.02624915160517,10665833
2011-07-06,36.70647048950195,36.92526095271771,36.53816943080393,36.77379045643533,3270036
2011-07-07,37.00941467285156,37.12722633718906,36.50451145322701,36.857944163510076,5856910
2011-07-08,36.7569580078125,37.278691719549116,36.63914864240687,36.77378856936448,12625687
2011-07-11,36.3530387878418,36.62232094555006,35.78081334668827,36.538170413936804,2848918
2011-07-12,36.42035675048828,36.689638893364,35.8649619027954,36.2520556965321,2954427
2011-07-13,37.093563079833984,37.463826332726136,36.420358825651356,36.454019951452196,3819442
2011-07-14,36.723297119140625,37.127219160213166,36.45401499751595,36.85793703858848,10479376
2011-07-15,37.11038589477539,37.76675944901899,36.470842899918296,36.470842899918296,8242815
2011-07-18,36.807456970214844,37.329188502381626,36.70647586366563,37.17771798392258,2085379
2011-07-19,36.975746154785156,37.14404718396485,36.55499358183592,36.588652418034584,2972184
2011-07-20,36.74012756347656,37.17771075157847,36.63914875930074,36.908428614075056,4177419
2011-07-21,36.3530387878418,36.85794197752131,36.06692606726504,36.689640914294806,3008285
2011-07-22,36.87476348876953,37.076723345428846,36.13423944889465,36.35302986429108,3369044
2011-07-25,36.521331787109375,36.857933839240204,36.11740978109814,36.82427272093561,7429567
2011-07-26,36.689640045166016,36.97575275896515,36.10058633782715,36.35303792668667,5770592
2011-07-27,36.06692886352539,36.74013316862477,35.84813837745987,36.57183209234993,7214188
2011-07-28,35.528358459472656,36.01643332378354,34.88881539156944,35.71349006841171,13905358
2011-07-29,35.376888275146484,36.235224081933616,34.45123250527839,35.006627336836694,9768024
2011-08-01,36.167911529541016,36.5886642384192,35.376895523758215,35.376895523758215,4672455
2011-08-02,36.336204528808594,36.4540161741749,35.9322824746983,36.151072921545406,3239197
2011-08-03,35.22541046142578,36.23521654581,34.703676861281544,35.864953401777676,12800281
2011-08-04,35.174922943115234,35.982766940543186,34.939299684697424,35.54518382413274,6939466
2011-08-05,34.43439865112305,34.90564291308633,33.71070512242827,33.8285167586013,12075758
2011-08-08,34.484893798828125,34.956135825455775,33.12165483809438,33.17214423997267,13716718
2011-08-09,34.299766540527344,34.905650853607696,33.32361895758418,33.32361895758418,7228990
2011-08-10,34.85514831542969,35.14126096062249,34.35024525878027,34.51854627766341,5126905
2011-08-11,34.670021057128906,35.090773629048975,34.43439779067063,34.45122835009319,6299073
2011-08-12,34.87198257446289,35.20858464794923,34.67002270000843,34.922474255123184,6421148
2011-08-16,34.87198257446289,35.30956572654091,34.703681537719724,35.023453050985964,4242848
2011-08-17,34.72051239013672,35.24224606497707,34.56904191233892,34.56904191233892,7430913
2011-08-18,34.55220413208008,34.95612608271519,34.21560212609607,34.83831675025785,5110388
2011-08-19,34.013648986816406,34.518552129054164,33.50874584457865,33.660218613433216,5245806
2011-08-22,34.73734664916992,34.871986580941815,33.57606981876753,33.996822458966165,3059716
2011-08-23,34.064144134521484,35.141270490944805,33.99682416525677,34.78783779889344,2837432
2011-08-24,34.35024642944336,34.58586969009277,33.761192843277314,34.46805805976806,6888368
2011-08-25,33.559234619140625,34.5017208594914,33.32361134700629,34.35024810376823,13758009
2011-08-26,32.8018798828125,33.66021560443297,32.51576721469606,33.55923452846665,9286925
2011-08-29,33.64338684082031,33.710706800815686,32.650408870654864,32.71773111337921,6345123
2011-08-30,33.7275390625,34.030480039122104,33.4077652416189,33.99682119879136,3821904
2011-09-02,33.441429138183594,35.34323252875229,33.10482701058516,34.73734824252926,8166250
2011-09-05,32.700897216796875,33.49191066082497,32.54942675157692,33.37410131353333,7422597
2011-09-06,32.513362884521484,33.04189717275725,32.138273438035846,33.04189717275725,14848826
2011-09-07,33.00779342651367,33.33173301283148,32.5986064589289,32.63270633642897,11526455
2011-09-08,32.80319595336914,33.3487777204064,32.51335397753355,33.2805802885871,7049237
2011-09-09,32.769107818603516,33.058949898256046,32.547465507681245,32.769107818603516,6782680
2011-09-12,32.17237091064453,32.63270771391101,31.882528877108854,32.41106312577099,5271294
2011-09-13,32.25762176513672,32.51336394724052,32.13827448849486,32.34286915917132,4033213
2011-09-14,32.37696075439453,32.51335562494408,31.899574082505136,32.411058315790434,4248247
2011-09-15,32.73500061035156,32.871397804811885,32.01892401124673,32.46221084639724,8283475
2011-09-16,33.9796142578125,34.1842088964006,32.64975373195625,32.87139830917389,6853575
2011-09-19,33.39993667602539,34.18421313794784,33.26353946254821,33.553381517764166,3721222
2011-09-20,33.68976593017578,34.064855259857694,33.33172653593082,33.33172653593082,4399666
2011-09-21,33.84321975708008,33.996666904485764,33.468132639768164,33.519280147247805,2182138
2011-09-22,32.82024383544922,33.57042252881838,32.632701474589794,33.55337259260856,3792171
2011-09-23,32.752052307128906,33.14419166071216,32.29171782137894,32.56450759997894,3612112
2011-09-26,32.4792594909668,32.88844877469848,32.2405672837788,32.752051575960174,1880644
2011-09-27,32.95664978027344,33.178292072517145,32.58156033380186,32.8884523297741,1273121
2011-09-28,33.195335388183594,33.28058276241508,32.70090108013757,33.00779070237771,4398260
2011-09-29,33.229434967041016,33.7409192078764,32.78614816248708,33.007790408522546,9460952
2011-09-30,33.57041931152344,33.79206152356093,33.07598277123839,33.07598277123839,6946805
2011-10-03,33.195335388183594,33.468127448220955,32.80319839171196,33.39993001133237,7517061
2011-10-04,32.68385696411133,33.43403352846565,32.59860957469644,33.00779658139121,2740436
2011-10-05,32.70090103149414,33.093038027382455,32.56450384543684,32.75204853096374,3503641
2011-10-07,33.16122817993164,33.706812179351125,32.90548611379423,33.04188326989036,4435678
2011-10-10,33.43403244018555,33.553379706475,32.939598060169764,32.939598060169764,8326437
2011-10-11,33.655670166015625,33.77501509547122,33.24648094364536,33.58747042063199,5044978
2011-10-12,33.79207229614258,34.03076451884862,33.45108274585298,33.99666695130969,4905765
2011-10-13,33.8773078918457,34.06485254172191,33.51926852616977,33.792060533945836,3531871
2011-10-14,33.723873138427734,34.11601017638196,33.60452587688518,33.67272332098809,5039179
2011-10-17,33.36582565307617,33.826162337061156,33.17828099247182,33.68976516912948,1605713
2011-10-18,33.46813201904297,33.655676730462275,33.07599265653291,33.07599265653291,2025955
2011-10-19,34.081912994384766,34.26945770214227,33.570428689127915,33.75797108440212,5145909
2011-10-20,33.757965087890625,34.06485700402074,33.65567009499681,33.792064960510494,2881549
2011-10-21,33.757965087890625,34.133054436777584,33.50222298069031,33.672717718823854,2127672
2011-10-24,34.35470199584961,34.52519674893109,34.13305742935384,34.18420724276814,3334756
2011-10-25,35.42881774902344,35.71865975207703,34.30355192464541,34.37174936286888,7605862
2011-10-28,35.803897857666016,36.82686610360133,35.20716638087041,35.9743925653219,8504582
2011-10-31,35.75276184082031,36.00850400089454,35.25832746050681,35.80391166032518,4561310
2011-11-01,35.34356689453125,35.85505109959048,35.12192466399872,35.54816150154808,2155435
2011-11-02,35.1560173034668,35.44585923743044,34.917325170340426,35.12191974872447,2429706
2011-11-03,35.497013092041016,35.650457897107536,35.138973671897176,35.29242078944663,2676760
2011-11-04,35.411766052246094,35.80390534939667,35.25832124574497,35.80390534939667,2070811
2011-11-08,35.411766052246094,35.4629158627351,35.25832124574497,35.411766052246094,923114
2011-11-09,35.309471130371094,35.68456051604486,35.2583236289079,35.46291825972689,3342820
2011-11-11,35.95735549926758,36.059652822964324,35.12193159529685,35.29242636396366,7747315
2011-11-14,35.92325210571289,36.48588617475372,35.650460040040045,36.07669692000291,8136060
2011-11-15,35.32651138305664,36.025540148808574,35.207166474868366,35.479956157860116,2602442
2011-11-16,35.53111267089844,35.92324964864983,35.019628449927275,35.019628449927275,5559879
2011-11-17,35.17307662963867,35.923253096568494,35.053729374963936,35.29242388431341,4564324
2011-11-18,34.42289733886719,35.292420989141405,33.53632375182623,35.12192624643991,6971425
2011-11-21,33.775020599365234,34.43995203783106,33.5533783281988,33.92846542651763,5725408
2011-11-22,33.382877349853516,33.92845911292422,33.11008531207674,33.92845911292422,5742603
2011-11-23,32.41106033325195,33.31468392245945,32.104170699171284,33.19533666893746,4916261
2011-11-24,32.49631881713867,32.90550590658972,32.27467648482716,32.70091351810615,10127464
2011-11-25,32.871402740478516,33.144194857875945,32.32581850568365,32.615660564009076,7728058
2011-11-28,33.11008834838867,33.33173059863608,32.80319872304871,33.11008834838867,5436096
2011-11-29,32.46221160888672,33.34878298752884,32.39401185381306,33.212388102347965,5379923
2011-11-30,33.79207229614258,34.06486439887093,32.496311542545435,32.54746136257891,13613461
2011-12-01,34.098960876464844,34.780939908995485,33.92846380584903,34.098960876464844,4222484
2011-12-02,35.25831985473633,35.462914463654805,34.06485669850526,34.11600419449344,5707744
2011-12-05,35.00257110595703,35.27536309524179,34.72977911667227,34.84912633463511,2957969
2011-12-07,35.17307662963867,35.65046102337134,34.72978979975368,34.79798723993219,5975381
2011-12-08,33.89436340332031,35.25832135416062,33.7579662207465,35.10487654718768,5809203
2011-12-09,33.60452651977539,33.672723965182996,33.1100921499661,33.263536980254045,4296964
2011-12-12,32.93959045410156,33.89436142650131,32.632700858054385,33.75796425188259,8160604
2011-12-13,33.79207229614258,34.06486439887093,32.59860887012899,32.871400972857344,3981949
2011-12-14,32.85435104370117,33.928467202474934,32.73500377606703,33.740924799740405,5776327
2011-12-15,33.8773078918457,34.21829732344515,32.35990538372469,32.376955317801176,12973287
2011-12-16,33.451080322265625,34.54224634163884,32.93959603388913,33.843217351694314,12589918
2011-12-19,33.809112548828125,34.0478047031417,32.82024174883943,32.93958898223758,4820722
2011-12-20,33.2635383605957,33.91141990006148,32.990746255161866,33.91141990006148,6670657
2011-12-21,33.382877349853516,33.70681688300219,33.075985440173575,33.587469643823965,10259801
2011-12-22,34.320594787597656,34.439942014249226,33.24647668518132,33.33172404350885,3456402
2011-12-23,34.52519607543945,34.76388826260067,33.94551207628401,34.26945395080607,3249611
2011-12-26,34.3888053894043,34.47405278039825,34.167163097813415,34.30355799841035,1273482
2011-12-27,33.74092102050781,34.37175023060443,33.127139436035144,34.35470260498048,4187065
2011-12-28,34.16716384887695,34.42290602748054,33.55338215773163,33.8261742774055,3375709
2011-12-29,34.098960876464844,34.269455634597506,33.826168800955955,34.098960876464844,2924882
2011-12-30,34.133052825927734,34.37174498555346,33.87731073079672,34.09895526739993,2087779
2012-01-02,34.098960876464844,34.184208255531175,33.6045242278936,33.979613620778714,1861469
2012-01-03,34.40584945678711,34.559294271885456,34.09895982659042,34.21830476611887,3372939
2012-01-04,34.61043930053711,34.88322901745223,33.87731057700013,34.37174482951224,3739279
2012-01-05,34.54224395751953,34.86618583445262,34.32060170618084,34.59339377031673,5389056
2012-01-06,34.01371383666992,34.542245742166514,33.70682188148013,34.50814817768977,7340405
2012-01-09,34.576351165771484,34.71274607052493,33.79207468223029,33.79207468223029,2368495
2012-01-10,34.985530853271484,35.224223042759085,34.456996661381254,34.456996661381254,3215986
2012-01-11,34.16716384887695,35.01963777755559,34.064866514938814,35.01963777755559,4377469
2012-01-12,34.2864990234375,34.57634100143879,33.911411989387275,34.57634100143879,4082544
2012-01-13,34.763893127441406,34.849140514248674,34.26945874645592,34.3035563136888,5766505
2012-01-16,34.15010452270508,34.7638860451715,34.01370965659383,34.37174675825659,4899595
2012-01-17,34.269447326660156,34.52518940185963,34.13305016573088,34.269447326660156,10428799
2012-01-18,33.79207229614258,34.52520121675524,33.519280193414225,34.388804009149375,6295415
2012-01-19,34.081912994384766,34.50814991543214,33.79207096307923,33.945515792159625,8276461
2012-01-20,34.593387603759766,34.84912968470845,34.064853507302615,34.098953376422166,6881600
2012-01-23,34.439945220947266,35.20717151733129,34.3205979831833,34.78093468600683,18551268
2012-01-24,34.2864990234375,34.61044087384466,34.11600428637389,34.3717463919693,10219894
2012-01-25,34.3888053894043,34.61044999347867,33.94551849373905,34.47405278039825,13171474
2012-01-27,35.17307662963867,35.786858216211485,34.49109760288735,34.610444857562086,9816649
2012-01-30,34.6956901550293,35.292421767647674,34.5251954085669,34.780937528260495,4243234
2012-01-31,35.497013092041016,35.73570526797593,34.64453938335708,34.78093656423627,10322025
2012-02-01,35.10488510131836,35.59931951648195,35.002587767581595,35.59931951648195,10757718
2012-02-02,35.838008880615234,36.16194848441032,35.002584961622645,35.19012967302506,11556658
2012-02-03,36.46883773803711,36.9291745123367,35.92325358423634,35.991451025340645,11926606
2012-02-06,37.167869567871094,37.338364339971726,36.26424588824774,36.72458269791279,9084488
2012-02-07,36.74162292480469,37.594096559952575,36.43473334114454,37.33835446940821,6079363
2012-02-08,36.72457504272461,37.76459339824471,36.19604089688821,37.03146695602455,11508450
2012-02-09,37.099666595458984,37.679348271759736,36.7927746639,37.52590346222174,11499785
2012-02-10,36.60523223876953,37.25311135030455,36.14489549834839,36.62227986342861,8590813
2012-02-13,37.67023468017578,37.96225287019722,36.53652015341309,36.53652015341309,15608851
2012-02-14,37.584346771240234,37.87636495753155,37.361040391026116,37.61870267427883,5735198
2012-02-15,38.030948638916016,38.855469056562846,37.549980142672275,37.618689595014985,15930040
2012-02-16,38.030948638916016,38.563450971800364,37.532802197125406,37.8935297342306,3862429
2012-02-17,38.374515533447266,38.992905543051705,38.134031176891604,38.477580923355646,8544515
2012-02-21,37.97942352294922,38.47757004856336,37.87635816216987,38.32297317231692,6934289
2012-02-22,37.77330017089844,38.718061890981055,37.68741274180002,37.91072145536329,5872252
2012-02-23,38.70088195800781,39.199030885153796,37.65305724052408,37.65305724052408,18016976
2012-02-24,39.26773452758789,39.576932956695345,38.752412355174876,38.83829977221793,10958004
2012-02-27,38.3229866027832,39.50823284250772,38.16838967235757,39.50823284250772,11266052
2012-02-28,38.40886688232422,38.95854501353278,38.04813922537281,38.47757635749459,9416477
2012-02-29,38.82113265991211,39.130326515641656,38.47758289583664,38.56347033685551,7991077
2012-03-01,38.649349212646484,39.027254801318804,38.30579952470636,38.426042847423574,2777389
2012-03-02,38.56346893310547,38.8211312467829,38.237097135083225,38.5978248402008,3172662
2012-03-05,37.89354705810547,38.59782450874502,37.4984634492853,38.44322525798948,3649302
2012-03-06,38.15119934082031,38.40886158455379,37.653052802237966,37.893537097086835,4557989
2012-03-07,37.30952072143555,37.8935549497498,36.691130579166085,37.790489537730494,15488701
2012-03-09,37.842010498046875,38.04814126445053,37.48128515160901,37.48128515160901,3852720
2012-03-12,38.08249282836914,38.42604251332222,37.73894314341606,38.13402434917394,5124092
2012-03-13,38.254276275634766,38.52911422154203,37.79048316468587,38.254276275634766,9731037
2012-03-14,38.68370819091797,38.95854609925886,38.32298052391353,38.56346485863462,4398722
2012-03-15,37.910728454589844,38.92419983909311,37.704597654758714,38.58065005927193,4513645
2012-03-16,37.03466796875,38.47757626317305,36.84571516511049,37.96225170589013,3682825
2012-03-19,37.051849365234375,37.2579778094071,36.210150646197015,37.17209037520703,3294232
2012-03-20,36.91442108154297,37.378214070325924,36.58804935936197,37.05184234814492,3413743
2012-03-21,37.36104202270508,37.584348412671716,36.65676461842044,36.89724896065659,3430274
2012-03-22,36.50216293334961,37.3438591860085,36.17578887245429,37.10337487522673,3948023
2012-03-23,37.00031661987305,37.17209149344063,36.313217125602684,36.622410966086015,3647743
2012-03-26,36.39909744262695,36.93159991249676,36.15861313264086,36.759825072528784,4778733
2012-03-27,36.33039093017578,36.811359589302434,36.004016843791014,36.75982806505513,5834802
2012-03-28,36.4849967956543,36.725481184294935,36.15862495893872,36.50217475123852,4875221
2012-03-29,36.347572326660156,36.588059024277996,36.07273438054709,36.484993629562624,12199593
2012-03-30,37.15491485595703,37.56717643099617,36.34757198965896,36.34757198965896,8544753
2012-04-02,37.30952072143555,37.567183086560625,36.98314652840005,37.137745811352154,8676278
2012-04-03,37.824832916259766,37.962251866846294,37.275152454222514,37.49845883138702,3566758
2012-04-04,38.08249282836914,38.237089720628944,37.53281240050604,37.80765261443759,3850338
2012-04-09,37.68740463256836,38.08248811931801,37.292323475663835,37.82482588746415,4475284
2012-04-10,37.92790222167969,38.23709840627938,37.48128939366781,37.687417853555,4598397
2012-04-11,38.374515533447266,38.477580923355646,37.464109637255895,37.464109637255895,4023851
2012-04-12,38.391700744628906,39.095975994145626,38.16839429914989,38.35734483154924,5102969
2012-04-13,38.47758865356445,38.92420387966258,37.97944188708228,38.47758865356445,6602489
2012-04-16,38.42604446411133,38.7352382643279,38.2199137107366,38.46039803644343,4350870
2012-04-17,39.02726364135742,39.13032670720786,38.13403331844992,38.18556485137514,9477019
2012-04-18,39.1131477355957,39.59411643455756,38.889839009056026,39.061613877234656,4441325
2012-04-19,39.38798522949219,39.50822856783883,38.92419448839602,38.992903968945924,2496045
2012-04-20,39.1131477355957,39.628472340131594,38.92419491463006,39.23339107525905,2778756
2012-04-23,38.04813766479492,39.336449008319065,37.859184868442284,38.975721366163214,3854809
2012-04-24,37.79048538208008,38.30581005566229,37.53282304528897,38.16839107464546,3169871
2012-04-25,37.25798034667969,37.945079867071854,37.000318026532625,37.72177345488277,3380361
2012-04-26,37.13774108886719,38.065325019395395,36.84572284692033,37.56717830946784,4377198
2012-04-27,37.189266204833984,37.79047820991057,37.017491346240675,37.172088253005526,1965594
2012-04-30,38.21990966796875,38.49474986678158,37.13772915183449,37.13772915183449,3199398
2012-05-02,37.65305709838867,38.426043917785606,37.4812822496338,38.06531626943127,3811572
2012-05-03,37.326690673828125,37.618708908513184,37.1549157898595,37.446934024544554,1452253
2012-05-04,36.6739387512207,37.30950661008068,36.45063005466524,37.13773176496668,5666533
2012-05-07,36.347572326660156,36.75983390552163,35.45434434210082,36.553703116090894,4565509
2012-05-08,36.33039093017578,36.811359589302434,36.08990427076689,36.3475665516945,2959419
2012-05-09,35.8150634765625,36.50216283689211,35.6432886364801,36.08990135681805,2412310
2012-05-10,35.2138557434082,36.192971050949325,35.042080882803205,35.78071185146645,3946438
2012-05-11,34.81877517700195,35.385633663923954,34.423693895384744,35.21385878846502,3389145
2012-05-14,34.7844123840332,34.9733628331008,34.423684775171466,34.69852496905875,2233766
2012-05-15,35.35127639770508,35.50587331370499,34.389336666150605,34.732886403859645,3494080
2012-05-16,35.91813278198242,36.175795087050396,34.698533068537294,35.14514586677849,4435353
2012-05-17,35.986839294433594,36.69111662387625,35.67764317597696,36.07272671680842,4208594
2012-05-18,36.107078552246094,36.4678061748499,35.231026420164106,35.67764146101427,4935351
2012-05-21,35.712005615234375,36.3819271664422,35.471521254524625,36.03837741404374,1491370
2012-05-22,35.62611389160156,35.91812974810559,35.419983133020004,35.84942027186027,2362045
2012-05-23,35.59175491333008,36.055547915142796,35.12796424136274,35.69482028371572,3087547
2012-05-24,36.192970275878906,36.34756718114359,35.19667703764372,35.86659851368776,2135683
2012-05-25,35.763519287109375,36.07271530777387,35.64327833172155,35.900940517352936,1446600
2012-05-28,36.55369567871094,36.88006975054505,35.55740250214654,35.55740250214654,890739
2012-05-29,36.88006591796875,37.18925967722754,36.347561153982085,37.00030689997151,5201353
2012-05-30,36.45063400268555,36.98313654618415,36.227327611788894,36.845717587147085,4048557
2012-05-31,36.46780776977539,36.759825936522624,36.08990218102549,36.12425808176473,8033660
2012-06-01,35.60894012451172,36.381927065258466,35.385633718012116,36.24450809661961,3787828
2012-06-04,35.74635314941406,35.88377442504901,35.07643171146079,35.385627834255324,3267896
2012-06-05,36.39909744262695,36.8285345425469,35.900950872688895,36.03836981272512,12393979
2012-06-06,37.67023468017578,38.16838363137066,36.41627915093327,36.41627915093327,9494285
2012-06-07,37.12055587768555,38.04813962688813,36.93160307158886,37.67023401469476,4231838
2012-06-08,36.75984191894531,37.27516667501391,36.33040462222149,37.03468225481785,3997879
2012-06-11,36.84571838378906,37.275155552371885,36.7598309500725,37.103380684938756,2205393
2012-06-12,36.983131408691406,37.15490624854857,36.43345098921032,36.72546914890565,3376544
2012-06-13,36.96596145629883,37.18926785041291,36.639587346653386,36.931605551121706,2496726
2012-06-14,36.313209533691406,37.13773015234289,36.0727252269434,36.7770025272982,6671985
2012-06-15,36.43345642089844,36.67394309642777,36.227327980246365,36.48499027844574,10286920
2012-06-18,36.77702331542969,36.93162029073577,36.31323005966478,36.588070421234846,3027005
2012-06-19,37.36104202270508,37.7561232756755,36.622408713881406,36.77700795446136,9746993
2012-06-20,37.24079513549805,37.756119675369646,37.10337619013714,37.223619514712034,8882639
2012-06-21,37.70458984375,37.75612136810931,36.72547224215849,36.93160299928688,4083003
2012-06-22,37.80765151977539,38.03095787659124,37.361036476298345,37.446923895049885,7332263
2012-06-25,37.051849365234375,37.94507728300771,36.84571859121589,37.67023702759832,5097127
2012-06-26,37.73894500732422,37.790476530674134,36.86289280145698,36.86289280145698,1992235
2012-06-27,37.72176742553711,38.27144555608422,37.481283097807406,37.7904769006248,5727518
2012-06-28,37.68740463256836,38.06531017122539,37.34385499009655,37.790469991278925,3083553
2012-06-29,39.010074615478516,39.37080223311323,37.89353819365626,37.91071614303797,7486892
2012-07-02,38.68370819091797,39.147501238473055,38.58064281036732,39.0272579061897,2634447
2012-07-03,38.35734176635742,38.992909798618165,38.16839124905738,38.92420030779578,4091332
2012-07-04,38.82113265991211,38.958551633603925,38.237098526953,38.408873408990736,3061761
2012-07-05,39.26773452758789,39.43950936167399,38.64934698875416,38.82112182284026,2830305
2012-07-06,38.82113265991211,39.336457306025316,38.494760850009605,39.164682423987585,3797719
2012-07-09,38.75241470336914,38.82112417519796,38.51193038704556,38.769592653787704,2397364
2012-07-10,38.87266540527344,39.078796202087645,38.39169665250165,38.44322818678219,3199920
2012-07-11,39.04443359375,39.336451784160396,38.71806182966201,38.71806182966201,2903254
2012-07-12,38.632171630859375,39.027255173667164,38.5119306368404,39.027255173667164,2728401
2012-07-13,38.4947509765625,38.821122702754536,38.39168560780571,38.68370376430905,1672753
2012-07-16,38.70088195800781,38.889834758320546,38.16838178873398,38.39168816102007,3148848
2012-07-17,38.56346893310547,38.83830920033056,38.443225588117656,38.75242176243809,2407572
2012-07-18,38.20273971557617,38.666532793772745,38.04814279945924,38.511935877655816,2516255
2012-07-19,38.47758865356445,38.75242897192071,38.30581374582258,38.46041069682101,2171498
2012-07-20,38.21990966796875,38.64934675053715,38.065312784213184,38.23708761724054,1581366
2012-07-23,37.54999923706055,38.134033373725416,37.46411179549671,38.013790023597664,2728477
2012-07-24,38.11684036254883,38.597811243220995,37.412563153959425,37.49845056159606,8366909
2012-07-25,38.04813766479492,38.27144403240092,37.29232880922984,38.013781763696095,6131518
2012-07-26,38.391700744628906,38.64936310318759,37.85919807097171,38.11686042953039,10181302
2012-07-27,39.2849235534668,39.50822995555903,38.511936627976404,38.924195855602115,4785341
2012-07-30,40.59041213989258,40.71065548667102,39.16468158158416,39.319280835969565,10354713
2012-07-31,40.8652458190918,41.46645776203177,40.59040327793335,40.607583557831816,13034800
2012-08-01,40.882423400878906,41.05419824996083,40.40145475538773,40.710648551796986,5116745
2012-08-02,40.5732421875,40.96832353097729,40.504530362681145,40.5732421875,5172210
2012-08-03,40.641944885253906,40.89960721046363,40.09226898589338,40.31557540247009,3992386
2012-08-06,41.380577087402344,41.603883484959205,40.74500914074703,40.86525248087504,3989076
2012-08-07,40.727821350097656,41.51798839692482,40.47015909433262,41.31185766037466,5499481
2012-08-08,40.8652458190918,40.98548447992717,40.64193479824719,40.79653401887949,5783459
2012-08-09,40.899600982666016,41.31186250410313,40.65911897823706,40.916781264212446,4304923
2012-08-10,41.07136917114258,41.75847314853506,40.607580859446095,40.865243103584355,4906011
2012-08-13,41.19161605834961,41.31185938132046,40.573228482629375,40.88242227048949,2775124
2012-08-14,41.24314498901367,41.53516313797372,40.76217638703332,40.76217638703332,3520379
2012-08-16,41.260337829589844,42.084856349673444,40.79654470588907,41.22598192048386,3368688
2012-08-17,40.41862869262695,41.569521065469196,39.93766006717237,41.34621470290358,4100386
2012-08-21,41.07136917114258,41.31185579621447,40.04072019458956,40.21249502401506,2904667
2012-08-22,40.8652458190918,41.088552180245635,40.607583557831816,40.727822218667185,1988035
2012-08-23,40.34992599487305,40.96831363002509,40.126614948026344,40.96831363002509,4652302
2012-08-24,40.22969055175781,40.65912778809892,39.920496673530664,40.19533464091208,5080546
2012-08-27,40.641944885253906,40.77936851978597,40.10944461036392,40.12662023483446,1296282
2012-08-28,41.74129867553711,42.256623235489634,40.607586507517986,40.710649555632045,4356311
2012-08-29,40.899600982666016,42.222268315944596,40.64193869669063,41.91307450471237,6345767
2012-08-30,41.82718276977539,42.25661986885542,40.607583272264435,40.865245531712446,9698034
2012-08-31,41.037025451660156,41.810012325698686,40.813714404740416,41.810012325698686,6414695
2012-09-03,41.758480072021484,41.91307464832168,41.24315083861378,41.26033112021907,3891463
2012-09-04,42.5829963684082,42.8406586426225,41.56952289262222,41.56952289262222,8607402
2012-09-05,42.60383605957031,43.21147007199488,42.44758542973228,42.70800000648566,5181748
2012-09-06,42.04828643798828,42.58647471043343,41.42328859216959,42.58647471043343,2059057
2012-09-07,42.326053619384766,42.655913935371004,42.18716680035118,42.53438620266741,1292419
2012-09-10,42.34341812133789,42.707996616064165,42.013557799850595,42.135085534580895,2343064
2012-09-11,41.996192932128906,42.3260484987444,41.735778411896895,42.10035685643612,1345773
2012-09-12,42.15244674682617,42.326056459634195,41.718422464806096,42.187169631280746,2846913
2012-09-13,42.06563949584961,42.56910951811898,41.83994782393957,41.909393588895554,2572173
2012-09-14,41.66633605957031,42.65591225917842,41.284393790138225,42.36077483691434,13519349
2012-09-17,40.83301544189453,42.04828345025976,40.60732375366255,41.94411479529235,12665195
2012-09-18,40.85036849975586,41.59688922423657,40.6246768448381,40.86773229441984,8408810
2012-09-20,40.53787612915039,41.041346164797694,40.277461567842764,40.277461567842764,6301939
2012-09-21,41.75313949584961,42.0135540285539,40.71148136503245,40.71148136503245,8707245
2012-09-24,41.00662612915039,42.187171280503044,40.798293523743446,41.73578789334219,7593484
2012-09-25,40.76356506347656,41.40592188002801,40.13857204218913,41.249671269973945,11733607
2012-09-26,40.62468338012695,40.95454372770045,40.3816278914449,40.62468338012695,9302273
2012-09-27,40.53787612915039,41.09342813516628,40.294820654810714,40.65940386632023,12478679
2012-09-28,41.83994674682617,41.90939250999436,40.79828855609014,40.79828855609014,8847242
2012-10-01,41.68369674682617,42.01355706252452,41.24967249430969,41.68369674682617,5138030
2012-10-03,40.85036849975586,42.01355436367262,40.72884077496499,41.66633498396399,12133968
2012-10-04,40.97190475463867,41.3191242066362,40.45107557664238,41.07606870645184,7257841
2012-10-05,41.04133987426758,41.35383635804651,40.971894118110484,41.23230863950359,11584935
2012-10-08,41.21495819091797,41.47537276687544,40.64204235623955,40.971902702905005,6807880
2012-10-09,41.73577880859375,41.839942733891036,40.919812362218266,41.35383656673033,5205666
2012-10-10,41.475372314453125,41.89203280576106,40.971902255974655,41.596895347669026,7436554
2012-10-11,41.3712043762207,41.87467444342103,41.1802355697461,41.66634183942555,5476615
2012-10-12,41.64897918701172,41.805225094537896,39.93024123797145,41.319118866459874,2847441
2012-10-15,41.26702880859375,41.9961903625212,41.128142014860835,41.52744331289186,7208908
2012-10-16,41.180240631103516,41.562183000461275,41.058712871380735,41.35385037086017,4006297
2012-10-17,41.579532623291016,41.666337473404504,41.14550837272356,41.45800489123923,2639928
2012-10-18,41.87467575073242,41.97883970124961,41.45801052973333,41.666343140232875,2525746
2012-10-19,41.458003997802734,41.83994627196399,41.31911718250712,41.66633657547837,3153069
2012-10-22,41.180240631103516,41.38857326070462,40.954548911312976,41.12815865106963,4657141
2012-10-23,40.78092956542969,41.19759001702011,40.72884288819946,41.02398031815798,3935245
2012-10-25,40.52052307128906,40.97190649426505,40.3121904493519,40.90246071713085,12050023
2012-10-29,39.912879943847656,40.12120780902676,39.635101607834926,39.635101607834926,2123473
2012-10-30,39.30524826049805,40.05177144473246,39.16636143096872,39.96496658759351,2570824
2012-10-31,39.5830192565918,39.75662894886225,39.25316131222437,39.46149153010962,1852024
2012-11-01,40.607322692871094,40.76356860704317,40.034406879179045,40.034406879179045,4524439
2012-11-02,40.97190475463867,41.07606870645184,40.65940818973394,40.833017915732704,4726469
2012-11-05,40.64203643798828,40.97189673661982,40.555231591976224,40.93717385632213,3632141
2012-11-06,41.54481506347656,41.63161992471024,40.45107475382522,40.867739971532934,4718509
2012-11-07,41.66633605957031,41.87466863466639,41.319116670898296,41.492726365234304,4694784
2012-11-08,41.26702880859375,41.423274685494405,41.0413371800948,41.301751684392904,3005197
2012-11-09,41.51008605957031,41.97883318304393,41.110784698635165,41.21495334244288,5518512
2012-11-12,41.66633605957031,41.92675060107432,41.54480833164223,41.54480833164223,5986709
2012-11-15,41.63161087036133,41.77049767623606,41.1975866585877,41.35383725861185,11277862
2012-11-16,41.35384750366211,41.6489849826787,41.07606911363139,41.59689829679056,7952790
2012-11-19,41.68369674682617,41.8052244794237,41.21495432168001,41.35384114059237,4682624
2012-11-20,42.39550018310547,42.517027918100766,41.701061365377655,41.718420452035,5826060
2012-11-21,41.70107650756836,42.5170433565794,41.440661856360556,42.395515577455825,8050611
2012-11-22,41.35384750366211,41.89203577580715,41.21496066337939,41.75314893552443,3266009
2012-11-23,41.579532623291016,42.01355687385847,41.26703610477536,41.49272777317753,2809752
2012-11-26,41.80521774291992,41.87466349591787,41.33647068384324,41.66633094638781,2935121
2012-11-27,41.16286849975586,41.996198849487584,41.058704560771716,41.83994823154673,7105541
2012-11-29,40.93717575073242,41.336477118973114,40.589956350616255,41.14550833269503,15583782
2012-11-30,40.93717575073242,41.26703606462859,40.728843168769814,41.041344396445986,9986088
2012-12-03,41.301761627197266,41.35384359870213,40.815650667912294,41.02398326339659,5791740
2012-12-04,41.822593688964844,42.013562501006405,41.21495965678606,41.301764518525886,8486828
2012-12-05,41.71842575073242,42.10036809088651,41.319124321716195,41.926758364404215,7991825
2012-12-06,41.68369674682617,41.87467024361215,41.19759052590062,41.83994736151792,3888336
2012-12-07,41.21495819091797,41.8225922014854,41.006625588259,41.77050551872191,3172271
2012-12-10,41.16286849975586,41.37120108718879,40.971899708463376,41.24967335206419,2674532
2012-12-11,40.79829406738281,41.388569005657104,40.72884829483344,41.31912323310774,5034484
2012-12-12,40.71147537231445,41.09341757261846,40.555224791906234,40.95453078417978,6283865
2012-12-13,41.0587043762207,41.23231408005703,40.8330127031264,40.93717664164235,7727857
2012-12-14,40.36426544189453,41.041345168646245,40.19065573856995,41.041345168646245,6097530
2012-12-17,40.39899444580078,40.6941319280654,40.08649787435926,40.38163064715856,3910978
2012-12-18,40.65940475463867,40.937178408983,40.312185331975854,40.62468187047943,4553554
2012-12-19,40.34690475463867,40.867733843949225,40.01704444762289,40.815647167446635,6136261
2012-12-20,40.20802307128906,40.58996543882776,40.103859111717405,40.58996543882776,2121800
2012-12-21,39.82607650756836,40.19065499401007,39.756630743739215,40.138573025870464,3053451
2012-12-24,39.72190475463867,40.26009760855392,39.53093598324355,39.860791561968234,2156093
2012-12-26,40.03440856933594,40.34690982980277,39.79135778943009,39.860798851061034,2963625
2012-12-27,39.39205551147461,40.277465579044325,39.270530116934516,40.05177387866086,7464142
2012-12-28,39.409420013427734,40.06913607708126,38.9927571124501,39.72191660047777,6441596
2012-12-31,39.843448638916016,39.93025351739093,39.37470135325829,39.40942424654146,1528669
2013-01-01,39.53094482421875,40.1385788629622,39.47886049377261,39.98232822635637,6397127
2013-01-02,39.27052688598633,39.86079707615872,39.20108111798261,39.617746307075315,10823940
2013-01-03,39.63511276245117,39.84344539572624,39.287893276814614,39.51358500058524,7768126
2013-01-04,39.912879943847656,39.98232099575257,39.426771387923644,39.75662933549897,7374977
2013-01-07,39.72190475463867,39.98231928443065,39.42676970038034,39.93023732036509,5751436
2013-01-08,40.433712005615234,40.53787594588148,39.583022558737,39.60038164562647,7147399
2013-01-09,40.12120819091797,40.60731910620117,39.964962290546424,40.53787334417088,8208348
2013-01-10,39.548301696777344,40.52051892996529,39.40941486616905,40.17329949871208,5482985
2013-01-11,39.28788757324219,39.652470805912046,39.18372362645937,39.61774792049611,7053838
2013-01-14,38.905948638916016,39.68719003416417,38.801782334638744,39.27052952652019,10369465
2013-01-15,38.558719635009766,39.27051979058045,38.4892762342855,39.06218723367567,7333310
2013-01-16,38.905948638916016,39.02747403162903,38.333035142757296,38.54136775131184,12729863
2013-01-17,39.114280700683594,39.253169897717235,38.628174397897524,38.92331188120293,8720890
2013-01-18,39.912879943847656,40.08648963780648,38.88858086570486,39.131633966300775,11437257
2013-01-21,39.548301696777344,39.96496689806717,39.30524856584659,39.704552324627265,5767870
2013-01-22,39.409420013427734,40.01705409748385,39.16636685075184,39.61775264128294,5102821
2013-01-23,38.94066619873047,39.79135565646332,38.73233596080738,39.58302306380785,4125262
2013-01-24,38.52401351928711,39.079565676268935,38.43720864192951,38.9580379060751,7597320
2013-01-25,38.5413703918457,38.76706210429851,38.29831723503513,38.29831723503513,5876853
2013-01-28,38.85386657714844,38.97539433168708,38.10734566993304,38.5760928891733,4530765
2013-01-29,38.92331314086914,39.374696570321646,38.61081420347963,38.76706249480801,8933771
2013-01-30,38.71497344970703,39.16635915150561,38.4892817761739,38.88858315388092,6691139
2013-01-31,38.263587951660156,38.8712219195044,38.05525771838153,38.61080736185687,10621030
2013-02-01,38.35039520263672,38.61080977657054,38.15942404413876,38.2462289021167,6533829
2013-02-04,38.610801696777344,38.78441137640323,38.36774861624751,38.385110055156495,4150438
2013-02-05,38.055259704589844,38.524004519981084,37.91637052042276,38.454561105263764,2184943
2013-02-06,37.96845626831055,38.41983965823036,37.84692852195827,38.21150940628257,2852740
2013-02-07,38.74970245361328,39.01011705101106,38.02054063900643,38.02054063900643,5059086
2013-02-08,38.628170013427734,39.16636058703914,38.402478331622504,38.88858457923334,5162866
2013-02-11,39.079551696777344,39.14899510287561,38.31566952023213,38.71497087134626,3760946
2013-02-12,39.1837158203125,40.051764235454094,38.68024585574475,38.78441213650815,9796530
2013-02-13,38.15941619873047,39.93023587930066,37.95108599525467,39.93023587930066,7821046
2013-02-14,36.70110321044922,38.33303408324528,36.05874631410436,38.19414725120274,14843823
2013-02-15,37.25114822387695,37.46270321507067,36.49308055588247,36.880928184865134,8479053
2013-02-18,38.167877197265625,38.57335474221325,37.11010719358942,37.11010719358942,8321446
2013-02-19,38.22076416015625,38.30891165912304,37.79765664334642,38.167876617237745,8484570
2013-02-20,38.13261413574219,38.66149909451595,37.8681716563553,38.256021582584246,7964693
2013-02-21,37.67425537109375,38.414693002241506,37.497957964263314,38.0092154226478,6464828
2013-02-22,38.449951171875,38.60861620036645,37.727141163020555,37.938696128445194,14054231
2013-02-25,39.507720947265625,39.57823847154158,38.52046843394002,38.60861593707348,15983553
2013-02-26,39.119876861572266,39.45483694563454,38.855434312393456,39.45483694563454,17614848
2013-02-27,38.397064208984375,39.43720674653997,38.29128910923332,39.3137992752914,9561570
2013-02-28,36.775146484375,38.784911497454424,35.981818944839674,38.64387644688756,11505348
2013-03-01,38.06209945678711,38.43231943375734,36.775144526476694,37.26877195948832,9664596
2013-03-04,38.2383918762207,38.608611828211984,37.48032199525689,38.07972686569696,5835406
2013-03-05,38.29129409790039,38.43232917671231,37.55085395625143,38.27366411526026,4342564
2013-03-06,37.95631790161133,38.432315305320074,37.85054282625712,38.291280277412,2348098
2013-03-07,38.15024185180664,38.36179677924087,37.780021924373564,37.780021924373564,3784471
2013-03-08,38.784908294677734,38.837795836484446,38.097358295421046,38.39705835091556,5865486
2013-03-11,38.925941467285156,39.0493489137892,38.43231646357652,38.76727645831836,3872022
2013-03-12,38.520469665527344,38.996467154128396,38.11499209461099,38.996467154128396,5729772
2013-03-13,38.71438980102539,38.873054813606835,38.3617998214427,38.46757729354828,4784709
2013-03-14,38.661502838134766,38.784910296926455,38.344172788604745,38.64387525072511,4923712
2013-03-15,38.43232727050781,38.80254732296975,38.23840225339399,38.57336234232453,4917271
2013-03-18,38.344173431396484,38.4323209345385,38.25602592825446,38.39706097682007,3593844
2013-03-19,37.762393951416016,38.57334891888324,37.039581688640475,38.4146839205159,5195989
2013-03-20,36.79277038574219,37.69187526025792,36.598845429881344,37.56846781803184,5025753
2013-03-21,35.823150634765625,37.127733102085216,35.55870814580271,36.66936803413926,4921271
2013-03-22,36.12284851074219,36.38729096626458,35.558703649166326,35.84077607995426,8653798
2013-03-25,36.63410186767578,36.863284362789855,36.316771891186534,36.45780690492543,4166875
2013-03-26,37.02195358276367,37.1277286527498,36.49306866821868,36.49306866821868,3767435
2013-03-28,37.30402755737305,37.51558250195754,36.70462506925545,37.004327508891166,4534130
2013-04-01,37.19826126098633,37.5332213430545,36.93381871338181,37.110113745118156,1691135
2013-04-02,37.55085372924805,37.95633137174701,37.0572261740813,37.356928703688055,4652635
2013-04-03,37.445064544677734,37.58609957864292,37.21587962554203,37.32165709659283,2361750
2013-04-04,36.84566116333008,37.53321112163037,36.5988462731908,37.28639862264485,3713922
2013-04-05,36.8985481262207,37.021955569364685,36.58121811692719,36.58121811692719,8205260
2013-04-08,36.72224807739258,37.374540373441974,36.49306559021488,37.02195046015114,3096875
2013-04-09,36.42255401611328,37.445066432962655,36.24625901918966,36.86329150842234,2293912
2013-04-10,36.88092803955078,36.951445572619384,36.281525421736106,36.51070800199766,1905585
2013-04-11,36.51069641113281,36.95143384183587,36.36966138976928,36.95143384183587,3329986
2013-04-12,37.19826126098633,37.321666348509126,36.33441369255472,36.33441369255472,1819318
2013-04-15,36.6870002746582,37.02196271609492,36.545965219114244,37.02196271609492,2619515
2013-04-16,37.691864013671875,38.04445386779275,36.66935439318254,36.6869819729662,2546545
2013-04-17,37.691864013671875,38.13260133132297,37.4626815649545,37.691864013671875,3775629
2013-04-18,37.727134704589844,38.04446470724966,37.11010228407623,37.42743228673605,5080676
2013-04-22,38.57334899902344,38.99645885042024,37.46269161699091,37.46269161699091,5577118
2013-04-23,38.67913055419922,38.78490802823988,38.32654056816627,38.43231804220693,2951714
2013-04-25,38.732025146484375,39.595870237959915,38.07973263738729,38.46758262514569,7103973
2013-04-26,38.890682220458984,39.03171724650926,38.60860977720476,38.87305224441428,3417359
2013-04-29,38.943572998046875,39.278533006154525,38.62624296745097,38.62624296745097,5263605
2013-04-30,39.560604095458984,39.89556409190399,38.608611645663885,38.85542414877316,5652599
2013-05-02,40.51259231567383,40.72414723405441,39.22564000379363,39.24326997885093,7787838
2013-05-03,39.49009323120117,40.61838324888408,39.36668576328142,40.16001333694048,3489204
2013-05-06,39.52535629272461,39.825056409378085,39.066988735964394,39.33143128126978,1570856
2013-05-07,39.73689270019531,40.10711259097704,38.925935413519476,39.4548202885924,4295563
2013-05-08,40.459720611572266,40.60075568490378,39.719280498695625,39.719280498695625,4623152
2013-05-09,40.018978118896484,40.61838308505574,39.77216557520665,40.547863165869344,3439496
2013-05-10,39.613494873046875,40.38918996160026,39.49008742327702,39.78978986348733,3388720
2013-05-13,39.560604095458984,39.84267655236407,39.2785316385539,39.34905154614551,3486486
2013-05-14,40.31867980957031,40.60074991615548,39.59586978134903,39.59586978134903,5187764
2013-05-15,40.107120513916016,40.7594129451574,39.84267802414041,40.406822958789924,7598979
2013-05-16,40.160011291503906,40.63600876791744,39.91319875938929,39.93082873835906,7843384
2013-05-17,40.91808319091797,41.21778569161357,40.107127984149784,40.19527549715975,4225774
2013-05-20,40.30104446411133,40.935709330542046,40.195269377526834,40.90044937424457,6051683
2013-05-21,39.73689270019531,40.51259003873825,39.437192705679365,40.23052001828875,3901355
2013-05-22,39.719276428222656,39.877943858403306,39.45483389946056,39.842683898106664,4300192
2013-05-23,38.64387512207031,39.78979263989172,38.432320162318604,39.54297772313006,5416658
2013-05-24,38.43232727050781,39.06698987599193,38.11499716334298,39.06698987599193,4295474
2013-05-27,39.5429801940918,39.736905187456514,38.43232256387757,38.50284009114997,1976291
2013-05-28,39.666385650634766,40.089493183988154,39.45483068838105,39.613498105648354,3947350
2013-05-29,40.018978118896484,40.17764554591169,39.56061059995584,39.82505312344227,4123634
2013-05-30,40.336299896240234,40.547854827988886,39.54297248891335,39.91319242389664,4814631
2013-05-31,39.94845199584961,40.547854441891666,39.71926709011193,40.530226857041875,8210037
2013-06-03,39.27852249145508,39.98370227392013,39.014080073030684,39.96607469228109,2337051
2013-06-04,39.9131965637207,40.142381495411904,39.20801657295505,39.20801657295505,6339450
2013-06-05,39.64875411987305,39.807419139775384,39.47245912194736,39.68401407591976,2941759
2013-06-06,39.507720947265625,39.70164593239006,39.38431348641715,39.38431348641715,3741327
2013-06-07,39.01409912109375,39.73690922925253,38.94358158664873,39.15513658113817,3373193
2013-06-10,38.784908294677734,39.3137932773604,38.71439077521749,39.13749828313284,4178032
2013-06-11,38.02683639526367,39.437196186610464,37.83291144572277,38.55572131701872,4988953
2013-06-12,38.07973861694336,38.5733637778265,37.79766607165819,38.07973861694336,1985386
2013-06-13,37.286415100097656,38.22077797029311,37.145377616097996,37.81530028499806,3320850
2013-06-14,38.467586517333984,38.60862158652302,37.37455636207855,37.462703878110304,5440747
2013-06-17,38.15024185180664,38.59097929133324,37.72713438809183,38.449944267146186,1761508
2013-06-18,38.22076416015625,38.679131633014364,37.85054657741887,38.079729118270954,2599492
2013-06-19,37.903438568115234,38.15025111595369,37.67425600036972,38.06210360664322,3158484
2013-06-20,37.32166290283203,37.83292036058973,37.215885415325126,37.79766040103603,3936637
2013-06-21,37.79765701293945,37.95632203440036,37.02195949267753,37.251142035770606,8100913
2013-06-24,37.339290618896484,38.256025600173295,37.03958815432221,37.58610314734669,7726193
2013-06-25,36.35203552246094,37.727137896347216,35.98181556060102,37.44506543058948,5865050
2013-06-26,37.374549865722656,37.51558491039731,36.12285487740762,36.24625994370945,9917951
2013-06-27,37.568458557128906,38.07971578504798,37.32164612467152,37.55083097643082,10124040
2013-06-28,39.24327850341797,39.52535099214705,37.72714096875899,37.72714096875899,13955319
2013-07-01,39.80741500854492,39.94845242694092,38.961200062783725,38.961200062783725,4880398
2013-07-02,39.26091003417969,39.77216509518547,38.99646751388489,39.525352554474495,4836103
2013-07-03,38.18549728393555,39.049342084935475,38.009202328990526,39.049342084935475,3203552
2013-07-04,37.95631790161133,38.60861028578203,37.462692912779346,38.25602032485813,5239017
2013-07-05,37.938690185546875,38.39705522024299,37.656617739550555,38.079725212968185,2878063
2013-07-08,37.12773513793945,37.90343506102165,36.95144013563059,37.90343506102165,5074736
2013-07-09,38.732025146484375,38.78491269429045,37.32166264152389,37.480327676096266,5626482
2013-07-10,38.13261413574219,39.17275646758696,38.02683905691046,38.94357155075939,6811029
2013-07-11,38.908321380615234,39.27853900917361,38.4852114202841,38.767283930120115,5779104
2013-07-12,38.890682220458984,39.04934722255396,38.097354818830425,39.03171724650926,3580274
2013-07-15,38.80253601074219,39.119866025394785,38.44994604283763,38.76727605749023,2918182
2013-07-16,38.85542678833008,39.102239308206016,38.18550674993054,38.18550674993054,2477162
2013-07-17,39.10223388671875,39.56060129788126,38.714386378160945,38.82016384091439,9890923
2013-07-18,39.137508392333984,39.38432096977336,38.87306583268725,38.97884333477685,5820812
2013-07-19,39.26091003417969,39.41957506812574,38.99646751388489,39.41957506812574,4552788
2013-07-22,39.19039535522461,39.419580338145764,38.890695226849296,39.03173030006656,2515956
2013-07-23,38.837799072265625,39.57823906617286,38.50283903355677,39.57823906617286,5415186
2013-07-24,38.784908294677734,39.014090830712,38.344170809108846,38.467578261529695,2594203
2013-07-25,38.837799072265625,39.40194405725724,37.480326547153716,38.99646649321296,4206471
2013-07-26,38.20314025878906,39.049355374044104,38.097362771593644,38.961207866573616,5399927
2013-07-29,38.114994049072266,38.66150670107384,37.85055151765695,38.5028416604555,2056881
2013-07-30,37.21588134765625,38.15024626216199,36.898551310973644,38.114988697616106,1322467
2013-07-31,35.64685821533203,37.021960691894805,34.641975728272854,36.70462824753999,6050144
2013-08-01,36.263893127441406,36.651743121309686,34.90642054005662,35.541083079498264,4448345
2013-08-02,32.20909881591797,35.38240824310968,30.516666643185008,34.90641087256951,31014744
2013-08-05,32.89665603637695,33.42554105863876,30.92215099680461,32.420658559879705,15799229
2013-08-06,32.98480224609375,33.6723522698307,32.59695467967613,32.790877267307955,14382559
2013-08-07,32.89665603637695,33.47843099555738,32.63221352524606,33.143468568534985,5717703
2013-08-08,33.84865188598633,34.20124193507512,32.96717676326436,33.07295425622186,6778874
2013-08-12,33.53131866455078,34.34227617989665,33.35502365648229,34.02494373068092,9452703
2013-08-13,33.901546478271484,34.02495157768729,33.14347633405456,33.4784388395587,2256717
2013-08-14,34.23649978637695,34.60671979333358,33.689984765741364,33.84864979982159,9066232
2013-08-16,34.55381774902344,34.92403762627799,33.67234298944273,34.23648779203571,16654810
2013-08-19,34.02493667602539,34.44804652058637,33.407904275719815,34.236491598305875,5042098
2013-08-20,34.00730895996094,34.20123151495376,33.44316409683571,34.024936544121324,5439143
2013-08-21,34.41278839111328,34.853525843228944,34.07782840573613,34.18360587247462,17512680
2013-08-22,34.58908462524414,34.81826715218689,33.86627469935376,34.2012346968677,11299648
2013-08-23,34.48330307006836,34.62434047784176,34.06019562905517,34.48330307006836,19297499
2013-08-26,34.53620529174805,34.71250032087189,34.27176274806227,34.44805777718612,24410353
2013-08-27,33.74287033081055,36.40492517053991,33.42553791262834,34.55382537569499,13466053
2013-08-28,33.090579986572266,34.13072001955206,32.491177458342726,33.4960575344809,11398478
2013-08-29,34.30701446533203,34.73012198480286,33.055319493900626,33.055319493900626,15533827
2013-08-30,34.430416107177734,34.67722858592928,33.07294388731389,34.16597365326817,8242572
2013-09-02,34.90642166137695,35.082716684043184,34.27176149270194,34.44805651536817,15403306
2013-09-03,33.725242614746094,35.25901009424663,33.196357606801634,35.08271270044447,4877060
2013-09-04,33.9720573425293,34.16598233624464,33.19635975882208,33.35502479326039,4850453
2013-09-05,34.32529830932617,35.8417481922276,33.89712228891467,34.80699270261242,9746210
2013-09-06,35.30653381347656,35.82391039567958,33.93280753196557,34.236098504180106,7041237
2013-09-10,36.4840202331543,36.94787368823295,35.41358229589197,35.41358229589197,8723482
2013-09-11,35.32437515258789,36.71594261237406,34.98540442948858,36.35913081547271,5150080
2013-09-12,35.32437515258789,35.91311606934603,35.05676630491188,35.50278105103856,5409563
2013-09-13,35.59197998046875,35.75254477606674,35.128124244464445,35.14596289525411,6331674
2013-09-16,36.5910530090332,37.0905909150435,35.395735088498576,35.59198203658174,14084730
2013-09-17,36.23423767089844,36.59104938855071,35.163802517941605,36.412643529724576,5923058
2013-09-18,35.823909759521484,36.216403667207516,35.28869211437761,35.859591903778266,4635243
2013-09-19,35.823909759521484,37.161953872381176,35.41357477970706,36.68025702383783,10203659
2013-09-20,36.25208282470703,36.59105351070648,35.85959134294409,35.9487942824063,15290056
2013-09-23,35.41357421875,36.002315070953294,35.27085048355293,35.71686518077454,3730187
2013-09-24,35.377899169921875,35.627666949415094,34.985405216586166,35.16381111905059,8304198
2013-09-25,35.85960006713867,35.9844827608974,35.038932340471234,35.32437988036844,5150528
2013-09-26,35.43141174316406,35.77038481494181,35.163802951624376,35.68118188442859,6791644
2013-09-27,35.30653381347656,35.82391039567958,35.16380765369956,35.431416481023675,4575709
2013-09-30,34.98540496826172,35.306537042289264,34.521549141189645,35.03892819049209,5763141
2013-10-01,35.32437515258789,35.395739447796046,34.93188362786733,35.05676630491188,4024187
2013-10-03,35.6455078125,35.770392911399405,35.18165198488279,35.68118996069551,11166670
2013-10-04,34.94972610473633,35.502782476308134,34.86052315192991,35.502782476308134,16408671
2013-10-07,34.98540496826172,35.03892819049209,34.450187264667385,34.80699906706361,3643908
2013-10-08,35.056758880615234,35.253005811306906,34.860514369707914,35.18164395099657,7001377
2013-10-09,35.342201232910156,35.46708627675868,34.789142698384154,34.789142698384154,5815351
2013-10-10,35.41357421875,35.52061823004011,35.05676246097271,35.34221235115147,4045318
2013-10-11,35.30653381347656,35.64550451079684,35.19948979858998,35.52061942346504,2594571
2013-10-14,35.52061462402344,35.645499694481124,35.074599972080776,35.3243676932118,3588795
2013-10-15,35.30653381347656,35.73470745323821,35.05676363881298,35.556301568355465,6566169
2013-10-17,34.8248291015625,35.60981433403448,34.62858218849847,35.23516157632754,7117518
2013-10-18,35.50277328491211,35.68118156412136,34.62858505768687,35.14596156606227,15690831
2013-10-21,35.50277328491211,35.663340494222005,35.342208495386544,35.50277328491211,2023039
2013-10-22,36.37697219848633,36.965710700463994,35.43141947678945,35.43141947678945,9232804
2013-10-23,35.8952751159668,36.85866648687548,35.788231092580304,36.71594273555007,3579487
2013-10-24,35.32437515258789,36.234245718643294,35.038927650894706,36.03800116617545,7207079
2013-10-25,35.7525520324707,35.948799009047534,35.074608151549384,35.538463981698726,5281406
2013-10-28,35.23516845703125,36.00231519067423,35.07460364945445,35.7882271673821,5287076
2013-10-29,35.823909759521484,36.0201567133645,34.9675600754205,35.18164810139191,7086272
2013-10-30,35.734703063964844,35.9487910674417,35.68118227298782,35.91310892693409,3289474
2013-10-31,36.145042419433594,36.573218507397165,35.270854009446836,36.02015974359825,8249061
2013-11-01,34.93186569213867,36.35911214692591,34.824821724072905,36.145024210794375,9616570
2013-11-05,33.950645446777344,34.985398514944535,33.736557436915774,34.87835451001375,17767298
2013-11-06,34.34313201904297,34.52153786195045,34.00416140147557,34.00416140147557,9564186
2013-11-07,33.91496276855469,34.3431363617182,33.73655690308786,34.21825370776207,9949028
2013-11-08,34.271766662597656,34.41449277420473,33.41541967209064,33.62950520982547,6427427
2013-11-11,34.23609161376953,34.39665639389154,33.611671142351796,34.218250544915044,7123880
2013-11-12,34.02200698852539,34.325297929664856,33.82576005130482,34.23609499636318,5714533
2013-11-13,34.253936767578125,34.34313970900579,33.73656019125458,33.843604204924716,4914428
2013-11-14,34.253936767578125,34.503706939403315,34.16473382615045,34.28961891206305,2329910
2013-11-18,34.378822326660156,34.5037074142916,34.146895643669986,34.36098125417214,4220710
2013-11-19,33.91496276855469,34.37881850272533,33.66519504085801,34.11120970452509,6280476
2013-11-20,33.45112228393555,34.05770443887633,33.37976038917355,33.75441336140594,5017948
2013-11-21,33.32622528076172,33.61167515717718,33.07645754631737,33.54031087323495,4281191
2013-11-22,33.504638671875,33.61168270203216,33.25487088136497,33.25487088136497,7516975
2013-11-25,33.59383010864258,33.754394888932566,33.43326532835259,33.43326532835259,8325845
2013-11-26,33.629520416259766,33.77224659240407,33.308390754558744,33.451114510918096,7679212
2013-11-27,32.88020706176758,33.79007738613558,32.77316306717413,33.451104333292285,4670852
2013-11-28,33.79008102416992,33.897122610503864,32.70180473157083,32.915890324023195,21937834
2013-11-29,33.93280792236328,34.11121380929859,33.326228390740184,33.665199091960325,19972565
2013-12-02,33.3975944519043,33.790088420321496,32.8623767239454,32.8623767239454,12138526
2013-12-03,33.45112228393555,33.54032525733442,33.25487767828643,33.36191931053667,10819239
2013-12-04,34.11121368408203,34.21825769980722,33.29054612323521,33.397590138960396,21813713
2013-12-05,34.36098098754883,34.48586607421122,33.95064842243182,34.43234285716248,14177075
2013-12-06,35.30653381347656,35.64550451079684,34.236098504180106,34.236098504180106,25973812
2013-12-09,36.145042419433594,36.34128938978609,35.14596891382666,35.502780707273075,30640399
2013-12-10,35.110286712646484,36.21640416231246,34.6107487851457,36.1450398728233,28724268
2013-12-11,34.967559814453125,35.145965694836285,34.664271269672525,34.789153934069965,7491141
2013-12-12,34.94972610473633,35.038929057542745,34.75347912460522,34.86052315192991,9916532
2013-12-13,34.789161682128906,35.02109083015183,34.62859683798083,34.68212006588696,12252500
2013-12-16,35.32437515258789,35.467101323219346,34.5393896833619,34.610751558785196,21800566
2013-12-17,35.21733093261719,35.413575470503616,34.91403995987231,35.11028691754343,18137305
2013-12-18,35.681182861328125,36.28776232146848,33.8079188494787,33.89712178243418,156704650
2013-12-19,35.41357421875,36.03799721464486,34.343138945418126,34.78915364263974,508752991
2013-12-20,35.46709060668945,35.77038151032893,35.056755712366396,35.25300262532228,55032517
2013-12-23,35.57414245605469,35.64550432568024,35.163807471084546,35.32437228268822,27772323
2013-12-24,35.1638069152832,35.57414189376756,35.12812719092672,35.50277760548532,16656973
2013-12-26,35.32437515258789,35.538463198642646,34.73563665561461,35.00324550329062,58569185
2013-12-27,35.60982131958008,35.71686533132138,35.03892395660083,35.324371428198155,17259233
2013-12-30,35.32437515258789,35.75255124469739,35.1816514017413,35.467101323219346,10546799
2013-12-31,35.6455078125,35.68118996069551,35.270854935586684,35.36005788629057,12881038
2014-01-01,35.50277328491211,35.645499424322644,35.37789063518527,35.62765835442329,3186233
2014-01-02,36.359134674072266,36.5375405914562,35.68119315592736,35.71687288753308,29730385
2014-01-03,35.93095779418945,36.66242247504777,35.7347108183809,36.359131474272274,10720086
2014-01-06,35.6455078125,36.038001763511076,35.36005788629057,36.038001763511076,6603244
2014-01-07,35.253013610839844,35.681189707002105,35.16381066077019,35.64550755906029,12753362
2014-01-08,35.23516845703125,35.502777276254115,35.14596551729029,35.1638065891954,10653844
2014-01-09,35.27085494995117,35.502781653961776,35.145969851000906,35.23517280174112,12969982
2014-01-10,34.77131271362305,35.50277483333994,34.45018070078165,35.50277483333994,21668655
2014-01-13,34.967559814453125,35.11028597063043,34.53938618549047,34.53938618549047,11775173
2014-01-14,34.77131271362305,35.145963098928014,34.66426870934258,34.93187751015152,6262293
2014-01-15,34.789161682128906,35.50278536259606,34.64643791394954,34.80700275809762,8229009
2014-01-16,35.056758880615234,35.199485021020244,34.84267329968424,34.93187623001825,15169976
2014-01-17,34.699947357177734,35.05675908054868,34.5037028451512,34.96755614970594,11229974
2014-01-20,35.145957946777344,35.28868407149013,34.61074042361859,34.61074042361859,13050752
2014-01-21,34.91403579711914,35.235165384267894,34.86051500585582,35.02107979943019,11629511
2014-01-22,35.003238677978516,35.28868854379645,34.914035746146936,34.93187681647013,12315468
2014-01-23,34.98540496826172,35.12813114109115,34.8248401411404,34.96756389418493,5617086
2014-01-24,35.003238677978516,35.21732668228806,34.87835360550055,34.89619467582374,11973294
2014-01-27,34.45017623901367,35.288684674197185,34.20040854123054,34.753467141897275,12637443
2014-01-28,34.46802520751953,34.61074894759842,34.360981192568026,34.4501841350635,7516995
2014-01-29,34.146888732910156,34.59290335592126,34.03984473943065,34.50370043131904,5177129
2014-01-30,34.11121368408203,34.36098144091766,33.89712565263166,34.14689582925199,28308126
2014-01-31,34.075531005859375,34.253936889348935,33.96848941159337,34.253936889348935,15088682
2014-02-03,33.9684944152832,34.485871069657556,33.879291460398484,33.950653340349255,4482727
2014-02-04,34.02200698852539,34.325297929664856,33.82576005130482,33.9149629846065,8237100
2014-02-05,34.521549224853516,34.55723137309358,33.79008696399645,33.79008696399645,8121381
2014-02-06,34.32529830932617,34.43233989464459,33.986325223202996,34.25393402606795,8396200
2014-02-07,34.789161682128906,34.91404679412472,34.18258203768886,34.32530822565339,6497909
2014-02-10,34.610748291015625,34.96756005422863,34.50370669787943,34.73563337605403,3792896
2014-02-11,34.11121368408203,34.75347535864844,34.07553153891207,34.64643134292326,5013980
2014-02-12,34.146888732910156,34.37881536896225,34.02200367055337,34.218250588635094,5538187
2014-02-13,33.89711380004883,34.21824573493627,33.86143408713946,34.09336069029384,6549052
2014-02-14,33.9863395690918,34.022021725782615,33.879297938590305,33.96850091053187,14754417
2014-02-17,34.0933723449707,34.20041635985906,33.9328075325305,33.9328075325305,4752663
2014-02-18,34.16473388671875,34.28961897285274,34.07553094513294,34.12905416195522,4866082
2014-02-19,33.86143493652344,34.200405526476416,33.73654988874838,34.0933615454955,2804777
2014-02-20,33.93280792236328,34.12905488194906,33.62951694665938,33.75440203542798,5141168
2014-02-21,34.0041618347168,34.146887962731704,33.932799980601416,33.98632076624192,4456386
2014-02-24,33.91496276855469,33.98632463078454,33.55815103762102,33.98632463078454,5118446
2014-02-25,34.0041618347168,34.11120582578194,33.861438126486036,33.932799980601416,4052135
2014-02-26,33.9684944152832,34.32530623482207,33.843609310530596,34.07553602531685,21051173
2014-02-28,33.71872329711914,34.0398553779212,33.27270853471485,33.91497027653402,27401493
2014-03-03,33.79008102416992,34.00416661662229,33.48679007679847,33.57599301193308,15373777
2014-03-04,34.773807525634766,34.936554922912094,33.96006808657088,34.06856716898151,9410466
2014-03-05,34.846134185791016,34.95463325187394,34.502555853759134,34.791885879087985,5385763
2014-03-06,35.29821014404297,35.55137298612503,34.77380087415654,34.84613276436902,7952223
2014-03-07,35.80453872680664,35.96728855880628,35.17163034402525,35.17163034402525,13092149
2014-03-10,35.76837158203125,35.913035364367595,35.334377782345435,35.71412082414753,11546535
2014-03-11,35.75028610229492,35.84070157463482,35.49712327027855,35.58753874261844,7773473
2014-03-12,35.62370681762695,35.714122298488874,35.37054396174896,35.56945851018056,15253272
2014-03-13,35.732208251953125,36.166204550978,35.47904537930665,35.641792765102444,12326297
2014-03-14,35.56945037841797,36.16619388728737,35.4428677530794,35.55136679584441,11859122
2014-03-18,36.69060516357422,36.871436094295774,35.62370071017586,35.62370071017586,15512927
2014-03-19,36.99802780151367,37.413940543363296,36.65444941663075,36.65444941663075,12921191
2014-03-20,35.913028717041016,36.961849529216636,35.80452967403301,36.78101860842873,6054665
2014-03-21,36.473609924316406,37.19693370389431,36.003448977055434,36.093864449502675,21508819
2014-03-24,37.32352066040039,37.68518259199175,36.527864901434796,36.527864901434796,9956813
2014-03-25,38.191505432128906,38.31808807970113,37.1065197192588,37.1065197192588,14139614
2014-03-26,37.61284637451172,38.517001099603185,37.468180146891086,38.33617015458489,6805235
2014-03-27,38.155338287353516,38.48083299944858,37.612845465410665,37.612845465410665,20892387
2014-03-28,38.8605842590332,39.14991429774066,37.90217865910705,38.10109321401074,6967406
2014-03-31,37.97450637817383,39.16799104654383,37.81175657360059,38.77016200619498,6602071
2014-04-01,39.05950164794922,39.58391100152489,38.01068048812073,38.15534674430939,13292951
2014-04-02,39.20415115356445,39.457316396395036,38.78824103064492,39.11373569617531,8823613
2014-04-03,39.312660217285156,39.638157418490195,38.66166826755196,39.09566453582534,6355761
2014-04-04,38.55316925048828,39.33074385492257,38.46275376992686,39.33074385492257,7240495
2014-04-07,38.661659240722656,39.14990370219513,38.26383023858388,38.589327363790964,6247841
2014-04-09,38.60741424560547,38.842493478892564,38.173418041573115,38.71591329661356,6654828
2014-04-10,38.98716735839844,39.13183115304992,38.40850727443851,38.661670141417105,9464658
2014-04-11,38.93291091918945,39.041409975696595,38.752079975903094,38.77016356076705,6290384
2014-04-15,39.005245208740234,39.131825397272756,38.62549973778941,38.78824709600359,9004170
2014-04-16,38.95099639892578,39.131827351009136,38.22767259059237,38.96907998466947,10220793
2014-04-17,38.770172119140625,38.87867119959854,38.3904265638765,38.8605876107427,10918544
2014-04-21,38.318092346191406,39.131831721449004,38.24576044781503,38.62550598013731,4950498
2014-04-22,38.318092346191406,38.51700690623422,37.73943225382631,38.40850783233114,8749084
2014-04-23,38.191505432128906,38.679749983991165,38.0468416514836,38.30000449395127,11101407
2014-04-24,38.191505432128906,38.191505432128906,38.191505432128906,38.191505432128906,0
2014-04-25,38.155338287353516,38.44466583024842,37.82984112258184,38.11917111815335,5635586
2014-04-28,38.37234115600586,38.51700740731767,37.90218013142733,38.06492997073775,4189566
2014-04-29,38.191505432128906,38.842497350386324,38.02875806573375,38.62550167941836,8984063
2014-04-30,38.26383972167969,39.02333074938125,37.938344968480116,38.24575858747287,9560866
2014-05-02,37.811763763427734,38.498922922630655,37.64901638058497,38.191509291845534,2642603
2014-05-05,38.01067352294922,38.19150447054127,37.594763324558194,37.72134351626661,1955739
2014-05-06,37.070350646972656,38.028753599717746,36.88951971606404,37.93833813426343,4306301
2014-05-07,37.070350646972656,37.486260806991886,36.88951971606404,37.14268252880081,6851875
2014-05-08,37.45009231567383,37.866004913664746,37.0703493363329,37.395844019389806,6511390
2014-05-09,38.64358901977539,38.78825281447622,37.45010167644705,37.540517161304315,19808139
2014-05-12,40.3253059387207,40.86779871174333,38.49891311234259,38.49891311234259,8560913
2014-05-13,40.81354904174805,41.699617597982055,40.54230266436675,40.65079925317823,14210275
2014-05-14,40.50614547729492,41.22946932848399,40.32531451449766,40.849723816074345,8786547
2014-05-15,41.39221954345703,41.80812978070167,39.14991362170196,40.34339847783809,17562208
2014-05-16,43.21861267089844,45.44283267384577,42.332538934635735,42.332538934635735,35379329
2014-05-19,44.21317672729492,45.280081285787496,43.50793406587056,43.50793406587056,25035487
2014-05-20,45.17156982421875,46.14805869336832,44.466332223479476,44.82799404089008,22538200
2014-05-21,45.00884246826172,45.51516822864186,44.48443066676006,44.846092624939345,10213784
2014-05-22,45.352413177490234,45.912992091509246,44.53867386502875,44.882254647987295,17055437
2014-05-23,47.32347106933594,47.73938127908825,43.41751955143808,45.56940984870729,22941667
2014-05-26,46.346981048583984,48.752031434157274,44.484418547126324,47.630878688185035,23747350
2014-05-27,45.8948974609375,46.47355740032235,44.8460790800634,45.424739019448246,11091241
2014-05-28,45.15349197387695,45.93106395669522,44.954579921999965,45.93106395669522,13246147
2014-05-29,45.22584915161133,45.93108715982159,44.99076491018607,45.515176810566025,14803509
2014-05-30,44.12276077270508,45.75023929179518,43.453685289341806,45.38857739866405,69911271
2014-06-02,45.28008270263672,45.695992916208624,44.195096977482045,44.23126414939125,13367356
2014-06-03,45.29815673828125,45.768320088725254,44.68333453357374,45.20774127535196,18372713
2014-06-04,44.936500549316406,45.53324169877857,44.77375563874678,45.29816244660904,23251745
2014-06-05,45.8948974609375,46.47355740032235,45.38857185348305,45.46090618541344,19424103
2014-06-06,46.32890701293945,46.43740854215,45.58750197076124,46.25657266013243,14951210
2014-06-09,49.674278259277344,51.57300344460219,46.3469913539205,46.60015176875141,41900147
2014-06-10,49.167945861816406,50.994336449504345,48.64353415764488,50.41568134809854,22963428
2014-06-11,48.37228775024414,49.60194210439169,47.576634532955346,49.16794587288628,14529763
2014-06-12,49.348785400390625,49.746614530895656,47.81172209575855,48.31804785033122,15766959
2014-06-13,48.2457160949707,50.09018804801809,47.0160615858005,49.65619666715269,10439654
2014-06-16,47.667057037353516,48.101048427525896,46.88948483777652,48.101048427525896,11540459
2014-06-17,48.2818717956543,48.75203519265228,47.39580311442341,47.39580311442341,16756330
2014-06-18,48.444618225097656,49.36685401176752,47.558544700373325,48.462699356070424,13262126
2014-06-19,47.45005416870117,48.82436745887865,47.26922321444869,48.46270555037367,4904553
2014-06-20,47.84789276123047,48.227635878511734,47.251151474636536,47.70322895014021,9100975
2014-06-23,47.52238464355469,48.28187066529945,47.28730049788274,47.739377846708514,9955400
2014-06-24,47.88404846191406,48.299958658607466,47.703217515060125,48.082960541312055,10866416
2014-06-25,47.88404846191406,48.191457147283074,47.52238656820617,47.73937978014821,14393130
2014-06-26,47.93829345703125,48.281869289134086,47.594712719575384,48.11912439140739,19577916
2014-06-27,49.384944915771484,49.69235851007962,47.558549388031004,48.101042234920634,21315448
2014-06-30,50.343345642089844,50.7050075233344,49.65618904879583,49.83701998941811,33365772
2014-07-01,50.63267135620117,51.22941736298408,50.07209742266012,50.63267135620117,17681327
2014-07-02,51.10283279418945,51.62724444534967,50.84966753390118,50.84966753390118,15633096
2014-07-03,50.813507080078125,51.35599993348778,50.32526743629222,51.2655844579195,10773481
2014-07-04,52.15166091918945,52.91115193637196,50.46993396315561,50.777347577890644,11771805
2014-07-07,52.82072067260742,53.14621532403831,52.097397044826636,52.62180863710862,13259170
2014-07-08,49.81893539428711,52.94731468189444,49.186027083787906,52.80265090627958,14948074
2014-07-09,49.258365631103516,50.41568574556818,48.3903779979319,49.909355129643785,8629784
2014-07-10,49.74660873413086,50.54226199707256,47.01605835616335,49.54769173938022,17933570
2014-07-11,47.9925537109375,50.21677377673355,47.26922979325721,49.65619970267302,11319671
2014-07-14,48.444618225097656,49.43918834636447,47.64896016594303,47.99254089724911,7915363
2014-07-15,48.878623962402344,49.14987041205501,48.13721405680603,48.62545864725162,9737615
2014-07-16,49.276451110839844,49.62003192975308,48.209551288288054,48.950956332863946,6411041
2014-07-17,50.16252517700195,50.41569050888342,49.07753930668865,49.20412197262938,8924449
2014-07-18,49.5838623046875,49.96361028136854,49.14987092393569,49.85510875716512,5148178
2014-07-21,49.511531829833984,49.90935602756936,49.330700865280136,49.58386127244321,4656631
2014-07-22,49.095603942871094,49.83701364829952,48.69777984840265,49.547681236905774,6944595
2014-07-23,49.29454803466797,49.98170491884573,48.89671881582128,49.34879635874813,7269605
2014-07-24,48.69778060913086,49.36685109047194,48.46269648827841,49.25835450034978,5942240
2014-07-25,48.75203323364258,49.04136076989733,47.77554421441487,48.643531728532224,8230977
2014-07-28,48.17338180541992,49.04136947358463,47.81171986823846,48.82437133020497,5386124
2014-07-30,48.71587371826172,49.16795113052427,48.101046475443106,48.101046475443106,8577572
2014-07-31,48.13721466064453,48.6977936068377,47.88405424767205,48.53504377286298,19081582
2014-08-01,46.94373321533203,48.101048496129735,46.74481620236784,48.101048496129735,10682255
2014-08-04,47.90214538574219,48.71588491483998,46.41933015164854,47.37773350484828,23311942
2014-08-05,47.90214538574219,48.48080558750495,47.37773350484828,48.101057530712986,16126934
2014-08-06,48.480804443359375,48.78821812816792,47.50431506934515,47.68514607154372,9867110
2014-08-07,48.643524169921875,49.31259951206708,48.40844497007419,48.73393962412116,11406313
2014-08-08,47.703224182128906,48.516963556701,47.1788124008186,48.372294854716046,5755079
2014-08-11,47.7213020324707,48.390377564358424,47.01605932757618,48.390377564358424,7165189
2014-08-12,47.82978057861328,48.06486466167845,47.41387050952792,47.77553229227203,4457748
2014-08-13,47.84789276123047,48.553130679803466,47.32348092750439,47.73939122389686,7838517
2014-08-14,48.17338180541992,48.46270939302351,47.93830252732277,48.281878424432776,4598772
2014-08-18,48.75203323364258,48.93286417014008,47.86595968266362,47.956375150912365,5649943
2014-08-19,49.384944915771484,49.873189459042834,48.245710918373945,48.8605332016368,7522151
2014-08-20,49.5838623046875,49.76469327300591,49.294534717519625,49.43919851110356,11632976
2014-08-21,49.348785400390625,49.58386468943999,49.041371758393375,49.4392008888984,5097954
2014-08-22,48.51696014404297,49.51153042078464,48.42654466433918,49.3668617289756,3969492
2014-08-25,47.90214538574219,48.64355055011151,47.73939551778063,48.535053908373804,7109144
2014-08-26,47.37771224975586,48.101035951115406,47.160719063630225,47.72129297004276,7855848
2014-08-27,46.835235595703125,47.811724890813906,46.23849431773742,47.26923192805336,14179712
2014-08-28,46.72673034667969,47.12455942706321,46.09382200686387,46.85331299571357,24486863
2014-09-01,47.88404846191406,48.02871223832655,46.00340465249169,46.29273220531665,7250215
2014-09-02,47.92021179199219,48.19145821830135,47.46813441481025,47.66705140398239,8985537
2014-09-03,48.010623931884766,48.281870339349055,47.52238432273157,48.1552926068149,8220774
2014-09-04,49.00050354003906,49.12834282214502,47.68554345261671,48.251704415277736,8542895
2014-09-05,49.11008071899414,49.493608467830704,48.58044244275054,49.18313598269766,5566453
2014-09-08,48.61697006225586,49.566663718946614,48.123859417989244,49.310975250291996,6820385
2014-09-09,48.96398162841797,49.31098179134388,48.763082103756574,48.79960974044441,6490318
2014-09-10,49.73103713989258,49.895404056958334,48.85439376523692,48.85439376523692,5594235
2014-09-11,50.35198211669922,50.47982634241225,49.42055481581162,49.87713779747072,6309287
2014-09-12,49.365779876708984,50.37026272179424,49.18314663214803,50.15110183747233,7528757
2014-09-15,49.9501838684082,50.15108333585621,48.890912431587275,48.96396768415782,3929071
2014-09-16,49.65797805786133,50.33372187629502,49.12833980589484,49.7675559941511,6434969
2014-09-17,49.73103713989258,49.895404056958334,48.87266005885061,49.85887642397386,5122756
2014-09-18,49.877132415771484,50.370242973605606,49.36576052233836,49.603182656334965,16935401
2014-09-19,49.98672103881836,50.826836786817644,49.584926981448525,49.584926981448525,17128011
2014-09-22,50.041500091552734,50.18761059562681,49.47533922811262,49.96844979375767,7010679
2014-09-23,49.85886764526367,50.55287768704471,49.58491787747917,50.224134002309675,10349414
2014-09-24,49.621456146240234,50.18762209363117,49.43882292854828,49.71277275508621,6457902
2014-09-25,49.67623519897461,50.05976785207145,49.40228542715205,49.67623519897461,16106351
2014-09-26,50.041500091552734,50.18761059562681,49.32923367828052,49.69450002998175,5236288
2014-09-29,50.97294616699219,51.17384073353763,49.85888051782723,50.04151374350248,8073293
2014-09-30,49.40229797363281,50.790313475920456,48.98224254100705,50.753785839552265,12952693
2014-10-01,49.65797805786133,50.40677218240736,49.20139506624971,49.67623939582878,7924373
2014-10-07,50.132816314697266,50.31544948921899,49.29270569359411,49.65797204263755,8847590
2014-10-08,50.37025833129883,50.69899715200545,49.96846423743812,50.04151455634881,4593053
2014-10-09,50.425045013427734,50.73552247883295,50.15109518293663,50.46157264834185,9248781
2014-10-10,49.69450759887695,50.3519851503818,49.56666336546137,50.22414091696621,11619666
2014-10-13,49.25619125366211,49.804090923899345,49.14661330131197,49.25619125366212,10406480
2014-10-14,49.69450759887695,49.913668434126144,49.07355272471138,49.36576882312453,14165351
2014-10-15,49.69450759887695,49.69450759887696,49.69450759887696,49.69450759887696,0
2014-10-16,48.92744064331055,49.731028614233836,48.39780244144173,49.676234697029294,11263977
2014-10-17,48.98223114013672,49.49360306753679,48.76307032718177,49.292708545636046,5532569
2014-10-20,49.34750747680664,49.8588795074862,48.763080175640056,48.763080175640056,7878465
2014-10-21,51.11903762817383,51.447776352682304,49.3657611279673,49.584916974811655,6706899
2014-10-22,51.06425476074219,51.68520465797856,50.753777335002724,51.50257146098389,11612786
2014-10-27,51.88610076904297,53.109744100087426,51.192095656496654,51.46604543415248,11023074
2014-10-28,52.05048751831055,52.19659311737222,51.0642660547179,51.77653270798491,7011349
2014-10-29,52.06874084472656,52.59837913331503,51.1373085048892,52.379218291339015,13392055
2014-10-30,52.762733459472656,53.03668320801519,51.721723424162676,51.86782896587036,15543181
2014-10-31,53.255863189697266,53.456757762662185,52.543591605106215,52.762752473768344,12145111
2014-11-03,52.908836364746094,54.78996184106219,52.799258452486,53.51152974490097,13632949
2014-11-05,52.03221893310547,53.29239019734462,51.88611334047104,52.85406846519794,5298871
2014-11-07,52.927120208740234,53.14628106019696,51.90437122002318,51.90437122002318,4488647
2014-11-10,54.095970153808594,54.57081949388191,52.14179868160934,52.96364816386839,10354057
2014-11-11,53.93159103393555,55.118706684302545,53.657641268466236,54.4247016026287,8362310
2014-11-12,52.21484375,53.91333151849497,51.88610498097559,53.675909349435265,6309241
2014-11-13,52.835811614990234,53.091495185272656,52.23312289774272,52.58012309046397,10971261
2014-11-14,52.6348991394043,53.29238163195075,52.233110062797856,52.54358253940417,6123081
2014-11-17,53.602867126464844,53.712445081252135,52.48880146632502,52.74448996648652,4923950
2014-11-18,54.18727493286133,54.716913131940125,53.32890295773933,53.67590302416851,6475424
2014-11-19,53.566349029541016,54.78999286238203,53.054976892393135,54.333409712384956,5431984
2014-11-20,53.38369369506836,53.69417109953097,52.68968858489688,53.40195503181937,3590544
2014-11-21,53.52980041503906,53.69417226633888,53.128006409605746,53.128006409605746,5424821
2014-11-24,52.03221893310547,53.1462846047102,51.57563585972076,52.8905961019174,6633290
2014-11-25,50.80857467651367,51.50257994861712,49.62145870041138,51.50257994861712,55543705
2014-11-26,50.82683181762695,51.3199374785719,50.425037799539346,50.58940470177351,5741991
2014-11-27,51.41127395629883,51.97744004979825,50.89990180564195,50.89990180564195,4482174
2014-11-28,52.12351989746094,52.45225862074396,50.93640426309751,51.46604245089488,4619433
2014-12-01,50.534637451171875,52.196603205148655,50.333742832916634,51.849598005350046,2477146
2014-12-02,50.425045013427734,50.84510042933212,50.31546210868539,50.40677871884909,2350906
2014-12-03,50.11457061767578,50.79031456512695,50.00499266046466,50.40678180640108,8617759
2014-12-04,49.85886764526367,50.297189255415695,49.56665654132368,50.07802845033968,4516507
2014-12-05,49.9501838684082,50.479822063939665,49.67623410263165,49.78581698148747,5700055
2014-12-08,49.621456146240234,50.51636089462808,49.47535056293529,49.950194947237144,3081176
2014-12-09,49.292720794677734,49.98672607962406,49.164876542498384,49.45709268380025,4817465
2014-12-10,50.132816314697266,50.33371577921632,49.05528355756425,49.16486148058051,3714413
2014-12-11,49.65797805786133,50.40677218240736,49.21965640421716,50.370249506472454,3222482
2014-12-12,49.23792266845703,49.804083596036804,48.78133967710478,49.71276699776635,4812683
2014-12-15,49.11008071899414,49.38403052651819,48.56218110394604,48.854392250274586,2791969
2014-12-16,48.59871292114258,49.25619053412549,48.26997411465112,48.78134614188707,4811157
2014-12-17,47.84990692138672,49.07355031676362,47.33853496705917,48.434334135293554,6760384
2014-12-18,48.069068908691406,48.708285105624356,47.32027477398128,48.23344076959978,5750448
2014-12-19,49.60319519042969,49.73103943465305,47.66728009535209,48.45260690090569,4845177
2014-12-22,49.98672103881836,50.13282661761386,49.21966055733831,49.639720908459424,3767407
2014-12-23,50.790313720703125,51.04599726802598,49.84061994177,49.96846419255312,6644017
2014-12-24,49.78583908081055,50.753794358702756,48.98225076279954,50.753794358702756,8715919
2014-12-26,50.07803726196289,51.045992287605664,49.85887641832381,50.589409260958796,2310253
2014-12-29,50.041500091552734,50.863349382880514,49.93192216773915,50.40676644325397,1421574
2014-12-30,50.278926849365234,50.5893992828541,50.13281634626232,50.40676610821739,2146065
2014-12-31,50.406761169433594,51.19208770681983,50.20586667871334,50.51634403602401,3960548
2015-01-01,50.07803726196289,50.479831316260714,50.00498695024513,50.40677605030005,778837
2015-01-02,50.68071746826172,50.89987827558485,50.09629525438948,50.09629525438948,3612848
2015-01-05,50.73550796508789,51.173824595939905,49.73102554063627,50.58939746722879,7291352
2015-01-06,49.60319519042969,50.51636128596352,49.00050655822599,50.42504467641013,8288963
2015-01-07,50.315460205078125,50.58941002520476,48.76307789102719,49.31097753128046,3256180
2015-01-08,50.534637451171875,50.73553702367171,49.76757671504756,50.40679316944372,2436600
2015-01-09,50.571144104003906,50.95467183573783,50.023244513388285,50.516355135790846,2079643
2015-01-12,49.85886764526367,50.8450887909847,49.49360128821767,50.260661628862685,3660975
2015-01-13,49.621456146240234,50.33372767693612,49.40229529416126,49.87714463270622,2850708
2015-01-14,49.69450759887695,50.00498503595975,49.23792458970895,49.603190997043356,3939014
2015-01-15,52.21484375,52.48879354989411,49.85887348921359,49.85887348921359,6425406
2015-01-16,53.8220329284668,54.40646035465062,51.429539190512,52.160072234680705,8222495
2015-01-19,54.004642486572266,54.3881751389728,52.744476511021645,53.74895900588068,5082702
2015-01-20,53.84028625488281,54.78997997433255,53.62112540358778,54.4247135402552,6145107
2015-01-21,53.65765380859375,54.077709222967854,53.347176344319614,53.80375939347476,2865190
2015-01-22,54.18727493286133,55.30134029369278,53.566325098820776,53.73069198684238,7016755
2015-01-23,54.62559509277344,54.78996693067404,53.767218186193865,54.3516453324337,4549463
2015-01-27,54.77172088623047,55.15525366501778,53.76723806036102,54.15077083914832,6048058
2015-01-28,54.58908462524414,55.41093416458094,54.42471768992285,54.9543510871716,5448999
2015-01-29,54.35165023803711,54.771705584289165,53.913328600235275,54.73518290967431,6923717
2015-01-30,54.05944061279297,54.972606588300835,53.32890783238668,54.24207380789454,3094145
2015-02-02,54.004642486572266,54.315119884922574,53.32890368069714,53.785486632905794,2427202
2015-02-03,53.76721954345703,54.570807509102266,53.51153606656411,54.388174330932166,1320013
2015-02-04,53.420223236083984,54.51602238220413,53.2923790115215,53.87680621363405,1740828
2015-02-05,52.47053909301758,53.65765504824691,52.12353398594554,53.4202328480497,2453418
2015-02-06,52.3974609375,52.96362665680903,51.721717313416896,52.01393331654962,2422833
2015-02-09,51.66693878173828,52.397471505549625,51.13730057527821,52.23310461523733,2511094
2015-02-10,53.00016403198242,53.401958051403724,51.13730445411456,51.21035971373389,3982617
2015-02-11,53.23759841918945,54.369920418230784,52.963648589567875,53.32891502906331,5670681
2015-02-12,54.88129425048828,55.52051048295803,53.347173310863745,54.35165596188763,7776840
2015-02-13,55.33788299560547,55.77619977064657,54.55256110536054,55.42919960968612,8270115
2015-02-16,55.79446792602539,56.39715660820081,55.52051807465078,55.52051807465078,3789682
2015-02-18,56.524986267089844,56.61630286063486,55.24655395745967,55.557031366361166,4034642
2015-02-19,56.36062240600586,56.634572225472674,55.2100341550938,56.543255618983736,2708022
2015-02-20,55.97708511352539,56.543245995702854,55.630080086228155,56.21450725914039,4586215
2015-02-23,56.9450569152832,57.52948426193335,55.703151900053896,55.88578513624184,5857600
2015-02-24,57.25552749633789,57.60252763066244,56.817205800699185,56.945050041447395,3786009
2015-02-25,56.45192337036133,57.62077759124183,55.73965700965362,57.5659886333784,3842514
2015-02-26,55.79446792602539,57.14595088692732,55.082196330753995,56.28757864934839,7368101
2015-02-27,57.38337326049805,57.52947884484208,55.557041070589705,55.86751357947961,4870174
2015-03-02,57.23725891113281,58.077374635102785,56.76241455506839,57.62079161802437,3288237
2015-03-03,56.81719970703125,57.12767712862291,56.30582775312628,57.054621869104004,3773373
2015-03-04,56.415401458740234,57.474677871138915,55.92229583380401,57.03635625537104,4927543
2015-03-05,56.67109298706055,57.036359368724625,55.37439931385001,56.25103763899533,2511965
2015-03-09,55.12645721435547,56.63074049495114,54.92466026342692,56.24549448483713,2904210
2015-03-10,54.484378814697266,55.16314124558354,53.823959296926716,55.12645044297847,4007085
2015-03-11,54.26424789428711,55.03473497013618,54.099141743614304,54.81459509469724,3350372
2015-03-12,54.90631103515625,55.91528074466913,54.319273117983116,54.319273117983116,4034334
2015-03-13,53.787269592285156,55.181485285123024,53.567134724908286,55.1264515682788,3743353
2015-03-16,53.84232711791992,54.19087743076146,53.4020472764222,53.4020472764222,1546607
2015-03-17,54.17252731323242,54.667840825013755,53.5854892613573,53.97073033920124,4288235
2015-03-18,53.805625915527344,54.392663932082066,53.53045231180243,54.11749032835715,3493449
2015-03-19,53.60383224487305,54.75956543257845,53.200248249063,53.80562921915286,2641643
2015-03-20,54.37430953979492,54.97969537672549,53.05347540452425,53.567136717843994,3763675
2015-03-23,54.7412109375,55.731837842824106,54.50272815699581,54.85128335829945,4249360
2015-03-24,54.28257369995117,55.346581933123154,54.117472577694485,54.66781960462916,5170910
2015-03-25,53.75059127807617,54.50273045827967,53.64051885262909,54.20921394316962,6008163
2015-03-26,53.236915588378906,54.85127091625596,52.85167464390142,53.89733503424854,11848617
2015-03-27,53.10851287841797,53.548787595800306,52.539817859285165,53.23692322742087,3479176
2015-03-30,53.20023727416992,53.420372144153866,52.68657597387733,53.21858018787733,4359504
2015-03-31,53.29197311401367,53.732247923864286,53.01679949171648,53.383697654779404,4797950
2015-04-01,53.73222351074219,53.87898171401311,53.23691022037682,53.23691022037682,2808077
2015-04-06,54.28257369995117,54.832920726885845,53.51208686696806,53.71388376266783,5315447
2015-04-07,54.28257369995117,54.37429820444029,53.56712555075982,54.00740018648384,2457023
2015-04-08,54.04409408569336,54.961339183234486,53.93402666453768,54.13581859544747,4009038
2015-04-09,55.40161895751953,55.621758776748074,54.08078501852145,54.135818729235304,2422269
2015-04-10,56.025352478027344,56.15376780982576,55.14479802285453,55.58507773862795,2200148
2015-04-13,56.6307373046875,57.12604575548594,55.30990315768581,56.06204226742517,2208671
2015-04-15,55.60342788696289,57.23612665428828,55.40163589386635,56.850880608774865,2330815
2015-04-16,55.29155349731445,55.86024851637513,54.117482608070006,55.4566596265455,2492100
2015-04-17,55.07142639160156,55.62177359813591,54.704523277537525,55.29156129311572,3666806
2015-04-20,54.961341857910156,55.98865940297417,54.53941008778269,55.108100085384045,2278982
2015-04-21,54.61279296875,55.76852596137279,54.33761939457771,55.03472976358001,2312891
2015-04-22,53.95238494873047,54.86963030762467,53.78727879357969,54.667838319217765,4849646
2015-04-23,53.805625915527344,54.64948964306729,53.53045231180243,54.30093939750709,3515131
2015-04-24,53.512088775634766,54.282575636099565,52.85167431030667,53.56712746138963,2613457
2015-04-27,53.181884765625,54.20920230062128,53.01678362747489,53.60381653161752,2052351
2015-04-28,52.998443603515625,53.750587710166975,52.64989338700565,52.94340988263237,3429520
2015-04-29,52.48478317260742,53.12685481126218,52.282991219579685,52.96174868505862,2061972
2015-04-30,52.17292022705078,53.12685625423665,51.51250565704647,52.13622942285636,4099911
2015-05-04,52.88837432861328,53.05347548554055,51.732641348252876,52.46644251463394,3652050
2015-05-05,52.521484375,53.80562790656848,51.93444633672233,52.48479356453739,7999174
2015-05-06,51.58589172363281,52.37472674077497,51.384099728218374,52.37472674077497,6031578
2015-05-07,51.4758186340332,51.75099222114365,50.65029787270188,51.36574621336452,5448071
2015-05-08,51.365745544433594,52.172923379995446,51.25567810157249,51.732643655802775,2987105
2015-05-11,52.46644973754883,52.59486010737887,51.29237368135592,51.64092393376895,3927933
2015-05-12,51.10892868041992,52.48479683571007,50.8520979675491,52.429763104773464,4551824
2015-05-13,51.67761993408203,51.916102757344014,50.650307014011126,51.18230639261477,4097879
2015-05-14,51.14561080932617,51.65926717148083,50.72367399890979,51.65926717148083,3467677
2015-05-15,51.38408279418945,51.9894635572995,51.10890926765097,51.43911650422253,6305129
2015-05-18,51.38408279418945,51.71429003076102,50.90711236236556,51.18228588890405,14967798
2015-05-19,50.90711975097656,52.79664888855042,50.668636988638,51.36574236177142,6595326
2015-05-20,51.65926742553711,51.879407289364345,51.01719572559259,51.035538640755625,5168468
2015-05-21,51.18229293823242,51.71429715336224,50.88877646004797,51.54919102414988,2628801
2015-05-22,51.71430206298828,52.081200183738126,50.41181572487605,51.1089211590259,5380668
2015-05-25,52.50313186645508,52.61320428816732,51.75099271177217,52.00781840968559,5557091
2015-05-26,52.48478317260742,52.68657512563516,51.934436053760486,52.61319849561311,2220470
2015-05-27,52.53982162475586,52.6865798744013,52.02616526280973,52.484787903185584,1137269
2015-05-28,52.53982162475586,52.92506762849606,51.567542622433876,52.92506762849606,3848527
2015-05-29,52.7232666015625,52.998440164497076,51.824364305426705,52.28299188669142,3473570
2015-06-01,52.50313186645508,53.897347706857126,52.191272445872656,53.80562317695071,15815832
2015-06-02,52.28300094604492,52.42975920976487,51.86106409533499,52.28300094604492,4635659
2015-06-03,52.53982162475586,52.741618572345715,51.64091925906953,52.154580597389796,6029264
2015-06-04,52.96176528930664,53.255286830538964,52.246316796326816,52.466456708157246,8566490
2015-06-05,53.1635627746582,53.677219256105914,52.46645719438092,52.83335539204005,8696044
2015-06-08,53.622169494628906,53.82396145247782,52.81499171048568,53.365338842481385,4215142
2015-06-09,54.062461853027344,54.35598340501481,53.310322517786865,53.56715325372897,2699663
2015-06-10,53.98908233642578,54.37432344354955,53.64052706702797,54.13584061645506,2875048
2015-06-11,53.567138671875,54.062447136342286,53.145201866774606,53.787273555471984,2113307
2015-06-12,53.34700393676758,53.5487959249083,52.19127578136027,53.38369474634986,2614529
2015-06-15,51.80601501464844,53.20023054771836,51.60422308388576,53.20023054771836,3574132
2015-06-16,52.87002944946289,53.071826399033355,51.54919523694182,51.659267657536844,2705206
2015-06-17,52.02616882324219,52.961757083086646,51.530855342464456,52.723274289045364,3030212
2015-06-18,52.08120346069336,52.3563770685697,51.67761450719982,51.84272066247545,4549773
2015-06-19,51.365745544433594,52.24630499281893,50.88877999020331,52.08119885215315,9119658
2015-06-22,51.84272384643555,52.17293120089217,51.51251649197892,51.6776176810198,1849073
2015-06-23,51.14561080932617,52.02616528393046,51.053886281213764,51.73264380814627,4200054
2015-06-24,51.310707092285156,51.567537737114094,51.01719062080094,51.01719062080094,3101425
2015-06-25,51.84272384643555,52.06286374153159,50.94382134828292,51.439134868155286,11124905
2015-06-26,51.03554153442383,51.824371529521045,50.96216489323713,51.549197928228445,4184617
2015-06-29,51.18229293823242,51.43912358892415,50.521878374130516,50.558569177997015,3452315
2015-06-30,51.03554153442383,51.51251209582232,50.50354222441614,51.18229979317165,2588831
2015-07-01,52.22795867919922,52.50313227103893,50.77871408133468,51.05388767317438,1988394
2015-07-02,51.91609573364258,52.466447909107735,51.58588840946302,52.448100016646734,2965570
2015-07-03,51.91609573364258,52.448100016646734,51.54919760091541,51.54919760091541,3051297
2015-07-06,51.365745544433594,52.172923379995446,51.25567810157249,51.549194600118184,2083899
2015-07-07,50.85210037231445,51.91610413411328,50.72368500980636,51.73265503806606,3234495
2015-07-08,50.63193893432617,51.072218568193506,50.044906057667205,50.668629733210636,2440394
2015-07-09,50.265045166015625,50.833740156077454,50.22835934038943,50.668634035265484,2478234
2015-07-10,50.87043762207031,51.053886679727086,50.21001802868143,50.30174255750982,2901055
2015-07-13,51.365745544433594,51.512508770080565,50.283399101718985,50.77871254734221,1612390
2015-07-14,51.439125061035156,51.7142986333483,50.925468721325394,51.40243425611862,2264950
2015-07-15,51.274017333984375,51.62257250530079,51.182292812729926,51.38408974531397,1504877
2015-07-16,51.218994140625,51.420791114672866,51.03554506042227,51.2556849519405,1827243
2015-07-17,51.80601501464844,52.007806945411104,51.18228635822595,51.23732504513681,1696436
2015-07-20,51.439125061035156,52.00781511993276,51.38409134184731,52.00781511993276,1668294
2015-07-21,51.365745544433594,51.695957825765156,51.23733518655368,51.42078424223827,1315889
2015-07-22,52.3930549621582,52.558161076731444,50.92546274861233,51.25567000138548,1890132
2015-07-23,52.191261291503906,52.57650224422707,51.64090925331298,52.50312064543544,1225377
2015-07-24,52.11788558959961,52.448092868776996,51.806021224008965,52.172919306733554,1692284
2015-07-27,51.51251220703125,52.448100462896114,51.38409686420925,51.86106245026301,1296310
2015-07-28,51.8610725402832,51.98948790808952,51.1639669418173,51.732657172476884,1547151
2015-07-29,51.365745544433594,51.842716075038005,51.182296488749,51.622576212941674,1900932
2015-07-30,52.24630355834961,52.55816793972572,51.32905830511045,51.43912574494956,2942993
2015-07-31,52.09953308105469,52.411397418998796,51.512500181834355,52.411397418998796,1956499
2015-08-03,51.58589172363281,52.42976046894484,51.47582426729307,51.750997884517155,1508372
2015-08-04,51.73262405395508,52.282975988850836,51.347383173537516,51.549175067780574,1001510
2015-08-05,51.64093017578125,51.8977608992345,51.402447347646195,51.73265472324667,1107859
2015-08-06,51.75099563598633,52.06286005056503,51.43913122140763,51.47582203071827,1295185
2015-08-07,51.218994140625,52.20962116426962,51.12726960052363,51.567549383560085,2213871
2015-08-10,50.65030288696289,51.91609852715721,50.411820083132774,51.40244210897511,2570753
2015-08-11,50.61361312866211,51.65927388021313,49.75140145715952,51.365752366310765,3873211
2015-08-12,49.89814758300781,50.595257898647084,49.78808015231402,50.265045653818554,1472522
2015-08-13,50.55856704711914,50.852083512932836,46.22916682993894,49.824770906211334,2470225
2015-08-14,50.760379791259766,51.01721053634751,50.52189694303578,50.55858776038769,1304682
2015-08-17,50.66863250732422,51.16394587845015,50.24670073798486,50.815390734523994,813782
2015-08-18,50.41181945800781,50.888785059753495,50.13664584706808,50.66864517572679,1461999
2015-08-19,50.063262939453125,50.7787163000469,49.934847595708796,50.44850399431163,2417706
2015-08-20,49.934844970703125,50.246709367295225,49.29277326210879,49.56794685150636,2256015
2015-08-21,48.94422912597656,49.604643832171966,48.81581377300111,49.531262208650325,4024183
2015-08-24,48.10034942626953,48.61400574502642,46.85289694461033,48.00862490590674,7651174
2015-08-25,47.1831169128418,49.03595570832721,45.91731620084063,48.06367154988063,12357515
2015-08-26,48.045318603515625,48.72408109036281,46.96296720748573,47.18310706489212,2616303
2015-08-27,49.476219177246094,50.797053317683684,47.78848694092994,48.59566474241234,5402025
2015-08-28,49.5862922668457,50.448498822798285,49.05428803003012,49.751393426414204,2205183
2015-08-31,47.93524932861328,49.696358167722224,47.733452393557286,49.347802992136124,2305711
2015-09-01,47.36655807495117,48.1003543123939,46.96296914908283,47.45828260463151,3973158
2015-09-02,45.93565368652344,47.69676256152886,45.403649455337465,47.43993687945978,4507483
2015-09-03,46.669456481933594,46.98132090376386,45.89896937399253,46.00903682810927,3114461
2015-09-04,45.3486213684082,46.55938324830554,44.9266894997394,46.55938324830554,3868544
2015-09-07,45.35232162475586,46.316471339552876,44.70336696336318,45.53773580524475,3112256
2015-09-08,46.74293899536133,47.28063722770139,44.90733616401166,45.24108076161631,2951677
2015-09-09,46.72439193725586,48.39311986146625,46.20523314454912,47.98521261484967,3201416
2015-09-10,45.741695404052734,46.26085417172191,44.75900112423569,46.26085417172191,3984541
2015-09-11,46.093990325927734,46.65023301195451,45.64899416523318,45.98273877091267,1783681
2015-09-14,47.299171447753906,47.4475017891185,45.79731353852308,46.279393435060065,2400945
2015-09-15,47.59584045410156,48.2633346514969,46.724392630372456,47.28063528002731,3189547
2015-09-16,48.61561584472656,48.763946203487066,47.46604676238874,47.65146096825993,2668351
2015-09-18,49.5056037902832,50.02476759847315,48.763946955363075,48.94936116409311,2710372
2015-09-21,50.636634826660156,50.8035046011412,48.83811594825932,49.246028224239275,3040868
2015-09-22,48.57853317260742,50.80350369687808,47.92958343636182,50.692257182537496,2618545
2015-09-23,47.391883850097656,48.949360153464234,46.65022703049008,48.59707618195996,5775906
2015-09-24,46.50189208984375,48.226248235753296,46.18669196222629,47.46604697053842,9733917
2015-09-28,47.021053314208984,47.83687276108023,46.24231268289581,46.89126237070979,2407051
2015-09-29,47.59584045410156,48.39312057933701,46.501894564574016,46.66876937134348,2414852
2015-09-30,49.079139709472656,49.20893062871042,47.595826414597724,47.61437084859228,3047665
2015-10-01,48.41166687011719,49.65394317445554,48.300415318122326,49.32019354815366,2020545
2015-10-05,49.134765625,49.74663641616619,48.55998370384054,48.57852310916259,1811432
2015-10-06,49.042076110839844,49.87644018354922,48.83812246049524,49.2645742028323,1868486
2015-10-07,49.1533203125,49.39435778036935,48.83811514850976,49.17185972168904,1403044
2015-10-08,49.116241455078125,49.3201950956105,48.80103625906029,49.283116273464884,1318938
2015-10-09,49.1533203125,49.50560429486832,48.912282844630646,49.32019008424846,1421375
2015-10-12,49.43144226074219,49.579772625199006,48.8751996217673,49.134776502146124,1574616
2015-10-13,49.33872985839844,49.579767303478945,49.116231820754166,49.320185421280314,715400
2015-10-14,49.3201904296875,49.505604641606006,49.02352970249085,49.28311161104972,1722301
2015-10-15,50.08039474487305,50.22872511744135,49.3943611133516,49.50560763535715,2959602
2015-10-16,50.06184387207031,50.43267227068296,49.542685119949034,50.21017925526102,3651488
2015-10-19,49.616851806640625,50.19163380097618,49.2645628232208,50.06184285815403,1640198
2015-10-20,50.39558792114258,50.84057893280859,49.50559583844754,49.69101001739542,3296804
2015-10-21,50.39558792114258,50.87766277453447,50.02475956324682,50.43266673318695,3504240
2015-10-23,50.562469482421875,51.00746562777895,50.24726429860083,50.61809274317084,2367650
2015-10-26,50.339962005615234,50.74787422437572,50.1545478179679,50.61808328708624,1788557
2015-10-27,49.6539421081543,50.52538491681188,49.487067298586936,50.265808027096945,1680870
2015-10-28,48.59708023071289,49.67248170280201,48.374582160357264,49.37582096211626,4725765
2015-10-29,47.52167892456055,48.43020558963469,46.798561450800435,48.43020558963469,6657486
2015-10-30,47.74415588378906,48.89372467268234,47.5587417252476,47.65144880451833,3034065
2015-11-02,47.81834030151367,47.98521511450055,47.150846079248865,47.744172600256675,1507300
2015-11-03,48.81957244873047,49.00498664685284,48.28186926230278,48.374576361363964,2879807
2015-11-04,48.65270233154297,49.653941109443586,48.35604159792631,49.39435919526713,10212719
2015-11-05,48.55999755859375,49.134779643745475,48.35604392313546,48.875202746769716,9402139
2015-11-06,48.68978500366211,49.1347760933301,47.85542105214195,49.09769727478623,4219805
2015-11-09,48.22624588012695,48.54145102203037,46.96542531251327,47.83687304729966,5260832
2015-11-10,47.577293395996094,48.189159206318976,47.35479536596549,47.911037926201146,1531108
2015-11-13,48.28187561035156,48.72687175622568,47.28063679697614,47.46605101947658,1386876
2015-11-16,47.83688735961914,48.467297832038504,47.67001754963767,48.02230161272089,1462412
2015-11-17,48.4858283996582,48.875201277944306,47.91104633178016,47.92958574183458,1602664
2015-11-18,48.54145812988281,48.80103502676178,48.115001389148176,48.448751017494025,1327429
2015-11-19,48.89373779296875,49.20894295300849,48.374579015676275,48.83811453641639,2523368
2015-11-20,48.54145812988281,49.20894732720901,48.35604390510523,48.949365400647295,2168468
2015-11-23,48.72686004638672,48.87519038280439,48.39311050234511,48.39311050234511,2177227
2015-11-24,48.89373779296875,49.17185910541282,48.55999322397232,48.578532632929004,1241516
2015-11-26,49.616851806640625,49.85788925492063,48.72686467393186,48.76394348929651,4171542
2015-11-27,49.5056037902832,49.69101799901324,49.13477537282314,49.56123207664807,1605635
2015-11-30,50.50684356689453,50.76642547632227,49.43144214010411,49.524149246373675,2006989
2015-12-01,50.43267059326172,51.17432736581904,50.19163314811696,50.46975443782596,2520479
2015-12-02,50.210174560546875,50.63662617314124,49.913508851586144,50.43266755516544,1390936
2015-12-03,49.616851806640625,50.43267124925618,49.43143761108955,50.06184285815403,1173194
2015-12-04,48.4858283996582,49.57977430525105,48.37458187996652,49.57977430525105,1376556
2015-12-07,48.6341552734375,48.89373211710945,48.09645211992565,48.57852699366049,1525844
2015-12-08,48.28187561035156,48.65270405535243,47.966670426164285,48.57853635447918,1469647
2015-12-09,48.263336181640625,48.83811825930055,47.85542388635809,48.09646136958055,2198948
2015-12-10,48.4858283996582,48.57853550929548,47.92958574183458,48.207707070746395,1086874
2015-12-11,47.4660530090332,48.57853839066604,47.24355492677006,48.57853839066604,1514970
2015-12-14,47.52167892456055,47.985214477052246,47.00251508202373,47.20647374292966,1552518
2015-12-15,48.02229690551758,48.13354846428373,47.18793284834506,47.52168249496049,1842404
2015-12-16,49.449981689453125,49.72810300904903,48.09645894002288,48.20770545598827,2623492
2015-12-17,49.89498519897461,50.11748329352572,48.8566624342971,49.431449597694424,1092627
2015-12-18,50.210174560546875,50.6180817371353,49.33872689935221,49.69101082728599,28017527
2015-12-21,51.71202850341797,51.87890328255118,50.21017560994581,50.21017560994581,6238035
2015-12-22,51.35974884033203,52.138489567857214,51.15579521083661,51.749121718935925,9652753
2015-12-23,51.934539794921875,52.10140958698703,51.47100421193592,51.47100421193592,3720080
2015-12-24,51.953067779541016,52.23118906816115,51.67494649092088,51.91598393512196,2224191
2015-12-28,52.713279724121094,52.935777806277194,51.78620857320641,52.08286932962595,5761043
2015-12-29,52.268272399902344,52.88013822292872,52.06431880212082,52.73180787638927,8576492
2015-12-30,52.286808013916016,52.52785046794813,52.00868674820031,52.00868674820031,8189382
2015-12-31,52.34244155883789,52.65764166796068,51.76765453403347,52.28681327635085,7159928
2016-01-01,52.286808013916016,52.60201312099678,52.19410092534412,52.43514337937623,3229824
2016-01-04,52.268272399902344,53.52908789001042,51.878904611526046,52.10139761649432,6809859
2016-01-05,51.60078811645508,52.63910566831457,51.24849910974438,52.30536110019418,4259054
2016-01-06,51.73057174682617,51.89744653833598,51.174329148036264,51.39682719348864,5320149
2016-01-07,51.21142578125,52.564948770340166,50.98892768024043,51.73058466381678,6787347
2016-01-08,52.52785873413086,52.65764465481046,51.5080805993599,51.91598782952249,10345830
2016-01-11,53.12118148803711,53.95554535817834,51.54515581475513,52.10139839484928,8283638
2016-01-12,52.93577575683594,54.41908954087203,52.676193832756546,53.21389709134271,6611338
2016-01-13,52.99141311645508,53.54765593346005,51.953090173568725,53.084120252622576,7462021
2016-01-14,52.97283935546875,53.58471013930322,52.43514128107767,52.43514128107767,10278564
2016-01-15,51.58224105834961,53.12118292876062,51.285580352792955,52.71327068635869,7430643
2016-01-18,51.22995376586914,52.30535504064221,50.95183248637533,51.915982231541854,7411237
2016-01-19,50.41414260864258,51.84183322523754,49.987690873733186,51.34121378439476,7282040
2016-01-20,49.93206024169922,52.02723978382089,48.41166273186217,49.91351580311057,15997901
2016-01-21,49.02353286743164,50.93329836754952,48.94936516600304,49.98768783758984,10416175
2016-01-22,49.35727310180664,50.358511834179666,48.9864446868066,49.394356949243104,8099084
2016-01-25,49.3201904296875,49.857893656124126,48.67124068797273,49.69101885352451,8893503
2016-01-27,51.26704406738281,51.637872523137005,49.468530080721244,49.616860457086354,14527719
2016-01-28,53.288047790527344,53.58471349849239,52.10139501803027,52.286809199377835,22594616
2016-01-29,54.82699966430664,55.03095833804778,53.584728329198335,53.695974856924074,11216960
2016-02-01,54.41909408569336,55.03096006677181,54.19659599356943,54.8455458282824,12278379
2016-02-02,54.233665466308594,55.75406282470156,53.770129992998655,54.32637256097058,18267134
2016-02-03,53.413360595703125,54.51331825239347,52.74219510571001,53.63707736835449,12098041
2016-02-04,54.7370491027832,54.99805879035134,53.26421811515061,54.00995429980566,8726120
2016-02-05,54.15910339355469,54.96076874818688,53.82351807814622,54.83026390967769,6170693
2016-02-08,53.11507797241211,54.45740426998344,52.81678548732859,54.084536134955165,3820374
2016-02-09,52.92864227294922,54.252327145895066,52.57441553265513,52.87271306588899,7297377
2016-02-10,53.450653076171875,53.898096817562184,52.57441203273508,52.57441203273508,8119293
2016-02-11,50.971073150634766,53.63707862228891,50.0016152362115,53.26421058269123,7247688
2016-02-12,51.58631134033203,52.49984018310979,50.82193377932405,51.45580649745705,16065640
2016-02-15,51.716819763183594,52.443914611427715,51.493097882389435,51.86596599793053,8464543
2016-02-16,51.94052505493164,52.406610050497264,51.38122306025291,51.8659494327028,6766384
2016-02-17,52.052391052246094,52.1456080650077,51.213437937391596,52.1456080650077,7804863
2016-02-18,52.14559555053711,52.854043666034904,51.82865677174075,52.23881254092749,8779283
2016-02-19,52.57439422607422,52.94726219849538,51.84730471426029,52.12695569357616,6323086
2016-02-22,52.071041107177734,52.760843003664796,51.58630957272954,52.57440896518787,2293985
2016-02-23,51.12021255493164,52.313392145864604,50.97106637040146,52.20152871445763,3873885
2016-02-24,52.08967971801758,52.574406169341614,51.32530222384967,51.45580199796612,11387961
2016-02-25,49.12538146972656,52.29476026682541,48.864376838491445,52.23883106422841,19051305
2016-02-26,49.833831787109375,50.672784945805304,49.21859542485486,49.77789753065214,12511003
2016-02-29,48.49150085449219,50.094831373907994,48.174562014883094,50.094831373907994,11485783
2016-03-01,49.87110900878906,50.09483083772717,48.566070906887475,48.845721928723535,14281573
2016-03-02,50.4863395690918,51.53036790910672,49.982966775484485,50.3371883285076,13550709
2016-03-03,50.57956314086914,51.045648184919074,49.982973273015936,50.89649692494598,7057560
2016-03-04,51.69816207885742,51.88459607784151,50.50498246242087,50.859209083429,29228314
2016-03-08,51.34394073486328,52.08967680744471,50.74735086532885,52.015101177248006,20131612
2016-03-09,52.10832595825195,52.27611862254753,50.933792480224376,51.04565594220382,7284193
2016-03-10,52.071041107177734,52.53712620337006,51.493092553491074,52.23882870739879,3713460
2016-03-11,51.530372619628906,52.35068428844579,51.325297231097785,52.07103327280543,4685588
2016-03-14,51.679527282714844,51.82867350402048,51.34394702044041,51.679527282714844,4423191
2016-03-15,51.81002426147461,52.20153366516464,51.5117318641247,51.5117318641247,11655129
2016-03-16,51.73546600341797,52.20155119160466,51.26938081523129,51.97783434715342,6170234
2016-03-17,51.45579147338867,52.29474443032395,51.04564074031906,51.921876449463824,7509036
2016-03-18,51.02701187133789,51.86596511705685,50.896507021645455,51.642243240062314,9195901
2016-03-21,51.45579147338867,51.62358408771399,50.80327250688345,50.91513593554888,4674151
2016-03-22,51.530372619628906,51.95916983214156,51.26936298209275,51.45579699251966,6628643
2016-03-23,51.25072479248047,51.88460249030626,51.064290770454825,51.19479559734208,11545428
2016-03-28,51.86595153808594,52.20153173704614,50.89649369648729,51.41851295858769,8691695
2016-03-29,51.51173782348633,52.574407772826426,51.28801597091852,52.20153970432903,11478000
2016-03-30,52.10832595825195,52.33204782486367,51.58631164105605,51.791392126011445,5797932
2016-03-31,51.86595153808594,52.36932436519928,51.642229719663774,51.642229719663774,15715729
2016-04-01,51.567665100097656,52.2015377585074,51.493089466239255,52.12696718199566,3935188
2016-04-04,51.679527282714844,52.238829405621246,51.56766888107238,51.735456483536076,5649881
2016-04-05,51.84730911254883,52.49982811964006,51.71680429966138,52.12696011558793,7744995
2016-04-06,52.08967971801758,52.686269620887174,51.95917488655443,52.14560891511701,10418272
2016-04-07,52.276123046875,52.53713275623678,52.052401161328845,52.44391572537152,12408704
2016-04-08,52.5371208190918,52.630337828776895,52.29475254803339,52.29475254803339,4133630
2016-04-11,53.04049301147461,53.30149760088123,52.40661533070097,52.443903145572314,12360599
2016-04-12,53.37606430053711,54.15908805244587,52.94726208727706,52.94726208727706,8901453
2016-04-13,54.06587219238281,54.196371939314034,53.65571640351796,53.823503959863366,10239725
2016-04-18,54.42009735107422,54.718394788844286,53.22692277203185,54.06587578148885,7347390
2016-04-20,55.18449020385742,55.892938534012714,54.12181517995103,54.32689059800887,7716065
2016-04-21,54.49468231201172,55.76243273205038,54.10316780610849,55.31498902740292,6315086
2016-04-22,54.4573974609375,54.923482571446186,53.80487830622534,54.55061448303923,4320738
2016-04-25,53.618446350097656,54.4760409638923,53.152361221438106,54.4760409638923,3605005
2016-04-26,54.12180709838867,54.531962930606106,53.33878324730924,53.8607974622468,8964411
2016-04-27,53.823516845703125,54.43875320496641,53.56251223200816,54.1777435339246,3177289
2016-04-28,52.89133834838867,54.233664195952485,52.70490434337554,53.767579183419635,9408511
2016-04-29,53.46928405761719,53.63707161912095,52.387962838090324,53.04048687953539,4383214
2016-05-02,53.264198303222656,53.69300049578158,52.798113361176256,53.320132542144464,3383764
2016-05-03,54.14045715332031,54.73704709058241,53.32015041476354,53.32015041476354,4572397
2016-05-04,53.226932525634766,54.1031684502017,52.9472764138907,53.991310051381596,4435593
2016-05-05,53.413360595703125,53.80487000518935,52.98455831431322,53.32014358798294,2770226
2016-05-06,53.11507797241211,53.450658282468,52.38798308616787,53.376087689871,3714029
2016-05-09,53.50658416748047,53.7489474058162,52.81677721425802,53.13371609085719,5027038
2016-05-10,52.89133834838867,53.599791613315446,52.57439952839713,53.37606979583047,7758595
2016-05-11,52.74220275878906,53.02185382252796,52.015107970129094,52.499839515018095,4574270
2016-05-12,53.65572738647461,53.82351497716498,52.64898161294567,52.909991274926256,4877581
2016-05-13,53.97265625,54.14044380961731,53.09641546973491,53.431995646315265,6719824
2016-05-16,53.86079788208008,54.40145853658278,53.320142284923584,54.047231892964284,4500368
2016-05-17,54.02861022949219,54.438766214569874,53.171010432084664,54.438766214569874,4754541
2016-05-18,53.33878707885742,54.02859397477307,53.208282251411774,53.69301374516037,2573082
2016-05-19,53.842159271240234,54.289597885951494,53.43200341474506,53.43200341474506,6035130
2016-05-20,53.991302490234375,54.121807308812706,53.58114665642226,53.916726863233556,3055890
2016-05-23,55.24042510986328,55.52007619465551,54.06589156520544,54.28960838716126,10093334
2016-05-24,54.699745178222656,55.65056156814139,54.51331118694592,55.55734457250303,3545037
2016-05-25,55.81835174560547,55.930215180029,54.83025255693347,55.18447917992245,7201959
2016-05-26,56.15393829345703,56.45223067747718,55.408197218714584,55.9302164767689,11348343
2016-05-27,56.247154235839844,56.825097615494215,55.48277179800316,56.45222961382147,7635493
2016-05-30,56.582740783691406,57.03017940156674,55.687858490594216,56.340377566840615,6049447
2016-05-31,55.930213928222656,56.80645472020539,55.76242130901578,56.67594991163846,4297008
2016-06-01,55.52007293701172,56.15395071495359,55.3336388914226,56.15395071495359,5018958
2016-06-02,56.004791259765625,56.15394252034884,55.221767371089406,55.52006483490942,3951078
2016-06-03,56.07936096191406,56.24715358365963,55.65056377643146,56.15393658432229,3453446
2016-06-06,55.65058517456055,56.1912409441964,55.389575453117146,56.00480687383621,2395810
2016-06-07,55.89295196533203,56.284461514740975,55.650588670109926,55.70651788326146,3771426
2016-06-08,56.88103103637695,57.011535858141514,55.66920994077782,55.930219584306926,3804592
2016-06-09,56.97425079345703,57.58948206021538,56.80646320653015,56.936962977246644,4520638
2016-06-10,57.57084655761719,57.850497621722006,56.992903048072726,57.01154442940755,8988984
2016-06-13,56.601383209228516,57.328477930568,56.433595620928585,57.328477930568,7199310
2016-06-14,56.13529968261719,56.825106606321704,56.04208266745027,56.58274337835707,2914984
2016-06-15,57.57084655761719,57.701351399002185,56.359025279829645,56.359025279829645,5287666
2016-06-16,57.64542007446289,58.2792927620122,56.6200328771788,57.5708444371762,5385026
2016-06-17,58.558937072753906,58.89451728720817,57.01153576468696,57.79455963664443,8985642
2016-06-20,58.40980529785156,58.72674421207682,57.88779094007633,58.54031015163226,5237563
2016-06-21,58.16743469238281,58.6521611654469,57.81320799928812,58.37251011006064,5276594
2016-06-22,58.01827621459961,58.428426963287215,57.645408219541174,58.1860637779684,4797461
2016-06-23,58.40980529785156,58.857249065857516,56.992908461411986,57.981007970298606,5027803
2016-06-24,58.09284973144531,58.22335454781711,56.153939093014756,57.21660888705882,6010853
2016-06-27,57.42169952392578,58.54030376454692,57.04883144371874,57.06747282479029,5121198
2016-06-28,57.96234893798828,58.16742939433374,57.29118848913116,57.62676871355972,5842035
2016-06-29,59.3792610168457,59.78941694466861,57.99964700253613,58.092864028980095,9838712
2016-06-30,60.814796447753906,61.09444749127434,59.39789479284233,59.65890445640009,18696297
2016-07-01,61.57917022705078,62.04525527145345,60.77750496214747,61.150372997669606,9960809
2016-07-04,61.672393798828125,62.380842130240765,61.39274274242732,62.15712533099768,5753019
2016-07-05,60.12499237060547,61.821540091874255,59.957199713624185,61.635106054049245,5510329
2016-07-07,60.90800476074219,61.206297141610264,59.733466499877395,60.03176393809146,5911690
2016-07-08,61.31816482543945,61.67238642009179,60.25548992678979,60.96393817344079,7803900
2016-07-11,62.119815826416016,63.8163629533894,61.87745267361199,61.93338185389828,11133401
2016-07-12,62.119815826416016,63.01469788303214,61.9147354222394,62.26896199296118,9182267
2016-07-13,60.34871292114258,62.80964317863219,59.91991059754947,62.213053259036705,11106820
2016-07-14,61.5418701171875,61.74695053016153,60.3673370514104,60.609700214611166,7428442
2016-07-15,61.24357986450195,62.04524499664806,60.814782706130366,61.91474019435786,6629943
2016-07-18,60.85206985473633,61.82152766807117,60.62835310018253,61.374089101617656,3891623
2016-07-19,62.04523849487305,62.268960267162875,60.777488528357416,60.889346885829816,5987973
2016-07-20,62.772342681884766,63.387573857658396,62.23168207015732,62.26896988085332,7071425
2016-07-21,60.59108352661133,62.7723629988453,60.330073824606515,62.75371655878927,4189305
2016-07-22,62.026607513427734,62.66048007421627,60.72156952331818,60.96393271001221,7206087
2016-07-25,62.99607849121094,63.23844172858766,61.95204484638876,62.101191064978515,3967394
2016-07-26,63.90959167480469,64.50618150787703,62.34354905250412,63.107926457244695,8278821
2016-07-27,64.30110931396484,64.7671943539691,63.96552909663105,64.50618470862817,8851677
2016-07-28,65.69938659667969,66.68748620334001,64.18926752324208,64.46891864158074,31420184
2016-07-29,65.62478637695312,66.18408840426774,65.14005997621892,66.03494220845307,12377513
2016-08-01,66.07222747802734,67.07896805402743,65.494279037645,65.62478385046333,11965659
2016-08-02,66.70611572265625,67.19084727596176,65.64344570787473,66.18410140608255,6487056
2016-08-03,65.5875015258789,66.78068126097773,64.76719488317657,66.74339344600344,10713465
2016-08-04,66.4450912475586,66.87388841319648,65.7552844729173,65.92307708689744,9047354
2016-08-05,65.81122589111328,67.56370774623122,65.6434383032913,66.74339601461291,8816394
2016-08-08,66.55694580078125,67.11624773883793,65.43834192466788,65.99764386272457,9540514
2016-08-09,65.66207885742188,66.98575839321349,65.43835701912494,66.55696115326315,6314021
2016-08-10,65.02821350097656,65.81123755496239,64.72992103152839,65.6620913202383,3789657
2016-08-11,64.897705078125,65.82987524290058,64.30111516119925,64.91634645848178,5017074
2016-08-12,66.38917541503906,66.74339703296559,64.9536323914772,64.9536323914772,4369997
2016-08-16,66.1841049194336,68.27216735391937,65.71801978036746,66.66883649847084,22372774
2016-08-17,65.12141418457031,66.66882052131245,64.97226798728146,66.35188169123228,11599079
2016-08-18,67.86200714111328,68.30945086934271,65.7180156365959,65.99766670240251,20664320
2016-08-19,67.47050476074219,68.23488239798445,66.85527336279749,68.23488239798445,16563739
2016-08-22,67.84335327148438,68.1602920991945,67.39590962561758,67.65691926193091,11335483
2016-08-23,67.91793823242188,68.38402335506701,67.11627283294169,67.65693359814895,7423678
2016-08-24,67.9738540649414,68.23485862845459,67.52641044556754,67.9738540649414,5319170
2016-08-25,67.95520782470703,68.9805948194661,67.30268882804216,68.04842482423058,12995397
2016-08-26,67.41455841064453,68.3840112482349,67.19083657991355,68.10436022415774,7097916
2016-08-29,67.20948028564453,67.61963614662821,66.22138097782921,67.56370695134555,2956326
2016-08-30,68.34674072265625,68.53317477207307,67.0044145553857,67.4518532395777,5212793
2016-08-31,68.49588775634766,68.79418021598408,67.80608075392267,68.27216588294668,6435761
2016-09-01,68.71961212158203,68.98061676889134,67.95522944785709,68.42131459378174,6116318
2016-09-02,68.53317260742188,68.98061127748133,67.97387047683722,68.8128236727142,3858397
2016-09-06,69.57720184326172,69.98735775411875,68.53317321321396,68.88739486464041,9001076
2016-09-07,68.88739013671875,69.72634328243203,68.57045127020216,69.39076303561608,5024999
2016-09-08,70.07536315917969,70.5452890160929,68.28963980388764,69.1355063463314,5980354
2016-09-09,69.09793090820312,70.16936310740056,68.94755052310506,69.92499753112769,5051740
2016-09-12,67.7633056640625,68.94751748562346,67.57533537178233,68.64676705758339,4144478
2016-09-14,67.34977722167969,68.06406848813852,67.10541683532217,67.65053278098368,6680869
2016-09-15,65.71446990966797,67.81973430126061,65.4325143108986,67.81973430126061,8920122
2016-09-16,66.18437194824219,67.85730483590878,65.09413994845625,66.27835711380845,21690721
2016-09-19,66.69188690185547,66.99264248719665,65.50767485081718,66.05279084367078,4266806
2016-09-20,66.95504760742188,67.4437684239487,66.5415118631953,66.7858722714587,4769662
2016-09-21,65.90241241455078,67.70692544327517,65.62045693512377,66.95504416480313,4957941
2016-09-22,67.12421417236328,67.78211023888697,66.24075272037017,66.57909824906389,4676363
2016-09-23,66.14679718017578,67.44378980396772,66.05281198574058,67.0114589293704,7599534
2016-09-26,66.05279541015625,67.03024220680213,65.73324480946138,66.05279541015625,6333433
2016-09-27,66.2407455444336,66.97382659401767,66.10916532557891,66.40991574094363,6069513
2016-09-28,67.08662414550781,67.33098454024962,66.2407577105407,66.2407577105407,4515648
2016-09-29,65.1881332397461,68.45881944875296,64.54903709364487,67.19941705337573,13380901
2016-09-30,66.37235260009766,66.80468340912445,64.49264899648347,65.45129579471777,11831869
2016-10-03,68.12046813964844,68.7595642323604,66.01519932460867,66.5979053354669,9403402
2016-10-04,68.04530334472656,68.68440477483887,67.83853793446747,68.23327375369799,7967290
2016-10-05,68.1956558227539,68.94753720693794,67.81971513066188,68.10167064973089,5347763
2016-10-06,66.87985229492188,68.51519505377519,66.72947706285952,68.15805451500474,5654229
2016-10-07,66.5227279663086,67.51896985788318,66.27836751728424,66.87986859210653,3980080
2016-10-10,66.9362564086914,67.29339699516207,66.61670581099105,66.61670581099105,4458994
2016-10-13,65.78964233398438,66.8610744226758,65.30092142989054,66.74829424450719,14897308
2016-10-14,66.80467224121094,67.105422727903,64.86857887295463,66.09038601105112,4958871
2016-10-17,66.18437194824219,66.78587292864904,65.71444612041086,66.27835711380845,4534814
2016-10-18,66.31594848632812,66.84226950371267,65.78963256796526,66.44752874067426,7289895
2016-10-19,67.12421417236328,67.95128045372341,66.20315763962178,66.52270817745175,9020687
2016-10-20,67.16182708740234,67.76333328770629,66.86107653676167,67.42498764347988,4037879
2016-10-21,66.5227279663086,67.42498467756441,66.20317733342026,67.42498467756441,10350237
2016-10-24,66.20316314697266,67.04902958858388,65.84601749868386,66.3911334673307,2945373
2016-10-25,67.04904174804688,67.27460719318748,66.01520479858944,66.37235051164726,3002870
2016-10-26,65.97760772705078,67.0302447397629,65.71445229813929,66.91745947106766,3927291
2016-10-27,65.97760772705078,66.4851286886243,65.30091651096745,65.8272324678125,7017500
2016-10-28,66.12797546386719,66.54151120399705,64.68060802194486,66.09038547760022,4282450
2016-11-01,66.50390625,67.500152916711,65.4700696026001,65.88360528136421,5277438
2016-11-02,65.82723999023438,66.35355600722428,65.58287952867005,66.14679063952124,4859666
2016-11-03,65.77083587646484,66.0527913717769,65.5264754669987,65.84602094913514,4078615
2016-11-04,65.24452209472656,66.10918360221078,64.37985548822066,65.78963301065471,4179894
2016-11-07,65.41368865966797,65.63925407037779,65.24451842590167,65.52647391453358,7660803
2016-11-08,66.54151153564453,66.76707694947791,65.3760944800233,65.50767472967789,3265787
2016-11-09,67.74453735351562,68.15807317919428,62.7633226463951,63.909939841255344,13247214
2016-11-10,70.8460464477539,71.42875252765766,68.10167611579674,69.54904891632634,18046820
2016-11-11,68.83475494384766,70.8648335995522,68.23324883500362,69.92498189792771,8770575
2016-11-15,69.5302505493164,70.15055169118193,68.62799387941908,68.62799387941908,11489252
2016-11-16,70.86483001708984,71.61671134037923,68.92873662942397,70.13174878629562,10203154
2016-11-17,72.51897430419922,73.83476664348231,69.24828844980115,70.65806595617589,9392264
2016-11-18,72.16183471679688,73.4212370818652,71.95506937136237,72.83853103635192,12168642
2016-11-21,69.56783294677734,72.80092343146453,69.28587747018871,72.80092343146453,12187225
2016-11-22,69.07911682128906,70.18814389217107,67.95129475558745,69.88739338092608,11976002
2016-11-23,68.2896499633789,70.50770441720799,67.51897348299602,69.24830191351418,13625626
2016-11-24,69.56783294677734,70.26332414216687,67.7821149283827,68.40241595707343,18404432
2016-11-25,70.92122650146484,71.50393249813519,69.54903898197762,69.96257473720576,14716858
2016-11-28,71.6167221069336,73.23327025444371,70.28213459706731,70.30092959336649,10318399
2016-11-29,71.22197723388672,72.01145366031099,70.86483155794998,71.67310807727821,12406804
2016-11-30,72.1430435180664,72.44379405434816,70.52649536324049,71.72950770641222,7446808
2016-12-01,69.285888671875,72.36860442057902,68.9851330554769,72.36860442057902,11056167
2016-12-02,69.09793090820312,69.88740753387613,68.60920485468034,69.54905676642844,9676372
2016-12-05,69.58663177490234,69.9437774378774,67.98888398615766,69.06031587606134,12282830
2016-12-06,68.75957489013672,70.15055765291486,68.60919961554457,69.69943182913842,4550359
2016-12-07,68.59038543701172,69.73700232152514,68.42121011351642,69.43625185644589,4265108
2016-12-08,69.79341125488281,69.90619142676643,68.2520533446811,69.15431001681654,5413273
2016-12-09,69.34227752685547,69.92498355607174,69.0791170045515,69.92498355607174,3451184
2016-12-12,69.4550552368164,69.71821574980983,68.94753430405582,69.26708489868447,3689403
2016-12-13,69.64301300048828,70.13173885080202,68.59038133661704,69.73699815258468,4417447
2016-12-14,68.40241241455078,69.6994095792962,68.21444210655991,69.54902925368675,7312670
2016-12-15,68.92874145507812,69.83099808638745,67.8573094745762,68.04527981855823,5253972
2016-12-16,69.09793090820312,70.0189827223025,68.30845428253012,69.00394571702832,26025533
2016-12-19,69.21068572998047,69.54903127439027,68.74075994634988,69.22948072171725,3627943
2016-12-20,68.40241241455078,69.34226395450516,68.32722225174605,69.17308863770499,5757036
2016-12-21,68.89115142822266,69.06032678984533,68.32724035484348,68.44002562893269,5279390
2016-12-22,68.32723999023438,68.96634124292932,68.08287954621183,68.7971658822094,2653684
2016-12-23,68.53398895263672,68.6843641711127,67.29338192741336,68.27082849603825,4805945
2016-12-26,67.21820831298828,68.55279561535737,67.01143789073375,68.55279561535737,5932940
2016-12-27,68.0640869140625,68.3084473665719,66.37235364419718,67.18062518666167,4555998
2016-12-28,67.66934204101562,68.79716415341478,67.3309964271003,68.06408283976862,3739977
2016-12-29,67.68812561035156,68.21444144783939,67.29338490797001,67.36857507004866,14737238
2016-12-30,68.98514556884766,69.58665181173042,67.76333808447009,67.81972817932909,4872601
2017-01-02,69.04151916503906,69.6242302700609,68.64678349633212,68.98512908365545,1811713
2017-01-03,70.69567108154297,70.86484134691698,69.36107845991751,69.51145882783536,7819727
2017-01-04,70.20693969726562,70.99641617217267,69.9437842716446,70.69566565745664,7829503
2017-01-05,71.748291015625,71.89866625927105,69.9625728871519,70.31971855245511,6362320
2017-01-06,70.97760772705078,72.50016520519041,70.77083732572177,71.86106920777051,6298387
2017-01-09,70.13175201416016,71.12799379356704,69.58663599007737,71.12799379356704,2956484
2017-01-10,70.13175201416016,70.78964820231852,69.5678409957387,70.15054700849882,4626997
2017-01-11,71.35356903076172,71.95507521958017,69.88740120109469,70.4137172041774,21835704
2017-01-12,74.436279296875,75.09417552453347,71.4287485856999,71.4287485856999,26857806
2017-01-13,74.1167221069336,75.15055894441416,73.70318635213705,75.15055894441416,23933005
2017-01-16,74.96258544921875,75.5828865057452,73.96634374037066,74.06032890345108,8473484
2017-01-17,74.34229278564453,75.43251978065537,73.34604586530266,74.96259391220053,10193606
2017-01-18,74.60545349121094,75.05658439645578,74.07913750110687,74.4362832260109,21229809
2017-01-19,75.8648452758789,76.57913152637617,74.15431727344954,74.77461835680185,8756982
2017-01-20,74.96258544921875,76.16559247723518,74.22949913758296,76.16559247723518,12987134
2017-01-23,75.2633285522461,76.01520978317092,74.83099786426851,75.13174831703006,7334154
2017-01-24,76.44756317138672,76.95508417276777,75.41372617187889,75.56410654193435,7122776
2017-01-25,76.35357666015625,76.71072238428573,75.90245085491215,76.56034711587102,10336365
2017-01-27,76.89868927001953,77.80094593876312,76.1468078628962,76.50395357088863,11095330
2017-01-30,77.3310317993164,77.61298736979273,76.12802442469786,76.80471575423186,5832917
2017-01-31,77.8949203491211,78.66560174432313,76.86108355720877,77.25582430080632,7593736
2017-02-01,77.36859893798828,78.42123574680926,76.97386332156859,78.42123574680926,7325455
2017-02-02,76.6731185913086,77.4438000403858,76.4099631762022,77.40620495279295,7773806
2017-02-03,75.8272476196289,77.36860532837777,75.60168220632053,76.39115860338912,4479429
2017-02-06,75.60169219970703,76.76710940666608,75.0941763264542,76.03402809028856,6337200
2017-02-07,75.15054321289062,76.54152033454614,74.88738276064794,75.80843924447677,6562928
2017-02-08,75.60169219970703,76.20319834836546,74.5490602638214,75.56410220837138,9024346
2017-02-09,75.9964370727539,77.29342951694083,75.48891607327971,76.09042225417423,12790725
2017-02-10,75.15054321289062,77.36859167100553,74.90618284953418,77.14302629751474,16817238
2017-02-13,76.33477783203125,76.6731234437363,75.0001903806861,75.82725686496264,9508762
2017-02-14,75.50769805908203,76.67311512768325,75.22574256340535,76.65432013424676,9403263
2017-02-15,75.73326873779297,76.16559950806695,75.09417262926418,75.71447374305049,7302351
2017-02-16,75.99774169921875,76.48890066804859,75.22321547980586,75.56325413072163,6272531
2017-02-17,76.52669525146484,76.79116866023394,75.39324657010113,76.31889837633238,4966775
2017-02-20,78.00016021728516,78.3590876032492,76.24331617561045,77.03673110153241,9917513
2017-02-21,77.88681030273438,78.51020585736796,77.28230350375739,78.00015308559178,7428835
2017-02-22,76.1677474975586,78.92580829557146,75.9032792836949,78.83135426395032,26345564
2017-02-23,75.24211883544922,76.31889607516993,75.01542808111952,76.31889607516993,13404307
2017-02-27,72.82408142089844,75.56324843356869,72.5029366772797,75.56324843356869,14798634
2017-02-28,72.59740447998047,73.61750517589486,72.37071372829048,72.502950427148,10051421
2017-03-01,72.78630828857422,73.56082942629102,72.48405226267836,73.1074530741373,10348326
2017-03-02,71.69064331054688,73.29636737431144,71.40728114478733,73.29636737431144,10629352
2017-03-03,72.10623931884766,72.25736477636708,71.02946210677385,71.40727831280253,8454072
2017-03-06,73.23967742919922,74.12754641087565,72.2006830116854,72.4840451255528,14858083
2017-03-07,73.50416564941406,74.03310734403827,73.12634942118812,73.50416564941406,11746802
2017-03-08,73.9008560180664,74.65648832501728,73.35302567020274,73.78751322180759,7938282
2017-03-09,73.46636962890625,73.97642246906047,72.72963119264759,73.97642246906047,9777769
2017-03-10,72.74852752685547,73.93864752818114,71.80398702985731,73.67417926369774,16388459
2017-03-14,73.16410064697266,75.07206973031018,72.76739070303489,74.97761571381905,11886293
2017-03-15,72.89964294433594,73.31524173068567,72.72962875296068,73.29635297313045,7772586
2017-03-16,73.71194458007812,73.84418125265647,72.8240807594649,73.35302232531897,5161993
2017-03-17,73.2963638305664,74.42981243880443,72.95632514852683,74.35424714847115,9522200
2017-03-20,73.14521026611328,73.46635496242891,72.82407069425625,73.29634079929141,9378518
2017-03-21,73.01300048828125,73.50415949406032,72.88076379458377,73.29636263572152,8126819
2017-03-22,72.57850646972656,73.90086313422469,72.33292697121178,72.37070961508944,8203222
2017-03-23,72.93742370605469,73.10744301751208,72.38958825754472,72.91853494898578,5875356
2017-03-24,73.201904296875,73.73084591620832,73.01299620965169,73.2396818147518,6164329
2017-03-27,73.61750030517578,74.08977053809151,73.16412395625268,73.29636064636108,7104197
2017-03-28,74.31645202636719,74.4297999428372,73.54193099055574,73.54193099055574,6020578
2017-03-29,74.37313842773438,74.5998291819517,73.95754469020638,74.54315777451247,6451066
2017-03-30,73.84420013427734,74.71318054451552,73.39082372953017,74.54316118994744,13016042
2017-03-31,74.54312896728516,75.52545177296757,73.91973347744425,73.91973347744425,8522874
2017-04-03,74.12754821777344,75.33656198286185,74.05198806024269,75.33656198286185,9945512
2017-04-05,73.67415618896484,74.7698217974284,73.37190024991584,74.37311183826256,7061975
2017-04-06,74.50536346435547,74.7887255816521,72.956316198242,74.20311258902291,7466431
2017-04-07,73.67415618896484,74.14642628954901,73.48524814873117,74.07086102367212,9205565
2017-04-10,73.78751373291016,73.91975041243442,73.4285863348385,73.69305969388704,5763232
2017-04-11,75.24211883544922,76.16776548930989,73.48527445719982,73.80641414100145,10668096
2017-04-12,74.6564712524414,76.12995801360366,74.05196964468685,75.56323391298999,6620702
2017-04-13,75.5632553100586,75.95996024303882,74.35424150327916,74.73205767734025,5910355
2017-04-17,76.43223571777344,76.7533805127063,75.18544430739901,75.54436662276854,11138596
2017-04-18,76.45111083984375,77.18785434829347,76.18664262166483,76.50778735930854,7675098
2017-04-19,79.79479217529297,80.6637724371369,76.29999261820394,76.64002614481255,29099215
2017-04-20,78.92581176757812,80.24816826844558,77.62234402408214,80.09704283609547,11822555
2017-04-21,77.67902374267578,79.51143325793916,76.99895666201265,79.11472831496232,7938078
2017-04-24,77.39566040039062,78.18907539845542,77.11229826711462,78.01906119316574,7520828
2017-04-25,78.8124771118164,79.30363609878128,77.37677254510535,77.83015401342672,6293621
2017-04-26,77.716796875,78.77468513424121,77.16896655052555,78.77468513424121,5977354
2017-04-27,78.49131774902344,79.39807539273743,77.50899483314205,77.83013955316507,13646716
2017-04-28,78.5857925415039,78.85026081505157,77.81126623274353,78.20797632975554,5477289
2017-05-02,77.83013916015625,78.90691609858014,77.26341499513934,78.90691609858014,5123042
2017-05-03,79.73810577392578,80.77710004137973,77.94347931195989,78.17016999520523,10859280
2017-05-04,79.58699035644531,80.38040528523157,78.96359474256306,79.71922703198626,12952295
2017-05-05,78.96358489990234,80.09703319275498,78.41574950857338,80.09703319275498,4993008
2017-05-08,79.3414077758789,79.53031584082663,78.09461147254842,79.00137428386486,6855459
2017-05-09,78.71800994873047,79.90812969917778,78.49131925234549,79.360294276619,4729357
2017-05-10,79.53032684326172,79.70034105055935,78.96360257001643,79.22807082285493,4623710
2017-05-11,78.66133880615234,79.90813515923274,77.90570651621007,79.71922708674718,4946190
2017-05-12,77.92460632324219,79.19029153002555,77.67902171077003,78.5857846272153,5386419
2017-05-15,78.09459686279297,78.96357687366125,77.96236534163452,78.92579424284816,5353854
2017-05-16,78.35908508300781,78.56688190538195,77.92459755702419,78.11350562262221,4077710
2017-05-17,78.88803100585938,79.22806451785456,77.88681922769484,78.43465469801897,3694898
2017-05-18,78.68023681640625,79.11472438102861,78.24574925178389,78.58578277520749,5797418
2017-05-19,77.73570251464844,80.00259968160275,77.11230169416791,79.22807340821728,17793954
2017-05-22,76.50779724121094,78.47243831006847,75.26100076775411,78.2079700577303,7423973
2017-05-23,76.09220123291016,76.88561626820892,74.56204256673534,76.67781428604538,6465473
2017-05-24,75.52543640136719,77.03670037192104,74.99649503656481,76.46997638296335,6650433
2017-05-25,75.16654205322266,75.92217436918204,73.91975078167351,75.82772032968711,9992276
2017-05-26,76.39443969726562,77.03672917467533,74.92095779995665,75.56324727736637,6466364
2017-05-29,79.00138854980469,79.62478425181209,76.73448623661938,76.7533801212015,14504778
2017-05-30,77.11227416992188,78.9257943308484,76.33775329745191,78.9257943308484,10884114
2017-05-31,78.56688690185547,79.07693973629888,77.43343843618545,77.43343843618545,7781359
2017-06-01,78.45353698730469,79.22805798545959,77.96237807985901,78.4157543503183,6369921
2017-06-02,77.86793518066406,78.71802675471368,77.56568427059412,78.6235727047593,6713770
2017-06-05,77.56565856933594,78.34018459699999,77.1500598623526,78.11349392733104,5093948
2017-06-06,76.8667221069336,77.6979197836741,76.43223450864382,77.66013713937495,5324457
2017-06-07,77.47122955322266,77.71680905609634,76.39445236812715,77.03674195206767,7605903
2017-06-08,78.3402099609375,78.47244153030294,76.92339409790361,77.45234087320593,7487370
2017-06-09,78.28353881835938,78.77470298287037,78.01907053697082,78.35910411273352,6432439
2017-06-12,77.90570831298828,78.54799782403643,77.45233200324213,77.98127359350907,3684911
2017-06-13,79.43586730957031,80.53153313725402,77.83014864631295,78.00016284186445,15775215
2017-06-14,79.53032684326172,80.47486729867053,79.15251066109819,79.71923493434348,13639132
2017-06-15,79.4736557006836,80.19150542424946,79.09583951728473,79.341419011602,5595511
2017-06-16,79.32250213623047,79.90812012543407,78.43463846215724,79.34139601460002,6127735
2017-06-19,80.24817657470703,80.45597342513948,79.32252487850447,79.34141876229101,6393073
2017-06-20,78.6991195678711,81.2304897285659,77.67901395100381,80.19149535468449,12876594
2017-06-21,77.716796875,78.58577706556879,77.35787461919799,78.58577706556879,13855413
2017-06-22,76.43223571777344,78.85025837318881,75.56326050744704,77.77348117815988,33713902
2017-06-23,77.83013916015625,78.2079552701675,76.4700001392239,76.69669083012245,9034020
2017-06-27,77.73570251464844,78.09462482474014,76.1299836880558,77.83015656327153,6947747
2017-06-28,78.43465423583984,78.94470193859739,76.84782435660006,77.83014737115519,7103873
2017-06-29,78.5857925415039,79.53033307087486,78.17019368368862,78.5857925415039,7577681
2017-06-30,79.54920959472656,79.73811767154126,78.51021517224568,78.54799781250054,7751039
2017-07-03,79.88925170898438,80.34263319193458,79.15251320476544,79.341421301918,8768284
2017-07-04,79.60588836669922,80.47486867521543,79.24696606218036,80.47486867521543,4530105
2017-07-05,79.36029052734375,79.88923204428016,79.15249372140907,79.88923204428016,6062229
2017-07-06,79.28474426269531,79.71923183037406,78.9635994954685,79.71923183037406,5577232
2017-07-07,79.13362884521484,79.49255632279072,78.6613585454891,79.22808290516,7641379
2017-07-10,79.85144805908203,80.09702748012663,79.34139533878424,79.34139533878424,2844699
2017-07-11,80.07816314697266,80.60710994063541,79.6814581761859,80.28596513718597,13833624
2017-07-12,80.85269927978516,81.23051553577554,80.07817288032831,80.07817288032831,9211263
2017-07-13,81.26828002929688,81.98612973040433,81.0227005426627,81.96724097160931,9596900
2017-07-14,81.30608367919922,81.70278871207346,81.04161024097566,81.70278871207346,4889330
2017-07-17,81.87278747558594,82.15614960616264,81.3249519733537,81.3249519733537,6302565
2017-07-18,81.38162231445312,83.11957771757594,81.13604282937767,81.96724045135895,7549621
2017-07-19,82.60953521728516,82.93068002622795,81.62721202941448,82.13726494662237,8521832
2017-07-20,82.6284408569336,83.1195999585076,82.23173069846739,82.74178368823186,10233967
2017-07-21,81.34383392333984,82.91177501418667,80.66376691666511,82.91177501418667,4948380
2017-07-24,81.89167785644531,82.08058594723794,80.5693212208969,80.5693212208969,6137724
2017-07-25,81.98612976074219,82.59063666038367,81.72165639075536,82.17503784660141,6113154
2017-07-26,82.09947204589844,82.34505665553802,81.43829374955132,82.30727401371195,5258903
2017-07-27,81.85389709472656,82.77954881066962,81.51386354837648,82.25060716918503,21380991
2017-07-28,81.09825134277344,81.9105549930278,80.11592838514666,81.64608677812083,8260545
2017-07-31,84.36637878417969,84.70641747534005,81.09826956765905,81.09826956765905,17403810
2017-08-01,84.78196716308594,85.23534861228232,83.36515653992184,84.55527643848774,15263765
2017-08-02,83.79963684082031,85.38646665097203,83.38404319362469,84.87641384596188,12014487
2017-08-03,84.23413848876953,84.83864026722739,82.83621659605113,83.49739490014176,5285543
2017-08-04,84.85752868652344,85.06532551893059,83.7240802382092,84.78196340685203,7975937
2017-08-07,85.3675765991211,85.48091938764433,84.25301697265263,85.00864922803214,4619568
2017-08-08,84.21524047851562,85.61316230273016,83.66741012807663,85.5753796623131,3229672
2017-08-09,83.8374252319336,85.08422163245281,83.42182643176054,84.10189859325999,4573769
2017-08-10,82.13724517822266,83.79963510596754,81.36272417052785,83.79963510596754,6813656
2017-08-11,82.7039794921875,83.30848639204878,80.09704893127426,80.28595701720216,8860877
2017-08-14,84.15858459472656,84.61196611439298,82.74177375134467,82.83622780757013,4990789
2017-08-16,83.38404846191406,84.87641920854077,82.98733842208195,84.51749693378935,5221989
2017-08-17,82.91175842285156,83.7240619417364,82.64728512625726,83.30846324328465,2837686
2017-08-18,84.23413848876953,84.55527813690284,82.62841975026372,82.74176255260961,7721084
2017-08-21,83.23291778564453,84.98976701421716,82.94955566806308,84.63083961549684,5203218
2017-08-22,82.93065643310547,84.00743336877412,82.38282102520735,83.85630795004809,6646897
2017-08-23,83.0251235961914,83.42182852366926,82.23170861677595,82.96845219576025,5312780
2017-08-24,83.47850799560547,83.95077822330394,82.76065314993585,82.93067248169126,5492256
2017-08-28,82.02389526367188,83.45959436642451,81.8538759721407,83.45959436642451,9753985
2017-08-29,81.34383392333984,82.57173638638992,80.77710970962443,82.09946620829373,12235532
2017-08-30,81.45718383789062,82.15614474350167,80.94713100814961,81.92945402756573,9313551
2017-08-31,82.83621215820312,83.1195742733469,81.24938226361414,81.702763697628,8143692
2017-09-01,81.79722595214844,82.62842362317716,81.532752568332,82.62842362317716,8803556
2017-09-04,82.21281433105469,82.8362099428068,80.3992937679601,81.83499818763407,6239751
2017-09-05,81.68386840820312,82.21280995595153,81.5705204965333,82.17502731872825,3937595
2017-09-06,80.96602630615234,81.62720462510553,80.47486731899966,81.23049968351759,4800221
2017-09-07,81.57051849365234,81.66497252216173,80.6826496007723,81.41939307292913,5008597
2017-09-08,80.51264953613281,81.85389492627176,80.24817616016686,81.68388071983073,8588797
2017-09-11,82.75817108154297,82.91171020580168,80.85810945071614,80.99245813680669,6205180
2017-09-12,82.64300537109375,83.0268557502317,82.25915499195581,82.75816360861752,4307268
2017-09-13,82.04803466796875,82.95008404855332,81.76014690009943,82.64300063904386,3679773
2017-09-14,82.12483215332031,82.91172354569156,81.62582341131208,81.87532517916355,6793237
2017-09-15,81.5682373046875,81.9328972961764,79.87929645178532,81.64500426700303,9054445
2017-09-18,82.6622085571289,83.42990938546093,81.5682338354949,81.5682338354949,10470233
2017-09-19,82.8541488647461,83.0652645484924,81.68340176438328,83.0652645484924,5530915
2017-09-20,81.72177124023438,82.98848070410959,81.56823211905977,82.87332245850038,5687495
2017-09-21,81.20355987548828,81.72175888663448,80.74294258159442,81.72175888663448,5113744
2017-09-22,80.43585968017578,81.12679343477382,79.8792797958007,80.62778485540242,5195124
2017-09-25,80.66619110107422,82.08643983538454,79.70656498500098,80.2247641289415,13057600
2017-09-26,80.89649200439453,81.95208059629365,80.66618072490115,81.95208059629365,6570371
2017-09-27,79.89846801757812,81.7793336414376,79.38026901755984,81.37629286714751,7885119
2017-09-28,80.22474670410156,80.95406135264886,78.68934525187406,79.07319561493094,11633088
2017-09-29,80.9924545288086,81.6258066421019,79.11158341993774,80.9924545288086,13782560
2017-10-03,79.13077545166016,81.4722638059115,78.88127374645474,81.43387772673282,12296210
2017-10-04,80.24394226074219,80.85810392208852,78.70854071052841,78.70854071052841,12075908
2017-10-05,78.670166015625,80.37830256996025,78.36308774366364,80.22476343397958,17352392
2017-10-06,78.59339904785156,79.01563037020645,78.1327764336219,78.68936165862401,13466622
2017-10-09,77.13475799560547,78.63177356119836,76.63575454250932,78.63177356119836,21446056
2017-10-10,78.59339904785156,79.07321210171379,77.15395988626489,77.17315032589745,14560236
2017-10-11,77.86407470703125,79.11158857763654,77.30749471931315,78.84289640621198,11830976
2017-10-12,77.65296173095703,78.38227651608113,77.34588346552732,77.94084955716166,5518551
2017-10-13,78.9388656616211,79.49545090253166,76.84687860446618,77.69135168592257,11394674
2017-10-16,78.97724151611328,80.07121620971462,78.74693023225443,79.34189627644419,11521216
2017-10-17,78.65094757080078,79.41864818365435,78.28628769717413,78.78529621931075,4936452
2017-10-18,81.97126770019531,82.23996504972816,79.07319940280996,79.14996635531648,18484486
2017-10-19,80.85809326171875,81.76014259480354,80.435856849817,81.70256608552226,559370
2017-10-23,81.97126770019531,82.22077461317753,80.9924513100331,81.74095643006774,14162373
2017-10-24,82.54705810546875,82.87333202958654,81.14600500269758,81.87531981723416,7050716
2017-10-25,82.95008850097656,84.06325355522735,82.06722950834019,82.91170242193951,16306452
2017-10-26,81.37630462646484,82.81574360879824,80.8964916323537,82.29754453389738,23524154
2017-10-27,81.28034973144531,81.97127842593032,80.76215060742922,81.51066103170855,9985329
2017-10-30,81.52985382080078,82.33594079180455,81.31873815981865,81.35711903904826,4118717
2017-10-31,81.31874084472656,84.02488447283298,80.87730865596302,81.6450095667796,16442260
2017-11-01,80.74295806884766,81.91369977247855,80.09041026945383,81.70258412307119,12417385
2017-11-02,82.6046371459961,83.0268684626534,81.29954149205791,81.37631366216185,16259892
2017-11-03,80.62779235839844,84.63903097643114,80.45506280840289,84.63903097643114,26293141
2017-11-06,80.8772964477539,81.87530852242922,80.41667909457591,80.8964920914098,7985183
2017-11-07,79.7065658569336,81.45308332477056,79.26513887997199,81.2227772194375,9702210
2017-11-08,79.89846801757812,80.58939654673354,79.51461767775768,79.84089150786575,12777065
2017-11-09,79.8409194946289,80.53184826597668,78.68936807151245,80.53184826597668,9492091
2017-11-10,81.12679290771484,81.37629459262781,79.26511767885057,79.45704285283033,8999608
2017-11-13,80.9924545288086,81.89450400231323,80.33990677189779,81.33791884457729,7885278
2017-11-14,79.4378662109375,81.01165405523763,79.11159229587574,80.99246361577126,4927717
2017-11-15,79.45706939697266,79.66818507635615,78.4590571176123,79.34191113033187,8653007
2017-11-16,79.95604705810547,80.16716787547129,78.74691949065975,79.49542975952328,18027175
2017-11-17,80.07120513916016,80.58939894831731,79.74493129932905,80.3398972612595,9193722
2017-11-20,80.14798736572266,80.72376300238233,78.93885956999826,80.72376300238233,8277194
2017-11-21,79.30350494384766,80.20554911003333,78.99642153709405,80.20554911003333,15596732
2017-11-22,79.47624206542969,79.8984785360796,78.72773172171831,79.8984785360796,8665005
2017-11-23,80.24394226074219,80.53183005140727,79.28431629185859,79.80251535631655,6824919
2017-11-24,81.06922912597656,81.3187360723932,79.84091086453907,80.03283608097975,7734712
2017-11-27,80.66619110107422,81.31873894252597,79.84091368251221,81.29954329642156,14811199
2017-11-28,79.97525024414062,80.60860234337966,79.14996774450664,80.60860234337966,21546865
2017-11-29,80.12879943847656,80.51264987494726,79.66817683218983,80.07122291426691,7324543
2017-11-30,79.09239959716797,80.03283523025257,78.74693525250788,80.03283523025257,19256592
2017-12-01,77.90247344970703,79.59141974479512,77.61458558663139,79.45707103409873,8172074
2017-12-04,77.82569122314453,78.28630859000316,77.1155669254784,78.11357902979532,7124561
2017-12-05,76.88524627685547,77.7105235141691,75.56096044499368,77.53779397499392,17485101
2017-12-06,76.8660659790039,77.09637206161216,76.25190427733824,76.65494512820712,5557173
2017-12-07,77.65296173095703,77.92165911793657,76.55898695011852,76.86607042185295,11119755
2017-12-08,77.96005249023438,78.22874992027526,76.73173402536099,77.9216716056333,14615599
2017-12-11,78.42066192626953,78.84289844233189,77.76811410996365,78.2287367104507,8231500
2017-12-12,77.88327026367188,78.49743197899657,77.499419842382,78.49743197899657,8310332
2017-12-13,76.9620132446289,77.71051827654692,76.7125063610195,77.15393841275711,12105970
2017-12-14,76.8084945678711,77.38427026433057,76.19433799002508,77.26911720756073,12838407
2017-12-15,76.32866668701172,77.59537609738493,75.81047282572244,77.30748830497794,22654959
2017-12-18,76.73170471191406,76.80847165809486,74.23667743811845,76.36704479706866,16832008
2017-12-19,77.76811981201172,77.92166416096858,76.46302929001389,77.0388049796869,20133065
2017-12-20,77.90247344970703,78.0560126020863,76.75092199740446,77.96004998106109,14097971
2017-12-21,77.96005249023438,78.61260041673049,77.57620199377915,78.61260041673049,7881749
2017-12-22,77.94084930419922,78.15196496020886,77.48022670124492,77.92165886503642,7399925
2017-12-26,77.71054077148438,78.30551208869073,77.23072771227193,77.88327555532281,7946762
2017-12-27,77.23072052001953,78.49743000215868,77.07718139663113,77.72972917891231,7831439
2017-12-28,76.44384765625,77.55701307659889,76.19434586990889,77.32670173293569,15796200
2017-12-29,76.90444946289062,77.422648578939,76.55898512095992,76.59737120479768,8561565
2018-01-01,76.84686279296875,77.44183399812913,76.40543590288455,76.40543590288455,6388017
2018-01-02,77.05799865722656,77.46103954717586,76.50141342224427,77.24992388221288,4383705
2018-01-03,77.40345764160156,77.71053589771655,77.00041157335798,77.34588111936807,8187397
2018-01-04,76.90444946289062,77.86407552731184,76.77010597891534,77.53780683045231,4204055
2018-01-05,77.24990844726562,77.55698666336589,77.00040153959229,77.26909888340793,4923559
2018-01-08,76.9812240600586,78.0176223248636,76.78929884111727,77.5378092775103,11797863
2018-01-09,77.1539535522461,77.30749267561612,76.88525618162025,77.19233442836028,7380366
2018-01-10,76.71250915527344,77.49940549704387,76.19431534749475,77.49940549704387,8710385
2018-01-11,75.94481658935547,76.88525213069187,75.733700956633,76.42462957854666,12305664
2018-01-12,75.36904907226562,76.11755949807029,75.1195473324323,76.04078732905788,9411915
2018-01-15,76.50139617919922,76.8660561070026,74.9084182121233,75.92562063401728,9962401
2018-01-16,75.31146240234375,76.50139962389416,74.60133815671657,76.42462746522484,13205546
2018-01-17,75.77207946777344,76.27108284416266,74.46698930880626,75.23469001482268,13012437
2018-01-18,75.61854553222656,76.6933245115305,75.1387325581973,76.23270197394083,24603506
2018-01-19,75.27307891845703,76.00239883205079,74.58215029182566,75.61854843807689,8082214
2018-01-22,74.96599578857422,75.59934785599602,74.8508427604262,75.29226964339873,9833311
2018-01-23,75.17711639404297,75.36904159121904,74.48618776673077,74.96600075967096,16134097
2018-01-24,75.21552276611328,75.59937326401925,74.90844445031074,74.96602098373552,11061376
2018-01-25,74.5821533203125,75.56096978217018,74.14072639057873,75.50339326199696,13143678
2018-01-29,74.52458953857422,75.23471395890319,74.46701300855949,74.65893824614542,11002896
2018-01-30,74.83165740966797,75.29227999821636,73.20029311749055,74.39023046598676,22826262
2018-01-31,74.3902359008789,74.96601157547784,73.69930717388218,74.83166287681043,14372442
2018-02-01,74.79326629638672,74.9084245389317,72.54774043925805,74.65892282287388,17028230
2018-02-02,74.04475402832031,74.6589156439252,73.31543418124367,74.6589156439252,22083930
2018-02-05,75.42662048339844,75.599350030589,72.93158780748537,72.93158780748537,21997294
2018-02-06,74.83165740966797,75.08115914250479,72.93159573978657,72.93159573978657,13495253
2018-02-07,75.04277038574219,75.56096423556707,74.23668354357548,75.15792341763571,14316750
2018-02-08,75.10107421875,75.66472297171934,74.77065961433271,75.41205484094512,33536651
2018-02-09,75.10107421875,75.52866927903256,74.24588409818492,74.63461119402308,15183068
2018-02-12,77.16131591796875,77.37511084758505,75.13995998983378,75.48980863483229,11747845
2018-02-14,75.9757080078125,77.14187362687201,75.29544473002777,77.14187362687201,13853923
2018-02-15,76.92806243896484,77.08355010081883,75.68415059937956,76.1894920908759,8833619
2018-02-16,76.01457977294922,77.0641309186656,75.70360438952541,77.00581842094311,6252218
2018-02-19,75.47038269042969,76.5588019846979,75.25658246565581,76.03402632509841,4332550
2018-02-20,75.80076599121094,76.32553616109084,75.31486378030257,75.76189275986297,8479558
2018-02-21,75.39262390136719,76.15063364966761,75.1399557427263,76.03401392634107,9258406
2018-02-22,73.954345703125,75.60641879161523,73.56562386403962,75.13995047576182,25535938
2018-02-23,75.12051391601562,75.35374279356486,73.99321640343408,74.090396859872,11567495
2018-02-26,76.24781036376953,76.65596619438097,75.02333759955772,75.80078129396236,8362326
2018-02-27,76.86975860595703,77.06411950991772,76.01456851957926,76.67539770199635,17333449
2018-02-28,76.85032653808594,77.04468746022049,75.95626840521797,76.50047793271924,5795018
2018-03-01,76.73370361328125,77.1612986491957,76.01456722638561,76.61708390946266,8106682
2018-03-05,76.55878448486328,76.59765772342548,75.50923867794849,76.5004772632087,6992551
2018-03-06,75.08163452148438,76.77257537930464,74.67347347449231,76.61708244385427,9525018
2018-03-07,75.15937042236328,75.4120437884826,74.34305365825989,74.92614158037064,9481007
2018-03-08,75.95626831054688,76.15062923243917,74.79010277919305,75.35374628925426,10429826
2018-03-09,74.98445892333984,76.05344392563556,74.55686386794613,75.9951367072585,9887071
2018-03-12,75.80076599121094,76.053434086408,75.02332245375754,75.21768333812089,14242997
2018-03-13,75.82022857666016,76.5782384206148,75.12053123791617,75.7619213438279,10581316
2018-03-14,75.54811096191406,76.26724746309434,75.21770159619513,75.66473068426578,8577503
2018-03-15,75.72303771972656,76.09232559768282,75.33431585761585,75.39262308245692,6132848
2018-03-16,74.73180389404297,76.63654008660092,74.38194997770582,75.56755489693923,10373796
2018-03-19,75.48981475830078,75.83966343167778,74.82899065800612,75.17883933138312,13496140
2018-03-20,75.76190948486328,76.22837254688463,74.94559253585395,75.45092883780481,9661410
2018-03-21,75.48981475830078,75.99515641751508,75.25658055192329,75.99515641751508,9675146
2018-03-22,74.9067153930664,75.68415906163915,74.73179373106393,75.48979814449596,11371840
2018-03-23,75.50924682617188,75.89796870898608,74.24589543464774,74.24589543464774,9062739
2018-03-26,75.76190948486328,75.99514365206275,75.50924133388786,75.56754855759333,15451169
2018-03-27,76.1700668334961,76.32555452391959,75.83965219611012,75.83965219611012,7563470
2018-03-28,75.12051391601562,76.11175246273146,74.75122607260069,75.99513802395686,14095921
2018-04-02,75.76190948486328,75.87852393227422,74.98446577578346,74.98446577578346,6821616
2018-04-03,77.18074035644531,77.55002821360625,75.62585299556117,75.72303345561643,6269850
2018-04-04,76.20892333984375,77.70550323534563,75.66471390667303,77.3362154383495,9689298
2018-04-05,76.28670501708984,77.14189015756394,76.18952452801014,76.92809519054015,8673501
2018-04-06,76.1700668334961,76.92807657382994,76.0923256244732,76.77258888340646,7948746
2018-04-09,76.13118743896484,76.38386084690384,75.87851930340311,76.18949993149062,4610445
2018-04-10,76.55878448486328,77.21961372328836,76.30611634277514,76.51991124630109,7562115
2018-04-11,76.5782241821289,77.04468723043414,76.11175586144624,76.96694602523864,5790314
2018-04-12,76.3255615234375,76.92808362860279,76.22838104896357,76.65597619112451,3537785
2018-04-13,76.77259826660156,76.96695922148027,76.34500311139274,76.38387635684415,3438013
2018-04-16,77.43341827392578,78.09424759468087,76.50048679409007,76.67541375322466,9628436
2018-04-17,79.64911651611328,80.52374056239162,78.59956555162854,78.98828734997447,23457958
2018-04-18,79.68798828125,79.9989636052427,79.43531489908212,79.72685624246654,8814122
2018-04-19,80.8930435180664,81.20401890598825,79.66856540622686,79.88236559875372,10627620
2018-04-20,80.54318237304688,81.47611899767034,80.15446053691288,81.16513836533673,5446620
2018-04-23,80.38768768310547,80.81528272004121,79.76573174505138,80.81528272004121,4139986
2018-04-24,80.25164794921875,80.93191122139353,79.61025791850093,80.93191122139353,3594644
2018-04-25,80.60150146484375,81.63161336045391,79.26040891144144,80.23221358133362,5924775
2018-04-26,80.46546173095703,81.12628585782186,80.1544810191571,80.6792566865118,7950190
2018-04-27,80.81529998779297,81.12627538707748,80.50432458850845,80.6598122881507,7371596
2018-04-30,80.79585266113281,81.24288170093077,80.48487204082072,80.67923295137436,5644871
2018-05-02,79.74629974365234,81.28175300955684,79.57137281935239,80.46543615011872,7210903
2018-05-03,80.25164794921875,80.6792430604899,79.0077411292401,79.68800440141489,3782713
2018-05-04,80.62093353271484,80.77642122172568,79.49364119691424,80.465445843704,22466426
2018-05-07,81.35950469970703,81.63161211206663,80.46544652603012,80.46544652603012,6003886
2018-05-08,82.70059204101562,83.186494338028,81.18457792881249,81.43724606878345,19748071
2018-05-09,82.35075378417969,83.06989032855076,82.07864635472748,82.40906101266857,13934330
2018-05-10,80.85417938232422,82.33132054987612,79.57139389982855,82.09808634647888,13973187
2018-05-11,80.40713500976562,81.24288591401108,80.05728113472469,81.16513943680701,10688957
2018-05-14,81.2623291015625,81.55387051553404,80.07672946036276,80.07672946036276,13962128
2018-05-15,83.12818908691406,83.96394000310632,81.1068333744876,81.24288707535088,56040833
2018-05-16,82.97269439697266,83.5752110997234,82.62284054647013,83.34197695684739,18183776
2018-05-17,82.97269439697266,83.9639329137244,82.52566009296989,82.6034065647209,17900935
2018-05-18,82.77833557128906,83.5752185242092,82.4479262179376,83.06988223006668,18414996
2018-05-21,82.6617202758789,83.36142275947242,82.25356444806579,83.36142275947242,16669979
2018-05-22,81.92314910888672,83.18649509257817,81.43724680746692,83.08931463229422,9411261
2018-05-23,82.13692474365234,82.58395370161234,81.51496888926724,82.02031032761971,18219990
2018-05-24,82.31187438964844,82.56454254246967,82.17582068509003,82.56454254246967,17260447
2018-05-25,82.4284896850586,82.81721154643326,81.72879244353526,81.72879244353526,30090956
2018-05-28,80.44601440429688,82.60342409323269,80.19334622605524,82.50624361911068,17488299
2018-05-29,80.46546173095703,81.51500779328777,79.97955931162466,80.95136415028941,15749359
2018-05-30,81.43724060058594,82.38960587535611,80.46543607181412,80.46543607181412,36016623
2018-05-31,81.41780853271484,82.68115453162413,78.36634098856612,81.59273547228403,274352477
2018-06-01,80.05728149414062,80.81529119696249,77.88043811880512,80.42656935395178,17096388
2018-06-04,78.40519714355469,80.44598638942352,77.97760215184975,80.44598638942352,14456405
2018-06-05,77.29735565185547,78.19141905764839,75.83964873495364,78.0553653575954,13788817
2018-06-06,78.1719741821289,79.00773030563784,76.77257986040908,76.77257986040908,8130515
2018-06-07,78.8133773803711,79.27984044406676,77.06412902866272,78.30803580422878,7683528
2018-06-08,76.92806243896484,78.2108422397311,76.48103343399339,78.09422781143478,12429285
2018-06-11,76.07288360595703,77.45284933026014,75.60642055162243,77.20017591107087,19668041
2018-06-12,75.82022857666016,76.36443820372529,75.17883847074843,76.36443820372529,13416832
2018-06-13,77.0252456665039,77.49170866890044,75.83964099827843,76.30610927305187,10866676
2018-06-14,77.29735565185547,77.49171657410905,76.42273150171438,77.0446875074013,7205187
2018-06-15,76.90862274169922,77.3556570164649,76.28667209787628,77.29734453027689,9527937
2018-06-18,77.21961975097656,77.55003439598094,76.28668831454723,76.90863909058157,4303444
2018-06-19,77.23905181884766,77.62777368041165,76.50048133635163,76.79202273252461,8099053
2018-06-20,77.41398620605469,77.62778114151246,76.50048868910407,77.23905924258693,8160216
2018-06-21,75.9757080078125,77.21962011042712,75.33431797180532,77.00581991683951,10942576
2018-06-22,76.85032653808594,77.1224339380253,75.45092684424166,76.26724377168227,7677797
2018-06-25,75.48981475830078,77.0835756841054,74.44026346579132,76.85034147772791,8701812
2018-06-26,74.1487045288086,75.68415785878766,73.4684413296189,75.37318250525182,9869227
2018-06-27,72.76874542236328,74.82897431084463,72.18566266998924,74.61517413821441,13094540
2018-06-28,71.83580780029297,73.37125575070863,71.1944126107867,73.2352073382697,22542641
2018-06-29,72.63268280029297,73.99320905531253,71.56369788563474,72.01072688638011,8435793
2018-07-02,71.93299102783203,72.82704909563739,71.33046904963533,72.69099540556864,13100144
2018-07-03,71.73863983154297,72.08848845881157,70.43642051724193,71.54427889724066,9990760
2018-07-04,71.1361083984375,73.56561975708867,70.80569379918552,72.01073248755192,10626271
2018-07-05,70.6113510131836,71.4276680936769,70.18376112221998,71.19443388891047,7739370
2018-07-06,70.66964721679688,71.09723700912537,70.30035937173803,70.61133472477279,7229617
2018-07-09,71.71920776367188,71.91356871745653,70.74740299474861,70.82514948521379,10238815
2018-07-10,71.54427337646484,72.04960965770503,71.29159996346739,71.91355595971656,7258266
2018-07-11,71.09723663330078,71.81637306481663,70.90287572058715,71.44709049408706,3825437
2018-07-12,70.98062133789062,71.36934315862602,70.59189951715523,71.2138554848073,11523981
2018-07-13,70.65021514892578,71.27217119064132,70.45585421541328,70.82514209803813,4793733
2018-07-16,70.49473571777344,70.94176486276338,70.20319428333936,70.37812125295116,12191173
2018-07-17,70.53360748291016,70.84458289749404,69.96995861255134,70.24206605459592,4698206
2018-07-18,69.38685607910156,71.4470847517066,69.2119344351445,70.98061648973425,5845129
2018-07-19,68.97870635986328,70.28092553918046,68.842652665479,69.62009632210093,5980121
2018-07-20,68.33732604980469,69.17307704424192,67.67649673938755,68.99815008784387,5273662
2018-07-23,68.8232192993164,69.19250187609235,68.2790045169059,68.39562422986984,6336970
2018-07-24,69.09532928466797,69.36743670685273,68.51224647059595,69.27025623784073,6260188
2018-07-25,68.27899932861328,69.58121842064037,67.90971677989788,69.44516473537601,7757736
2018-07-26,70.6890869140625,71.44709664788454,67.71536574789039,68.51224344970112,33869484
2018-07-27,69.93106842041016,71.83580950836732,69.27024450647014,71.23328753910722,19690254
2018-07-30,71.21387481689453,71.42766976738604,69.98940180365166,70.3198112230697,10288607
2018-07-31,70.864013671875,72.14679369392417,70.68908672687846,71.38878396210934,11713824
2018-08-01,71.79695892333984,72.20511484388007,70.02827096544867,71.1361295285447,10299992
2018-08-02,73.35182189941406,73.95433858303706,71.81636867390442,72.36058341413059,12305598
2018-08-03,73.93490600585938,74.22644736264084,73.46843772605826,73.779418336718,7491196
2018-08-06,73.64337921142578,74.57631068313026,73.3324038116503,74.57631068313026,4944677
2018-08-07,73.50730895996094,74.1098309109965,72.94366551562334,73.79885030880422,3270258
2018-08-08,73.66280364990234,74.12927196148823,73.02141367575474,73.50731597016615,6225545
2018-08-09,74.86785125732422,75.02334422784489,73.02142231998182,73.66281237005674,6328977
2018-08-10,74.07097625732422,75.35375640506841,73.5073273992189,75.29544917514879,4909902
2018-08-13,73.07972717285156,73.85717091067835,72.7493178021774,73.31296134867515,2537940
2018-08-14,73.04086303710938,73.46845289745217,72.51608743206006,72.90480932137392,2304692
2018-08-16,72.9631118774414,73.85717005665293,72.72987770431475,72.84649742706694,3661689
2018-08-17,72.72988891601562,73.46845951778988,72.2051132636781,73.27409855561883,4022502
2018-08-20,72.94367980957031,73.41014289570097,72.14679680314974,72.88536731047336,2487784
2018-08-21,72.90480041503906,73.19634179640862,72.24397117498377,72.94367365369716,3655095
2018-08-23,73.93490600585938,74.24588134414215,72.90479426637361,72.90479426637361,9442607
2018-08-24,74.22645568847656,75.64528939615205,73.68224614925032,74.05152874583568,8393334
2018-08-27,76.88920593261719,77.08356687031197,74.20702604690473,74.30420651575211,14042229
2018-08-28,76.63652038574219,77.91930017462234,76.09231093810749,76.81144202656584,8224129
2018-08-29,75.04277038574219,77.37510143174634,74.67348252784058,76.57822376664588,6955827
2018-08-30,76.55878448486328,77.04468678594719,74.79010221786884,75.12051683708137,22347117
2018-08-31,78.32746124267578,78.61900258319626,75.74245713882618,75.74245713882618,11854651
2018-09-03,75.60643768310547,79.68801801335073,75.41207671499855,78.85226163258803,8999761
2018-09-04,75.58698272705078,76.36442643804041,74.49856364061634,75.60642198325209,5387824
2018-09-05,76.05345153808594,76.57822710076037,74.9261592045786,75.47036875119824,7334087
2018-09-06,77.47227478027344,78.42464531225133,75.99513402901887,76.18949493167747,16457730
2018-09-07,76.07288360595703,78.09423932520616,74.96502528429892,78.09423932520616,4580610
2018-09-10,76.09259796142578,76.9010478592337,74.988380233819,76.17147294864368,6293799
2018-09-11,73.70669555664062,76.84188800318073,73.43063845366652,76.13203452254338,9560546
2018-09-12,76.42780303955078,76.99963328275676,73.78556069694696,73.78556069694696,13582243
2018-09-14,78.93202209472656,79.64187557936542,76.4672456218038,76.99963840973656,22816500
2018-09-17,79.62216186523438,80.27286180357565,77.84752275217228,77.84752275217228,15162744
2018-09-18,78.43907928466797,80.41090077684538,78.14330606084137,79.46442753038185,4937349
2018-09-19,78.20245361328125,78.87287500855417,77.374287580564,78.47851074048957,6025625
2018-09-21,79.0306167602539,79.62216314075096,76.9404830064865,78.47850787490484,11174973
2018-09-24,77.9263916015625,79.01089327076245,76.72358279892187,78.87287006471746,3992299
2018-09-25,75.95458984375,78.32077591001922,75.57994692593596,77.6897972381411,10770907
2018-09-26,76.05316162109375,76.506684781113,74.21936895508915,76.28978123742827,7286693
2018-09-27,76.72359466552734,77.25598754616875,75.77712140489162,76.11233213336274,8101331
2018-09-28,74.29824829101562,78.0644249044639,73.88416260097343,76.70387139151646,10284429
2018-10-01,75.8757095336914,76.46725596722446,73.31234165504813,74.25881487891942,4684738
2018-10-03,74.51515197753906,75.83627344002083,74.2785323299604,75.12641449728484,10349581
2018-10-04,74.63345336914062,75.30387476074128,72.77994452873432,74.14049803676006,11239097
2018-10-05,73.86443328857422,75.54048112433593,73.4897851621942,74.53484921353486,7035573
2018-10-08,73.60810852050781,74.55458166271228,71.97149258315604,73.54894960313266,4680183
2018-10-09,73.56866455078125,74.71231971983487,73.07570927542132,73.76584666092522,5552286
2018-10-10,73.8052978515625,74.51515144027222,73.43064963318855,73.43064963318855,3526073
2018-10-11,73.23347473144531,74.33769272288046,72.58277465260286,73.33206581457019,10016561
2018-10-12,74.31794738769531,74.8306186785484,73.39119050139334,73.45034405819847,6856067
2018-10-15,74.17993927001953,74.92923034320273,73.39121069847765,74.31796783982095,6926558
2018-10-16,73.82498931884766,74.45597304788161,72.99682350879722,74.12076244037236,6530627
2018-10-17,74.57428741455078,74.96865161496352,74.14048572431541,74.16020714368013,4151254
2018-10-19,74.5940170288086,75.50105264984204,73.76585104717823,74.53485811312206,9497796
2018-10-22,74.5940170288086,75.32358660059718,74.23908493031888,74.69260808974299,4377225
2018-10-23,75.30387115478516,75.9742925142824,73.2728963524128,74.14049448651271,4599675
2018-10-24,75.08696746826172,75.81654234168529,74.69260325007676,75.52076382913953,4510189
2018-10-25,75.44190216064453,75.77711285127755,73.6278254956667,74.81091827514255,7455415
2018-10-26,74.29824829101562,75.32359110695015,74.06162866083547,75.06725540296652,6390862
2018-10-29,74.75175476074219,75.12639754838798,73.90387278470422,74.69260119941988,8374975
2018-10-30,73.41092681884766,74.75176422382411,73.19402326799815,74.5348606729746,5105532
2018-10-31,73.33206939697266,73.64755873882103,70.51236535163541,72.99685862819072,9622136
2018-11-01,74.31794738769531,74.65315800813302,73.17429234347237,73.39119050139334,5603131
2018-11-02,74.87007141113281,75.83626598167734,74.41655358473933,74.55458214466105,6034462
2018-11-05,73.37149047851562,74.73204397821401,72.95740479250578,74.55458326898778,4872816
2018-11-06,74.17993927001953,74.53486605743178,72.95740891434802,73.78557498424858,7337064
2018-11-07,74.55458068847656,74.92922351648087,74.17993251156479,74.92922351648087,223308
2018-11-09,75.59965515136719,75.79683730307579,74.45599974123891,74.53486939257743,9231137
2018-11-12,73.33206939697266,76.07290378130223,72.66164785940879,75.52078940970429,3906667
2018-11-13,72.582763671875,74.14049934023984,72.10952440490645,73.746135067402,7750412
2018-11-14,73.33206939697266,73.74614982676225,72.60249427642582,72.68136928634235,9918943
2018-11-15,73.78556823730469,74.33767711711764,73.17430578981667,73.35176649284183,8814911
2018-11-16,74.17993927001953,74.92923034320273,73.43064819683633,73.7461374858899,5537047
2018-11-19,74.8109130859375,75.126402332351,74.00246854893588,74.21936673723177,5155461
2018-11-20,74.29824829101562,75.3630286034648,73.94331617129154,75.3630286034648,2673334
2018-11-21,71.81375122070312,74.08134579016573,71.49826194190624,73.94331722485167,6426666
2018-11-22,70.9067153930664,72.4447349847659,70.11798684871714,72.4447349847659,6231287
2018-11-26,71.95176696777344,72.1095115790696,70.53205476829426,71.0052939510896,5022526
2018-11-27,71.99121856689453,72.93769176907122,71.10389893693365,71.75459892912339,6727512
2018-11-28,72.68135070800781,72.95740247433538,71.57712759597513,71.73487222657766,9281286
2018-11-29,71.1827621459961,74.33767610053455,70.70952826215976,72.93768517277107,16395530
2018-11-30,71.04471588134766,72.3855582569199,70.31514649034672,71.37992647524071,10573839
2018-12-03,72.48418426513672,74.33769343632802,71.41939841760548,71.41939841760548,11107638
2018-12-04,73.84471893310547,74.21936709532292,71.83346026802064,72.32641556098716,6304336
2018-12-05,72.36585998535156,74.02219206792415,71.97149571320645,72.9968438905653,5774768
2018-12-06,72.36585998535156,73.11515638155349,72.05037070719858,72.36585998535156,8600328
2018-12-07,72.03064727783203,73.74613288365995,71.24191875551185,72.48417045729224,8378029
2018-12-10,70.70953369140625,71.93205866353237,69.66446408459653,71.18276761157861,6431248
2018-12-11,71.10388946533203,71.49825369278221,69.86163786973826,70.1179788967066,6514193
2018-12-12,71.99121856689453,72.48417391687279,71.26164357914512,71.34051322579691,7396629
2018-12-13,71.99121856689453,72.16867928354198,71.41938822135658,71.91234357133486,4251108
2018-12-14,73.23347473144531,73.4503729747566,71.18277806288451,71.577142395384,9276710
2018-12-17,75.93486785888672,77.51232511368426,74.8109284950618,74.92923564960829,23727234
2018-12-18,77.43344116210938,77.68978221551436,75.28415911019327,76.07288764643575,15507368
2018-12-19,78.47850799560547,78.67569012274109,76.92076705167109,76.92076705167109,11434466
2018-12-20,78.06442260742188,78.45878686314875,76.8616137670179,77.70949584704918,7938383
2018-12-21,77.65033721923828,78.51793531596537,77.15738193169771,78.08413894205543,8722621
2018-12-24,76.48697662353516,78.00528029699508,76.19120338905238,77.68979098644346,8563441
2018-12-26,77.01935577392578,77.41372001620873,75.4616148773452,76.34893442248183,4766041
2018-12-27,77.51232147216797,78.67569828248924,76.30951251145595,76.92077502940965,46486470
2018-12-28,77.70951080322266,78.22218229477467,77.1376803827997,77.88697689201835,5142112
2018-12-31,78.34048461914062,78.87287746740668,77.29542034597118,77.57147213287766,6317785
2019-01-01,78.87287139892578,79.07005352393402,77.33484654473553,77.86723935203928,3961625
2019-01-02,76.9996337890625,78.87286379607308,76.50667852405972,78.5179317261455,7876559
2019-01-03,76.13204193115234,76.90105440076681,75.71796158530319,76.86161690380314,7942863
2019-01-04,77.25598907470703,77.59119980981042,75.48134967006257,76.230640793353,4017540
2019-01-07,78.26161193847656,78.43907800945064,77.23626370943221,77.33485478243824,3592512
2019-01-08,77.82780456542969,78.28132774785587,77.21654209619705,78.04470811983083,3990870
2019-01-09,77.9263916015625,78.37991476053566,77.13766311487161,77.82780054072614,4087529
2019-01-10,77.15737915039062,77.86723259929794,76.86160598852807,77.86723259929794,3589725
2019-01-11,76.64471435546875,77.25598219419545,76.2109179298723,76.86161791717481,2995789
2019-01-14,75.9151382446289,76.64470781574013,75.32358653066439,76.52640068229165,5370460
2019-01-15,75.89541625976562,78.47850524401935,75.08697170641801,78.47850524401935,11498868
2019-01-16,75.71795654296875,76.56583860113925,75.5602065656192,75.91513866574827,8515441
2019-01-17,76.4672622680664,76.723598007271,75.71797112696512,75.71797112696512,5325531
2019-01-18,76.34893035888672,77.57146051467738,75.91513399458974,76.5066803265297,4366941
2019-01-21,75.42219543457031,76.78275453563998,75.18558111169615,76.48698128313863,4067143
2019-01-22,74.8109130859375,75.42217550670388,74.33767386741002,75.32358444858626,3577455
2019-01-23,73.47007751464844,75.5207683629778,73.23345789975076,74.75176130069455,6173490
2019-01-24,73.64755249023438,74.57430970803344,73.17431851761309,73.62783641388246,6157088
2019-01-25,73.2926254272461,74.5743094574312,73.0560057672764,73.98276298196116,3868441
2019-01-28,74.06163024902344,74.37711953009058,71.7743142401093,73.35177134326065,7440853
2019-01-29,73.19403076171875,74.06163435612827,72.42501824172358,73.66727005847088,17469350
2019-01-30,73.78556823730469,74.10106284641742,72.32641837381351,72.99683973788405,12711500
2019-01-31,74.3770980834961,75.52075308372697,73.66724473132693,74.33766059750752,25774313
2019-02-01,75.00808715820312,75.65878700221606,73.31232327999892,75.30386030083689,9474849
2019-02-04,72.79966735839844,74.73205137087722,72.46445663149,74.73205137087722,3678667
2019-02-05,73.3912124633789,73.7264231841269,72.36586422593544,72.6024838728698,5500377
2019-02-06,73.66726684570312,74.43627398325233,72.85881686141862,73.45036328210627,4322649
2019-02-07,72.79966735839844,74.02219776593665,72.56304770711553,73.72642453906006,4309303
2019-02-08,71.37994384765625,74.12077746907826,71.1827617266592,72.79965618861652,7692145
2019-02-11,71.91234588623047,72.24755660478787,70.13770656918216,70.82784408136762,7913450
2019-02-12,71.4785385131836,73.50951874101189,71.1630492432395,72.16867597148045,11930402
2019-02-14,68.99404907226562,70.53206869671278,68.02785444530237,69.99967584815973,36962390
2019-02-15,71.57714080810547,71.85319797429676,70.03912101524594,70.35461033468587,16005610
2019-02-18,71.28135681152344,72.36585853823549,70.80812290375732,71.55741393606775,7973918
2019-02-19,70.76868438720703,72.16867536557807,70.55178083564734,71.08417365450238,10824411
2019-02-20,71.6954345703125,72.01092380727,70.43346692466831,71.28134892928531,9658184
2019-02-21,71.6954345703125,72.16866842574876,71.32078642113177,72.05036129911647,9197823
2019-02-22,71.73487854003906,72.01093567957018,71.18276960988477,71.65600889225014,12182132
2019-02-25,71.75459289550781,71.97149109169682,70.39403410440971,71.37994472146416,29907322
2019-02-26,71.45881652832031,72.05036287221134,70.53205951977627,70.78839519901427,13683801
2019-02-27,71.55742645263672,72.68136587215164,70.92644244967144,71.49827287243248,13566494
2019-02-28,72.10953521728516,72.8588263782471,71.22221547035188,72.12925129432024,69863939
2019-03-01,72.24755859375,72.46445682113053,71.81375679008076,72.20812109361493,7227772
2019-03-05,72.1686782836914,73.13487289582595,72.01093364366538,72.56304255821036,15733697
2019-03-06,72.76022338867188,73.5095197759265,71.65600557941406,72.20811448404297,20336766
2019-03-07,73.8052978515625,74.73204966212573,72.799665693831,73.7461389284133,12295538
2019-03-08,73.74613952636719,74.31796989612018,73.05600200717267,74.14050382304977,6211299
2019-03-11,76.625,77.29542142553684,74.04191071822727,74.33768393262741,17678891
2019-03-12,77.43344116210938,79.66160355612054,76.7630251156479,76.7630251156479,26457157
2019-03-13,76.80245971679688,78.18273460318498,76.15175441980217,78.12357568607091,6930222
2019-03-14,76.26583099365234,77.139878391392,76.12354292565453,76.81465324794513,8466765
2019-03-15,78.56275177001953,78.94895592982958,76.06256217000883,76.06256217000883,14301914
2019-03-18,80.10759735107422,80.41249805204137,78.56276933843024,78.92864907679603,14247336
2019-03-19,80.90032196044922,81.38815965651527,79.39614332447391,79.76202297501659,16995997
2019-03-20,80.2498550415039,81.24586031223231,79.88397544176752,81.00194425505593,9060589
2019-03-22,80.69705963134766,81.6524105768561,80.14823736620112,80.4531380119522,8782833
2019-03-25,82.11993408203125,82.72973540895802,79.31484356698954,80.16856652748166,14506515
2019-03-26,82.4654769897461,82.89234119195419,81.06293736127807,82.18090636891348,8371544
2019-03-27,81.3881607055664,83.21756449583248,80.69705591540504,82.52645970567112,11579885
2019-03-28,80.59542083740234,81.3068556311862,79.86365602684116,81.3068556311862,17034861
2019-04-01,79.49779510498047,81.184911196289,79.31485248075323,80.57510980082998,10617688
2019-04-02,81.22554779052734,81.63208196440235,79.68072013539138,79.68072013539138,17946031
2019-04-03,81.69306182861328,82.34351761630342,81.36783669175456,81.4694702362695,15076661
2019-04-04,81.0426025390625,82.62809017616455,80.69705291382111,81.89632537889304,10130253
2019-04-05,79.80267333984375,81.59142249356478,79.70103980254173,81.59142249356478,9883976
2019-04-08,80.63607025146484,81.42881408842855,79.49777678123382,80.4937877031654,13511642
2019-04-09,80.63607025146484,81.04260442140058,80.10757803613743,80.8799918562208,10655872
2019-04-10,80.758056640625,81.16459092548543,80.39217688704545,80.39217688704545,8637199
2019-04-11,79.660400390625,81.06294567694283,79.53844232832489,80.9613121203683,13713296
2019-04-12,80.10759735107422,80.35151901464272,79.29452881516184,79.94498474668653,11004111
2019-04-15,80.51410675048828,81.65240014358926,80.12789710962961,80.41247321489097,8965316
2019-04-16,80.02629089355469,81.24589373707266,79.88400830632352,80.90034400925516,4918434
2019-04-18,78.98961639404297,80.43281062556272,78.66439123352313,80.22954352174456,11593259
2019-04-22,79.19288635253906,79.9653002720968,78.62373954412669,78.94896471636996,7772049
2019-04-23,78.46111297607422,79.09123870274584,78.07490332813205,78.78633809036171,6686014
2019-04-24,78.03427124023438,79.13191596590912,77.26185723630253,78.50178454414255,7288151
2019-04-25,77.87165069580078,79.59942115308797,77.52609550154868,78.13589683941474,17599280
2019-04-26,77.56674194335938,79.0302661045135,77.38379935547533,77.64804547155126,8664580
2019-04-30,75.77798461914062,78.25784397495481,75.37145047930132,77.93261335470007,14290974
2019-05-02,77.32280731201172,77.56672888346384,75.79830438290077,76.04222595435289,8897549
2019-05-03,77.58707427978516,78.44079725281114,77.32282813703203,77.60740429936513,10782838
2019-05-06,77.42446899414062,78.40015012075993,76.77401307173648,77.24152637053595,5477945
2019-05-07,77.87165069580078,78.78635270259988,77.44478645091054,77.44478645091054,9450289
2019-05-08,77.24150085449219,78.76600934831767,76.79431772491277,78.0342446096048,10180731
2019-05-09,76.38780975341797,77.2618573250281,75.75767833092777,77.20087828774813,7921214
2019-05-10,75.43244171142578,76.61138980505939,75.22917460859333,76.59106530036537,5938686
2019-05-13,74.25347900390625,75.63569954495146,74.00956292157817,75.391777948651,5504435
2019-05-14,73.8469467163086,74.88361214831899,73.6030306278097,73.94858025784065,11334983
2019-05-15,72.56637573242188,75.04623560867347,72.13951700159649,74.45675877660668,7616268
2019-05-16,73.92827606201172,74.27383130093357,72.7086732286222,72.91194036752046,8660893
2019-05-17,74.05023193359375,74.63970882442611,73.31847246095086,73.86729482241996,10183233
2019-05-20,76.44876098632812,76.79431609053503,74.82262450909272,75.65601724808711,6287120
2019-05-21,74.78197479248047,76.67235746576176,74.70066575781304,76.5300694120799,7748239
2019-05-22,74.02989959716797,75.33081131537591,73.90794153594929,74.76165899242663,6972640
2019-05-23,75.06656646728516,76.46911186836422,74.43644057055327,75.61538882048887,13966122
2019-05-24,75.47310638427734,75.838986115784,74.90395400862941,75.47310638427734,7240775
2019-05-27,76.16419982910156,77.07890177687244,75.47309499916958,75.79832015278781,6424176
2019-05-28,77.32280731201172,77.76999594067863,76.34712654017507,76.5300635832853,11255911
2019-05-29,77.302490234375,78.46111367454338,76.97725960321998,77.81065792620566,8310232
2019-05-30,77.72936248779297,78.8270070997566,76.48943530840393,78.62373998746506,34989609
2019-05-31,76.95694732666016,78.21720450540148,76.59106763321222,77.85131929798031,11849847
2019-06-03,78.48143768310547,78.66438025660302,77.24150521445243,77.34313875217944,12106965
2019-06-04,78.44080352783203,79.68073631836181,78.03426927139087,78.27819092805032,11447117
2019-06-06,79.4571304321289,80.55477500941667,78.92863816245591,79.2741933452297,26132949
2019-06-07,77.95294189453125,79.70104209478559,77.70902580916909,79.45712049545098,8783688
2019-06-10,78.98961639404297,79.6603967338483,78.21720250232855,78.44079411093931,11231885
2019-06-11,78.72537231445312,79.55876525624714,78.4204716507763,79.39615267174749,6589306
2019-06-12,77.70901489257812,78.70502013848098,77.36345980156217,78.46110408738423,7509749
2019-06-13,78.80667877197266,79.0506004147537,77.09923830045224,77.72936415649428,11041648
2019-06-14,79.11158752441406,80.06694417303254,78.60341968089082,78.86767137070211,34979466
2019-06-17,78.88797760009766,79.86365853079711,78.70503501322845,79.84333402735507,10860754
2019-06-18,80.41249084472656,80.83934958223195,78.92864200247755,79.15223362422354,17815522
2019-06-19,81.42880249023438,81.91664563026104,80.49377623815033,80.53442523817607,32722391
2019-06-20,81.69306182861328,82.42482665750444,81.02228153760925,81.57110378078444,11459458
2019-06-21,81.26619720458984,82.14024452070842,80.71737500154768,81.79468939183207,16601442
2019-06-24,80.92063903808594,81.6117492698955,80.3108378384794,81.30684867009224,9883389
2019-06-25,81.95731353759766,82.24188968725939,80.90032901364962,80.90032901364962,10375296
2019-06-26,85.22990417480469,85.75839635599483,81.73370943639513,81.89632199107116,31182825
2019-06-27,84.43717193603516,85.33154938001991,83.8477006554764,85.00632422619253,13741562
2019-06-28,84.11194610595703,85.2095906407522,83.19724416495202,84.21357965495758,12067819
2019-07-01,84.17292785644531,85.37220597905035,83.60378106641889,84.25423690386613,11211814
2019-07-02,84.29488372802734,85.04696753509515,83.88834955600254,84.31520823103955,12203723
2019-07-03,84.9453353881836,85.22991151886707,84.03063348609447,84.64043475415389,13693989
2019-07-04,85.4534912109375,85.6974127869862,84.43715590571112,84.96565357281199,12324046
2019-07-05,83.68508911132812,86.18527904361285,83.01430873285047,85.39253508742891,12525923
2019-07-08,81.81503295898438,83.88835856168345,81.44914775370503,83.33953626773763,8948141
2019-07-09,83.23790740966797,83.4208445086548,81.1442516696885,82.09960823319807,6875651
2019-07-10,83.46149444580078,83.92900769169012,82.56711696446823,83.21757281325797,12675299
2019-07-11,84.80305480957031,85.02664640747106,83.78671382518901,83.90867739002172,7808266
2019-07-12,84.0306396484375,85.31122681645162,83.09561317443247,84.80305905580255,6349095
2019-07-15,83.31920623779297,84.0509711342838,82.48581330137159,83.6037823943127,6656137
2019-07-16,84.92501831054688,85.12828541767337,83.05495982218851,83.258226929315,6627472
2019-07-17,84.55915069580078,85.59581088459464,83.92901926534019,84.88437590805698,6388864
2019-07-18,83.4818115234375,84.92501117109298,83.33952897158886,84.92501117109298,8419638
2019-07-19,83.62410736083984,84.41685129125166,82.44515923184713,83.66476188542026,10869152
2019-07-22,82.9736328125,84.23388970667189,82.36383162312379,83.74605206355412,9061812
2019-07-23,85.55513000488281,85.77872709417164,83.0142915855024,83.21755865905284,14046808
2019-07-24,85.29090881347656,86.59182066960065,84.78274098123651,85.22992977640253,18181391
2019-07-25,86.65279388427734,87.16096168237246,85.31123310289566,85.37221213587237,28085772
2019-07-26,86.00232696533203,86.99833792739396,85.47383472871108,86.65278276623128,10950941
2019-07-29,84.51848602294922,86.38854455393682,83.96966371840229,86.32756552320345,5948953
2019-07-30,84.66075897216797,85.29088470040969,84.03062772995393,84.47781639869272,10050004
2019-07-31,85.69742584228516,86.97801293313485,84.13226813100324,84.35586524059939,26229893
2019-08-01,86.99834442138672,87.9130464088744,85.29089850582046,86.16494596884736,27069006
2019-08-02,85.5958023071289,86.97802310564178,84.70143030606145,86.5714833600995,20863783
2019-08-05,81.77437591552734,85.37220471614698,80.02627553362403,85.37220471614698,18063375
2019-08-06,80.534423828125,82.3435028005799,79.78234014521189,81.55075909040939,11846580
2019-08-07,80.83934020996094,81.69306309996706,80.12790538728463,80.90032474879712,9432897
2019-08-08,82.40450286865234,84.82338361652478,80.10758569179988,80.51411990058698,6595239
2019-08-09,82.11993408203125,84.90469457779149,81.81503341856786,82.72973540895802,9175926
2019-08-13,82.11993408203125,83.50214932027062,79.98562943778757,81.48980273582299,7558090
2019-08-14,83.4005126953125,83.82737140285673,80.3921606960238,81.73372136028254,8024154
2019-08-16,85.8397216796875,87.0999788670307,82.24189272261715,82.97365211450764,11894601
2019-08-19,85.18147277832031,86.39512043625304,84.8112091881166,86.04542487548933,8100095
2019-08-20,84.77006530761719,86.76538173211563,84.6055043363271,85.16090249696651,8711658
2019-08-21,84.29694366455078,85.407739896777,84.05009943738497,85.01690273876112,5649369
2019-08-22,83.41242218017578,84.56435444684317,82.61017985086252,84.13238124185287,5059207
2019-08-23,82.89818572998047,84.17353762609852,82.5690581599813,83.12445640057143,7611285
2019-08-26,83.47413635253906,83.72098058874931,81.93136685127514,83.2478601443296,7846961
2019-08-27,84.97576904296875,86.14827504651616,83.53585076002572,83.53585076002572,18828020
2019-08-28,84.64664459228516,86.90937325569553,84.0706728321121,85.55173270962513,15756988
2019-08-29,84.25580596923828,85.07861637823333,83.78269110007417,84.64664314552702,8660979
2019-08-30,82.48675537109375,85.24316654397414,79.81262188066441,84.4820658960748,15630977
2019-09-03,81.06741333007812,83.26843222758498,80.65600813727461,82.85702703478145,9494810
2019-09-04,81.00570678710938,81.86965884128,80.34745733726318,81.23197741985014,8565768
2019-09-05,82.01365661621094,83.63870962877569,81.1908460944143,81.8696692389293,14199248
2019-09-06,83.72097778320312,84.07066772773915,82.30162765758763,82.42504698153682,13782929
2019-09-09,83.47413635253906,84.2763731451722,83.02158951616028,83.61812928866506,4769289
2019-09-11,82.8570327758789,83.88554582915255,82.19878330577568,83.51528224598212,7723322
2019-09-12,82.13707733154297,83.10388076109663,81.31426685192977,83.10388076109663,11516235
2019-09-13,83.37128448486328,83.51527742000897,81.89022465772493,82.07535922863227,7223537
2019-09-16,83.16557312011719,83.92667377134418,82.63074307166924,82.69245830882674,6031015
2019-09-17,82.46619415283203,83.39185588471811,82.01364730123522,83.26843655248277,5823968
2019-09-18,83.12443542480469,83.5152725717913,81.56109799693785,82.4867596376579,7206830
2019-09-19,82.75418090820312,83.41243037383327,81.91079686222561,83.41243037383327,6306748
2019-09-20,80.71772766113281,85.94257648005139,80.38860569869857,82.3633486333855,51859153
2019-09-23,77.46761322021484,81.56109687370771,76.68594451704628,81.04684041372316,24586363
2019-09-24,78.3521499633789,78.96925784726895,76.10998908656204,77.30306879278218,18234411
2019-09-25,81.76680755615234,83.67984066075994,79.44236366276994,79.60693021029597,48245282
2019-09-26,81.9725112915039,82.85703138647897,81.08798561648851,82.26049159356722,15826874
2019-09-27,81.4993896484375,82.17821270639858,80.65601120314804,81.37597031792109,10034452
2019-09-30,81.89022827148438,82.28106545840718,80.49145165414227,81.0468498113335,9111327
2019-10-01,80.84114837646484,83.37128937366928,80.63544576563456,82.07536404144656,7634447
2019-10-03,81.91080474853516,82.28107394487913,80.01834502519945,80.92343324504677,9432906
2019-10-04,80.86170959472656,82.19877645250521,80.4708724350522,81.89022256224861,19442087
2019-10-07,80.84114837646484,81.21141195995126,79.97719629496954,80.92342607277268,11655995
2019-10-09,81.33483123779297,81.82851973545803,80.38860146064876,81.25255354154241,8504262
2019-10-10,81.91080474853516,82.11650737759695,80.84115554144661,81.41712178681144,6982965
2019-10-11,82.69245910644531,84.0295258704027,81.82850715834186,81.89021681605506,10517558
2019-10-14,81.62281799316406,83.22729725758509,81.33483210312212,82.69247269612491,11162487
2019-10-15,82.79531860351562,83.10387250270826,81.58167103467524,81.62281267057561,5013200
2019-10-16,81.68451690673828,82.79531310203903,80.90284819673097,82.69246180914229,6668842
2019-10-17,81.33483123779297,82.1782152896341,80.84114832016833,81.76681006826001,7899823
2019-10-18,83.33014678955078,83.61813267346021,81.04685006727021,81.33483037113926,8795448
2019-10-22,84.358642578125,85.38715541023892,82.69245402211615,82.69245402211615,10675241
2019-10-23,84.85236358642578,85.16091755466672,83.2273104550069,84.33810697269087,5777589
2019-10-24,83.96780395507812,85.26373456419373,83.76210139236633,84.91403909157584,5428181
2019-10-25,83.49471282958984,84.50265790442828,82.75418562606332,84.50265790442828,3993616
2019-10-27,83.24786376953125,84.05010617713987,82.69247118892264,83.92668684368027,388417
2019-10-29,82.71304321289062,83.47414401942737,82.07536732581535,83.20673173065518,5943950
2019-10-30,82.26049041748047,83.86496961473493,81.99307814794477,83.86496961473493,6419057
2019-10-31,81.60224151611328,82.65132815293484,81.39653891046673,82.40448391015093,15582577
2019-11-01,81.17025756835938,81.8079333297259,80.94398696401373,81.64337238292546,8803683
2019-11-04,80.1211929321289,81.72567225456322,79.83320703167423,81.41711832409352,15175738
2019-11-05,80.38861083984375,80.84115775216341,79.77150293578268,80.12119853075883,8153818
2019-11-06,80.26517486572266,80.84114662761976,80.10061389662648,80.38859977757502,9183411
2019-11-07,79.89491271972656,80.98513543704037,79.66864208067592,80.63544546396945,15498054
2019-11-08,78.8458480834961,80.38861798069159,78.5167204907361,80.3269083008121,11762251
2019-11-11,78.88697052001953,79.44236870305693,78.31100430725657,78.84583446056838,10089055
2019-11-13,77.85844421386719,79.9566116713077,77.46761265515354,78.9898139976205,9456977
2019-11-14,77.34422302246094,78.22874899451077,76.89168159867255,78.16703372759216,19380370
2019-11-15,77.20020294189453,77.71445941496769,76.82993381724997,77.34419029032314,18256039
2019-11-18,78.43441772460938,78.57840507165626,76.78879702656673,77.220770227787,11766437
2019-11-19,80.40917205810547,80.63544828511311,78.24929457690143,78.57841653249723,22218922
2019-11-20,80.67656707763672,81.10854582944715,79.81262073409471,80.61485742167507,9597590
2019-11-21,80.75885772705078,81.02626998070805,79.81262803563585,80.5531551350006,12107895
2019-11-22,81.76680755615234,82.77474696952783,80.63544323213233,80.63544323213233,16199814
2019-11-25,81.70509338378906,82.44562611726033,81.37597144449539,81.86965993347624,6529113
2019-11-26,79.97720336914062,82.0342296593923,79.77150074011546,81.89023670306649,21594044
2019-11-27,80.26517486572266,80.63544402123945,79.85376965296206,80.20346519981663,12155700
2019-11-28,80.69715881347656,81.35540831171724,79.89491636561436,80.71772684340506,6724188
2019-11-29,79.52465057373047,80.59430528137085,79.03096206865321,80.38860266759542,17547179
2019-12-02,78.74296569824219,80.22402533138033,78.33156055459489,80.22402533138033,19957065
2019-12-03,77.92018127441406,79.0309721829347,77.79675634232873,79.0309721829347,7451455
2019-12-04,77.5087661743164,78.16701007521105,77.22078028264461,77.94073943178358,10311154
2019-12-05,77.05621337890625,77.71446280919734,76.72708587374066,77.5498962665945,4569931
2019-12-06,76.76823425292969,77.4059157114312,76.45968032850524,77.11792981661883,5388071
2019-12-09,77.32362365722656,77.69388720850553,76.33625232713604,76.93278649862992,5459781
2019-12-10,75.18431091308594,77.32362001076216,74.9580403035416,77.32362001076216,10563080
2019-12-11,74.77290344238281,75.41058477878897,73.35355900981334,75.28715988462672,39214905
2019-12-12,76.00713348388672,77.48819343766239,74.48493747087221,75.1843230184603,63493233
2019-12-13,76.39797973632812,77.15908062300815,76.10999380730068,76.39797973632812,12987237
2019-12-16,76.91222381591797,77.30306100167357,76.29511599422409,76.60366990507103,8479418
2019-12-17,77.36476135253906,77.69388325246426,76.35681646645368,77.07677550507476,17903634
2019-12-18,77.01506805419922,77.75559514028005,76.5830948506587,76.95335839369912,10099352
2019-12-19,76.68595123291016,76.99450513592285,76.06884342688474,76.97393152769789,5749401
2019-12-20,76.56253814697266,77.11793637417182,76.1511328794238,76.3774091246003,9690984
2019-12-23,76.43909454345703,77.13847992834,76.0071158015794,76.3773848889143,17045076
2019-12-24,76.99452209472656,77.09737341838482,76.31569889454894,76.70653615646688,3748896
2019-12-26,76.04827880859375,77.13850161210966,75.71915683848961,77.05622390960406,3925143
2019-12-27,77.77616882324219,77.96129780492362,76.31567709643171,76.31567709643171,7122947
2019-12-30,78.29043579101562,78.78411872172718,77.63218630335963,77.75560564102737,6925363
2019-12-31,78.26985931396484,79.09267532842145,77.85845409675673,77.96130540105875,11907723
2020-01-01,80.42974090576172,80.59430187381626,78.26985797239968,78.3932828834708,13620373
2020-01-02,80.26517486572266,80.92342432214768,79.95662095615221,80.45030944348106,5673692
2020-01-03,79.40121459960938,80.1417416220134,78.68125002221748,79.91547102628977,7358268
2020-01-06,79.44235229492188,79.79204778831442,77.34418491460607,78.98981109410273,7355290
2020-01-07,78.86638641357422,80.01832418432107,78.64011581255511,79.46292611450022,14023712
2020-01-08,78.3932876586914,78.55784863676996,77.69389652680674,78.29043634988723,9451757
2020-01-09,79.38065338134766,79.56578795585737,78.64012624338925,78.96924817580627,7714854
2020-01-10,79.05152893066406,79.68920474692331,78.57840849533102,79.68920474692331,4118638
2020-01-13,80.1417465209961,80.2240297863106,78.90753102151683,79.15437523742062,27682638
2020-01-14,80.3268814086914,80.77942262966545,79.91547624050429,80.14174685099132,5994314
2020-01-15,79.91548156738281,80.55315738856211,79.36008343730143,80.38859642632617,7114590
2020-01-16,80.82058715820312,81.33484376412106,79.85378362306915,79.85378362306915,8552344
2020-01-17,81.2114028930664,81.39653187412058,79.66863348408245,80.61486315624335,4698386
2020-01-20,84.19410705566406,86.80653155382265,83.61814081182807,84.09125574140617,49337827
2020-01-21,82.52789306640625,84.05009439252994,81.86964927352645,83.78268215416757,17283910
2020-01-22,82.30164337158203,83.24787324929768,79.42180651587576,82.48677797289385,56787054
2020-01-23,83.08329772949219,85.32545826419496,79.77148815662227,80.94399407311785,226059260
2020-01-24,81.02628326416016,81.51997179803192,79.91549243300996,80.82058063838707,16151679
2020-01-27,79.40121459960938,80.82055898922364,79.11322876865262,80.79999096417217,8213919
2020-01-28,78.3521499633789,79.40123671401653,77.79675175186968,79.40123671401653,9174575
2020-01-29,79.15438079833984,79.7303469558862,77.85844996881043,78.35213843530164,17600091
2020-01-30,79.97720336914062,80.3268989544916,78.74298759498961,79.15439285303995,26386034
2020-01-31,76.87108612060547,80.42974587223611,76.15112695837463,80.34746259310776,63986362
2020-02-03,77.07678985595703,77.75560738846617,73.00387908086144,74.42322381610043,16329297
2020-02-04,79.95661163330078,80.34744877186832,77.3441877208686,77.48818064455345,14207381
2020-02-05,77.89958953857422,80.51201357606905,77.34419142350997,79.85376416488327,14550344
2020-02-06,79.36007690429688,79.709772407786,77.61160496689085,78.14642944514037,9175642
2020-02-07,78.33155822753906,79.3189294269521,77.57045761839429,79.3189294269521,18058457
2020-02-10,76.76823425292969,78.6195577994763,76.00713345667462,78.45499682245806,30471811
2020-02-11,77.96131134033203,78.66070249488322,77.3853451083703,77.54990609178212,32456571
2020-02-12,77.89958953857422,78.94867610703778,77.57046762300129,78.18757539973048,16386952
2020-02-13,78.3932876586914,78.64013191582956,77.22078162231564,77.67332849706216,18581113
2020-02-14,75.73971557617188,78.74297690005865,75.45172970263474,78.37270775407083,23830630
2020-02-17,75.53401947021484,76.43911322483997,74.2792357277052,76.10998568677599,17670292
2020-02-18,76.1099853515625,76.66538353581628,74.40265473925993,75.12261390180059,30879880
2020-02-19,77.13848876953125,77.3236233344178,75.28716544082538,76.52138099329595,22313738
2020-02-20,77.85844421386719,78.45498393511389,76.48024137519322,77.13848517514032,25907657
2020-02-24,76.56253814697266,77.83789559238231,76.13056484806279,77.75561230685611,14921452
2020-02-25,76.58309936523438,77.22077519472612,76.25397185643206,76.56252575716165,17807428
2020-02-26,76.45967864990234,77.50876531793804,75.67800984119606,76.10998309389045,17113656
2020-02-27,76.70652770996094,77.22078427162506,74.58779179191286,76.1511295073555,28472046
2020-02-28,74.67005920410156,76.23340228415385,73.70325588539187,75.47230156176366,28010970
2020-03-02,75.49287414550781,77.01507568215574,74.77291501493873,75.59572544987482,19540018
2020-03-03,78.86638641357422,80.1006018664919,74.8963278226969,75.61628683689888,16039306
2020-03-04,81.06741333007812,81.45825049525749,77.5704691912482,78.45498923976776,16939245
2020-03-05,80.6148681640625,82.09592800469893,80.0389019982706,80.6560098001991,9715265
2020-03-06,78.41385650634766,79.23666698536358,77.40591701757756,78.37271486638873,14371982
2020-03-09,74.44379425048828,77.59104309789208,73.20957857856204,76.06884711720735,69609292
2020-03-11,74.62892150878906,75.65743454468591,72.92159098520834,73.84725271751552,42604599
2020-03-12,68.33441925048828,73.18899821325527,67.77902113338224,72.4896127450817,58418097
2020-03-13,69.074951171875,71.00855791297084,61.5050963374434,66.97678346090811,44617540
2020-03-16,67.37303924560547,69.48444691295057,66.11473043566076,69.27117364495238,39669086
2020-03-17,69.10054016113281,72.6622040677266,66.43462492946175,66.77585976495313,35460792
2020-03-18,61.48668670654297,70.33752550660297,52.102659060831904,69.95363486030817,119909061
2020-03-19,62.766326904296875,64.79242256076648,59.75917093239805,62.019870609808066,44039786
2020-03-20,67.07445526123047,69.03657034112933,63.235536716587674,63.235536716587674,131485883
2020-03-23,65.26162719726562,66.47728579256253,60.37766780676325,60.37766780676325,39665620
2020-03-24,62.8303108215332,67.0531197677567,62.0198736759601,64.85640657816937,42302851
2020-03-25,64.088623046875,66.94648086100466,63.278180143592984,63.342166740993825,23309603
2020-03-26,67.54364776611328,68.97257372191775,62.80898109146823,64.23791283267911,25329120
2020-03-27,68.24745178222656,70.91336718949245,66.81851996685072,67.65028788808034,28883749
2020-03-30,66.39197540283203,68.20479793168326,65.28295340457107,66.1147213496185,22364337
2020-03-31,67.86355590820312,69.01522780444044,66.71187822655955,67.56497109136035,24838523
2020-04-01,65.944091796875,69.07920320111366,65.32559720417977,67.82089479534194,14182117
2020-04-03,66.62657928466797,68.43940196679783,64.72845077109406,65.92277869456962,21066826
2020-04-07,67.39434814453125,69.05787793728823,66.71187275161907,68.67398733671442,24741992
2020-04-08,67.54364776611328,69.39912016494152,66.22135263565833,67.35169955259002,21481260
2020-04-09,70.14559936523438,71.1053290965412,67.54366426994319,68.63135565126115,15607786
2020-04-13,68.22611999511719,70.33752728111602,67.07444802717778,69.95363662513623,14901247
2020-04-15,68.05551147460938,69.91098997096752,67.58630915127404,68.86594869560277,25249654
2020-04-16,69.69771575927734,71.10532271001041,67.1810925136366,67.4796715986474,31150756
2020-04-17,71.55319213867188,73.89919786924402,70.06027940103506,71.51053633194368,18536308
2020-04-20,70.59346771240234,72.1716921795434,69.16453568708397,72.1716921795434,24177042
2020-04-21,69.37779998779297,70.80673182850168,69.16452675143067,69.95363888305252,13915863
2020-04-22,69.18584442138672,69.42044842774158,66.79718905585281,68.24744575218588,19702407
2020-04-23,67.39434814453125,69.05787793728823,67.22373074265465,68.88726053541163,32128585
2020-04-24,67.88487243652344,68.29009381085228,66.43461590458715,66.9677988784906,33134279
2020-04-27,68.07682800292969,68.88726505405833,67.24506015928866,68.88726505405833,9762001
2020-04-28,67.05311584472656,68.41806679929121,66.8824984217576,68.26877438466595,26134701
2020-04-29,67.41569519042969,68.50339233062932,66.54127710406028,68.03418998301817,14509262
2020-04-30,69.12186431884766,69.71902816631753,67.05311296742862,68.07682903212695,18702868
2020-05-04,67.84223937988281,68.88728067315719,67.22375039410218,68.63135160282393,12598146
2020-05-05,69.80435180664062,70.74275643266726,68.33276404887323,68.86594718061399,18305545
2020-05-06,70.55079650878906,71.08397955224169,69.39911882076888,69.4844304218838,12853774
2020-05-07,68.99388885498047,70.38016448014886,68.67397909532623,69.8043257556902,8561359
2020-05-08,67.82090759277344,69.35647607596545,67.43701691832716,69.35647607596545,30898767
2020-05-11,67.73558807373047,69.27115637762549,67.54364565162247,67.94886128856571,9453421
2020-05-12,69.65504455566406,70.38017577474461,67.26638347649953,67.60762407946933,19986028
2020-05-13,71.08399200439453,73.32336117917751,69.12187690369369,73.13141872115477,27175817
2020-05-14,68.58869171142578,69.95364281502877,68.2474568282286,69.95364281502877,26454121
2020-05-15,68.1621322631836,68.99390008786665,67.500987633086,67.90620325671142,20009870
2020-05-18,65.9014663696289,68.33277849305308,65.38960814079832,68.18349181293526,32898286
2020-05-19,67.41569519042969,67.94887836148608,65.68818403037005,66.11473056721518,12276533
2020-05-20,67.58629608154297,68.52470054674649,66.43462418560001,66.64789740174571,24677051
2020-05-21,67.77826690673828,68.1834884667934,66.96782957203621,67.20242787391558,17176100
2020-05-22,66.47727966308594,67.39435333097768,65.73082341020095,66.96780690075768,25080927
2020-05-26,67.11709594726562,67.69292897090055,66.32798393379525,66.60523794247243,18512685
2020-05-27,67.03178405761719,67.3516938628597,66.43462024491235,67.11709565317756,22655078
2020-05-28,67.07445526123047,67.54365757376826,66.56259714111519,67.54365757376826,25797051
2020-05-29,67.20240783691406,67.67161008618413,66.7971921830858,67.07444621684334,63844851
2020-06-01,67.75691223144531,68.69531081358514,67.26637925703412,67.62894484383149,45314328
2020-06-02,70.40152740478516,71.80913457670859,67.65030546106753,68.18348868102152,43626060
2020-06-03,70.188232421875,71.44654674618927,69.8896533822354,70.59345385795082,13811685
2020-06-04,72.19300842285156,72.49159327022932,70.4228417044439,70.46549750912742,23992166
2020-06-05,73.13141632080078,74.34707499000636,70.18824087364818,71.23328210174232,22851633
2020-06-08,73.51531982421875,74.60301126313254,72.87549996946755,73.98452220811792,11723588
2020-06-09,72.74752044677734,74.24043897869002,72.51292218648933,74.21910818249565,8412588
2020-06-10,72.53424835205078,73.04610647316453,71.9157593898962,72.74752160494697,10101681
2020-06-11,72.93944549560547,76.05323741958283,71.59582560801357,71.68113140944803,22109491
2020-06-12,70.9346923828125,72.25698758533186,70.6361133276673,70.82805576624492,20331770
2020-06-15,69.63372039794922,70.80672305255725,69.35646638212309,70.46548823083371,13833335
2020-06-16,69.39913177490234,70.91337537220228,68.86594863192505,70.67877710345522,13972830
2020-06-17,68.03418731689453,69.01524199902966,67.54365997582697,68.61002627615099,28371013
2020-06-18,70.57212829589844,70.93468814222847,68.03417465915007,68.54602691683112,19720997
2020-06-19,73.11009216308594,73.49398867220289,70.40152051375793,70.74276121237214,21577413
2020-06-22,76.18121337890625,76.67174063221381,72.79016683640346,75.24280888834765,33039735
2020-06-23,79.9561538696289,80.61729857071741,76.37316475051036,77.41820010982465,34298071
2020-06-24,76.1385726928711,80.36138795331377,75.49875290012615,79.65758155296828,32910525
2020-06-25,76.50112915039062,78.18599004842011,74.36839676574918,76.09590768314601,40909792
2020-06-26,76.43714904785156,77.67413268538321,75.98927177166131,77.1836053894284,11954078
2020-06-29,76.03192138671875,76.90634507261913,75.56271913884616,75.92528477517527,7547198
2020-06-30,74.5816650390625,76.7570530836553,74.21909940072929,76.35183164338763,11889584
2020-07-01,73.9845199584961,74.81628227313666,73.3233693241117,74.64566480747254,15209917
2020-07-02,74.68830108642578,75.41343235760898,73.62193497316015,74.0058256168545,15481100
2020-07-03,75.75465393066406,76.5224350835698,74.68828800418086,75.07217858063373,22720042
2020-07-06,75.92529296875,76.22387782745649,74.98689415714277,76.09591040855068,11724475
2020-07-07,73.835205078125,76.13855462843865,73.23804123699276,76.13855462843865,20855578
2020-07-08,72.40628814697266,74.49636490962419,72.00106664429005,73.79256431822415,16818545
2020-07-09,73.17405700683594,73.57927262256649,72.29963340054303,72.72617980788418,16110083
2020-07-10,73.6219482421875,74.1124755856171,72.29965286633696,73.19540172000394,23809286
2020-07-13,72.1290283203125,74.30441652657042,71.74513764518626,73.62194100111994,10803798
2020-07-14,69.67638397216797,72.00105874855676,69.52709155147717,71.87309712248278,16288923
2020-07-15,69.7616958618164,70.93469874933908,69.56975340601157,70.40151561864695,15061461
2020-07-16,69.18584442138672,70.16690467582247,68.03417253844849,70.16690467582247,15458966
2020-07-17,69.65504455566406,69.88964855496943,68.95124412855999,68.95124412855999,13711930
2020-07-20,69.74036407470703,70.06027392203954,69.24983679921185,69.65505246792236,8390572
2020-07-21,74.06979370117188,74.41103427003465,69.99627816250106,69.99627816250106,33717545
2020-07-22,76.62908172607422,77.37553797250973,74.13378975917188,74.2190955732351,46076322
2020-07-23,77.52483367919922,77.86607430619759,75.69068628118124,75.92528451159991,18738194
2020-07-24,77.63145446777344,78.1646374149682,76.20252301221042,76.5650885733839,14438899
2020-07-27,77.16226959228516,77.43952941522369,76.24519587487633,77.33289280191087,11938756
2020-07-28,77.58881378173828,77.99403521466647,76.2238686424031,76.86368830361201,11893746
2020-07-29,77.52483367919922,78.69783640210538,76.99165062333279,77.33289125033116,13335993
2020-07-30,75.43476104736328,78.1646572734767,74.90157796470805,77.84474742388358,23995122
2020-07-31,76.05326080322266,76.50113230832254,75.15751200761576,75.32812944834872,14354565
2020-08-03,76.15987396240234,76.56508953612244,74.26174033235952,76.35181635456281,12500988
2020-08-04,76.03192138671875,76.37316201490174,74.90157446143918,75.86130396533048,9628257
2020-08-05,75.0508804321289,75.90397347858237,74.70963974230303,75.5200827647598,10577794
2020-08-06,75.02954864501953,75.81866085966142,74.81627538621943,75.3494585332197,8564058
2020-08-07,75.0508804321289,75.90397347858237,74.7522955517072,74.9868996107264,8026904
2020-08-10,75.6053695678711,76.2665199837018,75.17882315200845,75.43475215860724,7766140
2020-08-11,75.43476104736328,77.78076661104629,74.88025295556453,75.98926913916203,21833550
2020-08-12,75.94662475585938,76.54378869565944,73.87787308458132,75.15751257789881,19435650
2020-08-13,76.24520111083984,76.90635163002615,75.24281571978165,76.75705920405461,10641012
2020-08-14,74.81626892089844,77.05563794478233,74.26176081009947,77.05563794478233,17130105
2020-08-17,76.20256805419922,77.84477365931879,74.90160320822879,75.07222069509905,17368089
2020-08-18,75.81865692138672,76.73573072950983,75.30680459809822,76.71440571890047,13890131
2020-08-19,75.64803314208984,76.52245107032368,75.52007151834081,76.13856041366996,12400644
2020-08-20,77.29024505615234,80.23341473329718,75.26414919201108,75.58405906529654,44062975
2020-08-21,80.65995025634766,81.25711411481512,77.88739839844281,78.0580158172326,49949864
2020-08-24,79.01775360107422,81.3211092454441,78.65518793220808,80.89456276099145,19724617
2020-08-25,78.80447387695312,79.67889756940137,78.05801759055917,79.55093016334709,10109220
2020-08-26,79.0604019165039,80.89455509712879,78.52721886145129,79.76420239209209,18000615
2020-08-27,78.99642944335938,80.0414706557068,78.7831561988319,79.7215607889156,10363056
2020-08-28,77.75944519042969,79.65757358103515,77.54617194752524,79.55093695958293,12114955
2020-08-31,76.33050537109375,79.06040143940815,75.92528393753652,78.27128936561094,24259718
2020-09-01,76.9489974975586,77.75944039898256,76.18121618457515,76.37316440552432,16505345
2020-09-02,79.06077575683594,79.88977808157155,76.46468345570258,77.64274343996775,30959608
2020-09-03,77.88272857666016,79.16986818152374,77.51185734153526,78.71173103768557,11884498
2020-09-04,76.37743377685547,77.66456742571152,75.78840370530693,77.31551563705776,17373558
2020-09-07,76.85737609863281,77.2064337942872,75.50479602152613,76.37743138375613,13069001
2020-09-08,76.31196594238281,76.79191649309058,75.81020187852589,76.72647003570685,9597878
2020-09-09,76.46467590332031,77.64273577122904,75.65748717293368,76.35559650510417,20122483
2020-09-10,77.49002075195312,77.86089187665728,75.98472274142165,76.79191144391046,19635358
2020-09-11,76.42105865478516,77.79546408891443,75.96292745536694,77.70819818524558,31182063
2020-09-14,74.8284912109375,77.44639698786325,74.50125298882179,77.44639698786325,14143608
2020-09-15,75.61386108398438,75.87564690859475,74.61032705721198,74.98119819932491,7858789
2020-09-16,75.02484130859375,75.6793177946735,74.52307718618668,75.48297248167478,13201491
2020-09-17,73.4322738647461,74.78485972618337,73.257747993127,74.76304621145725,10765947
2020-09-18,75.00302124023438,75.48297184288523,72.99595884965426,73.78133417706574,23788415
2020-09-21,74.39217376708984,74.9157572909562,73.14866733635971,74.61033258237805,13331596
2020-09-22,73.65043640136719,74.3703652747826,72.64690815045029,73.65043640136719,9039386
2020-09-23,71.5124740600586,74.13037976438451,71.03252349734488,74.13037976438451,8404497
2020-09-24,69.52723693847656,72.01424400965446,69.15636574986303,70.7925569485078,20770480
2020-09-25,70.13809204101562,70.90164805969434,69.67995487904565,70.24717147225545,8761400
2020-09-28,73.36682891845703,73.75951361719741,70.24715892577397,70.24715892577397,16915185
2020-09-29,71.25067138671875,73.91220962848422,70.90161971347612,73.7376837918629,13468026
2020-09-30,70.87981414794922,71.22887180739649,69.94173241444491,71.0979729658775,14349950
2020-10-01,71.81790924072266,72.42875281062639,71.032533864043,71.88335570929496,14856837
2020-10-05,71.05435180664062,72.60327717471787,70.74892706913435,71.5561159457405,10360105
2020-10-06,71.2070541381836,71.73063768135196,70.61803004954021,71.16342710786692,8989183
2020-10-07,69.63630676269531,71.20704536275169,69.37451502337389,71.11978539493528,17614061
2020-10-08,69.069091796875,70.29078463347801,68.93819888342364,69.89809405725148,12953710
2020-10-09,68.93820190429688,69.52723187651175,68.37098544596768,69.24362068837891,11980039
2020-10-12,69.72357940673828,71.03253242338599,69.1781823164684,69.4617876198213,20670634
2020-10-13,70.0071792602539,70.68347515030338,69.46178221244146,69.81083987380346,11179799
2020-10-14,68.5237045288086,70.15989576907059,68.1964662807562,70.00718340305872,13362234
2020-10-15,67.95648956298828,68.5237001226318,67.45472546515954,68.3273607371875,15536883
2020-10-16,69.35269927978516,70.3344139159768,67.78196059622768,68.10919880829155,18673957
2020-10-19,69.70176696777344,70.85800763343167,69.54905459654977,69.7890269528032,18793008
2020-10-20,68.58914947509766,69.98536833635994,68.45825654595173,69.8108424581864,13701957
2020-10-21,71.44703674316406,72.49419797529843,68.61097186725084,68.76368423646437,36573148
2020-10-22,72.03605651855469,72.38510824020466,70.33441310118612,70.74891719883976,39056262
2020-10-23,74.23945617675781,74.78485317651197,71.86152880859139,72.03605466492549,29149043
2020-10-26,75.06847381591797,75.46115852166629,74.0213067100065,74.1958325883461,36760149
2020-10-27,75.70111846923828,76.50830718206781,74.8284833024898,75.06846152410722,23610507
2020-10-28,75.41751861572266,76.15926092766524,74.85030808395696,76.15926092766524,14060472
2020-10-29,74.87212371826172,75.61386605121415,74.28309373832145,74.63215139062588,17654072
2020-10-30,74.61032104492188,75.0466386080278,73.8685788204675,74.39216226336892,22904945
2020-11-02,75.50477600097656,76.0937999799487,75.0248254954244,75.28661721826519,13423596
2020-11-03,78.51536560058594,78.84260377290992,75.85382728209694,75.9192737329746,27441682
2020-11-04,77.2718734741211,78.53719345460205,76.20289288213006,78.51537993963765,19461431
2020-11-05,78.12268829345703,78.4499264964264,77.05370779658261,77.66455125853817,10248002
2020-11-06,77.86089324951172,78.29721083498961,77.27186332552937,77.77362736524174,8815864
2020-11-09,80.30428314208984,80.587888425193,78.14450845165672,78.49356019733187,15228920
2020-11-10,81.11148071289062,81.52597896585864,79.21349758590578,79.9770535401461,13815795
2020-11-11,82.74768829345703,83.33671255376552,80.23885517604354,80.23885517604354,15502357
2020-11-12,82.68221282958984,83.31487579233126,81.65687108146929,83.11853048170478,26079694
2020-11-13,82.39861297607422,82.87856360865581,81.24237230526671,82.28953355584828,11968619
2020-11-14,82.0277328491211,82.85674108709324,81.5914152156354,82.4640504826068,1162700
2020-11-17,81.50415802001953,82.57313270776301,81.08965388689364,81.59141799893135,16872514
2020-11-18,80.893310546875,82.76947397609993,80.60969935493046,81.50415404118522,16685757
2020-11-19,82.8131103515625,86.04185974198845,77.83908446265201,77.88271741075307,64832376
2020-11-20,83.70756530761719,84.64565304794023,82.50769169532582,84.4274942093418,27479934
2020-11-23,84.97288513183594,85.47464924056744,83.11852922054673,83.77301160672556,20909280
2020-11-24,84.86380004882812,86.26001287033704,84.31840302840986,85.08195885699543,15308572
2020-11-25,85.21286010742188,86.15094189068611,84.44930420417055,84.86380834739607,19854793
2020-11-26,86.23820495605469,86.8926814230511,84.14387671090407,85.14741084439399,24879552
2020-11-27,83.94754791259766,86.23821583608147,82.3331700564912,86.23821583608147,46793847
2020-12-01,83.92571258544922,85.71461599912237,83.6202938042452,85.0165066281845,18193922
2020-12-02,84.71109008789062,85.16922123078407,82.70402781257647,84.14387361990153,15836732
2020-12-03,84.4056625366211,85.12558541602581,83.3366820153069,85.08195838898146,21308517
2020-12-04,84.79834747314453,85.93277445654115,84.10024402299561,84.73290101443513,14838659
2020-12-07,84.427490234375,86.06368144682901,83.99117257772059,84.2093314060478,22078115
2020-12-08,83.59847259521484,84.90742541866713,83.38031379130614,84.64563958832571,15896364
2020-12-09,84.07843780517578,84.97289260789763,83.38032832737606,84.16570370912726,18701467
2020-12-10,84.10025024414062,85.25649082665879,83.55484726672003,84.20932965603737,13612880
2020-12-11,84.25294494628906,85.19103249223355,83.83844678960143,84.64563550874769,14876364
2020-12-14,84.77654266357422,85.95460271304086,84.1220661734121,85.51828505293277,20316890
2020-12-15,84.12205505371094,84.95105731474698,83.48939216300816,84.82016440119148,16084083
2020-12-16,85.60553741455078,85.88914268479029,84.01297928049527,84.95106098264279,35024972
2020-12-17,86.54576110839844,87.48599021956457,85.78462181062255,86.54576110839844,23058726
2020-12-18,86.81440734863281,87.21736098631237,85.98611004897826,86.5457695659483,20310375
2020-12-21,83.0534896850586,86.50099470333154,82.58337812470063,86.41145282515087,21609326
2020-12-22,85.20257568359375,85.53837135025913,82.8296159955422,83.03109582461887,23934507
2020-12-23,85.04588317871094,85.8294065239608,84.62053950506889,85.73985856971156,9836093
2020-12-24,85.06826782226562,86.07566106132556,84.82202005512084,85.18019972963954,12945145
2020-12-28,85.76224517822266,86.0980408842388,85.06826374217269,85.15781169285474,6879688
2020-12-29,84.9339370727539,86.25473577729525,84.62052535797318,85.78461820512416,8549660
2020-12-30,85.1578140258789,85.35929388408616,83.63554133143967,85.06826607274357,19132583
2020-12-31,85.0011215209961,85.51600715081638,84.19521410672918,85.29214330544274,23272111
2021-01-01,84.84440612792969,85.0235020423596,84.39667848724449,84.62054230758709,3074621
2021-01-04,84.37428283691406,85.24735404428839,84.17280299746032,85.06825815468775,7133203
2021-01-05,84.17280578613281,84.84439717630343,83.36689854700573,84.84439717630343,10478882
2021-01-06,87.82180786132812,88.47100935632105,83.72509471470111,84.1728223965012,54265234
2021-01-07,88.22473907470703,90.35144502122718,87.53076377386745,88.65008269308858,40129922
2021-01-08,91.13497924804688,91.33645910686604,88.44861351816193,88.98588909321673,29487917
2021-01-11,91.13497924804688,91.78418672851353,90.19475002804823,91.33645910686604,12726089
2021-01-12,91.20213317871094,91.67225080444888,89.52315467113452,90.01565624789579,31454127
2021-01-13,91.7841796875,92.50054504172056,90.70962861982214,91.24690415366106,23792586
2021-01-14,91.82894897460938,92.903500058512,91.15735758351731,92.20951864410037,12024674
2021-01-15,90.88874053955078,92.11999162173855,90.66487670642573,91.3140781788713,13530190
2021-01-18,87.6427001953125,90.44099763798606,87.10542465724153,90.10520194486524,26118654
2021-01-19,89.38884735107422,89.54555324127655,87.41884692870224,87.55316279305005,19382828
2021-01-20,87.82180786132812,89.81419240172129,87.37408017952805,89.54556065079751,21158179
2021-01-21,87.37406921386719,88.51577223009272,86.92634158825803,87.95611269808127,12509109
2021-01-22,86.94873046875,87.88895975036073,86.41146093118309,87.30691623315619,16720401
2021-01-25,85.1578140258789,88.11281753431652,84.88917623916738,87.06065641210157,9393599
2021-01-27,86.12042236328125,87.01587755361824,84.75485562709501,85.06826130009645,18874916
2021-01-28,83.85941314697266,85.4936179024883,83.18782165242965,85.4936179024883,16072463
2021-01-29,82.58338165283203,84.62053993167395,81.93417416298855,84.48622407231753,13415015
2021-02-01,84.57577514648438,84.82202292195188,81.7103133627088,82.58338469881149,9485240
2021-02-02,86.94873046875,87.59793799175846,84.71009221381726,85.51599955651508,10803602
2021-02-03,92.45578002929688,94.02282673672939,87.08304846095683,87.08304846095683,73411707
2021-02-04,91.94087982177734,92.97065691995945,91.42599430903333,92.45577140721544,23523019
2021-02-05,92.72441864013672,93.26168815809297,90.10521076292906,92.0752111408247,28755118
2021-02-08,95.16452026367188,95.54508992630137,92.09758508510805,92.45577079751571,28436890
2021-02-09,94.3586196899414,97.35839715662013,94.02282397677713,94.02282397677713,27738169
2021-02-10,94.22429656982422,95.81373323565732,92.67963995241358,94.2690705455523,34189378
2021-02-11,95.70181274414062,96.1719243636054,93.2840845661737,93.50794839881316,20504448
2021-02-12,95.20930480957031,98.05237651085577,94.26907556004433,98.05237651085577,25066544
2021-02-15,95.11975860595703,96.4629476105247,94.71680494093415,95.81374009770823,8599603
2021-02-16,100.9849853515625,102.93260776263045,95.5003220717983,95.54509604780465,80200957
2021-02-17,102.99974822998047,103.5146397880856,99.48509170151944,100.9625902375162,39034960
2021-02-18,105.88760375976562,106.69351102643493,102.3057828897787,103.42510191164962,44291912
2021-02-19,103.9623794555664,105.70852202116932,102.41771674682366,104.54442292897106,36335681
2021-02-22,100.71634674072266,104.72351104660301,100.11191328778344,104.07430362072496,25800846
2021-02-23,101.23123931884766,102.57441609197627,100.58203184762208,101.07453343896275,18293559
2021-02-24,99.73135375976562,102.17147176956617,99.2164682003906,101.25362648549407,11421326
2021-02-25,101.88044738769531,104.23101130897943,98.85827989417122,100.15669484423879,30696079
2021-02-26,95.94805145263672,101.74612659847901,94.56009460705766,99.17169276671099,38070699
2021-03-01,101.74612426757812,102.4400996381221,97.33600606834624,97.38078004415104,31441940
2021-03-02,100.76112365722656,102.68635001162247,99.99999033993508,102.52965020135584,18223787
2021-03-03,101.85806274414062,103.04454585241254,100.15670013531624,102.97738184802373,19350542
2021-03-04,100.80587768554688,102.9549734993814,99.86564864653761,99.86564864653761,22865747
2021-03-05,98.61203002929688,101.18646377729455,98.20907639632306,101.18646377729455,17342685
2021-03-08,100.39047241210938,102.10050731289904,98.95404433245047,99.34165348030054,15749448
2021-03-09,98.49803161621094,101.27968952888361,97.24400606570474,100.55007342613018,12585004
2021-03-10,98.11042022705078,99.84325920439464,97.58601079134974,99.41004791380325,10661165
2021-03-12,100.34486389160156,100.73247301491217,98.2244219858716,98.36122848028681,18173078
2021-03-15,102.21451568603516,103.28613885759209,100.20807585409037,100.7780875214055,30092241
2021-03-16,102.35131072998047,103.6053362575754,101.91809943734806,102.67051351690067,14767699
2021-03-17,100.52725982666016,102.60209930496382,100.02564844733878,102.57930131795776,12571132
2021-03-18,100.80086517333984,101.91809028984004,100.39045809269406,100.77806718525665,14232655
2021-03-19,104.97335815429688,105.83976832039626,99.93445215445155,101.18847761094833,70334403
2021-03-22,101.94088745117188,106.8885951069628,101.32527992770643,106.8885951069628,29180881
2021-03-23,99.8660659790039,102.1461125826321,99.63806131864109,101.94090591429666,38455903
2021-03-24,100.80086517333984,102.10049274956916,98.90842805673564,98.97682820600642,24398959
2021-03-25,98.68043518066406,101.8725002534139,98.20162789376036,100.80087717055778,20272124
2021-03-26,97.85960388183594,101.23407084844378,96.742378826902,100.02564766118148,25184863
2021-03-30,100.93768310546875,102.00930618232714,98.22442533480834,98.9084392751407,53328751
2021-03-31,98.33842468261719,100.82367773129994,97.88241540286047,100.27646412158322,20694060
2021-04-01,99.72926330566406,100.0256681201435,97.92802405725335,98.79444050920173,11229344
2021-04-05,97.65442657470703,99.86607317663037,97.2896215658429,98.13324010699174,14484908
2021-04-06,95.39716339111328,99.86605809231747,95.07796060282698,98.13322528441533,25301732
2021-04-07,96.01277923583984,98.58923669812546,95.55676994127911,96.17238372594048,22841720
2021-04-08,95.30596923828125,97.35801110546723,95.07796458637169,96.65119297353439,20468881
2021-04-09,94.98676300048828,96.42319111208387,94.84996267939239,95.48837448621019,11773021
2021-04-12,91.72630310058594,94.23435449400503,90.51787957530671,94.23435449400503,18544315
2021-04-13,95.19195556640625,95.4883603415558,92.31909358374882,93.55032103131933,19831072
2021-04-15,94.75875091552734,96.40038556513042,94.41674395456927,94.80435308065942,10159348
2021-04-16,95.6935806274414,97.95082302326263,94.5079551727057,94.62195750133372,22020846
2021-04-19,91.74909973144531,94.39395759988295,91.2018922374745,93.869541913755,18404990
2021-04-20,92.88911437988281,93.80113296948329,91.95429779955109,93.48193017413627,14467660
2021-04-22,92.77511596679688,93.43633194613726,91.74909501024798,93.02592480052213,11626459
2021-04-23,96.28639221191406,97.08440852846842,93.02592678413932,93.162727107254,38318040
2021-04-26,98.4068374633789,98.70324848126828,94.9411652555706,94.9411652555706,19139358
2021-04-27,98.79443359375,100.55007055126701,98.40682447039872,98.52082678991253,15270611
2021-04-28,100.73248291015625,101.09729407941163,98.63483878826031,99.77486209526656,16383579
2021-04-29,100.39047241210938,101.98650498617974,99.88886093753999,101.73570234140608,14761969
2021-04-30,100.34486389160156,101.37088476711817,98.79443358338082,99.29604502619327,16897105
2021-05-03,100.6868667602539,101.62168945320998,98.84003173335027,99.18203867796365,15528063
2021-05-04,99.432861328125,101.09730040857357,98.81725365181954,100.96049389215473,20857434
2021-05-05,99.50125122070312,100.48166992693531,98.86283328639226,99.43284488129721,23178237
2021-05-06,98.22442626953125,100.04846346110874,97.40361200733015,99.61525833912225,18823613
2021-05-07,97.83683013916016,98.86285119585756,97.35802278671048,98.65765069553174,12509591
2021-05-10,100.25366973876953,100.39047005360999,98.01922542456983,98.22442589683051,17845577
2021-05-11,101.87248992919922,102.69331029001958,99.59244367973373,100.32205971656694,22995780
2021-05-12,103.03532409667969,107.1622056093379,101.71289223580773,101.87249672091521,55645370
2021-05-14,104.35774230957031,104.8821579235047,102.07770212103937,103.85613705540604,18820793
2021-05-17,104.15254211425781,105.33816121312347,103.55972637980369,105.31536322469192,10996347
2021-05-18,106.29579162597656,109.37386688696418,104.19815371498117,105.2925810242232,52885042
2021-05-19,106.59220123291016,108.53024080550692,105.52058429960965,106.79740789695867,28081040
2021-05-20,104.40335083007812,107.13940648282282,104.1525482025852,106.70619519712959,10707136
2021-05-21,103.94734191894531,104.54015150510908,103.05812135467801,103.99293789863356,21702883
2021-05-24,105.33817291259766,106.88860947873876,104.15255368205018,104.42615431370147,22028927
2021-05-25,106.20458984375,106.91140174604556,105.40657361243879,106.25018582323618,9165363
2021-05-26,102.87571716308594,106.61498946149305,102.57931237495329,106.34138884784541,18322114
2021-05-27,104.10694885253906,104.69975848787051,101.8041042864182,103.37733889675332,51194207
2021-05-28,102.80732727050781,105.3381764944944,102.51091626776989,105.3381764944944,15307498
2021-05-31,102.89852142333984,103.33173272971841,102.03210499560464,103.05812591437521,13102261
2021-06-01,102.32849884033203,103.97013337151678,102.10049421614029,103.19491517525637,15733731
2021-06-02,103.7193374633789,104.03854643188966,102.19170514554318,102.23730731033353,7995532
2021-06-03,103.1949234008789,105.54337616526496,102.8985186028076,104.44894893389129,10291328
2021-06-04,103.12651824951172,104.03854295981667,102.51090450794106,103.05811809711975,6142487
2021-06-07,107.73221588134766,108.43902778308062,103.46852792616009,103.65093039902456,18058790
2021-06-08,106.72899627685547,108.96344673930491,105.81697769953628,108.96344673930491,22511761
2021-06-09,110.39987182617188,111.95029585750363,106.61498514694196,107.61820797312288,39865778
2021-06-10,110.1946792602539,113.09033342576049,109.55626127933324,113.09033342576049,32690784
2021-06-11,112.31511688232422,113.4551401731915,111.2662979287352,113.4551401731915,29142097
2021-06-14,113.4095458984375,113.91115120595957,110.39988931321592,113.06753890602393,18732629
2021-06-15,112.90792846679688,114.68635721435199,112.65711346992393,114.25314592980436,15026686
2021-06-16,110.42268371582031,112.86232856771291,109.87547007173814,112.56592993928302,30706682
2021-06-17,109.37385559082031,111.28908462912216,107.96021943154616,111.28908462912216,22261167
2021-06-18,106.25019836425781,111.72231031056691,104.92776636254855,111.26630098170781,49278209
2021-06-21,107.09380340576172,107.36740400488628,104.15254129998166,105.74857365830732,11719831
2021-06-22,106.72899627685547,108.07422615240998,105.81697769953628,105.81697769953628,10961545
2021-06-23,105.90818786621094,107.61822279289751,105.79418553776516,107.50422046445173,10721151
2021-06-24,105.40658569335938,106.22740000848933,104.0157473490605,105.90819100537082,12964208
2021-06-25,105.26976776123047,106.15898837922829,104.6085641655816,105.54338076602276,7736431
2021-06-28,105.72576904296875,106.02218001648993,105.2013658044877,105.79417538148691,9989595
2021-06-29,107.61823272705078,108.48465545123516,105.63459697700424,106.06779596905096,61089570
2021-06-30,105.97659301757812,108.34784389654934,105.79418434610182,108.14263723364952,17437744
2021-07-01,105.24695587158203,106.22738069504024,104.97335527296424,106.04497204926676,15924813
2021-07-02,103.94734191894531,105.38376371964482,103.78773124994981,105.24696341053676,9549992
2021-07-05,105.01895904541016,105.29257203438188,104.12973847882789,104.56294976716728,6849185
2021-07-06,104.33494567871094,105.11016392982397,104.10694103838613,104.60855866912677,5343938
2021-07-07,105.31536865234375,105.54337328849498,104.33494376887623,104.33494376887623,7228897
2021-07-08,105.40658569335938,106.31860434795814,104.67696334765355,104.92776600365927,8740010
2021-07-09,104.99617004394531,105.54338369869092,104.88216771462517,105.36097502376091,2990856
2021-07-12,104.42615509033203,105.68018067314064,104.06135012206924,105.20137337916798,5578309
2021-07-13,104.26654815673828,105.74857826836332,104.1069374919221,105.06456437069022,8264289
2021-07-14,104.85935974121094,105.54337365202056,104.17534583040131,104.26655015918458,9228746
2021-07-15,105.06456756591797,105.54337483484204,104.56294993701002,105.33816818529075,5376823
2021-07-16,106.63778686523438,107.84621637063407,105.11016076901339,105.6345763740079,15903784
2021-07-19,106.31858825683594,107.00260214426076,105.56616803265149,106.63778484159994,13725925
2021-07-20,105.47496795654297,107.7550143398215,105.3153696577308,107.1166087745295,14178067
2021-07-22,106.36418151855469,106.93419307685302,104.28934192035723,106.93419307685302,10378326
2021-07-23,106.25019836425781,106.68340970068289,105.81698702783272,106.59220536090213,6660369
2021-07-26,106.11338806152344,107.32181761738651,105.81697707761934,106.45539502600805,12963701
2021-07-27,105.72576904296875,107.09380922303,105.17856781499601,106.25018465149294,10832912
2021-07-28,104.01573944091797,105.97658929526094,103.69653664709027,105.79418063019153,13828088
2021-07-29,101.78128051757812,105.52055933548154,101.62927741416777,103.97012273267829,28609665
2021-07-30,104.06132507324219,105.30774307527908,102.26768725039065,102.78449531806663,34142169
2021-08-02,103.97013092041016,104.57814338193302,102.93650849881676,104.27413715117159,9575755
2021-08-03,106.06776428222656,106.52377360823793,104.03092510005138,104.91255055236681,20959435
2021-08-04,106.55416870117188,107.37498293327778,105.70294890230362,106.79737612514045,23323277
2021-08-05,106.52377319335938,106.85818497914981,105.33815389836532,106.5541787629929,6621382
2021-08-06,106.40216064453125,107.31417916434151,106.12856003660531,106.70616681780133,5340311
2021-08-09,107.28378295898438,107.61819472677442,105.82456309601241,107.61819472677442,16415005
2021-08-10,104.94293212890625,107.07097541459687,104.18291666973101,107.07097541459687,11925263
2021-08-11,107.22296142578125,107.61817187560388,104.91252221996821,105.15571723212862,31279965
2021-08-12,113.69831848144531,114.1239222122353,107.19259076769035,107.61819449848034,58107755
2021-08-13,112.33029174804688,113.8807283277696,111.6310750087593,111.99587997750463,26776843
2021-08-16,109.86784362792969,112.05669832127276,109.68544731684766,111.87428964014589,21308655
2021-08-17,111.41828155517578,111.72228778042864,110.05025354153788,110.08065911208115,15962459
2021-08-18,109.80703735351562,113.09030679911153,109.53343672056764,111.69187332615869,25227527
2021-08-20,108.59101867675781,109.47264413164359,107.6486068222802,107.80060993139382,18720467
2021-08-23,106.79737854003906,109.38143119179328,105.91575315447315,109.13822376232531,13112745
2021-08-24,107.3749771118164,109.01661785706816,106.67576044458193,107.80059317319697,11029463
2021-08-25,106.7061767578125,107.89179599599281,106.43257612439982,107.7397928951982,12001351
2021-08-26,105.24693298339844,106.6453663054885,104.33491447856822,106.6453663054885,12115246
2021-08-27,106.00696563720703,106.3109718549048,104.4261357791875,105.67256621976627,8051699
2021-08-30,106.7061767578125,107.22298482650535,105.06454821724837,106.52376808884138,14512401
2021-08-31,106.61497497558594,107.64860350775972,106.37176753448362,106.70617931225485,43248333
2021-09-01,106.79737854003906,108.10460764964111,106.18936615139101,108.10460764964111,11817591
2021-09-02,106.85816955566406,107.07097140225,105.9157454735856,106.64536770907813,13545023
2021-09-03,106.73657989501953,107.49659538168288,106.03736317328048,107.01018052220084,12286475
2021-09-06,105.85494995117188,107.22297776826926,105.18613882571067,106.82776725821027,13950485
2021-09-07,105.18614196777344,105.88535868029625,104.85173021003187,105.85495311321299,12485031
2021-09-08,106.94955444335938,107.41361095317002,105.30989188519663,105.95956974009769,25370295
2021-09-09,107.35173797607422,107.75392279739864,106.36175328474063,106.67112428755352,5078350
2021-09-13,107.59923553466797,107.84673485053456,106.8567375870682,107.81579271542444,7522483
2021-09-14,107.72298431396484,108.34172634056814,107.35174161567063,107.5992409439797,8434427
2021-09-15,110.07421112060547,110.75482484500193,107.5064291442407,107.66111465380075,20064238
2021-09-16,111.03325653076172,112.3944966022686,110.32171323948828,110.72388550382917,16214883
2021-09-17,110.63107299804688,111.62105766572793,109.36264688148371,111.09512949117907,21219226
2021-09-20,109.51734161376953,110.87856907306832,108.34172921437198,109.64108498703702,7833069
2021-09-21,108.83672332763672,110.38357837041626,108.55828186693326,108.9295371478712,9481007
2021-09-22,109.3626480102539,109.79576237297906,108.77484814822147,108.77484814822147,9165634
2021-09-23,110.29076385498047,110.6001348615863,109.51733633846587,109.51733633846587,10295913
2021-09-24,108.99140930175781,111.0641925503501,108.77485211250284,110.32170716195061,7093411
2021-09-27,108.89859008789062,109.61014589306433,108.34171978000086,109.2079610824585,5205649
2021-09-28,113.81758117675781,116.88036150361127,108.96045919448011,109.42451567536659,38873626
2021-09-29,120.68560028076172,121.45902757661808,112.8894430678616,113.53912703171491,53686662
2021-09-30,117.49909973144531,122.5109070475409,116.72567228796336,120.62373905011002,23618199
2021-10-01,118.70564270019531,119.72656945351291,117.34441542133014,118.0559711941477,16994903
2021-10-04,118.58191680908203,119.44815819973701,117.59193204333604,118.79847400966096,10757286
2021-10-05,117.53004455566406,120.71656855474089,117.15880185219682,118.58191356855002,17200858
2021-10-06,116.07601165771484,118.89129315625969,115.5500834075306,118.76753718729056,8929507
2021-10-07,116.50912475585938,118.52003627519927,116.07599779869086,118.17972313659104,6733699
2021-10-08,116.13785552978516,117.65378081525685,115.70474121298572,116.94222507622621,8165175
2021-10-11,119.69564056396484,120.71656743024386,117.12787121237125,117.56098559765867,12982042
2021-10-12,119.63375854492188,120.43812814907706,118.58190222103067,119.97407166706546,8539966
2021-10-13,123.3771743774414,126.53275649610664,120.12877842827486,120.71657837421662,33075614
2021-10-14,126.62553405761719,127.42989098544574,122.66558332663118,123.87212501254218,19185455
2021-10-18,126.09963989257812,129.9048935823187,125.07871295138492,129.81209234176092,38546365
2021-10-19,122.9130859375,126.71835129449263,121.89215924342831,126.22335271908312,16174177
2021-10-20,120.25249481201172,123.90307481486107,119.63375286537072,123.74838932820083,21909934
2021-10-21,120.06690216064453,122.10874341214236,119.72658899122516,121.42812966164308,16946547
2021-10-22,120.31436920166016,121.89216623650316,118.33439996310268,121.21155259752011,7705870
2021-10-25,119.20063781738281,120.65467886553077,117.87034012248007,120.31436576160087,7862419
2021-10-26,117.80847930908203,119.38626385596412,117.37535235611067,119.16970667364754,8525850
2021-10-27,117.71566772460938,118.70565242565063,116.66381134006652,117.65379604110775,9862679
2021-10-28,115.02413177490234,118.24158490060897,114.6219469871047,117.99408560132294,11095238
2021-10-29,114.49819946289062,116.72566789869097,112.17791721969508,115.64286951853306,12988035
2021-11-01,116.16880798339844,116.63286447334544,114.18883866162643,114.21976820795346,5475153
2021-11-02,114.7766342163086,118.33440050603245,114.56007704677552,116.72567391878134,10946890
2021-11-03,113.81758117675781,115.8903768620543,113.22978133630335,114.77663627259165,13957727
2021-11-04,114.49819946289062,114.99318545510357,114.00320088234085,114.43631519906928,830214
2021-11-08,117.03504943847656,117.77753478804738,114.21976836037278,116.07599432263778,11947323
2021-11-09,115.42632293701172,117.77753493922937,114.65289545174184,117.77753493922937,10381150
2021-11-10,114.09601593017578,115.39537148282437,113.57008780033432,115.05505838145444,13857851
2021-11-11,112.703857421875,114.6219550974714,111.8066739720228,114.46726959801462,8851354
2021-11-12,112.61103820800781,113.66289451857176,111.55918189744386,113.66289451857176,9590673
2021-11-15,116.50912475585938,116.78755362320187,112.6110450830344,112.7347884488892,24821341
2021-11-16,116.07601165771484,118.39629445706285,115.39539788757406,116.94225308713939,23206330
2021-11-17,118.2106704711914,119.9122110623906,115.70476020154433,115.70476020154433,18359498
2021-11-18,119.10783386230469,120.31437571544474,118.21066300620957,118.70564904847863,10742933
2021-11-22,120.15969848632812,121.89218122434475,118.79847104098575,120.28345444666586,25095721
2021-11-23,124.89308166503906,125.23339483166285,119.51003080545507,119.57190249347593,19671538
2021-11-24,125.7902603149414,128.3580296806223,124.98589063689316,125.1096340081288,18120478
2021-11-25,126.3780746459961,126.84213122364356,124.52184833540619,125.35714765750357,18537454
2021-11-26,124.9858627319336,126.81114628600116,124.24337749361297,126.25428865142872,12814537
2021-11-29,123.90308380126953,126.22336626945811,122.82028531611488,123.12965631187335,16066147
2021-11-30,127.92491149902344,129.6264520389137,123.934030540798,123.934030540798,37739647
2021-12-01,128.20333862304688,129.16239376779578,126.65648360786369,128.07959525716757,20332817
2021-12-02,132.7201690673828,133.6482821377841,127.77023269190933,129.3170878092448,33758843
2021-12-03,127.52273559570312,133.92671337630497,127.1514928786887,131.88487213855595,47614182
2021-12-06,124.9858627319336,128.69831410020885,124.58367798270322,128.29612935097848,11322446
2021-12-07,127.33707427978516,128.04861731714024,125.07866407143672,125.35709286098133,8049102
2021-12-08,126.71837615966797,128.4817884745409,125.94494860153607,126.93493335827708,8788449
2021-12-09,125.72837829589844,127.73928993874544,125.04776456521805,127.15149003232581,5755422
2021-12-10,125.3880844116211,126.37806921707342,124.89308571472503,126.37806921707342,6164402
2021-12-13,126.47085571289062,129.71925091482274,126.03772879963078,127.1514693327709,21648126
2021-12-14,131.3280029296875,131.88487330430107,125.72838222173134,126.28525259634492,48042035
2021-12-15,129.84300231933594,133.43171084790254,128.5745888100758,131.85391375950874,15207306
2021-12-16,128.8220672607422,131.04954832212206,127.64646764187029,130.80204902770907,13410737
2021-12-17,129.90487670898438,130.2451898412921,126.87305100662715,128.82207821861732,15209414
2021-12-20,129.84300231933594,131.57548490312763,128.38896118026318,130.39987262043599,22539246
2021-12-21,127.83209228515625,131.0186160430685,126.71836425904442,130.8329884112142,17566511
2021-12-22,126.54497528076172,127.45536564009033,124.31607091989106,125.44622212869197,14750231
2021-12-23,130.81442260742188,131.59924637249378,126.858918495754,127.14144994165017,15932489
2021-12-24,128.9622802734375,131.03420793762965,128.61695260915818,130.72027834240404,8975969
2021-12-27,129.40176391601562,130.12380446904103,128.711121428967,128.96226763530103,8648187
2021-12-28,129.08779907226562,131.00277400165115,127.64373113470074,129.7470560869913,15736206
2021-12-29,128.45994567871094,129.27616746812078,127.26701105335185,127.45537385823835,17172943
2021-12-30,128.93084716796875,132.729399347489,126.60777390411594,128.4599529030939,87481206
2021-12-31,128.33441162109375,129.46455041628576,127.80073390332305,128.08326540866432,9842223
2022-01-03,128.7111053466797,129.9354253855693,128.17742770854383,128.96225152163333,7410054
2022-01-04,132.2271270751953,133.73399150608552,129.02504814319516,129.52734054476736,14784090
2022-01-05,131.00279235839844,132.6980066712016,130.6260794859783,131.85039951480002,9565107
2022-01-06,129.30755615234375,131.03416840517284,128.4913471153008,130.43770746372513,5615931
2022-01-07,128.83665466308594,130.90859435960178,128.39715849658785,129.93540785315454,11908249
2022-01-10,128.083251953125,130.12379395728018,127.73792435058387,130.12379395728018,11085710
2022-01-11,127.98907470703125,129.21340761371346,127.76932657726553,128.42858374038872,7208789
2022-01-12,128.67971801757812,129.77847144754855,128.3030051106392,129.33897518509085,11018139
2022-01-13,130.59469604492188,132.79220294952393,129.68430543683158,130.34354984391635,20522807
2022-01-14,130.43771362304688,131.63064833609718,129.68428789576492,130.5632803196523,14183654
2022-01-17,129.55874633789062,131.56790348828653,129.21343143426444,131.31675724775852,7574539
2022-01-18,128.80528259277344,130.50049686468458,128.45995501665374,129.49592497118817,8475422
2022-01-19,128.49136352539062,130.21797599873156,126.2310733877822,129.33897073026557,13724367
2022-01-20,134.76992797851562,135.20942413987675,128.96223261317812,130.0295877329541,30170343
2022-01-21,135.05247497558594,137.65809250827255,133.7339735656194,134.2990492481264,29509593
2022-01-24,134.36184692382812,136.716318540484,132.79219917939088,135.8687113132531,12850189
2022-01-25,137.4069366455078,138.25454372254734,133.07470708374336,134.0478936223815,27389035
2022-01-27,134.89552307128906,137.68950368897507,133.3258753446652,136.8732817616003,28512473
2022-01-28,131.9759521484375,136.55932780022746,131.3794912284947,136.55932780022746,18932049
2022-01-31,135.2408447265625,136.08845190685744,132.60382899763616,133.10612135757222,19907759
2022-02-01,133.70257568359375,136.2768079324812,132.66661850040578,136.24540987136805,8622355
2022-02-02,134.36184692382812,136.74771660490316,133.89095260049697,134.89552460217158,9921099
2022-02-03,132.6666259765625,134.98969941510626,132.47826314691824,134.36184034805925,4594389
2022-02-04,131.66204833984375,133.95373661273112,131.28533543409574,133.10612938134156,7329263
2022-02-07,134.14210510253906,134.5502160900498,131.85041673312654,132.50967392632282,7869237
2022-02-08,131.8817901611328,135.24083330989606,130.90860358609498,134.36182814112385,9074237
2022-02-09,131.44227600097656,132.88635677651135,131.03416510581903,132.22709973250116,9833985
2022-02-10,133.1374969482422,135.42917192235177,131.88177903417747,131.88177903417747,19180334
2022-02-11,130.46913146972656,133.10613468893905,129.99823712530815,131.9759831528042,20071130
2022-02-14,126.73336029052734,129.93543923445412,126.35664737485827,129.93543923445412,12109375
2022-02-15,127.7379379272461,127.98908413998501,124.9439698418216,126.82754727662292,19046061
2022-02-16,126.67317962646484,129.70610315521375,126.28598672599186,128.1573709395521,20270061
2022-02-17,127.12486267089844,128.31867220728816,126.47955879947256,127.93149251018079,16405551
2022-02-18,126.2859878540039,129.15759853819677,125.99560630479883,126.99583275871589,14600643
2022-02-21,127.86698150634766,128.41548724319568,126.18919384650668,126.285978936912,10682638
2022-02-22,127.86698150634766,128.06056481590088,123.76930401152184,125.31802300291805,13606058
2022-02-23,127.80244445800781,128.73812987477393,127.5120498216468,127.99602775350684,6493463
2022-02-24,123.31757354736328,126.47956530575547,122.54321411331446,125.18895749651307,13145037
2022-02-25,127.3184814453125,127.7056612104219,123.99516329803245,124.25328751768643,10920938
2022-02-28,134.96533203125,135.67516379395965,126.51185239444993,127.41526747676586,31938385
2022-03-02,136.09461975097656,137.54655378858567,133.061682995169,134.06190947257502,20502615
2022-03-03,140.57948303222656,141.5474390959721,135.965556502624,135.965556502624,19805555
2022-03-04,138.7726287841797,140.3536183136871,136.12687191297297,139.35339187420718,12794317
2022-03-07,137.32069396972656,138.86941303874207,134.7717353385473,135.8364895450529,17635653
2022-03-08,137.03028869628906,144.16090246725153,135.38477153058082,138.09504282041925,28410490
2022-03-09,134.28775024414062,139.38565410810213,133.31979431283438,138.8371483727771,22830958
2022-03-10,134.77175903320312,136.41728974426718,133.61021952722749,136.15916547780188,16516553
2022-03-11,137.09483337402344,137.44975583542467,134.06190974088955,135.06213622029745,12992850
2022-03-14,137.70785522460938,138.09503493981384,135.2556951470787,137.09480864085597,12598659
2022-03-15,135.28797912597656,138.77262316885478,134.4168213974427,137.57880032851057,14528285
2022-03-16,135.0944061279297,136.67540899656203,134.8362818709341,136.32048650209995,11933774
2022-03-17,136.5140838623047,137.288443509568,134.0619230980623,136.80446544784215,28464621
2022-03-21,132.2227783203125,139.38564934126813,131.96465412170988,139.38564934126813,17797415
2022-03-22,134.67495727539062,135.19120579484036,131.67430378341777,132.2873374126123,13285297
2022-03-23,135.57835388183594,135.9010058487745,134.41681467810238,135.1911741472581,9408783
2022-03-24,135.99781799316406,136.2881995416521,134.22323199325328,135.51383999318838,11188958
2022-03-25,135.28797912597656,136.0300813127805,133.38432454863226,135.99781086297662,9842670
2022-03-28,136.99806213378906,137.28844371977112,133.90059728250296,135.2880036873237,12823578
2022-03-29,136.3527374267578,138.3854344786713,135.32024054666712,137.9982547130089,10470515
2022-03-30,140.09548950195312,141.12797322997847,136.6753863323227,137.51427361751826,54218485
2022-03-31,139.90188598632812,140.1922674798994,138.57900778507894,139.09525613891788,10326026
2022-04-01,145.22567749023438,145.67738506063014,139.4501985330648,139.4501985330648,39663961
2022-04-04,146.7421417236328,147.19384930137218,144.58037580946123,145.83871343940973,9907530
2022-04-05,150.3880615234375,151.38827457398378,146.41944037774772,148.38760916486515,17167487
2022-04-06,152.71119689941406,153.8727362425042,149.16202483727523,149.29108038803733,17153675
2022-04-07,149.29107666015625,154.80843107048,148.41991889240603,152.2594724122557,11913911
2022-04-08,150.0977020263672,151.0656579893,148.8070940757901,150.35582624223122,6746769
2022-04-11,149.00070190429688,152.0013682444036,147.3874418428141,150.03318571789706,12413822
2022-04-12,150.42037963867188,150.77530213704011,147.51651125518885,147.9359615363299,14769907
2022-04-13,148.09727478027344,151.8723007273551,146.83893717416092,151.61417648978883,11015439
2022-04-18,149.12973022460938,149.58145083658064,146.8389092328852,148.0972465995547,19069923
2022-04-19,147.03250122070312,150.58167291767694,146.16134352083077,150.16222272774067,15036942
2022-04-20,146.4840087890625,147.77461679601458,144.1931743252251,147.29063879340754,9814641
2022-04-21,146.6453399658203,147.54876822832225,145.35473191331585,145.90323770988144,11134333
2022-04-22,145.48377990722656,148.54897387264657,144.99980191268656,145.22566881313324,12032249
2022-04-25,143.80596923828125,146.41945524386938,142.9348116126656,144.5158008914221,11042683
2022-04-26,149.45242309570312,149.83960292000967,144.77396849086492,146.48402693769276,15389155
2022-04-27,147.96820068359375,150.25902182415876,146.77437787554362,149.29106590114026,12680209
2022-04-28,152.03359985351562,152.4530500243044,148.452171000031,150.6139364910294,18378146
2022-04-29,146.96798706054688,152.51759887484516,146.51627950878466,151.71096886902438,9026331
2022-05-02,149.42015075683594,150.51716233694742,145.77418042603355,145.77418042603355,12634353
2022-05-04,153.32421875,154.5180284539869,150.2912953800071,150.35582315046048,23124643
2022-05-05,150.8397979736328,155.29239784437837,150.25902179418904,153.8404639601402,16481935
2022-05-06,153.84046936035156,154.3244473387532,149.35559888325056,149.35559888325056,17715186
2022-05-09,158.19627380371094,159.03516110301555,152.0658859750728,154.22765168889657,54118806
2022-05-10,157.2283172607422,160.26124071347016,156.48621505842783,158.61572344267893,30997494
2022-05-11,154.35670471191406,160.03538491189792,154.03405272620458,157.45416902622216,15412618
2022-05-12,152.22718811035156,156.09901139525033,149.8072985572898,154.22762751513437,26538994
2022-05-13,152.4853515625,154.77617305217697,150.42037073478693,154.77617305217697,15074553
2022-05-16,151.77549743652344,153.51782613544333,150.35583387036084,151.9690938904291,7960529
2022-05-17,154.00180053710938,154.42125075825876,150.1945043531079,151.58191056364362,15470937
2022-05-18,147.06478881835938,153.74368280118242,146.54854035074032,153.2597047860685,19181550
2022-05-19,147.3229217529297,148.19407960583575,143.03164713973214,143.90280499263818,15085602
2022-05-20,147.806884765625,150.42035805856986,146.32268033105632,148.9038963016152,15148281
2022-05-23,144.93528747558594,149.71054008686414,144.6771632289976,149.71054008686414,11572501
2022-05-24,146.4840087890625,148.19406702402273,144.93527655497127,145.1934007821104,16336858
2022-05-25,145.09658813476562,148.0327263102578,143.61239695152983,147.3874223709182,11062614
2022-05-26,146.61305236816406,147.839132500415,144.48355720780003,146.4839968295029,14150454
2022-05-27,144.99981689453125,147.54877580638785,144.16092949456473,147.51650535192022,8430491
2022-05-30,147.29061889648438,148.35537298413502,144.74167367857862,144.87072921034277,9305758
2022-05-31,150.2913055419922,151.74323955470817,147.2583688381838,147.29063928996382,26351545
2022-06-01,147.9036865234375,150.35584722321096,147.22612513208193,149.80734139342462,10282009
2022-06-02,145.54832458496094,148.0327423956291,144.90302057550198,148.0327423956291,10071898
2022-06-03,145.83868408203125,147.19381967120444,145.19338017016386,145.83868408203125,16082518
2022-06-06,145.0643310546875,146.77437599376864,144.25770112918042,145.83869053167737,12693293
2022-06-07,145.1934051513672,146.0000351799859,144.35450467010614,144.5158306758299,9103195
2022-06-08,144.9029998779297,146.16133726513945,143.9350440020016,143.9350440020016,11240130
2022-06-09,145.09658813476562,145.64509385745586,142.61217059405652,144.99978991811622,9468041
2022-06-10,144.83848571777344,146.77439782696396,143.28976653341638,143.28976653341638,9019239
2022-06-13,143.4833526611328,145.51606304111456,142.9348468452633,143.1607006366514,10186775
2022-06-14,144.51583862304688,146.67761772162078,143.25750096070075,143.48335475538536,17023962
2022-06-15,143.41879272460938,146.03227878841045,143.19293898386223,144.7094005331548,5898563
2022-06-16,139.6115264892578,144.74170148674617,139.15981891255817,144.12865477123168,11883333
2022-06-17,136.3849639892578,139.9664055535681,135.67513239084448,138.22407730792787,19675226
2022-06-20,134.38455200195312,136.09461015137603,133.15847183092862,134.93305775172274,7402273
2022-06-21,135.73968505859375,137.5465413940754,133.77151586221325,134.90079778970363,9459619
2022-06-22,135.93328857421875,136.32046834376598,134.35228591618116,136.0300867987914,10257637
2022-06-23,134.5781707763672,136.6108681199467,133.02943836275105,135.57838422045097,13114525
2022-06-24,134.83624267578125,136.80442479340934,134.06188325863582,136.80442479340934,9499105
2022-06-27,136.5140838623047,137.67562333319964,135.28800348018348,137.67562333319964,17545390
2022-06-28,135.70742797851562,136.51405792815316,134.44907737983547,135.2234500087331,6770087
2022-06-29,136.2236785888672,138.7403669405137,134.5136202775725,134.93307052430427,41502918
2022-06-30,136.73992919921875,138.5790430941607,135.77197313569724,136.4818049565308,22260722
2022-07-01,133.2552490234375,137.3851964131082,132.4163487417694,136.191386880535,11133663
2022-07-04,135.9655303955078,136.90122895470904,132.31957375846534,132.31957375846534,20178279
2022-07-05,138.19186401367188,139.35340341869588,136.12688319016627,136.15915364394934,20083997
2022-07-06,135.80421447753906,138.1918470304675,134.3522805531374,138.09504880975882,19203527
2022-07-07,137.15936279296875,138.9339486938817,136.86896813193735,137.61107031624948,14069302
2022-07-08,141.19252014160156,141.57969991500306,137.22389792456337,138.09505569690262,17142257
2022-07-11,140.06324768066406,142.77351940775418,139.51472874152577,141.96688935460304,10826079
2022-07-12,137.77239990234375,139.99869338463145,137.54654613480983,138.8048836458867,8503695
2022-07-13,138.38543701171875,139.83737100608684,137.7401330142218,138.41770746309098,10210005
2022-07-14,138.64356994628906,141.4829103393964,137.35296187021703,141.4829103393964,10898403
2022-07-15,135.06214904785156,140.0309852069217,134.73949700820427,140.0309852069217,22067479
2022-07-18,135.67515563964844,137.0625617594528,134.80399793192,135.7396834089723,15155654
2022-07-19,135.5138397216797,136.4817957196917,135.25571549646114,135.44931194756091,14922395
2022-07-20,135.0298614501953,136.9980438936788,134.54588345216592,136.3527398963063,14181034
2022-07-21,136.99806213378906,137.57882530575316,135.15893499341877,135.48158703506337,12461554
2022-07-22,135.5138397216797,138.06278526494722,135.19118772234236,138.06278526494722,9272199
2022-07-25,134.15870666503906,136.15914647566262,133.83605465917256,135.51384246392962,6635194
2022-07-26,134.9330596923828,136.15913988104128,133.64245173142507,134.1587001673054,11451315
2022-07-27,135.93328857421875,136.15914234572602,135.12665858401894,135.44931058009888,9209354
2022-07-28,138.22410583496094,138.61129872195096,135.54610484865182,136.1591383718145,13192642
2022-07-29,138.0627899169922,140.54722089859766,137.35295812028085,139.6437926442633,15433067
2022-08-01,141.28929138183594,142.06366398143794,138.19184036965444,138.7726165371704,12136557
2022-08-02,143.64468383789062,144.16093234711957,140.2568374590312,141.93462542090782,17748747
2022-08-03,144.2899627685547,145.0320649479859,141.74101737914165,144.12863677862367,12406038
2022-08-04,142.483154296875,144.67717779185963,141.38612942063682,144.54812221994732,9712267
2022-08-05,144.32223510742188,145.03206684666253,141.22477080869902,143.0638844922407,14099223
2022-08-08,143.1929473876953,146.0322873588812,142.6766989824825,145.19338698259597,8392041
2022-08-10,144.22544860839844,145.12887686301414,142.32180699906928,142.45086255169556,8585266
2022-08-11,143.80596923828125,146.41945524386938,143.06386713914895,144.96752149159624,5040626
2022-08-12,147.1615753173828,147.5164846229314,143.2574810551485,143.9027850238654,13279062
2022-08-16,147.67779541015625,148.38762707691174,146.51625626330403,147.90364915020461,11298246
2022-08-17,147.45196533203125,149.032954894816,146.93571687587024,147.67781910832284,11225465
2022-08-18,149.29107666015625,149.51693043272212,146.9679849032412,147.0970404507807,11360485
2022-08-19,148.67202758789062,149.68206407181478,147.07549777882588,148.86751210525574,9829530
2022-08-22,147.23838806152344,150.39885986624358,147.04290357085864,148.63941990418084,9190493
2022-08-23,148.28103637695312,149.12816241661415,146.09802663172906,146.5867577822692,8903751
2022-08-24,149.51913452148438,149.84495526636246,147.59679742977565,148.15069004453238,13007225
2022-08-25,147.4664764404297,150.52918618086437,146.6844986874794,150.20336543155514,12124365
2022-08-26,150.17079162597656,150.6595227941119,147.6619742810848,147.6619742810848,7966045
2022-08-29,147.95521545410156,149.16074963929475,147.01032727611053,148.73717999106987,7517013
2022-08-30,149.6168670654297,150.04043663907353,148.63940493748783,148.7045664278149,7214498
2022-09-01,147.33615112304688,149.9427173110094,146.61934807289342,146.65193545331542,13109081
2022-09-02,146.09803771972656,149.1281737345815,145.8373916924684,148.24846024838024,6897237
2022-09-05,145.5767059326172,146.97773773390387,144.46890748750883,146.61932962508186,18055474
2022-09-06,146.6519317626953,148.57426897486795,145.96770285250184,145.96770285250184,14103701
2022-09-07,146.2283477783203,147.89002556378966,145.3486344498154,145.3486344498154,7866745
2022-09-08,146.2283477783203,147.85745144506257,145.6092804303505,147.27097147349943,7187735
2022-09-09,145.2509002685547,147.36873524951167,144.99024100397764,147.30357374778762,9162027
2022-09-12,145.93511962890625,146.4238507907682,144.79474691789503,145.67447361539155,8778919
2022-09-13,147.7923126220703,148.24845641566125,145.83738792208356,146.1632087054147,11278383
2022-09-14,151.53924560546875,151.96280200081412,146.42384890440317,146.61934666970188,25072958
2022-09-15,154.83001708984375,155.253586714578,151.40889922939658,152.1257022248114,23606369
2022-09-16,153.55934143066406,155.3839299054271,152.09314787134713,155.35135578094034,29399642
2022-09-19,151.9302520751953,155.15587291257714,150.95278960839073,153.75484072528727,13920046
2022-09-20,151.63697814941406,153.95031087516077,151.24599588444187,152.48411743825446,20162973
2022-09-21,147.95521545410156,152.71219069307375,146.1632012373417,152.38636992639016,14468837
2022-09-22,143.42628479003906,147.5316313510933,142.80723069706596,145.96768917270694,26264530
2022-09-23,131.989990234375,143.19821865541257,129.09017762440132,142.2533437898824,87162722
2022-09-26,130.88218688964844,136.42113939699257,121.43338555359082,130.32829429044997,167547134
2022-09-27,133.48876953125,135.47628157172795,131.14286259109466,134.1078369614441,54127095
2022-09-28,135.34593200683594,137.10537198232385,131.9899889435239,133.716828283799,52877873
2022-09-29,135.5414276123047,138.2131550242805,134.27073203151127,136.1604817141928,36761869
2022-09-30,138.2783203125,142.51399004153495,134.8897898323441,134.8897898323441,62897614
2022-10-03,137.3660430908203,139.87486038939238,136.19308300587903,138.79964918780973,11740863
2022-10-04,135.8346710205078,138.3760756277262,135.54143763638604,138.2131652459517,19179333
2022-10-06,134.43365478515625,137.4312032127164,133.97749775329382,136.09533275482931,20692745
2022-10-07,136.4537353515625,136.6818072293722,132.934868532977,132.934868532977,14282850
2022-10-10,136.1604766845703,138.11540104907343,135.24818925394567,135.50883522973595,16834226
2022-10-11,135.76951599121094,137.7896021699723,134.59656914113086,136.8447272137121,17807162
2022-10-12,140.46133422851562,140.72198022905255,136.42114887034546,137.1379518871832,35288330
2022-10-13,139.418701171875,141.60171092123582,138.96255740024554,140.07034270716338,16436903
2022-10-14,138.57156372070312,142.0578429959014,137.85476074244326,142.0578429959014,23365190
2022-10-17,138.05026245117188,140.07034864465987,137.49636977423378,138.11542395592667,9520537
2022-10-18,138.37606811523438,140.10292071982875,137.8547628764663,138.76705035873044,13256574
2022-10-19,139.38612365722656,141.34104821551114,138.7670562591614,138.79964363820505,11595367
2022-10-20,141.73204040527344,142.0578611878143,138.37608369356627,138.50641996119157,16371066
2022-10-21,141.60171508789062,142.6443389234952,139.45129265509004,140.33100610207887,11634491
2022-10-24,142.6117401123047,143.5240408669679,142.44882973674626,143.23080749403488,1132859
2022-10-25,142.3836669921875,142.9701469906021,139.61419063192756,142.61173886443757,20622687
2022-10-27,145.9025115966797,146.5215656214239,141.63425513867008,142.90496381879296,24298489
2022-10-28,147.7923126220703,149.2259187656546,145.44639237594095,145.83738792208356,11669879
2022-10-31,148.67202758789062,150.04047224017344,147.7271393520731,148.54169131863213,11755682
2022-11-01,153.2335205078125,153.7222516938308,149.7472406990849,150.3011333917026,15220278
2022-11-02,152.02796936035156,154.14580426470715,151.73472272667868,153.2335035005256,12884449
2022-11-03,148.60687255859375,152.22347549312332,147.72714579022488,151.83249318367177,9358215
2022-11-04,147.36874389648438,149.51915312563978,146.61935343848467,148.5742781509978,8059667
2022-11-07,148.57427978515625,151.1156845909124,147.5316559118845,148.11813598362545,14862038
2022-11-09,142.5465850830078,150.52919384765624,142.09044131381455,150.52919384765624,22831150
2022-11-10,140.03775024414062,143.4588678563378,139.12544956268553,140.75455318754132,16217631
2022-11-11,139.48388671875,141.96011678974028,139.15806592590795,140.75458250776114,12123886
2022-11-14,141.01849365234375,142.58647516479903,140.28454630340454,140.75160000506364,18460862
2022-11-15,144.12109375,144.4547073929398,139.88420319961912,140.11773003472223,15258103
2022-11-16,144.85504150390625,145.0885683397419,142.41965918785132,144.08772740778292,9825807
2022-11-17,145.65573120117188,147.0902590972303,144.28790974821533,144.7216102265753,9449665
2022-11-18,145.6890869140625,145.98934736180388,144.68824590447457,145.6890869140625,5828998
2022-11-21,146.15615844726562,146.45640532896383,144.4547232515748,145.12195061070446,4712051
2022-11-22,145.3220977783203,146.2562050511364,144.7215905495293,145.78915141472837,4366445
2022-11-23,143.55397033691406,145.98935293483524,142.9534629932824,145.62237245406712,13510578
2022-11-24,147.29042053222656,147.45722735049634,143.52058372437452,143.72075733620773,7622243
2022-11-25,147.19033813476562,147.39051175259416,144.52142896251323,147.2904249436799,10989671
2022-11-28,147.65737915039062,148.2578727476381,146.222838010226,146.222838010226,4526153
2022-11-29,146.3563232421875,148.29128536118057,145.8225494824908,147.65742477942328,6476054
2022-11-30,149.45892333984375,150.09278387945542,145.22203246904868,146.35631351091433,17317951
2022-12-01,148.0577392578125,150.02605434525947,147.12361833123083,149.45891386029797,13241961
2022-12-02,146.6565704345703,147.7908514491915,145.82253628417982,145.82253628417982,12880949
2022-12-05,148.0577392578125,148.2912660957644,144.9217628310579,146.58983106610586,16477957
2022-12-06,149.12530517578125,149.55900564628092,146.38967589422293,147.82421733905673,11299945
2022-12-07,147.49058532714844,149.52562024352238,147.09023812741458,148.69158620203154,5813973
2022-12-08,145.3220977783203,148.02435994572042,144.7215905495293,147.99100672870435,11176439
2022-12-09,144.92176818847656,146.08941599617535,143.92092721044904,145.7224491157633,6020031
2022-12-12,143.8208465576172,145.45554797420675,143.18697249268178,144.12109340563606,8194429
2022-12-13,144.32125854492188,144.6548721674716,142.15276999834865,143.8208381110973,8235450
2022-12-14,146.2562255859375,147.15699334298085,144.32127718505498,144.32127718505498,10055353
2022-12-15,144.35462951660156,147.05690562151864,144.05438264928844,146.45639831211764,5385778
2022-12-16,142.25286865234375,145.58900547416022,141.85253494868087,143.4538833381079,11166617
2022-12-19,146.05606079101562,146.25622083903735,142.45303060410677,142.82001105430814,7758862
2022-12-20,144.9884796142578,146.05604044598974,142.7199043625947,146.05604044598974,6541929
2022-12-21,144.15447998046875,145.6223747774098,142.686571608752,144.82170735631027,7005861
2022-12-22,143.45388793945312,144.78834271098293,142.0193463451034,144.18783534883934,6961415
2022-12-23,140.9517822265625,143.65405851099382,140.4179948994629,142.386323790214,4554651
2022-12-26,141.3520965576172,142.95344474462374,140.751589290643,141.11856972456437,6864331
2022-12-27,141.88589477539062,143.58731632605412,141.3187542585028,142.08605482999965,13115851
2022-12-28,143.95431518554688,145.72247055515663,141.78582608078196,141.78582608078196,16815549
2022-12-29,143.95431518554688,144.45473574818493,142.4530534976327,142.82003400681123,22536873
2022-12-30,142.5864715576172,144.62152029502326,142.28622469625702,144.1544666051798,4643134
2023-01-02,143.48721313476562,143.7874599413934,142.11939196063477,143.1535995386139,5959394
2023-01-03,143.8542022705078,144.25453593306355,143.02016815069413,143.6206754319148,2873110
2023-01-04,140.81829833984375,143.72073378721223,140.45131796987138,143.72073378721223,9954542
2023-01-05,139.31707763671875,141.38547972943184,137.84916930576648,141.38547972943184,21273509
2023-01-06,138.84999084472656,140.31789896955843,138.48302399459868,138.88335763781703,11510471
2023-01-09,139.51722717285156,141.41882228276637,136.2811774489931,139.58394718859387,52485126
2023-01-10,141.31874084472656,141.7524277092686,139.4504990637242,140.05100632010164,17248326
2023-01-11,141.41880798339844,142.15276880667344,140.18444030526683,141.58561479327494,9164361
2023-01-12,142.45301818847656,142.7199118040185,141.0518436753478,142.48638498095926,21179555
2023-01-13,142.78662109375,143.68737510064867,142.319567482698,142.5197274982465,6560245
2023-01-16,143.8875732421875,144.05438007099255,141.91924451742327,143.45387277233948,8362194
2023-01-17,145.72244262695312,145.92260266878105,143.3871471155429,143.88756758227365,13000571
2023-01-18,146.3563232421875,146.89011057666,144.38800789902479,145.65574263731511,11171369
2023-01-19,147.29042053222656,147.62403416876614,145.88924597371502,145.98933277963164,11586815
2023-01-20,148.95848083496094,149.3921812544742,147.45721954995014,147.45721954995014,10112645
2023-01-23,150.19285583496094,152.32799124486164,149.158661710823,149.45890855255934,14393610
2023-01-24,147.42388916015625,151.1937266994332,147.12364225892608,150.96019982350126,6150893
2023-01-25,146.38967895507812,147.62404680094463,145.32211794175507,147.25706633943915,5790331
2023-01-27,146.28958129882812,147.75747588651234,144.78831991719818,146.32294809277386,10458603
2023-01-30,141.3520965576172,146.02268751776825,140.48470923845338,145.45554704470464,24288177
2023-01-31,144.55479431152344,146.92344303334647,141.55227152276478,141.8525183717311,20997546
2023-02-01,144.48806762695312,150.12613250674144,142.51973907811188,150.12613250674144,20246369
2023-02-02,141.9192352294922,144.85503793928174,141.01848112784987,144.12109065552775,12820663
2023-02-03,143.35379028320312,143.5539639137156,140.38463407084265,142.2528624649344,10815686
2023-02-06,144.82168579101562,145.02184582909695,142.15277668507494,142.41965673585005,6948201
2023-02-07,144.68821716308594,145.58897117783107,143.5205695505124,145.455531166303,10035526
2023-02-08,144.7906951904297,145.64441391207137,143.7320784175294,145.37122114211374,12432719
2023-02-09,145.37120056152344,146.12247015117657,144.790674692026,144.790674692026,7011082
2023-02-10,146.22491455078125,146.4639529724287,144.688221117843,144.72237541886082,10892159
2023-02-13,147.5225830078125,147.86407046847873,146.15663316514758,146.22492787824876,7710133
2023-02-14,146.83961486816406,148.23971907962257,145.3029212241949,148.23971907962257,6010681
2023-02-15,146.49815368652344,146.9762306812812,145.47369107333097,145.64443484219638,8107497
2023-02-16,146.56642150878906,148.13726945204445,146.15663931777144,148.13726945204445,3963115
2023-02-17,146.02005004882812,147.45429466657146,145.47366453008738,146.15663948093285,6491149
2023-02-20,147.38600158691406,148.2055659789637,146.29323053729973,147.24939825813172,6841917
2023-02-21,148.3421630859375,149.40077988432546,147.5567529592465,148.58121544988188,6701434
2023-02-22,146.60055541992188,148.4104415648906,145.4736441300237,147.5225686952353,9128659
2023-02-23,145.64439392089844,147.45428014138582,145.20045746754724,146.83959996714262,10345874
2023-02-24,146.87376403808594,147.11280248420152,145.06387769722144,145.06387769722144,9808830
2023-02-27,149.70811462402344,150.22034587464645,146.5322919862903,147.82993337173903,17763618
2023-02-28,151.79115295410156,152.3033840664326,149.40074109655666,150.6642417279416,36559278
2023-03-01,149.5032196044922,151.79118291209906,148.47875717763887,151.31310600429856,12896085
2023-03-02,150.4935302734375,150.93746677828824,147.38600252980476,148.88854188989518,79708558
2023-03-03,151.68873596191406,153.97669930076643,150.52768408702215,150.52768408702215,9951869
2023-03-06,155.1377410888672,156.2646523786242,152.30339266164776,152.98636751663273,15659957
2023-03-08,155.75242614746094,155.95731027332,154.14742407152158,155.00114266716616,11591495
2023-03-09,154.2157440185547,157.39156631182084,154.01084598246507,156.40125822609534,13941653
2023-03-10,154.7279815673828,155.82073871602623,151.7911837036902,151.7911837036902,9605434
2023-03-13,154.42062377929688,157.11838300053887,153.9425469021958,155.75243318578143,13209653
2023-03-14,153.80593872070312,155.54753023751857,152.98637441582505,153.77179831350966,9583405
2023-03-15,155.9231719970703,157.1183780473036,154.14742617773885,154.76210635403362,12228069
2023-03-16,158.55264282226562,159.0648740522136,155.95733236579792,156.70860205735602,18437817
2023-03-17,156.87933349609375,159.81613120885044,155.92317972464767,159.7819769048015,33711025
2023-03-20,155.37680053710938,156.6744557162317,153.87426121085883,153.87426121085883,9281411
2023-03-21,152.40585327148438,155.5133807611446,151.92776249950276,155.2060476110679,11272787
2023-03-22,153.0546875,153.4644697016345,150.80087844342964,152.30341781447655,7589846
2023-03-23,151.72286987304688,153.32785803559025,151.10818971213516,152.98637060121254,17091298
2023-03-24,151.89364624023438,153.1571472399934,150.8008889943661,152.3034284705397,10371666
2023-03-27,150.3227996826172,154.5230988502873,149.94717175731614,152.2351353038017,19983733
2023-03-28,151.68873596191406,152.37171092247664,149.3666183169691,151.10821002446812,8689166
2023-03-29,151.92774963378906,152.78146819521777,150.63010853654453,151.6887112156208,19743258
2023-03-31,154.14744567871094,154.86457495763776,152.30341881170108,152.98639378395086,10202058
2023-04-03,153.3961639404297,155.27434496660297,152.88393275147334,155.27434496660297,7643214
2023-04-05,154.11328125,154.76210181445978,152.78147192456683,154.76210181445978,12019382
2023-04-06,153.84010314941406,155.30850202953937,153.43032097000156,155.17189870629483,4282875
2023-04-10,156.4354248046875,156.6744632687738,153.66937057625037,153.80596001425354,4145643
2023-04-11,158.00624084472656,158.45017731018797,156.02561084931722,156.3329578924028,5106602
2023-04-12,155.24021911621094,158.14286279250712,155.06947537054646,158.0404137660761,9118795
2023-04-13,157.90379333496094,158.21114038097508,155.03530427645617,155.24020230713228,11428621
2023-04-17,161.6260223388672,163.84569089398852,158.65508412873695,158.8599682736517,21815047
2023-04-18,157.28912353515625,162.20653721041873,156.8451870753379,161.79675505334015,13482833
2023-04-19,157.05006408691406,158.04038597471717,156.16220510268548,156.40124352554858,8264190
2023-04-20,157.69891357421875,159.0648634295257,156.8451949146519,157.66475926977188,7308750
2023-04-21,158.14285278320312,158.68922439765112,156.81104331421716,158.31359651806076,5030650
2023-04-24,158.416015625,158.65506794575808,157.0500658842536,157.76719505620918,5725067
2023-04-25,159.06484985351562,159.74782472287797,157.52815639745043,157.9720928415678,8338703
2023-04-26,162.75291442871094,163.572478701301,158.45016725971539,159.85027127847908,13581018
2023-04-27,161.14794921875,162.75295162000594,159.474665990194,162.54805355745685,9794457
2023-04-28,162.03579711914062,162.5138739972553,159.2014484684777,161.83089908842857,10585487
2023-05-02,163.98228454589844,164.69941380946548,162.7187836533308,163.02611682619607,6732907
2023-05-03,163.70907592773438,165.2799237361835,163.0944096415375,163.91397395323983,4789217
2023-05-04,163.12857055664062,164.39207148567195,160.46496536601475,163.67495609657055,9189783
2023-05-05,164.631103515625,164.9384366594109,162.68461395444822,163.09441000637582,3896441
2023-05-08,167.15811157226562,168.18257395166663,164.6652503366911,165.1774815263916,8758321
2023-05-09,166.23609924316406,168.6265114766253,165.7580084593756,166.6800357226961,9166941
2023-05-10,169.13873291015625,169.34361703839195,167.05565395455585,167.4312956990607,9689409
2023-05-11,169.75340270996094,170.19732524158582,168.42159342961,169.172862977543,12616726
2023-05-12,165.1091766357422,170.4705266450891,164.69939448827378,169.95829548696375,13853807
2023-05-15,166.1336669921875,167.7728097538766,165.51898671965887,166.2361160201359,12187763
2023-05-16,164.3237762451172,167.02153573410678,163.91399403905183,166.33856075894406,11418509
2023-05-17,163.09442138671875,165.2116409237202,162.17239410070454,164.5286659830642,11560929
2023-05-18,160.9430389404297,164.59695189856498,160.22590973301507,164.59695189856498,14497723
2023-05-19,159.61123657226562,162.20654688041654,158.45018474213322,160.94304603111698,10071694
2023-05-22,160.05516052246094,163.23099649693532,158.8941087832662,160.29419895168814,12566129
2023-05-23,159.88442993164062,161.55772686395764,159.37219872902207,159.85028952189577,12458561
2023-05-24,161.04547119140625,162.44556126206496,160.396636762913,162.41142085750755,8877971
2023-05-25,162.5138702392578,164.11887235401434,161.38697278188036,162.34312651599944,12502747
2023-05-26,162.06996154785156,162.47974373971644,160.3625241691138,162.4455894340773,6811801
2023-05-29,160.15762329101562,162.78707402870165,159.88443053622055,162.68462500875842,13638297
2023-05-30,160.56741333007812,161.1137988663957,159.61124558910305,161.1137988663957,9469926
2023-05-31,159.71368408203125,160.6356974555005,157.08423338911513,160.49910802800892,48104157
2023-06-01,159.13314819335938,159.8844177877725,157.1183778408206,159.09899389104802,8804790
2023-06-02,160.2259063720703,160.5673938169789,159.2014440373446,159.81612421721195,6617781
2023-06-05,160.90890502929688,162.5480477860032,160.36253337383593,161.4894309923574,27428302
2023-06-06,160.70401000976562,161.8650618574297,160.1234701907728,161.48942007986503,6898603
2023-06-07,163.36761474609375,163.94815461330415,161.28454932931265,161.66017724291484,11153571
2023-06-08,165.04087829589844,167.63617443620453,163.40173584692874,163.40173584692874,19300834
2023-06-09,167.26055908203125,167.67034125106701,165.14333962937977,166.3385457279108,11037141
2023-06-12,165.04087829589844,168.31914929867864,164.73353127068958,167.32884130615483,8188909
2023-06-13,165.45066833496094,166.2702326510021,164.90428286082698,165.27992461118905,6443218
2023-06-14,168.35330200195312,168.8313788430837,165.34820985655787,165.34820985655787,10297426
2023-06-15,168.31915283203125,168.6606402704368,166.5092805246094,168.6606402704368,9732749
2023-06-16,168.31915283203125,168.93383300019315,166.9873573803134,168.28501242528637,9702361
2023-06-19,166.0312042236328,169.5826822292354,165.55312732632123,168.31916748104217,10431647
2023-06-20,169.88999938964844,170.53881995990696,166.4751250300575,166.54341973821747,13426365
2023-06-21,176.3441162109375,176.92465600058864,169.8900088692453,169.9241631728107,31172093
2023-06-22,173.16827392578125,176.2075063651004,172.58773420341285,176.2075063651004,7430965
2023-06-23,170.81201171875,173.9195529264135,170.4363838784214,173.20242375690367,5593393
2023-06-26,169.71926879882812,170.91447491712972,168.7972554294561,170.74373118594377,7305362
2023-06-27,170.43638610839844,170.77787354688837,169.13873106310473,169.4460641996819,11142907
2023-06-28,170.84617614746094,172.45116440347113,168.31916064880906,171.29011261703656,17808717
2023-06-30,174.2610626220703,177.36859033155736,171.56330321156588,175.1830760326838,17659979
2023-07-03,171.085205078125,174.12443769410382,170.40223020755363,173.8512588620027,12467239
2023-07-04,170.47055053710938,172.45118073848465,170.1973577687884,172.45118073848465,8637967
2023-07-05,172.96339416503906,173.44147103902057,170.40223827908093,170.53882770160138,5340907
2023-07-06,179.41749572753906,180.03217589963165,173.74881255085288,177.53931480429807,16705046
2023-07-07,174.46592712402344,179.3150598766467,173.9536959652387,179.3150598766467,13149183
2023-07-10,170.7437286376953,175.11477086985235,169.71926626586915,174.465936363933,15319047
2023-07-11,173.1341552734375,174.4318104983062,170.77789717985172,172.10969281619822,7486045
2023-07-12,172.14381408691406,173.9878405979952,171.5291339515008,173.47560946767723,9390877
2023-07-13,166.0312042236328,172.24627336448654,165.07503653384902,171.93894020123776,30591450
2023-07-14,163.9481201171875,166.91905796857512,161.66014322820848,165.96289038894855,72085831
2023-07-17,164.59693908691406,167.2946841902335,163.367578797081,165.62140136338863,11474161
2023-07-18,164.6994171142578,166.44099495404188,163.64080035063822,164.59696808952665,14940593
2023-07-19,166.1336669921875,168.148437662805,164.28964006976338,164.5969732584468,22954874
2023-07-20,166.81661987304688,167.90937693760495,165.48482437173544,166.61172184430976,10249082
2023-07-21,166.7141876220703,168.2167408951869,165.4165323982937,166.13366167582222,18466409
2023-07-24,169.00213623046875,169.48022700543905,165.860454417756,166.6800326483507,14825562
2023-07-25,171.5291290283203,171.76816743657614,169.48020456585618,170.0265760854183,10500017
2023-07-26,171.4267120361328,174.6025483249977,170.74373708778168,173.40734216538326,12898171
2023-07-27,171.22181701660156,173.06585774680394,170.53884205619204,172.1096900231984,10836773
2023-07-28,176.3441162109375,178.35890053261357,170.8120222187499,171.97308790289205,17518458
2023-07-31,181.70545959472656,182.35428012700265,176.9929304753341,178.93940596732097,24269734
2023-08-01,171.9730987548828,178.93943771869112,171.0852257577562,178.93943771869112,31395702
2023-08-02,169.75340270996094,173.33902063411085,168.42159342961,172.7243404966534,20825405
2023-08-03,169.85586547851562,171.15352066997042,168.08013337739058,170.060763522752,10882019
2023-08-04,168.93382263183594,170.09488818824977,168.42159150566593,169.37775905354832,7406390
2023-08-07,169.34361267089844,170.02658753772224,168.0118172386557,169.92415242382606,6345966
2023-08-08,168.159912109375,170.77109086883735,167.56804775720715,170.77109086883735,15171726
2023-08-09,167.35914611816406,169.55253908751402,166.94136035413342,169.2043819230633,18442141
2023-08-10,168.36880493164062,168.96066925869135,167.15025489560347,167.49841204875693,9962450
2023-08-11,170.10958862304688,171.46739583716763,169.065117176323,170.94516011380568,23866073
2023-08-14,170.2488555908203,170.8059127276767,167.63767682408994,170.49256277573818,9188486
2023-08-16,172.72076416015625,173.13854989808632,169.23919273315494,170.3184713755951,9191471
2023-08-17,169.69178771972656,173.24300195108097,168.6473162791048,172.7207662307701,15301142
2023-08-18,167.8117218017578,169.65695726068853,167.1850361899353,169.65695726068853,12292241
2023-08-21,172.12889099121094,172.47704814464507,168.29916230343557,168.7169622207972,9129526
2023-08-22,172.5466766357422,174.1830122882169,171.78071962830538,172.68593381897634,11107830
2023-08-23,173.800048828125,174.07857738525158,172.1288916519164,174.07857738525158,8487619
2023-08-24,171.50221252441406,175.92380536120953,171.1540553850357,174.07856968919404,18982087
2023-08-25,168.508056640625,172.26815660558538,168.0902709037517,171.3977637510367,12851343
2023-08-28,173.0341033935547,173.3822605432399,168.89103897892085,169.20437474701725,11908665
2023-08-29,174.87933349609375,176.16751207519124,173.1037264231822,173.80004070015926,12363321
2023-08-30,172.0592498779297,175.19266403090654,171.60664277807862,174.98377825397128,6748007
2023-08-31,170.28366088867188,173.80003946243374,169.5873466166537,172.58148948640186,20715819
2023-09-01,175.61045837402344,175.88898692349633,170.73625834117448,171.98962973052727,13120723
2023-09-04,177.83865356445312,178.60459636859147,174.63561100479794,176.585282309282,10240031
2023-09-05,177.07272338867188,178.9527662389592,176.16750917687426,177.7690376541931,10893186
2023-09-06,177.2119903564453,179.12685469232045,175.57565457546215,178.7438761585251,10018473
2023-09-07,178.95277404785156,179.44018838836556,175.5756525460174,176.86383116013346,13760453
2023-09-08,180.1016845703125,181.94692017610672,179.02239181035273,179.8231560354955,16781751
2023-09-11,184.1751251220703,184.52328225840694,179.37055380731496,181.28541805716637,17683806
2023-09-12,177.60655212402344,189.62957497453345,177.00307129247358,188.46905125987902,29826173
2023-09-13,179.37054443359375,180.67033950792126,177.6065540349593,179.37054443359375,10692151
2023-09-14,181.18096923828125,181.6451787563568,179.8347644691721,180.29897398724768,10941807
2023-09-15,180.20614624023438,182.1558177774219,178.44214151624487,182.10939399084705,20516593
2023-09-18,185.77667236328125,186.14803434622914,180.20615761975318,181.2738339456421,25627043
2023-09-20,190.00096130371094,191.20790895530325,184.24476577290656,184.4768705456531,33369524
2023-09-21,187.16928100585938,190.83653331932513,186.0551668432191,190.32590002254003,20332556
2023-09-22,184.89463806152344,188.37620930922887,182.3414858132061,186.1944331605966,21193988
2023-09-25,184.66253662109375,186.28726989914048,182.62001761914496,185.6838032053431,11951847
2023-09-26,184.1519317626953,185.73024137891034,183.4556174467283,184.84824607866233,7440011
2023-09-27,185.08033752441406,185.31244227969094,183.17707569783354,185.0339137400487,6736870
2023-09-28,186.380126953125,189.8152746539447,183.64129354976404,185.77666022861433,50185120
2023-09-29,185.4517059326172,187.44780123097885,184.84823921447543,186.565805963483,16293959
2023-10-03,185.2660369873047,185.6838227551936,182.80571783586754,184.52329886297363,10830728
2023-10-04,184.75538635253906,185.1267482966779,181.41307218908918,184.6625387832293,14120040
2023-10-05,182.5271759033203,185.219585260538,181.36665218614903,185.219585260538,14575590
2023-10-06,182.9449920654297,183.31635405013026,180.90247281647328,182.8985682757042,12857229
2023-10-09,182.20223999023438,182.80570671084297,179.8811923470467,182.43434475455317,7853369
2023-10-10,183.78054809570312,184.33760519226726,181.69160523341327,182.202238544172,7440527
2023-10-11,184.2911834716797,184.8946501942614,183.2235072189426,183.2235072189426,10031916
2023-10-12,186.380126953125,187.5406507822229,183.22350780459894,183.22350780459894,21872719
2023-10-13,187.35498046875,187.91202343849832,185.03393267841997,186.1016089953512,13105921
2023-10-16,188.51547241210938,189.25821041243736,185.7766393170397,185.96232027548442,18336656
2023-10-17,192.322021484375,194.0396025805364,188.09772568009774,188.97972104033522,19378328
2023-10-18,191.71853637695312,193.52895071524136,189.3974887210578,193.52895071524136,14923328
2023-10-19,191.06863403320312,192.554095941047,187.72631994909239,189.39747699114776,13192888
2023-10-20,188.32981872558594,190.511595094714,186.5193901605729,190.511595094714,22081120
2023-10-23,185.4517059326172,190.46516315478863,184.75539164250722,187.54064880294703,6988219
2023-10-25,185.2196044921875,186.10159977550683,183.64129490626598,184.75539495711936,16817158
2023-10-26,184.70896911621094,185.68381196232326,182.2486642743304,184.52328813755875,11070090
2023-10-27,186.56582641601562,187.35498836460673,184.89466910323875,184.9875166853855,9995487
2023-10-30,186.4729766845703,187.72633393457377,183.50202431444922,186.56581009204234,7679981
2023-10-31,187.67991638183594,188.42265449903817,186.19445431398273,187.0764496302942,7474770
2023-11-01,186.56582641601562,187.86562173330967,186.14804062945942,187.86562173330967,5598615
2023-11-02,188.56192016601562,189.0725393250185,186.5193868638007,187.30854874570656,12924797
2023-11-03,189.76885986328125,191.718545655209,188.56192635704642,188.84044075599212,8684015
2023-11-06,193.29684448242188,193.99315877390507,190.27948255266142,190.32590633873707,9804415
2023-11-07,193.11117553710938,194.13244222820504,191.02223253250122,193.29685652643093,10730361
2023-11-08,192.18275451660156,194.5966498534789,191.85780216360033,194.03959272449143,7435543
2023-11-09,194.78231811523438,195.43220861222625,191.34717048837703,192.46127050701315,13777877
2023-11-10,196.03567504882812,197.75325594312326,194.59663686698931,195.432208338157,12066023
2023-11-13,197.10336303710938,199.70293915619726,195.6178869214734,196.82483449460887,11352269
2023-11-15,195.10726928710938,199.61010761385643,194.7823311002269,199.61010761385643,19182861
2023-11-16,196.10101318359375,197.66263708261414,194.68136297071817,195.62779644596856,27533260
2023-11-17,198.27781677246094,199.4135340757119,195.81708391422634,196.57423359687,16705395
2023-11-20,198.0885467529297,199.8867647381485,197.66265453973892,198.8456964882855,11156900
2023-11-21,197.7572784423828,198.89299576274402,196.81084493517693,198.75103651323482,9608081
2023-11-22,200.2653350830078,201.21176858634635,197.04745250679923,197.04745250679923,13079580
2023-11-23,199.6028289794922,201.68499433284157,198.04121940591,200.69123622173024,11382709
2023-11-24,199.17694091796875,200.73856496548458,198.27783191927003,199.98141522500086,7250200
2023-11-28,198.9403076171875,202.96264976584715,198.27780709275274,202.96264976584715,15629209
2023-11-29,199.7447967529297,200.12336438335086,197.89925428212504,199.03497161481795,10062023
2023-11-30,197.7572784423828,201.40105322169714,197.09477787562454,199.12960413954548,60354322
2023-12-01,198.9403076171875,201.06978287236026,198.2304825321299,200.17067398623965,20719909
2023-12-04,201.4956817626953,202.6314134898502,200.35996447696922,200.35996447696922,27914088
2023-12-05,210.3921661376953,211.29127505816768,200.21800619648454,202.25283240815514,40709207
2023-12-06,212.37966918945312,214.13057692095853,210.58145133663325,213.8939685486702,29544730
2023-12-07,217.67971801757812,219.95115277684172,212.23772506713868,212.94755023458728,24534268
2023-12-08,216.35472106933594,220.89759067719461,214.31988021777852,219.38330562171848,22206320
2023-12-11,218.57882690429688,220.4243694505012,214.41452503381382,215.78685080194367,19106395
2023-12-12,218.95741271972656,220.8029552973543,217.20650483446704,217.67972162059877,14355329
2023-12-13,224.25741577148438,224.77795708670783,218.24757168897096,218.62613931380847,26878281
2023-12-14,219.66722106933594,224.87260531797963,218.72078756958254,224.5413478164943,29972018
2023-12-15,224.635986328125,225.34581141939807,214.98235353366837,222.4118619322313,41341690
2023-12-18,219.4306182861328,224.21009602853925,219.05203621172657,224.21009602853925,29051897
2023-12-19,221.03955078125,221.8440106058337,218.48418317366347,219.71453519260666,12612164
2023-12-20,214.9823760986328,222.79045292218748,214.08326711026706,222.36456071100685,20400245
2023-12-21,219.90383911132812,220.70829895662538,210.7707467723562,212.4270054697344,17755207
2023-12-22,219.33595275878906,221.65471183062866,218.15291094239862,220.5189945751795,9735375
2023-12-26,220.8502655029297,223.1690247159062,218.67346553998934,219.57257448688685,6772092
2023-12-27,221.51275634765625,223.216339480449,220.04578158215614,222.41186525508255,10231881
2023-12-28,226.29225158691406,227.09671138269576,221.56008417139037,222.5065176544951,39164340
2023-12-29,224.49400329589844,225.48776127058113,222.17524431592412,225.06186912183935,12665999
2024-01-01,225.48779296875,226.67083490457765,223.73688512715313,225.1565354501463,5952776
2024-01-02,225.10922241210938,227.23869786903586,223.50027384706564,227.1440487388228,9128513
2024-01-03,224.35206604003906,225.91367555222666,222.03330683289443,223.3583079679973,8284439
2024-01-04,228.516357421875,230.07798130525265,224.35205594905855,225.25116485325432,19663959
2024-01-05,228.3270721435547,231.8761976172887,226.4815297854987,229.0368972383015,16345257
2024-01-08,229.3681640625,232.11281543067435,227.52260718788958,229.41547418426612,13585746
2024-01-09,229.3208465576172,231.54495668195852,228.5636968474763,229.60477950409873,8688409
2024-01-10,226.33956909179688,229.131559511182,225.25117632729135,228.09047686923202,16872195
2024-01-11,228.9895782470703,230.07798541701405,226.38688616968972,227.38064421479353,18812468
2024-01-12,226.6708221435547,229.65208187743065,226.00832158507438,229.51012262969525,11296498
2024-01-15,228.23243713378906,228.56369464172565,224.30474380989224,227.52261199515016,12597366
2024-01-16,226.2449188232422,229.4154622118556,224.9672278907947,228.70563712525774,7478450
2024-01-17,226.3868865966797,228.2797535656175,224.96723636997632,225.72438604583724,13620300
2024-01-18,220.94488525390625,223.07436050907836,213.94128352457815,215.07700077238428,25522629
2024-01-19,222.7904510498047,224.2574259350358,219.95115041055604,222.41188340781014,20931080
2024-01-23,225.20384216308594,233.57978418132433,223.59490814619272,228.09046714595746,27492163
2024-01-24,233.01193237304688,233.7690820859025,222.41187971735664,223.50027250110378,28309825
2024-01-25,232.34942626953125,235.37801060756922,230.07799162636007,231.6396011383616,20651484
2024-01-29,240.34678649902344,241.34054457083627,232.01816873927342,232.30210167999556,26181011
2024-01-30,240.48875427246094,243.18609548080457,238.02802143532537,240.39410514740612,16031367
2024-01-31,245.41017150878906,246.07268644852343,238.8797867603801,240.39408599201906,34369455
2024-02-01,251.56201171875,256.43616733011646,244.4637604977598,245.12627549819547,29929092
2024-02-02,262.2567443847656,266.32639712615514,249.81114888852008,250.3316757916536,33900724
2024-02-05,267.74603271484375,273.8978504956645,260.17456467691045,262.63529756581045,27440927
2024-02-06,259.55938720703125,267.7460312001618,257.71383033008226,267.7460312001618,29668277
2024-02-07,253.5968780517578,259.7013570419379,252.5084563768067,257.5245714577545,27335466
2024-02-08,261.4049072265625,272.62011950670217,256.2941439441877,256.2941439441877,69776717
2024-02-09,258.3763427734375,264.4808503371619,254.68525793895998,263.6763760940796,24496638
2024-02-12,255.82098388671875,261.2156668198379,251.9879394593545,258.5656643617664,19140023
2024-02-13,255.77365112304688,256.34151699461876,250.095050173044,255.82096124448702,22031847
2024-02-14,258.99151611328125,260.2692070882862,252.69773924571786,255.06382294652047,13546941
2024-02-15,271.0197448730469,272.65559392191994,261.1085070802569,261.7339684110283,25475670
2024-02-16,264.1877136230469,272.22256745407213,262.98489207246706,271.3565418108068,25129188
2024-02-19,265.9197692871094,267.7961531102356,262.98486736002826,264.7169478495575,11429901
2024-02-20,277.0338439941406,277.8517684931598,267.2188381031886,267.84429941452345,43053543
2024-02-21,269.5282287597656,278.52533882424103,268.71030432376654,276.6970267793876,24651085
2024-02-22,271.93389892578125,272.79992455916624,262.9367879569389,269.5282558520673,26793590
2024-02-23,271.3084411621094,274.4357771990002,268.4697705515504,271.88577201477307,14313526
2024-02-26,276.9376220703125,280.49798560647594,271.4046429374232,272.27069794648384,31012494
2024-02-27,281.4602355957031,282.3262612166918,273.3772808568759,273.3772808568759,36510093
2024-02-28,268.9989929199219,282.56682553531596,267.8924029949477,280.4979783945799,18824161
2024-02-29,272.1744689941406,274.2433162081729,264.04338348657643,269.0471329321176,35043015
2024-03-01,276.8414306640625,278.47725041742507,273.8584272287098,274.2433242668091,15149735
2024-03-04,283.52911376953125,285.79042434711386,277.1301084578074,277.1301084578074,23131460
2024-03-05,283.8658752441406,284.29890273234224,278.81402492199913,281.02720474539547,13220556
2024-03-06,282.614990234375,283.7696814136425,275.6867256957166,279.3432918120421,15969436
2024-03-07,281.60455322265625,287.6186604987499,280.0168347749192,282.9036062674441,14908694
2024-03-11,274.77252197265625,280.930991326938,273.6659321050381,277.5149607685851,19020659
2024-03-12,274.3876647949219,277.75556536423016,272.07825313483437,274.1471004685427,17906155
2024-03-13,254.32456970214844,273.18481695399754,251.91892666915135,272.60745675292634,39389523
2024-03-14,256.2972412109375,258.26985695643816,250.8604932652108,254.08403177140514,26005940
2024-03-15,255.91229248046875,261.73393630266276,247.92554077530843,257.981139412651,43817794
2024-03-18,254.9019317626953,256.5858818980775,249.7057486466681,255.91231946338056,12423655
2024-03-19,249.22462463378906,256.4415539185513,248.55103282090707,252.25572906023712,20031514
2024-03-20,254.66136169433594,255.14249029355656,249.1765132826761,250.1387704811174,11308487
2024-03-21,263.4179382324219,264.1396312138806,257.0189330033073,257.6924954998779,23559105
2024-03-22,265.3424377441406,267.7480808787203,261.10851170043253,263.4179232364769,22097588
2024-03-26,259.8575439453125,263.7547032072455,256.05664564185787,259.90567442455165,28477120
2024-03-27,260.04998779296875,262.5037317131676,259.0396295589473,260.77168063605745,18094214
2024-03-28,266.4490051269531,268.95087964799313,261.39715497256327,261.7339508560076,26646830
2024-04-01,269.57635498046875,270.9716396992437,267.1707119244843,270.15371518705706,8945400
2024-04-02,268.9989929199219,271.06786942641764,267.9886345896758,268.7103275014972,13229425
2024-04-03,269.5282287597656,272.4150001580514,268.03671258453033,269.57632987010084,14499308
2024-04-04,267.1707458496094,275.87919243752066,264.6688708805475,272.12636530104595,23722104
2024-04-05,267.89239501953125,269.38391127901406,264.76505916140906,269.38391127901406,9308711
2024-04-08,271.115966796875,273.47350868923854,268.51786060389315,269.9612464076032,14473340
2024-04-09,270.5867614746094,273.6178660624959,270.3942982704608,272.1744801286679,5780865
2024-04-10,271.8857727050781,274.58011060931193,269.43202847774575,269.43202847774575,8809693
2024-04-12,264.8612976074219,273.7140757042735,264.2839374070603,270.8754051825223,17731780
2024-04-15,263.7065734863281,265.7754499555827,258.2698261882909,260.0500078785577,13378690
2024-04-16,263.8990173339844,265.14993985398667,261.01224595020335,262.6961959240756,9662195
2024-04-18,269.5282287597656,278.9583369145296,267.21881751428845,277.03382264900574,51039603
2024-04-19,271.0197448730469,271.5971050882821,264.3320746967066,267.6037434286924,18755469
2024-04-22,272.9442138671875,273.9546014169329,271.0678301875269,273.2810097171026,14965203
2024-04-23,274.5801086425781,276.3121599240818,270.10561836055996,272.9442595922332,11464036
2024-04-24,279.4394836425781,280.8347683220698,273.6659404707655,274.2433006610986,19324163
2024-04-25,282.23004150390625,283.3847619576783,278.33291136250745,280.9791188171207,22022414
2024-04-26,281.2196960449219,284.9724936433698,280.44990195089855,283.1442106457426,15581578
2024-04-29,282.614990234375,283.48101596026646,278.66972929891017,281.2678064765846,9804396
2024-04-30,290.4573669433594,292.86301015248813,281.989485227769,282.61497595475197,33288857
2024-05-02,301.76385498046875,305.276087784746,290.45733321066336,290.5535648010049,44059506
2024-05-03,299.11767578125,304.1695264070101,296.61580102676896,300.22426575945474,27074447
2024-05-06,295.2686462402344,299.06954479952947,291.66018151357133,298.49221393587226,16855909
2024-05-07,284.1064758300781,296.663922202596,283.3847828347435,295.41299942365447,13857464
2024-05-08,290.6016845703125,291.4196090920896,280.9791122335472,280.9791122335472,18754452
2024-05-09,284.97247314453125,292.8629941866145,284.10644750960995,291.3233767435543,11196567
2024-05-10,292.28564453125,292.9592363637171,285.0687150366512,285.0687150366512,11786977
2024-05-13,294.9799499511719,296.03843880546003,286.36776513320416,292.71866889317204,11710605
2024-05-14,297.5780334472656,301.18649787871993,296.1346476746839,296.3752119701142,9957875
2024-05-15,302.9666748046875,304.3619300769293,297.19313180456294,298.2997216731018,11397656
2024-05-16,300.7054138183594,303.6884173965901,293.77714933767913,302.62992846679685,19843532
2024-05-17,301.33087158203125,304.0733107962257,299.02145990483274,303.01482187916224,9069551
2024-05-21,313.3590393066406,315.0911198197655,299.261977739645,299.261977739645,21976662
2024-05-22,313.4552917480469,315.379806202371,308.1147758836014,315.379806202371,10287081
2024-05-23,307.82611083984375,308.59593431541407,297.3375119234632,307.3931126652382,35705284
2024-05-24,306.767578125,310.76096892615755,305.4204239422552,305.9977841250769,15058182
2024-05-27,305.94970703125,309.36570855200506,302.6299077437188,309.36570855200506,12857918
2024-05-28,300.9940490722656,307.4411842440314,300.224255036425,306.96005563019094,10935739
2024-05-29,305.7091369628906,306.6713942031065,297.4337188238819,297.4337188238819,16812268
2024-05-30,295.1242980957031,305.6609969272611,292.3337286936945,302.72612418264333,22768893
2024-05-31,298.2997131347656,299.74309884348224,294.16201918274766,296.9044285367033,36929443
2024-06-03,324.9061279296875,335.53908728917327,313.3109407649166,322.3561522995739,55218939
2024-06-04,284.7799987792969,322.30802545369045,269.1914221067079,322.30802545369045,73262478
2024-06-05,287.5224304199219,289.68750905069163,268.66221339560076,285.1167874968443,45312613
2024-06-06,289.1101989746094,299.69502859521634,286.84888859160037,291.94884020795223,36508044
2024-06-07,297.6742858886719,298.9252085662246,285.59793979274934,286.8007613541504,38016104
2024-06-10,303.8808288574219,311.1458887395704,299.83936601286433,301.1865202943835,25478964
2024-06-11,304.6025085449219,307.63364225366405,303.25535432201406,304.2657420135146,12238518
2024-06-12,312.3968200683594,314.75436215058494,304.9393261486098,307.82609798851286,20346144
2024-06-13,309.3175964355469,315.57226839224336,308.54777303680515,314.65811228303755,11756503
2024-06-14,309.3656921386719,313.69584957140603,307.29684501618414,313.69584957140603,14159988
2024-06-18,319.2769470214844,319.9505388495774,309.84683762274864,309.84683762274864,21653702
2024-06-19,314.94677734375,322.2118369969057,313.1184944931895,321.3939124841981,14235150
2024-06-20,312.30059814453125,315.90906305622633,310.1355191975142,315.1392689547031,11749507
2024-06-21,313.6477355957031,317.1599683850773,310.8090652043446,314.3694284715646,17209541
2024-06-24,320.3835754394531,321.3939338444558,310.3760761624653,310.90533528975016,18044357
2024-06-25,315.04302978515625,322.35619103705983,313.50341225331937,322.35619103705983,13979671
2024-06-26,314.3694152832031,317.73731522926727,312.685465310171,313.40715815575624,12946277
2024-06-27,319.0363464355469,319.9505024746347,312.10811257284405,316.1495749846479,27061015
2024-06-28,318.45904541015625,324.6174858746644,317.15999226265393,320.4316610063838,21676594
2024-07-01,317.15997314453125,319.22882021322863,312.97414852856855,318.5071273265371,11959181
2024-07-02,318.3146667480469,321.77879850565955,315.6684594751948,317.59297385545085,12684459
2024-07-03,322.50048828125,324.18443834769846,316.6788440835459,318.6033584452013,9369793
2024-07-04,322.3561706542969,325.91653413618565,321.29768183272773,324.2806851059643,12878827
2024-07-05,326.5901184082031,327.0712470532847,320.28734490393964,322.3561922046379,10894118
2024-07-08,326.5901184082031,328.1297359456165,324.1363740645921,328.1297359456165,7828162
2024-07-09,328.2740783691406,329.4287988977725,325.3392052936988,327.1674883258968,9214579
2024-07-10,332.9891052246094,334.6730553899008,322.8373031172995,330.0542323971199,10662609
2024-07-11,329.86175537109375,335.5871974393009,329.0919613598306,335.3466331400613,12642065
2024-07-12,330.1504821777344,332.8447908442912,327.26371030681116,329.86178737118485,11380570
2024-07-15,330.87213134765625,332.3636182038991,327.3598985761025,332.3636182038991,5277531
2024-07-16,329.52496337890625,333.90322154041,328.6108073661384,329.8136287693819,11363095
2024-07-18,328.37030029296875,331.6900996905871,324.2326056912596,329.0919932606456,13908161
2024-07-19,319.661865234375,328.947641679585,318.50714480599476,326.7344324194829,12937990
2024-07-22,325.8203125,326.5901065578937,317.0637656040944,317.54489423171816,10678640
2024-07-23,321.63446044921875,327.64856778746145,308.98078448270786,326.3014136168468,15954324
2024-07-24,324.4250183105469,326.01273686243746,317.83355043039995,318.4109106399311,12573882
2024-07-25,326.63824462890625,329.6693491802058,317.97792913047226,317.97792913047226,16271884
2024-07-26,331.2089538574219,332.5079776392179,325.72407584141,327.50425760911634,11468068
2024-07-29,329.42877197265625,332.84477342820173,325.0023827956989,326.9749983913079,31849674
2024-07-30,336.59759521484375,343.47775847238296,330.3429227012718,331.97877187420335,25813219
2024-07-31,335.0579528808594,337.415465289491,329.6693069435105,335.1060539922723,17976593
2024-08-01,347.4710998535156,348.8182541342613,336.93437118922463,337.8966284420088,26792459
2024-08-02,344.7286682128906,347.42297683224155,340.63907480073493,344.48810389452854,13771470
2024-08-05,329.86175537109375,341.4088417345966,328.6108327613513,339.4362262271352,13566586
2024-08-06,327.8891296386719,337.55980242022963,326.44574388824486,329.8617450846188,12273667
2024-08-07,338.7626037597656,339.243732314667,330.4390856331229,332.79662729844233,12441847
2024-08-08,329.7174377441406,341.6013205432334,328.37028347993913,341.6013205432334,15489731
2024-08-09,332.9410095214844,335.7796801639979,331.30516044516116,334.76929242894147,8720610
2024-08-12,328.2740783691406,330.8240543902929,326.686359666594,330.05426028171354,12521136
2024-08-13,324.23260498046875,329.5250200651635,322.5005242423842,324.28070609857025,10435954
2024-08-14,320.91278076171875,325.5797341212105,319.95052354804045,324.28068100959285,12385993
2024-08-16,328.5293273925781,329.45105462189156,320.7672642745487,323.0958772879734,13013828
2024-08-19,330.1787414550781,333.0895150662951,329.2084835846725,332.4588533725155,5891370
2024-08-20,330.3728332519531,332.45888193053156,328.7233828866086,330.3243321982348,6393840
2024-08-21,326.6372985839844,330.80942509603943,326.1521696600189,329.88766829653713,10118601
2024-08-22,324.0661315917969,327.65609758812934,320.67022901523615,326.0066473498316,18370039
2024-08-23,326.24920654296875,326.9283988912642,323.4354646613108,324.696788039665,7494822
2024-08-26,328.1897277832031,331.3430658919848,325.8611147940869,326.4432754438461,7993675
2024-08-27,325.3759765625,331.2945553811804,325.03638039234494,328.9174118000147,9589690
2024-08-28,324.50274658203125,328.8203762060763,323.8235542497494,325.3759727164512,8790600
2024-08-29,323.3869323730469,325.9096087269668,319.02077201008086,322.6107379302654,17653536
2024-08-30,327.364990234375,330.7123916359582,324.1146205390544,325.0363773336699,22713812
2024-09-02,325.57000732421875,329.7906348625985,324.2601829243074,328.33524809832403,9789776
2024-09-03,324.6968078613281,327.8986767717156,324.0661461336512,326.0066619787629,8434423
2024-09-04,322.99884033203125,324.7453222711803,321.15535629341866,321.3494197121865,9025610
2024-09-05,321.3979187011719,324.357193353924,319.7969991413237,322.46520827771076,13912371
2024-09-06,319.99102783203125,323.19289651044767,315.3338019851417,323.1443658518827,23755639
2024-09-09,318.7781982421875,319.40888951970123,313.926909091584,317.9535027745202,18597200
2024-09-10,324.211669921875,325.32746057993097,317.27433188969616,317.27433188969616,15472387
2024-09-11,323.2899169921875,327.21944931343694,322.1255957659335,326.87985315495297,10134008
2024-09-12,328.1412353515625,328.9174298316805,323.33844687730834,324.8908654474657,18410837
2024-09-13,327.2194519042969,331.10048320931446,326.1036613260881,329.69359751727796,10417461
2024-09-16,328.1897277832031,331.3430658919848,327.02540648368466,327.219469903578,7748570
2024-09-17,326.8798522949219,329.88765744656547,324.5512394584593,326.68581849766923,11451846
2024-09-18,324.357177734375,328.820369633207,323.1928861150615,328.4322724267692,6583254
2024-09-19,324.9393615722656,328.2867631381067,323.19290921351785,326.20071459573546,10589610
2024-09-20,330.7123718261719,332.74991909595883,324.79379341771175,328.0926639636004,31236123
2024-09-23,331.00347900390625,332.3133331001539,330.13025280971493,331.82820414672307,6542941
2024-09-24,339.6387634277344,340.56052026958344,332.1677954213913,334.30234501895177,26145769
2024-09-25,352.9313049316406,355.35694963907457,341.87037098772595,343.32575781218634,40770462
2024-09-26,354.58074951171875,355.2114112035917,346.5761221050723,353.2223648093213,18733959
2024-09-27,343.7138366699219,352.4946581974794,342.8406105439087,351.4273982711962,33148043
2024-09-30,342.3554992675781,346.8186914426152,339.2991928641021,343.7138543791319,16356171
2024-10-01,340.366455078125,345.41180793690205,339.541759561718,340.6575502103165,9856291
2024-10-03,333.91424560546875,339.49322845098044,332.41035772586434,332.7984549583506,19350466
2024-10-04,328.7718811035156,337.11610460425476,327.7045915377374,332.79844529221,20121706
2024-10-07,319.16632080078125,329.8876578365,315.33379057900737,329.8876578365,13851446
2024-10-08,317.41986083984375,321.15535961536006,312.76263484044733,317.56539360046474,21148292
2024-10-09,319.9425354003906,321.93155220712987,315.8189394172165,317.27432623480735,9228363
2024-10-10,324.40570068359375,328.0441674260972,320.28210504208977,320.3791367438735,20773976
2024-10-11,320.2336120605469,325.37599676088536,319.699982052834,324.5027705619363,6098468
2024-10-14,320.8642578125,321.64045218799123,318.0504865790301,320.2335665712563,5944216
2024-10-15,320.03955078125,323.53248488723676,317.7594389613754,323.53248488723676,12415489
2024-10-16,317.4683837890625,322.75627136266047,315.2853036030097,321.834544161168,22085298
2024-10-17,321.3009033203125,322.02859675812533,314.9457258073824,318.7297257620248,17039729
2024-10-18,322.1741027832031,323.92058465494875,318.4871348482724,321.6404728170671,10569021
2024-10-21,321.3009033203125,323.8235798267147,319.6514826272231,323.0958863889019,8745904
2024-10-22,313.1507263183594,325.6670468704476,311.5012761018391,322.9988377383779,11219831
2024-10-23,307.4747009277344,312.32599008598174,304.51542638517117,309.70631170647965,12541589
2024-10-24,309.65777587890625,311.25869535241515,305.8737763206347,305.8737763206347,8327779
2024-10-25,306.40740966796875,311.93789112123983,303.93326405514273,311.93789112123983,12979410
2024-10-28,308.83306884765625,310.9191469606224,301.5076337572174,305.14610077761824,9610615
2024-10-29,311.0161437988281,311.6468350929653,304.8064994443688,306.6985141069406,15856332
2024-10-30,308.9786071777344,315.7218810982953,307.32915707951247,309.07560926946195,14498110
2024-10-31,311.2586975097656,313.10221105983317,308.39645470030075,310.8706003028794,9900390
2024-11-01,312.4715270996094,313.10221838671697,310.4825103615734,312.859653925497,847672
2024-11-04,306.0678405761719,315.04272539396516,302.33234205434985,314.8971630333092,9249409
2024-11-05,307.1836242675781,308.25091376562034,302.7204324820767,303.0600286328063,7518195
2024-11-06,309.0271301269531,310.82211309991004,304.56393802417165,307.95984055303927,11019250
2024-11-07,303.6422119140625,309.5122601768976,302.42938957794615,309.5122601768976,14504208
2024-11-08,306.84405517578125,308.10537857838534,299.51862001080997,302.57492641705886,15740539
2024-11-11,319.99102783203125,322.51370416989636,303.4966443435777,304.2243377327742,22838987
2024-11-12,313.10223388671875,322.6107493932894,312.228978095161,321.6404915003772,12069181
2024-11-13,308.5419921875,314.9456998341301,307.71726710400867,313.0536852078805,12918639
2024-11-14,307.16412353515625,313.75814456397956,305.68784613595005,310.11667833356864,12500377
2024-11-18,307.1148986816406,310.55954597353184,305.1957560685514,309.0340713296706,9408101
2024-11-19,310.0674743652344,313.21687840083814,307.31176836028817,308.0991043517177,13157158
2024-11-21,320.7458801269531,321.58244336994596,308.0498998463446,311.00245479694854,25406386
2024-11-22,331.6211242675781,332.2608384652638,318.875917406639,320.64743826714414,31523269
2024-11-25,337.32940673828125,339.937490965739,330.83377977003045,336.44364625055215,29419152
2024-11-26,333.44183349609375,339.1501239608545,332.5560730893891,336.591237203199,13997179
2024-11-27,333.884765625,335.90233288745975,331.1782568395357,331.9163955992078,12177260
2024-11-28,328.3733215332031,336.3452260957905,326.94627129421593,333.8847635786304,16920231
2024-11-29,324.1905212402344,327.2415006366167,321.3363908506928,326.10969393463625,13890537
2024-12-02,322.6650390625,326.70020332944733,321.04113991609,322.9602825309597,16003524
2024-12-03,324.4365539550781,326.10968033864475,319.1219613763081,319.1219613763081,23174488
2024-12-04,319.9093017578125,326.01126038118764,316.02178927762765,323.84604150581174,17880011
2024-12-05,323.15716552734375,325.223960128798,314.49631911052194,319.86013961966,19785053
2024-12-06,323.69842529296875,327.4875433720301,321.533236415606,321.9269043901318,8802058
2024-12-09,323.8952941894531,325.42076894752944,321.5332561622943,322.56663841325656,9376929
2024-12-10,322.7142333984375,326.6017758962546,320.2045738342379,326.6017758962546,14994365
2024-12-11,322.3697509765625,323.79683109109175,321.6808395696728,322.07450752145826,5013051
2024-12-12,323.99371337890625,324.68262485659034,320.69668762838035,322.8126793672442,10414162
2024-12-13,328.5701599121094,329.0130251298961,319.90931411110813,325.4207559781195,14973536
2024-12-16,329.70196533203125,330.93219654595674,326.3557424371423,328.57015862220817,12695136
2024-12-17,324.5841979980469,330.24326169595207,322.8126770283318,327.2415094875619,17360248
2024-12-18,316.46466064453125,323.8952750846275,315.5789001909608,322.8126656258452,15037099
2024-12-19,316.5631103515625,318.72832944151946,311.83903419976644,312.9708409824943,10234715
2024-12-20,310.80560302734375,320.45063380133274,308.6404141037525,316.21862038873473,13973399
2024-12-23,310.31353759765625,313.26609277949865,306.62284362035325,312.9708492752922,5984169
2024-12-24,305.1957702636719,311.64216991006674,303.8671145251564,309.13251020893705,4833589
2024-12-26,305.392578125,308.1483140073541,303.8671034657073,305.1957591558654,3775101
2024-12-27,304.5068359375,307.36096645811006,303.9163189248013,305.8354917073362,3981693
2024-12-30,302.68609619140625,307.0657316211339,301.4558648948472,304.11317650939225,12489142
2024-12-31,303.81793212890625,304.85131440103396,300.32405723587004,302.4892763254965,8402716
2025-01-01,305.49102783203125,306.4260156261217,301.0621951893908,303.817931299111,4239498
2025-01-02,310.1658935546875,312.18349080491333,303.86711562642375,304.9497251222837,10766571
2025-01-03,311.0516662597656,312.9708390794187,308.6896281982304,311.3469397892972,7636948
2025-01-06,301.16058349609375,311.494525086646,299.97954958605465,310.8055836332998,6722495
2025-01-07,300.2256164550781,305.7862856259597,298.2080492579041,301.1606042010517,10137739
2025-01-08,301.8003234863281,302.98135749734405,298.20805425232334,301.3082309875619,6907996
2025-01-09,300.4224548339844,302.04635398826093,298.8477529130424,301.8003077517057,8244909
2025-01-10,294.9602355957031,300.4224499443515,293.7792016654838,299.24141601413214,6540783
2025-01-13,283.0516052246094,293.8284126954139,282.21504198766627,290.33456804310913,19474228
2025-01-14,285.65966796875,288.415373681949,282.2642180409337,283.1992057123439,15954608
2025-01-15,293.92681884765625,297.71593677726395,286.49623475363774,290.33454991501776,12198882
2025-01-16,292.942626953125,296.8301692885939,291.9092448310076,294.27128256366115,11694289
2025-01-17,297.8143615722656,300.17639936354817,291.02349165922584,292.9426342243566,7593230
2025-01-20,301.4066467285156,303.916306385258,297.1746633761817,297.8143775989845,9435937
2025-01-21,297.5683288574219,305.04814056529756,296.731765633887,302.1447829174239,13911546
2025-01-22,292.84423828125,297.51911708784496,291.1219145103992,297.22387359824774,9723333
2025-01-23,289.6948547363281,294.86182587894416,288.95671600166867,292.7950314149094,12228286
2025-01-24,291.1711120605469,297.71593571472556,289.69483469336643,290.62979233828344,11142914
2025-01-27,282.4610900878906,290.3345699509677,279.2624888935155,290.3345699509677,13477947
2025-01-28,279.4593200683594,284.23259290275536,274.93206342904114,282.608693791625,11298068
2025-01-29,283.29766845703125,284.57709698911964,278.81960852483456,280.83720586844305,4800024
2025-01-30,290.6790466308594,292.40137038603723,283.29765910866865,283.29765910866865,10969499
2025-01-31,296.87939453125,298.65094552409937,291.2203308710648,292.3029403608713,14141459
2025-02-01,285.2660217285156,300.5208888793994,284.0849877415672,296.8793924487601,6945157
2025-02-03,279.3116760253906,287.38200460710067,273.6034153451164,285.4136347125315,14978897
2025-02-04,281.1324157714844,281.8705544598578,267.7967221488481,276.55596191055747,19836427
2025-02-05,280.6895751953125,286.1517899543242,280.0498309146659,281.0832431899808,15337191
2025-02-06,276.7035827636719,286.3486129487919,275.32572989006616,282.9531629790671,21418561
2025-02-07,276.9525146484375,280.6863703116454,268.8376077509713,271.9242678431289,17193482
2025-02-10,267.543212890625,274.81177299284184,266.9457899155755,273.8160781631576,16709670
2025-02-11,260.3244323730469,267.6427652589899,258.88066267671775,267.5432200823015,22083955
2025-02-12,255.943359375,260.97163680229806,252.9065021143263,258.38282401050265,17861265
2025-02-13,258.0343322753906,260.2248732524657,254.9974749258159,256.14251800584253,12257226
2025-02-14,256.2420959472656,260.37422382363246,253.65328305571845,259.27895332495507,11339563
2025-02-17,262.06689453125,262.86343825025756,251.11423607772502,255.7939987958336,8332653
2025-02-18,265.8007507324219,266.74664260240564,259.0798105361262,262.7140906391063,10483635
2025-02-19,261.9175109863281,267.34405992513365,261.17073986921883,261.3698909882591,14602009
2025-02-20,264.6059265136719,265.3029251161644,260.17507193967884,261.61884173647144,15312926
2025-02-21,260.7724914550781,264.6059229446865,258.2832541743191,264.15784807967094,10757038
2025-02-24,258.0343322753906,260.6729177344601,256.14251800584253,256.889289195364,14599185
2025-02-25,254.6489715576172,258.8309023065906,253.80262481244435,257.6858288586642,21287363
2025-02-27,255.1468048095703,256.34165078169326,252.3588561964462,252.90649140148628,13614799
2025-02-28,249.7700653076172,255.8935827076226,246.2353454650596,254.7983122685998,38512868
2025-03-03,251.41294860839844,252.70735494678397,247.430169224503,251.91079603138536,9873539
2025-03-04,252.906494140625,256.04292686867313,248.37607949436824,248.92371470533956,11947033
2025-03-05,263.26171875,266.04968263041764,254.6489641625054,255.8438101664267,14536637
2025-03-06,265.5020446777344,266.14924029931626,259.5776781279337,264.00850229583875,11926868
2025-03-07,262.16644287109375,267.4934164165699,260.4737798512217,264.8548311310374,10043068
2025-03-10,270.13201904296875,273.0693312049393,259.9261461355827,259.9261461355827,30233763
2025-03-11,266.14923095703125,270.67966092147407,264.7054916035951,268.8376193045554,9255499
2025-03-12,265.9501037597656,271.2272743747272,262.465171742211,269.53461134077526,11875548
2025-03-13,266.49774169921875,269.4848264865506,264.35700367887046,268.63847971956704,9270442
2025-03-17,266.19903564453125,269.4848166360113,263.80937397925516,268.837621032986,11987667
2025-03-18,266.19903564453125,266.19903564453125,266.19903564453125,266.19903564453125,0
2025-03-19,276.0066223144531,277.10186233152865,268.63845617582956,270.82899698237094,13089950
2025-03-20,279.14306640625,282.329271798762,275.85725506204517,282.279499209112,13710249
2025-03-21,281.8812255859375,283.922387928078,278.8443379812013,279.7902602682593,26003527
2025-03-24,290.59356689453125,292.684532292368,283.2254306039518,283.7730506524864,19966817
2025-03-25,289.7472229003906,293.97892632763,286.4116388275624,289.7472229003906,16983852
2025-03-26,289.5978698730469,295.47246374903165,288.30344826180465,290.44421662151353,20367015
2025-03-27,294.22784423828125,295.97031032091064,287.7558273599434,287.7558273599434,37203166
2025-03-28,289.1000061035156,292.9832099456927,287.05881342697705,292.6347106705573,10834900
2025-04-01,288.05450439453125,295.67159421195566,285.7644184222802,288.35323107756074,11603556
2025-04-02,285.5155029296875,288.5025875287775,283.27518948037,285.61507849356303,11679536
2025-04-03,297.8123474121094,298.6586941450981,283.8726189644725,288.1043222432194,23478876
2025-04-04,292.63470458984375,299.604568402942,290.842466049525,298.7084491327826,21020875
2025-04-07,288.1540832519531,292.6347100728977,281.0846437461126,282.3790652816582,22847548
2025-04-08,287.7060546875,292.7343017986095,283.42454836825107,290.6931393997307,20831596
2025-04-09,292.1368713378906,298.2106161752945,288.0545162579178,288.70174223803986,21342531
2025-04-11,302.79083251953125,303.6869518740512,291.9875365149689,291.9875365149689,19831004
2025-04-15,303.2388610839844,309.1134851371767,302.3925447518225,305.8774768034877,16563441
2025-04-16,304.4337158203125,305.6783344459066,301.4964037094317,303.13932460417345,7032401
2025-04-17,307.6697082519531,308.4662519764445,300.6998443109704,304.1350036935043,8528993
2025-04-21,318.62237548828125,320.61376533508303,307.12211127748014,308.66542625427246,13369014
2025-04-22,311.20440673828125,318.373421663605,310.7563622968202,318.373421663605,10027268
2025-04-23,313.5941162109375,314.7391592515421,308.11779434298853,312.79754207115434,8225575
2025-04-24,313.04644775390625,314.49021740855954,311.50313292543797,313.54429516775986,8021180
2025-04-25,305.18048095703125,314.0421593186748,302.09382074939464,311.652497682058,11475773
2025-04-28,307.2216491699219,309.6113412383302,302.2431746710659,302.89040066487473,7314824
2025-04-29,301.6457824707031,309.46196313610557,299.90331639361654,307.2216496084228,14678005
2025-04-30,306.12640380859375,308.6654136047348,300.60027897846857,303.139319160806,17619987
2025-05-02,301.7453308105469,307.669727689137,300.9985596268354,304.18479549848337,5688285
2025-05-05,306.8731689453125,309.362406102928,303.33843394978106,303.48778210199885,4342960
2025-05-06,306.2757568359375,309.11349337371746,304.234564062427,306.2757568359375,9124804
2025-05-07,309.76068115234375,311.80184348807416,305.6783260946869,306.6740209679595,14679327
2025-05-08,306.9229431152344,316.0335450818051,302.6912399254866,312.0507656091013,19253478
2025-05-09,298.011474609375,301.74533052439153,295.1239654456683,298.70847320132367,11981497
2025-05-12,307.719482421875,309.76067510394506,302.7410081527219,302.7410081527219,7145884
2025-05-13,297.1651611328125,307.42080665793424,296.7170862641762,303.6869507066233,17988336
2025-05-14,294.6759033203125,299.2560753261487,292.7840587943767,297.9119115861985,10359258
2025-05-15,298.3599548339844,299.10672596925355,289.7969730723251,294.62609915763835,22640626
2025-05-16,298.9076232910156,300.89901310538295,294.22784507277356,298.7084721551,16763668
2025-05-19,302.74102783203125,303.1891026998598,297.7127806478098,300.69986540347344,12575289
2025-05-20,296.61749267578125,303.98562856152415,295.82094894236957,303.0895092648871,21339095
2025-05-21,294.8750305175781,300.9487753192083,294.3771830811526,296.4681483913789,11997632
2025-05-22,289.64764404296875,295.07419347195827,285.31636509524833,294.62611860673996,26158839
2025-05-23,296.816650390625,297.46384598666214,290.4939818129161,290.742905533407,9872024
2025-05-26,295.42266845703125,302.4920774468558,294.4767462132799,298.75822183130276,16469130
2025-05-27,293.28192138671875,296.3188090711636,290.94206267472293,295.7213860524042,17074710
2025-05-28,289.89654541015625,294.3771721719398,289.2493498440265,293.2819017751537,10099453
2025-05-29,291.8381652832031,292.63470900509753,290.09569930363836,290.09569930363836,9773818
2025-05-30,288.5025939941406,293.3814928714183,287.0090516611252,290.7429074936637,21788566
2025-06-02,291.7883605957031,292.3857835767132,287.15838566871645,289.05019978675244,7255782
2025-06-03,287.009033203125,294.1282451220781,286.5111857908039,291.2407362078545,10989055
2025-06-04,287.3077392578125,288.55235783090336,285.8141969701035,287.00904295474896,8580196
2025-06-05,292.98321533203125,293.9789102014689,288.8510877011042,289.74720700635885,13110486
2025-06-06,294.5265197753906,295.7213657308011,291.6888138071318,292.28620639864215,7935393
2025-06-09,299.206298828125,299.85349439560576,294.8750202054539,296.7170617330491,8666186
2025-06-10,299.7539367675781,300.5007079407771,296.96600320878076,299.25608931877883,7273892
2025-06-11,294.1780700683594,300.10243648577847,292.7343003103094,299.8037401705528,10941604
2025-06-12,287.7558288574219,294.52654208782354,287.25798140265124,293.8793464738611,14071159
2025-06-13,284.2708740234375,285.21679626660983,280.58679099720223,281.33356211985574,16028417
2025-06-16,287.4073181152344,289.2493597017619,285.067429093764,286.71034993803204,11067299
2025-06-17,287.3077392578125,289.1995837978671,285.9635755078309,287.40731482089893,7286868
2025-06-18,286.0631408691406,287.0588357978688,284.2709021519089,286.26229200936535,11904855
2025-06-19,285.216796875,286.4116124420774,284.0717235088663,285.56526575735916,13573824
2025-06-20,291.8381652832031,293.23213198961594,283.822803545488,284.3206509682208,33014151
2025-06-23,289.00042724609375,292.1866628878672,286.8596894178061,290.14547023460153,6833477
2025-06-24,284.7189636230469,293.43129383934337,284.12154061669014,292.18667523701527,15007849
2025-06-25,289.1995849609375,289.84678054430844,285.26657809967486,285.26657809967486,10838516
2025-06-26,292.2364501953125,292.9832213627622,288.5025943580641,289.548061838015,10232220
2025-06-27,297.9617004394531,299.4054702067547,292.8836503446992,293.7299970915244,15523628
2025-06-30,298.60888671875,299.7041571576951,294.9746065048743,299.10673415588906,8415241
2025-07-01,296.2690124511719,300.20201955504535,295.7213923975074,299.7041720930967,12349270
2025-07-02,293.58062744140625,297.46383121093766,292.1368577797957,296.26898525745344,10826029
2025-07-03,292.43560791015625,297.6630061999666,291.8381848855099,297.1153557664586,10373094
2025-07-04,292.7342834472656,293.8793264379326,290.3943944921318,292.4355871492465,14193884
2025-07-07,294.6260986328125,295.3728697667514,292.23643708144687,293.4312830502273,6220756
2025-07-08,296.4681396484375,297.1153352194654,291.78836172956767,292.88363213464305,6254288
2025-07-09,298.3599548339844,298.70845410768237,295.12394658115113,296.9659881253876,5650646
2025-07-10,297.9617004394531,301.3968600175447,296.7170818077094,298.7084716184994,9307817
2025-07-11,297.2646789550781,299.6045678797713,295.67159153810763,297.96167748964876,7073217
2025-07-14,296.9162292480469,299.1565427573042,296.16945807829444,298.2106204544724,5484223
2025-07-15,296.766845703125,298.708462866234,295.5720300833778,296.81664867865373,6173407
2025-07-16,295.7711486816406,297.6629932416953,294.42698491744886,297.6629932416953,8144630
2025-07-17,295.3231201171875,296.9162380705697,294.5265459473976,296.26901206192866,8318287
2025-07-18,292.8836364746094,300.2019997599263,292.2364408939913,295.2235254687169,8702106
2025-07-21,295.72137451171875,295.9702982276377,290.9918239092586,292.7342899206913,5298012
2025-07-22,296.5179138183594,297.5634116413173,293.2819055597572,295.82094565591615,7775653
2025-07-23,297.9617004394531,298.3599723243717,295.8209624700933,297.56342855453454,5310964
2025-07-24,298.061279296875,300.05266912964356,295.2235427079403,298.55912675506715,6294709
2025-07-25,290.84246826171875,296.46813801927027,289.64762230162154,295.8707150392217,8202572
2025-07-28,290.6433410644531,293.97892512362023,289.49829798371746,290.74291663369047,7037396
2025-07-29,291.8381652832031,292.63470900509753,288.55235406144953,289.24935260775356,6586034
2025-07-30,287.7060546875,295.2235390588018,285.3661655856799,291.7386068945326,10515572
2025-07-31,289.7472229003906,293.03300399529746,283.72328076432893,283.72328076432893,14283621
2025-08-01,289.9961242675781,291.53943912636953,285.0674226191103,290.3943961292473,6697683
2025-08-04,286.7103576660156,290.29483498526287,284.47004414838773,289.94636608036706,10397121
2025-08-05,284.76873779296875,287.40732316730765,283.87261847155884,285.86400824633483,15561914
2025-08-06,283.5738830566406,287.15839061828996,282.8271119140552,286.3618468873437,12985269
2025-08-07,284.3206481933594,285.06741932017036,282.1799103737402,283.275180770302,8893659
2025-08-08,283.6236877441406,285.01765447481324,282.379069165648,283.5738847692835,6172968
2025-08-11,283.6236877441406,285.16700262699317,282.0803424750923,283.6236877441406,8755499
2025-08-12,283.4245300292969,286.31203898704456,282.77733446076303,283.17560631938426,13184438
2025-08-13,286.95928955078125,288.1541052291097,284.8185211529888,285.7644434862551,9928283
2025-08-14,287.4571228027344,288.9008621409508,285.9137775135009,287.80559170031324,8464495
2025-08-18,289.1000061035156,290.0458979803741,287.2579645516817,288.25365940281404,9836105
2025-08-19,288.0,290.1000061035156,286.54998779296875,290.0,7196772
2025-08-20,288.3999938964844,289.0,286.95001220703125,288.20001220703125,3106073
2025-08-21,284.0,289.54998779296875,283.6000061035156,288.3999938964844,7389271
2025-08-22,283.3500061035156,284.54998779296875,281.79998779296875,284.0,6824793
2025-08-25,284.1499938964844,284.6000061035156,282.20001220703125,283.3500061035156,7426789
2025-08-26,279.8999938964844,283.79998779296875,278.8999938964844,283.0,22905910
2025-08-27,279.8999938964844,279.8999938964844,279.8999938964844,279.8999938964844,0
2025-08-28,274.45001220703125,282.0,273.6000061035156,282.0,12455072
2025-08-29,275.25,276.1000061035156,272.25,273.6000061035156,12841075
2025-09-01,279.8500061035156,280.6000061035156,276.0,276.0,10820878
2025-09-02,286.70001220703125,287.8999938964844,279.8500061035156,280.20001220703125,16983677
2025-09-03,286.04998779296875,289.20001220703125,285.6000061035156,289.0,30178885
2025-09-04,281.79998779296875,287.95001220703125,280.8999938964844,286.8500061035156,5946090
2025-09-05,285.3500061035156,286.6499938964844,282.3500061035156,282.3500061035156,9695914
2025-09-08,282.79998779296875,287.70001220703125,282.1000061035156,286.3999938964844,5186605
2025-09-09,283.8500061035156,284.3500061035156,281.70001220703125,283.04998779296875,7093190
2025-09-10,282.95001220703125,286.45001220703125,282.5,284.70001220703125,7767863
2025-09-11,286.79998779296875,288.70001220703125,282.54998779296875,282.54998779296875,7406625
2025-09-12,287.6499938964844,288.6000061035156,285.1000061035156,287.25,7618852
2025-09-15,286.25,288.79998779296875,285.75,288.29998779296875,5420800
2025-09-16,288.3500061035156,289.70001220703125,286.3500061035156,286.54998779296875,8626429
2025-09-17,287.1499938964844,289.20001220703125,285.95001220703125,289.0,19010126
2025-09-18,289.1000061035156,289.8500061035156,286.1000061035156,287.0,16842964
2025-09-19,286.20001220703125,290.20001220703125,284.8999938964844,290.0,14993879
2025-09-22,286.6499938964844,289.0,285.8999938964844,287.0,9456499
